date,close_usd,high_usd,low_usd,open_usd,volume,usdinr,open_inr,high_inr,low_inr,close_inr,daily_return,price_range_inr,commodity,ticker,unit,sector
2010-01-04,81.51000213623047,81.68000030517578,79.62999725341797,79.62999725341797,263542,46.28799819946289,3685.91,3780.8,3685.91,3772.93,,94.89000000000033,Crude oil,CL=F,₹/barrel,Energy
2010-01-05,81.7699966430664,82.0,80.94999694824219,81.62999725341797,258887,46.119998931884766,3764.78,3781.84,3733.41,3771.23,-0.00045057819784621866,48.43000000000029,Crude oil,CL=F,₹/barrel,Energy
2010-01-06,83.18000030517578,83.5199966430664,80.8499984741211,81.43000030517578,370059,45.720001220703125,3722.98,3818.53,3696.46,3802.99,0.008421655534136097,122.07000000000016,Crude oil,CL=F,₹/barrel,Energy
2010-01-07,82.66000366210938,83.36000061035156,82.26000213623047,83.19999694824219,246632,45.6879997253418,3801.24,3808.55,3758.29,3776.57,-0.006947165256810939,50.26000000000022,Crude oil,CL=F,₹/barrel,Energy
2010-01-08,82.75,83.47000122070312,81.80000305175781,82.6500015258789,310377,45.51800155639648,3762.06,3799.39,3723.37,3766.61,-0.002637313752955728,76.01999999999998,Crude oil,CL=F,₹/barrel,Energy
2010-01-11,82.5199966430664,83.94999694824219,81.95999908447266,82.87999725341797,296304,45.358001708984375,3759.27,3807.8,3717.54,3742.94,-0.006284165337000713,90.26000000000022,Crude oil,CL=F,₹/barrel,Energy
2010-01-12,80.79000091552734,82.33999633789062,79.91000366210938,82.06999969482422,333866,45.61800003051758,3743.87,3756.19,3645.33,3685.48,-0.015351568553062522,110.86000000000013,Crude oil,CL=F,₹/barrel,Energy
2010-01-13,79.6500015258789,80.66999816894531,78.37000274658203,80.05999755859375,401627,45.48799896240234,3641.77,3669.52,3564.89,3623.12,-0.0169204554087935,104.63000000000011,Crude oil,CL=F,₹/barrel,Energy
2010-01-14,79.38999938964844,80.36000061035156,78.91999816894531,79.62999725341797,275404,45.5629997253418,3628.18,3661.44,3595.83,3617.25,-0.0016201505884431144,65.61000000000013,Crude oil,CL=F,₹/barrel,Energy
2010-01-15,78.0,79.30999755859375,77.69999694824219,79.19999694824219,200555,45.803001403808594,3627.6,3632.64,3558.89,3572.63,-0.012335337618356479,73.75,Crude oil,CL=F,₹/barrel,Energy
2010-01-19,79.0199966430664,79.1500015258789,76.76000213623047,77.8499984741211,186882,45.84799957275391,3569.27,3628.87,3519.29,3622.91,0.014073665618885789,109.57999999999993,Crude oil,CL=F,₹/barrel,Energy
2010-01-20,77.62000274658203,79.02999877929688,76.95999908447266,78.87999725341797,303758,46.11800003051758,3637.79,3644.71,3549.24,3579.68,-0.011932396885376728,95.47000000000025,Crude oil,CL=F,₹/barrel,Energy
2010-01-21,76.08000183105469,78.36000061035156,75.66000366210938,77.55999755859375,327417,46.108001708984375,3576.14,3613.02,3488.53,3507.9,-0.02005207169355916,124.48999999999978,Crude oil,CL=F,₹/barrel,Energy
2010-01-22,74.54000091552734,76.5,74.01000213623047,75.83999633789062,348819,46.22299957275391,3505.55,3536.06,3420.96,3445.46,-0.017799823256079206,115.09999999999991,Crude oil,CL=F,₹/barrel,Energy
2010-01-25,75.26000213623047,75.41999816894531,74.05999755859375,74.23999786376953,280559,46.07799911499024,3420.83,3475.2,3412.54,3467.83,0.006492601858677727,62.659999999999854,Crude oil,CL=F,₹/barrel,Energy
2010-01-26,74.70999908447266,75.38999938964844,73.81999969482422,75.27999877929688,256207,45.84799957275391,3451.44,3456.48,3384.5,3425.3,-0.0122641536638185,71.98000000000002,Crude oil,CL=F,₹/barrel,Energy
2010-01-27,73.66999816894531,75.08999633789062,72.6500015258789,74.69000244140625,356179,46.31800079345703,3459.49,3478.02,3365.0,3412.25,-0.003809885265524282,113.01999999999998,Crude oil,CL=F,₹/barrel,Energy
2010-01-28,73.63999938964844,74.48999786376953,72.93000030517578,73.75,292911,46.34799957275391,3418.16,3452.46,3380.16,3413.07,0.0002403106454684778,72.30000000000018,Crude oil,CL=F,₹/barrel,Energy
2010-01-29,72.88999938964844,74.81999969482422,72.43000030517578,73.88999938964844,335270,46.09799957275391,3406.18,3449.05,3338.88,3360.08,-0.015525611839194653,110.17000000000007,Crude oil,CL=F,₹/barrel,Energy
2010-02-01,74.43000030517578,74.98999786376953,72.48999786376953,72.83999633789062,277411,46.28799819946289,3371.62,3471.14,3355.42,3445.22,0.0253386824123234,115.7199999999998,Crude oil,CL=F,₹/barrel,Energy
2010-02-02,77.2300033569336,77.41000366210938,74.4000015258789,74.94000244140625,366269,46.09999847412109,3454.73,3568.6,3429.84,3560.3,0.033402801562745,138.75999999999976,Crude oil,CL=F,₹/barrel,Energy
2010-02-03,76.9800033569336,78.04000091552734,76.5199966430664,76.98999786376953,391294,45.900001525878906,3533.84,3582.04,3512.27,3533.38,-0.007561160576355919,69.76999999999998,Crude oil,CL=F,₹/barrel,Energy
2010-02-04,73.13999938964844,77.16999816894531,72.41999816894531,77.08999633789062,523892,46.209999084472656,3562.33,3566.03,3346.53,3379.8,-0.04346546366368742,219.5,Crude oil,CL=F,₹/barrel,Energy
2010-02-05,71.19000244140625,73.94000244140625,69.5,73.04000091552734,596142,46.619998931884766,3405.12,3447.08,3240.09,3318.88,-0.01802473519143144,206.98999999999978,Crude oil,CL=F,₹/barrel,Energy
2010-02-08,71.88999938964844,72.38999938964844,70.7699966430664,72.18000030517578,345638,46.709999084472656,3371.53,3381.34,3305.67,3357.98,0.011781082774912077,75.67000000000007,Crude oil,CL=F,₹/barrel,Energy
2010-02-09,73.75,74.1500015258789,71.31999969482422,71.68000030517578,429845,46.38999938964844,3325.24,3439.82,3308.53,3421.26,0.018844662564994508,131.28999999999996,Crude oil,CL=F,₹/barrel,Energy
2010-02-10,74.5199966430664,74.97000122070312,72.5999984741211,73.79000091552734,422057,46.37799835205078,3422.23,3476.96,3367.04,3456.09,0.010180459830588795,109.92000000000007,Crude oil,CL=F,₹/barrel,Energy
2010-02-11,75.27999877929688,75.69000244140625,73.37999725341797,74.6500015258789,464441,46.400001525878906,3463.76,3512.02,3404.83,3492.99,0.010676805291528702,107.19000000000005,Crude oil,CL=F,₹/barrel,Energy
2010-02-12,74.12999725341797,75.3499984741211,72.66000366210938,75.30000305175781,335805,46.400001525878906,3493.92,3496.24,3371.42,3439.63,-0.0152763105534226,124.81999999999971,Crude oil,CL=F,₹/barrel,Energy
2010-02-16,77.01000213623047,77.41999816894531,73.70999908447266,74.0199966430664,365032,45.97999954223633,3403.44,3559.77,3389.19,3540.92,0.02944793480694141,170.57999999999993,Crude oil,CL=F,₹/barrel,Energy
2010-02-17,77.33000183105469,77.81999969482422,76.52999877929688,77.31999969482422,283816,46.007999420166016,3557.34,3580.34,3520.99,3557.8,0.004767122668684953,59.350000000000364,Crude oil,CL=F,₹/barrel,Energy
2010-02-18,79.05999755859375,79.29000091552734,76.31999969482422,77.29000091552734,274169,46.13999938964844,3566.16,3658.44,3521.4,3647.83,0.025304963741638042,137.03999999999996,Crude oil,CL=F,₹/barrel,Energy
2010-02-19,79.80999755859375,80.0999984741211,77.76000213623047,78.37000274658203,183234,46.18000030517578,3619.13,3699.02,3590.96,3685.63,0.010362324998697936,108.05999999999995,Crude oil,CL=F,₹/barrel,Energy
2010-02-22,80.16000366210938,80.51000213623047,79.44999694824219,80.0999984741211,238956,46.09999847412109,3692.61,3711.51,3662.64,3695.38,0.0026454093330041673,48.870000000000346,Crude oil,CL=F,₹/barrel,Energy
2010-02-23,78.86000061035156,80.38999938964844,78.22000122070312,80.02999877929688,316878,46.26800155639648,3702.83,3719.48,3619.08,3648.69,-0.01263469521402405,100.40000000000009,Crude oil,CL=F,₹/barrel,Energy
2010-02-24,80.0,80.44999694824219,78.25,79.12999725341797,289321,46.28799819946289,3662.77,3723.87,3622.04,3703.04,0.014895757107345364,101.82999999999993,Crude oil,CL=F,₹/barrel,Energy
2010-02-25,78.16999816894531,80.31999969482422,77.05000305175781,80.30999755859375,346025,46.29999923706055,3718.35,3718.82,3567.42,3619.27,-0.022621953854130683,151.4000000000001,Crude oil,CL=F,₹/barrel,Energy
2010-02-26,79.66000366210938,80.05000305175781,77.81999969482422,78.33000183105469,319038,45.900001525878906,3595.35,3674.3,3571.94,3656.39,0.010256211888032718,102.36000000000013,Crude oil,CL=F,₹/barrel,Energy
2010-03-01,78.69999694824219,80.62000274658203,78.05999755859375,79.83999633789062,298718,46.0,3672.64,3708.52,3590.76,3620.2,-0.009897740667707766,117.75999999999976,Crude oil,CL=F,₹/barrel,Energy
2010-03-02,79.68000030517578,80.94999694824219,78.26000213623047,78.87999725341797,301698,46.02799987792969,3630.69,3725.97,3602.15,3667.51,0.013068338765814147,123.81999999999971,Crude oil,CL=F,₹/barrel,Energy
2010-03-03,80.87000274658203,81.2300033569336,79.44000244140625,79.63999938964844,306910,45.54999923706055,3627.6,3700.03,3618.49,3683.63,0.004395352705241384,81.54000000000042,Crude oil,CL=F,₹/barrel,Energy
2010-03-04,80.20999908447266,81.08999633789062,79.69999694824219,81.01000213623047,278889,45.66999816894531,3699.73,3703.38,3639.9,3663.19,-0.005548874344057375,63.48000000000002,Crude oil,CL=F,₹/barrel,Energy
2010-03-05,81.5,82.06999969482422,80.47000122070312,80.58000183105469,299634,45.45000076293945,3662.36,3730.08,3657.36,3704.18,0.011189700779921319,72.7199999999998,Crude oil,CL=F,₹/barrel,Energy
2010-03-08,81.87000274658203,82.41000366210938,80.75,81.79000091552734,295351,45.400001525878906,3713.27,3741.41,3666.05,3716.9,0.0034339583929507977,75.35999999999967,Crude oil,CL=F,₹/barrel,Energy
2010-03-09,81.48999786376953,81.91000366210938,80.16000366210938,81.75,332133,45.54999923706055,3723.71,3731.0,3651.29,3711.87,-0.0013532782695256929,79.71000000000004,Crude oil,CL=F,₹/barrel,Energy
2010-03-10,82.08999633789062,83.02999877929688,80.80999755859375,81.37999725341797,430148,45.310001373291016,3687.33,3762.09,3661.5,3719.5,0.0020555676788249766,100.59000000000015,Crude oil,CL=F,₹/barrel,Energy
2010-03-11,82.11000061035156,82.37999725341797,81.33000183105469,81.9800033569336,279161,45.45000076293945,3725.99,3744.17,3696.45,3731.9,0.003333781422234283,47.720000000000255,Crude oil,CL=F,₹/barrel,Energy
2010-03-12,81.23999786376953,83.16000366210938,80.56999969482422,82.19999694824219,337201,45.49800109863281,3739.94,3783.61,3665.77,3696.26,-0.009550095125807179,117.84000000000015,Crude oil,CL=F,₹/barrel,Energy
2010-03-15,79.80000305175781,81.30999755859375,79.12999725341797,81.12999725341797,283135,45.55799865722656,3696.12,3704.32,3605.0,3635.53,-0.01643012125770371,99.32000000000016,Crude oil,CL=F,₹/barrel,Energy
2010-03-16,81.69999694824219,82.04000091552734,79.31999969482422,79.83999633789062,290180,45.38999938964844,3623.94,3723.8,3600.33,3708.36,0.02003284252914983,123.47000000000025,Crude oil,CL=F,₹/barrel,Energy
2010-03-17,82.93000030517578,83.08999633789062,81.72000122070312,82.05000305175781,275205,45.27999877929688,3715.22,3762.31,3700.28,3755.07,0.012595864479176822,62.029999999999745,Crude oil,CL=F,₹/barrel,Energy
2010-03-18,82.19999694824219,82.8499984741211,81.68000030517578,82.8499984741211,208343,45.38999938964844,3760.56,3760.56,3707.46,3731.06,-0.006394021948991635,53.09999999999991,Crude oil,CL=F,₹/barrel,Energy
2010-03-19,80.68000030517578,82.16999816894531,79.86000061035156,82.16999816894531,150682,45.25,3718.19,3718.19,3613.67,3650.77,-0.021519353749336667,104.51999999999998,Crude oil,CL=F,₹/barrel,Energy
2010-03-22,81.25,81.48999786376953,78.56999969482422,80.93000030517578,351220,45.470001220703125,3679.89,3705.35,3572.58,3694.44,0.011961860100745847,132.76999999999998,Crude oil,CL=F,₹/barrel,Energy
2010-03-23,81.91000366210938,82.19999694824219,80.8499984741211,81.80999755859375,261873,45.400001525878906,3714.17,3731.88,3670.59,3718.71,0.006569331211225604,61.289999999999964,Crude oil,CL=F,₹/barrel,Energy
2010-03-24,80.61000061035156,81.63999938964844,79.87999725341797,81.58000183105469,307763,45.400001525878906,3703.73,3706.46,3626.55,3659.69,-0.015871095084047937,79.90999999999985,Crude oil,CL=F,₹/barrel,Energy
2010-03-25,80.52999877929688,81.4800033569336,80.19999694824219,80.25,296271,45.48799896240234,3650.41,3706.36,3648.14,3663.15,0.0009454352691073975,58.220000000000255,Crude oil,CL=F,₹/barrel,Energy
2010-03-26,80.0,81.45999908447266,79.54000091552734,80.12999725341797,324607,45.11000061035156,3614.66,3674.66,3588.05,3608.8,-0.014836957263557271,86.60999999999967,Crude oil,CL=F,₹/barrel,Energy
2010-03-29,82.16999816894531,82.77999877929688,80.18000030517578,80.23999786376953,311042,44.79999923706055,3594.75,3708.54,3592.06,3681.22,0.020067612502771004,116.48000000000002,Crude oil,CL=F,₹/barrel,Energy
2010-03-30,82.37000274658203,82.73999786376953,81.7699966430664,82.5,244435,44.93999862670898,3707.55,3718.34,3674.74,3701.71,0.0055660895029365776,43.600000000000364,Crude oil,CL=F,₹/barrel,Energy
2010-03-31,83.76000213623047,83.8499984741211,82.22000122070312,82.5,371961,44.79999923706055,3696.0,3756.48,3683.46,3752.45,0.01370717857422643,73.01999999999998,Crude oil,CL=F,₹/barrel,Energy
2010-04-01,84.87000274658203,85.22000122070312,83.20999908447266,83.36000061035156,295387,44.59999847412109,3717.86,3800.81,3711.17,3785.2,0.008727631280896375,89.63999999999987,Crude oil,CL=F,₹/barrel,Energy
2010-04-05,86.62000274658203,86.9000015258789,85.05999755859375,85.30999755859375,244106,44.36000061035156,3784.35,3854.88,3773.26,3842.46,0.01512733805347155,81.61999999999989,Crude oil,CL=F,₹/barrel,Energy
2010-04-06,86.83999633789062,87.08999633789062,86.12999725341797,86.73999786376953,290480,44.34000015258789,3846.05,3861.57,3819.0,3850.49,0.0020898070506913946,42.570000000000164,Crude oil,CL=F,₹/barrel,Energy
2010-04-07,85.87999725341797,87.0,85.5199966430664,86.76000213623047,379528,44.400001525878906,3852.14,3862.8,3797.09,3813.07,-0.009718243652106495,65.71000000000004,Crude oil,CL=F,₹/barrel,Energy
2010-04-08,85.38999938964844,85.87999725341797,84.37999725341797,85.63999938964844,389596,44.34000015258789,3797.28,3807.92,3741.41,3786.19,-0.007049437854537155,66.51000000000022,Crude oil,CL=F,₹/barrel,Energy
2010-04-09,84.91999816894531,86.37000274658203,84.12000274658203,85.55999755859375,442943,44.119998931884766,3774.91,3810.64,3711.37,3746.67,-0.010437933648337783,99.26999999999998,Crude oil,CL=F,₹/barrel,Energy
2010-04-12,84.33999633789062,85.70999908447266,84.08000183105469,85.16999816894531,421904,44.34000015258789,3776.44,3800.38,3728.11,3739.64,-0.0018763328502376941,72.26999999999998,Crude oil,CL=F,₹/barrel,Energy
2010-04-13,84.05000305175781,84.41999816894531,82.51000213623047,84.36000061035156,552298,44.57799911499024,3760.6,3763.27,3678.13,3746.78,0.001909274689542384,85.13999999999987,Crude oil,CL=F,₹/barrel,Energy
2010-04-14,85.83999633789062,86.38999938964844,83.70999908447266,83.81999969482422,425166,44.209999084472656,3705.68,3819.3,3700.82,3794.99,0.012867048505650125,118.48000000000002,Crude oil,CL=F,₹/barrel,Energy
2010-04-15,85.51000213623047,86.2699966430664,85.2699966430664,85.91000366210938,274095,44.290000915527344,3804.95,3820.9,3776.61,3787.24,-0.0020421661190147544,44.289999999999964,Crude oil,CL=F,₹/barrel,Energy
2010-04-16,83.23999786376953,85.44000244140625,82.5199966430664,85.3499984741211,268760,44.31800079345703,3782.54,3786.53,3657.12,3689.03,-0.02593181314096793,129.4100000000003,Crude oil,CL=F,₹/barrel,Energy
2010-04-19,81.44999694824219,83.0,80.52999877929688,82.91999816894531,122831,44.72800064086914,3708.85,3712.42,3601.95,3643.1,-0.012450427348110527,110.47000000000025,Crude oil,CL=F,₹/barrel,Energy
2010-04-20,83.44999694824219,83.6500015258789,81.51000213623047,81.69000244140625,344024,44.38999938964844,3626.22,3713.22,3618.23,3704.35,0.016812604649885987,94.98999999999978,Crude oil,CL=F,₹/barrel,Energy
2010-04-21,83.68000030517578,84.63999938964844,82.91999816894531,84.02999877929688,428236,44.400001525878906,3730.93,3758.02,3681.65,3715.39,0.0029802799411502434,76.36999999999989,Crude oil,CL=F,₹/barrel,Energy
2010-04-22,83.69999694824219,84.06999969482422,81.7300033569336,83.47000122070312,433947,44.43999862670898,3709.41,3736.07,3632.08,3719.63,0.0011411991742455996,103.99000000000024,Crude oil,CL=F,₹/barrel,Energy
2010-04-23,85.12000274658203,85.19000244140625,82.91999816894531,83.75,322550,44.290000915527344,3709.29,3773.07,3672.53,3769.96,0.01353091570935816,100.53999999999996,Crude oil,CL=F,₹/barrel,Energy
2010-04-26,84.19999694824219,85.62999725341797,83.7300033569336,85.22000122070312,337123,44.25,3770.99,3789.13,3705.05,3725.85,-0.011700389394051935,84.07999999999993,Crude oil,CL=F,₹/barrel,Energy
2010-04-27,82.44000244140625,84.33000183105469,81.79000091552734,83.88999938964844,462842,44.45000076293945,3728.91,3748.47,3635.57,3664.46,-0.016476777111263163,112.89999999999964,Crude oil,CL=F,₹/barrel,Energy
2010-04-28,83.22000122070312,83.38999938964844,81.29000091552734,81.83999633789062,400695,44.5,3641.88,3710.85,3617.41,3703.29,0.010596377092395581,93.44000000000005,Crude oil,CL=F,₹/barrel,Energy
2010-04-29,85.16999816894531,85.45999908447266,83.01000213623047,83.33000183105469,393689,44.45000076293945,3704.02,3798.7,3689.79,3785.81,0.022282888998701234,108.90999999999985,Crude oil,CL=F,₹/barrel,Energy
2010-04-30,86.1500015258789,86.5,85.16000366210938,85.58000183105469,392139,44.25,3786.92,3827.62,3768.33,3812.14,0.00695491849828711,59.289999999999964,Crude oil,CL=F,₹/barrel,Energy
2010-05-03,86.19000244140625,87.1500015258789,85.83000183105469,86.19999694824219,324726,44.400001525878906,3827.28,3869.46,3810.85,3826.84,0.003856101822073743,58.61000000000013,Crude oil,CL=F,₹/barrel,Energy
2010-05-04,82.73999786376953,86.23999786376953,82.55000305175781,86.08999633789062,497427,44.54999923706055,3835.31,3841.99,3677.6,3686.07,-0.0367849191500037,164.38999999999987,Crude oil,CL=F,₹/barrel,Energy
2010-05-05,79.97000122070312,82.83000183105469,79.1500015258789,82.12999725341797,512285,44.84999847412109,3683.53,3714.93,3549.88,3586.65,-0.02697181551082861,165.04999999999973,Crude oil,CL=F,₹/barrel,Energy
2010-05-06,77.11000061035156,80.38999938964844,74.58000183105469,79.62999725341797,605011,45.459999084472656,3619.98,3654.53,3390.41,3505.42,-0.022647874757782294,264.12000000000035,Crude oil,CL=F,₹/barrel,Energy
2010-05-07,75.11000061035156,78.19000244140625,74.51000213623047,76.94999694824219,601534,45.417999267578125,3494.91,3551.23,3384.1,3411.35,-0.026835586035339642,167.1300000000001,Crude oil,CL=F,₹/barrel,Energy
2010-05-10,76.80000305175781,78.51000213623047,75.80000305175781,76.11000061035156,447158,44.76300048828125,3406.91,3514.34,3393.04,3437.8,0.00775352866167367,121.30000000000018,Crude oil,CL=F,₹/barrel,Energy
2010-05-11,76.37000274658203,77.68000030517578,75.36000061035156,77.26000213623047,441537,44.9900016784668,3475.93,3494.82,3390.45,3435.89,-0.0005555878759673227,104.37000000000035,Crude oil,CL=F,₹/barrel,Energy
2010-05-12,75.6500015258789,77.0,74.75,75.88999938964844,475847,44.95000076293945,3411.26,3461.15,3360.01,3400.47,-0.010308828280299998,101.13999999999987,Crude oil,CL=F,₹/barrel,Energy
2010-05-13,74.4000015258789,76.44999694824219,73.62000274658203,75.47000122070312,532331,44.93999862670898,3391.62,3435.66,3308.48,3343.54,-0.016741803338950145,127.17999999999984,Crude oil,CL=F,₹/barrel,Energy
2010-05-14,71.61000061035156,74.12999725341797,70.83000183105469,73.98999786376953,373981,45.25,3348.05,3354.38,3205.06,3240.35,-0.03086249902797633,149.32000000000016,Crude oil,CL=F,₹/barrel,Energy
2010-05-17,70.08000183105469,72.25,69.2699966430664,71.79000091552734,355833,45.52799987792969,3268.46,3289.4,3153.72,3190.6,-0.015353279738299919,135.6800000000003,Crude oil,CL=F,₹/barrel,Energy
2010-05-18,69.41000366210938,72.5199966430664,68.91000366210938,70.5,206381,45.560001373291016,3211.98,3304.01,3139.54,3162.32,-0.008863536638876623,164.47000000000025,Crude oil,CL=F,₹/barrel,Energy
2010-05-19,69.87000274658203,71.30000305175781,67.9000015258789,69.11000061035156,129166,46.27299880981445,3197.93,3299.26,3141.94,3233.09,0.022379139366035083,157.32000000000016,Crude oil,CL=F,₹/barrel,Energy
2010-05-20,68.01000213623047,71.29000091552734,64.23999786376953,71.19999694824219,553741,46.7400016784668,3327.89,3332.09,3002.58,3178.79,-0.01679507839249761,329.5100000000002,Crude oil,CL=F,₹/barrel,Energy
2010-05-21,70.04000091552734,71.2300033569336,69.0,69.5199966430664,449428,46.917999267578125,3261.74,3341.97,3237.34,3286.14,0.03377071149714195,104.62999999999965,Crude oil,CL=F,₹/barrel,Energy
2010-05-24,70.20999908447266,70.95999908447266,69.56999969482422,70.62000274658203,279820,46.810001373291016,3305.72,3321.64,3256.57,3286.53,0.00011868027533834535,65.06999999999971,Crude oil,CL=F,₹/barrel,Energy
2010-05-25,68.75,70.04000091552734,67.1500015258789,69.9000015258789,395399,47.47999954223633,3318.85,3325.5,3188.28,3264.25,-0.006779186558467543,137.2199999999998,Crude oil,CL=F,₹/barrel,Energy
2010-05-26,71.51000213623047,71.69999694824219,69.20999908447266,70.05999755859375,405519,47.09999847412109,3299.83,3377.07,3259.79,3368.12,0.03182047943631772,117.2800000000002,Crude oil,CL=F,₹/barrel,Energy
2010-05-27,74.55000305175781,74.75,70.66999816894531,70.73999786376953,401812,46.720001220703125,3304.97,3492.32,3301.7,3482.98,0.03410211037611499,190.62000000000035,Crude oil,CL=F,₹/barrel,Energy
2010-05-28,73.97000122070312,75.72000122070312,73.12999725341797,74.9000015258789,420674,46.29999923706055,3467.87,3505.84,3385.92,3424.81,-0.016701215625699817,119.92000000000007,Crude oil,CL=F,₹/barrel,Energy
2010-06-01,72.58000183105469,75.33000183105469,71.63999938964844,73.97000122070312,438588,47.08300018310547,3482.73,3546.76,3373.03,3417.28,-0.002198662115562522,173.73000000000002,Crude oil,CL=F,₹/barrel,Energy
2010-06-02,72.86000061035156,73.93000030517578,71.68000030517578,71.94000244140625,391034,46.79999923706055,3366.79,3459.92,3354.62,3409.85,-0.0021742438430565336,105.30000000000018,Crude oil,CL=F,₹/barrel,Energy
2010-06-03,74.61000061035156,74.94999694824219,72.31999969482422,73.69999694824219,439431,46.5,3427.05,3485.17,3362.88,3469.37,0.017455313283575524,122.28999999999996,Crude oil,CL=F,₹/barrel,Energy
2010-06-04,71.51000213623047,75.41999816894531,70.79000091552734,74.61000061035156,448494,46.86000061035156,3496.22,3534.18,3317.22,3350.96,-0.03413011584235748,216.96000000000004,Crude oil,CL=F,₹/barrel,Energy
2010-06-07,71.44000244140625,72.48999786376953,69.51000213623047,70.3499984741211,417308,46.790000915527344,3291.68,3391.81,3252.37,3342.68,-0.00247093370258078,139.44000000000005,Crude oil,CL=F,₹/barrel,Energy
2010-06-08,71.98999786376953,72.4000015258789,70.75,71.16000366210938,421966,46.83000183105469,3332.42,3390.49,3313.22,3371.29,0.00855900056242298,77.26999999999998,Crude oil,CL=F,₹/barrel,Energy
2010-06-09,74.37999725341797,74.95999908447266,72.02999877929688,72.51000213623047,436981,46.810001373291016,3394.19,3508.88,3371.72,3481.73,0.03275897356798141,137.1600000000003,Crude oil,CL=F,₹/barrel,Energy
2010-06-10,75.4800033569336,76.30000305175781,73.72000122070312,73.87000274658203,430042,46.75,3453.42,3567.03,3446.41,3528.69,0.013487547856956272,120.62000000000035,Crude oil,CL=F,₹/barrel,Energy
2010-06-11,73.77999877929688,75.63999938964844,73.26000213623047,75.5199966430664,421739,46.75,3530.56,3536.17,3424.91,3449.21,-0.02252393947895681,111.26000000000022,Crude oil,CL=F,₹/barrel,Energy
2010-06-14,75.12000274658203,75.98999786376953,74.04000091552734,74.05999755859375,321671,46.400001525878906,3436.38,3525.94,3435.46,3485.57,0.01054154429565024,90.48000000000002,Crude oil,CL=F,₹/barrel,Energy
2010-06-15,76.94000244140625,77.16000366210938,74.62000274658203,74.7699966430664,308294,46.400001525878906,3469.33,3580.22,3462.37,3570.02,0.024228461915841493,117.84999999999991,Crude oil,CL=F,₹/barrel,Energy
2010-06-16,77.66999816894531,78.12999725341797,76.05999755859375,77.05999755859375,323357,46.40999984741211,3576.35,3626.01,3529.94,3604.66,0.009703026873798981,96.07000000000016,Crude oil,CL=F,₹/barrel,Energy
2010-06-17,76.79000091552734,77.79000091552734,76.16999816894531,77.44999694824219,303284,46.09000015258789,3569.67,3585.34,3510.68,3539.25,-0.018145955513141243,74.66000000000031,Crude oil,CL=F,₹/barrel,Energy
2010-06-18,77.18000030517578,77.44999694824219,75.55999755859375,76.55000305175781,157434,46.0099983215332,3522.07,3563.47,3476.52,3551.05,0.0033340396976762054,86.94999999999982,Crude oil,CL=F,₹/barrel,Energy
2010-06-21,77.81999969482422,78.91999816894531,76.87999725341797,77.5,124289,45.65999984741211,3538.65,3603.49,3510.34,3553.26,0.0006223511355796241,93.14999999999964,Crude oil,CL=F,₹/barrel,Energy
2010-06-22,77.20999908447266,78.0999984741211,76.52999877929688,77.3499984741211,285495,46.02000045776367,3559.65,3594.16,3521.91,3553.2,-1.6885901960583816e-05,72.25,Crude oil,CL=F,₹/barrel,Energy
2010-06-23,76.3499984741211,77.83000183105469,75.16999816894531,77.5199966430664,365038,46.150001525878906,3577.55,3591.85,3469.1,3523.55,-0.008344590791399153,122.75,Crude oil,CL=F,₹/barrel,Energy
2010-06-24,76.51000213623047,76.56999969482422,75.31999969482422,76.0,260401,46.2599983215332,3515.76,3542.13,3484.3,3539.35,0.00448411403272253,57.82999999999993,Crude oil,CL=F,₹/barrel,Energy
2010-06-25,78.86000061035156,79.19000244140625,75.9000015258789,76.55999755859375,316456,46.150001525878906,3533.24,3654.62,3502.79,3639.39,0.02826507692090363,151.82999999999993,Crude oil,CL=F,₹/barrel,Energy
2010-06-28,78.25,79.37999725341797,77.72000122070312,79.0,223305,46.09999847412109,3641.9,3659.42,3582.89,3607.32,-0.008811916282673637,76.5300000000002,Crude oil,CL=F,₹/barrel,Energy
2010-06-29,75.94000244140625,78.31999969482422,75.20999908447266,78.1500015258789,323267,46.40999984741211,3626.94,3634.83,3490.5,3524.38,-0.022992138207866275,144.32999999999993,Crude oil,CL=F,₹/barrel,Energy
2010-06-30,75.62999725341797,76.83000183105469,74.38999938964844,75.45999908447266,357752,46.400001525878906,3501.34,3564.91,3451.7,3509.23,-0.004298628411238292,113.21000000000004,Crude oil,CL=F,₹/barrel,Energy
2010-07-01,72.94999694824219,75.4000015258789,72.05000305175781,75.37000274658203,405081,46.40999984741211,3497.92,3499.31,3343.84,3385.61,-0.03522710110195115,155.4699999999998,Crude oil,CL=F,₹/barrel,Energy
2010-07-02,72.13999938964844,73.37999725341797,71.62000274658203,72.66999816894531,256171,46.560001373291016,3383.52,3416.57,3334.63,3358.84,-0.007906994603631201,81.94000000000005,Crude oil,CL=F,₹/barrel,Energy
2010-07-06,71.9800033569336,73.86000061035156,71.08999633789062,72.05999755859375,325727,46.59999847412109,3358.0,3441.88,3312.79,3354.27,-0.0013605887746960255,129.09000000000015,Crude oil,CL=F,₹/barrel,Energy
2010-07-07,74.06999969482422,74.55999755859375,71.44000244140625,72.06999969482422,288660,46.95000076293945,3383.69,3500.59,3354.11,3477.59,0.03676507854167976,146.48000000000002,Crude oil,CL=F,₹/barrel,Energy
2010-07-08,75.44000244140625,76.0,74.37999725341797,74.8499984741211,325813,46.650001525878906,3491.75,3545.4,3469.83,3519.28,0.011988187221610325,75.57000000000016,Crude oil,CL=F,₹/barrel,Energy
2010-07-09,76.08999633789062,76.4800033569336,75.0,75.8499984741211,269887,46.52000045776367,3528.54,3557.85,3489.0,3539.71,0.00580516469277792,68.84999999999991,Crude oil,CL=F,₹/barrel,Energy
2010-07-12,74.94999694824219,76.43000030517578,74.5199966430664,76.30000305175781,309169,46.65999984741211,3560.16,3566.22,3477.1,3497.17,-0.012017933672532455,89.11999999999989,Crude oil,CL=F,₹/barrel,Energy
2010-07-13,77.1500015258789,77.37000274658203,74.25,75.05999755859375,361792,46.40999984741211,3483.53,3590.74,3445.94,3580.53,0.02383641630232458,144.79999999999973,Crude oil,CL=F,₹/barrel,Energy
2010-07-14,77.04000091552734,78.1500015258789,76.37999725341797,77.12999725341797,364471,46.59999847412109,3594.26,3641.79,3559.31,3590.06,0.0026616171348934348,82.48000000000002,Crude oil,CL=F,₹/barrel,Energy
2010-07-15,76.62000274658203,77.66000366210938,75.33000183105469,76.76000213623047,366023,46.45000076293945,3565.5,3607.31,3499.08,3559.0,-0.00865166598886924,108.23000000000002,Crude oil,CL=F,₹/barrel,Energy
2010-07-16,76.01000213623047,77.1500015258789,75.25,76.81999969482422,225250,46.70000076293945,3587.49,3602.91,3514.18,3549.67,-0.0026215228996908646,88.73000000000002,Crude oil,CL=F,₹/barrel,Energy
2010-07-19,76.54000091552734,77.69000244140625,75.5,75.72000122070312,169548,46.09000015258789,3489.93,3580.73,3479.8,3527.73,-0.00618085624860909,100.92999999999984,Crude oil,CL=F,₹/barrel,Energy
2010-07-20,77.44000244140625,77.56999969482422,75.6500015258789,76.4000015258789,285817,47.25,3609.9,3665.18,3574.46,3659.04,0.03722223639564248,90.7199999999998,Crude oil,CL=F,₹/barrel,Energy
2010-07-21,76.55999755859375,78.56999969482422,76.19999694824219,77.8499984741211,322410,47.06999969482422,3664.4,3698.29,3586.73,3603.68,-0.015129651493287932,111.55999999999995,Crude oil,CL=F,₹/barrel,Energy
2010-07-22,79.30000305175781,79.41999816894531,76.16000366210938,76.43000030517578,358815,47.040000915527344,3595.27,3735.92,3582.57,3730.27,0.03512798028681807,153.3499999999999,Crude oil,CL=F,₹/barrel,Energy
2010-07-23,78.9800033569336,79.5999984741211,78.4000015258789,79.2699966430664,259741,46.88999938964844,3716.97,3732.44,3676.18,3703.37,-0.007211274250925603,56.26000000000022,Crude oil,CL=F,₹/barrel,Energy
2010-07-26,78.9800033569336,79.33000183105469,78.05999755859375,78.9800033569336,227656,47.042999267578125,3715.46,3731.92,3672.18,3715.46,0.0032645941399320755,59.74000000000024,Crude oil,CL=F,₹/barrel,Energy
2010-07-27,77.5,79.69000244140625,76.79000091552734,78.91999816894531,377844,46.64799880981445,3681.46,3717.38,3582.1,3615.22,-0.026979162741625595,135.2800000000002,Crude oil,CL=F,₹/barrel,Energy
2010-07-28,76.98999786376953,77.73999786376953,75.9000015258789,77.08000183105469,314173,46.68999862670898,3598.87,3629.68,3543.77,3594.66,-0.0056870674537096155,85.90999999999985,Crude oil,CL=F,₹/barrel,Energy
2010-07-29,78.36000061035156,78.88999938964844,76.44999694824219,76.88999938964844,350581,46.459999084472656,3572.31,3665.23,3551.87,3640.61,0.012782850116561884,113.36000000000013,Crude oil,CL=F,₹/barrel,Energy
2010-07-30,78.94999694824219,79.05000305175781,76.83000183105469,78.25,294425,46.36000061035156,3627.67,3664.76,3561.84,3660.12,0.005358992037048704,102.92000000000007,Crude oil,CL=F,₹/barrel,Energy
2010-08-02,81.33999633789062,81.7699966430664,78.83000183105469,78.94999694824219,306098,46.0880012512207,3638.65,3768.62,3633.12,3748.8,0.024228713812662006,135.5,Crude oil,CL=F,₹/barrel,Energy
2010-08-03,82.55000305175781,82.63999938964844,81.11000061035156,81.41000366210938,290979,46.12799835205078,3755.28,3812.02,3741.44,3807.87,0.015757042253521147,70.57999999999993,Crude oil,CL=F,₹/barrel,Energy
2010-08-04,82.47000122070312,82.97000122070312,81.62000274658203,82.41999816894531,293321,46.12799835205078,3801.87,3827.24,3764.97,3804.18,-0.0009690456869588804,62.26999999999998,Crude oil,CL=F,₹/barrel,Energy
2010-08-05,82.01000213623047,82.4800033569336,81.55999755859375,82.44000244140625,234811,46.0,3792.24,3794.08,3751.76,3772.46,-0.008338196405007103,42.31999999999971,Crude oil,CL=F,₹/barrel,Energy
2010-08-06,80.69999694824219,82.66999816894531,80.04000091552734,82.12000274658203,397532,46.055999755859375,3782.12,3807.45,3686.32,3716.72,-0.014775504577914766,121.12999999999965,Crude oil,CL=F,₹/barrel,Energy
2010-08-09,81.4800033569336,81.76000213623047,80.70999908447266,80.91000366210938,267083,45.95800018310547,3718.46,3757.53,3709.27,3744.66,0.007517380916506999,48.26000000000022,Crude oil,CL=F,₹/barrel,Energy
2010-08-10,80.25,81.62000274658203,79.19999694824219,81.44000244140625,385854,46.07799911499024,3752.59,3760.89,3649.38,3697.76,-0.01252450155688356,111.50999999999976,Crude oil,CL=F,₹/barrel,Energy
2010-08-11,78.0199966430664,80.44000244140625,77.41999816894531,80.22000122070312,416889,46.310001373291016,3714.99,3725.18,3585.32,3613.11,-0.0228922374626801,139.85999999999967,Crude oil,CL=F,₹/barrel,Energy
2010-08-12,75.73999786376953,77.97000122070312,75.5199966430664,77.30999755859375,430788,46.59000015258789,3601.87,3632.62,3518.48,3528.73,-0.023353841981008094,114.13999999999987,Crude oil,CL=F,₹/barrel,Energy
2010-08-13,75.38999938964844,76.73999786376953,75.01000213623047,75.75,286126,46.709999084472656,3538.28,3584.53,3503.72,3521.47,-0.0020573974206018475,80.8100000000004,Crude oil,CL=F,₹/barrel,Energy
2010-08-16,75.23999786376953,75.94999694824219,74.86000061035156,75.5999984741211,237455,46.62799835205078,3525.08,3541.4,3490.57,3508.29,-0.003742755156227351,50.82999999999993,Crude oil,CL=F,₹/barrel,Energy
2010-08-17,75.7699966430664,76.62999725341797,75.01000213623047,75.05999755859375,347432,46.68299865722656,3504.03,3577.32,3501.69,3537.17,0.008231930655675512,75.63000000000011,Crude oil,CL=F,₹/barrel,Energy
2010-08-18,75.41999816894531,75.73999786376953,73.83000183105469,75.44999694824219,247104,46.608001708984375,3516.57,3530.09,3441.07,3515.18,-0.006216834361933432,89.01999999999998,Crude oil,CL=F,₹/barrel,Energy
2010-08-19,74.43000030517578,76.0999984741211,73.95999908447266,75.2699966430664,123224,46.53799819946289,3502.91,3541.54,3441.95,3463.82,-0.014610916083955816,99.59000000000015,Crude oil,CL=F,₹/barrel,Energy
2010-08-20,73.45999908447266,74.5999984741211,73.19000244140625,74.44999694824219,246977,46.358001708984375,3451.35,3458.31,3392.94,3405.46,-0.016848450554590055,65.36999999999989,Crude oil,CL=F,₹/barrel,Energy
2010-08-23,73.0999984741211,74.4800033569336,72.75,73.9000015258789,252439,46.608001708984375,3444.33,3471.36,3390.73,3407.04,0.00046396081586630444,80.63000000000011,Crude oil,CL=F,₹/barrel,Energy
2010-08-24,71.62999725341797,73.05000305175781,71.31999969482422,72.94999694824219,340994,46.5629997253418,3396.77,3401.43,3320.87,3335.31,-0.02105346576500422,80.55999999999995,Crude oil,CL=F,₹/barrel,Energy
2010-08-25,72.5199966430664,72.87000274658203,70.76000213623047,71.47000122070312,343405,46.858001708984375,3348.94,3414.54,3315.67,3398.14,0.0188378291673037,98.86999999999989,Crude oil,CL=F,₹/barrel,Energy
2010-08-26,73.36000061035156,73.9800033569336,72.54000091552734,72.81999969482422,362828,46.87300109863281,3413.29,3467.66,3400.17,3438.6,0.011906513563302301,67.48999999999978,Crude oil,CL=F,₹/barrel,Energy
2010-08-27,75.16999816894531,75.44999694824219,72.04000091552734,73.18000030517578,477903,46.78799819946289,3423.95,3530.15,3370.61,3517.05,0.02281451753620667,159.53999999999996,Crude oil,CL=F,₹/barrel,Energy
2010-08-30,74.69999694824219,75.58000183105469,74.16999816894531,75.5,260666,46.803001403808594,3533.63,3537.37,3471.38,3496.18,-0.005933950327689508,65.98999999999978,Crude oil,CL=F,₹/barrel,Energy
2010-08-31,71.91999816894531,74.7300033569336,71.52999877929688,74.06999969482422,469412,46.87300109863281,3471.88,3502.82,3352.83,3371.11,-0.03577332974846825,149.99000000000024,Crude oil,CL=F,₹/barrel,Energy
2010-09-01,73.91000366210938,74.4800033569336,71.66999816894531,71.69999694824219,396607,47.02799987792969,3371.91,3502.65,3370.5,3475.84,0.031066918611377226,132.1500000000001,Crude oil,CL=F,₹/barrel,Energy
2010-09-02,75.0199966430664,75.13999938964844,73.11000061035156,73.91000366210938,340168,46.650001525878906,3447.9,3505.28,3410.58,3499.68,0.006858773706499566,94.70000000000027,Crude oil,CL=F,₹/barrel,Energy
2010-09-03,74.5999984741211,75.44000244140625,73.19999694824219,74.93000030517578,379300,46.59999847412109,3491.74,3515.5,3411.12,3476.36,-0.00666346637406845,104.38000000000011,Crude oil,CL=F,₹/barrel,Energy
2010-09-07,74.08999633789062,74.62999725341797,72.62999725341797,74.30000305175781,406641,46.51300048828125,3455.92,3471.27,3378.24,3446.15,-0.008690124152849532,93.0300000000002,Crude oil,CL=F,₹/barrel,Energy
2010-09-08,74.66999816894531,75.38999938964844,73.37000274658203,73.91000366210938,359759,46.65999984741211,3448.64,3517.7,3423.44,3484.1,0.011012289076215431,94.25999999999976,Crude oil,CL=F,₹/barrel,Energy
2010-09-09,74.25,75.95999908447266,73.87999725341797,74.91999816894531,372881,46.51800155639648,3485.13,3533.51,3436.75,3453.96,-0.00865072759105645,96.76000000000022,Crude oil,CL=F,₹/barrel,Energy
2010-09-10,76.44999694824219,76.7300033569336,74.37000274658203,74.4000015258789,431370,46.303001403808594,3444.94,3552.83,3443.55,3539.86,0.024870004284936797,109.27999999999975,Crude oil,CL=F,₹/barrel,Energy
2010-09-13,77.19000244140625,78.04000091552734,76.36000061035156,76.36000061035156,349157,46.28300094604492,3534.17,3611.93,3534.17,3572.58,0.009243303407479253,77.75999999999976,Crude oil,CL=F,₹/barrel,Energy
2010-09-14,76.80000305175781,77.98999786376953,76.20999908447266,77.16999816894531,416114,46.22999954223633,3567.57,3605.48,3523.19,3550.46,-0.006191603826926184,82.28999999999996,Crude oil,CL=F,₹/barrel,Energy
2010-09-15,76.0199966430664,76.6500015258789,74.66000366210938,76.63999938964844,356325,46.13999938964844,3536.17,3536.63,3444.81,3507.56,-0.012082941365344269,91.82000000000016,Crude oil,CL=F,₹/barrel,Energy
2010-09-16,74.56999969482422,75.98999786376953,74.11000061035156,75.76000213623047,289281,46.20000076293945,3500.11,3510.74,3423.88,3445.13,-0.01779869767017528,86.85999999999967,Crude oil,CL=F,₹/barrel,Energy
2010-09-17,73.66000366210938,75.25,72.75,74.47000122070312,195831,46.09999847412109,3433.07,3469.02,3353.77,3395.73,-0.014339081544092691,115.25,Crude oil,CL=F,₹/barrel,Energy
2010-09-20,74.86000061035156,75.44999694824219,73.31999969482422,73.58999633789062,132427,45.87799835205078,3376.16,3461.49,3363.77,3434.43,0.011396665812652973,97.7199999999998,Crude oil,CL=F,₹/barrel,Energy
2010-09-21,73.5199966430664,74.5999984741211,72.80999755859375,74.56999969482422,311954,45.619998931884766,3401.88,3403.25,3321.59,3353.98,-0.023424556622205106,81.65999999999985,Crude oil,CL=F,₹/barrel,Energy
2010-09-22,74.70999908447266,76.0,73.83999633789062,74.79000091552734,343846,45.58000183105469,3408.93,3464.08,3365.63,3405.28,0.015295261152421968,98.44999999999982,Crude oil,CL=F,₹/barrel,Energy
2010-09-23,75.18000030517578,75.61000061035156,73.58000183105469,74.83999633789062,295903,45.55799865722656,3409.56,3444.64,3352.16,3425.05,0.005805689987313789,92.48000000000002,Crude oil,CL=F,₹/barrel,Energy
2010-09-24,76.48999786376953,76.68000030517578,74.66000366210938,74.94999694824219,288499,45.45000076293945,3406.48,3485.11,3393.3,3476.47,0.015012919519422852,91.80999999999995,Crude oil,CL=F,₹/barrel,Energy
2010-09-27,76.5199966430664,77.16999816894531,75.5199966430664,76.47000122070312,289641,45.2400016784668,3459.5,3491.17,3416.52,3461.76,-0.0042313035924370634,74.65000000000009,Crude oil,CL=F,₹/barrel,Energy
2010-09-28,76.18000030517578,77.12000274658203,75.52999877929688,76.2300033569336,329350,44.93000030517578,3425.01,3465.0,3393.56,3422.77,-0.011263056942133587,71.44000000000005,Crude oil,CL=F,₹/barrel,Energy
2010-09-29,77.86000061035156,78.12999725341797,75.5999984741211,76.19999694824219,388993,45.04999923706055,3432.81,3519.76,3405.78,3507.59,0.02478109835016662,113.98000000000002,Crude oil,CL=F,₹/barrel,Energy
2010-09-30,79.97000122070312,80.18000030517578,77.55000305175781,77.91000366210938,418628,44.68999862670898,3481.8,3583.24,3465.71,3573.86,0.018893314212892642,117.52999999999975,Crude oil,CL=F,₹/barrel,Energy
2010-10-01,81.58000183105469,81.69000244140625,79.69999694824219,79.83999633789062,359944,44.5629997253418,3557.91,3640.35,3551.67,3635.45,0.017233467455356255,88.67999999999984,Crude oil,CL=F,₹/barrel,Energy
2010-10-04,81.47000122070312,82.37999725341797,80.7699966430664,81.68000030517578,313306,44.41299819946289,3627.65,3658.74,3587.24,3618.33,-0.0047091831822745345,71.5,Crude oil,CL=F,₹/barrel,Energy
2010-10-05,82.81999969482422,82.98999786376953,81.1500015258789,81.37000274658203,336832,44.45000076293945,3616.9,3688.91,3607.12,3681.35,0.017416874635536317,81.78999999999996,Crude oil,CL=F,₹/barrel,Energy
2010-10-06,83.2300033569336,84.08999633789062,82.29000091552734,82.5999984741211,349174,44.400001525878906,3667.44,3733.6,3653.68,3695.41,0.0038192510899532905,79.92000000000007,Crude oil,CL=F,₹/barrel,Energy
2010-10-07,81.66999816894531,84.43000030517578,81.0,83.2699966430664,450952,44.18999862670898,3679.7,3730.96,3579.39,3609.0,-0.02338306169004245,151.57000000000016,Crude oil,CL=F,₹/barrel,Energy
2010-10-08,82.66000366210938,83.12999725341797,80.30000305175781,81.43000030517578,414081,44.20000076293945,3599.21,3674.35,3549.26,3653.57,0.012349681352175068,125.08999999999969,Crude oil,CL=F,₹/barrel,Energy
2010-10-11,82.20999908447266,83.5,81.8499984741211,82.94999694824219,234320,44.40800094604492,3683.64,3708.07,3634.79,3650.78,-0.0007636366622235657,73.2800000000002,Crude oil,CL=F,₹/barrel,Energy
2010-10-12,81.66999816894531,82.33000183105469,80.87999725341797,81.94000244140625,333582,44.36000061035156,3634.86,3652.16,3587.84,3622.88,-0.007642202488235439,64.31999999999971,Crude oil,CL=F,₹/barrel,Energy
2010-10-13,83.01000213623047,83.44999694824219,81.68000030517578,81.72000122070312,330288,44.5,3636.54,3713.52,3634.76,3693.95,0.019616989798171502,78.75999999999976,Crude oil,CL=F,₹/barrel,Energy
2010-10-14,82.69000244140625,84.12000274658203,82.20999908447266,83.2300033569336,340955,44.34000015258789,3690.42,3729.88,3645.19,3666.47,-0.007439191109787635,84.69000000000005,Crude oil,CL=F,₹/barrel,Energy
2010-10-15,81.25,83.33000183105469,80.75,82.7699966430664,345844,44.06800079345703,3647.51,3672.19,3558.49,3580.53,-0.023439439024456665,113.70000000000027,Crude oil,CL=F,₹/barrel,Energy
2010-10-18,83.08000183105469,83.27999877929688,80.3499984741211,81.37999725341797,225081,44.15800094604492,3593.58,3677.48,3548.1,3668.65,0.024610881629256065,129.3800000000001,Crude oil,CL=F,₹/barrel,Energy
2010-10-19,79.48999786376953,83.20999908447266,79.38999938964844,82.94999694824219,151357,44.16999816894531,3663.9,3675.39,3506.66,3511.07,-0.042953129897918885,168.73000000000002,Crude oil,CL=F,₹/barrel,Energy
2010-10-20,81.7699966430664,82.02999877929688,79.3499984741211,79.4800033569336,422745,44.33000183105469,3523.35,3636.39,3517.59,3624.86,0.0324089237753733,118.79999999999973,Crude oil,CL=F,₹/barrel,Energy
2010-10-21,80.55999755859375,82.69999694824219,80.08999633789062,82.55000305175781,378285,44.20000076293945,3648.71,3655.34,3539.98,3560.75,-0.017686200294632082,115.36000000000013,Crude oil,CL=F,₹/barrel,Energy
2010-10-22,81.69000244140625,82.06999969482422,80.41000366210938,80.7300033569336,256382,44.20000076293945,3568.27,3627.49,3554.12,3610.7,0.014027943551218058,73.36999999999989,Crude oil,CL=F,₹/barrel,Energy
2010-10-25,82.5199966430664,83.27999877929688,81.44999694824219,82.01000213623047,339395,44.52799987792969,3651.74,3708.29,3626.81,3674.45,0.017655856205168075,81.48000000000002,Crude oil,CL=F,₹/barrel,Energy
2010-10-26,82.55000305175781,82.87999725341797,81.80999755859375,82.47000122070312,265930,44.25,3649.3,3667.44,3620.09,3652.84,-0.005881152281293711,47.34999999999991,Crude oil,CL=F,₹/barrel,Energy
2010-10-27,81.94000244140625,82.69000244140625,80.5199966430664,82.4800033569336,375249,44.400001525878906,3662.11,3671.44,3575.09,3638.14,-0.004024266050525194,96.34999999999991,Crude oil,CL=F,₹/barrel,Energy
2010-10-28,82.18000030517578,82.63999938964844,81.5,81.98999786376953,296748,44.41999816894531,3642.0,3670.87,3620.23,3650.44,0.0033808484555295504,50.63999999999987,Crude oil,CL=F,₹/barrel,Energy
2010-10-29,81.43000030517578,82.12000274658203,80.55999755859375,81.91999816894531,313874,44.41999816894531,3638.89,3647.77,3578.47,3617.12,-0.009127666801810208,69.30000000000018,Crude oil,CL=F,₹/barrel,Energy
2010-11-01,82.94999694824219,83.86000061035156,81.31999969482422,81.44999694824219,358535,44.448001861572266,3620.29,3727.41,3614.51,3686.96,0.01930817888264702,112.89999999999964,Crude oil,CL=F,₹/barrel,Energy
2010-11-02,83.9000015258789,84.47000122070312,82.83000183105469,82.87999725341797,281834,44.34000015258789,3674.9,3745.4,3672.68,3720.13,0.008996571701347378,72.72000000000025,Crude oil,CL=F,₹/barrel,Energy
2010-11-03,84.69000244140625,85.36000061035156,83.56999969482422,84.37000274658203,393735,44.20000076293945,3729.15,3772.91,3693.79,3743.3,0.00622827696881556,79.11999999999989,Crude oil,CL=F,₹/barrel,Energy
2010-11-04,86.48999786376953,86.83000183105469,84.91999816894531,85.08999633789062,317997,44.25,3765.23,3842.23,3757.71,3827.18,0.02240803569043348,84.51999999999998,Crude oil,CL=F,₹/barrel,Energy
2010-11-05,86.8499984741211,87.43000030517578,85.95999908447266,86.5999984741211,317997,44.01300048828125,3811.53,3848.06,3783.36,3822.53,-0.001214993807450826,64.69999999999982,Crude oil,CL=F,₹/barrel,Energy
2010-11-08,87.05999755859375,87.48999786376953,85.95999908447266,87.38999938964844,309966,43.900001525878906,3836.42,3840.81,3773.64,3821.93,-0.00015696410492538337,67.17000000000007,Crude oil,CL=F,₹/barrel,Energy
2010-11-09,86.72000122070312,87.62999725341797,85.4800033569336,86.75,367995,44.29999923706055,3843.02,3882.01,3786.76,3841.7,0.005172779197944566,95.25,Crude oil,CL=F,₹/barrel,Energy
2010-11-10,87.80999755859375,88.20999908447266,86.0999984741211,86.44999694824219,472840,44.18999862670898,3820.23,3898.0,3804.76,3880.32,0.010052841190098194,93.23999999999978,Crude oil,CL=F,₹/barrel,Energy
2010-11-11,87.80999755859375,88.62999725341797,87.54000091552734,87.8499984741211,343012,44.2599983215332,3888.24,3922.76,3874.52,3886.47,0.0015849208312714858,48.24000000000024,Crude oil,CL=F,₹/barrel,Energy
2010-11-12,84.87999725341797,87.8499984741211,84.5199966430664,87.7300033569336,478815,44.2400016784668,3881.18,3886.48,3739.16,3755.09,-0.033804454942402695,147.32000000000016,Crude oil,CL=F,₹/barrel,Energy
2010-11-15,84.86000061035156,85.7699966430664,84.4800033569336,84.87000274658203,315260,44.77799987792969,3800.31,3840.61,3782.85,3799.86,0.011922483881877666,57.76000000000022,Crude oil,CL=F,₹/barrel,Energy
2010-11-16,82.33999633789062,84.73999786376953,82.06999969482422,84.58000183105469,454828,45.11000061035156,3815.4,3822.62,3702.18,3714.36,-0.022500828977909726,120.44000000000005,Crude oil,CL=F,₹/barrel,Energy
2010-11-17,80.44000244140625,82.66999816894531,80.05999755859375,82.44000244140625,334525,45.18999862670898,3725.46,3735.86,3617.91,3635.08,-0.021344188500845407,117.95000000000027,Crude oil,CL=F,₹/barrel,Energy
2010-11-18,81.8499984741211,82.3499984741211,80.44000244140625,80.44999694824219,160405,45.108001708984375,3628.94,3714.64,3628.49,3692.09,0.01568328620002868,86.15000000000009,Crude oil,CL=F,₹/barrel,Energy
2010-11-19,81.51000213623047,82.75,80.58999633789062,82.23999786376953,324513,45.150001525878906,3713.14,3736.16,3638.64,3680.18,-0.0032258151886872533,97.51999999999998,Crude oil,CL=F,₹/barrel,Energy
2010-11-22,81.73999786376953,82.87000274658203,80.68000030517578,82.1500015258789,290222,45.26300048828125,3718.36,3750.94,3651.82,3699.8,0.00533126097093084,99.11999999999989,Crude oil,CL=F,₹/barrel,Energy
2010-11-23,81.25,82.0999984741211,80.27999877929688,81.61000061035156,351860,45.29999923706055,3696.93,3719.13,3636.68,3680.62,-0.005184064003459721,82.45000000000027,Crude oil,CL=F,₹/barrel,Energy
2010-11-24,83.86000061035156,84.19999694824219,80.97000122070312,80.98999786376953,324511,45.540000915527344,3688.28,3834.47,3687.37,3818.98,0.03759149273763662,147.0999999999999,Crude oil,CL=F,₹/barrel,Energy
2010-11-26,83.76000213623047,84.52999877929688,82.77999877929688,84.20999908447266,174178,45.55799865722656,3836.44,3851.02,3771.29,3815.94,-0.0007960240692540532,79.73000000000002,Crude oil,CL=F,₹/barrel,Energy
2010-11-29,85.7300033569336,85.83000183105469,83.58999633789062,83.9000015258789,335800,45.709999084472656,3835.07,3923.29,3820.9,3918.72,0.026934385760782442,102.38999999999987,Crude oil,CL=F,₹/barrel,Energy
2010-11-30,84.11000061035156,85.9000015258789,83.55000305175781,85.80999755859375,338358,45.79999923706055,3930.1,3934.22,3826.59,3852.24,-0.016964723174914265,107.62999999999965,Crude oil,CL=F,₹/barrel,Energy
2010-12-01,86.75,86.94999694824219,83.62999725341797,83.66000366210938,340736,45.77000045776367,3829.12,3979.7,3827.75,3970.55,0.030712001329096905,151.94999999999982,Crude oil,CL=F,₹/barrel,Energy
2010-12-02,88.0,88.12999725341797,86.2699966430664,86.80000305175781,330642,45.22999954223633,3925.96,3986.12,3901.99,3980.24,0.0024404679452467715,84.13000000000011,Crude oil,CL=F,₹/barrel,Energy
2010-12-03,89.19000244140625,89.48999786376953,87.13999938964844,87.94000244140625,354635,45.130001068115234,3968.73,4038.68,3932.63,4025.14,0.011280726790344309,106.04999999999973,Crude oil,CL=F,₹/barrel,Energy
2010-12-06,89.37999725341797,89.76000213623047,88.55999755859375,89.44000244140625,293836,44.91299819946289,4017.02,4031.39,3977.5,4014.32,-0.002688105258450535,53.88999999999987,Crude oil,CL=F,₹/barrel,Energy
2010-12-07,88.69000244140625,90.76000213623047,88.0999984741211,88.91999816894531,462689,44.810001373291016,3984.51,4066.96,3947.76,3974.2,-0.009994220689930167,119.19999999999982,Crude oil,CL=F,₹/barrel,Energy
2010-12-08,88.27999877929688,88.98999786376953,87.33000183105469,88.3499984741211,383144,44.5,3931.57,3960.05,3886.19,3928.46,-0.011509234562930848,73.86000000000013,Crude oil,CL=F,₹/barrel,Energy
2010-12-09,88.37000274658203,89.41999816894531,87.70999908447266,88.55000305175781,353964,45.0,3984.75,4023.9,3946.95,3976.65,0.012266893388248823,76.95000000000027,Crude oil,CL=F,₹/barrel,Energy
2010-12-10,87.79000091552734,89.0,87.0999984741211,88.51000213623047,313842,45.04999923706055,3987.38,4009.45,3923.85,3954.94,-0.005459369066928232,85.59999999999991,Crude oil,CL=F,₹/barrel,Energy
2010-12-13,88.61000061035156,89.48999786376953,87.44000244140625,87.68000030517578,329766,44.95000076293945,3941.22,4022.58,3930.43,3983.02,0.007099981289223178,92.15000000000009,Crude oil,CL=F,₹/barrel,Energy
2010-12-14,88.27999877929688,88.94999694824219,87.73999786376953,88.19000244140625,281851,44.90999984741211,3960.61,3994.74,3940.4,3964.65,-0.004612078272265729,54.33999999999969,Crude oil,CL=F,₹/barrel,Energy
2010-12-15,88.62000274658203,89.08999633789062,86.83000183105469,88.27999877929688,355056,44.90999984741211,3964.65,4001.03,3899.54,3979.92,0.003851537966781393,101.49000000000024,Crude oil,CL=F,₹/barrel,Energy
2010-12-16,87.69999694824219,88.6500015258789,87.62999725341797,88.4800033569336,221145,45.25,4003.72,4011.41,3965.26,3968.42,-0.0028895053166897444,46.149999999999636,Crude oil,CL=F,₹/barrel,Energy
2010-12-17,88.0199966430664,88.5199966430664,87.01000213623047,87.87000274658203,152396,45.25,3976.12,4005.53,3937.2,3982.9,0.0036488073339011606,68.33000000000038,Crude oil,CL=F,₹/barrel,Energy
2010-12-20,88.80999755859375,88.9800033569336,87.26000213623047,88.18000030517578,265975,45.167999267578125,3982.91,4019.05,3941.36,4011.37,0.007148057947726549,77.69000000000005,Crude oil,CL=F,₹/barrel,Energy
2010-12-21,89.81999969482422,89.97000122070312,89.05999755859375,89.22000122070312,187321,45.2599983215332,4038.1,4072.04,4030.86,4065.25,0.013431820051503562,41.179999999999836,Crude oil,CL=F,₹/barrel,Energy
2010-12-22,90.4800033569336,90.80000305175781,89.8499984741211,89.98999786376953,187386,45.18000030517578,4065.75,4102.34,4059.42,4087.89,0.0055691531886108425,42.92000000000007,Crude oil,CL=F,₹/barrel,Energy
2010-12-23,91.51000213623047,91.62999725341797,90.33000183105469,90.61000061035156,145007,44.95000076293945,4072.92,4118.77,4060.33,4113.37,0.0062330444312346245,58.44000000000051,Crude oil,CL=F,₹/barrel,Energy
2010-12-27,91.0,91.87999725341797,90.51000213623047,91.06999969482422,104321,45.0099983215332,4099.06,4135.52,4073.86,4095.91,-0.0042446947393499634,61.66000000000031,Crude oil,CL=F,₹/barrel,Energy
2010-12-28,91.48999786376953,91.66999816894531,90.75,90.79000091552734,104415,45.09999847412109,4094.63,4134.32,4092.82,4126.2,0.007395182023042457,41.499999999999545,Crude oil,CL=F,₹/barrel,Energy
2010-12-29,91.12000274658203,91.52999877929688,90.80000305175781,91.2699966430664,117853,44.95000076293945,4102.59,4114.27,4081.46,4095.84,-0.0073578595317724815,32.8100000000004,Crude oil,CL=F,₹/barrel,Energy
2010-12-30,89.83999633789062,91.4000015258789,89.0199966430664,90.9800033569336,209645,44.91999816894531,4086.82,4105.69,3998.78,4035.61,-0.014705164264229076,106.9099999999994,Crude oil,CL=F,₹/barrel,Energy
2010-12-31,91.37999725341797,92.05999755859375,89.05000305175781,89.66999816894531,171010,44.810001373291016,4018.11,4125.21,3990.33,4094.74,0.014652060035533543,134.8800000000001,Crude oil,CL=F,₹/barrel,Energy
2011-01-03,91.55000305175781,92.58000183105469,91.20999908447266,91.30999755859375,225189,44.81800079345703,4092.33,4149.25,4087.85,4103.09,0.0020392015121839524,61.40000000000009,Crude oil,CL=F,₹/barrel,Energy
2011-01-04,89.37999725341797,92.06999969482422,88.36000061035156,91.5,415521,44.61000061035156,4081.82,4107.24,3941.74,3987.24,-0.028234818149248553,165.5,Crude oil,CL=F,₹/barrel,Energy
2011-01-05,90.30000305175781,90.83999633789062,88.0999984741211,89.29000091552734,416908,44.900001525878906,4009.12,4078.72,3955.69,4054.47,0.016861287507147882,123.02999999999975,Crude oil,CL=F,₹/barrel,Energy
2011-01-06,88.37999725341797,90.70999908447266,87.8499984741211,90.47000122070312,440456,45.209999084472656,4090.15,4101.0,3971.7,3995.66,-0.01450497845587706,129.30000000000018,Crude oil,CL=F,₹/barrel,Energy
2011-01-07,88.02999877929688,89.4800033569336,87.25,88.18000030517578,444813,45.18000030517578,3983.97,4042.71,3941.96,3977.2,-0.00462001271379453,100.75,Crude oil,CL=F,₹/barrel,Energy
2011-01-10,89.25,89.9800033569336,88.12999725341797,89.0,430277,45.358001708984375,4036.86,4081.31,3997.4,4048.2,0.017851755003519987,83.90999999999985,Crude oil,CL=F,₹/barrel,Energy
2011-01-11,91.11000061035156,91.38999938964844,88.93000030517578,89.30999755859375,429761,45.310001373291016,4046.64,4140.88,4029.42,4128.19,0.01975939923916803,111.46000000000004,Crude oil,CL=F,₹/barrel,Energy
2011-01-12,91.86000061035156,92.38999938964844,90.79000091552734,91.18000030517578,382686,45.09799957275391,4112.04,4166.6,4094.45,4142.7,0.003514857601031096,72.15000000000055,Crude oil,CL=F,₹/barrel,Energy
2011-01-13,91.4000015258789,92.37000274658203,90.75,92.0,358898,44.90999984741211,4131.72,4148.34,4075.58,4104.77,-0.00915586453279249,72.76000000000022,Crude oil,CL=F,₹/barrel,Energy
2011-01-14,91.54000091552734,91.69000244140625,90.0999984741211,90.98999786376953,313331,44.959999084472656,4090.91,4122.38,4050.9,4115.64,0.002648138628960961,71.48000000000002,Crude oil,CL=F,₹/barrel,Energy
2011-01-18,91.37999725341797,91.9000015258789,90.55000305175781,91.51000213623047,211930,45.43999862670898,4158.21,4175.94,4114.59,4152.31,0.008909914375407002,61.349999999999454,Crude oil,CL=F,₹/barrel,Energy
2011-01-19,90.86000061035156,92.0999984741211,90.47000122070312,91.33999633789062,109525,45.31999969482422,4139.53,4173.97,4100.1,4117.78,-0.008315853103453397,73.86999999999989,Crude oil,CL=F,₹/barrel,Energy
2011-01-20,88.86000061035156,90.86000061035156,88.0,90.69999694824219,442041,45.29999923706055,4108.71,4115.96,3986.4,4025.36,-0.022444132518007143,129.55999999999995,Crude oil,CL=F,₹/barrel,Energy
2011-01-21,89.11000061035156,90.22000122070312,88.87000274658203,89.44999694824219,287810,45.77799987792969,4094.84,4130.09,4068.29,4079.28,0.013395075223085584,61.80000000000018,Crude oil,CL=F,₹/barrel,Energy
2011-01-24,87.87000274658203,89.62999725341797,87.2699966430664,89.26000213623047,356085,45.5880012512207,4069.19,4086.05,3978.46,4005.82,-0.018008079857229742,107.59000000000015,Crude oil,CL=F,₹/barrel,Energy
2011-01-25,86.19000244140625,87.8499984741211,86.12000274658203,87.69999694824219,338646,45.45000076293945,3985.96,3992.78,3914.15,3917.34,-0.02208786216055636,78.63000000000011,Crude oil,CL=F,₹/barrel,Energy
2011-01-26,87.33000183105469,87.77999877929688,86.02999877929688,86.2300033569336,347753,45.61000061035156,3932.95,4003.65,3923.83,3983.12,0.016792006820955052,79.82000000000016,Crude oil,CL=F,₹/barrel,Energy
2011-01-27,85.63999938964844,87.66000366210938,85.41999816894531,87.55000305175781,369379,45.45000076293945,3979.15,3984.15,3882.34,3892.34,-0.022791178774428045,101.80999999999995,Crude oil,CL=F,₹/barrel,Energy
2011-01-28,89.33999633789062,89.7300033569336,85.11000061035156,85.27999877929688,584789,45.6879997253418,3896.27,4099.58,3888.51,4081.77,0.04866738260275305,211.0699999999997,Crude oil,CL=F,₹/barrel,Energy
2011-01-31,92.19000244140625,92.83999633789062,88.4000015258789,89.97000122070312,436801,45.8380012512207,4124.05,4255.6,4052.08,4225.81,0.03528861253818816,203.52000000000044,Crude oil,CL=F,₹/barrel,Energy
2011-02-01,90.7699966430664,92.44999694824219,90.44000244140625,92.19999694824219,392882,45.79999923706055,4222.76,4234.21,4142.15,4157.27,-0.016219375693653948,92.0600000000004,Crude oil,CL=F,₹/barrel,Energy
2011-02-02,90.86000061035156,91.77999877929688,90.0999984741211,90.51000213623047,312107,45.40999984741211,4110.06,4167.73,4091.44,4125.95,-0.007533790203667512,76.28999999999951,Crude oil,CL=F,₹/barrel,Energy
2011-02-03,90.54000091552734,92.05000305175781,90.0,90.93000030517578,290494,45.45000076293945,4132.77,4183.67,4090.5,4115.04,-0.002644239508476809,93.17000000000007,Crude oil,CL=F,₹/barrel,Energy
2011-02-04,89.02999877929688,91.66999816894531,88.44999694824219,90.62999725341797,359925,45.560001373291016,4129.1,4176.49,4029.78,4056.21,-0.014296337338154608,146.70999999999958,Crude oil,CL=F,₹/barrel,Energy
2011-02-07,87.4800033569336,89.54000091552734,87.18000030517578,89.05999755859375,324984,45.608001708984375,4061.85,4083.74,3976.11,3989.79,-0.016374891832523497,107.62999999999965,Crude oil,CL=F,₹/barrel,Energy
2011-02-08,86.94000244140625,88.11000061035156,85.87999725341797,87.41000366210938,414877,45.310001373291016,3960.55,3992.26,3891.22,3939.25,-0.01266733336842285,101.04000000000042,Crude oil,CL=F,₹/barrel,Energy
2011-02-09,86.70999908447266,87.94999694824219,86.36000061035156,87.3499984741211,367209,45.150001525878906,3943.85,3970.94,3899.15,3914.96,-0.006166148378498382,71.78999999999996,Crude oil,CL=F,₹/barrel,Energy
2011-02-10,86.7300033569336,87.9000015258789,85.95999908447266,86.93000030517578,419188,45.34999847412109,3942.28,3986.26,3898.29,3933.21,0.0046616057379895715,87.97000000000025,Crude oil,CL=F,₹/barrel,Energy
2011-02-11,85.58000183105469,87.7699966430664,85.0999984741211,87.69999694824219,383391,45.630001068115234,4001.75,4004.95,3883.11,3905.02,-0.007167173885960887,121.83999999999969,Crude oil,CL=F,₹/barrel,Energy
2011-02-14,84.80999755859375,86.5199966430664,84.58000183105469,85.5,319329,45.608001708984375,3899.48,3946.0,3857.52,3868.01,-0.009477544289145712,88.48000000000002,Crude oil,CL=F,₹/barrel,Energy
2011-02-15,84.31999969482422,85.97000122070312,83.8499984741211,84.83999633789062,284165,45.34999847412109,3847.49,3898.74,3802.6,3823.91,-0.011401211475668416,96.13999999999987,Crude oil,CL=F,₹/barrel,Energy
2011-02-16,84.98999786376953,85.94999694824219,84.12000274658203,84.44000244140625,297660,45.40999984741211,3834.42,3902.99,3819.89,3859.4,0.009281076175956082,83.09999999999991,Crude oil,CL=F,₹/barrel,Energy
2011-02-17,86.36000061035156,86.62999725341797,84.37999725341797,85.25,176128,45.310001373291016,3862.68,3925.21,3823.26,3912.97,0.013880395916463728,101.94999999999982,Crude oil,CL=F,₹/barrel,Energy
2011-02-18,86.19999694824219,87.87999725341797,85.6500015258789,86.4000015258789,155296,45.209999084472656,3906.14,3973.05,3872.24,3897.1,-0.0040557428245041605,100.8100000000004,Crude oil,CL=F,₹/barrel,Energy
2011-02-22,93.56999969482422,94.48999786376953,86.25,86.37999725341797,638193,44.917999267578125,3880.02,4244.3,3874.18,4202.98,0.07848913294501036,370.12000000000035,Crude oil,CL=F,₹/barrel,Energy
2011-02-23,98.0999984741211,100.0,95.13999938964844,95.68000030517578,489667,45.150001525878906,4319.95,4515.0,4295.57,4429.22,0.05382847408267488,219.4300000000003,Crude oil,CL=F,₹/barrel,Energy
2011-02-24,97.27999877929688,103.41000366210938,95.62000274658203,98.97000122070312,507456,45.04999923706055,4458.6,4658.62,4307.68,4382.46,-0.010557163563787775,350.9399999999996,Crude oil,CL=F,₹/barrel,Energy
2011-02-25,97.87999725341797,99.19999694824219,96.16999816894531,96.62999725341797,307903,45.400001525878906,4387.0,4503.68,4366.12,4443.75,0.013985295929683339,137.5600000000004,Crude oil,CL=F,₹/barrel,Energy
2011-02-28,96.97000122070312,99.95999908447266,96.70999908447266,98.5,262001,45.25,4457.12,4523.19,4376.13,4387.89,-0.012570464135021053,147.0599999999995,Crude oil,CL=F,₹/barrel,Energy
2011-03-01,99.62999725341797,100.68000030517578,96.37000274658203,96.97000122070312,322429,45.09999847412109,4373.35,4540.67,4346.29,4493.31,0.02402521485269693,194.3800000000001,Crude oil,CL=F,₹/barrel,Energy
2011-03-02,102.2300033569336,102.43000030517578,99.20999908447266,100.4800033569336,446378,44.83000183105469,4504.52,4591.94,4447.58,4582.97,0.019954109553981247,144.35999999999967,Crude oil,CL=F,₹/barrel,Energy
2011-03-03,101.91000366210938,102.94000244140625,100.1500015258789,102.38999938964844,382555,44.810001373291016,4588.1,4612.74,4487.72,4566.59,-0.0035741015105924534,125.01999999999953,Crude oil,CL=F,₹/barrel,Energy
2011-03-04,104.41999816894531,105.16999816894531,101.54000091552734,101.69999694824219,369148,44.84999847412109,4561.24,4716.87,4554.07,4683.24,0.025544224465082088,162.80000000000018,Crude oil,CL=F,₹/barrel,Energy
2011-03-07,105.44000244140625,106.94999694824219,104.25,104.6500015258789,404435,44.90299987792969,4699.1,4802.38,4681.14,4734.57,0.010960360775873035,121.23999999999978,Crude oil,CL=F,₹/barrel,Energy
2011-03-08,105.0199966430664,105.79000091552734,103.33000183105469,104.8499984741211,420036,44.970001220703125,4715.1,4757.38,4646.75,4722.75,-0.0024965308359575777,110.63000000000011,Crude oil,CL=F,₹/barrel,Energy
2011-03-09,104.37999725341797,105.91999816894531,103.9000015258789,104.95999908447266,353948,44.900001525878906,4712.7,4755.81,4665.11,4686.66,-0.007641734159123392,90.70000000000073,Crude oil,CL=F,₹/barrel,Energy
2011-03-10,102.69999694824219,105.05999755859375,100.62000274658203,104.44999694824219,432988,44.869998931884766,4686.67,4714.04,4514.82,4608.15,-0.016751801922904597,199.22000000000025,Crude oil,CL=F,₹/barrel,Energy
2011-03-11,101.16000366210938,103.0,99.01000213623047,102.63999938964844,342531,45.11000061035156,4630.09,4646.33,4466.34,4563.33,-0.009726245890433138,179.98999999999978,Crude oil,CL=F,₹/barrel,Energy
2011-03-14,101.19000244140625,101.5999984741211,98.47000122070312,100.30999755859375,289434,45.23799896240234,4537.82,4596.18,4454.59,4577.63,0.0031336765037812686,141.59000000000015,Crude oil,CL=F,₹/barrel,Energy
2011-03-15,97.18000030517578,101.87000274658203,96.70999908447266,101.86000061035156,388736,44.95000076293945,4578.61,4579.06,4347.11,4368.24,-0.04574201060374039,231.95000000000073,Crude oil,CL=F,₹/barrel,Energy
2011-03-16,97.9800033569336,99.5999984741211,96.22000122070312,97.4000015258789,357944,45.15999984741211,4398.58,4497.94,4345.3,4424.78,0.012943428016775727,152.63999999999942,Crude oil,CL=F,₹/barrel,Energy
2011-03-17,101.41999816894531,101.98999786376953,96.5999984741211,98.0999984741211,261573,45.02000045776367,4416.46,4591.59,4348.93,4565.93,0.031899891068030595,242.65999999999985,Crude oil,CL=F,₹/barrel,Energy
2011-03-18,101.06999969482422,103.66000366210938,100.13999938964844,101.77999877929688,217675,45.04999923706055,4585.19,4669.88,4511.31,4553.2,-0.002788040990554075,158.5699999999997,Crude oil,CL=F,₹/barrel,Energy
2011-03-21,102.33000183105469,103.3499984741211,101.66000366210938,102.12000274658203,103960,44.99800109863281,4595.2,4650.54,4574.5,4604.65,0.011299745234121028,76.03999999999996,Crude oil,CL=F,₹/barrel,Energy
2011-03-22,104.0,104.54000091552734,101.43000030517578,102.0999984741211,303365,44.90999984741211,4585.31,4694.89,4555.22,4670.64,0.014331165235142995,139.67000000000007,Crude oil,CL=F,₹/barrel,Energy
2011-03-23,105.75,106.33999633789062,104.37999725341797,104.8499984741211,254571,44.84999847412109,4702.52,4769.35,4681.44,4742.89,0.015468972132298697,87.91000000000076,Crude oil,CL=F,₹/barrel,Energy
2011-03-24,105.5999984741211,106.69000244140625,104.76000213623047,105.5199966430664,258015,44.75,4722.02,4774.38,4688.01,4725.6,-0.0036454566730410587,86.36999999999989,Crude oil,CL=F,₹/barrel,Energy
2011-03-25,105.4000015258789,105.94999694824219,104.5,105.45999908447266,235658,44.59999847412109,4703.52,4725.37,4660.7,4700.84,-0.005239546300998876,64.67000000000007,Crude oil,CL=F,₹/barrel,Energy
2011-03-28,103.9800033569336,105.76000213623047,103.5999984741211,105.43000030517578,223079,44.69300079345703,4711.98,4726.73,4630.19,4647.18,-0.01141498115230466,96.53999999999996,Crude oil,CL=F,₹/barrel,Energy
2011-03-29,104.79000091552734,105.0,102.69999694824219,103.94000244140625,246824,44.70000076293945,4646.12,4693.5,4590.69,4684.11,0.007946754806140266,102.8100000000004,Crude oil,CL=F,₹/barrel,Energy
2011-03-30,104.2699966430664,105.1500015258789,103.44000244140625,104.44999694824219,256895,44.65999984741211,4664.74,4696.0,4619.63,4656.7,-0.005851698615105039,76.36999999999989,Crude oil,CL=F,₹/barrel,Energy
2011-03-31,106.72000122070312,106.83000183105469,104.12000274658203,104.30999755859375,270630,44.61000061035156,4653.27,4765.69,4644.79,4760.78,0.022350591620675653,120.89999999999964,Crude oil,CL=F,₹/barrel,Energy
2011-04-01,107.94000244140625,108.2300033569336,106.30000305175781,106.62000274658203,283710,44.45000076293945,4739.26,4810.82,4725.04,4797.93,0.007803343149652031,85.77999999999975,Crude oil,CL=F,₹/barrel,Energy
2011-04-04,108.47000122070312,108.77999877929688,107.58000183105469,108.29000091552734,228494,44.448001861572266,4813.27,4835.05,4781.72,4821.27,0.004864597857826114,53.32999999999993,Crude oil,CL=F,₹/barrel,Energy
2011-04-05,108.33999633789062,108.5999984741211,107.5,108.19999694824219,249358,44.31800079345703,4795.21,4812.93,4764.19,4801.41,-0.004119246588554559,48.74000000000069,Crude oil,CL=F,₹/barrel,Energy
2011-04-06,108.83000183105469,109.1500015258789,107.72000122070312,107.98999786376953,255598,44.29999923706055,4783.96,4835.34,4772.0,4821.17,0.004115457750952345,63.340000000000146,Crude oil,CL=F,₹/barrel,Energy
2011-04-07,110.30000305175781,110.44000244140625,108.2300033569336,108.66999816894531,334906,44.04999923706055,4786.91,4864.88,4767.53,4858.72,0.007788565846049922,97.35000000000036,Crude oil,CL=F,₹/barrel,Energy
2011-04-08,112.79000091552734,113.18000030517578,110.11000061035156,110.31999969482422,319475,44.09999847412109,4865.11,4991.24,4855.85,4974.04,0.02373464616195209,135.38999999999942,Crude oil,CL=F,₹/barrel,Energy
2011-04-11,109.91999816894531,113.45999908447266,108.87999725341797,113.27999877929688,364348,44.0629997253418,4991.46,4999.39,4797.58,4843.4,-0.026264364580904087,201.8100000000004,Crude oil,CL=F,₹/barrel,Energy
2011-04-12,106.25,110.23999786376953,105.47000122070312,108.97000122070312,555625,44.2599983215332,4823.01,4879.22,4668.1,4702.62,-0.029066358343312504,211.1199999999999,Crude oil,CL=F,₹/barrel,Energy
2011-04-13,107.11000061035156,107.43000030517578,105.30999755859375,106.0199966430664,456863,44.1879997253418,4684.81,4747.12,4653.44,4732.98,0.006455975605088149,93.68000000000029,Crude oil,CL=F,₹/barrel,Energy
2011-04-14,108.11000061035156,108.55000305175781,105.7699966430664,107.31999969482422,352072,44.41999816894531,4767.15,4821.79,4698.3,4802.25,0.014635599558840306,123.48999999999978,Crude oil,CL=F,₹/barrel,Energy
2011-04-15,109.66000366210938,110.0999984741211,107.20999908447266,108.44999694824219,224394,44.41999816894531,4817.35,4890.64,4762.27,4871.1,0.01433702951741389,128.3699999999999,Crude oil,CL=F,₹/barrel,Energy
2011-04-18,107.12000274658203,109.44000244140625,106.54000091552734,109.43000030517578,138178,44.27299880981445,4844.79,4845.24,4716.85,4742.52,-0.02639650181683806,128.38999999999942,Crude oil,CL=F,₹/barrel,Energy
2011-04-19,108.1500015258789,108.44999694824219,105.5,107.5199966430664,324778,44.36000061035156,4769.59,4810.84,4679.98,4797.53,0.011599318505773226,130.86000000000058,Crude oil,CL=F,₹/barrel,Energy
2011-04-20,111.44999694824219,111.66000366210938,107.95999908447266,108.44999694824219,291546,44.40999984741211,4816.26,4958.82,4794.5,4949.49,0.03167463257134395,164.3199999999997,Crude oil,CL=F,₹/barrel,Energy
2011-04-21,112.29000091552734,112.4800033569336,111.0,111.37000274658203,240462,44.2599983215332,4929.24,4978.36,4912.86,4969.96,0.004135779645983773,65.5,Crude oil,CL=F,₹/barrel,Energy
2011-04-25,112.27999877929688,113.4800033569336,111.08000183105469,112.33999633789062,209683,44.26800155639648,4973.07,5023.53,4917.29,4970.41,9.054398828145516e-05,106.23999999999978,Crude oil,CL=F,₹/barrel,Energy
2011-04-26,112.20999908447266,112.63999938964844,111.12000274658203,112.1500015258789,234441,44.40999984741211,4980.58,5002.34,4934.84,4983.25,0.002583287897779174,67.5,Crude oil,CL=F,₹/barrel,Energy
2011-04-27,112.76000213623047,113.4000015258789,110.70999908447266,111.88999938964844,338697,44.40999984741211,4969.03,5036.09,4916.63,5007.67,0.004900416394923113,119.46000000000004,Crude oil,CL=F,₹/barrel,Energy
2011-04-28,112.86000061035156,113.97000122070312,111.69000244140625,113.12999725341797,301604,44.33000183105469,5015.05,5052.29,4951.22,5003.08,-0.0009165939448885219,101.06999999999971,Crude oil,CL=F,₹/barrel,Energy
2011-04-29,113.93000030517578,114.18000030517578,112.25,112.81999969482422,201831,44.29999923706055,4997.93,5058.17,4972.67,5047.1,0.008798580074674156,85.5,Crude oil,CL=F,₹/barrel,Energy
2011-05-02,113.5199966430664,114.83000183105469,110.81999969482422,113.88999938964844,310994,44.24800109863281,5039.4,5081.0,4903.56,5023.03,-0.0047690753105744665,177.4399999999996,Crude oil,CL=F,₹/barrel,Energy
2011-05-03,111.05000305175781,113.22000122070312,110.30000305175781,112.9800033569336,300333,44.220001220703125,4995.98,5006.59,4877.47,4910.63,-0.02237693185189016,129.1199999999999,Crude oil,CL=F,₹/barrel,Energy
2011-05-04,109.23999786376953,111.22000122070312,108.4800033569336,110.68000030517578,333018,44.40999984741211,4915.3,4939.28,4817.6,4851.35,-0.012071770831848405,121.67999999999938,Crude oil,CL=F,₹/barrel,Energy
2011-05-05,99.80000305175781,109.37999725341797,98.25,108.77999877929688,670082,44.31999969482422,4821.13,4847.72,4354.44,4423.14,-0.08826615272037686,493.28000000000065,Crude oil,CL=F,₹/barrel,Energy
2011-05-06,97.18000030517578,102.37999725341797,94.62999725341797,99.76000213623047,606528,44.70000076293945,4459.27,4576.39,4229.96,4343.95,-0.0179035707664692,346.4300000000003,Crude oil,CL=F,₹/barrel,Energy
2011-05-09,102.55000305175781,103.4000015258789,97.41999816894531,98.11000061035156,469290,44.72299957275391,4387.77,4624.36,4356.91,4586.34,0.0557994452054007,267.4499999999998,Crude oil,CL=F,₹/barrel,Energy
2011-05-10,103.87999725341797,103.94999694824219,100.12000274658203,102.44000244140625,439607,44.61000061035156,4569.85,4637.21,4466.35,4634.09,0.01041135197128873,170.85999999999967,Crude oil,CL=F,₹/barrel,Energy
2011-05-11,98.20999908447266,104.5999984741211,97.5,103.69000244140625,524761,44.61000061035156,4625.61,4666.21,4349.48,4381.15,-0.054582453081403415,316.7300000000005,Crude oil,CL=F,₹/barrel,Energy
2011-05-12,98.97000122070312,100.48999786376953,95.25,98.58999633789062,522503,44.58000183105469,4395.14,4479.84,4246.25,4412.08,0.007059790237722963,233.59000000000015,Crude oil,CL=F,₹/barrel,Energy
2011-05-13,99.6500015258789,100.69999694824219,97.08999633789062,98.80999755859375,367717,44.709999084472656,4417.79,4502.3,4340.89,4455.35,0.009807165781218874,161.40999999999985,Crude oil,CL=F,₹/barrel,Energy
2011-05-16,97.37000274658203,99.6500015258789,96.88999938964844,99.36000061035156,335318,44.858001708984375,4457.09,4470.1,4346.29,4367.82,-0.0196460435207112,123.8100000000004,Crude oil,CL=F,₹/barrel,Energy
2011-05-17,96.91000366210938,97.80999755859375,95.0199966430664,96.9800033569336,399128,44.959999084472656,4360.22,4397.54,4272.1,4357.07,-0.002461182008416052,125.4399999999996,Crude oil,CL=F,₹/barrel,Energy
2011-05-18,100.0999984741211,100.98999786376953,97.45999908447266,97.56999969482422,285299,45.0099983215332,4391.63,4545.56,4386.67,4505.5,0.034066471275421506,158.89000000000033,Crude oil,CL=F,₹/barrel,Energy
2011-05-19,98.44000244140625,100.79000091552734,98.16000366210938,99.76000213623047,142668,44.959999084472656,4485.21,4531.52,4413.27,4425.86,-0.017676173565642106,118.25,Crude oil,CL=F,₹/barrel,Energy
2011-05-20,99.48999786376953,99.9000015258789,95.98999786376953,98.5999984741211,394911,44.84999847412109,4422.21,4480.51,4305.15,4462.13,0.008195017465532306,175.36000000000058,Crude oil,CL=F,₹/barrel,Energy
2011-05-23,97.69999694824219,100.04000091552734,96.37000274658203,99.68000030517578,296828,44.99300003051758,4484.9,4501.1,4335.98,4395.82,-0.014860615894203066,165.1200000000008,Crude oil,CL=F,₹/barrel,Energy
2011-05-24,99.58999633789062,100.08999633789062,96.61000061035156,97.54000091552734,339530,45.150001525878906,4403.93,4519.06,4361.94,4496.49,0.02290130169115212,157.1200000000008,Crude oil,CL=F,₹/barrel,Energy
2011-05-25,101.31999969482422,101.62999725341797,98.19999694824219,99.2699966430664,354880,45.15999984741211,4483.03,4589.61,4434.71,4575.61,0.017595947060929706,154.89999999999964,Crude oil,CL=F,₹/barrel,Energy
2011-05-26,100.2300033569336,101.9000015258789,99.61000061035156,101.23999786376953,332135,45.22999954223633,4579.09,4608.94,4505.36,4533.4,-0.009224999508262277,103.57999999999993,Crude oil,CL=F,₹/barrel,Energy
2011-05-27,100.58999633789062,101.23999786376953,100.04000091552734,100.16000366210938,212254,45.18999862670898,4526.23,4575.04,4520.81,4545.66,0.002704371994529442,54.22999999999956,Crude oil,CL=F,₹/barrel,Energy
2011-05-31,102.69999694824219,103.38999938964844,99.5999984741211,100.69000244140625,319037,45.08300018310547,4539.41,4661.13,4490.27,4630.02,0.018558361162075654,170.85999999999967,Crude oil,CL=F,₹/barrel,Energy
2011-06-01,100.29000091552734,103.30999755859375,99.86000061035156,102.68000030517578,376476,44.959999084472656,4616.49,4644.82,4489.71,4509.04,-0.026129476762519532,155.10999999999967,Crude oil,CL=F,₹/barrel,Energy
2011-06-02,100.4000015258789,100.9000015258789,98.45999908447266,99.79000091552734,389637,44.7599983215332,4466.6,4516.28,4407.07,4493.9,-0.0033576991998297556,109.21000000000004,Crude oil,CL=F,₹/barrel,Energy
2011-06-03,100.22000122070312,100.87000274658203,98.12000274658203,100.87000274658203,351309,44.7599983215332,4514.94,4514.94,4391.85,4485.85,-0.0017913171187607935,123.08999999999924,Crude oil,CL=F,₹/barrel,Energy
2011-06-06,99.01000213623047,100.68000030517578,98.55000305175781,100.41999816894531,289670,44.823001861572266,4501.13,4512.78,4417.31,4437.93,-0.010682479351739382,95.46999999999935,Crude oil,CL=F,₹/barrel,Energy
2011-06-07,99.08999633789062,99.69999694824219,97.73999786376953,98.81999969482422,415373,44.66999816894531,4414.29,4453.6,4366.05,4426.35,-0.0026093246175581397,87.55000000000018,Crude oil,CL=F,₹/barrel,Energy
2011-06-08,100.73999786376953,101.88999938964844,98.0199966430664,99.58000183105469,484275,44.61000061035156,4442.26,4545.31,4372.67,4494.01,0.015285732036553812,172.64000000000033,Crude oil,CL=F,₹/barrel,Energy
2011-06-09,101.93000030517578,102.44000244140625,100.73999786376953,100.83000183105469,345542,44.65999984741211,4503.07,4574.97,4499.05,4552.19,0.012946121615216466,75.92000000000007,Crude oil,CL=F,₹/barrel,Energy
2011-06-10,99.29000091552734,102.1500015258789,98.5999984741211,101.83999633789062,379238,44.59999847412109,4542.06,4555.89,4397.56,4428.33,-0.02720888187883186,158.32999999999993,Crude oil,CL=F,₹/barrel,Energy
2011-06-13,97.30000305175781,99.31999969482422,96.12999725341797,98.7699966430664,381993,44.72299957275391,4417.29,4441.89,4299.22,4351.55,-0.01733836457535909,142.67000000000007,Crude oil,CL=F,₹/barrel,Energy
2011-06-14,99.37000274658203,99.44000244140625,96.51000213623047,97.08999633789062,347721,44.79999923706055,4349.63,4454.91,4323.65,4451.78,0.023033172088106513,131.26000000000022,Crude oil,CL=F,₹/barrel,Energy
2011-06-15,94.80999755859375,99.94999694824219,94.01000213623047,99.68000030517578,508717,44.73899841308594,4459.58,4471.66,4205.91,4241.7,-0.047190112718957344,265.75,Crude oil,CL=F,₹/barrel,Energy
2011-06-16,94.94999694824219,95.75,94.29000091552734,95.29000091552734,336011,44.709999084472656,4260.42,4280.98,4215.71,4245.21,0.0008274984086569237,65.26999999999953,Crude oil,CL=F,₹/barrel,Energy
2011-06-17,93.01000213623047,95.4000015258789,91.83999633789062,95.0999984741211,245013,44.79999923706055,4260.48,4273.92,4114.43,4166.85,-0.018458450818687355,159.48999999999978,Crude oil,CL=F,₹/barrel,Energy
2011-06-20,93.26000213623047,93.48999786376953,91.13999938964844,92.80000305175781,136837,44.76300048828125,4154.01,4184.89,4079.7,4174.6,0.00185991816360076,105.19000000000051,Crude oil,CL=F,₹/barrel,Energy
2011-06-21,93.4000015258789,94.73999786376953,92.5,93.48999786376953,323911,44.869998931884766,4194.9,4250.98,4150.47,4190.86,0.003894983950557984,100.50999999999931,Crude oil,CL=F,₹/barrel,Energy
2011-06-22,95.41000366210938,95.69999694824219,93.23999786376953,93.76000213623047,296275,44.7599983215332,4196.7,4283.53,4173.42,4270.55,0.019015190199624943,110.10999999999967,Crude oil,CL=F,₹/barrel,Energy
2011-06-23,91.0199966430664,94.47000122070312,89.69000244140625,94.4000015258789,484057,44.75,4224.4,4227.53,4013.63,4073.14,-0.04622589596187854,213.89999999999964,Crude oil,CL=F,₹/barrel,Energy
2011-06-24,91.16000366210938,92.33999633789062,89.81999969482422,92.29000091552734,337767,44.84999847412109,4139.21,4141.45,4028.43,4088.53,0.003778411741310217,113.01999999999998,Crude oil,CL=F,₹/barrel,Energy
2011-06-27,90.61000061035156,91.30000305175781,89.61000061035156,91.16000366210938,278681,44.98799896240234,4101.11,4107.4,4031.37,4076.36,-0.0029766199587627495,76.02999999999975,Crude oil,CL=F,₹/barrel,Energy
2011-06-28,92.88999938964844,92.95999908447266,90.44000244140625,90.70999908447266,279024,44.95000076293945,4077.41,4178.55,4065.28,4175.41,0.024298638981836707,113.26999999999998,Crude oil,CL=F,₹/barrel,Energy
2011-06-29,94.7699966430664,95.83999633789062,92.66000366210938,93.37000274658203,348790,44.93999862670898,4196.05,4307.05,4164.14,4258.96,0.020010010992932425,142.90999999999985,Crude oil,CL=F,₹/barrel,Energy
2011-06-30,95.41999816894531,95.81999969482422,93.87999725341797,95.08000183105469,276580,44.7599983215332,4255.78,4288.9,4202.07,4271.0,0.0028269812348553636,86.82999999999993,Crude oil,CL=F,₹/barrel,Energy
2011-07-01,94.94000244140625,95.38999938964844,93.44999694824219,95.12000274658203,263626,44.59299850463867,4241.69,4253.73,4167.22,4233.66,-0.00874268321236249,86.50999999999931,Crude oil,CL=F,₹/barrel,Energy
2011-07-05,96.88999938964844,97.4800033569336,94.33999633789062,94.9800033569336,275650,44.41999816894531,4219.01,4330.06,4190.58,4303.85,0.016579035633470962,139.48000000000047,Crude oil,CL=F,₹/barrel,Energy
2011-07-06,96.6500015258789,97.79000091552734,95.9000015258789,97.0,288321,44.34000015258789,4300.98,4336.01,4252.21,4285.46,-0.004272918433495643,83.80000000000018,Crude oil,CL=F,₹/barrel,Energy
2011-07-07,98.66999816894531,99.41999816894531,96.98999786376953,97.04000091552734,339270,44.33000183105469,4301.78,4407.29,4299.57,4374.04,0.020669893080322854,107.72000000000025,Crude oil,CL=F,₹/barrel,Energy
2011-07-08,96.19999694824219,99.18000030517578,95.5999984741211,98.79000091552734,347999,44.33000183105469,4379.36,4396.65,4237.95,4264.55,-0.02503177840166071,158.69999999999982,Crude oil,CL=F,₹/barrel,Energy
2011-07-11,95.1500015258789,96.75,94.13999938964844,96.0999984741211,311449,44.41299819946289,4268.09,4296.96,4181.04,4225.9,-0.009063089892251353,115.92000000000007,Crude oil,CL=F,₹/barrel,Energy
2011-07-12,97.43000030517578,97.5,93.55000305175781,95.08999633789062,343493,44.34999847412109,4217.24,4324.12,4148.94,4321.02,0.022508814690362033,175.1800000000003,Crude oil,CL=F,₹/barrel,Energy
2011-07-13,98.05000305175781,99.20999908447266,96.52999877929688,96.72000122070312,355098,44.560001373291016,4309.84,4420.8,4301.38,4369.11,0.011129316689114876,119.42000000000007,Crude oil,CL=F,₹/barrel,Energy
2011-07-14,95.69000244140625,98.87999725341797,94.52999877929688,97.58999633789062,403419,44.45000076293945,4337.88,4395.22,4201.86,4253.42,-0.026479076974486704,193.36000000000058,Crude oil,CL=F,₹/barrel,Energy
2011-07-15,97.23999786376953,97.73999786376953,95.20999908447266,96.02999877929688,266461,44.400001525878906,4263.73,4339.66,4227.32,4317.46,0.01505611954615338,112.34000000000015,Crude oil,CL=F,₹/barrel,Energy
2011-07-18,95.93000030517578,97.69000244140625,94.69000244140625,97.37000274658203,203973,44.507999420166016,4333.74,4347.99,4214.46,4269.65,-0.01107364052012072,133.52999999999975,Crude oil,CL=F,₹/barrel,Energy
2011-07-19,97.5,98.6500015258789,95.93000030517578,96.16000366210938,138045,44.5,4279.12,4389.93,4268.89,4338.75,0.016183996346304852,121.03999999999996,Crude oil,CL=F,₹/barrel,Energy
2011-07-20,98.13999938964844,99.0199966430664,96.63999938964844,98.11000061035156,295669,44.369998931884766,4353.14,4393.52,4287.92,4354.47,0.003623163353500436,105.60000000000036,Crude oil,CL=F,₹/barrel,Energy
2011-07-21,99.12999725341797,100.16000366210938,97.19999694824219,98.36000061035156,293973,44.369998931884766,4364.23,4444.1,4312.76,4398.4,0.010088483787923597,131.34000000000015,Crude oil,CL=F,₹/barrel,Energy
2011-07-22,99.87000274658203,100.19000244140625,98.43000030517578,99.19999694824219,223266,44.29999923706055,4394.56,4438.42,4360.45,4424.24,0.005874863586758927,77.97000000000025,Crude oil,CL=F,₹/barrel,Energy
2011-07-25,99.19999694824219,99.87000274658203,98.5199966430664,99.76000213623047,205209,44.34299850463867,4423.66,4428.54,4368.67,4398.83,-0.005743359311429774,59.86999999999989,Crude oil,CL=F,₹/barrel,Energy
2011-07-26,99.58999633789062,100.62000274658203,97.76000213623047,99.1500015258789,332692,44.310001373291016,4393.34,4458.47,4331.75,4412.83,0.003182664481237163,126.72000000000025,Crude oil,CL=F,₹/barrel,Energy
2011-07-27,97.4000015258789,99.5,97.13999938964844,99.18000030517578,304524,44.04999923706055,4368.88,4382.97,4279.02,4290.47,-0.027728237888157814,103.94999999999982,Crude oil,CL=F,₹/barrel,Energy
2011-07-28,97.44000244140625,98.01000213623047,96.51000213623047,97.2699966430664,236246,44.02999877929688,4282.8,4315.38,4249.34,4290.28,-4.428419264101979e-05,66.03999999999996,Crude oil,CL=F,₹/barrel,Energy
2011-07-29,95.69999694824219,97.38999938964844,94.94999694824219,97.16000366210938,284385,44.0099983215332,4276.01,4286.13,4178.75,4211.76,-0.018301835777618125,107.38000000000011,Crude oil,CL=F,₹/barrel,Energy
2011-08-01,94.88999938964844,98.5999984741211,93.41999816894531,96.19999694824219,398857,44.20299911499024,4252.33,4358.42,4129.44,4194.42,-0.004117043706194146,228.98000000000047,Crude oil,CL=F,₹/barrel,Energy
2011-08-02,93.79000091552734,95.68000030517578,93.08000183105469,95.0199966430664,328175,44.0629997253418,4186.87,4215.95,4101.38,4132.67,-0.014721940101372732,114.56999999999971,Crude oil,CL=F,₹/barrel,Energy
2011-08-03,91.93000030517578,93.75,91.22000122070312,93.1500015258789,350221,44.26300048828125,4123.1,4149.66,4037.67,4069.1,-0.015382307321900934,111.98999999999978,Crude oil,CL=F,₹/barrel,Energy
2011-08-04,86.62999725341797,92.58999633789062,86.04000091552734,91.94000244140625,535941,44.3129997253418,4074.14,4102.94,3812.69,3838.84,-0.05658745177066171,290.24999999999955,Crude oil,CL=F,₹/barrel,Energy
2011-08-05,86.87999725341797,88.31999969482422,82.87000274658203,86.5,512488,44.5629997253418,3854.7,3935.8,3692.94,3871.63,0.008541642787925463,242.86000000000013,Crude oil,CL=F,₹/barrel,Energy
2011-08-08,81.30999755859375,85.7300033569336,80.16999816894531,85.70999908447266,521066,44.733001708984375,3834.07,3834.96,3586.24,3637.24,-0.060540392547841715,248.72000000000025,Crude oil,CL=F,₹/barrel,Energy
2011-08-09,79.30000305175781,83.05000305175781,75.70999908447266,81.0999984741211,605796,45.00299835205078,3649.74,3737.5,3407.18,3568.74,-0.018832961256337266,330.32000000000016,Crude oil,CL=F,₹/barrel,Energy
2011-08-10,82.88999938964844,83.13999938964844,79.52999877929688,81.9000015258789,520144,45.20299911499024,3702.13,3758.18,3594.99,3746.88,0.049916777349989117,163.19000000000005,Crude oil,CL=F,₹/barrel,Energy
2011-08-11,85.72000122070312,85.97000122070312,81.02999877929688,81.94999694824219,502092,45.24800109863281,3708.07,3889.97,3666.45,3878.66,0.03517059526859678,223.51999999999998,Crude oil,CL=F,₹/barrel,Energy
2011-08-12,85.37999725341797,87.37000274658203,84.0199966430664,85.55000305175781,350091,45.292999267578125,3874.82,3957.25,3805.52,3867.12,-0.0029752543404165666,151.73000000000002,Crude oil,CL=F,₹/barrel,Energy
2011-08-15,87.87999725341797,88.05000305175781,84.4000015258789,85.58999633789062,292796,45.39300155639648,3885.19,3996.85,3831.17,3989.14,0.031553197211361406,165.67999999999984,Crude oil,CL=F,₹/barrel,Energy
2011-08-16,86.6500015258789,87.93000030517578,85.62000274658203,87.68000030517578,375339,45.233001708984375,3966.03,3977.34,3872.85,3919.44,-0.017472437668269336,104.49000000000024,Crude oil,CL=F,₹/barrel,Energy
2011-08-17,87.58000183105469,89.0,86.6500015258789,87.0999984741211,344487,45.25299835205078,3941.54,4027.52,3921.17,3963.26,0.01118016859551374,106.34999999999991,Crude oil,CL=F,₹/barrel,Energy
2011-08-18,82.37999725341797,87.52999877929688,81.1500015258789,87.41000366210938,331275,45.303001403808594,3959.94,3965.37,3676.34,3732.06,-0.0583358144557764,289.02999999999975,Crude oil,CL=F,₹/barrel,Energy
2011-08-19,82.26000213623047,83.55000305175781,79.16999816894531,81.30000305175781,148811,45.709999084472656,3716.22,3819.07,3618.86,3760.1,0.007513276849782757,200.21000000000004,Crude oil,CL=F,₹/barrel,Energy
2011-08-22,84.12000274658203,84.66999816894531,81.12999725341797,82.41999816894531,374045,45.66299819946289,3763.54,3866.29,3704.64,3841.17,0.021560596792638442,161.6500000000001,Crude oil,CL=F,₹/barrel,Energy
2011-08-23,85.44000244140625,86.38999938964844,83.4000015258789,84.44999694824219,353947,45.61000061035156,3851.76,3940.25,3803.87,3896.92,0.014513806991099054,136.3800000000001,Crude oil,CL=F,₹/barrel,Energy
2011-08-24,85.16000366210938,86.58999633789062,84.55000305175781,85.66999816894531,294928,45.540000915527344,3901.41,3943.31,3850.41,3878.19,-0.0048063598944807495,92.90000000000009,Crude oil,CL=F,₹/barrel,Energy
2011-08-25,85.30000305175781,86.55999755859375,83.01000213623047,85.16999816894531,357816,45.93999862670898,3912.71,3976.57,3813.48,3918.68,0.01044043742054912,163.09000000000015,Crude oil,CL=F,₹/barrel,Energy
2011-08-26,85.37000274658203,85.63999938964844,82.94999694824219,85.08999633789062,283261,46.0099983215332,3914.99,3940.3,3816.53,3927.87,0.0023451774577154527,123.76999999999998,Crude oil,CL=F,₹/barrel,Energy
2011-08-29,87.2699966430664,87.62000274658203,85.11000061035156,85.33000183105469,208605,46.15299987792969,3938.24,4043.93,3928.08,4027.77,0.025433631968471593,115.84999999999991,Crude oil,CL=F,₹/barrel,Energy
2011-08-30,88.9000015258789,89.20999908447266,86.45999908447266,87.51000213623047,315383,45.84999847412109,4012.33,4090.28,3964.19,4076.06,0.011989264530993582,126.09000000000015,Crude oil,CL=F,₹/barrel,Energy
2011-08-31,88.80999755859375,89.54000091552734,87.66999816894531,88.79000091552734,317696,45.93999862670898,4079.01,4113.47,4027.56,4079.93,0.0009494462790047287,85.91000000000031,Crude oil,CL=F,₹/barrel,Energy
2011-09-01,88.93000030517578,89.9000015258789,88.20999908447266,88.7300033569336,282342,45.7400016784668,4058.51,4112.03,4034.73,4067.66,-0.0030074045388033266,77.29999999999973,Crude oil,CL=F,₹/barrel,Energy
2011-09-02,86.44999694824219,88.98999786376953,85.41999816894531,88.77999877929688,307284,45.70000076293945,4057.25,4066.84,3903.69,3950.76,-0.028738881814114214,163.1500000000001,Crude oil,CL=F,₹/barrel,Energy
2011-09-06,86.0199966430664,86.5999984741211,83.19999694824219,86.45999908447266,316166,45.98400115966797,3975.78,3982.21,3825.87,3955.54,0.0012098937925866249,156.34000000000015,Crude oil,CL=F,₹/barrel,Energy
2011-09-07,89.33999633789062,90.4800033569336,86.1500015258789,86.5,313728,46.040000915527344,3982.46,4165.7,3966.35,4113.21,0.039860550013399054,199.3499999999999,Crude oil,CL=F,₹/barrel,Energy
2011-09-08,89.05000305175781,90.2300033569336,88.58999633789062,90.11000061035156,336725,46.040000915527344,4148.66,4154.19,4078.68,4099.86,-0.003245640266361427,75.50999999999976,Crude oil,CL=F,₹/barrel,Energy
2011-09-09,87.23999786376953,89.5,85.63999938964844,88.7699966430664,349238,46.130001068115234,4094.96,4128.64,3950.57,4024.38,-0.0184103847448448,178.07000000000016,Crude oil,CL=F,₹/barrel,Energy
2011-09-12,88.19000244140625,88.94999694824219,85.0,86.69999694824219,355070,46.64300155639648,4043.95,4148.89,3964.66,4113.45,0.022132601792077322,184.23000000000047,Crude oil,CL=F,₹/barrel,Energy
2011-09-13,90.20999908447266,90.5199966430664,87.80999755859375,88.94999694824219,364262,47.15999984741211,4194.88,4268.92,4141.12,4254.3,0.034241330270211146,127.80000000000018,Crude oil,CL=F,₹/barrel,Energy
2011-09-14,88.91000366210938,90.25,88.20999908447266,89.87999725341797,330978,47.459999084472656,4265.7,4283.26,4186.45,4219.67,-0.00813999952988742,96.8100000000004,Crude oil,CL=F,₹/barrel,Energy
2011-09-15,89.4000015258789,90.1500015258789,88.01000213623047,88.5999984741211,296285,47.560001373291016,4213.82,4287.53,4185.76,4251.86,0.007628558631362026,101.76999999999953,Crude oil,CL=F,₹/barrel,Energy
2011-09-16,87.95999908447266,89.77999877929688,87.0,89.11000061035156,210962,47.5,4232.73,4264.55,4132.5,4178.1,-0.017347701946912486,132.05000000000018,Crude oil,CL=F,₹/barrel,Energy
2011-09-19,85.69999694824219,87.75,84.79000091552734,87.75,132221,47.16999816894531,4139.17,4139.17,3999.54,4042.47,-0.03246212393193093,139.6300000000001,Crude oil,CL=F,₹/barrel,Energy
2011-09-20,86.88999938964844,87.45999908447266,85.11000061035156,85.83999633789062,264593,47.72299957275391,4096.54,4173.85,4061.7,4146.65,0.025771372452980446,112.15000000000055,Crude oil,CL=F,₹/barrel,Energy
2011-09-21,85.91999816894531,87.98999786376953,84.91999816894531,86.51000213623047,298905,47.90999984741211,4144.69,4215.6,4068.52,4116.43,-0.007287810642325532,147.08000000000038,Crude oil,CL=F,₹/barrel,Energy
2011-09-22,80.51000213623047,85.0,79.66000366210938,84.80999755859375,459998,48.209999084472656,4088.69,4097.85,3840.41,3881.39,-0.05709801940030568,257.4400000000005,Crude oil,CL=F,₹/barrel,Energy
2011-09-23,79.8499984741211,81.80999755859375,77.55000305175781,80.4000015258789,427569,49.47299957275391,3977.63,4047.39,3836.63,3950.42,0.01778486573109128,210.75999999999976,Crude oil,CL=F,₹/barrel,Energy
2011-09-26,80.23999786376953,81.36000061035156,77.11000061035156,79.63999938964844,325671,49.34299850463867,3929.68,4014.55,3804.84,3959.28,0.0022427994997999967,209.71000000000004,Crude oil,CL=F,₹/barrel,Energy
2011-09-27,84.44999694824219,84.7699966430664,80.91999816894531,81.4800033569336,313568,49.400001525878906,4025.11,4187.64,3997.45,4171.83,0.05368400315208821,190.1900000000005,Crude oil,CL=F,₹/barrel,Energy
2011-09-28,81.20999908447266,84.62000274658203,80.54000091552734,83.76000213623047,282850,48.810001373291016,4088.33,4130.3,3931.16,3963.86,-0.049851024610302885,199.14000000000033,Crude oil,CL=F,₹/barrel,Energy
2011-09-29,82.13999938964844,83.9800033569336,79.63999938964844,80.66999816894531,351345,48.75,3932.66,4094.03,3882.45,4004.32,0.01020722225305648,211.58000000000038,Crude oil,CL=F,₹/barrel,Energy
2011-09-30,79.19999694824219,83.2300033569336,78.5999984741211,83.06999969482422,367957,48.86000061035156,4058.8,4066.62,3840.4,3869.71,-0.033616194509929254,226.2199999999998,Crude oil,CL=F,₹/barrel,Energy
2011-10-03,77.61000061035156,79.63999938964844,76.6500015258789,78.91999816894531,392782,49.04999923706055,3871.03,3906.34,3759.68,3806.77,-0.016264784699628665,146.6600000000003,Crude oil,CL=F,₹/barrel,Energy
2011-10-04,75.66999816894531,77.98999786376953,74.94999694824219,76.4000015258789,428113,49.09999847412109,3751.24,3829.31,3680.04,3715.4,-0.024001975427987432,149.26999999999998,Crude oil,CL=F,₹/barrel,Energy
2011-10-05,79.68000030517578,79.81999969482422,76.94000244140625,78.25,336067,49.303001403808594,3857.96,3935.37,3793.37,3928.46,0.05734510416105931,142.0,Crude oil,CL=F,₹/barrel,Energy
2011-10-06,82.58999633789062,82.9000015258789,79.08000183105469,79.70999908447266,386089,49.150001525878906,3917.75,4074.54,3886.78,4059.3,0.03330567194269518,187.75999999999976,Crude oil,CL=F,₹/barrel,Energy
2011-10-07,82.9800033569336,84.0,81.36000061035156,82.56999969482422,377540,49.040000915527344,4049.23,4119.36,3989.89,4069.34,0.0024733328406374433,129.4699999999998,Crude oil,CL=F,₹/barrel,Energy
2011-10-10,85.41000366210938,86.08999633789062,82.75,82.75,264825,48.89300155639648,4045.9,4209.2,4045.9,4175.95,0.026198351575439593,163.29999999999973,Crude oil,CL=F,₹/barrel,Energy
2011-10-11,85.80999755859375,86.63999938964844,83.97000122070312,85.69999694824219,362324,48.8129997253418,4183.27,4229.16,4098.83,4188.64,0.003038829487901129,130.32999999999993,Crude oil,CL=F,₹/barrel,Energy
2011-10-12,85.56999969482422,86.58999633789062,84.5199966430664,85.19999694824219,294230,49.23799896240234,4195.08,4263.52,4161.6,4213.3,0.005887352458077144,101.92000000000007,Crude oil,CL=F,₹/barrel,Energy
2011-10-13,84.2300033569336,85.38999938964844,83.16999816894531,84.93000030517578,360268,48.90999984741211,4153.93,4176.42,4067.84,4119.69,-0.022217739064391506,108.57999999999993,Crude oil,CL=F,₹/barrel,Energy
2011-10-14,86.80000305175781,87.4000015258789,83.7699966430664,84.47000122070312,274846,49.20000076293945,4155.92,4300.08,4121.48,4270.56,0.03662168755416073,178.60000000000036,Crude oil,CL=F,₹/barrel,Energy
2011-10-17,86.37999725341797,88.18000030517578,85.87999725341797,87.4800033569336,227298,48.89300155639648,4277.16,4311.38,4198.93,4223.38,-0.011047731445056441,112.44999999999982,Crude oil,CL=F,₹/barrel,Energy
2011-10-18,88.33999633789062,89.02999877929688,85.55000305175781,86.19999694824219,203765,48.900001525878906,4215.18,4353.57,4183.4,4319.83,0.022837158863280083,170.17000000000007,Crude oil,CL=F,₹/barrel,Energy
2011-10-19,86.11000061035156,89.51000213623047,85.87000274658203,88.26000213623047,112020,49.2400016784668,4345.92,4407.47,4228.24,4240.06,-0.018466004449249063,179.23000000000047,Crude oil,CL=F,₹/barrel,Energy
2011-10-20,85.30000305175781,86.94000244140625,84.0999984741211,86.0999984741211,389241,49.0099983215332,4219.76,4260.93,4121.74,4180.55,-0.014035178747470622,139.1900000000005,Crude oil,CL=F,₹/barrel,Energy
2011-10-21,87.4000015258789,88.88999938964844,85.94999694824219,86.5,296555,49.86000061035156,4312.89,4432.06,4285.47,4357.76,0.04238915932114207,146.59000000000015,Crude oil,CL=F,₹/barrel,Energy
2011-10-24,91.2699966430664,91.87999725341797,87.0,87.05000305175781,484139,49.823001861572266,4337.09,4577.74,4334.6,4547.35,0.04350629681304152,243.13999999999942,Crude oil,CL=F,₹/barrel,Energy
2011-10-25,93.16999816894531,94.6500015258789,91.0999984741211,91.69000244140625,489373,49.54999923706055,4543.24,4689.91,4514.0,4616.57,0.015222052404147313,175.90999999999985,Crude oil,CL=F,₹/barrel,Energy
2011-10-26,90.19999694824219,93.91999816894531,90.0,92.58999633789062,411445,49.40999984741211,4574.87,4640.59,4446.9,4456.78,-0.034612277080169895,193.6900000000005,Crude oil,CL=F,₹/barrel,Energy
2011-10-27,93.95999908447266,94.25,90.73999786376953,90.9800033569336,327446,49.36000061035156,4490.77,4652.18,4478.93,4637.87,0.04063247456683983,173.25,Crude oil,CL=F,₹/barrel,Energy
2011-10-28,93.31999969482422,93.93000030517578,92.01000213623047,93.93000030517578,276760,49.790000915527344,4676.77,4676.77,4581.18,4646.4,0.001839206359816048,95.59000000000015,Crude oil,CL=F,₹/barrel,Energy
2011-10-31,93.19000244140625,93.80000305175781,91.36000061035156,93.52999877929688,228561,48.62799835205078,4548.18,4561.31,4442.65,4531.64,-0.02469869146005499,118.66000000000076,Crude oil,CL=F,₹/barrel,Energy
2011-11-01,92.19000244140625,92.87999725341797,89.16999816894531,92.58000183105469,351343,48.67300033569336,4506.15,4520.75,4340.17,4487.16,-0.00981543105807181,180.57999999999993,Crude oil,CL=F,₹/barrel,Energy
2011-11-02,92.51000213623047,93.79000091552734,90.97000122070312,91.5999984741211,265626,49.257999420166016,4512.03,4619.91,4481.0,4556.86,0.015533210315656243,138.90999999999985,Crude oil,CL=F,₹/barrel,Energy
2011-11-03,94.06999969482422,94.61000061035156,90.87000274658203,92.98999786376953,299987,49.12300109863281,4567.95,4647.53,4463.81,4621.0,0.014075481801064882,183.71999999999935,Crude oil,CL=F,₹/barrel,Energy
2011-11-04,94.26000213623047,94.93000030517578,92.87000274658203,94.23999786376953,295457,49.04800033569336,4622.28,4656.13,4555.09,4623.26,0.0004890716295173902,101.03999999999996,Crude oil,CL=F,₹/barrel,Energy
2011-11-07,95.5199966430664,96.11000061035156,93.2300033569336,94.26000213623047,321186,48.99300003051758,4618.08,4708.72,4567.62,4679.81,0.012231628764118874,141.10000000000036,Crude oil,CL=F,₹/barrel,Energy
2011-11-08,96.80000305175781,97.08000183105469,95.2300033569336,95.87000274658203,313566,48.90999984741211,4689.0,4748.18,4657.7,4734.49,0.011684235043730284,90.48000000000047,Crude oil,CL=F,₹/barrel,Energy
2011-11-09,95.73999786376953,97.83999633789062,94.54000091552734,96.80999755859375,445712,49.310001373291016,4773.7,4824.49,4661.77,4720.94,-0.002861976685978873,162.71999999999935,Crude oil,CL=F,₹/barrel,Energy
2011-11-10,97.77999877929688,98.3499984741211,95.19999694824219,95.75,347730,50.04999923706055,4792.29,4922.42,4764.76,4893.89,0.03663465326820514,157.65999999999985,Crude oil,CL=F,₹/barrel,Energy
2011-11-11,98.98999786376953,99.19999694824219,97.3499984741211,97.51000213623047,282786,49.959999084472656,4871.6,4956.03,4863.61,4945.54,0.010553976489050543,92.42000000000007,Crude oil,CL=F,₹/barrel,Energy
2011-11-14,98.13999938964844,99.69000244140625,97.19000244140625,99.30000305175781,351523,50.03300094604492,4968.28,4987.79,4862.71,4910.24,-0.007137744311035865,125.07999999999993,Crude oil,CL=F,₹/barrel,Energy
2011-11-15,99.37000274658203,99.83999633789062,97.51000213623047,98.04000091552734,353319,50.36800003051758,4938.08,5028.74,4911.38,5005.07,0.01931270161947274,117.35999999999967,Crude oil,CL=F,₹/barrel,Energy
2011-11-16,102.58999633789062,102.88999938964844,98.38999938964844,99.31999969482422,379612,50.62300109863281,5027.88,5208.6,4980.8,5193.41,0.03762984333885444,227.80000000000018,Crude oil,CL=F,₹/barrel,Energy
2011-11-17,98.81999969482422,103.37000274658203,98.27999877929688,101.76000213623047,194039,50.70299911499024,5159.54,5241.17,4983.09,5010.47,-0.03522541066466922,258.0799999999999,Crude oil,CL=F,₹/barrel,Energy
2011-11-18,97.41000366210938,100.1500015258789,96.63999938964844,98.61000061035156,341638,50.948001861572266,5023.98,5102.44,4923.61,4962.85,-0.009504098417912887,178.82999999999993,Crude oil,CL=F,₹/barrel,Energy
2011-11-21,96.91999816894531,97.86000061035156,95.23999786376953,97.54000091552734,279104,51.22800064086914,4996.78,5013.17,4878.95,4965.02,0.00043724875827400034,134.22000000000025,Crude oil,CL=F,₹/barrel,Energy
2011-11-22,98.01000213623047,98.69999694824219,96.55000305175781,97.19999694824219,319245,52.05799865722656,5060.04,5138.12,5026.2,5102.2,0.027629294544634142,111.92000000000007,Crude oil,CL=F,₹/barrel,Energy
2011-11-23,96.16999816894531,97.87000274658203,95.3499984741211,97.79000091552734,283449,52.483001708984375,5132.31,5136.51,5004.25,5047.29,-0.01076202422484418,132.26000000000022,Crude oil,CL=F,₹/barrel,Energy
2011-11-25,96.7699966430664,97.55000305175781,94.98999786376953,95.79000091552734,185841,52.0629997253418,4987.11,5078.75,4945.46,5038.14,-0.0018128540266162396,133.28999999999996,Crude oil,CL=F,₹/barrel,Energy
2011-11-28,98.20999908447266,100.73999786376953,97.12999725341797,97.5,311735,52.22800064086914,5092.23,5261.45,5072.91,5129.31,0.018095963986709318,188.53999999999996,Crude oil,CL=F,₹/barrel,Energy
2011-11-29,99.79000091552734,100.1500015258789,97.2300033569336,97.75,320858,51.94300079345703,5077.43,5202.09,5050.42,5183.39,0.0105433284398877,151.67000000000007,Crude oil,CL=F,₹/barrel,Energy
2011-11-30,100.36000061035156,101.75,98.91999816894531,99.4800033569336,302863,51.90299987792969,5163.31,5281.13,5134.24,5208.99,0.004938852758522794,146.89000000000033,Crude oil,CL=F,₹/barrel,Energy
2011-12-01,100.19999694824219,101.16999816894531,98.87000274658203,100.51000213623047,275858,51.72999954223633,5199.38,5233.52,5114.55,5183.35,-0.004922259401534568,118.97000000000025,Crude oil,CL=F,₹/barrel,Energy
2011-12-02,100.95999908447266,101.55999755859375,99.76000213623047,100.0,245915,51.29999923706055,5130.0,5210.03,5117.69,5179.25,-0.0007909942411761239,92.34000000000015,Crude oil,CL=F,₹/barrel,Energy
2011-12-05,100.98999786376953,102.44000244140625,100.23999786376953,101.2300033569336,239380,51.10300064086914,5173.16,5234.99,5122.56,5160.89,-0.0035449148042669965,112.42999999999938,Crude oil,CL=F,₹/barrel,Energy
2011-12-06,101.27999877929688,101.41999816894531,100.19999694824219,100.44999694824219,217029,51.20000076293945,5143.04,5192.7,5130.24,5185.54,0.0047763079623863725,62.460000000000036,Crude oil,CL=F,₹/barrel,Energy
2011-12-07,100.48999786376953,101.94000244140625,99.66999816894531,101.11000061035156,330533,51.20000076293945,5176.83,5219.33,5103.1,5145.09,-0.007800537648923744,116.22999999999956,Crude oil,CL=F,₹/barrel,Energy
2011-12-08,98.33999633789062,101.7300033569336,97.70999908447266,100.83999633789062,340677,51.59999847412109,5203.34,5249.27,5041.84,5074.34,-0.01375097422979965,207.4300000000003,Crude oil,CL=F,₹/barrel,Energy
2011-12-09,99.41000366210938,99.91000366210938,97.36000061035156,98.08000183105469,318767,51.70000076293945,5070.74,5165.35,5033.51,5139.5,0.012841078839809672,131.84000000000015,Crude oil,CL=F,₹/barrel,Energy
2011-12-12,97.7699966430664,99.68000030517578,97.54000091552734,99.58000183105469,279146,51.86800003051758,5165.02,5170.2,5059.2,5071.13,-0.01330285047183577,111.0,Crude oil,CL=F,₹/barrel,Energy
2011-12-13,100.13999938964844,101.25,97.63999938964844,97.8499984741211,380754,52.650001525878906,5151.8,5330.81,5140.75,5272.37,0.03968346305458548,190.0600000000004,Crude oil,CL=F,₹/barrel,Energy
2011-12-14,94.94999694824219,100.33000183105469,94.20999908447266,100.33000183105469,377475,53.09999847412109,5327.52,5327.52,5002.55,5041.84,-0.04372416958597358,324.97000000000025,Crude oil,CL=F,₹/barrel,Energy
2011-12-15,93.87000274658203,95.98999786376953,93.30999755859375,94.88999938964844,273761,53.709999084472656,5096.54,5155.62,5011.68,5041.76,-1.58672230772261e-05,143.9399999999996,Crude oil,CL=F,₹/barrel,Energy
2011-12-16,93.52999877929688,94.79000091552734,92.5199966430664,93.41999816894531,205893,53.209999084472656,4970.88,5043.78,4922.99,4976.73,-0.012898273618736411,120.78999999999996,Crude oil,CL=F,₹/barrel,Energy
2011-12-19,93.87999725341797,94.41999816894531,92.54000091552734,93.76000213623047,114563,52.49300003051758,4921.74,4956.39,4857.7,4928.04,-0.009783532560536656,98.69000000000051,Crude oil,CL=F,₹/barrel,Energy
2011-12-20,97.22000122070312,97.44999694824219,94.13999938964844,94.13999938964844,242305,52.70000076293945,4961.18,5135.61,4961.18,5123.49,0.03966079820780677,174.42999999999938,Crude oil,CL=F,₹/barrel,Energy
2011-12-21,98.66999816894531,99.25,96.80000305175781,97.52999877929688,219505,52.709999084472656,5140.81,5231.47,5102.33,5200.9,0.015108841824615693,129.14000000000033,Crude oil,CL=F,₹/barrel,Energy
2011-12-22,99.52999877929688,100.05000305175781,98.51000213623047,99.02999877929688,151560,52.39300155639648,5188.48,5241.92,5161.23,5214.68,0.002649541425522539,80.69000000000051,Crude oil,CL=F,₹/barrel,Energy
2011-12-23,99.68000030517578,100.2300033569336,99.23999786376953,99.4800033569336,95270,52.5099983215332,5223.69,5263.08,5211.09,5234.2,0.0037432785904407684,51.98999999999978,Crude oil,CL=F,₹/barrel,Energy
2011-12-27,101.33999633789062,101.7699966430664,99.37000274658203,99.91999816894531,124238,52.70000076293945,5265.78,5363.28,5236.8,5340.62,0.020331664819838835,126.47999999999956,Crude oil,CL=F,₹/barrel,Energy
2011-12-28,99.36000061035156,101.70999908447266,99.11000061035156,101.25,164655,52.84999847412109,5351.06,5375.37,5237.96,5251.18,-0.016747119248326947,137.40999999999985,Crude oil,CL=F,₹/barrel,Energy
2011-12-29,99.6500015258789,99.91999816894531,98.30000305175781,99.58999633789062,153915,52.86000061035156,5264.33,5281.77,5196.14,5267.5,0.0031078728971392078,85.63000000000011,Crude oil,CL=F,₹/barrel,Energy
2011-12-30,98.83000183105469,100.16000366210938,98.61000061035156,99.77999877929688,154064,53.0,5288.34,5308.48,5226.33,5237.99,-0.005602278120550586,82.14999999999964,Crude oil,CL=F,₹/barrel,Energy
2012-01-03,102.95999908447266,103.18000030517578,99.6500015258789,99.69999694824219,275481,53.29800033569336,5313.81,5499.29,5311.15,5487.56,0.04764613907243054,188.14000000000033,Crude oil,CL=F,₹/barrel,Energy
2012-01-04,103.22000122070312,103.73999786376953,101.87999725341797,102.98999786376953,271711,53.04999923706055,5463.62,5503.41,5404.73,5475.82,-0.002139384352973006,98.68000000000029,Crude oil,CL=F,₹/barrel,Energy
2012-01-05,101.80999755859375,103.7300033569336,101.30000305175781,103.29000091552734,295615,52.84999847412109,5458.88,5482.13,5353.71,5380.66,-0.01737821915256521,128.42000000000007,Crude oil,CL=F,₹/barrel,Energy
2012-01-06,101.55999755859375,102.80000305175781,100.87999725341797,101.3499984741211,290458,52.7599983215332,5347.23,5423.73,5322.43,5358.31,-0.0041537655231884685,101.29999999999927,Crude oil,CL=F,₹/barrel,Energy
2012-01-09,101.30999755859375,102.1500015258789,100.0999984741211,101.91999816894531,311866,52.67300033569336,5368.43,5380.55,5272.57,5336.3,-0.004107638415843828,107.98000000000047,Crude oil,CL=F,₹/barrel,Energy
2012-01-10,102.23999786376953,103.41000366210938,101.30000305175781,101.30000305175781,291273,52.380001068115234,5306.09,5416.62,5306.09,5355.33,0.0035661413338829995,110.52999999999975,Crude oil,CL=F,₹/barrel,Energy
2012-01-11,100.87000274658203,102.45999908447266,100.55000305175781,102.19999694824219,311641,51.59999847412109,5273.52,5286.94,5188.38,5204.89,-0.028091639544155056,98.55999999999949,Crude oil,CL=F,₹/barrel,Energy
2012-01-12,99.0999984741211,102.9800033569336,98.5,101.0,370509,51.75,5226.75,5329.22,5097.38,5128.42,-0.014691953144062686,231.84000000000015,Crude oil,CL=F,₹/barrel,Energy
2012-01-13,98.69999694824219,100.19000244140625,97.69999694824219,99.19999694824219,335624,51.45000076293945,5103.84,5154.78,5026.66,5078.11,-0.009810038959367717,128.1199999999999,Crude oil,CL=F,₹/barrel,Energy
2012-01-17,100.70999908447266,101.01000213623047,98.5999984741211,98.94999694824219,341887,51.380001068115234,5084.05,5189.89,5066.07,5174.48,0.018977532979789657,123.82000000000062,Crude oil,CL=F,₹/barrel,Energy
2012-01-18,100.58999633789062,102.05999755859375,99.83999633789062,100.91000366210938,269387,50.650001525878906,5111.09,5169.34,5056.9,5094.88,-0.015383188262395375,112.44000000000051,Crude oil,CL=F,₹/barrel,Energy
2012-01-19,100.38999938964844,102.05999755859375,99.9800033569336,101.13999938964844,120170,50.36000061035156,5093.41,5139.74,5034.99,5055.64,-0.0077018497000910235,104.75,Crude oil,CL=F,₹/barrel,Energy
2012-01-20,98.45999908447266,100.73999786376953,97.91000366210938,100.38999938964844,304986,50.303001403808594,5049.92,5067.52,4925.17,4952.83,-0.020335704282741673,142.35000000000036,Crude oil,CL=F,₹/barrel,Energy
2012-01-23,99.58000183105469,100.23999786376953,97.4000015258789,98.33999633789062,238960,50.22299957275391,4938.93,5034.35,4891.72,5001.21,0.009768152753072412,142.6300000000001,Crude oil,CL=F,₹/barrel,Energy
2012-01-24,98.94999694824219,100.18000030517578,98.25,99.87999725341797,242477,49.84000015258789,4978.02,4992.97,4896.78,4931.67,-0.013904635078311078,96.19000000000051,Crude oil,CL=F,₹/barrel,Energy
2012-01-25,99.4000015258789,100.4000015258789,97.52999877929688,99.19999694824219,322794,50.0,4960.0,5020.0,4876.5,4970.0,0.00777221509143966,143.5,Crude oil,CL=F,₹/barrel,Energy
2012-01-26,99.69999694824219,101.38999938964844,99.2300033569336,99.95999908447266,260744,50.0,4998.0,5069.5,4961.5,4985.0,0.003018108651911433,108.0,Crude oil,CL=F,₹/barrel,Energy
2012-01-27,99.55999755859375,100.62999725341797,99.12999725341797,99.93000030517578,253456,52.49300003051758,5245.63,5282.37,5203.63,5226.2,0.04838515546639921,78.73999999999978,Crude oil,CL=F,₹/barrel,Energy
2012-01-30,98.77999877929688,100.05000305175781,98.43000030517578,100.0,215829,49.38800048828125,4938.8,4941.27,4861.26,4878.55,-0.06652060770732071,80.01000000000022,Crude oil,CL=F,₹/barrel,Energy
2012-01-31,98.4800033569336,101.29000091552734,97.86000061035156,98.87999725341797,373891,52.49300003051758,5190.51,5317.02,5136.97,5169.51,0.05964067192096012,180.05000000000018,Crude oil,CL=F,₹/barrel,Energy
2012-02-01,97.61000061035156,99.48999786376953,97.11000061035156,98.37999725341797,293554,49.5,4869.81,4924.75,4806.95,4831.7,-0.065346618925198,117.80000000000018,Crude oil,CL=F,₹/barrel,Energy
2012-02-02,96.36000061035156,97.98999786376953,95.44000244140625,97.11000061035156,331240,49.0099983215332,4759.36,4802.49,4677.51,4722.6,-0.02258004429082916,124.97999999999956,Crude oil,CL=F,₹/barrel,Energy
2012-02-03,97.83999633789062,98.02999877929688,96.01000213623047,96.61000061035156,318638,49.0,4733.89,4803.47,4704.49,4794.16,0.01515267013932986,98.98000000000047,Crude oil,CL=F,₹/barrel,Energy
2012-02-06,96.91000366210938,97.75,96.37999725341797,97.73999786376953,257715,48.65299987792969,4755.34,4755.83,4689.18,4714.96,-0.01652009945433608,66.64999999999964,Crude oil,CL=F,₹/barrel,Energy
2012-02-07,98.41000366210938,99.12999725341797,95.83999633789062,97.12999725341797,415728,49.053001403808594,4764.52,4862.62,4701.24,4827.31,0.02382840999711555,161.3800000000001,Crude oil,CL=F,₹/barrel,Energy
2012-02-08,98.70999908447266,100.08999633789062,98.0999984741211,98.7699966430664,364737,49.042999267578125,4843.98,4908.71,4811.12,4841.03,0.0028421626123036337,97.59000000000015,Crude oil,CL=F,₹/barrel,Energy
2012-02-09,99.83999633789062,100.18000030517578,98.66000366210938,99.0999984741211,295425,49.14799880981445,4870.57,4923.65,4848.94,4906.94,0.013614871215423152,74.71000000000004,Crude oil,CL=F,₹/barrel,Energy
2012-02-10,98.66999816894531,99.88999938964844,97.31999969482422,99.88999938964844,307564,49.48799896240234,4943.36,4943.36,4816.17,4882.98,-0.004882880165642978,127.1899999999996,Crude oil,CL=F,₹/barrel,Energy
2012-02-13,100.91000366210938,101.0,99.08999633789062,99.33000183105469,268062,49.35300064086914,4902.23,4984.65,4890.39,4980.21,0.019912020938033903,94.25999999999931,Crude oil,CL=F,₹/barrel,Energy
2012-02-14,100.73999786376953,101.83999633789062,100.27999877929688,100.7300033569336,314286,49.1879997253418,4954.71,5009.31,4932.57,4955.2,-0.0050218765875335025,76.74000000000069,Crude oil,CL=F,₹/barrel,Energy
2012-02-15,101.80000305175781,102.54000091552734,100.61000061035156,100.9000015258789,278272,49.358001708984375,4980.22,5061.17,4965.91,5024.64,0.01401356151113986,95.26000000000022,Crude oil,CL=F,₹/barrel,Energy
2012-02-16,102.30999755859375,102.69000244140625,100.83999633789062,101.9000015258789,197307,49.28300094604492,5021.94,5060.87,4969.7,5042.14,0.0034828365813273088,91.17000000000007,Crude oil,CL=F,₹/barrel,Energy
2012-02-17,103.23999786376953,104.13999938964844,102.25,102.3499984741211,134499,49.28300094604492,5044.12,5132.33,5039.19,5087.98,0.00909137786733405,93.14000000000033,Crude oil,CL=F,₹/barrel,Energy
2012-02-21,105.83999633789062,106.06999969482422,104.26000213623047,104.6500015258789,316239,49.14799880981445,5143.34,5213.13,5124.17,5201.82,0.022374301785777595,88.96000000000004,Crude oil,CL=F,₹/barrel,Energy
2012-02-22,106.27999877929688,106.72000122070312,105.61000061035156,106.01000213623047,241329,49.303001403808594,5226.61,5261.62,5206.89,5239.92,0.0073243595510803505,54.72999999999956,Crude oil,CL=F,₹/barrel,Energy
2012-02-23,107.83000183105469,108.73999786376953,105.44999694824219,105.94999694824219,325662,49.21799850463867,5214.65,5351.97,5190.04,5307.18,0.0128360738331883,161.9300000000003,Crude oil,CL=F,₹/barrel,Energy
2012-02-24,109.7699966430664,109.94999694824219,107.94999694824219,108.66000366210938,267713,49.09299850463867,5334.45,5397.78,5299.59,5388.94,0.015405544941004212,98.1899999999996,Crude oil,CL=F,₹/barrel,Energy
2012-02-27,108.55999755859375,109.7699966430664,107.2699966430664,109.66999816894531,277597,49.007999420166016,5374.71,5379.61,5257.09,5320.31,-0.012735343128704169,122.51999999999953,Crude oil,CL=F,₹/barrel,Energy
2012-02-28,106.55000305175781,108.79000091552734,106.30000305175781,107.94999694824219,278723,49.17300033569336,5308.23,5349.53,5227.09,5239.38,-0.015211519629495296,122.4399999999996,Crude oil,CL=F,₹/barrel,Energy
2012-02-29,107.06999969482422,107.43000030517578,104.83999633789062,106.45999908447266,353125,49.06800079345703,5223.78,5271.38,5144.29,5253.71,0.002735056437975558,127.09000000000015,Crude oil,CL=F,₹/barrel,Energy
2012-03-01,108.83999633789062,110.55000305175781,106.55000305175781,106.81999969482422,389838,49.00299835205078,5234.5,5417.28,5221.27,5333.49,0.015185459418201486,196.0099999999993,Crude oil,CL=F,₹/barrel,Energy
2012-03-02,106.69999694824219,109.02999877929688,105.80000305175781,108.75,299664,49.198001861572266,5350.28,5364.06,5205.15,5249.43,-0.015760787026880996,158.91000000000076,Crude oil,CL=F,₹/barrel,Energy
2012-03-05,106.72000122070312,107.41999816894531,105.5,106.75,237450,49.51800155639648,5286.05,5319.22,5224.15,5284.56,0.00669215514827326,95.07000000000062,Crude oil,CL=F,₹/barrel,Energy
2012-03-06,104.69999694824219,107.33999633789062,104.51000213623047,107.11000061035156,332561,49.83300018310547,5337.61,5349.07,5208.05,5217.51,-0.012687905899450458,141.01999999999953,Crude oil,CL=F,₹/barrel,Energy
2012-03-07,106.16000366210938,106.55000305175781,104.3499984741211,104.93000030517578,333242,50.358001708984375,5284.07,5365.65,5254.86,5346.01,0.02462860636587183,110.78999999999996,Crude oil,CL=F,₹/barrel,Energy
2012-03-08,106.58000183105469,107.19999694824219,105.83999633789062,106.23999786376953,279597,50.27799987792969,5341.53,5389.8,5321.42,5358.63,0.0023606390560435564,68.38000000000011,Crude oil,CL=F,₹/barrel,Energy
2012-03-09,107.4000015258789,108.19999694824219,106.12999725341797,106.91000366210938,292694,50.073001861572266,5353.3,5417.9,5314.25,5377.84,0.0035848715063364622,103.64999999999964,Crude oil,CL=F,₹/barrel,Energy
2012-03-12,106.33999633789062,107.55999755859375,105.37999725341797,107.5,234727,49.75299835205078,5348.45,5351.43,5242.97,5290.73,-0.01619795308153471,108.46000000000004,Crude oil,CL=F,₹/barrel,Energy
2012-03-13,106.70999908447266,107.3499984741211,105.66999816894531,106.55000305175781,282350,49.96799850463867,5324.09,5364.06,5280.12,5332.09,0.007817446741753997,83.94000000000051,Crude oil,CL=F,₹/barrel,Energy
2012-03-14,105.43000030517578,107.0199966430664,105.12000274658203,106.69000244140625,283510,49.83000183105469,5316.36,5332.81,5238.13,5253.58,-0.014724057545915437,94.68000000000029,Crude oil,CL=F,₹/barrel,Energy
2012-03-15,105.11000061035156,106.18000030517578,103.77999877929688,105.5,371039,49.90800094604492,5265.29,5299.23,5179.45,5245.83,-0.0014751845408274011,119.77999999999975,Crude oil,CL=F,₹/barrel,Energy
2012-03-16,107.05999755859375,107.33999633789062,105.12999725341797,105.44000244140625,192992,50.37799835205078,5311.86,5407.57,5296.24,5393.47,0.028144259345041833,111.32999999999993,Crude oil,CL=F,₹/barrel,Energy
2012-03-19,108.08999633789062,108.23999786376953,106.55000305175781,107.18000030517578,110353,50.132999420166016,5373.25,5426.4,5341.67,5418.88,0.004711252681483424,84.72999999999956,Crude oil,CL=F,₹/barrel,Energy
2012-03-20,105.61000061035156,107.91000366210938,105.3499984741211,107.81999969482422,329535,50.22800064086914,5415.58,5420.1,5291.52,5304.58,-0.021092919570095736,128.57999999999993,Crude oil,CL=F,₹/barrel,Energy
2012-03-21,107.2699966430664,107.63999938964844,106.05999755859375,106.33000183105469,252603,50.38800048828125,5357.76,5423.76,5344.15,5405.12,0.018953432694011507,79.61000000000058,Crude oil,CL=F,₹/barrel,Energy
2012-03-22,105.3499984741211,107.12000274658203,104.5,106.80999755859375,295474,50.62799835205078,5407.58,5423.27,5290.63,5333.66,-0.013220798058137473,132.64000000000033,Crude oil,CL=F,₹/barrel,Energy
2012-03-23,106.87000274658203,108.25,105.16000366210938,105.5199966430664,260269,51.119998931884766,5394.18,5533.74,5375.78,5463.19,0.024285387520014412,157.96000000000004,Crude oil,CL=F,₹/barrel,Energy
2012-03-26,107.02999877929688,107.31999969482422,106.19000244140625,106.79000091552734,162276,51.167999267578125,5464.23,5491.35,5433.53,5476.51,0.0024381359608580677,57.82000000000062,Crude oil,CL=F,₹/barrel,Energy
2012-03-27,107.33000183105469,107.7300033569336,106.5199966430664,107.08999633789062,209036,51.02299880981445,5464.05,5496.71,5434.97,5476.3,-3.834558870519089e-05,61.73999999999978,Crude oil,CL=F,₹/barrel,Energy
2012-03-28,105.41000366210938,106.94000244140625,104.66999816894531,106.80999755859375,309064,50.678001403808594,5412.92,5419.51,5304.47,5341.97,-0.024529335500246496,115.03999999999996,Crude oil,CL=F,₹/barrel,Energy
2012-03-29,102.77999877929688,105.69999694824219,102.12999725341797,105.58000183105469,319988,50.77299880981445,5360.61,5366.71,5185.45,5218.45,-0.023122555911021636,181.26000000000022,Crude oil,CL=F,₹/barrel,Energy
2012-03-30,103.0199966430664,104.1500015258789,102.77999877929688,103.29000091552734,244155,51.3380012512207,5302.7,5346.85,5276.52,5288.84,0.013488679588766761,70.32999999999993,Crude oil,CL=F,₹/barrel,Energy
2012-04-02,105.2300033569336,105.48999786376953,102.05999755859375,103.2699966430664,278097,50.86800003051758,5253.14,5366.07,5191.59,5352.84,0.012100952193675685,174.47999999999956,Crude oil,CL=F,₹/barrel,Energy
2012-04-03,104.01000213623047,105.18000030517578,103.58999633789062,105.04000091552734,245541,50.86800003051758,5343.17,5350.3,5269.42,5290.78,-0.011593845510047052,80.88000000000011,Crude oil,CL=F,₹/barrel,Energy
2012-04-04,101.47000122070312,104.12000274658203,101.08000183105469,104.08999633789062,300729,50.25,5230.52,5232.03,5079.27,5098.87,-0.03627253448451828,152.7599999999993,Crude oil,CL=F,₹/barrel,Energy
2012-04-05,103.30999755859375,103.4000015258789,101.37000274658203,101.95999908447266,242903,51.108001708984375,5210.97,5284.57,5180.82,5279.97,0.03551767352374169,103.75,Crude oil,CL=F,₹/barrel,Energy
2012-04-09,102.45999908447266,102.5999984741211,100.80999755859375,102.52999877929688,205924,51.03300094604492,5232.41,5235.99,5144.64,5228.84,-0.009683767142616317,91.34999999999945,Crude oil,CL=F,₹/barrel,Energy
2012-04-10,101.0199966430664,102.95999908447266,100.68000030517578,102.33000183105469,312927,51.04999923706055,5223.95,5256.11,5139.71,5157.07,-0.01372579769126625,116.39999999999964,Crude oil,CL=F,₹/barrel,Energy
2012-04-11,102.69999694824219,103.12999725341797,100.83999633789062,100.94000244140625,283008,51.47299957275391,5195.68,5308.41,5190.54,5286.28,0.02505492459865777,117.86999999999989,Crude oil,CL=F,₹/barrel,Energy
2012-04-12,103.63999938964844,104.23999786376953,102.38999938964844,102.55000305175781,271285,51.45800018310547,5277.02,5363.98,5268.78,5333.11,0.008858781600671994,95.19999999999982,Crude oil,CL=F,₹/barrel,Energy
2012-04-13,102.83000183105469,103.9000015258789,102.61000061035156,103.66000366210938,227259,51.22800064086914,5310.29,5322.59,5256.51,5267.78,-0.012249887964058459,66.07999999999993,Crude oil,CL=F,₹/barrel,Energy
2012-04-16,102.93000030517578,103.37000274658203,101.80000305175781,102.80000305175781,284959,51.542999267578125,5298.62,5328.0,5247.08,5305.32,0.0071263416467657326,80.92000000000007,Crude oil,CL=F,₹/barrel,Energy
2012-04-17,104.19999694824219,105.06999969482422,102.66000366210938,103.1500015258789,244523,51.667999267578125,5329.55,5428.76,5304.24,5383.81,0.014794583550097107,124.52000000000044,Crude oil,CL=F,₹/barrel,Energy
2012-04-18,102.66999816894531,104.51000213623047,102.19000244140625,104.22000122070312,195812,51.46799850463867,5363.99,5378.92,5259.51,5284.22,-0.018498052494423156,119.40999999999985,Crude oil,CL=F,₹/barrel,Energy
2012-04-19,102.2699966430664,103.20999908447266,101.66999816894531,102.7300033569336,91398,51.78799819946289,5320.18,5345.04,5265.29,5296.36,0.002297406239709865,79.75,Crude oil,CL=F,₹/barrel,Energy
2012-04-20,103.05000305175781,104.2699966430664,102.44999694824219,102.56999969482422,225790,52.13800048828125,5347.79,5436.43,5341.54,5372.82,0.014436329856731822,94.89000000000033,Crude oil,CL=F,₹/barrel,Energy
2012-04-23,103.11000061035156,103.9000015258789,101.81999969482422,103.81999969482422,213202,52.06800079345703,5405.7,5409.87,5301.56,5368.73,-0.0007612389769245942,108.30999999999949,Crude oil,CL=F,₹/barrel,Energy
2012-04-24,103.55000305175781,104.0999984741211,102.79000091552734,103.11000061035156,196136,52.49800109863281,5413.07,5465.04,5396.27,5436.17,0.012561630031683535,68.76999999999953,Crude oil,CL=F,₹/barrel,Energy
2012-04-25,104.12000274658203,104.56999969482422,103.11000061035156,103.76000213623047,276652,52.67300033569336,5465.35,5508.02,5431.11,5484.31,0.008855499368121356,76.91000000000076,Crude oil,CL=F,₹/barrel,Energy
2012-04-26,104.55000305175781,104.91999816894531,103.83999633789062,103.95999908447266,192832,52.53799819946289,5461.85,5512.29,5455.55,5492.85,0.0015571694524927349,56.73999999999978,Crude oil,CL=F,₹/barrel,Energy
2012-04-27,104.93000030517578,105.0,103.73999786376953,104.0999984741211,182104,52.40299987792969,5455.15,5502.31,5436.29,5498.65,0.001055918148137991,66.02000000000044,Crude oil,CL=F,₹/barrel,Energy
2012-04-30,104.87000274658203,105.16000366210938,103.87999725341797,104.93000030517578,211453,52.53799819946289,5512.81,5524.9,5457.65,5509.66,0.0020023096578252186,67.25,Crude oil,CL=F,₹/barrel,Energy
2012-05-01,106.16000366210938,106.43000030517578,104.38999938964844,104.88999938964844,245921,52.65800094604492,5523.3,5604.39,5496.97,5590.17,0.014612516924819463,107.42000000000007,Crude oil,CL=F,₹/barrel,Energy
2012-05-02,105.22000122070312,106.05000305175781,104.91000366210938,105.9800033569336,256649,52.52999877929688,5567.13,5570.81,5510.92,5527.21,-0.011262627075741882,59.89000000000033,Crude oil,CL=F,₹/barrel,Energy
2012-05-03,102.54000091552734,105.41999816894531,102.36000061035156,105.38999938964844,316883,52.95800018310547,5581.24,5582.83,5420.78,5430.31,-0.017531448958877927,162.05000000000018,Crude oil,CL=F,₹/barrel,Energy
2012-05-04,98.48999786376953,102.72000122070312,97.51000213623047,102.58999633789062,443060,53.40800094604492,5479.13,5486.07,5207.81,5260.15,-0.031335227638937924,278.2599999999993,Crude oil,CL=F,₹/barrel,Energy
2012-05-07,97.94000244140625,98.23999786376953,95.33999633789062,98.05000305175781,300474,53.46799850463867,5242.54,5252.7,5097.64,5236.66,-0.0044656521201866806,155.0599999999995,Crude oil,CL=F,₹/barrel,Energy
2012-05-08,97.01000213623047,98.12000274658203,95.5199966430664,97.95999908447266,333767,52.90299987792969,5182.38,5190.84,5053.29,5132.12,-0.019963106254750174,137.55000000000018,Crude oil,CL=F,₹/barrel,Energy
2012-05-09,96.80999755859375,97.38999938964844,95.16999816894531,97.37999725341797,332865,53.11800003051758,5172.63,5173.16,5055.24,5142.35,0.001993328293180996,117.92000000000007,Crude oil,CL=F,₹/barrel,Energy
2012-05-10,97.08000183105469,97.69000244140625,96.08000183105469,96.44999694824219,282314,53.81800079345703,5190.75,5257.48,5170.83,5224.65,0.01600435598510397,86.64999999999964,Crude oil,CL=F,₹/barrel,Energy
2012-05-11,96.12999725341797,97.19999694824219,95.55999755859375,96.52999877929688,260539,53.25299835205078,5140.51,5176.19,5088.86,5119.21,-0.020181256160699657,87.32999999999993,Crude oil,CL=F,₹/barrel,Energy
2012-05-14,94.77999877929688,95.83000183105469,93.6500015258789,95.79000091552734,251994,53.62799835205078,5137.03,5139.17,5022.26,5082.86,-0.007100704991590545,116.90999999999985,Crude oil,CL=F,₹/barrel,Energy
2012-05-15,93.9800033569336,95.4800033569336,93.0199966430664,93.91000366210938,284712,53.95800018310547,5067.2,5151.91,5019.17,5070.97,-0.0023392342106608455,132.73999999999978,Crude oil,CL=F,₹/barrel,Energy
2012-05-16,92.80999755859375,94.16000366210938,91.80999755859375,93.16000366210938,308371,53.78799819946289,5010.89,5064.68,4938.28,4992.06,-0.015561125386267305,126.40000000000055,Crude oil,CL=F,₹/barrel,Energy
2012-05-17,92.55999755859375,93.87999725341797,92.08999633789062,92.7699966430664,280073,54.48799896240234,5054.85,5115.33,5017.8,5043.41,0.010286334699502797,97.52999999999975,Crude oil,CL=F,₹/barrel,Energy
2012-05-18,91.4800033569336,92.87999725341797,90.93000030517578,92.86000061035156,211749,54.46799850463867,5057.9,5058.99,4952.78,4982.73,-0.012031542151044738,106.21000000000004,Crude oil,CL=F,₹/barrel,Energy
2012-05-21,92.56999969482422,93.05999755859375,90.83999633789062,91.2699966430664,107239,54.417999267578125,4966.73,5064.14,4943.33,5037.47,0.01098594545560383,120.8100000000004,Crude oil,CL=F,₹/barrel,Energy
2012-05-22,91.66000366210938,93.01000213623047,91.4000015258789,92.63999938964844,226226,55.02799987792969,5097.79,5118.15,5029.56,5043.87,0.0012704790301480973,88.58999999999924,Crude oil,CL=F,₹/barrel,Energy
2012-05-23,89.9000015258789,91.72000122070312,89.27999877929688,91.54000091552734,275522,55.38800048828125,5070.22,5080.19,4945.04,4979.38,-0.012785817239540198,135.14999999999964,Crude oil,CL=F,₹/barrel,Energy
2012-05-24,90.66000366210938,91.5199966430664,89.80999755859375,90.52999877929688,231521,55.99300003051758,5069.05,5124.48,5028.73,5076.33,0.019470295498636325,95.75,Crude oil,CL=F,₹/barrel,Energy
2012-05-25,90.86000061035156,91.31999969482422,90.19999694824219,90.79000091552734,153921,55.560001373291016,5044.29,5073.74,5011.51,5048.18,-0.005545344766790139,62.22999999999956,Crude oil,CL=F,₹/barrel,Energy
2012-05-29,90.76000213623047,92.20999908447266,90.25,91.0,262562,55.36800003051758,5038.49,5105.48,4996.96,5025.2,-0.00455213562115464,108.51999999999953,Crude oil,CL=F,₹/barrel,Energy
2012-05-30,87.81999969482422,90.91999816894531,87.2699966430664,90.86000061035156,297197,55.667999267578125,5057.99,5061.33,4858.15,4888.76,-0.027151158162859068,203.1800000000003,Crude oil,CL=F,₹/barrel,Energy
2012-05-31,86.52999877929688,88.27999877929688,85.86000061035156,87.55000305175781,345433,56.22800064086914,4922.76,4963.81,4827.74,4865.41,-0.004776262283278432,136.07000000000062,Crude oil,CL=F,₹/barrel,Energy
2012-06-01,83.2300033569336,86.58999633789062,82.29000091552734,86.44000244140625,407579,56.07799911499024,4847.38,4855.79,4614.66,4667.37,-0.04070366115085877,241.1300000000001,Crude oil,CL=F,₹/barrel,Energy
2012-06-04,83.9800033569336,84.37999725341797,81.20999908447266,82.95999908447266,309777,55.53799819946289,4607.43,4686.3,4510.24,4664.08,-0.0007048937624400953,176.0600000000004,Crude oil,CL=F,₹/barrel,Energy
2012-06-05,84.29000091552734,84.91999816894531,83.30999755859375,84.13999938964844,246358,55.64799880981445,4682.22,4725.63,4636.03,4690.57,0.0056795766796451375,89.60000000000036,Crude oil,CL=F,₹/barrel,Energy
2012-06-06,85.0199966430664,86.2699966430664,84.02999877929688,84.12000274658203,313102,55.63800048828125,4680.27,4799.89,4675.26,4730.34,0.008478713674457516,124.63000000000011,Crude oil,CL=F,₹/barrel,Energy
2012-06-07,84.81999969482422,87.02999877929688,83.43000030517578,85.5,339002,55.358001708984375,4733.11,4817.81,4618.52,4695.47,-0.007371563143452664,199.28999999999996,Crude oil,CL=F,₹/barrel,Energy
2012-06-08,84.0999984741211,84.66999816894531,82.0,83.62999725341797,304641,54.9379997253418,4594.46,4651.6,4504.92,4620.29,-0.016011176729912036,146.6800000000003,Crude oil,CL=F,₹/barrel,Energy
2012-06-11,82.69999694824219,86.63999938964844,81.11000061035156,85.72000122070312,343211,55.417999267578125,4750.43,4801.42,4494.95,4583.07,-0.008055771390973354,306.47000000000025,Crude oil,CL=F,₹/barrel,Energy
2012-06-12,83.31999969482422,83.72000122070312,81.06999969482422,81.18000030517578,320803,55.65800094604492,4518.32,4659.69,4512.19,4637.42,0.011858863163774602,147.5,Crude oil,CL=F,₹/barrel,Energy
2012-06-13,82.62000274658203,84.01000213623047,82.1500015258789,83.51000213623047,327544,55.79800033569336,4659.69,4687.59,4583.81,4610.03,-0.005906301348594711,103.77999999999975,Crude oil,CL=F,₹/barrel,Energy
2012-06-14,83.91000366210938,84.41999816894531,82.2699966430664,82.44000244140625,278944,55.678001403808594,4590.09,4700.34,4580.63,4671.94,0.013429413691451009,119.71000000000004,Crude oil,CL=F,₹/barrel,Energy
2012-06-15,84.02999877929688,84.80000305175781,83.41999816894531,84.33000183105469,216554,55.79800033569336,4705.45,4731.67,4654.67,4688.71,0.003589515276309241,77.0,Crude oil,CL=F,₹/barrel,Energy
2012-06-18,83.2699966430664,85.5999984741211,82.04000091552734,85.08999633789062,216955,55.38800048828125,4712.96,4741.21,4544.03,4612.16,-0.01632645226512197,197.1800000000003,Crude oil,CL=F,₹/barrel,Energy
2012-06-19,84.02999877929688,84.41000366210938,82.27999877929688,83.05999755859375,109008,55.90299987792969,4643.3,4718.77,4599.7,4697.53,0.018509765489488572,119.07000000000062,Crude oil,CL=F,₹/barrel,Energy
2012-06-20,81.80000305175781,84.33999633789062,80.91000366210938,84.04000091552734,413790,55.948001861572266,4701.87,4718.65,4526.75,4576.55,-0.025753960059861192,191.89999999999964,Crude oil,CL=F,₹/barrel,Energy
2012-06-21,78.19999694824219,81.19999694824219,77.93000030517578,81.08000183105469,376969,56.14799880981445,4552.48,4559.22,4375.61,4390.77,-0.04059389714959949,183.61000000000058,Crude oil,CL=F,₹/barrel,Energy
2012-06-22,79.76000213623047,80.37000274658203,77.55999755859375,78.11000061035156,293224,56.29800033569336,4397.44,4524.67,4366.47,4490.33,0.022674838354092675,158.19999999999982,Crude oil,CL=F,₹/barrel,Energy
2012-06-25,79.20999908447266,80.68000030517578,78.02999877929688,80.19999694824219,249004,57.11800003051758,4580.86,4608.28,4456.92,4524.32,0.007569599561724871,151.35999999999967,Crude oil,CL=F,₹/barrel,Energy
2012-06-26,79.36000061035156,79.68000030517578,78.36000061035156,79.2300033569336,253304,57.007999420166016,4516.74,4542.4,4467.15,4524.15,-3.7574707359322446e-05,75.25,Crude oil,CL=F,₹/barrel,Energy
2012-06-27,80.20999908447266,80.91999816894531,78.68000030517578,79.47000122070312,253006,57.007999420166016,4530.43,4613.09,4485.39,4572.61,0.01071140435219875,127.69999999999982,Crude oil,CL=F,₹/barrel,Energy
2012-06-28,77.69000244140625,80.83999633789062,77.27999877929688,80.4800033569336,310148,56.84999847412109,4575.29,4595.75,4393.37,4416.68,-0.03410087455523203,202.3800000000001,Crude oil,CL=F,₹/barrel,Energy
2012-06-29,84.95999908447266,85.33999633789062,78.27999877929688,78.45999908447266,439010,56.79800033569336,4456.37,4847.14,4446.15,4825.56,0.09257632429788898,400.9900000000007,Crude oil,CL=F,₹/barrel,Energy
2012-07-02,83.75,85.05000305175781,82.0999984741211,84.6500015258789,299104,55.50299835205078,4698.33,4720.53,4556.8,4648.38,-0.0367169820704748,163.72999999999956,Crude oil,CL=F,₹/barrel,Energy
2012-07-03,87.66000366210938,88.04000091552734,83.33000183105469,83.66999816894531,336186,55.428001403808594,4637.66,4879.88,4618.82,4858.82,0.045271686049763504,261.0600000000004,Crude oil,CL=F,₹/barrel,Energy
2012-07-05,87.22000122070312,88.9800033569336,86.5,87.75,368616,54.47800064086914,4780.44,4847.45,4712.35,4751.57,-0.02207326058590353,135.09999999999945,Crude oil,CL=F,₹/barrel,Energy
2012-07-06,84.44999694824219,87.12999725341797,84.0199966430664,86.7300033569336,296204,54.9379997253418,4764.77,4786.75,4615.89,4639.51,-0.023583783886167997,170.85999999999967,Crude oil,CL=F,₹/barrel,Energy
2012-07-09,85.98999786376953,86.4800033569336,84.0,84.19999694824219,256901,55.40299987792969,4664.93,4791.25,4653.85,4764.1,0.026854128992070292,137.39999999999964,Crude oil,CL=F,₹/barrel,Energy
2012-07-10,83.91000366210938,85.94999694824219,83.6500015258789,85.83999633789062,291409,55.84299850463867,4793.56,4799.71,4671.27,4685.79,-0.016437522302218732,128.4399999999996,Crude oil,CL=F,₹/barrel,Energy
2012-07-11,85.80999755859375,86.48999786376953,84.01000213623047,84.01000213623047,307821,55.38800048828125,4653.15,4790.51,4653.15,4752.84,0.014309220003457357,137.36000000000058,Crude oil,CL=F,₹/barrel,Energy
2012-07-12,86.08000183105469,86.37000274658203,84.20999908447266,86.19999694824219,240725,55.61800003051758,4794.27,4803.73,4683.59,4787.6,0.0073135220205182705,120.13999999999942,Crude oil,CL=F,₹/barrel,Energy
2012-07-13,87.0999984741211,87.61000061035156,85.58000183105469,85.86000061035156,260828,55.928001403808594,4801.98,4899.85,4786.32,4871.33,0.01748892973514904,113.53000000000065,Crude oil,CL=F,₹/barrel,Energy
2012-07-16,88.43000030517578,88.4800033569336,86.41000366210938,87.12999725341797,223124,55.13800048828125,4804.17,4878.61,4764.47,4875.85,0.0009278780127810471,114.13999999999942,Crude oil,CL=F,₹/barrel,Energy
2012-07-17,89.22000122070312,89.45999908447266,87.41000366210938,88.26000213623047,262785,55.04800033569336,4858.54,4924.59,4811.75,4911.38,0.00728693458576446,112.84000000000015,Crude oil,CL=F,₹/barrel,Energy
2012-07-18,89.87000274658203,90.04000091552734,88.58999633789062,89.12999725341797,192847,55.09799957275391,4910.88,4961.02,4881.13,4951.66,0.008201360920963019,79.89000000000033,Crude oil,CL=F,₹/barrel,Energy
2012-07-19,92.66000366210938,92.94000244140625,89.86000061035156,90.08000183105469,102928,55.3129997253418,4982.6,5140.79,4970.43,5125.3,0.03506702802696471,170.35999999999967,Crude oil,CL=F,₹/barrel,Energy
2012-07-20,91.44000244140625,92.30000305175781,90.66000366210938,92.22000122070312,249172,55.11800003051758,5082.98,5087.39,4997.0,5039.99,-0.016644879324137163,90.39000000000033,Crude oil,CL=F,₹/barrel,Energy
2012-07-23,88.13999938964844,91.63999938964844,87.91000366210938,91.61000061035156,290355,55.31800079345703,5067.68,5069.34,4863.01,4875.73,-0.03259133450661611,206.32999999999993,Crude oil,CL=F,₹/barrel,Energy
2012-07-24,88.5,89.08999633789062,87.43000030517578,88.05000305175781,309865,55.9630012512207,4927.54,4985.74,4892.85,4952.73,0.015792506968187237,92.88999999999942,Crude oil,CL=F,₹/barrel,Energy
2012-07-25,88.97000122070312,89.36000061035156,86.83999633789062,88.19999694824219,289552,56.108001708984375,4948.73,5013.81,4872.42,4991.93,0.007914826772305483,141.39000000000033,Crude oil,CL=F,₹/barrel,Energy
2012-07-26,89.38999938964844,90.47000122070312,88.06999969482422,89.0999984741211,233400,56.15800094604492,5003.68,5080.61,4945.84,5019.96,0.0056150627112159235,134.76999999999953,Crude oil,CL=F,₹/barrel,Energy
2012-07-27,90.12999725341797,90.44999694824219,89.12999725341797,89.43000030517578,210412,55.51800155639648,4964.97,5021.6,4948.32,5003.84,-0.0032111809655853696,73.28000000000065,Crude oil,CL=F,₹/barrel,Energy
2012-07-30,89.77999877929688,90.94999694824219,89.33000183105469,90.13999938964844,191095,55.24800109863281,4980.05,5024.81,4935.3,4960.17,-0.008727297435569548,89.51000000000022,Crude oil,CL=F,₹/barrel,Energy
2012-07-31,88.05999755859375,90.30000305175781,87.30999755859375,89.66999816894531,282851,55.42300033569336,4969.78,5004.7,4838.98,4880.55,-0.01605186918996726,165.72000000000025,Crude oil,CL=F,₹/barrel,Energy
2012-08-01,88.91000366210938,89.47000122070312,87.51000213623047,88.02999877929688,281204,55.64799880981445,4898.69,4978.83,4869.76,4947.66,0.013750499431416374,109.06999999999971,Crude oil,CL=F,₹/barrel,Energy
2012-08-02,87.12999725341797,89.62999725341797,86.91999816894531,88.87000274658203,302698,55.46799850463867,4929.44,4971.6,4821.28,4832.93,-0.023188739727467045,150.32000000000062,Crude oil,CL=F,₹/barrel,Energy
2012-08-03,91.4000015258789,91.73999786376953,87.2300033569336,87.26000213623047,301783,55.8380012512207,4872.42,5122.58,4870.75,5103.59,0.05600329406798776,251.82999999999993,Crude oil,CL=F,₹/barrel,Energy
2012-08-06,92.19999694824219,92.33000183105469,90.62999725341797,91.33999633789062,194374,55.74800109863281,5092.02,5147.21,5052.44,5139.97,0.007128315558263987,94.77000000000044,Crude oil,CL=F,₹/barrel,Energy
2012-08-07,93.66999816894531,94.41999816894531,91.77999877929688,92.05000305175781,260012,55.51800155639648,5110.43,5242.01,5095.44,5200.37,0.011751041348490254,146.57000000000062,Crude oil,CL=F,₹/barrel,Energy
2012-08-08,93.3499984741211,94.72000122070312,92.81999969482422,93.41000366210938,269931,55.0629997253418,5143.44,5215.57,5110.95,5140.13,-0.011583791153321754,104.61999999999989,Crude oil,CL=F,₹/barrel,Energy
2012-08-09,93.36000061035156,94.20999908447266,93.06999969482422,93.43000030517578,258637,55.417999267578125,5177.7,5220.93,5157.75,5173.82,0.006554308937711584,63.18000000000029,Crude oil,CL=F,₹/barrel,Energy
2012-08-10,92.87000274658203,93.87000274658203,91.70999908447266,93.45999908447266,224512,55.26800155639648,5165.35,5188.01,5068.63,5132.74,-0.007939974718873088,119.38000000000011,Crude oil,CL=F,₹/barrel,Energy
2012-08-13,92.7300033569336,94.13999938964844,92.05000305175781,93.25,280268,55.27799987792969,5154.67,5203.87,5088.34,5125.93,-0.0013267767313364098,115.52999999999975,Crude oil,CL=F,₹/barrel,Energy
2012-08-14,93.43000030517578,93.91999816894531,92.55999755859375,92.70999908447266,200411,55.3380012512207,5130.39,5197.34,5122.09,5170.23,0.008642334171555133,75.25,Crude oil,CL=F,₹/barrel,Energy
2012-08-15,94.33000183105469,94.9000015258789,92.68000030517578,93.25,281643,55.64799880981445,5189.18,5281.0,5157.46,5249.28,0.015289455207988745,123.53999999999996,Crude oil,CL=F,₹/barrel,Energy
2012-08-16,95.5999984741211,95.75,93.93000030517578,94.20999908447266,212628,55.64799880981445,5242.6,5328.3,5227.02,5319.95,0.01346279870763234,101.27999999999975,Crude oil,CL=F,₹/barrel,Energy
2012-08-17,96.01000213623047,96.27999877929688,94.9800033569336,95.2300033569336,162591,55.61800003051758,5296.5,5354.9,5282.6,5339.88,0.0037462758108628424,72.29999999999927,Crude oil,CL=F,₹/barrel,Energy
2012-08-20,95.97000122070312,96.52999877929688,95.0199966430664,96.36000061035156,113309,55.72800064086914,5369.95,5379.42,5295.27,5348.22,0.0015618328501765255,84.14999999999964,Crude oil,CL=F,₹/barrel,Energy
2012-08-21,96.68000030517578,97.5999984741211,95.80999755859375,95.97000122070312,220192,55.49800109863281,5326.14,5416.6,5317.26,5365.55,0.0032403304276937828,99.34000000000015,Crude oil,CL=F,₹/barrel,Energy
2012-08-22,97.26000213623047,97.54000091552734,96.26000213623047,96.94000244140625,217435,55.36299896240234,5366.89,5400.11,5329.24,5384.61,0.003552291936520957,70.86999999999989,Crude oil,CL=F,₹/barrel,Energy
2012-08-23,96.2699966430664,98.29000091552734,95.75,97.30000305175781,225156,55.49300003051758,5399.47,5454.41,5313.45,5342.31,-0.007855722141436261,140.96000000000004,Crude oil,CL=F,₹/barrel,Energy
2012-08-24,96.1500015258789,97.16999816894531,95.41000366210938,96.05999755859375,204231,55.257999420166016,5308.08,5369.42,5272.17,5313.06,-0.005475159621961323,97.25,Crude oil,CL=F,₹/barrel,Energy
2012-08-27,95.47000122070312,97.72000122070312,94.41000366210938,96.66999816894531,230844,55.49800109863281,5364.99,5423.26,5239.57,5298.39,-0.002761120710099263,183.6900000000005,Crude oil,CL=F,₹/barrel,Energy
2012-08-28,96.33000183105469,96.54000091552734,95.13999938964844,95.66000366210938,198458,55.6879997253418,5327.11,5376.12,5298.16,5364.43,0.012464163642162962,77.96000000000004,Crude oil,CL=F,₹/barrel,Energy
2012-08-29,95.48999786376953,96.37000274658203,94.76000213623047,96.08000183105469,185887,55.66299819946289,5348.1,5364.24,5274.63,5315.26,-0.009165931888383327,89.60999999999967,Crude oil,CL=F,₹/barrel,Energy
2012-08-30,94.62000274658203,95.5999984741211,93.94999694824219,95.30000305175781,192455,55.62300109863281,5300.87,5317.56,5225.78,5263.05,-0.009822661544308331,91.78000000000065,Crude oil,CL=F,₹/barrel,Energy
2012-08-31,96.47000122070312,96.91999816894531,94.51000213623047,94.75,249063,55.62799835205078,5270.75,5391.47,5257.4,5366.43,0.019642602673354714,134.07000000000062,Crude oil,CL=F,₹/barrel,Energy
2012-09-04,95.30000305175781,97.37000274658203,94.97000122070312,96.37999725341797,256147,55.52799987792969,5351.79,5406.76,5273.49,5291.82,-0.013903097590018065,133.27000000000044,Crude oil,CL=F,₹/barrel,Energy
2012-09-05,95.36000061035156,96.02999877929688,94.26000213623047,95.61000061035156,233044,55.64799880981445,5320.51,5343.88,5245.38,5306.59,0.0027911002263871776,98.5,Crude oil,CL=F,₹/barrel,Energy
2012-09-06,95.52999877929688,97.70999908447266,94.58999633789062,96.0,327082,55.90299987792969,5366.69,5462.28,5287.86,5340.41,0.0063732076531255455,174.42000000000007,Crude oil,CL=F,₹/barrel,Energy
2012-09-07,96.41999816894531,96.73999786376953,94.08000183105469,94.69999694824219,293026,55.65800094604492,5270.81,5384.35,5236.3,5366.54,0.004892882756192929,148.05000000000018,Crude oil,CL=F,₹/barrel,Energy
2012-09-10,96.54000091552734,96.62999725341797,95.33999633789062,96.23999786376953,221996,55.358001708984375,5327.65,5349.24,5277.83,5344.26,-0.004151650784304128,71.40999999999985,Crude oil,CL=F,₹/barrel,Energy
2012-09-11,97.16999816894531,97.30999755859375,96.08000183105469,96.29000091552734,222006,55.4379997253418,5338.13,5394.67,5326.48,5386.91,0.007980524899611874,68.19000000000051,Crude oil,CL=F,₹/barrel,Energy
2012-09-12,97.01000213623047,98.05999755859375,96.30999755859375,96.8499984741211,223528,55.3380012512207,5359.49,5426.44,5329.6,5368.34,-0.003447245266766985,96.83999999999924,Crude oil,CL=F,₹/barrel,Energy
2012-09-13,98.30999755859375,98.58000183105469,96.51000213623047,96.93000030517578,291055,55.20800018310547,5351.31,5442.4,5328.12,5427.5,0.01102016638290415,114.27999999999975,Crude oil,CL=F,₹/barrel,Energy
2012-09-14,99.0,100.41999816894531,97.98999786376953,98.04000091552734,271794,55.417999267578125,5433.18,5565.08,5430.41,5486.38,0.010848456932289308,134.67000000000007,Crude oil,CL=F,₹/barrel,Energy
2012-09-17,96.62000274658203,99.5199966430664,94.6500015258789,99.1500015258789,308274,54.29800033569336,5383.65,5403.74,5139.31,5246.27,-0.04376474104965378,264.4299999999994,Crude oil,CL=F,₹/barrel,Energy
2012-09-18,95.29000091552734,97.2300033569336,95.11000061035156,96.70999908447266,196211,54.007999420166016,5223.11,5251.2,5136.7,5146.42,-0.019032569806738953,114.5,Crude oil,CL=F,₹/barrel,Energy
2012-09-19,91.9800033569336,96.16999816894531,91.25,95.48999786376953,133035,54.01800155639648,5158.18,5194.91,4929.14,4968.58,-0.03455606032931635,265.7699999999995,Crude oil,CL=F,₹/barrel,Energy
2012-09-20,91.87000274658203,92.37000274658203,90.66000366210938,91.7699966430664,244553,54.01800155639648,4957.23,4989.64,4897.27,4962.63,-0.0011975252486625676,92.36999999999989,Crude oil,CL=F,₹/barrel,Energy
2012-09-21,92.88999938964844,93.83999633789062,92.58999633789062,92.93000030517578,181036,54.257999420166016,5042.2,5091.57,5023.75,5040.03,0.015596568754873807,67.81999999999971,Crude oil,CL=F,₹/barrel,Energy
2012-09-24,91.93000030517578,93.18000030517578,91.05999755859375,93.18000030517578,188315,53.358001708984375,4971.9,4971.9,4858.78,4905.2,-0.02675182488993122,113.11999999999989,Crude oil,CL=F,₹/barrel,Energy
2012-09-25,91.37000274658203,93.19999694824219,90.56999969482422,92.11000061035156,239024,53.46799850463867,4924.94,4983.22,4842.6,4885.37,-0.004042648617793354,140.6199999999999,Crude oil,CL=F,₹/barrel,Energy
2012-09-26,89.9800033569336,91.33999633789062,88.94999694824219,90.81999969482422,272057,53.358001708984375,4845.97,4873.72,4746.19,4801.15,-0.017239226506897132,127.53000000000065,Crude oil,CL=F,₹/barrel,Energy
2012-09-27,91.8499984741211,92.38999938964844,89.87999725341797,90.08000183105469,237289,53.507999420166016,4820.0,4943.6,4809.3,4914.71,0.0236526665486394,134.30000000000018,Crude oil,CL=F,₹/barrel,Energy
2012-09-28,92.19000244140625,92.70999908447266,91.4000015258789,92.3499984741211,210195,53.007999420166016,4895.29,4914.37,4844.93,4886.81,-0.005676835459264007,69.4399999999996,Crude oil,CL=F,₹/barrel,Energy
2012-10-01,92.4800033569336,93.33000183105469,91.26000213623047,92.1500015258789,216005,52.84799957275391,4869.94,4932.3,4822.91,4887.38,0.00011664050781590163,109.39000000000033,Crude oil,CL=F,₹/barrel,Energy
2012-10-02,91.88999938964844,92.94000244140625,91.62000274658203,92.41000366210938,177728,52.39799880981445,4842.1,4869.87,4800.7,4814.85,-0.014840262062700171,69.17000000000007,Crude oil,CL=F,₹/barrel,Energy
2012-10-03,88.13999938964844,91.81999969482422,87.69999694824219,91.63999938964844,339506,52.39799880981445,4801.75,4811.18,4595.3,4618.36,-0.04080916331765283,215.8800000000001,Crude oil,CL=F,₹/barrel,Energy
2012-10-04,91.70999908447266,91.83999633789062,87.91000366210938,88.01000213623047,291389,52.15299987792969,4589.99,4789.73,4584.77,4782.95,0.03563819191228057,204.95999999999913,Crude oil,CL=F,₹/barrel,Energy
2012-10-05,89.87999725341797,91.70999908447266,89.01000213623047,91.51000213623047,279131,51.73799896240234,4734.54,4744.89,4605.2,4650.21,-0.02775274673580108,139.6900000000005,Crude oil,CL=F,₹/barrel,Energy
2012-10-08,89.33000183105469,89.88999938964844,88.20999908447266,89.8499984741211,202688,51.90800094604492,4663.93,4666.01,4578.8,4636.94,-0.00285363456704113,87.21000000000004,Crude oil,CL=F,₹/barrel,Energy
2012-10-09,92.38999938964844,92.91000366210938,89.29000091552734,89.62000274658203,378040,52.63800048828125,4717.42,4890.6,4700.05,4863.22,0.048799423757909466,190.55000000000018,Crude oil,CL=F,₹/barrel,Energy
2012-10-10,91.25,93.66000366210938,91.0199966430664,92.26000213623047,303502,52.71799850463867,4863.76,4937.57,4798.39,4810.52,-0.010836441699121124,139.17999999999938,Crude oil,CL=F,₹/barrel,Energy
2012-10-11,92.06999969482422,92.94000244140625,91.08999633789062,91.2699966430664,300087,53.042999267578125,4841.23,4929.82,4831.69,4883.67,0.0152062562883013,98.13000000000011,Crude oil,CL=F,₹/barrel,Energy
2012-10-12,91.86000061035156,92.63999938964844,91.16000366210938,92.41000366210938,198462,52.667999267578125,4867.05,4879.16,4801.22,4838.08,-0.009335192590818053,77.9399999999996,Crude oil,CL=F,₹/barrel,Energy
2012-10-15,91.8499984741211,92.19999694824219,89.79000091552734,91.62999725341797,269016,52.803001403808594,4838.34,4868.44,4741.18,4849.96,0.0024555195449433853,127.25999999999931,Crude oil,CL=F,₹/barrel,Energy
2012-10-16,92.08999633789062,92.31999969482422,91.30000305175781,91.76000213623047,232217,53.01300048828125,4864.47,4894.16,4840.09,4881.97,0.006600054433438585,54.06999999999971,Crude oil,CL=F,₹/barrel,Energy
2012-10-17,92.12000274658203,92.8499984741211,91.55000305175781,92.08000183105469,226343,52.86800003051758,4868.09,4908.79,4840.07,4870.2,-0.0024109119883982677,68.72000000000025,Crude oil,CL=F,₹/barrel,Energy
2012-10-18,92.0999984741211,92.58999633789062,90.66000366210938,92.05999755859375,184654,52.86800003051758,4867.03,4895.05,4793.01,4869.14,-0.00021765019917041606,102.03999999999996,Crude oil,CL=F,₹/barrel,Energy
2012-10-19,90.05000305175781,93.05000305175781,89.83000183105469,92.04000091552734,123648,53.40800094604492,4915.67,4969.61,4797.64,4809.39,-0.012271160821007432,171.96999999999935,Crude oil,CL=F,₹/barrel,Energy
2012-10-22,88.7300033569336,90.80000305175781,88.19999694824219,89.5199966430664,275720,53.8380012512207,4819.58,4888.49,4748.51,4777.05,-0.006724345499117379,139.97999999999956,Crude oil,CL=F,₹/barrel,Energy
2012-10-23,86.66999816894531,89.29000091552734,85.69000244140625,89.13999938964844,309492,53.46799850463867,4766.14,4774.16,4581.67,4634.07,-0.02993060570854411,192.48999999999978,Crude oil,CL=F,₹/barrel,Energy
2012-10-24,85.7300033569336,87.47000122070312,84.94000244140625,86.5999984741211,298160,53.71799850463867,4651.98,4698.71,4562.81,4605.24,-0.0062213130142617645,135.89999999999964,Crude oil,CL=F,₹/barrel,Energy
2012-10-25,86.05000305175781,86.75,85.2300033569336,85.6500015258789,208678,53.733001708984375,4602.23,4661.34,4579.66,4623.72,0.00401282017875304,81.68000000000029,Crude oil,CL=F,₹/barrel,Energy
2012-10-26,86.27999877929688,86.37000274658203,85.0,86.0,212378,53.54800033569336,4605.13,4624.94,4551.58,4620.12,-0.0007785938594898623,73.35999999999967,Crude oil,CL=F,₹/barrel,Energy
2012-10-31,86.23999786376953,87.19000244140625,85.61000061035156,85.7300033569336,212577,53.95800018310547,4625.82,4704.6,4619.34,4653.34,0.0071902894297117825,85.26000000000022,Crude oil,CL=F,₹/barrel,Energy
2012-11-01,87.08999633789062,87.41999816894531,85.91999816894531,86.0999984741211,197179,53.87799835205078,4638.9,4710.01,4629.2,4692.23,0.008357437883326657,80.8100000000004,Crude oil,CL=F,₹/barrel,Energy
2012-11-02,84.86000061035156,87.23999786376953,84.66000366210938,86.91000366210938,297311,53.65299987792969,4662.98,4680.69,4542.26,4552.99,-0.029674589694026032,138.42999999999938,Crude oil,CL=F,₹/barrel,Energy
2012-11-05,85.6500015258789,85.9000015258789,84.33999633789062,84.6500015258789,221397,53.80799865722656,4554.85,4622.11,4538.17,4608.66,0.01222712986411123,83.9399999999996,Crude oil,CL=F,₹/barrel,Energy
2012-11-06,88.70999908447266,89.22000122070312,85.41999816894531,85.66999816894531,303429,54.5880012512207,4676.55,4870.34,4662.91,4842.5,0.05073926043578836,207.4300000000003,Crude oil,CL=F,₹/barrel,Energy
2012-11-07,84.44000244140625,88.80000305175781,84.05000305175781,88.41999816894531,422211,54.417999267578125,4811.64,4832.32,4573.83,4595.06,-0.0510975735673721,258.4899999999998,Crude oil,CL=F,₹/barrel,Energy
2012-11-08,85.08999633789062,85.69999694824219,84.22000122070312,84.5199966430664,296599,54.198001861572266,4580.81,4644.77,4564.56,4611.71,0.003623456494583177,80.21000000000004,Crude oil,CL=F,₹/barrel,Energy
2012-11-09,86.06999969482422,86.7699966430664,84.12999725341797,85.0,322403,54.358001708984375,4620.43,4716.64,4573.14,4678.59,0.014502212845126872,143.5,Crude oil,CL=F,₹/barrel,Energy
2012-11-12,85.56999969482422,86.54000091552734,85.2699966430664,86.19000244140625,280690,54.5880012512207,4704.94,4724.05,4654.72,4671.1,-0.001600909675778306,69.32999999999993,Crude oil,CL=F,₹/barrel,Energy
2012-11-13,85.37999725341797,85.94999694824219,84.56999969482422,85.58999633789062,352247,54.87799835205078,4697.01,4716.76,4641.03,4685.48,0.0030785039926353175,75.73000000000047,Crude oil,CL=F,₹/barrel,Energy
2012-11-14,86.31999969482422,86.6500015258789,84.93000030517578,85.37000274658203,265306,54.87799835205078,4684.93,4755.18,4660.79,4737.07,0.011010611506185208,94.39000000000033,Crude oil,CL=F,₹/barrel,Energy
2012-11-15,85.44999694824219,86.83000183105469,84.68000030517578,86.36000061035156,168098,54.803001403808594,4732.79,4758.54,4640.72,4682.92,-0.011431116702940725,117.81999999999971,Crude oil,CL=F,₹/barrel,Energy
2012-11-16,86.66999816894531,87.01000213623047,85.0199966430664,85.27999877929688,271209,54.698001861572266,4664.65,4759.27,4650.42,4740.68,0.012334184654019253,108.85000000000036,Crude oil,CL=F,₹/barrel,Energy
2012-11-19,89.27999877929688,89.80000305175781,87.11000061035156,87.30000305175781,247078,55.15800094604492,4815.29,4953.19,4804.81,4924.51,0.03877713745707356,148.3799999999992,Crude oil,CL=F,₹/barrel,Energy
2012-11-20,86.75,89.19000244140625,86.16999816894531,89.1500015258789,322630,55.05799865722656,4908.42,4910.62,4744.35,4776.28,-0.03010045669518402,166.26999999999953,Crude oil,CL=F,₹/barrel,Energy
2012-11-21,87.37999725341797,87.88999938964844,86.37000274658203,87.27999877929688,220980,55.09799957275391,4808.95,4842.56,4758.81,4814.46,0.007993668712889646,83.75,Crude oil,CL=F,₹/barrel,Energy
2012-11-23,88.27999877929688,88.52999877929688,86.70999908447266,87.68000030517578,104944,55.20800018310547,4840.64,4887.56,4787.09,4873.76,0.012317061518841266,100.47000000000025,Crude oil,CL=F,₹/barrel,Energy
2012-11-26,87.73999786376953,88.29000091552734,87.2699966430664,88.20999908447266,156593,55.44300079345703,4890.63,4895.06,4838.51,4864.57,-0.0018856078264011256,56.55000000000018,Crude oil,CL=F,₹/barrel,Energy
2012-11-27,87.18000030517578,88.25,86.83000183105469,87.81999969482422,210470,55.63600158691406,4885.95,4909.88,4830.87,4850.35,-0.0029231771770165116,79.01000000000022,Crude oil,CL=F,₹/barrel,Energy
2012-11-28,86.48999786376953,87.33999633789062,85.36000061035156,87.33000183105469,249744,55.448001861572266,4842.27,4842.83,4733.04,4795.7,-0.011267228138175711,109.78999999999996,Crude oil,CL=F,₹/barrel,Energy
2012-11-29,88.06999969482422,88.69000244140625,86.55000305175781,86.56999969482422,270030,55.70299911499024,4822.21,4940.3,4821.09,4905.76,0.02294972579602561,119.21000000000004,Crude oil,CL=F,₹/barrel,Energy
2012-11-30,88.91000366210938,88.98999786376953,87.47000122070312,87.66000366210938,216206,54.8380012512207,4807.1,4880.03,4796.68,4875.65,-0.006137683050128961,83.34999999999945,Crude oil,CL=F,₹/barrel,Energy
2012-12-03,89.08999633789062,90.33000183105469,88.66000366210938,88.8499984741211,235987,54.257999420166016,4820.82,4901.13,4810.51,4833.84,-0.008575266887491773,90.61999999999989,Crude oil,CL=F,₹/barrel,Energy
2012-12-04,88.5,89.18000030517578,87.56999969482422,88.93000030517578,206265,54.76800155639648,4870.52,4884.21,4796.03,4846.97,0.0027162669844265075,88.18000000000029,Crude oil,CL=F,₹/barrel,Energy
2012-12-05,87.87999725341797,89.05000305175781,87.45999908447266,88.5,220850,54.67300033569336,4838.56,4868.63,4781.7,4804.66,-0.008729164818433,86.93000000000029,Crude oil,CL=F,₹/barrel,Energy
2012-12-06,86.26000213623047,88.2300033569336,85.68000030517578,87.87000274658203,269293,54.53799819946289,4792.25,4811.89,4672.82,4704.45,-0.020856834822859494,139.07000000000062,Crude oil,CL=F,₹/barrel,Energy
2012-12-07,85.93000030517578,86.91999816894531,85.7699966430664,86.38999938964844,244993,54.132999420166016,4676.55,4705.24,4642.99,4651.65,-0.011223416127283836,62.25,Crude oil,CL=F,₹/barrel,Energy
2012-12-10,85.55999755859375,86.77999877929688,85.33000183105469,85.9800033569336,211603,54.3380012512207,4671.98,4715.45,4636.66,4649.16,-0.0005352939279610336,78.78999999999996,Crude oil,CL=F,₹/barrel,Energy
2012-12-11,85.79000091552734,86.37000274658203,85.20999908447266,85.69999694824219,217859,54.48799896240234,4669.62,4706.13,4642.92,4674.53,0.005456899741028476,63.210000000000036,Crude oil,CL=F,₹/barrel,Energy
2012-12-12,86.7699966430664,87.68000030517578,85.68000030517578,85.69000244140625,300353,54.257999420166016,4649.37,4757.34,4648.83,4707.97,0.007153660367994252,108.51000000000022,Crude oil,CL=F,₹/barrel,Energy
2012-12-13,85.88999938964844,86.97000122070312,85.80999755859375,86.7699966430664,228417,54.31800079345703,4713.17,4724.04,4661.03,4665.37,-0.009048485865458034,63.01000000000022,Crude oil,CL=F,₹/barrel,Energy
2012-12-14,86.7300033569336,86.91999816894531,86.05000305175781,86.12999725341797,218265,54.45800018310547,4690.47,4733.49,4686.11,4723.14,0.01238272634324833,47.38000000000011,Crude oil,CL=F,₹/barrel,Energy
2012-12-17,87.19999694824219,87.70999908447266,86.4800033569336,86.87999725341797,157226,54.4379997253418,4729.57,4774.76,4707.8,4746.99,0.005049606829354847,66.96000000000004,Crude oil,CL=F,₹/barrel,Energy
2012-12-18,87.93000030517578,88.16000366210938,87.20999908447266,87.44999694824219,93130,54.84799957275391,4796.46,4835.4,4783.29,4822.78,0.015965906816740816,52.10999999999967,Crude oil,CL=F,₹/barrel,Energy
2012-12-19,89.51000213623047,89.9000015258789,87.80999755859375,87.94000244140625,233083,54.84799957275391,4823.33,4930.84,4816.2,4909.44,0.017968889312802938,114.64000000000033,Crude oil,CL=F,₹/barrel,Energy
2012-12-20,90.12999725341797,90.54000091552734,89.26000213623047,89.69000244140625,178144,54.54800033569336,4892.41,4938.78,4868.95,4916.41,0.001419713857385041,69.82999999999993,Crude oil,CL=F,₹/barrel,Energy
2012-12-21,88.66000366210938,90.06999969482422,87.95999908447266,90.0199966430664,180375,54.84799957275391,4937.42,4940.16,4824.43,4862.82,-0.010900230045907566,115.72999999999956,Crude oil,CL=F,₹/barrel,Energy
2012-12-24,88.61000061035156,88.86000061035156,88.19999694824219,88.5999984741211,48516,55.05799865722656,4878.14,4892.45,4856.12,4878.69,0.003263538440657854,36.32999999999993,Crude oil,CL=F,₹/barrel,Energy
2012-12-26,90.9800033569336,91.30000305175781,88.58999633789062,88.62000274658203,141598,55.007999420166016,4874.81,5022.23,4873.16,5004.63,0.025814306709383228,149.0699999999997,Crude oil,CL=F,₹/barrel,Energy
2012-12-27,90.87000274658203,91.44000244140625,90.05000305175781,91.0,152771,54.8380012512207,4990.26,5014.39,4938.16,4983.13,-0.004296021883735679,76.23000000000047,Crude oil,CL=F,₹/barrel,Energy
2012-12-28,90.80000305175781,91.48999786376953,90.31999969482422,91.1500015258789,131374,54.94200134277344,5007.96,5026.64,4962.36,4988.73,0.0011237916731050568,64.28000000000065,Crude oil,CL=F,₹/barrel,Energy
2012-12-31,91.81999969482422,91.98999786376953,90.0,90.41000366210938,119525,54.75299835205078,4950.22,5036.73,4927.77,5027.42,0.007755480853844698,108.95999999999913,Crude oil,CL=F,₹/barrel,Energy
2013-01-02,93.12000274658203,93.87000274658203,91.55999755859375,91.77999877929688,203865,54.678001403808594,5018.35,5132.62,5006.32,5091.62,0.012769969487331334,126.30000000000018,Crude oil,CL=F,₹/barrel,Energy
2013-01-03,92.91999816894531,93.30000305175781,92.48999786376953,92.91000366210938,189812,54.34799957275391,5049.47,5070.67,5026.65,5050.02,-0.008170287649117425,44.02000000000044,Crude oil,CL=F,₹/barrel,Energy
2013-01-04,93.08999633789062,93.20999908447266,91.5199966430664,92.86000061035156,210747,54.49800109863281,5060.68,5079.76,4987.66,5073.22,0.004594041211718025,92.10000000000036,Crude oil,CL=F,₹/barrel,Energy
2013-01-07,93.19000244140625,93.3499984741211,92.41999816894531,93.20999908447266,166292,54.880001068115234,5115.36,5123.05,5072.01,5114.27,0.008091507957470823,51.039999999999964,Crude oil,CL=F,₹/barrel,Energy
2013-01-08,93.1500015258789,93.80000305175781,92.66999816894531,93.31999969482422,195867,55.21799850463867,5152.94,5179.45,5117.05,5143.56,0.005727112569340331,62.399999999999636,Crude oil,CL=F,₹/barrel,Energy
2013-01-09,93.0999984741211,93.6500015258789,92.68000030517578,93.1500015258789,201385,54.98799896240234,5122.13,5149.63,5096.29,5119.38,-0.00470102419336027,53.340000000000146,Crude oil,CL=F,₹/barrel,Energy
2013-01-10,93.81999969482422,94.69999694824219,93.08000183105469,93.19000244140625,279295,54.74800109863281,5101.97,5184.64,5095.94,5136.46,0.0033363415101046456,88.70000000000073,Crude oil,CL=F,₹/barrel,Energy
2013-01-11,93.55999755859375,94.12999725341797,92.6500015258789,93.87000274658203,257821,54.55799865722656,5121.36,5135.54,5054.8,5104.45,-0.006231918480821497,80.73999999999978,Crude oil,CL=F,₹/barrel,Energy
2013-01-14,94.13999938964844,94.29000091552734,92.94999694824219,93.73999786376953,248600,54.86800003051758,5143.33,5173.5,5099.98,5165.27,0.011915093692758338,73.52000000000044,Crude oil,CL=F,₹/barrel,Energy
2013-01-15,93.27999877929688,94.44000244140625,93.22000122070312,94.19999694824219,248136,54.49300003051758,5133.24,5146.32,5079.84,5083.11,-0.01590623529844537,66.47999999999956,Crude oil,CL=F,₹/barrel,Energy
2013-01-16,94.23999786376953,94.36000061035156,93.0999984741211,93.4000015258789,241531,54.61299896240234,5100.85,5153.28,5084.47,5146.73,0.012515959717574354,68.80999999999949,Crude oil,CL=F,₹/barrel,Energy
2013-01-17,95.48999786376953,96.04000091552734,93.80000305175781,94.19000244140625,178285,54.6879997253418,5151.06,5252.24,5129.73,5222.16,0.014655907731705442,122.51000000000022,Crude oil,CL=F,₹/barrel,Energy
2013-01-18,95.55999755859375,95.66999816894531,94.91000366210938,95.19000244140625,118549,54.34799957275391,5173.39,5199.47,5158.17,5193.49,-0.005490065413545353,41.30000000000018,Crude oil,CL=F,₹/barrel,Energy
2013-01-22,96.23999786376953,96.4000015258789,94.9800033569336,95.25,236391,53.76800155639648,5121.4,5183.24,5106.88,5174.63,-0.003631469397264553,76.35999999999967,Crude oil,CL=F,₹/barrel,Energy
2013-01-23,95.2300033569336,96.91999816894531,94.94999694824219,96.76000213623047,318008,53.80799865722656,5206.46,5215.07,5109.07,5124.14,-0.009757219356746227,106.0,Crude oil,CL=F,₹/barrel,Energy
2013-01-24,95.94999694824219,96.68000030517578,95.12000274658203,95.5,232035,53.667999267578125,5125.29,5188.62,5104.9,5149.44,0.004937413887988962,83.72000000000025,Crude oil,CL=F,₹/barrel,Energy
2013-01-25,95.87999725341797,96.55999755859375,95.43000030517578,95.94999694824219,184873,53.678001403808594,5150.4,5183.15,5122.49,5146.65,-0.0005418064876957507,60.659999999999854,Crude oil,CL=F,₹/barrel,Energy
2013-01-28,96.44000244140625,96.80999755859375,95.47000122070312,96.04000091552734,167186,53.792999267578125,5166.28,5207.7,5135.62,5187.8,0.007995492213381583,72.07999999999993,Crude oil,CL=F,₹/barrel,Energy
2013-01-29,97.56999969482422,97.81999969482422,96.29000091552734,96.45999908447266,252931,53.90800094604492,5199.97,5273.28,5190.8,5259.8,0.013878715447781298,82.47999999999956,Crude oil,CL=F,₹/barrel,Energy
2013-01-30,97.94000244140625,98.23999786376953,97.31999969482422,97.31999969482422,211277,53.757999420166016,5231.73,5281.19,5231.73,5265.06,0.0010000380242594087,49.460000000000036,Crude oil,CL=F,₹/barrel,Energy
2013-01-31,97.48999786376953,98.04000091552734,96.83999633789062,97.95999908447266,230630,53.303001403808594,5221.56,5225.83,5161.86,5196.51,-0.013019794646214944,63.970000000000255,Crude oil,CL=F,₹/barrel,Energy
2013-02-01,97.7699966430664,98.1500015258789,96.51000213623047,97.41999816894531,270275,53.2130012512207,5184.01,5222.86,5135.59,5202.63,0.0011777135038708586,87.26999999999953,Crude oil,CL=F,₹/barrel,Energy
2013-02-04,96.16999816894531,97.76000213623047,95.88999938964844,97.72000122070312,196975,53.16299819946289,5195.09,5197.21,5097.8,5112.69,-0.01728741040589099,99.40999999999985,Crude oil,CL=F,₹/barrel,Energy
2013-02-05,96.63999938964844,97.06999969482422,95.91000366210938,96.12999725341797,188841,53.28300094604492,5122.09,5172.18,5110.37,5149.27,0.007154746327276085,61.8100000000004,Crude oil,CL=F,₹/barrel,Energy
2013-02-06,96.62000274658203,96.98999786376953,95.04000091552734,96.63999938964844,282803,53.132999420166016,5134.77,5153.37,5049.76,5133.71,-0.003021787554352451,103.60999999999967,Crude oil,CL=F,₹/barrel,Energy
2013-02-07,95.83000183105469,97.20999908447266,95.54000091552734,96.86000061035156,275474,53.15299987792969,5148.4,5167.0,5078.24,5093.65,-0.007803323522365013,88.76000000000022,Crude oil,CL=F,₹/barrel,Energy
2013-02-08,95.72000122070312,96.56999969482422,95.2699966430664,95.91999816894531,229242,53.21799850463867,5104.67,5139.26,5070.08,5094.03,7.460269158654498e-05,69.18000000000029,Crude oil,CL=F,₹/barrel,Energy
2013-02-11,97.02999877929688,97.08999633789062,94.97000122070312,95.79000091552734,283956,53.5880012512207,5133.19,5202.86,5089.25,5199.64,0.020732111903542183,113.60999999999967,Crude oil,CL=F,₹/barrel,Energy
2013-02-12,97.51000213623047,97.79000091552734,96.68000030517578,96.95999908447266,239796,53.95800018310547,5231.77,5276.55,5216.66,5261.44,0.011885438222646094,59.89000000000033,Crude oil,CL=F,₹/barrel,Energy
2013-02-13,97.01000213623047,98.11000061035156,96.62999725341797,97.58999633789062,246437,53.84799957275391,5255.03,5283.03,5203.33,5223.79,-0.007155835664760857,79.69999999999982,Crude oil,CL=F,₹/barrel,Energy
2013-02-14,97.30999755859375,97.70999908447266,96.7699966430664,97.16999816894531,174599,53.81800079345703,5229.5,5258.56,5207.97,5237.03,0.002534558242195839,50.590000000000146,Crude oil,CL=F,₹/barrel,Energy
2013-02-15,95.86000061035156,97.47000122070312,95.20999908447266,97.33999633789062,223592,53.917999267578125,5248.38,5255.39,5133.53,5168.58,-0.013070385313813326,121.86000000000058,Crude oil,CL=F,₹/barrel,Energy
2013-02-19,96.66000366210938,96.7300033569336,95.25,95.97000122070312,118307,54.178001403808594,5199.46,5240.64,5160.45,5236.85,0.013208656923178186,80.19000000000051,Crude oil,CL=F,₹/barrel,Energy
2013-02-20,94.45999908447266,97.06999969482422,93.91999816894531,96.66000366210938,338967,54.16299819946289,5235.4,5257.6,5086.99,5116.24,-0.023031020556250503,170.61000000000058,Crude oil,CL=F,₹/barrel,Energy
2013-02-21,92.83999633789062,94.91999816894531,92.62999725341797,94.72000122070312,286434,54.06800079345703,5121.32,5132.13,5008.32,5019.67,-0.01887518959235679,123.8100000000004,Crude oil,CL=F,₹/barrel,Energy
2013-02-22,93.12999725341797,93.4800033569336,92.44000244140625,92.95999908447266,204258,54.46799850463867,5063.35,5091.67,5035.02,5072.6,0.01054451786671251,56.649999999999636,Crude oil,CL=F,₹/barrel,Energy
2013-02-25,93.11000061035156,94.45999908447266,92.06999969482422,93.2300033569336,217519,54.27299880981445,5059.87,5126.63,4996.91,5053.36,-0.0037929267042543513,129.72000000000025,Crude oil,CL=F,₹/barrel,Energy
2013-02-26,92.62999725341797,93.44000244140625,91.91999816894531,91.91999816894531,230836,53.86299896240234,4951.09,5032.96,4951.09,4989.33,-0.012670777462915672,81.86999999999989,Crude oil,CL=F,₹/barrel,Energy
2013-02-27,92.76000213623047,93.37000274658203,92.18000030517578,92.72000122070312,201512,54.0880012512207,5015.04,5050.2,4985.83,5017.2,0.005585920354035601,64.36999999999989,Crude oil,CL=F,₹/barrel,Energy
2013-02-28,92.05000305175781,93.18000030517578,91.56999969482422,92.88999938964844,218119,53.858001708984375,5002.87,5018.49,4931.78,4957.63,-0.011873156342182778,86.71000000000004,Crude oil,CL=F,₹/barrel,Energy
2013-03-01,90.68000030517578,91.97000122070312,90.04000091552734,91.76000213623047,248466,54.36299896240234,4988.35,4999.77,4894.84,4929.64,-0.005645842872501583,104.93000000000029,Crude oil,CL=F,₹/barrel,Energy
2013-03-04,90.12000274658203,90.91000366210938,89.33000183105469,90.70999908447266,231108,54.89799880981445,4979.8,4990.78,4904.04,4947.41,0.0036047257000511035,86.73999999999978,Crude oil,CL=F,₹/barrel,Energy
2013-03-05,90.81999969482422,90.98999786376953,90.0199966430664,90.2300033569336,209874,54.858001708984375,4949.84,4991.53,4938.32,4982.2,0.007031962178190243,53.210000000000036,Crude oil,CL=F,₹/barrel,Energy
2013-03-06,90.43000030517578,91.16999816894531,89.55000305175781,90.83000183105469,244168,54.917999267578125,4988.2,5006.87,4917.91,4966.23,-0.003205411264100233,88.96000000000004,Crude oil,CL=F,₹/barrel,Energy
2013-03-07,91.55999755859375,91.7300033569336,90.22000122070312,90.41999816894531,234921,54.7130012512207,4947.15,5018.82,4936.21,5009.52,0.008716873765411748,82.60999999999967,Crude oil,CL=F,₹/barrel,Energy
2013-03-08,91.94999694824219,92.02999877929688,90.83000183105469,91.41999816894531,219961,54.55799865722656,4987.69,5020.97,4955.5,5016.61,0.0014153052587870807,65.47000000000025,Crude oil,CL=F,₹/barrel,Energy
2013-03-11,92.05999755859375,92.1500015258789,90.88999938964844,91.83000183105469,194607,54.34299850463867,4990.32,5007.71,4939.24,5002.82,-0.0027488682596414904,68.47000000000025,Crude oil,CL=F,₹/barrel,Energy
2013-03-12,92.54000091552734,93.47000122070312,91.5999984741211,91.94000244140625,283114,54.40800094604492,5002.27,5085.52,4983.77,5034.92,0.006416381161025164,101.75,Crude oil,CL=F,₹/barrel,Energy
2013-03-13,92.5199966430664,93.4000015258789,91.91000366210938,92.62000274658203,251336,54.141998291015625,5014.63,5056.86,4976.19,5009.22,-0.005104351211141389,80.67000000000007,Crude oil,CL=F,₹/barrel,Energy
2013-03-14,93.02999877929688,93.25,92.01000213623047,92.51000213623047,174701,54.36299896240234,5029.12,5069.35,5001.94,5057.39,0.009616267602540862,67.41000000000076,Crude oil,CL=F,₹/barrel,Energy
2013-03-15,93.44999694824219,93.83999633789062,93.0,93.1500015258789,175611,54.35300064086914,5062.98,5100.49,5054.83,5079.29,0.004330296852724347,45.659999999999854,Crude oil,CL=F,₹/barrel,Energy
2013-03-18,93.73999786376953,93.94000244140625,91.76000213623047,93.26000213623047,151208,54.02299880981445,5038.18,5074.92,4957.15,5064.12,-0.0029866378962414286,117.77000000000044,Crude oil,CL=F,₹/barrel,Energy
2013-03-19,92.16000366210938,94.08999633789062,92.02999877929688,93.80000305175781,96796,54.073001861572266,5072.05,5087.73,4976.34,4983.37,-0.01594551471924044,111.38999999999942,Crude oil,CL=F,₹/barrel,Energy
2013-03-20,92.95999908447266,93.30000305175781,92.08999633789062,92.08999633789062,226790,54.36800003051758,5006.75,5072.53,5006.75,5054.05,0.014183173234176838,65.77999999999975,Crude oil,CL=F,₹/barrel,Energy
2013-03-21,92.44999694824219,93.52999877929688,91.83999633789062,93.4000015258789,214131,54.34999847412109,5076.29,5083.36,4991.5,5024.66,-0.005815138354389071,91.85999999999967,Crude oil,CL=F,₹/barrel,Energy
2013-03-22,93.70999908447266,93.94000244140625,92.33000183105469,92.33000183105469,202666,54.27799987792969,5011.49,5098.88,5011.49,5086.39,0.012285408365939388,87.39000000000033,Crude oil,CL=F,₹/barrel,Energy
2013-03-25,94.80999755859375,95.6500015258789,93.69999694824219,93.72000122070312,270651,54.34299850463867,5093.03,5197.91,5091.94,5152.26,0.012950245655563242,105.97000000000025,Crude oil,CL=F,₹/barrel,Energy
2013-03-26,96.33999633789062,96.44999694824219,94.66999816894531,94.75,214345,54.167999267578125,5132.42,5224.5,5128.08,5218.54,0.012864257626750142,96.42000000000007,Crude oil,CL=F,₹/barrel,Energy
2013-03-27,96.58000183105469,96.83999633789062,95.58000183105469,96.18000030517578,207777,54.36299896240234,5228.63,5264.51,5196.02,5250.38,0.0061013233586406646,68.48999999999978,Crude oil,CL=F,₹/barrel,Energy
2013-03-28,97.2300033569336,97.3499984741211,96.26000213623047,96.68000030517578,174390,54.38800048828125,5258.23,5294.67,5235.39,5288.15,0.007193765022722065,59.279999999999745,Crude oil,CL=F,₹/barrel,Energy
2013-04-01,97.06999969482422,97.80000305175781,95.91999816894531,97.36000061035156,192396,54.27799987792969,5284.51,5308.39,5206.35,5268.77,-0.003664797708083034,102.03999999999996,Crude oil,CL=F,₹/barrel,Energy
2013-04-02,97.19000244140625,97.44000244140625,95.91000366210938,97.0,209877,54.25,5262.25,5286.12,5203.12,5272.56,0.000719332975248399,83.0,Crude oil,CL=F,₹/barrel,Energy
2013-04-03,94.44999694824219,96.95999908447266,94.18000030517578,96.93000030517578,302235,54.42300033569336,5275.22,5276.85,5125.56,5140.25,-0.02509407194986879,151.28999999999996,Crude oil,CL=F,₹/barrel,Energy
2013-04-04,93.26000213623047,94.83999633789062,92.12000274658203,94.5,355321,54.428001403808594,5143.45,5161.95,5013.91,5075.96,-0.012507173775594516,148.03999999999996,Crude oil,CL=F,₹/barrel,Energy
2013-04-05,92.69999694824219,93.56999969482422,91.91000366210938,93.36000061035156,267276,54.882999420166016,5123.88,5135.4,5044.3,5087.65,0.0023030126320930933,91.09999999999945,Crude oil,CL=F,₹/barrel,Energy
2013-04-08,93.36000061035156,93.75,92.45999908447266,93.0199966430664,212117,54.803001403808594,5097.78,5137.78,5067.09,5116.41,0.005652904582665874,70.6899999999996,Crude oil,CL=F,₹/barrel,Energy
2013-04-09,94.19999694824219,94.4800033569336,92.86000061035156,93.48999786376953,234720,54.55799865722656,5100.63,5154.64,5066.26,5139.36,0.0044855670284438265,88.38000000000011,Crude oil,CL=F,₹/barrel,Energy
2013-04-10,94.63999938964844,94.81999969482422,93.4000015258789,93.95999908447266,248557,54.57799911499024,5128.15,5175.09,5097.59,5165.26,0.005039537996949228,77.5,Crude oil,CL=F,₹/barrel,Energy
2013-04-11,93.51000213623047,94.63999938964844,93.05999755859375,94.55999755859375,222439,54.51300048828125,5154.75,5159.11,5072.98,5097.51,-0.013116474291710367,86.13000000000011,Crude oil,CL=F,₹/barrel,Energy
2013-04-12,91.29000091552734,93.5199966430664,90.2699966430664,93.48999786376953,325580,54.29800033569336,5076.32,5077.95,4901.48,4956.86,-0.0275919027132856,176.47000000000025,Crude oil,CL=F,₹/barrel,Energy
2013-04-15,88.70999908447266,90.9800033569336,87.19999694824219,90.94999694824219,362524,54.51300048828125,4957.96,4959.59,4753.53,4835.85,-0.024412632190539796,206.0600000000004,Crude oil,CL=F,₹/barrel,Energy
2013-04-16,88.72000122070312,88.95999908447266,86.05999755859375,87.41999816894531,287410,54.542999267578125,4768.15,4852.15,4693.97,4839.05,0.000661724412461151,158.17999999999938,Crude oil,CL=F,₹/barrel,Energy
2013-04-17,86.68000030517578,89.08999633789062,86.05999755859375,88.80000305175781,294274,54.14799880981445,4808.34,4824.05,4659.98,4693.55,-0.03006788522540582,164.07000000000062,Crude oil,CL=F,₹/barrel,Energy
2013-04-18,87.7300033569336,88.51000213623047,85.61000061035156,86.38999938964844,228200,54.20800018310547,4683.03,4797.95,4640.75,4755.67,0.01323518445526295,157.19999999999982,Crude oil,CL=F,₹/barrel,Energy
2013-04-19,88.01000213623047,88.79000091552734,87.55999755859375,88.37000274658203,100652,54.02299880981445,4774.01,4796.7,4730.25,4754.56,-0.00023340559794937654,66.44999999999982,Crude oil,CL=F,₹/barrel,Energy
2013-04-22,88.76000213623047,89.12999725341797,87.55000305175781,87.95999908447266,238730,53.93299865722656,4743.95,4807.05,4721.83,4787.09,0.0068418528738725115,85.22000000000025,Crude oil,CL=F,₹/barrel,Energy
2013-04-23,89.18000030517578,89.5999984741211,87.80000305175781,89.27999877929688,288801,54.13800048828125,4833.44,4850.76,4753.32,4828.03,0.008552168436356977,97.44000000000051,Crude oil,CL=F,₹/barrel,Energy
2013-04-24,91.43000030517578,91.72000122070312,89.20999908447266,89.5999984741211,257736,54.37799835205078,4872.27,4987.55,4851.06,4971.78,0.029774048628529615,136.48999999999978,Crude oil,CL=F,₹/barrel,Energy
2013-04-25,93.63999938964844,93.87000274658203,91.11000061035156,91.58000183105469,270121,54.27299880981445,4970.32,5094.61,4944.81,5082.12,0.022193258752398526,149.79999999999927,Crude oil,CL=F,₹/barrel,Energy
2013-04-26,93.0,93.58000183105469,92.05999755859375,93.23999786376953,240966,54.21799850463867,5055.29,5073.72,4991.31,5042.27,-0.007841215870542095,82.40999999999985,Crude oil,CL=F,₹/barrel,Energy
2013-04-29,94.5,94.69000244140625,92.43000030517578,92.69999694824219,214608,54.37300109863281,5040.38,5148.58,5025.7,5138.25,0.019035077455193727,122.88000000000011,Crude oil,CL=F,₹/barrel,Energy
2013-04-30,93.45999908447266,94.62000274658203,92.86000061035156,94.41999816894531,277499,54.22800064086914,5120.21,5131.05,5035.61,5068.15,-0.013642777210139734,95.44000000000051,Crude oil,CL=F,₹/barrel,Energy
2013-05-01,91.02999877929688,93.26000213623047,90.11000061035156,93.08000183105469,332382,53.79800033569336,5007.52,5017.2,4847.74,4897.23,-0.03372433728283497,169.46000000000004,Crude oil,CL=F,₹/barrel,Energy
2013-05-02,93.98999786376953,94.25,90.6500015258789,91.0,310808,53.65800094604492,4882.88,5057.27,4864.1,5043.32,0.029831149445707084,193.17000000000007,Crude oil,CL=F,₹/barrel,Energy
2013-05-03,95.61000061035156,96.04000091552734,93.55999755859375,93.98999786376953,297522,53.80799865722656,5057.41,5167.72,5034.28,5144.58,0.02007804382827194,133.4400000000005,Crude oil,CL=F,₹/barrel,Energy
2013-05-06,96.16000366210938,97.16999816894531,94.8499984741211,95.58000183105469,271004,53.77999877929688,5140.29,5225.8,5101.03,5171.48,0.005228803906246915,124.77000000000044,Crude oil,CL=F,₹/barrel,Energy
2013-05-07,95.62000274658203,96.26000213623047,94.91999816894531,95.79000091552734,260141,54.17300033569336,5189.23,5214.69,5142.1,5180.02,0.001651364793057386,72.58999999999924,Crude oil,CL=F,₹/barrel,Energy
2013-05-08,96.62000274658203,96.7699966430664,95.23999786376953,95.55999755859375,276315,54.12799835205078,5172.47,5237.97,5155.15,5229.85,0.009619653978169884,82.82000000000062,Crude oil,CL=F,₹/barrel,Energy
2013-05-09,96.38999938964844,96.7699966430664,95.3499984741211,96.5999984741211,272196,54.15800094604492,5231.66,5240.87,5163.97,5220.29,-0.0018279682973699751,76.89999999999964,Crude oil,CL=F,₹/barrel,Energy
2013-05-10,96.04000091552734,96.23999786376953,93.37000274658203,96.16000366210938,354119,54.24800109863281,5216.49,5220.83,5065.14,5209.98,-0.001974986063992712,155.6899999999996,Crude oil,CL=F,₹/barrel,Energy
2013-05-13,95.16999816894531,95.80999755859375,94.47000122070312,95.76000213623047,297036,54.803001403808594,5247.94,5250.68,5177.24,5215.6,0.0010786989585374052,73.44000000000051,Crude oil,CL=F,₹/barrel,Energy
2013-05-14,94.20999908447266,95.66000366210938,93.8499984741211,94.93000030517578,269403,54.82799911499024,5204.82,5244.85,5145.61,5165.35,-0.009634557864866888,99.24000000000069,Crude oil,CL=F,₹/barrel,Energy
2013-05-15,94.30000305175781,94.44000244140625,92.12999725341797,94.12999725341797,360684,54.79800033569336,5158.14,5175.12,5048.54,5167.45,0.0004065552189105315,126.57999999999993,Crude oil,CL=F,₹/barrel,Energy
2013-05-16,95.16000366210938,95.56999969482422,93.2300033569336,94.33999633789062,297863,54.77799987792969,5167.76,5235.13,5106.95,5212.67,0.008750931310414378,128.1800000000003,Crude oil,CL=F,₹/barrel,Energy
2013-05-17,96.0199966430664,96.44999694824219,94.79000091552734,95.1500015258789,187754,54.77799987792969,5212.13,5283.34,5192.41,5259.78,0.009037594936951665,90.93000000000029,Crude oil,CL=F,₹/barrel,Energy
2013-05-20,96.70999908447266,97.11000061035156,95.2300033569336,95.93000030517578,118621,54.88800048828125,5265.41,5330.17,5226.98,5308.22,0.009209510663944265,103.19000000000051,Crude oil,CL=F,₹/barrel,Energy
2013-05-21,96.16000366210938,96.97000122070312,95.5,96.69999694824219,259159,55.108001708984375,5328.94,5343.82,5262.81,5299.19,-0.0017011352204695518,81.00999999999931,Crude oil,CL=F,₹/barrel,Energy
2013-05-22,94.27999877929688,96.19000244140625,94.01000213623047,95.9000015258789,336497,55.40800094604492,5313.63,5329.7,5208.91,5223.87,-0.01421349300553476,120.78999999999996,Crude oil,CL=F,₹/barrel,Energy
2013-05-23,94.25,94.45999908447266,92.20999908447266,94.18000030517578,323633,55.65299987792969,5241.4,5256.98,5131.76,5245.3,0.004102322607568709,125.21999999999935,Crude oil,CL=F,₹/barrel,Energy
2013-05-24,94.1500015258789,94.38999938964844,93.04000091552734,94.37000274658203,203991,55.70800018310547,5257.16,5258.28,5183.07,5244.91,-7.435227727681237e-05,75.21000000000004,Crude oil,CL=F,₹/barrel,Energy
2013-05-28,95.01000213623047,95.91999816894531,93.2300033569336,93.88999938964844,240990,55.56499862670898,5217.0,5329.79,5180.33,5279.23,0.006543486923512365,149.46000000000004,Crude oil,CL=F,₹/barrel,Energy
2013-05-29,93.12999725341797,95.22000122070312,92.83000183105469,95.05000305175781,293461,56.108001708984375,5333.07,5342.6,5208.51,5225.34,-0.01020792805011328,134.09000000000015,Crude oil,CL=F,₹/barrel,Energy
2013-05-30,93.61000061035156,93.98999786376953,91.6500015258789,92.88999938964844,294855,56.29800033569336,5229.52,5291.45,5159.71,5270.06,0.008558294771249475,131.73999999999978,Crude oil,CL=F,₹/barrel,Energy
2013-05-31,91.97000122070312,93.8499984741211,91.55999755859375,93.63999938964844,267978,56.37799835205078,5279.24,5291.08,5161.97,5185.08,-0.016125053604702844,129.10999999999967,Crude oil,CL=F,₹/barrel,Energy
2013-06-03,93.44999694824219,93.69999694824219,91.26000213623047,91.7300033569336,287474,56.573001861572266,5189.44,5300.89,5162.85,5286.75,0.019608183480293473,138.03999999999996,Crude oil,CL=F,₹/barrel,Energy
2013-06-04,93.30999755859375,94.41000366210938,92.37999725341797,93.3499984741211,301136,56.667999267578125,5289.96,5350.03,5234.99,5287.69,0.0001778029980610274,115.03999999999996,Crude oil,CL=F,₹/barrel,Energy
2013-06-05,93.73999786376953,94.4800033569336,93.41000366210938,93.86000061035156,268909,56.4379997253418,5297.27,5332.26,5271.87,5290.5,0.0005314229843278451,60.39000000000033,Crude oil,CL=F,₹/barrel,Energy
2013-06-06,94.76000213623047,95.31999969482422,93.69000244140625,93.69999694824219,267164,56.72299957275391,5314.94,5406.84,5314.38,5375.07,0.01598525659200445,92.46000000000004,Crude oil,CL=F,₹/barrel,Energy
2013-06-07,96.02999877929688,96.38999938964844,93.72000122070312,94.72000122070312,330833,56.8380012512207,5383.7,5478.61,5326.86,5458.15,0.01545654289153453,151.75,Crude oil,CL=F,₹/barrel,Energy
2013-06-10,95.7699966430664,96.25,95.19000244140625,96.08999633789062,234601,56.8380012512207,5461.56,5470.66,5410.41,5443.38,-0.0027060450885372234,60.25,Crude oil,CL=F,₹/barrel,Energy
2013-06-11,95.37999725341797,95.91000366210938,94.04000091552734,95.76000213623047,257474,56.8380012512207,5442.81,5451.33,5345.05,5421.21,-0.004072837097538695,106.27999999999975,Crude oil,CL=F,₹/barrel,Energy
2013-06-12,95.87999725341797,96.44999694824219,94.45999908447266,94.88999938964844,244870,56.8380012512207,5393.36,5482.03,5368.92,5449.63,0.005242372090363601,113.10999999999967,Crude oil,CL=F,₹/barrel,Energy
2013-06-13,96.69000244140625,96.91999816894531,95.0199966430664,95.7699966430664,224449,57.82799911499024,5538.19,5604.69,5494.82,5591.39,0.026012775179232284,109.86999999999989,Crude oil,CL=F,₹/barrel,Energy
2013-06-14,97.8499984741211,98.25,96.41999816894531,96.63999938964844,240906,57.99800109863281,5604.93,5698.3,5592.17,5675.1,0.01497123255576871,106.13000000000011,Crude oil,CL=F,₹/barrel,Energy
2013-06-17,97.7699966430664,98.73999786376953,97.37999725341797,97.8499984741211,242794,57.49800109863281,5626.18,5677.35,5599.16,5621.58,-0.009430670825183785,78.19000000000051,Crude oil,CL=F,₹/barrel,Energy
2013-06-18,98.44000244140625,98.66999816894531,97.41000366210938,97.93000030517578,145618,58.10300064086914,5690.03,5733.02,5659.81,5719.66,0.01744705225221388,73.21000000000004,Crude oil,CL=F,₹/barrel,Energy
2013-06-19,98.23999786376953,99.01000213623047,97.56999969482422,98.58999633789062,111300,58.8380012512207,5800.84,5825.55,5740.82,5780.25,0.010593287013563879,84.73000000000047,Crude oil,CL=F,₹/barrel,Energy
2013-06-20,95.4000015258789,98.02999877929688,94.88999938964844,98.0199966430664,376229,58.7130012512207,5755.05,5755.64,5571.28,5601.22,-0.030972708792872283,184.36000000000058,Crude oil,CL=F,₹/barrel,Energy
2013-06-21,93.69000244140625,95.83999633789062,93.12000274658203,94.95999908447266,340903,59.56800079345703,5656.58,5709.0,5546.97,5580.93,-0.0036224251145285935,162.02999999999975,Crude oil,CL=F,₹/barrel,Energy
2013-06-24,95.18000030517578,95.58999633789062,92.66999816894531,93.8499984741211,315821,59.26800155639648,5562.3,5665.43,5492.37,5641.13,0.01078673267717023,173.0600000000004,Crude oil,CL=F,₹/barrel,Energy
2013-06-25,95.31999969482422,96.16999816894531,94.58999633789062,95.0199966430664,267541,59.80799865722656,5682.96,5751.74,5657.24,5700.9,0.010595394894285182,94.5,Crude oil,CL=F,₹/barrel,Energy
2013-06-26,95.5,95.69999694824219,93.68000030517578,95.16999816894531,291417,59.65800094604492,5677.65,5709.27,5588.76,5697.34,-0.0006244628041185418,120.51000000000022,Crude oil,CL=F,₹/barrel,Energy
2013-06-27,97.05000305175781,97.41000366210938,95.3499984741211,95.5199966430664,269312,60.7130012512207,5799.31,5914.05,5788.98,5892.2,0.03420192581099246,125.07000000000062,Crude oil,CL=F,₹/barrel,Energy
2013-06-28,96.55999755859375,97.81999969482422,96.33000183105469,96.80999755859375,247607,60.1879997253418,5826.8,5887.59,5797.91,5811.75,-0.013653643800278337,89.68000000000029,Crude oil,CL=F,₹/barrel,Energy
2013-07-01,97.98999786376953,98.27999877929688,96.06999969482422,96.58000183105469,229193,59.5260009765625,5749.02,5850.22,5718.66,5832.95,0.003647782509571096,131.5600000000004,Crude oil,CL=F,₹/barrel,Energy
2013-07-02,99.5999984741211,99.87000274658203,97.77999877929688,98.05999755859375,285781,59.37799835205078,5822.61,5930.08,5805.98,5914.05,0.013903770819225336,124.10000000000036,Crude oil,CL=F,₹/barrel,Energy
2013-07-03,101.23999786376953,102.18000030517578,99.58999633789062,99.61000061035156,353250,59.54800033569336,5931.58,6084.61,5930.39,6028.64,0.019375893000566524,154.21999999999935,Crude oil,CL=F,₹/barrel,Energy
2013-07-05,103.22000122070312,103.68000030517578,100.70999908447266,101.08999633789062,256027,60.17499923706055,6083.09,6238.94,6060.22,6211.26,0.030292072507232204,178.71999999999935,Crude oil,CL=F,₹/barrel,Energy
2013-07-08,103.13999938964844,104.12000274658203,102.12999725341797,103.94999694824219,253202,60.22299957275391,6260.18,6270.42,6150.57,6211.4,2.2539710139213298e-05,119.85000000000036,Crude oil,CL=F,₹/barrel,Energy
2013-07-09,103.52999877929688,104.76000213623047,102.30999755859375,103.0,285670,60.6879997253418,6250.86,6357.67,6208.99,6283.03,0.011532021766429423,148.6800000000003,Crude oil,CL=F,₹/barrel,Energy
2013-07-10,106.5199966430664,106.66000366210938,104.20999908447266,104.56999969482422,404821,60.095001220703125,6284.13,6409.73,6262.5,6401.32,0.01882690357996064,147.22999999999956,Crude oil,CL=F,₹/barrel,Energy
2013-07-11,104.91000366210938,107.44999694824219,104.30999755859375,106.1500015258789,316730,59.88800048828125,6357.11,6434.97,6246.92,6282.85,-0.01850712040641611,188.05000000000018,Crude oil,CL=F,₹/barrel,Energy
2013-07-12,105.94999694824219,106.33000183105469,104.36000061035156,104.58000183105469,234756,59.82699966430664,6256.71,6361.4,6243.55,6338.67,0.00888450305195887,117.84999999999945,Crude oil,CL=F,₹/barrel,Energy
2013-07-15,106.31999969482422,106.62999725341797,104.6500015258789,106.05000305175781,210806,59.88399887084961,6350.7,6385.43,6266.86,6366.87,0.004448882809800825,118.57000000000062,Crude oil,CL=F,₹/barrel,Energy
2013-07-16,106.0,107.18000030517578,105.66000366210938,106.44000244140625,250921,59.80799865722656,6365.96,6410.22,6319.31,6339.65,-0.004275256130563454,90.90999999999985,Crude oil,CL=F,₹/barrel,Energy
2013-07-17,106.4800033569336,106.5999984741211,105.11000061035156,105.77999877929688,262789,59.292999267578125,6272.01,6320.63,6232.29,6313.52,-0.004121678641565207,88.34000000000015,Crude oil,CL=F,₹/barrel,Energy
2013-07-18,108.04000091552734,108.43000030517578,106.1500015258789,106.55999755859375,155963,59.323001861572266,6321.46,6432.39,6297.14,6409.26,0.015164282365463189,135.25,Crude oil,CL=F,₹/barrel,Energy
2013-07-19,108.05000305175781,109.31999969482422,107.4800033569336,108.12000274658203,112373,59.73799896240234,6458.87,6530.56,6420.64,6454.69,0.007088181786976788,109.92000000000007,Crude oil,CL=F,₹/barrel,Energy
2013-07-22,106.91000366210938,108.79000091552734,106.43000030517578,108.33999633789062,283866,59.33300018310547,6428.14,6454.84,6314.81,6343.29,-0.017258768430397087,140.02999999999975,Crude oil,CL=F,₹/barrel,Energy
2013-07-23,107.2300033569336,107.55000305175781,105.45999908447266,107.0,241640,59.71799850463867,6389.83,6422.67,6297.86,6403.56,0.009501378622134737,124.8100000000004,Crude oil,CL=F,₹/barrel,Energy
2013-07-24,105.38999938964844,107.5199966430664,104.79000091552734,107.36000061035156,278262,59.757999420166016,6415.62,6425.18,6262.04,6297.9,-0.016500196765549258,163.14000000000033,Crude oil,CL=F,₹/barrel,Energy
2013-07-25,105.48999786376953,105.87000274658203,104.08000183105469,105.37000274658203,270580,59.12699890136719,6230.21,6259.78,6153.94,6237.31,-0.009620667206528988,105.84000000000015,Crude oil,CL=F,₹/barrel,Energy
2013-07-26,104.69999694824219,105.62999725341797,103.9000015258789,105.55999755859375,208855,58.95800018310547,6223.61,6227.73,6125.74,6172.9,-0.01032656706176227,101.98999999999978,Crude oil,CL=F,₹/barrel,Energy
2013-07-29,104.55000305175781,105.37000274658203,103.87000274658203,104.61000061035156,206326,59.060001373291016,6178.27,6223.15,6134.56,6174.72,0.00029483711059641315,88.58999999999924,Crude oil,CL=F,₹/barrel,Energy
2013-07-30,103.08000183105469,104.54000091552734,102.66999816894531,104.5199966430664,235605,59.4119987487793,6209.74,6210.93,6099.83,6124.19,-0.008183367019071408,111.10000000000036,Crude oil,CL=F,₹/barrel,Energy
2013-07-31,105.02999877929688,105.43000030517578,102.93000030517578,103.1500015258789,299127,60.80799865722656,6272.35,6410.99,6258.97,6386.66,0.0428579126382429,152.01999999999953,Crude oil,CL=F,₹/barrel,Energy
2013-08-01,107.88999938964844,108.05999755859375,105.0999984741211,105.26000213623047,267594,60.630001068115234,6381.91,6551.68,6372.21,6541.37,0.024223929252535692,179.47000000000025,Crude oil,CL=F,₹/barrel,Energy
2013-08-02,106.94000244140625,108.81999969482422,106.44999694824219,107.80000305175781,249314,60.43299865722656,6514.68,6576.32,6433.09,6462.71,-0.012025003936484202,143.22999999999956,Crude oil,CL=F,₹/barrel,Energy
2013-08-05,106.55999755859375,107.69000244140625,105.69999694824219,106.83999633789062,204860,61.09799957275391,6527.71,6579.64,6458.06,6510.6,0.007410204078474925,121.57999999999993,Crude oil,CL=F,₹/barrel,Energy
2013-08-06,105.30000305175781,107.2699966430664,104.86000061035156,106.4800033569336,272996,60.87699890136719,6482.18,6530.28,6383.56,6410.35,-0.015397966393266405,146.71999999999935,Crude oil,CL=F,₹/barrel,Energy
2013-08-07,104.37000274658203,105.7699966430664,104.0999984741211,105.68000030517578,294242,60.78300094604492,6423.55,6429.02,6327.51,6343.92,-0.010362928701241003,101.51000000000022,Crude oil,CL=F,₹/barrel,Energy
2013-08-08,103.4000015258789,104.95999908447266,102.22000122070312,104.18000030517578,320070,61.20299911499024,6376.13,6423.87,6256.17,6328.39,-0.0024480132158034573,167.69999999999982,Crude oil,CL=F,₹/barrel,Energy
2013-08-09,105.97000122070312,106.23999786376953,103.62000274658203,103.87000274658203,303796,60.7239990234375,6307.4,6451.32,6292.22,6434.92,0.016833665434652367,159.09999999999945,Crude oil,CL=F,₹/barrel,Energy
2013-08-12,106.11000061035156,106.45999908447266,105.02999877929688,105.83999633789062,257139,60.672000885009766,6421.52,6459.14,6372.38,6437.91,0.0004646522412088405,86.76000000000022,Crude oil,CL=F,₹/barrel,Energy
2013-08-13,106.83000183105469,107.19999694824219,105.55999755859375,106.1500015258789,276773,61.369998931884766,6514.43,6578.86,6478.22,6556.16,0.01836776220854275,100.63999999999942,Crude oil,CL=F,₹/barrel,Energy
2013-08-14,106.8499984741211,107.05999755859375,105.5999984741211,106.54000091552734,270921,61.45000076293945,6546.88,6578.84,6489.12,6565.93,0.0014902015814135527,89.72000000000025,Crude oil,CL=F,₹/barrel,Energy
2013-08-15,107.33000183105469,107.87000274658203,106.5999984741211,106.9800033569336,251868,61.290000915527344,6556.8,6611.35,6533.51,6578.26,0.0018778756398560859,77.84000000000015,Crude oil,CL=F,₹/barrel,Energy
2013-08-16,107.45999908447266,108.16999816894531,106.55999755859375,107.18000030517578,179859,61.2599983215332,6565.85,6626.49,6527.87,6583.0,0.0007205552836160312,98.61999999999989,Crude oil,CL=F,₹/barrel,Energy
2013-08-19,107.0999984741211,107.80000305175781,106.55999755859375,107.77999877929688,102781,62.4900016784668,6735.17,6736.42,6658.93,6692.68,0.016661096764393202,77.48999999999978,Crude oil,CL=F,₹/barrel,Energy
2013-08-20,104.97000122070312,107.0999984741211,104.5,106.93000030517578,361065,63.84999847412109,6827.48,6838.33,6672.32,6702.33,0.001441873808399663,166.01000000000022,Crude oil,CL=F,₹/barrel,Energy
2013-08-21,103.8499984741211,105.3499984741211,103.5,105.18000030517578,259243,63.36000061035156,6664.2,6674.98,6557.76,6579.94,-0.018260813776701634,117.21999999999935,Crude oil,CL=F,₹/barrel,Energy
2013-08-22,105.02999877929688,105.25,103.52999877929688,103.87999725341797,204692,64.69000244140625,6720.0,6808.62,6697.36,6794.39,0.03259148259710587,111.26000000000022,Crude oil,CL=F,₹/barrel,Energy
2013-08-23,106.41999816894531,106.94000244140625,104.30000305175781,105.22000122070312,259545,64.41000366210938,6777.22,6888.01,6717.96,6854.51,0.008848476463670707,170.05000000000018,Crude oil,CL=F,₹/barrel,Energy
2013-08-26,105.91999816894531,107.37000274658203,105.55999755859375,106.91000366210938,165995,64.06999969482422,6849.72,6879.2,6763.23,6786.29,-0.009952571372716656,115.97000000000025,Crude oil,CL=F,₹/barrel,Energy
2013-08-27,109.01000213623047,109.31999969482422,105.87999725341797,106.13999938964844,295934,64.29299926757812,6824.06,7028.51,6807.34,7008.58,0.03275574724923347,221.17000000000007,Crude oil,CL=F,₹/barrel,Energy
2013-08-28,110.0999984741211,112.23999786376953,109.11000061035156,109.22000122070312,336171,66.86000061035156,7302.45,7504.37,7295.09,7361.29,0.050325458224062425,209.27999999999975,Crude oil,CL=F,₹/barrel,Energy
2013-08-29,108.80000305175781,110.06999969482422,107.72000122070312,109.52999877929688,250038,67.3499984741211,7376.85,7413.21,7254.94,7327.68,-0.004565775835485342,158.27000000000044,Crude oil,CL=F,₹/barrel,Energy
2013-08-30,107.6500015258789,108.75,106.75,108.16999816894531,250038,67.38999938964844,7289.58,7328.66,7193.88,7254.53,-0.009982695750906267,134.77999999999975,Crude oil,CL=F,₹/barrel,Energy
2013-09-03,108.54000091552734,108.83000183105469,104.20999908447266,107.06999969482422,288018,66.51000213623047,7121.23,7238.28,6931.01,7219.0,-0.004897629481165566,307.2699999999995,Crude oil,CL=F,₹/barrel,Energy
2013-09-04,107.2300033569336,108.61000061035156,106.7699966430664,108.44000244140625,224377,68.61000061035156,7440.07,7451.73,7325.49,7357.05,0.019123147250311723,126.23999999999978,Crude oil,CL=F,₹/barrel,Energy
2013-09-05,108.37000274658203,108.54000091552734,107.12999725341797,107.58999633789062,184889,66.2699966430664,7129.99,7192.95,7099.5,7181.68,-0.023836999884464527,93.44999999999982,Crude oil,CL=F,₹/barrel,Energy
2013-09-06,110.52999877929688,110.69999694824219,108.12000274658203,108.5199966430664,269866,66.00800323486328,7163.19,7307.09,7136.79,7295.86,0.015898786913368435,170.30000000000018,Crude oil,CL=F,₹/barrel,Energy
2013-09-09,109.5199966430664,110.45999908447266,108.76000213623047,110.27999877929688,266915,65.23799896240234,7194.45,7206.19,7095.28,7144.87,-0.020695298429520226,110.90999999999985,Crude oil,CL=F,₹/barrel,Energy
2013-09-10,107.38999938964844,108.94999694824219,106.38999938964844,108.91999816894531,325314,64.05999755859375,6977.41,6979.34,6815.34,6879.4,-0.037155329628110856,164.0,Crude oil,CL=F,₹/barrel,Energy
2013-09-11,107.55999755859375,108.08999633789062,106.52999877929688,107.36000061035156,238235,63.619998931884766,6830.24,6876.69,6777.44,6842.97,-0.005295519958135819,99.25,Crude oil,CL=F,₹/barrel,Energy
2013-09-12,108.5999984741211,109.16000366210938,107.30000305175781,107.7699966430664,249780,63.15999984741211,6806.75,6894.55,6777.07,6859.18,0.002368854459394054,117.48000000000047,Crude oil,CL=F,₹/barrel,Energy
2013-09-13,108.20999908447266,108.73999786376953,107.2300033569336,108.63999938964844,207037,63.619998931884766,6911.68,6918.04,6821.97,6884.32,0.003665161141710671,96.06999999999971,Crude oil,CL=F,₹/barrel,Energy
2013-09-16,106.58999633789062,108.0,106.05999755859375,107.5,282888,63.290000915527344,6803.68,6835.32,6712.54,6746.08,-0.020080414623375953,122.77999999999975,Crude oil,CL=F,₹/barrel,Energy
2013-09-17,105.41999816894531,106.43000030517578,104.94000244140625,106.22000122070312,304851,63.290000915527344,6722.66,6735.95,6641.65,6672.03,-0.010976745013400402,94.30000000000018,Crude oil,CL=F,₹/barrel,Energy
2013-09-18,108.06999969482422,108.48999786376953,105.31999969482422,105.52999877929688,199888,63.18000030517578,6667.39,6854.4,6654.12,6827.86,0.02335571033103867,200.27999999999975,Crude oil,CL=F,₹/barrel,Energy
2013-09-19,106.38999938964844,108.98999786376953,106.08000183105469,108.22000122070312,139835,63.58000183105469,6880.63,6929.58,6744.57,6764.28,-0.009311848807679102,185.01000000000022,Crude oil,CL=F,₹/barrel,Energy
2013-09-20,104.68000030517578,106.45999908447266,104.31999969482422,106.37000274658203,250360,62.18999862670898,6615.15,6620.75,6487.66,6510.05,-0.03758419225697329,133.09000000000015,Crude oil,CL=F,₹/barrel,Energy
2013-09-23,103.58999633789062,105.12000274658203,103.12000274658203,104.88999938964844,223392,62.720001220703125,6578.7,6593.13,6467.69,6497.16,-0.0019800155144737985,125.44000000000051,Crude oil,CL=F,₹/barrel,Energy
2013-09-24,103.12999725341797,103.63999938964844,102.30000305175781,103.44000244140625,259543,62.68000030517578,6483.62,6496.16,6412.16,6464.19,-0.005074524869327579,84.0,Crude oil,CL=F,₹/barrel,Energy
2013-09-25,102.66000366210938,103.95999908447266,102.19999694824219,103.41000366210938,236195,62.720001220703125,6485.88,6520.37,6409.98,6438.84,-0.003921605027079833,110.39000000000033,Crude oil,CL=F,₹/barrel,Energy
2013-09-26,103.02999877929688,103.29000091552734,102.19999694824219,102.30000305175781,183778,62.43000030517578,6386.59,6448.39,6380.35,6432.16,-0.0010374539513329228,68.03999999999996,Crude oil,CL=F,₹/barrel,Energy
2013-09-27,102.87000274658203,103.7699966430664,102.36000061035156,102.91000366210938,232299,61.72999954223633,6352.63,6405.72,6318.68,6350.17,-0.01274688440586047,87.03999999999996,Crude oil,CL=F,₹/barrel,Energy
2013-09-30,102.33000183105469,102.76000213623047,101.05000305175781,102.45999908447266,226707,62.90999984741211,6445.76,6464.63,6357.06,6437.58,0.013764985819277209,107.56999999999971,Crude oil,CL=F,₹/barrel,Energy
2013-10-01,102.04000091552734,102.58000183105469,101.05999755859375,102.30999755859375,223028,62.58000183105469,6402.56,6419.46,6324.33,6385.66,-0.008065142491433086,95.13000000000011,Crude oil,CL=F,₹/barrel,Energy
2013-10-02,104.0999984741211,104.2300033569336,101.43000030517578,101.62000274658203,300526,62.61000061035156,6362.43,6525.84,6350.53,6517.7,0.020677580704265397,175.3100000000004,Crude oil,CL=F,₹/barrel,Energy
2013-10-03,103.30999755859375,104.37999725341797,102.87000274658203,103.81999969482422,226225,62.06999969482422,6444.11,6478.87,6385.14,6412.45,-0.016148334535188824,93.72999999999956,Crude oil,CL=F,₹/barrel,Energy
2013-10-04,103.83999633789062,104.19000244140625,102.9000015258789,102.91999816894531,165197,61.959999084472656,6376.92,6455.61,6375.68,6433.93,0.0033497337211207956,79.92999999999938,Crude oil,CL=F,₹/barrel,Energy
2013-10-07,103.02999877929688,103.73999786376953,101.86000061035156,103.44999694824219,269025,61.380001068115234,6349.76,6367.56,6252.17,6323.98,-0.017089088628567728,115.39000000000033,Crude oil,CL=F,₹/barrel,Energy
2013-10-08,103.48999786376953,104.08000183105469,102.8499984741211,103.16000366210938,194195,61.380001068115234,6331.96,6388.43,6312.93,6352.22,0.004465542269267209,75.5,Crude oil,CL=F,₹/barrel,Energy
2013-10-09,101.61000061035156,103.75,101.18000030517578,103.48999786376953,283131,62.02999877929688,6419.48,6435.61,6276.2,6302.87,-0.007768937473828119,159.40999999999985,Crude oil,CL=F,₹/barrel,Energy
2013-10-10,103.01000213623047,103.56999969482422,101.16000366210938,101.45999908447266,296858,61.810001373291016,6271.24,6401.66,6252.7,6367.05,0.010182662818684296,148.96000000000004,Crude oil,CL=F,₹/barrel,Energy
2013-10-11,102.0199966430664,102.94999694824219,100.5999984741211,102.94000244140625,298216,61.61000061035156,6342.13,6342.75,6197.97,6285.45,-0.012815982283789218,144.77999999999975,Crude oil,CL=F,₹/barrel,Energy
2013-10-14,102.41000366210938,102.62000274658203,101.05999755859375,101.37000274658203,170674,60.9900016784668,6182.56,6258.79,6163.65,6245.99,-0.006277991233722302,95.14000000000033,Crude oil,CL=F,₹/barrel,Energy
2013-10-15,101.20999908447266,102.45999908447266,100.87000274658203,102.19000244140625,240218,61.380001068115234,6272.42,6288.99,6191.4,6212.27,-0.005398663782682833,97.59000000000015,Crude oil,CL=F,₹/barrel,Energy
2013-10-16,102.29000091552734,102.97000122070312,100.75,100.87999725341797,235236,61.83000183105469,6237.41,6366.64,6229.37,6324.59,0.018080347441434386,137.27000000000044,Crude oil,CL=F,₹/barrel,Energy
2013-10-17,100.66999816894531,102.31999969482422,100.02999877929688,102.12999725341797,266625,61.45000076293945,6275.89,6287.56,6146.84,6186.17,-0.021886003677708765,140.72000000000025,Crude oil,CL=F,₹/barrel,Energy
2013-10-18,100.80999755859375,101.70999908447266,100.51000213623047,100.72000122070312,116680,61.09999847412109,6153.99,6214.48,6141.16,6159.49,-0.004312846236039447,73.31999999999971,Crude oil,CL=F,₹/barrel,Energy
2013-10-21,99.22000122070312,100.94999694824219,98.9800033569336,100.62999725341797,90824,61.2400016784668,6162.58,6182.18,6061.54,6076.23,-0.013517352897723711,120.64000000000033,Crude oil,CL=F,₹/barrel,Energy
2013-10-22,97.80000305175781,99.7699966430664,97.5,99.05999755859375,347314,60.619998931884766,6005.02,6048.06,5910.45,5928.64,-0.024289732284656695,137.61000000000058,Crude oil,CL=F,₹/barrel,Energy
2013-10-23,96.86000061035156,98.29000091552734,96.16000366210938,98.12000274658203,356194,61.18999862670898,6003.96,6014.37,5884.03,5926.86,-0.00030023749122909393,130.34000000000015,Crude oil,CL=F,₹/barrel,Energy
2013-10-24,97.11000061035156,97.69000244140625,95.94999694824219,97.0999984741211,248742,61.52000045776367,5973.59,6009.89,5902.84,5974.21,0.007989053225485376,107.05000000000018,Crude oil,CL=F,₹/barrel,Energy
2013-10-25,97.8499984741211,98.05999755859375,96.98999786376953,97.19000244140625,192632,61.45000076293945,5972.33,6025.79,5960.04,6012.88,0.006472822348059459,65.75,Crude oil,CL=F,₹/barrel,Energy
2013-10-28,98.68000030517578,98.81999969482422,97.37000274658203,97.87999725341797,230155,61.43999862670898,6013.75,6071.5,5982.41,6062.9,0.008318808956772727,89.09000000000015,Crude oil,CL=F,₹/barrel,Energy
2013-10-29,98.19999694824219,98.56999969482422,97.69000244140625,98.54000091552734,183243,61.5099983215332,6061.2,6063.04,6008.91,6040.28,-0.0037308878589453753,54.13000000000011,Crude oil,CL=F,₹/barrel,Energy
2013-10-30,96.7699966430664,97.81999969482422,96.55000305175781,97.7699966430664,268138,61.45000076293945,6007.97,6011.04,5933.0,5946.52,-0.015522459223744511,78.03999999999996,Crude oil,CL=F,₹/barrel,Energy
2013-10-31,96.37999725341797,97.02999877929688,96.02999877929688,96.62000274658203,255401,61.31999969482422,5924.74,5949.88,5888.56,5910.02,-0.006138043763411205,61.31999999999971,Crude oil,CL=F,₹/barrel,Energy
2013-11-01,94.61000061035156,96.6500015258789,94.36000061035156,96.31999969482422,282138,62.220001220703125,5993.03,6013.56,5871.08,5886.63,-0.003957685422384394,142.48000000000047,Crude oil,CL=F,₹/barrel,Energy
2013-11-04,94.62000274658203,95.11000061035156,94.05999755859375,94.5199966430664,219109,62.20000076293945,5879.14,5915.84,5850.53,5885.36,-0.00021574313316796712,65.3100000000004,Crude oil,CL=F,₹/barrel,Energy
2013-11-05,93.37000274658203,94.9000015258789,93.06999969482422,94.47000122070312,226454,61.97999954223633,5855.25,5881.9,5768.48,5787.07,-0.016700762570174166,113.42000000000007,Crude oil,CL=F,₹/barrel,Energy
2013-11-06,94.80000305175781,95.4000015258789,93.6500015258789,93.73999786376953,282722,62.15999984741211,5826.88,5930.06,5821.28,5892.77,0.018264855963380455,108.78000000000065,Crude oil,CL=F,₹/barrel,Energy
2013-11-07,94.19999694824219,95.30999755859375,93.80000305175781,94.91000366210938,260597,62.470001220703125,5929.03,5954.02,5859.69,5884.67,-0.0013745657814576706,94.33000000000084,Crude oil,CL=F,₹/barrel,Energy
2013-11-08,94.5999984741211,94.91999816894531,93.9000015258789,94.36000061035156,241690,62.84999847412109,5930.53,5965.72,5901.61,5945.61,0.010355720881544794,64.11000000000058,Crude oil,CL=F,₹/barrel,Energy
2013-11-11,95.13999938964844,95.37999725341797,94.11000061035156,94.44999694824219,206721,63.34000015258789,5982.46,6041.37,5960.93,6026.17,0.013549492819071585,80.4399999999996,Crude oil,CL=F,₹/barrel,Energy
2013-11-12,93.04000091552734,95.22000122070312,92.86000061035156,95.0,353689,63.47999954223633,6030.6,6044.57,5894.75,5906.18,-0.019911486068265538,149.8199999999997,Crude oil,CL=F,₹/barrel,Energy
2013-11-13,93.87999725341797,94.54000091552734,92.93000030517578,93.06999969482422,305009,63.959999084472656,5952.76,6046.78,5943.8,6004.56,0.016657128634752105,102.97999999999956,Crude oil,CL=F,₹/barrel,Energy
2013-11-14,93.76000213623047,94.43000030517578,92.51000213623047,93.5,315066,63.369998931884766,5925.09,5984.03,5862.36,5941.57,-0.010490360659232478,121.67000000000007,Crude oil,CL=F,₹/barrel,Energy
2013-11-15,93.83999633789062,94.55000305175781,93.58000183105469,93.88999938964844,204366,63.040000915527344,5918.83,5960.43,5899.28,5915.67,-0.004359117203028728,61.150000000000546,Crude oil,CL=F,₹/barrel,Energy
2013-11-18,93.02999877929688,94.30000305175781,92.72000122070312,93.77999877929688,169443,62.709999084472656,5880.94,5913.55,5814.47,5833.91,-0.013820919692951183,99.07999999999993,Crude oil,CL=F,₹/barrel,Energy
2013-11-19,93.33999633789062,93.45999908447266,92.43000030517578,93.0,131463,62.20000076293945,5784.6,5813.21,5749.15,5805.75,-0.00482695139280509,64.0600000000004,Crude oil,CL=F,₹/barrel,Energy
2013-11-20,93.33000183105469,93.93000030517578,92.7300033569336,93.33000183105469,225891,62.11000061035156,5796.73,5833.99,5759.46,5796.73,-0.0015536321749990423,74.52999999999975,Crude oil,CL=F,₹/barrel,Energy
2013-11-21,95.44000244140625,95.62999725341797,93.47000122070312,93.7300033569336,222138,62.7599983215332,5882.49,6001.74,5866.18,5989.81,0.033308434237923956,135.5599999999995,Crude oil,CL=F,₹/barrel,Energy
2013-11-22,94.83999633789062,95.56999969482422,94.05000305175781,95.29000091552734,257843,62.9900016784668,6002.32,6019.95,5924.21,5973.97,-0.0026444912276015753,95.73999999999978,Crude oil,CL=F,₹/barrel,Energy
2013-11-25,94.08999633789062,94.5,93.08000183105469,94.1500015258789,270860,62.2400016784668,5859.9,5881.68,5793.3,5856.16,-0.019720554338237495,88.38000000000011,Crude oil,CL=F,₹/barrel,Energy
2013-11-26,93.68000030517578,94.69000244140625,93.43000030517578,94.20999908447266,160178,62.50299835205078,5888.41,5918.41,5839.66,5855.28,-0.00015026911833015966,78.75,Crude oil,CL=F,₹/barrel,Energy
2013-11-27,92.30000305175781,93.5999984741211,91.7699966430664,93.5,230878,62.459999084472656,5840.01,5846.26,5731.95,5765.06,-0.015408315230014513,114.3100000000004,Crude oil,CL=F,₹/barrel,Energy
2013-11-29,92.72000122070312,93.9000015258789,92.05999755859375,92.33000183105469,143205,62.41299819946289,5762.59,5860.58,5745.74,5786.93,0.0037935424783088756,114.84000000000015,Crude oil,CL=F,₹/barrel,Energy
2013-12-02,93.81999969482422,94.08000183105469,92.55999755859375,92.70999908447266,234800,62.459999084472656,5790.67,5876.24,5781.3,5860.0,0.01262672954398969,94.9399999999996,Crude oil,CL=F,₹/barrel,Energy
2013-12-03,96.04000091552734,96.95999908447266,93.66999816894531,93.86000061035156,319271,62.31800079345703,5849.17,6042.35,5837.33,5985.02,0.021334470989761156,205.02000000000044,Crude oil,CL=F,₹/barrel,Energy
2013-12-04,97.19999694824219,97.58000183105469,96.30000305175781,96.9000015258789,325857,62.36299896240234,6042.97,6085.38,6005.56,6061.68,0.012808645585144163,79.81999999999971,Crude oil,CL=F,₹/barrel,Energy
2013-12-05,97.37999725341797,97.98999786376953,97.01000213623047,97.33000183105469,216392,61.70000076293945,6005.26,6045.98,5985.52,6008.35,-0.008797891013712311,60.45999999999913,Crude oil,CL=F,₹/barrel,Energy
2013-12-06,97.6500015258789,98.06999969482422,97.08000183105469,97.37999725341797,223944,61.58000183105469,5996.66,6039.15,5978.19,6013.29,0.0008221891201409814,60.960000000000036,Crude oil,CL=F,₹/barrel,Energy
2013-12-09,97.33999633789062,97.97000122070312,97.0999984741211,97.66000366210938,210090,61.150001525878906,5971.91,5990.87,5937.67,5952.34,-0.010135882353919379,53.19999999999982,Crude oil,CL=F,₹/barrel,Energy
2013-12-10,98.51000213623047,98.73999786376953,97.23999786376953,97.25,264838,60.869998931884766,5919.61,6010.3,5919.0,5996.3,0.007385330811076063,91.30000000000018,Crude oil,CL=F,₹/barrel,Energy
2013-12-11,97.44000244140625,98.75,97.19999694824219,98.6500015258789,274194,60.97999954223633,6015.68,6021.77,5927.26,5941.89,-0.009073928922835761,94.51000000000022,Crude oil,CL=F,₹/barrel,Energy
2013-12-12,97.5,98.18000030517578,97.30999755859375,97.55000305175781,205749,61.59000015258789,6008.1,6046.91,5993.32,6005.03,0.01062624855054528,53.590000000000146,Crude oil,CL=F,₹/barrel,Energy
2013-12-13,96.5999984741211,97.62000274658203,96.26000213623047,97.58000183105469,233161,62.15999984741211,6065.57,6068.06,5983.52,6004.66,-6.161501274759562e-05,84.53999999999996,Crude oil,CL=F,₹/barrel,Energy
2013-12-16,97.4800033569336,97.69000244140625,96.20999908447266,96.55000305175781,187591,62.1879997253418,6004.25,6075.15,5983.11,6062.09,0.009564238441477135,92.03999999999996,Crude oil,CL=F,₹/barrel,Energy
2013-12-17,97.22000122070312,97.9000015258789,97.0,97.30000305175781,120127,61.77999877929688,6011.19,6048.26,5992.66,6006.25,-0.00921134460227413,55.600000000000364,Crude oil,CL=F,₹/barrel,Energy
2013-12-18,97.80000305175781,98.01000213623047,97.0199966430664,97.30000305175781,84627,61.709999084472656,6004.38,6048.2,5987.1,6035.24,0.004826638917794002,61.099999999999454,Crude oil,CL=F,₹/barrel,Energy
2013-12-19,98.7699966430664,99.16999816894531,97.5,97.69000244140625,192782,62.02999877929688,6059.71,6151.51,6047.92,6126.7,0.015154326919890604,103.59000000000015,Crude oil,CL=F,₹/barrel,Energy
2013-12-20,99.31999969482422,99.4000015258789,98.54000091552734,98.69999694824219,151281,62.459999084472656,6164.8,6208.52,6154.81,6203.53,0.012540192926044913,53.710000000000036,Crude oil,CL=F,₹/barrel,Energy
2013-12-23,98.91000366210938,99.30999755859375,98.63999938964844,99.19999694824219,107273,62.02000045776367,6152.38,6159.21,6117.65,6134.4,-0.011143655305930644,41.5600000000004,Crude oil,CL=F,₹/barrel,Energy
2013-12-24,99.22000122070312,99.30000305175781,98.52999877929688,98.62000274658203,51877,61.84000015258789,6098.66,6140.71,6093.1,6135.76,0.00022170057381343256,47.60999999999967,Crude oil,CL=F,₹/barrel,Energy
2013-12-26,99.55000305175781,99.69999694824219,99.05000305175781,99.19999694824219,65666,61.790000915527344,6129.57,6160.46,6120.3,6151.19,0.002514765896971083,40.159999999999854,Crude oil,CL=F,₹/barrel,Energy
2013-12-27,100.31999969482422,100.75,99.37000274658203,99.62999725341797,127198,61.88999938964844,6166.1,6235.42,6150.01,6208.8,0.00936566745621592,85.40999999999985,Crude oil,CL=F,₹/barrel,Energy
2013-12-30,99.29000091552734,100.41999816894531,99.12999725341797,100.1500015258789,118356,61.66999816894531,6176.25,6192.9,6113.35,6123.21,-0.01378527251642836,79.54999999999927,Crude oil,CL=F,₹/barrel,Energy
2013-12-31,98.41999816894531,99.38999938964844,98.1500015258789,99.25,113907,61.77999877929688,6131.66,6140.31,6063.71,6080.39,-0.006993064095466184,76.60000000000036,Crude oil,CL=F,₹/barrel,Energy
2014-01-02,95.44000244140625,98.97000122070312,95.33999633789062,98.5,251248,61.84000015258789,6091.24,6120.3,5895.83,5902.01,-0.02933693397956383,224.47000000000025,Crude oil,CL=F,₹/barrel,Energy
2014-01-03,93.95999908447266,95.73999786376953,93.86000061035156,95.47000122070312,215522,62.060001373291016,5924.87,5941.62,5824.95,5831.16,-0.01200438494682321,116.67000000000007,Crude oil,CL=F,₹/barrel,Energy
2014-01-06,93.43000030517578,94.58999633789062,93.19999694824219,94.18000030517578,189379,62.22999954223633,5860.82,5886.34,5799.84,5814.15,-0.0029170868232050173,86.5,Crude oil,CL=F,₹/barrel,Energy
2014-01-07,93.66999816894531,94.22000122070312,93.3499984741211,93.5999984741211,177182,62.310001373291016,5832.22,5870.85,5816.64,5836.58,0.0038578296053592975,54.210000000000036,Crude oil,CL=F,₹/barrel,Energy
2014-01-08,92.33000183105469,94.18000030517578,92.26000213623047,93.95999908447266,244855,62.08000183105469,5833.04,5846.69,5727.5,5731.85,-0.0179437273197659,119.1899999999996,Crude oil,CL=F,₹/barrel,Energy
2014-01-09,91.66000366210938,92.93000030517578,91.23999786376953,92.58000183105469,255784,62.119998931884766,5751.07,5772.81,5667.83,5693.92,-0.006617409736821456,104.98000000000047,Crude oil,CL=F,₹/barrel,Energy
2014-01-10,92.72000122070312,93.37999725341797,91.98999786376953,92.30000305175781,255988,61.77999877929688,5702.29,5769.02,5683.14,5728.24,0.006027481945654278,85.88000000000011,Crude oil,CL=F,₹/barrel,Energy
2014-01-13,91.80000305175781,92.87999725341797,91.43000030517578,92.83000183105469,212208,61.43999862670898,5703.48,5706.55,5617.46,5640.19,-0.015371213496641278,89.09000000000015,Crude oil,CL=F,₹/barrel,Energy
2014-01-14,92.58999633789062,92.87999725341797,91.5,91.51000213623047,243474,61.470001220703125,5625.12,5709.33,5624.51,5691.51,0.009098984254076736,84.81999999999971,Crude oil,CL=F,₹/barrel,Energy
2014-01-15,94.16999816894531,94.63999938964844,92.43000030517578,92.6500015258789,263295,61.470001220703125,5695.2,5817.52,5681.67,5788.63,0.01706401288937376,135.85000000000036,Crude oil,CL=F,₹/barrel,Energy
2014-01-16,93.95999908447266,94.63999938964844,93.5999984741211,94.29000091552734,165135,61.540000915527344,5802.61,5824.15,5760.14,5782.3,-0.001093522992486995,64.00999999999931,Crude oil,CL=F,₹/barrel,Energy
2014-01-17,94.37000274658203,94.94000244140625,93.94000244140625,94.16999816894531,119887,61.41999816894531,5783.92,5831.21,5769.79,5796.21,0.002405617141967742,61.42000000000007,Crude oil,CL=F,₹/barrel,Energy
2014-01-21,94.98999786376953,95.2300033569336,93.43000030517578,94.0,244861,61.61800003051758,5792.09,5867.88,5756.97,5853.09,0.00981330904159794,110.90999999999985,Crude oil,CL=F,₹/barrel,Energy
2014-01-22,96.7300033569336,96.88999938964844,95.12000274658203,95.19999694824219,252349,61.970001220703125,5899.54,6004.27,5894.59,5994.36,0.024135969206009023,109.68000000000029,Crude oil,CL=F,₹/barrel,Energy
2014-01-23,97.31999969482422,97.83999633789062,96.41000366210938,96.69000244140625,274078,61.869998931884766,5982.21,6053.36,5964.89,6021.19,0.004475873988215584,88.46999999999935,Crude oil,CL=F,₹/barrel,Energy
2014-01-24,96.63999938964844,97.80000305175781,96.25,97.37000274658203,239673,62.130001068115234,6049.6,6076.31,5980.01,6004.24,-0.0028150581529564622,96.30000000000018,Crude oil,CL=F,₹/barrel,Energy
2014-01-27,95.72000122070312,97.18000030517578,95.20999908447266,96.9000015258789,235110,62.72999954223633,6078.54,6096.1,5972.52,6004.52,4.663371217694667e-05,123.57999999999993,Crude oil,CL=F,₹/barrel,Energy
2014-01-28,97.41000366210938,97.66000366210938,95.62999725341797,95.66000366210938,206490,63.380001068115234,6062.93,6189.69,6061.03,6173.85,0.02820042234849751,128.65999999999985,Crude oil,CL=F,₹/barrel,Energy
2014-01-29,97.36000061035156,97.75,96.31999969482422,97.16999816894531,200486,62.380001068115234,6061.46,6097.65,6008.44,6073.32,-0.01628319444107007,89.21000000000004,Crude oil,CL=F,₹/barrel,Energy
2014-01-30,98.2300033569336,98.58999633789062,97.33000183105469,97.41999816894531,199420,62.46799850463867,6085.63,6158.72,6080.01,6136.23,0.010358420106300947,78.71000000000004,Crude oil,CL=F,₹/barrel,Energy
2014-01-31,97.48999786376953,98.38999938964844,97.0999984741211,97.97000122070312,253457,62.310001373291016,6104.51,6130.68,6050.3,6074.6,-0.010043626135265327,80.38000000000011,Crude oil,CL=F,₹/barrel,Energy
2014-02-03,96.43000030517578,97.94000244140625,96.26000213623047,97.4000015258789,293312,62.5,6087.5,6121.25,6016.25,6026.88,-0.007855661278108883,105.0,Crude oil,CL=F,₹/barrel,Energy
2014-02-04,97.19000244140625,97.81999969482422,96.37000274658203,96.52999877929688,204282,62.869998931884766,6068.84,6149.94,6058.78,6110.34,0.013847961134119124,91.15999999999985,Crude oil,CL=F,₹/barrel,Energy
2014-02-05,97.37999725341797,98.26000213623047,96.80000305175781,97.66999816894531,237671,62.130001068115234,6068.24,6104.89,6014.18,6050.22,-0.009839059692259289,90.71000000000004,Crude oil,CL=F,₹/barrel,Energy
2014-02-06,97.83999633789062,98.83000183105469,97.25,97.25,234281,62.22999954223633,6051.87,6150.19,6051.87,6088.58,0.006340265312666293,98.31999999999971,Crude oil,CL=F,₹/barrel,Energy
2014-02-07,99.87999725341797,100.23999786376953,97.11000061035156,97.97000122070312,270407,62.22999954223633,6096.67,6237.94,6043.16,6215.53,0.02085051029961016,194.77999999999975,Crude oil,CL=F,₹/barrel,Energy
2014-02-10,100.05999755859375,100.55000305175781,99.11000061035156,100.05000305175781,251127,62.09000015258789,6212.1,6243.15,6153.74,6212.73,-0.0004504845121816592,89.40999999999985,Crude oil,CL=F,₹/barrel,Energy
2014-02-11,99.94000244140625,100.5999984741211,99.5999984741211,99.97000122070312,233933,62.448001861572266,6242.93,6282.27,6219.82,6241.05,0.004558382546803186,62.45000000000073,Crude oil,CL=F,₹/barrel,Energy
2014-02-12,100.37000274658203,101.37999725341797,100.04000091552734,100.45999908447266,318686,62.02999877929688,6231.53,6288.6,6205.48,6225.95,-0.0024194646734123637,83.1200000000008,Crude oil,CL=F,₹/barrel,Energy
2014-02-13,100.3499984741211,100.66000366210938,99.4000015258789,100.2699966430664,221722,61.68000030517578,6184.65,6208.71,6130.99,6189.59,-0.005840072599362256,77.72000000000025,Crude oil,CL=F,₹/barrel,Energy
2014-02-14,100.30000305175781,100.47000122070312,99.43000030517578,100.33999633789062,229784,62.150001525878906,6236.13,6244.21,6179.57,6233.65,0.007118403642244475,64.64000000000033,Crude oil,CL=F,₹/barrel,Energy
2014-02-18,102.43000030517578,103.25,100.2300033569336,100.31999969482422,177371,61.790000915527344,6198.77,6379.82,6193.21,6329.15,0.015320077322275027,186.60999999999967,Crude oil,CL=F,₹/barrel,Energy
2014-02-19,103.30999755859375,103.80000305175781,102.4000015258789,103.13999938964844,116164,62.209999084472656,6416.34,6457.4,6370.3,6426.91,0.015445991957845795,87.09999999999945,Crude oil,CL=F,₹/barrel,Energy
2014-02-20,102.91999816894531,103.5,102.75,103.41000366210938,194397,62.2599983215332,6438.31,6443.91,6397.21,6407.8,-0.0029734351344580245,46.69999999999982,Crude oil,CL=F,₹/barrel,Energy
2014-02-21,102.19999694824219,102.91999816894531,101.69000244140625,102.87000274658203,173260,62.130001068115234,6391.31,6394.42,6318.0,6349.69,-0.009068635100970779,76.42000000000007,Crude oil,CL=F,₹/barrel,Energy
2014-02-24,102.81999969482422,103.44999694824219,101.97000122070312,102.29000091552734,177861,62.0099983215332,6343.0,6414.93,6323.16,6375.87,0.004123035927738217,91.77000000000044,Crude oil,CL=F,₹/barrel,Energy
2014-02-25,101.83000183105469,102.83999633789062,101.0199966430664,102.80000305175781,187216,62.06800079345703,6380.59,6383.07,6270.11,6320.38,-0.00870312600476486,112.96000000000004,Crude oil,CL=F,₹/barrel,Energy
2014-02-26,102.58999633789062,102.9000015258789,101.58000183105469,102.04000091552734,196517,61.97800064086914,6324.24,6377.54,6295.73,6358.32,0.006002803628895714,81.8100000000004,Crude oil,CL=F,₹/barrel,Energy
2014-02-27,102.4000015258789,103.08000183105469,101.75,102.56999969482422,196494,62.150001525878906,6374.73,6406.42,6323.76,6364.16,0.0009184816114948813,82.65999999999985,Crude oil,CL=F,₹/barrel,Energy
2014-02-28,102.58999633789062,102.95999908447266,101.80000305175781,102.1500015258789,178276,62.02000045776367,6335.34,6385.58,6313.64,6362.63,-0.00024040878921960385,71.9399999999996,Crude oil,CL=F,₹/barrel,Energy
2014-03-03,104.91999816894531,105.22000122070312,102.94999694824219,103.0,295819,61.81999969482422,6367.46,6504.7,6364.37,6486.15,0.019413355797838205,140.32999999999993,Crude oil,CL=F,₹/barrel,Energy
2014-03-04,103.33000183105469,104.95999908447266,102.8499984741211,104.88999938964844,210005,62.16999816894531,6521.01,6525.36,6394.18,6424.03,-0.009577330157335195,131.17999999999938,Crude oil,CL=F,₹/barrel,Energy
2014-03-05,101.44999694824219,103.52999877929688,100.8499984741211,103.3499984741211,267837,61.59999847412109,6366.36,6377.45,6212.36,6249.32,-0.02719632380297099,165.09000000000015,Crude oil,CL=F,₹/barrel,Energy
2014-03-06,101.55999755859375,102.08000183105469,100.12999725341797,101.04000091552734,291849,61.74800109863281,6239.02,6303.24,6182.83,6271.13,0.003489979709792479,120.40999999999985,Crude oil,CL=F,₹/barrel,Energy
2014-03-07,102.58000183105469,102.91000366210938,101.56999969482422,101.97000122070312,226145,60.79999923706055,6199.78,6256.93,6175.46,6236.86,-0.005464724858199488,81.47000000000025,Crude oil,CL=F,₹/barrel,Energy
2014-03-10,101.12000274658203,102.81999969482422,100.8499984741211,102.75,225290,61.22999954223633,6291.38,6295.67,6175.05,6191.58,-0.007260063557623542,120.61999999999989,Crude oil,CL=F,₹/barrel,Energy
2014-03-11,100.02999877929688,101.5199966430664,99.31999969482422,100.94000244140625,294201,60.810001373291016,6138.16,6173.43,6039.65,6082.82,-0.017565790961273198,133.78000000000065,Crude oil,CL=F,₹/barrel,Energy
2014-03-12,97.98999786376953,99.5999984741211,97.55000305175781,99.4800033569336,416927,61.040000915527344,6072.26,6079.58,5954.45,5981.31,-0.016687983533952844,125.13000000000011,Crude oil,CL=F,₹/barrel,Energy
2014-03-13,98.19999694824219,98.5999984741211,97.66999816894531,98.0999984741211,268074,60.77000045776367,5961.54,5991.92,5935.41,5967.61,-0.002290468141594504,56.51000000000022,Crude oil,CL=F,₹/barrel,Energy
2014-03-14,98.88999938964844,99.27999877929688,98.05999755859375,98.25,226300,61.459999084472656,6038.44,6101.75,6026.77,6077.78,0.018461327063933552,74.97999999999956,Crude oil,CL=F,₹/barrel,Energy
2014-03-17,98.08000183105469,99.38999938964844,97.37000274658203,99.38999938964844,227387,60.97999954223633,6060.8,6060.8,5937.62,5980.92,-0.01593674005969281,123.18000000000029,Crude oil,CL=F,₹/barrel,Energy
2014-03-18,99.69999694824219,99.77999877929688,97.75,97.97000122070312,192508,61.040000915527344,5980.09,6090.57,5966.66,6085.69,0.01751737190933822,123.90999999999985,Crude oil,CL=F,₹/barrel,Energy
2014-03-19,100.37000274658203,100.47000122070312,99.33999633789062,99.52999877929688,110319,61.108001708984375,6082.08,6139.52,6070.47,6133.41,0.007841345845746472,69.05000000000018,Crude oil,CL=F,₹/barrel,Energy
2014-03-20,99.43000030517578,100.81999969482422,99.08000183105469,100.38999938964844,244866,60.95000076293945,6118.77,6144.98,6038.93,6060.26,-0.011926481353765617,106.04999999999927,Crude oil,CL=F,₹/barrel,Energy
2014-03-21,99.45999908447266,100.25,98.25,98.58999633789062,191289,61.33300018310547,6046.82,6148.63,6025.97,6100.18,0.006587176127756944,122.65999999999985,Crude oil,CL=F,₹/barrel,Energy
2014-03-24,99.5999984741211,100.29000091552734,99.05000305175781,99.48999786376953,151710,61.02000045776367,6070.88,6119.7,6044.03,6077.59,-0.00370316941467308,75.67000000000007,Crude oil,CL=F,₹/barrel,Energy
2014-03-25,99.19000244140625,100.25,98.80000305175781,99.43000030517578,217013,60.59000015258789,6024.46,6074.15,5986.29,6009.92,-0.011134347660832655,87.85999999999967,Crude oil,CL=F,₹/barrel,Energy
2014-03-26,100.26000213623047,100.45999908447266,99.0999984741211,99.18000030517578,211367,60.220001220703125,5972.62,6049.7,5967.8,6037.66,0.0046157020392949555,81.89999999999964,Crude oil,CL=F,₹/barrel,Energy
2014-03-27,101.27999877929688,101.69999694824219,100.02999877929688,100.30000305175781,202200,60.15999984741211,6034.05,6118.27,6017.8,6093.0,0.009165802645395793,100.47000000000025,Crude oil,CL=F,₹/barrel,Energy
2014-03-28,101.66999816894531,102.23999786376953,101.18000030517578,101.33999633789062,166326,60.23799896240234,6104.52,6158.73,6094.88,6124.4,0.005153454784178502,63.849999999999454,Crude oil,CL=F,₹/barrel,Energy
2014-03-31,101.58000183105469,101.97000122070312,100.87999725341797,101.69000244140625,167570,59.84000015258789,6085.13,6101.88,6036.66,6078.55,-0.007486447652014783,65.22000000000025,Crude oil,CL=F,₹/barrel,Energy
2014-04-01,99.73999786376953,101.56999969482422,99.27999877929688,101.52999877929688,237564,59.9900016784668,6090.78,6093.18,5955.81,5983.4,-0.015653404183563646,137.3699999999999,Crude oil,CL=F,₹/barrel,Energy
2014-04-02,99.62000274658203,99.83000183105469,98.86000061035156,99.63999938964844,231596,59.77999877929688,5956.48,5967.84,5909.85,5955.28,-0.004699669084467062,57.98999999999978,Crude oil,CL=F,₹/barrel,Energy
2014-04-03,100.29000091552734,100.48999786376953,99.06999969482422,99.29000091552734,195430,59.89799880981445,5947.27,6019.15,5934.09,6007.17,0.00871327628591767,85.05999999999949,Crude oil,CL=F,₹/barrel,Energy
2014-04-04,101.13999938964844,101.62999725341797,100.27999877929688,100.37999725341797,193532,60.38999938964844,6061.95,6137.44,6055.91,6107.84,0.01675830715628157,81.52999999999975,Crude oil,CL=F,₹/barrel,Energy
2014-04-07,100.44000244140625,101.31999969482422,99.91999816894531,100.91000366210938,254884,59.66999816894531,6021.3,6045.76,5962.23,5993.25,-0.01876113323204276,83.53000000000065,Crude oil,CL=F,₹/barrel,Energy
2014-04-08,102.55999755859375,102.70999908447266,100.68000030517578,100.69000244140625,299549,60.119998931884766,6053.48,6174.93,6052.88,6165.91,0.028809076878154594,122.05000000000018,Crude oil,CL=F,₹/barrel,Energy
2014-04-09,103.5999984741211,103.7699966430664,102.02999877929688,102.3499984741211,324660,60.09000015258789,6150.21,6235.54,6130.98,6225.32,0.009635236323592089,104.5600000000004,Crude oil,CL=F,₹/barrel,Energy
2014-04-10,103.4000015258789,103.80999755859375,103.0999984741211,103.44000244140625,222169,59.959999084472656,6202.26,6224.45,6181.88,6199.86,-0.0040897496032332725,42.56999999999971,Crude oil,CL=F,₹/barrel,Energy
2014-04-11,103.73999786376953,104.44000244140625,103.01000213623047,103.33999633789062,261915,60.29999923706055,6231.4,6297.73,6211.5,6255.52,0.008977622075337255,86.22999999999956,Crude oil,CL=F,₹/barrel,Energy
2014-04-14,104.05000305175781,104.55000305175781,103.33999633789062,103.55999755859375,237213,60.34000015258789,6248.81,6308.55,6235.54,6278.38,0.0036543724582447368,73.01000000000022,Crude oil,CL=F,₹/barrel,Energy
2014-04-15,103.75,104.05000305175781,102.91000366210938,103.5999984741211,215848,60.34000015258789,6251.22,6278.38,6209.59,6260.28,-0.0028829092855163774,68.78999999999996,Crude oil,CL=F,₹/barrel,Energy
2014-04-16,103.76000213623047,104.98999786376953,103.12000274658203,103.76000213623047,279392,60.29999923706055,6256.73,6330.9,6218.14,6256.73,-0.0005670672877251537,112.75999999999931,Crude oil,CL=F,₹/barrel,Energy
2014-04-17,104.30000305175781,104.77999877929688,103.54000091552734,103.83999633789062,191342,60.25,6256.36,6312.99,6238.29,6284.08,0.004371292991706577,74.69999999999982,Crude oil,CL=F,₹/barrel,Energy
2014-04-21,104.37000274658203,104.7699966430664,103.8499984741211,104.54000091552734,115095,60.150001525878906,6288.08,6301.92,6246.58,6277.86,-0.00098980280327432,55.340000000000146,Crude oil,CL=F,₹/barrel,Energy
2014-04-22,102.12999725341797,104.36000061035156,101.69000244140625,104.36000061035156,323723,60.47999954223633,6311.69,6311.69,6150.21,6176.82,-0.016094656459366696,161.47999999999956,Crude oil,CL=F,₹/barrel,Energy
2014-04-23,101.44000244140625,102.08000183105469,101.19999694824219,101.86000061035156,250645,60.757999420166016,6188.81,6202.18,6148.71,6163.29,-0.002190447511826399,53.470000000000255,Crude oil,CL=F,₹/barrel,Energy
2014-04-24,101.94000244140625,102.3499984741211,101.4000015258789,101.54000091552734,202278,61.0099983215332,6194.96,6244.37,6186.41,6219.36,0.009097413881222538,57.960000000000036,Crude oil,CL=F,₹/barrel,Energy
2014-04-25,100.5999984741211,102.05000305175781,100.4800033569336,101.93000030517578,221601,61.119998931884766,6229.96,6237.3,6141.34,6148.67,-0.011366121272928353,95.96000000000004,Crude oil,CL=F,₹/barrel,Energy
2014-04-28,100.83999633789062,101.5199966430664,100.33000183105469,100.48999786376953,231590,60.63800048828125,6093.51,6155.97,6083.81,6114.74,-0.005518266551953532,72.15999999999985,Crude oil,CL=F,₹/barrel,Energy
2014-04-29,101.27999877929688,102.19999694824219,100.70999908447266,100.88999938964844,218691,60.64300155639648,6118.27,6197.71,6107.36,6141.92,0.004444996843692595,90.35000000000036,Crude oil,CL=F,₹/barrel,Energy
2014-04-30,99.73999786376953,100.76000213623047,99.3499984741211,100.76000213623047,282979,60.417999267578125,6087.72,6087.72,6002.53,6026.09,-0.018858923593925048,85.19000000000051,Crude oil,CL=F,₹/barrel,Energy
2014-05-01,99.41999816894531,99.88999938964844,98.73999786376953,99.72000122070312,235455,60.119998931884766,5995.17,6005.39,5936.25,5977.13,-0.008124671221306001,69.14000000000033,Crude oil,CL=F,₹/barrel,Energy
2014-05-02,99.76000213623047,100.13999938964844,99.16999816894531,99.16999816894531,213631,60.13999938964844,5964.08,6022.42,5964.08,5999.57,0.0037543101789654365,58.340000000000146,Crude oil,CL=F,₹/barrel,Energy
2014-05-05,99.4800033569336,100.44000244140625,98.91000366210938,99.95999908447266,190002,60.02000045776367,5999.6,6028.41,5936.58,5970.79,-0.004797010452415762,91.82999999999993,Crude oil,CL=F,₹/barrel,Energy
2014-05-06,99.5,100.41999816894531,99.31999969482422,99.37999725341797,251208,60.11000061035156,5973.73,6036.25,5970.13,5980.95,0.0017016173739152762,66.11999999999989,Crude oil,CL=F,₹/barrel,Energy
2014-05-07,100.7699966430664,100.98999786376953,99.77999877929688,99.83000183105469,291271,59.97800064086914,5987.6,6057.18,5984.6,6043.98,0.010538459609259254,72.57999999999993,Crude oil,CL=F,₹/barrel,Energy
2014-05-08,100.26000213623047,100.93000030517578,99.87000274658203,100.81999969482422,252605,59.88999938964844,6038.11,6044.7,5981.21,6004.57,-0.006520537791322889,63.48999999999978,Crude oil,CL=F,₹/barrel,Energy
2014-05-09,99.98999786376953,101.18000030517578,99.70999908447266,100.2699966430664,271341,59.93000030517578,6009.18,6063.72,5975.62,5992.4,-0.0020267895952582604,88.10000000000036,Crude oil,CL=F,₹/barrel,Energy
2014-05-12,100.58999633789062,100.93000030517578,99.93000030517578,100.12000274658203,211648,59.84999847412109,5992.18,6040.66,5980.81,6020.31,0.004657566250584111,59.849999999999454,Crude oil,CL=F,₹/barrel,Energy
2014-05-13,101.69999694824219,102.05000305175781,100.36000061035156,100.62999725341797,253588,59.41999816894531,5979.43,6063.81,5963.39,6043.01,0.003770569954038905,100.42000000000007,Crude oil,CL=F,₹/barrel,Energy
2014-05-14,102.37000274658203,102.6500015258789,101.83000183105469,101.91000366210938,234477,59.310001373291016,6044.28,6088.17,6039.54,6071.57,0.004726121585103993,48.63000000000011,Crude oil,CL=F,₹/barrel,Energy
2014-05-15,101.5,102.26000213623047,101.2699966430664,102.02999877929688,276060,59.400001525878906,6060.58,6074.24,6015.44,6029.1,-0.006994895883601693,58.80000000000018,Crude oil,CL=F,₹/barrel,Energy
2014-05-16,102.0199966430664,102.2300033569336,101.38999938964844,101.55999755859375,147896,59.33000183105469,6025.55,6065.31,6015.47,6052.85,0.003939228077159074,49.840000000000146,Crude oil,CL=F,₹/barrel,Energy
2014-05-19,102.61000061035156,103.08999633789062,101.97000122070312,102.12999725341797,121114,58.560001373291016,5980.73,6036.95,5971.36,6008.84,-0.007270955004667234,65.59000000000015,Crude oil,CL=F,₹/barrel,Energy
2014-05-20,102.44000244140625,102.86000061035156,102.0999984741211,102.5999984741211,249769,58.36800003051758,5988.56,6003.73,5959.37,5979.22,-0.004929404011423166,44.35999999999967,Crude oil,CL=F,₹/barrel,Energy
2014-05-21,104.06999969482422,104.29000091552734,102.77999877929688,102.95999908447266,272127,58.58300018310547,6031.71,6109.62,6021.16,6096.73,0.019653065115516677,88.46000000000004,Crude oil,CL=F,₹/barrel,Energy
2014-05-22,103.73999786376953,104.22000122070312,103.55000305175781,103.8499984741211,159181,58.6879997253418,6094.75,6116.46,6077.14,6088.29,-0.0013843486590351395,39.31999999999971,Crude oil,CL=F,₹/barrel,Energy
2014-05-23,104.3499984741211,104.5,103.63999938964844,103.70999908447266,160563,58.27799987792969,6044.01,6090.05,6039.93,6081.31,-0.0011464631283988336,50.11999999999989,Crude oil,CL=F,₹/barrel,Energy
2014-05-27,104.11000061035156,104.5,103.56999969482422,104.33999633789062,174387,58.650001525878906,6119.54,6128.93,6074.38,6106.05,0.004068202410335786,54.55000000000018,Crude oil,CL=F,₹/barrel,Energy
2014-05-28,102.72000122070312,104.38999938964844,102.63999938964844,104.13999938964844,239134,59.03799819946289,6148.22,6162.98,6059.66,6064.38,-0.006824379099417799,103.31999999999971,Crude oil,CL=F,₹/barrel,Energy
2014-05-29,103.58000183105469,103.94000244140625,102.61000061035156,103.05999755859375,205506,58.83000183105469,6063.02,6114.79,6036.55,6093.61,0.004819948617995395,78.23999999999978,Crude oil,CL=F,₹/barrel,Energy
2014-05-30,102.70999908447266,103.55999755859375,102.4000015258789,103.51000213623047,169734,58.900001525878906,6096.74,6099.68,6031.36,6049.62,-0.007219037647634097,68.32000000000062,Crude oil,CL=F,₹/barrel,Energy
2014-06-02,102.47000122070312,103.3499984741211,102.0999984741211,102.91999816894531,159042,59.1879997253418,6091.63,6117.08,6043.09,6064.99,0.002540655446127138,73.98999999999978,Crude oil,CL=F,₹/barrel,Energy
2014-06-03,102.66000366210938,102.86000061035156,102.2300033569336,102.44000244140625,160208,59.15999984741211,6060.35,6085.2,6047.93,6073.37,0.0013817005469094479,37.26999999999953,Crude oil,CL=F,₹/barrel,Energy
2014-06-04,102.63999938964844,103.69000244140625,102.33999633789062,102.79000091552734,208540,59.29999923706055,6095.45,6148.82,6068.76,6086.55,0.0021701295985590008,80.05999999999949,Crude oil,CL=F,₹/barrel,Energy
2014-06-05,102.4800033569336,102.69000244140625,101.5999984741211,102.37000274658203,200402,59.2599983215332,6066.45,6085.41,6020.82,6072.96,-0.0022327919757498815,64.59000000000015,Crude oil,CL=F,₹/barrel,Energy
2014-06-06,102.66000366210938,103.06999969482422,102.30000305175781,102.44000244140625,197758,59.16299819946289,6060.66,6097.93,6052.37,6073.67,0.00011691168721683631,45.5600000000004,Crude oil,CL=F,₹/barrel,Energy
2014-06-09,104.41000366210938,104.56999969482422,102.62000274658203,102.77999877929688,246719,59.167999267578125,6081.29,6187.2,6071.82,6177.73,0.01713296902861039,115.38000000000011,Crude oil,CL=F,₹/barrel,Energy
2014-06-10,104.3499984741211,105.05999755859375,103.9800033569336,104.45999908447266,255599,59.198001861572266,6183.82,6219.34,6155.41,6177.31,-6.798613730274461e-05,63.93000000000029,Crude oil,CL=F,₹/barrel,Energy
2014-06-11,104.4000015258789,104.80999755859375,104.16999816894531,104.30000305175781,187728,59.119998931884766,6166.22,6196.37,6158.53,6172.13,-0.000838552703361195,37.840000000000146,Crude oil,CL=F,₹/barrel,Energy
2014-06-12,106.52999877929688,106.94999694824219,104.3499984741211,104.47000122070312,321499,59.33300018310547,6198.52,6345.66,6191.4,6320.74,0.02407758747790467,154.26000000000022,Crude oil,CL=F,₹/barrel,Energy
2014-06-13,106.91000366210938,107.68000030517578,106.37000274658203,106.83999633789062,255394,59.28799819946289,6334.33,6384.13,6306.46,6338.48,0.0028066334005194538,77.67000000000007,Crude oil,CL=F,₹/barrel,Energy
2014-06-16,106.9000015258789,107.54000091552734,106.56999969482422,106.87999725341797,204792,59.70299911499024,6381.06,6420.46,6362.55,6382.25,0.006905441052113437,57.909999999999854,Crude oil,CL=F,₹/barrel,Energy
2014-06-17,106.36000061035156,107.18000030517578,106.01000213623047,106.58999633789062,252969,60.09000015258789,6404.99,6440.45,6370.14,6391.17,0.0013976262289945307,70.30999999999949,Crude oil,CL=F,₹/barrel,Energy
2014-06-18,105.97000122070312,106.97000122070312,105.80000305175781,106.5999984741211,176257,60.323001861572266,6430.43,6452.75,6382.17,6392.43,0.0001971470012533949,70.57999999999993,Crude oil,CL=F,₹/barrel,Energy
2014-06-19,106.43000030517578,106.69999694824219,105.31999969482422,106.11000061035156,123121,59.810001373291016,6346.44,6381.73,6299.19,6365.58,-0.004200280644449772,82.53999999999996,Crude oil,CL=F,₹/barrel,Energy
2014-06-20,107.26000213623047,107.7300033569336,106.33000183105469,106.5999984741211,213130,60.15999984741211,6413.06,6481.04,6396.81,6452.76,0.013695531279160678,84.22999999999956,Crude oil,CL=F,₹/barrel,Energy
2014-06-23,106.16999816894531,107.44999694824219,105.91000366210938,107.41999816894531,175473,60.167999267578125,6463.25,6465.05,6372.39,6388.04,-0.010029816698591043,92.65999999999985,Crude oil,CL=F,₹/barrel,Energy
2014-06-24,106.02999877929688,106.45999908447266,105.25,106.0199966430664,175206,60.15299987792969,6377.42,6403.89,6331.1,6378.02,-0.001568556239472385,72.78999999999996,Crude oil,CL=F,₹/barrel,Energy
2014-06-25,106.5,107.5,105.47000122070312,106.13999938964844,249064,60.18999862670898,6388.57,6470.42,6348.24,6410.23,0.005050156631681846,122.18000000000029,Crude oil,CL=F,₹/barrel,Energy
2014-06-26,105.83999633789062,106.80999755859375,105.02999877929688,106.70999908447266,195723,59.95000076293945,6397.26,6403.26,6296.55,6345.11,-0.010158761854098808,106.71000000000004,Crude oil,CL=F,₹/barrel,Energy
2014-06-27,105.73999786376953,106.19000244140625,105.33000183105469,105.63999938964844,128975,60.08000183105469,6346.85,6379.9,6328.23,6352.86,0.0012214130251484434,51.67000000000007,Crude oil,CL=F,₹/barrel,Energy
2014-06-30,105.37000274658203,105.76000213623047,104.66000366210938,105.69000244140625,215334,60.03799819946289,6345.42,6349.62,6283.58,6326.2,-0.00419653510387441,66.03999999999996,Crude oil,CL=F,₹/barrel,Energy
2014-07-01,105.33999633789062,106.08999633789062,104.5999984741211,105.44000244140625,221685,59.970001220703125,6323.24,6362.22,6272.86,6317.24,-0.001416332079289262,89.36000000000058,Crude oil,CL=F,₹/barrel,Energy
2014-07-02,104.4800033569336,105.52999877929688,104.0999984741211,105.20999908447266,240067,60.02799987792969,6315.55,6334.75,6248.91,6271.73,-0.007204095459409476,85.84000000000015,Crude oil,CL=F,₹/barrel,Energy
2014-07-03,104.05999755859375,104.29000091552734,103.66999816894531,104.2699966430664,169938,59.43999862670898,6197.81,6199.0,6162.14,6185.33,-0.01377610324424039,36.85999999999967,Crude oil,CL=F,₹/barrel,Energy
2014-07-07,103.52999877929688,104.12999725341797,103.19000244140625,104.05999755859375,189250,59.71799850463867,6214.25,6218.44,6162.3,6182.6,-0.00044136691170881814,56.13999999999942,Crude oil,CL=F,₹/barrel,Energy
2014-07-08,103.4000015258789,104.19999694824219,103.01000213623047,103.38999938964844,249378,59.948001861572266,6198.02,6246.58,6175.24,6198.62,0.00259114288487039,71.34000000000015,Crude oil,CL=F,₹/barrel,Energy
2014-07-09,102.29000091552734,103.5999984741211,101.8499984741211,103.44999694824219,250987,59.74800109863281,6180.93,6189.89,6085.33,6111.62,-0.014035382068912083,104.5600000000004,Crude oil,CL=F,₹/barrel,Energy
2014-07-10,102.93000030517578,103.0,101.55000305175781,101.94999694824219,238076,59.757999420166016,6092.33,6155.07,6068.43,6150.89,0.0064254649340109715,86.63999999999942,Crude oil,CL=F,₹/barrel,Energy
2014-07-11,100.83000183105469,102.91999816894531,100.44000244140625,102.86000061035156,272550,60.1879997253418,6190.94,6194.55,6045.28,6068.76,-0.013352539226030746,149.27000000000044,Crude oil,CL=F,₹/barrel,Energy
2014-07-14,100.91000366210938,101.19999694824219,100.22000122070312,100.45999908447266,252675,60.0880012512207,6036.44,6080.91,6022.02,6063.48,-0.0008700294623614768,58.88999999999942,Crude oil,CL=F,₹/barrel,Energy
2014-07-15,99.95999908447266,101.05999755859375,99.01000213623047,100.93000030517578,331196,60.060001373291016,6061.86,6069.66,5946.54,6003.6,-0.009875517029824366,123.11999999999989,Crude oil,CL=F,₹/barrel,Energy
2014-07-16,101.19999694824219,101.5999984741211,100.06999969482422,100.20999908447266,240202,60.16999816894531,6029.64,6113.27,6021.21,6089.2,0.014258111799586803,92.0600000000004,Crude oil,CL=F,₹/barrel,Energy
2014-07-17,103.19000244140625,103.9000015258789,101.2699966430664,101.48999786376953,342872,60.08000183105469,6097.52,6242.31,6084.3,6199.66,0.018140313998554758,158.01000000000022,Crude oil,CL=F,₹/barrel,Energy
2014-07-18,103.12999725341797,103.94000244140625,102.58000183105469,103.72000122070312,172529,60.59999847412109,6285.43,6298.76,6216.35,6249.68,0.008068184384305122,82.40999999999985,Crude oil,CL=F,₹/barrel,Energy
2014-07-21,104.58999633789062,104.98999786376953,102.6500015258789,102.97000122070312,126986,60.27799987792969,6206.83,6328.59,6187.54,6304.48,0.008768448944585838,141.05000000000018,Crude oil,CL=F,₹/barrel,Energy
2014-07-22,104.41999816894531,105.25,103.88999938964844,104.58000183105469,252395,60.25,6300.95,6341.31,6259.37,6291.3,-0.002090576859629878,81.94000000000051,Crude oil,CL=F,₹/barrel,Energy
2014-07-23,103.12000274658203,103.33999633789062,101.79000091552734,101.95999908447266,260652,60.09799957275391,6127.59,6210.53,6117.38,6197.31,-0.0149396786037862,93.14999999999964,Crude oil,CL=F,₹/barrel,Energy
2014-07-24,102.06999969482422,103.30999755859375,101.87999725341797,103.19999694824219,194404,59.86000061035156,6177.55,6184.14,6098.54,6109.91,-0.014102893029395047,85.60000000000036,Crude oil,CL=F,₹/barrel,Energy
2014-07-25,102.08999633789062,102.52999877929688,101.0,102.04000091552734,284919,60.060001373291016,6128.52,6157.95,6066.06,6131.53,0.0035385136605941003,91.88999999999942,Crude oil,CL=F,₹/barrel,Energy
2014-07-28,101.66999816894531,102.0999984741211,100.9000015258789,101.87000274658203,197815,60.053001403808594,6117.6,6131.41,6059.35,6105.59,-0.00423059171201956,72.05999999999949,Crude oil,CL=F,₹/barrel,Energy
2014-07-29,100.97000122070312,101.83000183105469,100.37000274658203,101.5999984741211,258060,60.04999923706055,6101.08,6114.89,6027.22,6063.25,-0.006934628758236361,87.67000000000007,Crude oil,CL=F,₹/barrel,Energy
2014-07-30,100.2699966430664,101.66999816894531,99.41999816894531,101.02999877929688,263974,60.040000915527344,6065.84,6104.27,5969.18,6020.21,-0.007098503277945034,135.09000000000015,Crude oil,CL=F,₹/barrel,Energy
2014-07-31,98.16999816894531,99.8499984741211,97.5999984741211,99.47000122070312,335785,60.25,5993.07,6015.96,5880.4,5914.74,-0.01751932241566323,135.5600000000004,Crude oil,CL=F,₹/barrel,Energy
2014-08-01,97.87999725341797,98.0999984741211,97.08999633789062,97.69999694824219,274992,60.77000045776367,5937.23,5961.54,5900.16,5948.17,0.0056519813212414505,61.38000000000011,Crude oil,CL=F,₹/barrel,Energy
2014-08-04,98.29000091552734,98.66999816894531,97.43000030517578,97.66999816894531,204262,61.20800018310547,5978.19,6039.39,5963.5,6016.13,0.011425362758630042,75.89000000000033,Crude oil,CL=F,₹/barrel,Energy
2014-08-05,97.37999725341797,98.66999816894531,97.0,98.41000366210938,242237,60.900001525878906,5993.17,6009.0,5907.3,5930.44,-0.014243375724926288,101.69999999999982,Crude oil,CL=F,₹/barrel,Energy
2014-08-06,96.91999816894531,98.12999725341797,96.69000244140625,97.62000274658203,263598,60.84299850463867,5939.49,5970.52,5882.91,5896.9,-0.005655566871935247,87.61000000000058,Crude oil,CL=F,₹/barrel,Energy
2014-08-07,97.33999633789062,97.72000122070312,96.55000305175781,96.88999938964844,286531,61.18999862670898,5928.7,5979.49,5907.89,5956.23,0.010061218606386424,71.59999999999945,Crude oil,CL=F,₹/barrel,Energy
2014-08-08,97.6500015258789,98.44999694824219,97.1500015258789,97.63999938964844,266006,61.23799896240234,5979.28,6028.88,5949.27,5979.89,0.003972311344592194,79.60999999999967,Crude oil,CL=F,₹/barrel,Energy
2014-08-11,98.08000183105469,98.58000183105469,97.37000274658203,97.54000091552734,241493,61.13800048828125,5963.4,6026.98,5953.01,5996.42,0.0027642648945047643,73.96999999999935,Crude oil,CL=F,₹/barrel,Energy
2014-08-12,97.37000274658203,97.94000244140625,96.80999755859375,97.83999633789062,242592,61.119998931884766,5979.98,5986.09,5917.03,5951.25,-0.007532827920659346,69.0600000000004,Crude oil,CL=F,₹/barrel,Energy
2014-08-13,97.58999633789062,97.77999877929688,96.75,97.19999694824219,253703,61.220001220703125,5950.58,5986.09,5923.04,5974.46,0.0039000210039907834,63.05000000000018,Crude oil,CL=F,₹/barrel,Energy
2014-08-14,95.58000183105469,97.58999633789062,95.26000213623047,97.30000305175781,350619,61.02000045776367,5937.25,5954.94,5812.77,5832.29,-0.023796292886721138,142.16999999999916,Crude oil,CL=F,₹/barrel,Energy
2014-08-15,97.3499984741211,97.41000366210938,95.31999969482422,95.5,269750,60.63999938964844,5791.12,5906.94,5780.2,5903.3,0.012175320500180886,126.73999999999978,Crude oil,CL=F,₹/barrel,Energy
2014-08-18,96.41000366210938,97.16000366210938,95.80999755859375,97.0999984741211,157537,60.77299880981445,5901.06,5904.7,5822.66,5859.13,-0.0074822556874968305,82.03999999999996,Crude oil,CL=F,₹/barrel,Energy
2014-08-19,94.4800033569336,97.05000305175781,94.26000213623047,96.55999755859375,109041,60.81999969482422,5872.78,5902.58,5732.89,5746.27,-0.019262245418688373,169.6899999999996,Crude oil,CL=F,₹/barrel,Energy
2014-08-20,96.06999969482422,96.47000122070312,94.69999694824219,94.69999694824219,207152,60.7400016784668,5752.08,5859.59,5752.08,5835.29,0.015491788586335042,107.51000000000022,Crude oil,CL=F,₹/barrel,Energy
2014-08-21,93.95999908447266,94.44999694824219,92.5,93.48999786376953,226343,60.608001708984375,5666.24,5724.43,5606.24,5694.73,-0.02408792022333084,118.19000000000051,Crude oil,CL=F,₹/barrel,Energy
2014-08-22,93.6500015258789,94.04000091552734,92.91999816894531,93.88999938964844,191457,60.43999862670898,5674.71,5683.78,5616.08,5660.21,-0.006061744806162839,67.69999999999982,Crude oil,CL=F,₹/barrel,Energy
2014-08-25,93.3499984741211,93.94999694824219,93.05000305175781,93.33999633789062,137420,60.4630012512207,5643.62,5680.5,5626.08,5644.22,-0.002824983525346214,54.42000000000007,Crude oil,CL=F,₹/barrel,Energy
2014-08-26,93.86000061035156,94.3499984741211,93.3499984741211,93.36000061035156,176280,60.5099983215332,5649.21,5709.12,5648.61,5679.47,0.006245327077966545,60.51000000000022,Crude oil,CL=F,₹/barrel,Energy
2014-08-27,93.87999725341797,94.23999786376953,93.36000061035156,93.87999725341797,174908,60.428001403808594,5672.98,5694.73,5641.56,5672.98,-0.001142712260122969,53.16999999999916,Crude oil,CL=F,₹/barrel,Energy
2014-08-28,94.55000305175781,94.70999908447266,93.44999694824219,93.75,262292,60.448001861572266,5667.0,5725.03,5648.87,5715.36,0.007470500512957834,76.15999999999985,Crude oil,CL=F,₹/barrel,Energy
2014-08-29,95.95999908447266,96.0,94.4800033569336,94.55999755859375,234972,60.61000061035156,5731.28,5818.56,5726.43,5816.14,0.017633184961227455,92.13000000000011,Crude oil,CL=F,₹/barrel,Energy
2014-09-02,92.87999725341797,95.91000366210938,92.68000030517578,95.80999755859375,320356,60.52299880981445,5798.71,5804.76,5609.27,5621.38,-0.0334861265375318,195.48999999999978,Crude oil,CL=F,₹/barrel,Energy
2014-09-03,95.54000091552734,95.83000183105469,93.05999755859375,93.27999877929688,294395,60.678001403808594,5660.04,5814.77,5646.69,5797.18,0.03127345954196303,168.08000000000084,Crude oil,CL=F,₹/barrel,Energy
2014-09-04,94.44999694824219,95.38999938964844,94.16000366210938,95.06999969482422,254140,60.38999938964844,5741.28,5760.6,5686.32,5703.84,-0.01610093183237371,74.28000000000065,Crude oil,CL=F,₹/barrel,Energy
2014-09-05,93.29000091552734,94.98999786376953,92.86000061035156,94.56999969482422,261386,60.369998931884766,5709.19,5734.55,5605.96,5631.92,-0.012609049342197531,128.59000000000015,Crude oil,CL=F,₹/barrel,Energy
2014-09-08,92.66000366210938,93.62000274658203,91.80000305175781,93.48999786376953,277990,60.38800048828125,5645.67,5653.52,5543.62,5595.55,-0.006457833207858088,109.90000000000055,Crude oil,CL=F,₹/barrel,Energy
2014-09-09,92.75,93.94000244140625,92.5199966430664,93.11000061035156,275876,60.380001068115234,5621.98,5672.1,5586.36,5600.25,0.0008399531770781898,85.74000000000069,Crude oil,CL=F,₹/barrel,Energy
2014-09-10,91.66999816894531,93.02999877929688,91.22000122070312,92.79000091552734,295306,60.790000915527344,5640.7,5655.29,5545.26,5572.62,-0.004933708316593011,110.02999999999975,Crude oil,CL=F,₹/barrel,Energy
2014-09-11,92.83000183105469,93.44000244140625,90.43000030517578,91.70999908447266,403175,60.79999923706055,5575.97,5681.15,5498.14,5644.06,0.012819822632801126,183.0099999999993,Crude oil,CL=F,₹/barrel,Energy
2014-09-12,92.2699966430664,93.66999816894531,91.95999908447266,93.05000305175781,297768,60.810001373291016,5658.37,5696.07,5592.09,5610.94,-0.00586811621421468,103.97999999999956,Crude oil,CL=F,₹/barrel,Energy
2014-09-15,92.91999816894531,93.02999877929688,90.62999725341797,92.12999725341797,260506,60.64799880981445,5587.5,5642.08,5496.53,5635.41,0.004361123091674468,145.55000000000018,Crude oil,CL=F,₹/barrel,Energy
2014-09-16,94.87999725341797,95.19000244140625,92.45999908447266,92.80999755859375,294723,60.970001220703125,5658.63,5803.73,5637.29,5784.83,0.026514486079983524,166.4399999999996,Crude oil,CL=F,₹/barrel,Energy
2014-09-17,94.41999816894531,95.05999755859375,93.73999786376953,94.70999908447266,305832,61.053001403808594,5782.33,5803.7,5723.11,5764.62,-0.0034936203829671886,80.59000000000015,Crude oil,CL=F,₹/barrel,Energy
2014-09-18,93.06999969482422,94.81999969482422,92.8499984741211,93.97000122070312,170772,60.90800094604492,5723.52,5775.3,5655.31,5668.71,-0.016637696847320305,119.98999999999978,Crude oil,CL=F,₹/barrel,Energy
2014-09-19,92.41000366210938,93.22000122070312,91.8499984741211,92.97000122070312,92780,60.68999862670898,5642.35,5657.52,5574.38,5608.36,-0.010646161119549302,83.14000000000033,Crude oil,CL=F,₹/barrel,Energy
2014-09-22,91.5199966430664,92.63999938964844,91.19999694824219,92.22000122070312,229232,60.85300064086914,5611.86,5637.42,5549.79,5569.27,-0.006969952000228097,87.63000000000011,Crude oil,CL=F,₹/barrel,Energy
2014-09-23,91.55999755859375,92.08999633789062,90.58000183105469,90.69999694824219,247770,61.0,5532.7,5617.49,5525.38,5585.16,0.0028531566973768463,92.10999999999967,Crude oil,CL=F,₹/barrel,Energy
2014-09-24,92.80000305175781,93.29000091552734,91.12000274658203,91.72000122070312,282634,60.97999954223633,5593.09,5688.82,5556.5,5658.94,0.013210006517270667,132.3199999999997,Crude oil,CL=F,₹/barrel,Energy
2014-09-25,92.52999877929688,93.54000091552734,92.05000305175781,92.88999938964844,248852,60.810001373291016,5648.64,5688.17,5597.56,5626.75,-0.00568834446026989,90.60999999999967,Crude oil,CL=F,₹/barrel,Energy
2014-09-26,93.54000091552734,93.86000061035156,92.2300033569336,92.47000122070312,258890,61.4900016784668,5685.98,5771.45,5671.22,5751.77,0.022218865241924846,100.22999999999956,Crude oil,CL=F,₹/barrel,Energy
2014-09-29,94.56999969482422,94.63999938964844,92.73999786376953,93.3499984741211,261246,61.13800048828125,5707.23,5786.1,5669.94,5781.82,0.005224478725678994,116.16000000000076,Crude oil,CL=F,₹/barrel,Energy
2014-09-30,91.16000366210938,94.9000015258789,90.86000061035156,94.33999633789062,429251,61.553001403808594,5806.91,5841.38,5592.71,5611.17,-0.029514927825494364,248.67000000000007,Crude oil,CL=F,₹/barrel,Energy
2014-10-01,90.7300033569336,92.95999908447266,90.47000122070312,91.36000061035156,389246,61.81999969482422,5647.88,5746.79,5592.86,5608.93,-0.00039920373112911633,153.9300000000003,Crude oil,CL=F,₹/barrel,Energy
2014-10-02,91.01000213623047,91.54000091552734,88.18000030517578,90.73999786376953,449554,61.7130012512207,5599.84,5649.21,5441.85,5616.5,0.0013496335308160745,207.35999999999967,Crude oil,CL=F,₹/barrel,Energy
2014-10-03,89.73999786376953,91.79000091552734,89.36000061035156,91.37999725341797,342795,61.43999862670898,5614.39,5639.58,5490.28,5513.63,-0.01831567702305703,149.30000000000018,Crude oil,CL=F,₹/barrel,Energy
2014-10-06,90.33999633789062,90.73999786376953,88.76000213623047,89.7699966430664,276614,61.53799819946289,5524.27,5583.96,5462.11,5559.34,0.008290364061426025,121.85000000000036,Crude oil,CL=F,₹/barrel,Energy
2014-10-07,88.8499984741211,90.56999969482422,88.37999725341797,90.44999694824219,300113,61.209999084472656,5536.44,5543.79,5409.74,5438.51,-0.02173459439429859,134.05000000000018,Crude oil,CL=F,₹/barrel,Energy
2014-10-08,87.30999755859375,88.62999725341797,86.83000183105469,88.43000030517578,373752,61.27000045776367,5418.11,5430.36,5320.07,5349.48,-0.016370292598524294,110.28999999999996,Crude oil,CL=F,₹/barrel,Energy
2014-10-09,85.7699966430664,87.94999694824219,84.05999755859375,87.7300033569336,345020,60.880001068115234,5341.0,5354.4,5117.57,5221.68,-0.02389017250274783,236.82999999999993,Crude oil,CL=F,₹/barrel,Energy
2014-10-10,85.81999969482422,86.29000091552734,83.58999633789062,84.38999938964844,396528,61.02000045776367,5149.48,5265.42,5100.66,5236.74,0.002884129245759981,164.76000000000022,Crude oil,CL=F,₹/barrel,Energy
2014-10-13,85.73999786376953,85.87000274658203,84.06999969482422,85.19999694824219,292345,61.27799987792969,5220.89,5261.94,5151.64,5253.98,0.0032921244896633173,110.29999999999927,Crude oil,CL=F,₹/barrel,Energy
2014-10-14,81.83999633789062,85.5999984741211,81.31999969482422,84.9800033569336,475832,61.00299835205078,5184.04,5221.86,4960.76,4992.49,-0.049769888731970746,261.09999999999945,Crude oil,CL=F,₹/barrel,Energy
2014-10-15,81.77999877929688,82.44999694824219,80.01000213623047,82.31999969482422,487721,61.39300155639648,5053.87,5061.85,4912.05,5020.72,0.005654493048559139,149.80000000000018,Crude oil,CL=F,₹/barrel,Energy
2014-10-16,82.69999694824219,84.83000183105469,79.77999877929688,81.05999755859375,424524,61.37300109863281,4974.9,5206.27,4896.34,5075.55,0.010920744435061192,309.9300000000003,Crude oil,CL=F,₹/barrel,Energy
2014-10-17,82.75,84.44999694824219,82.44000244140625,83.18000030517578,174142,61.72299957275391,5134.12,5212.51,5088.44,5107.58,0.0063106461368718225,124.07000000000062,Crude oil,CL=F,₹/barrel,Energy
2014-10-20,82.70999908447266,83.4800033569336,81.55000305175781,83.12999725341797,83702,61.358001708984375,5100.69,5122.17,5003.75,5074.92,-0.0063944177085820675,118.42000000000007,Crude oil,CL=F,₹/barrel,Energy
2014-10-21,82.80999755859375,84.05000305175781,82.29000091552734,82.76000213623047,297522,61.22800064086914,5067.23,5146.21,5038.45,5070.29,-0.0009123296524871094,107.76000000000022,Crude oil,CL=F,₹/barrel,Energy
2014-10-22,80.5199966430664,83.1500015258789,80.22000122070312,82.55000305175781,352217,61.14300155639648,5047.35,5084.04,4904.89,4923.23,-0.02900425813908092,179.14999999999964,Crude oil,CL=F,₹/barrel,Energy
2014-10-23,82.08999633789062,82.37000274658203,80.05000305175781,80.41999816894531,354839,61.09999847412109,4913.66,5032.81,4891.06,5015.7,0.018782384735224644,141.75,Crude oil,CL=F,₹/barrel,Energy
2014-10-24,81.01000213623047,81.94999694824219,80.36000061035156,81.94999694824219,272509,61.130001068115234,5009.6,5009.6,4912.41,4952.14,-0.012672209262914347,97.19000000000051,Crude oil,CL=F,₹/barrel,Energy
2014-10-27,81.0,81.29000091552734,79.44000244140625,81.2699966430664,285327,61.16299819946289,4970.72,4971.94,4858.79,4954.2,0.00041598177757484756,113.14999999999964,Crude oil,CL=F,₹/barrel,Energy
2014-10-28,81.41999816894531,81.66000366210938,80.36000061035156,80.63999938964844,226066,61.29800033569336,4943.07,5005.59,4925.91,4990.88,0.007403818981873922,79.68000000000029,Crude oil,CL=F,₹/barrel,Energy
2014-10-29,82.19999694824219,82.87999725341797,81.44000244140625,81.55000305175781,283762,61.180999755859375,4989.31,5070.68,4982.58,5029.08,0.007653960824543837,88.10000000000036,Crude oil,CL=F,₹/barrel,Energy
2014-10-30,81.12000274658203,82.08999633789062,80.72000122070312,81.93000030517578,270072,61.28300094604492,5020.92,5030.72,4946.76,4971.28,-0.011493155805833322,83.96000000000004,Crude oil,CL=F,₹/barrel,Energy
2014-10-31,80.54000091552734,81.2699966430664,79.55000305175781,81.04000091552734,294183,61.43299865722656,4978.53,4992.66,4887.0,4947.81,-0.004721118102379962,105.65999999999985,Crude oil,CL=F,₹/barrel,Energy
2014-11-03,78.77999877929688,80.9800033569336,78.08000183105469,80.58999633789062,386045,61.39799880981445,4948.06,4972.01,4793.96,4836.93,-0.022409914689529353,178.05000000000018,Crude oil,CL=F,₹/barrel,Energy
2014-11-04,77.19000244140625,78.41000366210938,75.83999633789062,78.22000122070312,432757,61.41299819946289,4803.72,4815.39,4657.56,4740.47,-0.019942401481931715,157.82999999999993,Crude oil,CL=F,₹/barrel,Energy
2014-11-05,78.68000030517578,79.3499984741211,76.45999908447266,77.36000061035156,447691,61.28799819946289,4741.24,4863.2,4686.08,4822.14,0.017228249519562366,177.1199999999999,Crude oil,CL=F,₹/barrel,Energy
2014-11-06,77.91000366210938,78.9800033569336,77.12000274658203,78.87000274658203,292897,61.369998931884766,4840.25,4847.0,4732.85,4781.34,-0.008460973758538826,114.14999999999964,Crude oil,CL=F,₹/barrel,Energy
2014-11-07,78.6500015258789,79.41000366210938,77.47000122070312,77.86000061035156,306077,61.49300003051758,4787.85,4883.16,4763.86,4836.42,0.011519783157022845,119.30000000000018,Crude oil,CL=F,₹/barrel,Energy
2014-11-10,77.4000015258789,79.8499984741211,77.12999725341797,78.5,319492,61.51300048828125,4828.77,4911.81,4744.5,4761.11,-0.01557143506974179,167.3100000000004,Crude oil,CL=F,₹/barrel,Energy
2014-11-11,77.94000244140625,78.04000091552734,76.41999816894531,77.18000030517578,314309,61.52999877929688,4748.89,4801.8,4702.12,4795.65,0.007254610794541705,99.68000000000029,Crude oil,CL=F,₹/barrel,Energy
2014-11-12,77.18000030517578,78.08000183105469,76.62999725341797,77.5,359951,61.4900016784668,4765.48,4801.14,4711.98,4745.8,-0.010394836987686618,89.16000000000076,Crude oil,CL=F,₹/barrel,Energy
2014-11-13,74.20999908447266,77.16000366210938,74.06999969482422,76.94999694824219,447012,61.36800003051758,4722.27,4735.16,4545.53,4554.12,-0.040389396940452627,189.6300000000001,Crude oil,CL=F,₹/barrel,Energy
2014-11-14,75.81999969482422,76.30000305175781,73.25,74.36000061035156,355245,61.59299850463867,4580.06,4699.55,4511.69,4669.98,0.025440699849806236,187.86000000000058,Crude oil,CL=F,₹/barrel,Energy
2014-11-17,75.63999938964844,76.18000030517578,74.70999908447266,75.93000030517578,279462,61.70800018310547,4685.49,4700.92,4610.2,4667.59,-0.0005117794937021802,90.72000000000025,Crude oil,CL=F,₹/barrel,Energy
2014-11-18,74.61000061035156,76.44000244140625,74.12000274658203,75.48999786376953,186214,61.823001861572266,4667.02,4725.75,4582.32,4612.61,-0.01177909799275434,143.4300000000003,Crude oil,CL=F,₹/barrel,Energy
2014-11-19,74.58000183105469,75.4000015258789,73.87999725341797,74.2300033569336,116278,61.71799850463867,4581.33,4653.54,4559.73,4602.93,-0.002098594938657161,93.8100000000004,Crude oil,CL=F,₹/barrel,Energy
2014-11-20,75.58000183105469,75.76000213623047,74.16999816894531,74.25,236720,61.9379997253418,4598.9,4692.42,4593.94,4681.27,0.017019594041186803,98.48000000000047,Crude oil,CL=F,₹/barrel,Energy
2014-11-21,76.51000213623047,77.83000183105469,75.62000274658203,76.29000091552734,275317,61.92300033569336,4724.11,4819.47,4682.62,4737.73,0.012060829646655558,136.85000000000036,Crude oil,CL=F,₹/barrel,Energy
2014-11-24,75.77999877929688,77.0199966430664,75.44999694824219,76.62000274658203,194751,61.7599983215332,4732.05,4756.75,4659.79,4680.17,-0.012149278240845218,96.96000000000004,Crude oil,CL=F,₹/barrel,Energy
2014-11-25,74.08999633789062,76.58000183105469,73.70999908447266,75.51000213623047,294447,61.85300064086914,4670.52,4736.7,4559.18,4582.69,-0.020828303245395086,177.51999999999953,Crude oil,CL=F,₹/barrel,Energy
2014-11-26,73.69000244140625,74.4800033569336,73.30000305175781,73.87000274658203,258382,61.84000015258789,4568.12,4605.84,4532.87,4556.99,-0.0056080598949525,72.97000000000025,Crude oil,CL=F,₹/barrel,Energy
2014-11-28,66.1500015258789,73.55999755859375,65.69000244140625,73.5,552882,61.85300064086914,4546.2,4549.91,4063.12,4091.58,-0.1021310119179546,486.78999999999996,Crude oil,CL=F,₹/barrel,Energy
2014-12-01,69.0,69.54000091552734,63.720001220703125,66.0,504122,62.20299911499024,4105.4,4325.6,3963.58,4292.01,0.04898596630152663,362.02000000000044,Crude oil,CL=F,₹/barrel,Energy
2014-12-02,66.87999725341797,69.31999969482422,66.66999816894531,69.23999786376953,360300,61.948001861572266,4289.28,4294.24,4130.07,4143.08,-0.03469935997353224,164.17000000000007,Crude oil,CL=F,₹/barrel,Energy
2014-12-03,67.37999725341797,68.2300033569336,66.80000305175781,67.5999984741211,293483,61.78799819946289,4176.87,4215.8,4127.44,4163.28,0.0048755997953213726,88.36000000000058,Crude oil,CL=F,₹/barrel,Energy
2014-12-04,66.80999755859375,68.22000122070312,66.08999633789062,67.4000015258789,237011,61.85599899291992,4169.09,4219.82,4088.06,4132.6,-0.007369189677369659,131.75999999999976,Crude oil,CL=F,₹/barrel,Energy
2014-12-05,65.83999633789062,66.88999938964844,65.16999816894531,66.80000305175781,276529,61.78300094604492,4127.1,4132.66,4026.4,4067.79,-0.015682621110197026,106.25999999999976,Crude oil,CL=F,₹/barrel,Energy
2014-12-08,63.04999923706055,65.55000305175781,62.779998779296875,65.45999908447266,330077,61.9109992980957,4052.69,4058.27,3886.77,3903.49,-0.04039048230120046,171.5,Crude oil,CL=F,₹/barrel,Energy
2014-12-09,63.81999969482422,64.19999694824219,62.25,63.0099983215332,322804,61.81800079345703,3895.15,3968.72,3848.17,3945.22,0.010690433432646085,120.54999999999973,Crude oil,CL=F,₹/barrel,Energy
2014-12-10,60.939998626708984,63.43000030517578,60.43000030517578,63.33000183105469,456172,61.87300109863281,3918.42,3924.6,3738.99,3770.54,-0.044276364816157265,185.61000000000013,Crude oil,CL=F,₹/barrel,Energy
2014-12-11,59.95000076293945,61.68000030517578,58.959999084472656,61.119998931884766,392493,62.00299835205078,3789.62,3824.34,3655.7,3717.08,-0.014178340502951858,168.64000000000033,Crude oil,CL=F,₹/barrel,Energy
2014-12-12,57.810001373291016,59.56999969482422,57.34000015258789,59.16999816894531,414224,62.47299957275391,3696.53,3721.52,3582.2,3611.56,-0.02838787435298673,139.32000000000016,Crude oil,CL=F,₹/barrel,Energy
2014-12-15,55.90999984741211,58.72999954223633,55.02000045776367,57.06999969482422,424946,62.51800155639648,3567.9,3671.68,3439.74,3495.38,-0.03216892423218776,231.94000000000005,Crude oil,CL=F,₹/barrel,Energy
2014-12-16,55.93000030517578,57.150001525878906,53.599998474121094,55.400001525878906,518784,63.167999267578125,3499.51,3610.05,3385.8,3532.99,0.010759917376651273,224.25,Crude oil,CL=F,₹/barrel,Energy
2014-12-17,56.470001220703125,58.97999954223633,54.209999084472656,55.5,351977,63.65299987792969,3532.74,3754.25,3450.63,3594.48,0.01740452138273829,303.6199999999999,Crude oil,CL=F,₹/barrel,Energy
2014-12-18,54.11000061035156,58.72999954223633,54.04999923706055,55.83000183105469,106315,63.51800155639648,3546.21,3730.41,3433.15,3436.96,-0.04382275043956285,297.25999999999976,Crude oil,CL=F,₹/barrel,Energy
2014-12-19,56.52000045776367,56.90999984741211,54.20000076293945,55.5,383536,62.983001708984375,3495.56,3584.36,3413.68,3559.8,0.03574088729574987,170.6800000000003,Crude oil,CL=F,₹/barrel,Energy
2014-12-22,55.2599983215332,58.529998779296875,55.130001068115234,57.75,277319,63.2400016784668,3652.11,3701.44,3486.42,3494.64,-0.01830439912354631,215.01999999999998,Crude oil,CL=F,₹/barrel,Energy
2014-12-23,57.119998931884766,57.560001373291016,55.060001373291016,55.38999938964844,274003,63.22299957275391,3501.92,3639.12,3481.06,3611.3,0.03338255156468195,158.05999999999995,Crude oil,CL=F,₹/barrel,Energy
2014-12-24,55.84000015258789,57.150001525878906,55.06999969482422,56.79999923706055,174969,63.43299865722656,3602.99,3625.2,3493.26,3542.1,-0.01916207459917485,131.9399999999996,Crude oil,CL=F,₹/barrel,Energy
2014-12-26,54.72999954223633,56.59000015258789,54.5099983215332,55.86000061035156,127202,63.51300048828125,3547.84,3594.2,3462.09,3476.07,-0.01864148386550346,132.10999999999967,Crude oil,CL=F,₹/barrel,Energy
2014-12-29,53.61000061035156,55.7400016784668,52.900001525878906,55.04999923706055,241378,63.59000015258789,3500.63,3544.51,3363.91,3409.06,-0.019277517426288915,180.60000000000036,Crude oil,CL=F,₹/barrel,Energy
2014-12-30,54.119998931884766,54.31999969482422,52.70000076293945,53.720001220703125,218557,63.66299819946289,3419.98,3458.17,3355.04,3445.44,0.010671563422175012,103.13000000000011,Crude oil,CL=F,₹/barrel,Energy
2014-12-31,53.27000045776367,54.02000045776367,52.439998626708984,53.869998931884766,233516,63.37799835205078,3414.17,3423.68,3323.54,3376.15,-0.020110638989504936,100.13999999999987,Crude oil,CL=F,₹/barrel,Energy
2015-01-02,52.689998626708984,55.11000061035156,52.029998779296875,53.7599983215332,268708,63.02799987792969,3388.39,3473.47,3279.35,3320.95,-0.016349984449743116,194.1199999999999,Crude oil,CL=F,₹/barrel,Energy
2015-01-05,50.040000915527344,52.72999954223633,49.68000030517578,52.61000061035156,375782,63.27799987792969,3329.06,3336.65,3143.65,3166.43,-0.046528854695192634,193.0,Crude oil,CL=F,₹/barrel,Energy
2015-01-06,47.93000030517578,50.369998931884766,47.54999923706055,50.0,451642,63.3380012512207,3166.9,3190.34,3011.72,3035.79,-0.0412578203213082,178.62000000000035,Crude oil,CL=F,₹/barrel,Energy
2015-01-07,48.650001525878906,49.310001373291016,46.83000183105469,48.0,460083,63.56800079345703,3051.26,3134.54,2976.89,3092.58,0.018706827547360083,157.6500000000001,Crude oil,CL=F,₹/barrel,Energy
2015-01-08,48.790000915527344,49.650001525878906,47.72999954223633,48.779998779296875,362081,63.27299880981445,3086.46,3141.5,3020.02,3087.09,-0.001775216809265956,121.48000000000002,Crude oil,CL=F,₹/barrel,Energy
2015-01-09,48.36000061035156,49.61000061035156,47.15999984741211,48.91999816894531,421007,62.667999267578125,3065.72,3108.96,2955.42,3030.62,-0.018292307642472472,153.53999999999996,Crude oil,CL=F,₹/barrel,Energy
2015-01-12,46.06999969482422,48.189998626708984,45.619998931884766,48.189998626708984,394946,62.34799957275391,3004.55,3004.55,2844.32,2872.37,-0.05221703809781497,160.23000000000002,Crude oil,CL=F,₹/barrel,Energy
2015-01-13,45.88999938964844,46.790000915527344,44.20000076293945,45.689998626708984,476541,62.06800079345703,2835.89,2904.16,2743.41,2848.3,-0.008379839644613973,160.75,Crude oil,CL=F,₹/barrel,Energy
2015-01-14,48.47999954223633,48.90999984741211,45.0099983215332,46.15999984741211,510252,61.97299957275391,2860.67,3031.1,2789.4,3004.45,0.05482217463048111,241.69999999999982,Crude oil,CL=F,₹/barrel,Energy
2015-01-15,46.25,51.27000045776367,46.06999969482422,48.599998474121094,478340,62.0880012512207,3017.48,3183.25,2860.39,2871.57,-0.04422772886884441,322.8600000000001,Crude oil,CL=F,₹/barrel,Energy
2015-01-16,48.689998626708984,48.869998931884766,45.95000076293945,46.349998474121094,175626,62.05799865722656,2876.39,3032.77,2851.57,3021.6,0.05224668038738378,181.19999999999982,Crude oil,CL=F,₹/barrel,Energy
2015-01-20,46.38999938964844,48.77000045776367,45.88999938964844,48.689998626708984,438892,61.63800048828125,3001.15,3006.09,2828.57,2859.39,-0.0536834789515489,177.51999999999998,Crude oil,CL=F,₹/barrel,Energy
2015-01-21,47.779998779296875,48.20000076293945,46.54999923706055,46.689998626708984,340252,61.64799880981445,2878.34,2971.43,2869.71,2945.54,0.030128803695893103,101.7199999999998,Crude oil,CL=F,₹/barrel,Energy
2015-01-22,46.310001373291016,49.09000015258789,45.869998931884766,47.349998474121094,426829,61.553001403808594,2914.53,3021.64,2823.44,2850.52,-0.03225894063567292,198.19999999999982,Crude oil,CL=F,₹/barrel,Energy
2015-01-23,45.59000015258789,47.7599983215332,45.209999084472656,46.630001068115234,374289,61.59799957275391,2872.31,2941.92,2784.85,2808.25,-0.014828873328375125,157.07000000000016,Crude oil,CL=F,₹/barrel,Energy
2015-01-26,45.150001525878906,46.40999984741211,44.349998474121094,45.20000076293945,310638,61.43299865722656,2776.77,2851.11,2724.55,2773.7,-0.012303035698388753,126.55999999999995,Crude oil,CL=F,₹/barrel,Energy
2015-01-27,46.22999954223633,46.54999923706055,44.810001373291016,45.130001068115234,313141,61.47299957275391,2774.28,2861.57,2754.61,2841.9,0.024588095323935688,106.96000000000004,Crude oil,CL=F,₹/barrel,Energy
2015-01-28,44.45000076293945,45.83000183105469,44.08000183105469,45.83000183105469,365440,61.40299987792969,2814.1,2814.1,2706.64,2729.36,-0.039600267426721514,107.46000000000004,Crude oil,CL=F,₹/barrel,Energy
2015-01-29,44.529998779296875,44.959999084472656,43.58000183105469,44.43000030517578,300732,61.35100173950195,2725.83,2758.34,2673.68,2731.96,0.0009526042735292783,84.66000000000031,Crude oil,CL=F,₹/barrel,Energy
2015-01-30,48.2400016784668,48.349998474121094,44.310001373291016,44.630001068115234,454142,61.79600143432617,2757.96,2987.84,2738.18,2981.04,0.0911726379595601,249.6600000000003,Crude oil,CL=F,₹/barrel,Energy
2015-02-02,49.56999969482422,50.560001373291016,46.66999816894531,47.59000015258789,511409,62.01300048828125,2951.2,3135.38,2894.15,3073.98,0.031177038885757957,241.23000000000002,Crude oil,CL=F,₹/barrel,Energy
2015-02-03,53.04999923706055,54.2400016784668,49.689998626708984,49.790000915527344,644919,61.72800064086914,3073.44,3348.13,3067.26,3274.67,0.06528669672541798,280.8699999999999,Crude oil,CL=F,₹/barrel,Energy
2015-02-04,48.45000076293945,52.560001373291016,47.95000076293945,51.66999816894531,577515,61.61399841308594,3183.6,3238.43,2954.39,2985.2,-0.08839669340727474,284.03999999999996,Crude oil,CL=F,₹/barrel,Energy
2015-02-05,50.47999954223633,52.099998474121094,47.36000061035156,48.66999816894531,596851,61.86000061035156,3010.73,3222.91,2929.69,3122.69,0.04605721559694498,293.2199999999998,Crude oil,CL=F,₹/barrel,Energy
2015-02-06,51.689998626708984,53.15999984741211,50.720001220703125,50.86000061035156,584976,61.733001708984375,3139.74,3281.73,3131.1,3190.98,0.021868965539326712,150.6300000000001,Crude oil,CL=F,₹/barrel,Energy
2015-02-09,52.86000061035156,53.9900016784668,51.650001525878906,52.0099983215332,536364,61.9630012512207,3222.7,3345.38,3200.39,3275.36,0.02644328701527443,144.99000000000024,Crude oil,CL=F,₹/barrel,Energy
2015-02-10,50.02000045776367,52.650001525878906,49.86000061035156,52.43000030517578,501701,62.130001068115234,3257.48,3271.14,3097.8,3107.74,-0.05117605392994984,173.3399999999997,Crude oil,CL=F,₹/barrel,Energy
2015-02-11,48.84000015258789,51.13999938964844,48.04999923706055,50.97999954223633,519272,62.34199905395508,3178.2,3188.17,2995.53,3044.78,-0.020259095033689944,192.63999999999987,Crude oil,CL=F,₹/barrel,Energy
2015-02-12,51.209999084472656,51.599998474121094,49.13999938964844,49.41999816894531,563662,62.38199996948242,3082.92,3218.91,3065.45,3194.58,0.049198956903290236,153.46000000000004,Crude oil,CL=F,₹/barrel,Energy
2015-02-13,52.779998779296875,53.43000030517578,51.029998779296875,51.349998474121094,437072,62.16999816894531,3192.43,3321.74,3172.53,3281.33,0.027155369406933083,149.20999999999958,Crude oil,CL=F,₹/barrel,Energy
2015-02-17,53.529998779296875,54.150001525878906,50.810001373291016,52.75,518799,62.18600082397461,3280.31,3367.37,3159.67,3328.82,0.014472789996739177,207.69999999999982,Crude oil,CL=F,₹/barrel,Energy
2015-02-18,52.13999938964844,53.40999984741211,50.31999969482422,53.2400016784668,257476,62.11199951171875,3306.84,3317.4,3125.48,3238.52,-0.02712672959186746,191.92000000000007,Crude oil,CL=F,₹/barrel,Energy
2015-02-19,51.15999984741211,52.13999938964844,49.150001525878906,50.54999923706055,125210,62.07400131225586,3137.84,3236.54,3050.94,3175.71,-0.019394661759075116,185.5999999999999,Crude oil,CL=F,₹/barrel,Energy
2015-02-20,50.34000015258789,51.849998474121094,49.90999984741211,51.2400016784668,366125,62.165000915527344,3185.33,3223.26,3102.66,3129.39,-0.014585714690573237,120.60000000000036,Crude oil,CL=F,₹/barrel,Energy
2015-02-23,49.45000076293945,50.9900016784668,48.66999816894531,50.75,475383,62.10100173950195,3151.63,3166.53,3022.46,3070.89,-0.018693739035403056,144.07000000000016,Crude oil,CL=F,₹/barrel,Energy
2015-02-24,49.279998779296875,50.33000183105469,48.68000030517578,49.41999816894531,293101,62.17100143432617,3072.49,3129.07,3026.48,3063.79,-0.0023120333193308307,102.59000000000015,Crude oil,CL=F,₹/barrel,Energy
2015-02-25,50.9900016784668,51.279998779296875,48.43000030517578,49.15999984741211,429524,62.233001708984375,3059.37,3191.31,3013.94,3173.26,0.03573025566373689,177.3699999999999,Crude oil,CL=F,₹/barrel,Energy
2015-02-26,48.16999816894531,51.220001220703125,47.79999923706055,51.0,459584,61.87699890136719,3155.73,3169.34,2957.72,2980.61,-0.060710436585719396,211.62000000000035,Crude oil,CL=F,₹/barrel,Energy
2015-02-27,49.7599983215332,49.939998626708984,48.459999084472656,48.970001220703125,399494,61.75400161743164,3024.09,3083.99,2992.6,3072.88,0.030956750463831284,91.38999999999987,Crude oil,CL=F,₹/barrel,Energy
2015-03-02,49.59000015258789,51.040000915527344,48.709999084472656,49.45000076293945,427177,61.6510009765625,3048.64,3146.67,3003.02,3057.27,-0.005079925021478249,143.6500000000001,Crude oil,CL=F,₹/barrel,Energy
2015-03-03,50.52000045776367,50.83000183105469,49.45000076293945,49.79999923706055,370597,61.9010009765625,3082.67,3146.43,3061.0,3127.24,0.022886431358695836,85.42999999999984,Crude oil,CL=F,₹/barrel,Energy
2015-03-04,51.529998779296875,51.9900016784668,49.599998474121094,50.61000061035156,463989,61.8129997253418,3128.36,3213.66,3065.92,3185.22,0.018540310305573016,147.73999999999978,Crude oil,CL=F,₹/barrel,Energy
2015-03-05,50.7599983215332,52.400001525878906,50.61000061035156,51.619998931884766,370953,62.30500030517578,3216.18,3264.78,3153.26,3162.6,-0.00710155028538062,111.51999999999998,Crude oil,CL=F,₹/barrel,Energy
2015-03-06,49.61000061035156,51.220001220703125,48.880001068115234,50.88999938964844,406840,62.44300079345703,3177.72,3198.33,3052.21,3097.8,-0.020489470688673794,146.1199999999999,Crude oil,CL=F,₹/barrel,Energy
2015-03-09,50.0,50.790000915527344,49.25,49.599998474121094,409877,62.45299911499024,3097.67,3171.99,3075.81,3122.65,0.008021821938149598,96.17999999999984,Crude oil,CL=F,₹/barrel,Energy
2015-03-10,48.290000915527344,50.36000061035156,48.20000076293945,50.08000183105469,395761,62.67300033569336,3138.66,3156.21,3020.84,3026.48,-0.03079755976494325,135.3699999999999,Crude oil,CL=F,₹/barrel,Energy
2015-03-11,48.16999816894531,49.04999923706055,47.33000183105469,48.77000045776367,404590,62.7130012512207,3058.51,3076.07,2968.21,3020.89,-0.0018470302133171135,107.86000000000013,Crude oil,CL=F,₹/barrel,Energy
2015-03-12,47.04999923706055,48.7599983215332,46.86000061035156,48.439998626708984,358381,62.755001068115234,3039.85,3059.93,2940.7,2952.62,-0.022599300206230577,119.23000000000002,Crude oil,CL=F,₹/barrel,Energy
2015-03-13,44.84000015258789,47.279998779296875,44.75,46.93000030517578,395722,62.53499984741211,2934.77,2956.65,2798.44,2804.07,-0.05031124899242023,158.21000000000004,Crude oil,CL=F,₹/barrel,Energy
2015-03-16,43.880001068115234,45.0,42.849998474121094,44.810001373291016,367600,63.07600021362305,2826.44,2838.42,2702.81,2767.77,-0.012945468551070483,135.61000000000013,Crude oil,CL=F,₹/barrel,Energy
2015-03-17,43.459999084472656,44.20000076293945,42.40999984741211,43.84000015258789,346310,62.78900146484375,2752.67,2775.27,2662.88,2728.81,-0.0140763141446002,112.38999999999987,Crude oil,CL=F,₹/barrel,Energy
2015-03-18,44.65999984741211,45.34000015258789,42.029998779296875,42.5099983215332,220638,62.61600112915039,2661.81,2839.01,2631.75,2796.43,0.024780032321781276,207.26000000000022,Crude oil,CL=F,₹/barrel,Energy
2015-03-19,43.959999084472656,44.709999084472656,42.75,44.599998474121094,106907,62.69300079345703,2796.11,2803.0,2680.13,2755.98,-0.01446487128231344,122.86999999999989,Crude oil,CL=F,₹/barrel,Energy
2015-03-20,45.720001220703125,46.529998779296875,43.310001373291016,43.9900016784668,379180,62.483001708984375,2748.63,2907.33,2706.14,2856.72,0.03655324058955434,201.19000000000005,Crude oil,CL=F,₹/barrel,Energy
2015-03-23,47.45000076293945,47.61000061035156,45.33000183105469,46.40999984741211,292417,62.40299987792969,2896.12,2971.01,2828.73,2961.02,0.0365104035397239,142.2800000000002,Crude oil,CL=F,₹/barrel,Energy
2015-03-24,47.5099983215332,48.560001373291016,46.66999816894531,47.459999084472656,309553,62.22299957275391,2953.1,3021.55,2903.95,2956.21,-0.001624440226678625,117.60000000000036,Crude oil,CL=F,₹/barrel,Energy
2015-03-25,49.209999084472656,49.459999084472656,47.0,47.720001220703125,398795,62.27799987792969,2971.91,3080.27,2927.07,3064.7,0.03669901664631392,153.19999999999982,Crude oil,CL=F,₹/barrel,Energy
2015-03-26,51.43000030517578,52.47999954223633,48.72999954223633,49.02000045776367,515277,62.46200180053711,3061.89,3278.01,3043.77,3212.42,0.04820047639246927,234.24000000000024,Crude oil,CL=F,₹/barrel,Energy
2015-03-27,48.869998931884766,51.380001068115234,48.209999084472656,51.0099983215332,384092,62.82899856567383,3204.91,3228.15,3028.99,3070.45,-0.04419409666232943,199.1600000000003,Crude oil,CL=F,₹/barrel,Energy
2015-03-30,48.68000030517578,49.15999984741211,47.61000061035156,48.56999969482422,355866,62.51499938964844,3036.35,3073.24,2976.34,3043.23,-0.008865150059437443,96.89999999999964,Crude oil,CL=F,₹/barrel,Energy
2015-03-31,47.599998474121094,48.72999954223633,47.279998779296875,48.72999954223633,365748,62.50899887084961,3046.06,3046.06,2955.43,2975.43,-0.022278960183752194,90.63000000000011,Crude oil,CL=F,₹/barrel,Energy
2015-04-01,50.09000015258789,50.45000076293945,47.04999923706055,47.54999923706055,451104,62.305999755859375,2962.65,3143.34,2931.5,3120.91,0.04889377333696299,211.84000000000015,Crude oil,CL=F,₹/barrel,Energy
2015-04-02,49.13999938964844,50.27000045776367,48.11000061035156,49.59000015258789,453394,62.16899871826172,3082.96,3125.24,2990.95,3054.98,-0.021125248725531898,134.28999999999996,Crude oil,CL=F,₹/barrel,Energy
2015-04-06,52.13999938964844,52.2400016784668,49.470001220703125,49.470001220703125,325282,62.060001373291016,3070.11,3242.01,3070.11,3235.81,0.059191876869897575,171.9000000000001,Crude oil,CL=F,₹/barrel,Energy
2015-04-07,53.97999954223633,54.130001068115234,51.16999816894531,51.95000076293945,548870,62.060001373291016,3224.02,3359.31,3175.61,3350.0,0.035289463843674485,183.69999999999982,Crude oil,CL=F,₹/barrel,Energy
2015-04-08,50.41999816894531,53.22999954223633,50.369998931884766,53.18000030517578,552627,62.30899810791016,3313.59,3316.71,3138.5,3141.62,-0.06220298507462685,178.21000000000004,Crude oil,CL=F,₹/barrel,Energy
2015-04-09,50.790000915527344,52.06999969482422,50.5099983215332,51.0,449531,62.18199920654297,3171.28,3237.82,3140.81,3158.22,0.005283898116258401,97.01000000000022,Crude oil,CL=F,₹/barrel,Energy
2015-04-10,51.63999938964844,51.93000030517578,50.08000183105469,50.72999954223633,395135,62.31399917602539,3161.19,3235.97,3120.69,3217.89,0.018893553963941656,115.27999999999975,Crude oil,CL=F,₹/barrel,Energy
2015-04-13,51.90999984741211,53.099998474121094,51.470001220703125,51.810001373291016,375534,62.26900100708008,3226.16,3306.48,3204.99,3232.38,0.004502950691291474,101.49000000000024,Crude oil,CL=F,₹/barrel,Energy
2015-04-14,53.290000915527344,53.790000915527344,51.83000183105469,52.04999923706055,431026,62.39099884033203,3247.45,3356.01,3233.73,3324.82,0.028598122745469245,122.2800000000002,Crude oil,CL=F,₹/barrel,Energy
2015-04-15,56.38999938964844,56.689998626708984,53.38999938964844,53.54999923706055,508904,62.31399917602539,3336.91,3532.58,3326.94,3513.89,0.056866236367683065,205.63999999999987,Crude oil,CL=F,₹/barrel,Energy
2015-04-16,56.709999084472656,57.41999816894531,55.06999969482422,55.91999816894531,413134,62.38999938964844,3488.85,3582.43,3435.82,3538.14,0.006901183588558624,146.60999999999967,Crude oil,CL=F,₹/barrel,Energy
2015-04-17,55.7400016784668,56.880001068115234,55.310001373291016,56.560001373291016,230623,62.32600021362305,3525.16,3545.1,3447.25,3474.05,-0.018114037319043264,97.84999999999991,Crude oil,CL=F,₹/barrel,Energy
2015-04-20,56.380001068115234,57.16999816894531,54.849998474121094,56.15999984741211,112382,62.542999267578125,3512.41,3575.58,3430.48,3526.17,0.0150026625984081,145.0999999999999,Crude oil,CL=F,₹/barrel,Energy
2015-04-21,55.2599983215332,56.90999984741211,55.0099983215332,56.40999984741211,354244,63.14500045776367,3562.01,3593.58,3473.61,3489.39,-0.010430580488178465,119.9699999999998,Crude oil,CL=F,₹/barrel,Energy
2015-04-22,56.15999984741211,57.189998626708984,55.72999954223633,56.34000015258789,329631,62.87799835205078,3542.55,3595.99,3504.19,3531.23,0.011990634466196193,91.79999999999973,Crude oil,CL=F,₹/barrel,Energy
2015-04-23,57.7400016784668,58.40999984741211,55.7599983215332,56.279998779296875,415569,62.935001373291016,3541.98,3676.03,3509.26,3633.87,0.029066359313893342,166.76999999999998,Crude oil,CL=F,₹/barrel,Energy
2015-04-24,57.150001525878906,57.95000076293945,56.5,57.529998779296875,328322,63.2869987487793,3640.9,3667.48,3575.72,3616.85,-0.004683711855404837,91.76000000000022,Crude oil,CL=F,₹/barrel,Energy
2015-04-27,56.9900016784668,57.88999938964844,56.52000045776367,57.29999923706055,250558,63.65499877929688,3647.43,3684.99,3597.78,3627.7,0.0029998479339756745,87.20999999999958,Crude oil,CL=F,₹/barrel,Energy
2015-04-28,57.060001373291016,57.83000183105469,56.06999969482422,56.650001525878906,281864,63.13999938964844,3576.88,3651.39,3540.26,3602.77,-0.006872122832648708,111.12999999999965,Crude oil,CL=F,₹/barrel,Energy
2015-04-29,58.58000183105469,59.33000183105469,56.540000915527344,56.93000030517578,411097,63.03300094604492,3588.47,3739.75,3563.89,3692.47,0.024897509416365704,175.86000000000013,Crude oil,CL=F,₹/barrel,Energy
2015-04-30,59.630001068115234,59.849998474121094,58.380001068115234,58.54999923706055,340322,63.44200134277344,3714.53,3797.0,3703.74,3783.05,0.024531004991239058,93.26000000000022,Crude oil,CL=F,₹/barrel,Energy
2015-05-01,59.150001525878906,59.900001525878906,58.31999969482422,59.790000915527344,244753,63.52299880981445,3798.04,3805.03,3704.66,3757.39,-0.006782886824123424,100.37000000000035,Crude oil,CL=F,₹/barrel,Energy
2015-05-04,58.93000030517578,59.72999954223633,58.45000076293945,59.29999923706055,215046,63.52299880981445,3766.91,3794.23,3712.92,3743.41,-0.003720667803980948,81.30999999999995,Crude oil,CL=F,₹/barrel,Energy
2015-05-05,60.400001525878906,61.099998474121094,58.630001068115234,58.95000076293945,389743,63.59299850463867,3748.81,3885.53,3728.46,3841.02,0.026075156074274464,157.07000000000016,Crude oil,CL=F,₹/barrel,Energy
2015-05-06,60.93000030517578,62.58000183105469,60.540000915527344,60.720001220703125,423583,63.34400177001953,3846.25,3964.07,3834.85,3859.55,0.00482423939474419,129.22000000000025,Crude oil,CL=F,₹/barrel,Energy
2015-05-07,58.939998626708984,61.310001373291016,58.4900016784668,60.689998626708984,437022,63.65999984741211,3863.53,3902.99,3723.47,3752.12,-0.027834851213224376,179.51999999999998,Crude oil,CL=F,₹/barrel,Energy
2015-05-08,59.38999938964844,59.900001525878906,58.13999938964844,59.02000045776367,434575,64.08200073242188,3782.12,3838.51,3725.73,3805.83,0.014314574160741111,112.7800000000002,Crude oil,CL=F,₹/barrel,Energy
2015-05-11,59.25,59.849998474121094,58.75,59.43000030517578,332694,63.70399856567383,3785.93,3812.68,3742.61,3774.46,-0.008242617247748774,70.06999999999971,Crude oil,CL=F,₹/barrel,Energy
2015-05-12,60.75,61.36000061035156,59.119998931884766,59.27000045776367,397345,64.0199966430664,3794.47,3928.27,3784.86,3889.21,0.030401699845805652,143.40999999999985,Crude oil,CL=F,₹/barrel,Energy
2015-05-13,60.5,61.849998474121094,60.02000045776367,61.22999954223633,426835,64.21099853515625,3931.64,3971.45,3853.94,3884.77,-0.0011416200205183191,117.50999999999976,Crude oil,CL=F,₹/barrel,Energy
2015-05-14,59.880001068115234,60.84000015258789,59.36000061035156,60.099998474121094,361432,64.04399871826172,3849.04,3896.44,3801.65,3834.95,-0.01282444005694039,94.78999999999996,Crude oil,CL=F,₹/barrel,Energy
2015-05-15,59.689998626708984,59.970001220703125,58.41999816894531,59.66999816894531,222089,63.40800094604492,3783.56,3802.58,3704.3,3784.82,-0.013071878381725854,98.27999999999975,Crude oil,CL=F,₹/barrel,Energy
2015-05-18,59.43000030517578,60.880001068115234,59.060001373291016,59.849998474121094,144389,63.43299865722656,3796.46,3861.8,3746.35,3769.82,-0.003963200363557573,115.45000000000027,Crude oil,CL=F,₹/barrel,Energy
2015-05-19,57.2599983215332,59.630001068115234,57.09000015258789,59.540000915527344,336779,63.729000091552734,3794.42,3800.16,3638.29,3649.12,-0.03201744380368299,161.8699999999999,Crude oil,CL=F,₹/barrel,Energy
2015-05-20,58.97999954223633,59.040000915527344,58.099998474121094,58.31999969482422,287129,63.78499984741211,3719.94,3765.87,3705.91,3762.04,0.0309444468803437,59.960000000000036,Crude oil,CL=F,₹/barrel,Energy
2015-05-21,60.720001220703125,60.939998626708984,58.689998626708984,58.810001373291016,329765,63.625,3741.79,3877.31,3734.15,3863.31,0.026918905700098916,143.15999999999985,Crude oil,CL=F,₹/barrel,Energy
2015-05-22,59.720001220703125,60.79999923706055,59.349998474121094,60.65999984741211,230307,63.6259994506836,3859.55,3868.46,3776.2,3799.74,-0.016454801711485834,92.26000000000022,Crude oil,CL=F,₹/barrel,Energy
2015-05-26,58.029998779296875,60.25,57.709999084472656,60.04999923706055,330128,63.57099914550781,3817.44,3830.15,3668.68,3689.03,-0.029136204056066872,161.47000000000025,Crude oil,CL=F,₹/barrel,Energy
2015-05-27,57.5099983215332,58.95000076293945,57.36000061035156,58.31999969482422,314917,63.97600173950195,3731.08,3771.39,3669.66,3679.26,-0.0026483926669069735,101.73000000000002,Crude oil,CL=F,₹/barrel,Energy
2015-05-28,57.68000030517578,58.06999969482422,56.5099983215332,57.630001068115234,340682,63.874000549316406,3681.06,3709.16,3609.52,3684.25,0.001356250985252494,99.63999999999987,Crude oil,CL=F,₹/barrel,Energy
2015-05-29,60.29999923706055,60.70000076293945,57.720001220703125,57.970001220703125,452222,63.82500076293945,3699.94,3874.18,3683.98,3848.65,0.0446223790459388,190.19999999999982,Crude oil,CL=F,₹/barrel,Energy
2015-06-01,60.20000076293945,60.63999938964844,59.33000183105469,60.290000915527344,292189,63.73600006103516,3842.64,3864.95,3781.46,3836.91,-0.003050420277240118,83.48999999999978,Crude oil,CL=F,₹/barrel,Energy
2015-06-02,61.2599983215332,61.58000183105469,60.09000015258789,60.18000030517578,344508,63.61000061035156,3828.05,3917.1,3822.32,3896.75,0.015595883145552047,94.77999999999975,Crude oil,CL=F,₹/barrel,Energy
2015-06-03,59.63999938964844,61.43000030517578,59.34000015258789,61.02000045776367,371298,63.6619987487793,3884.66,3910.76,3777.7,3796.8,-0.02564957977802007,133.0600000000004,Crude oil,CL=F,₹/barrel,Energy
2015-06-04,58.0,59.939998626708984,57.83000183105469,59.56999969482422,363345,64.05899810791016,3815.99,3839.7,3704.53,3715.42,-0.021433839022334644,135.16999999999962,Crude oil,CL=F,₹/barrel,Energy
2015-06-05,59.130001068115234,59.22999954223633,56.83000183105469,57.9900016784668,461016,64.0009994506836,3711.42,3790.78,3637.18,3784.38,0.018560485759348877,153.60000000000036,Crude oil,CL=F,₹/barrel,Energy
2015-06-08,58.13999938964844,59.130001068115234,57.86000061035156,58.959999084472656,339845,63.762001037597656,3759.41,3770.25,3689.27,3707.12,-0.02041549738662618,80.98000000000002,Crude oil,CL=F,₹/barrel,Energy
2015-06-09,60.13999938964844,60.68000030517578,58.22999954223633,58.310001373291016,405486,63.97600173950195,3730.44,3882.06,3725.32,3847.52,0.0378730658840285,156.73999999999978,Crude oil,CL=F,₹/barrel,Energy
2015-06-10,61.43000030517578,61.81999969482422,60.45000076293945,60.58000183105469,459765,64.03800201416016,3879.42,3958.83,3871.1,3933.85,0.022437830082754573,87.73000000000002,Crude oil,CL=F,₹/barrel,Energy
2015-06-11,60.77000045776367,61.529998779296875,60.209999084472656,61.13999938964844,352421,63.79899978637695,3900.67,3925.55,3841.34,3877.07,-0.014433697268579015,84.21000000000004,Crude oil,CL=F,₹/barrel,Energy
2015-06-12,59.959999084472656,60.630001068115234,59.72999954223633,60.54999923706055,246898,63.999000549316406,3875.14,3880.26,3822.66,3837.38,-0.010237112045952235,57.600000000000364,Crude oil,CL=F,₹/barrel,Energy
2015-06-15,59.52000045776367,59.97999954223633,58.72999954223633,59.900001525878906,275187,64.09200286865234,3839.11,3844.24,3764.12,3814.76,-0.005894646868436215,80.11999999999989,Crude oil,CL=F,₹/barrel,Energy
2015-06-16,59.970001220703125,60.369998931884766,59.41999816894531,59.599998474121094,233935,64.052001953125,3817.5,3866.82,3805.97,3841.2,0.00693097337709303,60.850000000000364,Crude oil,CL=F,₹/barrel,Energy
2015-06-17,59.91999816894531,61.380001068115234,58.849998474121094,60.029998779296875,396155,64.18199920654297,3852.85,3939.49,3777.11,3845.79,0.0011949390815371164,162.37999999999965,Crude oil,CL=F,₹/barrel,Energy
2015-06-18,60.45000076293945,60.88999938964844,59.25,59.779998779296875,181875,64.00299835205078,3826.1,3897.14,3792.18,3868.98,0.006029970435203147,104.96000000000004,Crude oil,CL=F,₹/barrel,Energy
2015-06-19,59.61000061035156,60.560001373291016,58.880001068115234,60.5,116656,63.64500045776367,3850.52,3854.34,3747.42,3793.88,-0.01941080077953361,106.92000000000007,Crude oil,CL=F,₹/barrel,Energy
2015-06-22,59.68000030517578,60.29999923706055,58.93000030517578,59.439998626708984,255306,63.492000579833984,3773.96,3828.57,3741.58,3789.2,-0.001233565637289602,86.99000000000024,Crude oil,CL=F,₹/barrel,Energy
2015-06-23,61.0099983215332,61.4900016784668,59.54999923706055,60.209999084472656,336224,63.50699996948242,3823.76,3905.05,3781.84,3874.56,0.02252718251873742,123.21000000000004,Crude oil,CL=F,₹/barrel,Energy
2015-06-24,60.27000045776367,61.56999969482422,59.79999923706055,61.13999938964844,312985,63.59999847412109,3888.5,3915.85,3803.28,3833.17,-0.010682503303600877,112.56999999999971,Crude oil,CL=F,₹/barrel,Energy
2015-06-25,59.70000076293945,60.459999084472656,59.43000030517578,60.220001220703125,222341,63.5620002746582,3827.7,3842.96,3777.49,3794.65,-0.010049123832232887,65.47000000000025,Crude oil,CL=F,₹/barrel,Energy
2015-06-26,59.630001068115234,59.959999084472656,58.7599983215332,59.65999984741211,231957,63.51100158691406,3789.07,3808.12,3731.91,3787.16,-0.0019738315786700378,76.21000000000004,Crude oil,CL=F,₹/barrel,Energy
2015-06-29,58.33000183105469,59.27000045776367,58.040000915527344,58.84000015258789,286035,63.44400024414063,3733.04,3760.33,3682.29,3700.69,-0.0228324126786299,78.03999999999996,Crude oil,CL=F,₹/barrel,Energy
2015-06-30,59.470001220703125,59.689998626708984,57.939998626708984,58.27000045776367,282475,63.7239990234375,3713.2,3803.69,3692.17,3789.67,0.02404416473684634,111.51999999999998,Crude oil,CL=F,₹/barrel,Energy
2015-07-01,56.959999084472656,58.97999954223633,56.68000030517578,58.97999954223633,373405,63.59000015258789,3750.54,3750.54,3604.28,3622.09,-0.04422020914749836,146.25999999999976,Crude oil,CL=F,₹/barrel,Energy
2015-07-02,56.93000030517578,57.95000076293945,56.5,56.869998931884766,297050,63.57400131225586,3615.45,3684.11,3591.93,3619.27,-0.0007785560270452407,92.18000000000029,Crude oil,CL=F,₹/barrel,Energy
2015-07-06,52.529998779296875,55.34000015258789,52.40999984741211,54.900001525878906,540608,63.40399932861328,3480.88,3508.78,3323.0,3330.61,-0.07975641496765917,185.7800000000002,Crude oil,CL=F,₹/barrel,Energy
2015-07-07,52.33000183105469,53.43000030517578,50.58000183105469,52.75,527267,63.3650016784668,3342.5,3385.59,3205.0,3315.89,-0.004419610822041675,180.59000000000015,Crude oil,CL=F,₹/barrel,Energy
2015-07-08,51.650001525878906,52.959999084472656,50.90999984741211,52.90999984741211,434752,63.51800155639648,3360.74,3363.91,3233.7,3280.7,-0.010612535397736322,130.21000000000004,Crude oil,CL=F,₹/barrel,Energy
2015-07-09,52.779998779296875,53.540000915527344,51.47999954223633,51.83000183105469,382334,63.5620002746582,3294.42,3403.11,3272.17,3354.8,0.022586643094461678,130.94000000000005,Crude oil,CL=F,₹/barrel,Energy
2015-07-10,52.7400016784668,53.88999938964844,51.959999084472656,52.47999954223633,349075,63.36399841308594,3325.34,3414.69,3292.39,3341.82,-0.003869083104805049,122.30000000000018,Crude oil,CL=F,₹/barrel,Energy
2015-07-13,52.20000076293945,53.16999816894531,51.2599983215332,52.150001525878906,359477,63.35200119018555,3303.81,3368.43,3247.42,3306.97,-0.010428449168417342,121.00999999999976,Crude oil,CL=F,₹/barrel,Energy
2015-07-14,53.040000915527344,53.43000030517578,50.880001068115234,52.0,422756,63.51399993896485,3302.73,3393.55,3231.59,3368.78,0.018690825740784067,161.96000000000004,Crude oil,CL=F,₹/barrel,Energy
2015-07-15,51.40999984741211,53.5,51.209999084472656,53.400001525878906,334563,63.32400131225586,3381.5,3387.83,3242.82,3255.49,-0.033629385118648436,145.00999999999976,Crude oil,CL=F,₹/barrel,Energy
2015-07-16,50.90999984741211,52.16999816894531,50.84000015258789,51.619998931884766,319167,63.52399826049805,3279.11,3314.05,3229.56,3234.01,-0.0065980850808939895,84.49000000000024,Crude oil,CL=F,₹/barrel,Energy
2015-07-17,50.88999938964844,51.22999954223633,50.13999938964844,50.90999984741211,203485,63.48199844360352,3231.87,3252.18,3182.99,3230.6,-0.001054418508291688,69.19000000000005,Crude oil,CL=F,₹/barrel,Energy
2015-07-20,50.150001525878906,51.2599983215332,49.849998474121094,50.7599983215332,102597,63.48400115966797,3222.45,3254.19,3164.68,3183.72,-0.014511236302854003,89.51000000000022,Crude oil,CL=F,₹/barrel,Energy
2015-07-21,50.36000061035156,51.02000045776367,49.77000045776367,49.95000076293945,254321,63.625,3178.07,3246.15,3166.62,3204.16,0.006420162577110977,79.5300000000002,Crude oil,CL=F,₹/barrel,Energy
2015-07-22,49.189998626708984,50.709999084472656,49.040000915527344,50.709999084472656,347986,63.58300018310547,3224.29,3224.29,3118.11,3127.65,-0.023878333166882926,106.17999999999984,Crude oil,CL=F,₹/barrel,Energy
2015-07-23,48.45000076293945,49.630001068115234,48.209999084472656,49.22999954223633,316060,63.66400146484375,3134.18,3159.64,3069.24,3084.52,-0.01378990615957676,90.40000000000009,Crude oil,CL=F,₹/barrel,Energy
2015-07-24,48.13999938964844,49.029998779296875,47.720001220703125,48.790000915527344,278233,63.84799957275391,3115.14,3130.47,3046.83,3073.64,-0.0035272911182291367,83.63999999999987,Crude oil,CL=F,₹/barrel,Energy
2015-07-27,47.38999938964844,48.20000076293945,46.90999984741211,48.0,273614,64.0999984741211,3076.8,3089.62,3006.93,3037.7,-0.011692976405825006,82.69000000000005,Crude oil,CL=F,₹/barrel,Energy
2015-07-28,47.97999954223633,48.439998626708984,46.68000030517578,47.02000045776367,338107,64.21700286865234,3019.48,3110.67,2997.65,3081.13,0.014297001020509015,113.01999999999998,Crude oil,CL=F,₹/barrel,Energy
2015-07-29,48.790000915527344,49.52000045776367,47.38999938964844,47.810001373291016,366893,63.8390007019043,3052.14,3161.31,3025.33,3114.7,0.010895353328161939,135.98000000000002,Crude oil,CL=F,₹/barrel,Energy
2015-07-30,48.52000045776367,49.36000061035156,48.34000015258789,48.83000183105469,247662,63.882999420166016,3119.41,3153.26,3088.1,3099.6,-0.004847978938581576,65.16000000000031,Crude oil,CL=F,₹/barrel,Energy
2015-07-31,47.119998931884766,48.619998931884766,46.70000076293945,48.470001220703125,334474,64.11799621582031,3107.8,3117.42,2994.31,3021.24,-0.025280681378242353,123.11000000000013,Crude oil,CL=F,₹/barrel,Energy
2015-08-03,45.16999816894531,46.939998626708984,45.08000183105469,46.86000061035156,371085,63.97999954223633,2998.1,3003.22,2884.22,2889.98,-0.04344573751175007,119.0,Crude oil,CL=F,₹/barrel,Energy
2015-08-04,45.7400016784668,46.22999954223633,45.290000915527344,45.349998474121094,285786,64.1240005493164,2908.02,2964.45,2904.18,2933.03,0.014896296860186009,60.26999999999998,Crude oil,CL=F,₹/barrel,Energy
2015-08-05,45.150001525878906,46.70000076293945,44.83000183105469,45.959999084472656,367326,63.81900024414063,2933.12,2980.35,2861.01,2881.43,-0.017592728338953312,119.33999999999969,Crude oil,CL=F,₹/barrel,Energy
2015-08-06,44.65999984741211,45.27000045776367,44.20000076293945,45.15999984741211,360977,63.69599914550781,2876.51,2883.52,2815.36,2844.66,-0.012761024907771534,68.15999999999985,Crude oil,CL=F,₹/barrel,Energy
2015-08-07,43.869998931884766,45.15999984741211,43.70000076293945,44.81999969482422,400070,63.733001708984375,2856.51,2878.18,2785.13,2795.97,-0.01711628103182805,93.04999999999973,Crude oil,CL=F,₹/barrel,Energy
2015-08-10,44.959999084472656,45.0099983215332,43.349998474121094,43.58000183105469,491433,63.733001708984375,2777.48,2868.62,2762.83,2865.44,0.024846475462898532,105.78999999999996,Crude oil,CL=F,₹/barrel,Energy
2015-08-11,43.08000183105469,45.34000015258789,42.689998626708984,44.810001373291016,538005,63.8380012512207,2860.58,2894.41,2725.24,2750.14,-0.04023814841699713,169.17000000000007,Crude oil,CL=F,₹/barrel,Energy
2015-08-12,43.29999923706055,43.869998931884766,42.79999923706055,43.27000045776367,492271,64.32599639892578,2783.39,2821.98,2753.15,2785.32,0.012792076039765288,68.82999999999993,Crude oil,CL=F,₹/barrel,Energy
2015-08-13,42.22999954223633,43.720001220703125,41.90999984741211,43.34000015258789,420146,64.79900360107422,2808.39,2833.01,2715.73,2736.46,-0.017541970042939448,117.2800000000002,Crude oil,CL=F,₹/barrel,Energy
2015-08-14,42.5,42.959999084472656,41.349998474121094,42.22999954223633,317211,65.26899719238281,2756.31,2803.96,2698.87,2773.93,0.013692873274230077,105.09000000000015,Crude oil,CL=F,₹/barrel,Energy
2015-08-17,41.869998931884766,42.689998626708984,41.63999938964844,42.18000030517578,314275,65.12200164794922,2746.85,2780.06,2711.68,2726.66,-0.017040804922979325,68.38000000000011,Crude oil,CL=F,₹/barrel,Energy
2015-08-18,42.619998931884766,42.900001525878906,41.43000030517578,41.880001068115234,200185,65.44300079345703,2740.75,2807.5,2711.3,2789.18,0.022929151416018145,96.19999999999982,Crude oil,CL=F,₹/barrel,Energy
2015-08-19,40.79999923706055,42.68000030517578,40.400001525878906,42.40999984741211,107578,65.44599914550781,2775.56,2793.24,2644.02,2670.2,-0.042657698678464695,149.2199999999998,Crude oil,CL=F,₹/barrel,Energy
2015-08-20,41.13999938964844,41.47999954223633,40.209999084472656,40.58000183105469,380433,65.05400085449219,2639.89,2698.44,2615.82,2676.32,0.002291963148827847,82.61999999999989,Crude oil,CL=F,₹/barrel,Energy
2015-08-21,40.45000076293945,41.400001525878906,39.86000061035156,41.029998779296875,377181,65.46099853515625,2685.86,2710.09,2609.28,2647.9,-0.010619059006396925,100.80999999999995,Crude oil,CL=F,₹/barrel,Energy
2015-08-24,38.2400016784668,40.470001220703125,37.75,40.29999923706055,468366,66.0260009765625,2660.85,2672.07,2492.48,2524.83,-0.0464783413270895,179.59000000000015,Crude oil,CL=F,₹/barrel,Energy
2015-08-25,39.310001373291016,39.88999938964844,38.15999984741211,38.18000030517578,375650,66.80699920654297,2550.69,2664.93,2549.36,2626.18,0.040141316445067465,115.56999999999971,Crude oil,CL=F,₹/barrel,Energy
2015-08-26,38.599998474121094,39.86000061035156,38.52000045776367,39.689998626708984,368722,66.28299713134766,2630.77,2642.04,2553.22,2558.52,-0.025763656718122863,88.82000000000016,Crude oil,CL=F,₹/barrel,Energy
2015-08-27,42.560001373291016,42.86000061035156,38.95000076293945,38.959999084472656,533682,66.05599975585938,2573.54,2831.16,2572.88,2811.34,0.09881493988712231,258.27999999999975,Crude oil,CL=F,₹/barrel,Energy
2015-08-28,45.220001220703125,45.900001525878906,41.779998779296875,42.68000030517578,666328,66.05500030517578,2819.23,3031.92,2759.78,2987.01,0.06248621653730968,272.1399999999999,Crude oil,CL=F,₹/barrel,Energy
2015-08-31,49.20000076293945,49.33000183105469,43.599998474121094,45.0,757503,66.14299774169922,2976.43,3262.83,2883.83,3254.24,0.08946404598578495,379.0,Crude oil,CL=F,₹/barrel,Energy
2015-09-01,45.40999984741211,48.869998931884766,44.150001525878906,48.099998474121094,713418,66.3499984741211,3191.43,3242.52,2929.35,3012.95,-0.07414634446137958,313.1700000000001,Crude oil,CL=F,₹/barrel,Energy
2015-09-02,46.25,46.77000045776367,43.209999084472656,44.2599983215332,689301,66.4229965209961,2939.88,3106.6,2870.14,3072.06,0.019618646177334442,236.46000000000004,Crude oil,CL=F,₹/barrel,Energy
2015-09-03,46.75,48.41999816894531,45.650001525878906,46.11000061035156,539450,66.22599792480469,3053.68,3206.66,3023.22,3096.07,0.007815602559845924,183.44000000000005,Crude oil,CL=F,₹/barrel,Energy
2015-09-04,46.04999923706055,47.22999954223633,45.61000061035156,46.68000030517578,385631,66.16000366210938,3088.35,3124.74,3017.56,3046.67,-0.01595571159566811,107.17999999999984,Crude oil,CL=F,₹/barrel,Energy
2015-09-08,45.939998626708984,46.40999984741211,44.13999938964844,45.81999969482422,508815,66.8030014038086,3060.91,3100.33,2948.68,3068.93,0.0073063377392366124,151.6500000000001,Crude oil,CL=F,₹/barrel,Energy
2015-09-09,44.150001525878906,46.2599983215332,44.04999923706055,45.790000915527344,422735,66.40599822998047,3040.73,3071.94,2925.18,2931.82,-0.04467680918104999,146.76000000000022,Crude oil,CL=F,₹/barrel,Energy
2015-09-10,45.91999816894531,46.040000915527344,43.36000061035156,44.15999984741211,498992,66.59700012207031,2940.92,3066.13,2887.65,3058.13,0.04308245390235421,178.48000000000002,Crude oil,CL=F,₹/barrel,Energy
2015-09-11,44.630001068115234,45.880001068115234,44.15999984741211,45.709999084472656,395838,66.31900024414062,3031.44,3042.72,2928.65,2959.82,-0.03214709642820934,114.06999999999971,Crude oil,CL=F,₹/barrel,Energy
2015-09-14,44.0,44.970001220703125,43.59000015258789,44.779998779296875,326269,66.23400115966797,2965.96,2978.54,2887.14,2914.3,-0.015379313606908473,91.40000000000009,Crude oil,CL=F,₹/barrel,Energy
2015-09-15,44.59000015258789,45.25,43.91999816894531,44.11000061035156,335953,66.31500244140625,2925.15,3000.75,2912.55,2956.99,0.014648457605599852,88.19999999999982,Crude oil,CL=F,₹/barrel,Energy
2015-09-16,47.150001525878906,47.349998474121094,44.81999969482422,45.15999984741211,421981,66.43000030517578,2999.98,3145.46,2977.39,3132.17,0.059242675829137115,168.07000000000016,Crude oil,CL=F,₹/barrel,Energy
2015-09-17,46.900001525878906,47.709999084472656,46.33000183105469,47.130001068115234,366390,66.19599914550781,3119.82,3158.21,3066.86,3104.59,-0.008805396897358708,91.34999999999991,Crude oil,CL=F,₹/barrel,Energy
2015-09-18,44.68000030517578,47.029998779296875,44.2400016784668,46.88999938964844,211301,66.12200164794922,3100.46,3109.72,2925.24,2954.33,-0.04839930554437144,184.48000000000002,Crude oil,CL=F,₹/barrel,Energy
2015-09-21,46.68000030517578,46.7400016784668,44.689998626708984,44.970001220703125,104528,65.86100006103516,2961.77,3078.34,2943.33,3074.39,0.040638655803515444,135.01000000000022,Crude oil,CL=F,₹/barrel,Energy
2015-09-22,45.83000183105469,46.47999954223633,45.13999938964844,46.45000076293945,345875,65.73899841308594,3053.58,3055.55,2967.46,3012.82,-0.020026737011244466,88.09000000000015,Crude oil,CL=F,₹/barrel,Energy
2015-09-23,44.47999954223633,47.150001525878906,44.40999984741211,46.540000915527344,411957,65.875,3065.82,3106.01,2925.51,2930.12,-0.02744936637436035,180.5,Crude oil,CL=F,₹/barrel,Energy
2015-09-24,44.90999984741211,45.18000030517578,43.709999084472656,44.619998931884766,371976,66.16200256347656,2952.15,2989.2,2891.94,2971.34,0.01406768323481633,97.25999999999976,Crude oil,CL=F,₹/barrel,Energy
2015-09-25,45.70000076293945,46.380001068115234,44.86000061035156,45.04999923706055,338622,66.22100067138672,2983.26,3071.33,2970.67,3026.3,0.01849670519025093,100.65999999999985,Crude oil,CL=F,₹/barrel,Energy
2015-09-28,44.43000030517578,45.5,44.29999923706055,45.380001068115234,273906,66.16300201416016,3002.48,3010.42,2931.02,2939.62,-0.028642236394276988,79.40000000000009,Crude oil,CL=F,₹/barrel,Energy
2015-09-29,45.22999954223633,45.70000076293945,44.29999923706055,44.5,265176,66.26000213623047,2948.57,3028.08,2935.32,2996.94,0.0194991189337399,92.75999999999976,Crude oil,CL=F,₹/barrel,Energy
2015-09-30,45.09000015258789,45.849998474121094,44.68000030517578,44.91999816894531,355853,65.91999816894531,2961.13,3022.43,2945.31,2972.33,-0.008211709276795709,77.11999999999989,Crude oil,CL=F,₹/barrel,Energy
2015-10-01,44.7400016784668,47.099998474121094,44.630001068115234,45.380001068115234,478979,65.5270004272461,2973.62,3086.32,2924.47,2931.68,-0.01367613959419045,161.85000000000036,Crude oil,CL=F,₹/barrel,Energy
2015-10-02,45.540000915527344,45.810001373291016,43.970001220703125,45.06999969482422,420740,65.61799621582031,2957.4,3005.96,2885.22,2988.24,0.019292692244719634,120.74000000000024,Crude oil,CL=F,₹/barrel,Energy
2015-10-05,46.2599983215332,46.939998626708984,45.209999084472656,45.650001525878906,323061,65.35700225830078,2983.55,3067.86,2954.79,3023.41,0.011769469654378417,113.07000000000016,Crude oil,CL=F,₹/barrel,Energy
2015-10-06,48.529998779296875,49.08000183105469,45.72999954223633,46.20000076293945,453101,65.12300109863281,3008.68,3196.24,2978.07,3160.42,0.04531638117225256,218.16999999999962,Crude oil,CL=F,₹/barrel,Energy
2015-10-07,47.810001373291016,49.709999084472656,47.70000076293945,49.0,547488,65.18399810791016,3194.02,3240.3,3109.28,3116.45,-0.01391270780465892,131.01999999999998,Crude oil,CL=F,₹/barrel,Energy
2015-10-08,49.43000030517578,50.06999969482422,47.7599983215332,48.11000061035156,509760,64.93900299072266,3124.22,3251.5,3101.49,3209.93,0.0299956681480531,150.01000000000022,Crude oil,CL=F,₹/barrel,Energy
2015-10-09,49.630001068115234,50.91999816894531,49.16999816894531,49.689998626708984,508680,64.99500274658203,3229.6,3309.55,3195.8,3225.7,0.004912879720118557,113.75,Crude oil,CL=F,₹/barrel,Energy
2015-10-12,47.099998474121094,50.130001068115234,47.040000915527344,49.5099983215332,408663,64.77200317382812,3206.86,3247.02,3046.88,3050.76,-0.05423318969525981,200.13999999999987,Crude oil,CL=F,₹/barrel,Energy
2015-10-13,46.65999984741211,48.43000030517578,46.439998626708984,47.459999084472656,465388,64.78199768066406,3074.55,3137.39,3008.48,3022.73,-0.00918787449684677,128.90999999999985,Crude oil,CL=F,₹/barrel,Energy
2015-10-14,46.63999938964844,46.959999084472656,45.939998626708984,46.689998626708984,348241,65.08499908447266,3038.82,3056.39,2990.0,3035.56,0.004244507448564638,66.38999999999987,Crude oil,CL=F,₹/barrel,Energy
2015-10-15,46.380001068115234,47.02000045776367,45.22999954223633,46.279998779296875,370940,64.8489990234375,3001.21,3049.2,2933.12,3007.7,-0.00917787821686944,116.07999999999993,Crude oil,CL=F,₹/barrel,Energy
2015-10-16,47.2599983215332,47.5,46.15999984741211,46.869998931884766,198127,64.78399658203125,3036.43,3077.24,2990.43,3061.69,0.017950593476743215,86.80999999999995,Crude oil,CL=F,₹/barrel,Energy
2015-10-19,45.88999938964844,47.4900016784668,45.849998474121094,47.27000045776367,125840,64.69499969482422,3058.13,3072.37,2966.27,2968.85,-0.03032312219721789,106.09999999999991,Crude oil,CL=F,₹/barrel,Energy
2015-10-20,45.54999923706055,46.52000045776367,45.22999954223633,46.25,361314,64.95099639892578,3003.98,3021.52,2937.73,2958.52,-0.003479461744446466,83.78999999999996,Crude oil,CL=F,₹/barrel,Energy
2015-10-21,45.20000076293945,46.08000183105469,44.86000061035156,45.880001068115234,384288,64.99400329589844,2981.92,2994.92,2915.63,2937.73,-0.007027162229763517,79.28999999999996,Crude oil,CL=F,₹/barrel,Energy
2015-10-22,45.380001068115234,46.099998474121094,44.900001525878906,45.27000045776367,322742,65.15899658203125,2949.75,3003.83,2925.64,2956.92,0.006532254495818179,78.19000000000005,Crude oil,CL=F,₹/barrel,Energy
2015-10-23,44.599998474121094,45.75,44.20000076293945,45.439998626708984,406577,65.05000305175781,2955.87,2976.04,2875.21,2901.23,-0.018833786507582273,100.82999999999993,Crude oil,CL=F,₹/barrel,Energy
2015-10-26,43.97999954223633,44.939998626708984,43.63999938964844,44.7400016784668,302084,64.88500213623047,2902.96,2915.93,2831.58,2853.64,-0.016403387528737823,84.34999999999991,Crude oil,CL=F,₹/barrel,Energy
2015-10-27,43.20000076293945,43.90999984741211,42.58000183105469,43.779998779296875,370825,64.9010009765625,2841.37,2849.8,2763.48,2803.72,-0.01749344696598032,86.32000000000016,Crude oil,CL=F,₹/barrel,Energy
2015-10-28,45.939998626708984,46.220001220703125,43.060001373291016,43.439998626708984,521518,65.06700134277344,2826.51,3007.4,2801.79,2989.18,0.06614783216583686,205.61000000000013,Crude oil,CL=F,₹/barrel,Energy
2015-10-29,46.060001373291016,46.790000915527344,45.15999984741211,46.060001373291016,436513,64.94599914550781,2991.41,3038.82,2932.96,2991.41,0.0007460239932022272,105.86000000000013,Crude oil,CL=F,₹/barrel,Energy
2015-10-30,46.59000015258789,47.029998779296875,45.47999954223633,45.7400016784668,363307,65.44400024414062,2993.41,3077.83,2976.39,3049.04,0.019265162582193796,101.44000000000005,Crude oil,CL=F,₹/barrel,Energy
2015-11-02,46.13999938964844,46.72999954223633,45.560001373291016,46.43000030517578,305518,65.41500091552734,3037.22,3056.84,2980.31,3018.25,-0.010098260436071649,76.5300000000002,Crude oil,CL=F,₹/barrel,Energy
2015-11-03,47.900001525878906,48.36000061035156,45.959999084472656,46.11000061035156,434574,65.54100036621094,3022.1,3169.56,3012.26,3139.41,0.04014246666114474,157.29999999999973,Crude oil,CL=F,₹/barrel,Energy
2015-11-04,46.31999969482422,48.279998779296875,46.16999816894531,47.7400016784668,459307,65.53099822998047,3128.45,3163.84,3025.57,3035.4,-0.033130428965952086,138.26999999999998,Crude oil,CL=F,₹/barrel,Energy
2015-11-05,45.20000076293945,46.650001525878906,45.119998931884766,46.56999969482422,437646,65.58499908447266,3054.29,3059.54,2959.2,2964.44,-0.02337747908018717,100.34000000000015,Crude oil,CL=F,₹/barrel,Energy
2015-11-06,44.290000915527344,45.63999938964844,44.11000061035156,45.40999984741211,448133,65.86000061035156,2990.7,3005.85,2905.08,2916.94,-0.016023262403691785,100.76999999999998,Crude oil,CL=F,₹/barrel,Energy
2015-11-09,43.869998931884766,45.119998931884766,43.63999938964844,44.52000045776367,487992,66.13300323486328,2944.24,2983.92,2886.04,2901.25,-0.005378924489362169,97.88000000000011,Crude oil,CL=F,₹/barrel,Energy
2015-11-10,44.209999084472656,44.7599983215332,43.56999969482422,44.099998474121094,445973,66.46800231933594,2931.24,2975.11,2896.01,2938.55,0.012856527358897196,79.09999999999991,Crude oil,CL=F,₹/barrel,Energy
2015-11-11,42.93000030517578,44.11000061035156,42.619998931884766,43.630001068115234,502371,66.19300079345703,2888.0,2919.77,2821.15,2841.67,-0.03296864099640984,98.61999999999989,Crude oil,CL=F,₹/barrel,Energy
2015-11-12,41.75,43.33000183105469,41.540000915527344,43.04999923706055,545351,66.06300354003906,2844.01,2862.51,2744.26,2758.13,-0.02939820598450904,118.25,Crude oil,CL=F,₹/barrel,Energy
2015-11-13,40.7400016784668,42.84000015258789,40.220001220703125,41.61000061035156,480893,66.0479965209961,2748.26,2829.5,2656.45,2690.8,-0.02441146718972631,173.05000000000018,Crude oil,CL=F,₹/barrel,Energy
2015-11-16,41.7400016784668,42.25,40.060001373291016,40.91999816894531,535179,66.0510025024414,2702.81,2790.65,2646.0,2756.97,0.024591199643228645,144.6500000000001,Crude oil,CL=F,₹/barrel,Energy
2015-11-17,40.66999816894531,42.029998779296875,40.58000183105469,41.959999084472656,363714,65.89700317382812,2765.04,2769.65,2674.1,2680.03,-0.02790744911986698,95.55000000000018,Crude oil,CL=F,₹/barrel,Energy
2015-11-18,40.75,41.54999923706055,39.90999984741211,41.11000061035156,251518,66.03700256347656,2714.78,2743.84,2635.54,2691.01,0.004096969063779099,108.30000000000018,Crude oil,CL=F,₹/barrel,Energy
2015-11-19,40.540000915527344,41.04999923706055,39.88999938964844,40.720001220703125,131356,66.07499694824219,2690.57,2712.38,2635.73,2678.68,-0.00458192277249081,76.65000000000009,Crude oil,CL=F,₹/barrel,Energy
2015-11-20,40.38999938964844,40.9900016784668,38.9900016784668,40.540000915527344,432642,66.08499908447266,2679.09,2708.82,2576.65,2669.17,-0.0035502560962861196,132.17000000000007,Crude oil,CL=F,₹/barrel,Energy
2015-11-23,41.75,42.75,40.40999984741211,41.4900016784668,516190,66.05000305175781,2740.41,2823.64,2669.08,2757.59,0.033126402589569004,154.55999999999995,Crude oil,CL=F,₹/barrel,Energy
2015-11-24,42.869998931884766,43.459999084472656,41.86000061035156,42.040000915527344,430304,66.37100219726562,2790.24,2884.48,2778.29,2845.32,0.03181401151005048,106.19000000000005,Crude oil,CL=F,₹/barrel,Energy
2015-11-25,43.040000915527344,43.25,41.720001220703125,42.689998626708984,383158,66.30000305175781,2830.35,2867.48,2766.04,2853.55,0.0028924690368745676,101.44000000000005,Crude oil,CL=F,₹/barrel,Energy
2015-11-27,41.709999084472656,43.29999923706055,41.66999816894531,43.25,316475,66.55799865722656,2878.63,2881.96,2773.47,2776.13,-0.02713111738010554,108.49000000000024,Crude oil,CL=F,₹/barrel,Energy
2015-11-30,41.650001525878906,42.61000061035156,41.5,41.77000045776367,369509,66.9000015258789,2794.41,2850.61,2776.35,2786.39,0.0036957923440184004,74.26000000000022,Crude oil,CL=F,₹/barrel,Energy
2015-12-01,41.849998474121094,42.22999954223633,41.16999816894531,41.72999954223633,415537,66.50800323486328,2775.38,2808.63,2738.13,2783.36,-0.0010874285365651826,70.5,Crude oil,CL=F,₹/barrel,Energy
2015-12-02,39.939998626708984,41.970001220703125,39.84000015258789,41.689998626708984,545289,66.46099853515625,2770.76,2789.37,2647.81,2654.45,-0.04631452632789157,141.55999999999995,Crude oil,CL=F,₹/barrel,Energy
2015-12-03,41.08000183105469,41.779998779296875,40.06999969482422,40.150001525878906,496884,66.55699920654297,2672.26,2780.75,2666.94,2734.16,0.03002881952946934,113.80999999999995,Crude oil,CL=F,₹/barrel,Energy
2015-12-04,39.970001220703125,42.0,39.599998474121094,41.310001373291016,510758,66.8030014038086,2759.63,2805.73,2645.4,2670.12,-0.023422184510050625,160.32999999999993,Crude oil,CL=F,₹/barrel,Energy
2015-12-07,37.650001525878906,40.150001525878906,37.5,40.099998474121094,635413,66.63600158691406,2672.1,2675.44,2498.85,2508.85,-0.06039803454526382,176.59000000000015,Crude oil,CL=F,₹/barrel,Energy
2015-12-08,37.5099983215332,38.58000183105469,36.63999938964844,37.68000030517578,767184,66.76799774169922,2515.82,2575.91,2446.38,2504.47,-0.0017458197979154377,129.52999999999975,Crude oil,CL=F,₹/barrel,Energy
2015-12-09,37.15999984741211,38.9900016784668,36.869998931884766,37.86000061035156,646166,66.83300018310547,2530.3,2605.82,2464.13,2483.51,-0.008369036163339727,141.69000000000005,Crude oil,CL=F,₹/barrel,Energy
2015-12-10,36.7599983215332,37.540000915527344,36.380001068115234,37.27000045776367,513940,66.88999938964844,2492.99,2511.05,2433.46,2458.88,-0.009917415271128438,77.59000000000015,Crude oil,CL=F,₹/barrel,Energy
2015-12-11,35.619998931884766,36.84000015258789,35.15999984741211,36.630001068115234,505406,66.78600311279297,2446.37,2460.4,2348.2,2378.92,-0.032518870380010445,112.20000000000027,Crude oil,CL=F,₹/barrel,Energy
2015-12-14,36.310001373291016,36.70000076293945,34.529998779296875,35.400001525878906,550476,67.14099884033203,2376.79,2464.07,2318.38,2437.89,0.02478855951440151,145.69000000000005,Crude oil,CL=F,₹/barrel,Energy
2015-12-15,37.349998474121094,37.880001068115234,36.029998779296875,36.31999969482422,474159,67.07099914550781,2436.02,2540.65,2416.57,2505.1,0.027568922305764465,124.07999999999993,Crude oil,CL=F,₹/barrel,Energy
2015-12-16,35.52000045776367,37.349998474121094,35.290000915527344,36.790000915527344,402967,66.90299987792969,2461.36,2498.83,2361.01,2376.39,-0.05137918645962236,137.8199999999997,Crude oil,CL=F,₹/barrel,Energy
2015-12-17,34.95000076293945,35.84000015258789,34.630001068115234,35.79999923706055,196227,66.4280014038086,2378.12,2380.78,2300.4,2321.66,-0.023030731487676648,80.38000000000011,Crude oil,CL=F,₹/barrel,Energy
2015-12-18,34.72999954223633,35.56999969482422,34.290000915527344,34.869998931884766,116038,66.45899963378906,2317.43,2363.95,2278.88,2308.12,-0.0058320339756897654,85.06999999999971,Crude oil,CL=F,₹/barrel,Energy
2015-12-21,34.7400016784668,34.86000061035156,33.97999954223633,34.58000183105469,298080,66.24800109863281,2290.86,2309.41,2251.11,2301.46,-0.0028854652271111947,58.29999999999973,Crude oil,CL=F,₹/barrel,Energy
2015-12-22,36.13999938964844,36.540000915527344,35.65999984741211,35.79999923706055,302263,66.26899719238281,2372.43,2421.47,2363.15,2394.96,0.04062638499039739,58.31999999999971,Crude oil,CL=F,₹/barrel,Energy
2015-12-23,37.5,37.95000076293945,36.279998779296875,36.470001220703125,374658,66.24299621582031,2415.88,2513.92,2403.3,2484.11,0.03722400374118995,110.61999999999989,Crude oil,CL=F,₹/barrel,Energy
2015-12-24,38.099998474121094,38.279998779296875,37.380001068115234,37.86000061035156,205873,66.15399932861328,2504.59,2532.38,2472.84,2520.47,0.014637032981631215,59.539999999999964,Crude oil,CL=F,₹/barrel,Energy
2015-12-28,36.810001373291016,38.09000015258789,36.599998474121094,38.0,220644,65.94000244140625,2505.72,2511.65,2413.4,2427.25,-0.036985165465171055,98.25,Crude oil,CL=F,₹/barrel,Energy
2015-12-29,37.869998931884766,37.939998626708984,36.65999984741211,36.70000076293945,241945,66.13400268554688,2427.12,2509.12,2424.47,2504.49,0.031822020805438056,84.65000000000009,Crude oil,CL=F,₹/barrel,Energy
2015-12-30,36.599998474121094,37.400001525878906,36.400001525878906,37.36000061035156,267912,66.26000213623047,2475.47,2478.12,2411.86,2425.12,-0.03169108281526378,66.25999999999976,Crude oil,CL=F,₹/barrel,Energy
2015-12-31,37.040000915527344,37.790000915527344,36.220001220703125,36.810001373291016,283623,66.45500183105469,2446.21,2511.33,2407.0,2461.49,0.014997196015042569,104.32999999999993,Crude oil,CL=F,₹/barrel,Energy
2016-01-04,36.7599983215332,38.38999938964844,36.33000183105469,37.599998474121094,431985,66.19300079345703,2488.86,2541.15,2404.79,2433.25,-0.01147272586929049,136.36000000000013,Crude oil,CL=F,₹/barrel,Energy
2016-01-05,35.970001220703125,37.099998474121094,35.7400016784668,36.900001525878906,410131,66.60099792480469,2457.58,2470.9,2380.32,2395.64,-0.015456693722387782,90.57999999999993,Crude oil,CL=F,₹/barrel,Energy
2016-01-06,33.970001220703125,36.38999938964844,33.77000045776367,36.18000030517578,563811,66.52400207519531,2406.84,2420.81,2246.52,2259.82,-0.056694661969244,174.28999999999996,Crude oil,CL=F,₹/barrel,Energy
2016-01-07,33.27000045776367,34.2599983215332,32.099998474121094,34.09000015258789,617409,66.7239990234375,2274.62,2285.96,2141.84,2219.91,-0.017660698639714756,144.1199999999999,Crude oil,CL=F,₹/barrel,Energy
2016-01-08,33.15999984741211,34.34000015258789,32.63999938964844,33.29999923706055,596496,66.9209976196289,2228.47,2298.07,2184.3,2219.1,-0.000364879657283379,113.76999999999998,Crude oil,CL=F,₹/barrel,Energy
2016-01-11,31.40999984741211,33.20000076293945,30.8799991607666,32.939998626708984,648640,66.83999633789062,2201.71,2219.09,2064.02,2099.44,-0.05392276147987918,155.07000000000016,Crude oil,CL=F,₹/barrel,Energy
2016-01-12,30.440000534057617,32.209999084472656,29.93000030517578,31.110000610351562,627218,66.79299926757812,2077.93,2151.4,1999.11,2033.18,-0.0315607971649583,152.2900000000002,Crude oil,CL=F,₹/barrel,Energy
2016-01-13,30.479999542236328,31.709999084472656,30.100000381469727,30.540000915527344,637903,66.91999816894531,2043.74,2122.03,2014.29,2039.72,0.003216636008616991,107.74000000000024,Crude oil,CL=F,₹/barrel,Energy
2016-01-14,31.200000762939453,31.770000457763672,30.280000686645508,30.600000381469727,537906,66.93599700927734,2048.24,2126.56,2026.82,2088.4,0.02386602082638789,99.74000000000001,Crude oil,CL=F,₹/barrel,Energy
2016-01-15,29.420000076293945,31.18000030517578,29.1299991607666,31.18000030517578,329094,67.30400085449219,2098.54,2098.54,1960.57,1980.08,-0.05186745834131401,137.97000000000003,Crude oil,CL=F,₹/barrel,Energy
2016-01-19,28.459999084472656,30.209999084472656,28.209999084472656,29.200000762939453,188026,67.71099853515625,1977.16,2045.55,1910.13,1927.05,-0.026781746192073075,135.41999999999985,Crude oil,CL=F,₹/barrel,Energy
2016-01-20,26.549999237060547,28.579999923706055,26.190000534057617,28.329999923706055,690039,67.76699829101562,1919.84,1936.78,1774.82,1799.21,-0.06633974209283611,161.96000000000004,Crude oil,CL=F,₹/barrel,Energy
2016-01-21,29.530000686645508,30.25,27.8700008392334,28.350000381469727,694040,67.9489974975586,1926.35,2055.46,1893.74,2006.53,0.11522835022037436,161.72000000000003,Crude oil,CL=F,₹/barrel,Energy
2016-01-22,32.189998626708984,32.349998474121094,29.530000686645508,29.84000015258789,636573,67.80799865722656,2023.39,2193.59,2002.37,2182.74,0.08781827333755277,191.22000000000025,Crude oil,CL=F,₹/barrel,Energy
2016-01-25,30.34000015258789,32.7400016784668,29.68000030517578,32.04999923706055,606892,67.54100036621094,2164.69,2211.29,2004.62,2049.19,-0.06118456618745238,206.67000000000007,Crude oil,CL=F,₹/barrel,Energy
2016-01-26,31.450000762939453,32.40999984741211,29.25,29.809999465942383,642432,67.74099731445312,2019.36,2195.49,1981.42,2130.45,0.03965469282984979,214.0699999999997,Crude oil,CL=F,₹/barrel,Energy
2016-01-27,32.29999923706055,32.84000015258789,30.139999389648438,30.549999237060547,738551,67.7699966430664,2070.37,2225.57,2042.59,2188.97,0.027468375225891295,182.98000000000025,Crude oil,CL=F,₹/barrel,Energy
2016-01-28,33.220001220703125,34.81999969482422,31.739999771118164,32.189998626708984,833378,68.19599914550781,2195.23,2374.58,2164.54,2265.47,0.034947943553360616,210.03999999999996,Crude oil,CL=F,₹/barrel,Energy
2016-01-29,33.619998931884766,34.400001525878906,32.650001525878906,33.70000076293945,618110,68.09300231933594,2294.73,2342.4,2223.24,2289.29,0.01051437450065551,119.16000000000031,Crude oil,CL=F,₹/barrel,Energy
2016-02-01,31.6200008392334,34.18000030517578,31.290000915527344,33.83000183105469,595612,67.87000274658203,2296.04,2319.8,2123.65,2146.05,-0.06256961765438185,196.1500000000001,Crude oil,CL=F,₹/barrel,Energy
2016-02-02,29.8799991607666,31.530000686645508,29.56999969482422,31.3700008392334,602564,67.88200378417969,2129.46,2140.32,2007.27,2028.31,-0.05486358658931534,133.05000000000018,Crude oil,CL=F,₹/barrel,Energy
2016-02-03,32.279998779296875,32.75,29.399999618530273,29.75,811699,67.98600006103516,2022.58,2226.54,1998.79,2194.59,0.08197957905842812,227.75,Crude oil,CL=F,₹/barrel,Energy
2016-02-04,31.719999313354492,33.599998474121094,31.530000686645508,32.709999084472656,696721,67.927001953125,2221.89,2282.35,2141.74,2154.64,-0.018203855845511097,140.61000000000013,Crude oil,CL=F,₹/barrel,Energy
2016-02-05,30.889999389648438,32.45000076293945,30.6299991607666,31.639999389648438,616531,67.56400299072266,2137.73,2192.45,2069.49,2087.05,-0.0313695095236326,122.96000000000004,Crude oil,CL=F,₹/barrel,Energy
2016-02-08,29.690000534057617,31.3799991607666,29.56999969482422,30.969999313354492,603646,67.802001953125,2099.83,2127.63,2004.91,2013.04,-0.03546153661867235,122.72000000000003,Crude oil,CL=F,₹/barrel,Energy
2016-02-09,27.940000534057617,30.610000610351562,27.739999771118164,30.170000076293945,738219,68.07599639892578,2053.85,2083.81,1888.43,1902.04,-0.055140484044032934,195.37999999999988,Crude oil,CL=F,₹/barrel,Energy
2016-02-10,27.450000762939453,29.219999313354492,27.239999771118164,28.360000610351562,781280,67.9280014038086,1926.44,1984.86,1850.36,1864.62,-0.01967361359382558,134.5,Crude oil,CL=F,₹/barrel,Energy
2016-02-11,26.209999084472656,27.479999542236328,26.049999237060547,27.34000015258789,795965,67.89299774169922,1856.19,1865.7,1768.61,1779.48,-0.045660778067381,97.09000000000015,Crude oil,CL=F,₹/barrel,Energy
2016-02-12,29.440000534057617,29.65999984741211,26.950000762939453,27.299999237060547,675157,68.4739990234375,1869.34,2030.94,1845.37,2015.87,0.13284217861397707,185.57000000000016,Crude oil,CL=F,₹/barrel,Energy
2016-02-16,29.040000915527344,31.530000686645508,28.700000762939453,29.079999923706055,651956,68.13700103759766,1981.42,2148.36,1955.53,1978.7,-0.01843868900276302,192.83000000000015,Crude oil,CL=F,₹/barrel,Energy
2016-02-17,30.65999984741211,31.489999771118164,28.729999542236328,29.139999389648438,578639,68.50599670410156,1996.26,2157.25,1968.18,2100.39,0.061499974730883755,189.06999999999994,Crude oil,CL=F,₹/barrel,Energy
2016-02-18,30.770000457763672,31.979999542236328,30.270000457763672,31.350000381469727,225497,68.35600280761719,2142.96,2186.02,2069.14,2103.31,0.0013902180071321268,116.88000000000011,Crude oil,CL=F,₹/barrel,Energy
2016-02-19,29.639999389648438,30.729999542236328,29.049999237060547,30.600000381469727,103202,68.56600189208984,2098.12,2107.03,1991.84,2032.3,-0.03376107183439436,115.19000000000028,Crude oil,CL=F,₹/barrel,Energy
2016-02-22,31.479999542236328,32.04999923706055,29.479999542236328,29.719999313354492,521016,68.53800201416016,2036.95,2196.64,2020.5,2157.58,0.06164444225754062,176.13999999999987,Crude oil,CL=F,₹/barrel,Energy
2016-02-23,31.8700008392334,33.529998779296875,31.219999313354492,33.34000015258789,539379,68.5739974975586,2286.26,2299.29,2140.88,2185.45,0.012917249881811976,158.40999999999985,Crude oil,CL=F,₹/barrel,Energy
2016-02-24,32.150001525878906,32.400001525878906,30.559999465942383,31.280000686645508,652245,68.60299682617188,2145.9,2222.74,2096.51,2205.59,0.009215493376650175,126.22999999999956,Crude oil,CL=F,₹/barrel,Energy
2016-02-25,33.06999969482422,33.4900016784668,31.06999969482422,32.189998626708984,611874,68.3759994506836,2201.02,2289.91,2124.44,2261.19,0.025208674322970248,165.4699999999998,Crude oil,CL=F,₹/barrel,Energy
2016-02-26,32.779998779296875,34.689998626708984,32.63999938964844,33.040000915527344,646294,68.7969970703125,2273.05,2386.57,2245.53,2255.17,-0.0026623149757428743,141.03999999999996,Crude oil,CL=F,₹/barrel,Energy
2016-02-29,33.75,33.97999954223633,32.31999969482422,32.720001220703125,512468,68.7300033569336,2248.85,2335.45,2221.35,2319.64,0.02858764527729618,114.09999999999991,Crude oil,CL=F,₹/barrel,Energy
2016-03-01,34.400001525878906,34.7599983215332,33.369998931884766,33.900001525878906,566226,68.21800231933594,2312.59,2371.26,2276.43,2346.7,0.011665603283268045,94.83000000000038,Crude oil,CL=F,₹/barrel,Energy
2016-03-02,34.65999984741211,35.16999816894531,33.54999923706055,33.88999938964844,597834,67.74600219726562,2295.91,2382.63,2272.88,2348.08,0.0005880598286955863,109.75,Crude oil,CL=F,₹/barrel,Energy
2016-03-03,34.56999969482422,35.31999969482422,34.189998626708984,34.72999954223633,512962,67.38800048828125,2340.39,2380.14,2304.0,2329.6,-0.007870259957071357,76.13999999999987,Crude oil,CL=F,₹/barrel,Energy
2016-03-04,35.91999816894531,36.34000015258789,34.400001525878906,34.65999984741211,578290,67.14299774169922,2327.18,2439.98,2309.72,2411.78,0.035276442307692335,130.26000000000022,Crude oil,CL=F,₹/barrel,Energy
2016-03-07,37.900001525878906,38.11000061035156,36.09000015258789,36.20000076293945,709870,66.93000030517578,2422.87,2550.7,2415.5,2536.65,0.051775037524152134,135.19999999999982,Crude oil,CL=F,₹/barrel,Energy
2016-03-08,36.5,38.38999938964844,36.119998931884766,37.939998626708984,706933,67.0459976196289,2543.73,2573.9,2421.7,2447.18,-0.03527092819269517,152.20000000000027,Crude oil,CL=F,₹/barrel,Energy
2016-03-09,38.290000915527344,38.5099983215332,36.2400016784668,36.36000061035156,740632,67.35700225830078,2449.1,2593.92,2441.02,2579.1,0.0539069459541186,152.9000000000001,Crude oil,CL=F,₹/barrel,Energy
2016-03-10,37.84000015258789,38.47999954223633,37.209999084472656,38.16999816894531,701435,67.1449966430664,2562.92,2583.74,2498.47,2540.77,-0.01486177348687523,85.26999999999998,Crude oil,CL=F,₹/barrel,Energy
2016-03-11,38.5,39.02000045776367,37.91999816894531,37.9900016784668,564791,67.30899810791016,2557.07,2626.4,2552.36,2591.4,0.019927029994844192,74.03999999999996,Crude oil,CL=F,₹/barrel,Energy
2016-03-14,37.18000030517578,38.77000045776367,36.68000030517578,38.16999816894531,489938,66.91300201416016,2554.07,2594.22,2454.37,2487.83,-0.03996681330554919,139.8499999999999,Crude oil,CL=F,₹/barrel,Energy
2016-03-15,36.34000015258789,37.400001525878906,35.959999084472656,37.369998931884766,446100,67.17400360107422,2510.29,2512.31,2415.58,2441.1,-0.018783437775089173,96.73000000000002,Crude oil,CL=F,₹/barrel,Energy
2016-03-16,38.459999084472656,38.630001068115234,36.61000061035156,36.7400016784668,494174,67.35900115966797,2474.77,2602.08,2466.01,2590.63,0.06125517184875684,136.0699999999997,Crude oil,CL=F,₹/barrel,Energy
2016-03-17,40.20000076293945,40.36000061035156,38.470001220703125,38.59000015258789,298013,66.83000183105469,2578.97,2697.26,2570.95,2686.57,0.03703346290284615,126.3100000000004,Crude oil,CL=F,₹/barrel,Energy
2016-03-18,39.439998626708984,41.20000076293945,39.150001525878906,40.25,130151,66.61199951171875,2681.13,2744.41,2607.86,2627.18,-0.0221062544433982,136.54999999999973,Crude oil,CL=F,₹/barrel,Energy
2016-03-21,39.90999984741211,40.29999923706055,38.61000061035156,39.060001373291016,479337,66.3759994506836,2592.65,2674.95,2562.78,2649.07,0.008332127985140048,112.16999999999962,Crude oil,CL=F,₹/barrel,Energy
2016-03-22,41.45000076293945,41.900001525878906,40.77000045776367,41.59000015258789,463693,66.5199966430664,2766.57,2787.19,2712.02,2757.25,0.04083697297542144,75.17000000000007,Crude oil,CL=F,₹/barrel,Energy
2016-03-23,39.790000915527344,41.34000015258789,39.66999816894531,41.189998626708984,492003,66.76399993896484,2750.01,2760.02,2648.53,2656.54,-0.03652552361954853,111.48999999999978,Crude oil,CL=F,₹/barrel,Energy
2016-03-24,39.459999084472656,39.77000045776367,38.33000183105469,39.72999954223633,495168,66.9020004272461,2658.02,2660.69,2564.35,2639.95,-0.006244965255558066,96.34000000000015,Crude oil,CL=F,₹/barrel,Energy
2016-03-28,39.38999938964844,40.13999938964844,38.86000061035156,39.54999923706055,299775,66.90699768066406,2646.17,2685.65,2600.01,2635.47,-0.0016970018371560425,85.63999999999987,Crude oil,CL=F,₹/barrel,Energy
2016-03-29,38.279998779296875,39.47999954223633,37.90999984741211,39.31999969482422,488032,66.90699768066406,2630.78,2641.49,2536.44,2561.2,-0.028180931674426146,105.04999999999973,Crude oil,CL=F,₹/barrel,Energy
2016-03-30,38.31999969482422,39.849998474121094,38.13999938964844,38.52000045776367,542469,66.36799621582031,2556.5,2644.76,2531.28,2543.22,-0.007020146806184568,113.48000000000002,Crude oil,CL=F,₹/barrel,Energy
2016-03-31,38.34000015258789,39.040000915527344,37.56999969482422,38.29999923706055,532152,66.36799621582031,2541.89,2591.01,2493.45,2544.55,0.0005229590833668585,97.5600000000004,Crude oil,CL=F,₹/barrel,Energy
2016-04-01,36.790000915527344,38.560001373291016,36.630001068115234,38.13999938964844,547190,66.24800109863281,2526.7,2554.52,2426.66,2437.26,-0.04216462635829521,127.86000000000013,Crude oil,CL=F,₹/barrel,Energy
2016-04-04,35.70000076293945,37.209999084472656,35.459999084472656,36.61000061035156,549477,66.35800170898438,2429.37,2469.18,2353.05,2368.98,-0.02801506609881599,116.12999999999965,Crude oil,CL=F,₹/barrel,Energy
2016-04-05,35.88999938964844,36.58000183105469,35.2400016784668,35.5,485543,66.13300323486328,2347.72,2419.15,2330.53,2373.51,0.0019122153838362355,88.61999999999989,Crude oil,CL=F,₹/barrel,Energy
2016-04-06,37.75,37.900001525878906,36.43000030517578,36.52000045776367,751048,66.46800231933594,2427.41,2519.14,2421.43,2509.17,0.05715585778024934,97.71000000000004,Crude oil,CL=F,₹/barrel,Energy
2016-04-07,37.2599983215332,38.29999923706055,36.689998626708984,37.7599983215332,626749,66.53299713134766,2512.29,2548.21,2441.1,2479.02,-0.012015925584954457,107.11000000000013,Crude oil,CL=F,₹/barrel,Energy
2016-04-08,39.720001220703125,39.84000015258789,37.45000076293945,37.52000045776367,817230,66.77899932861328,2505.55,2660.48,2500.87,2652.46,0.06996313059192749,159.61000000000013,Crude oil,CL=F,₹/barrel,Energy
2016-04-11,40.36000061035156,40.75,39.25,39.720001220703125,679351,66.54399871826172,2643.13,2711.67,2611.85,2685.72,0.012539303137464763,99.82000000000016,Crude oil,CL=F,₹/barrel,Energy
2016-04-12,42.16999816894531,42.25,40.09000015258789,40.349998474121094,796837,66.29000091552734,2674.8,2800.75,2657.57,2795.45,0.040856827964195874,143.17999999999984,Crude oil,CL=F,₹/barrel,Energy
2016-04-13,41.7599983215332,42.41999816894531,41.2400016784668,41.630001068115234,730437,66.31500244140625,2760.69,2813.08,2734.83,2769.31,-0.00935090951367401,78.25,Crude oil,CL=F,₹/barrel,Energy
2016-04-14,41.5,42.15999984741211,40.84000015258789,41.540000915527344,488614,66.5250015258789,2763.45,2804.69,2716.88,2760.79,-0.0030765786423332386,87.80999999999995,Crude oil,CL=F,₹/barrel,Energy
2016-04-15,40.36000061035156,41.72999954223633,39.97999954223633,41.43000030517578,520146,66.63700103759766,2760.77,2780.76,2664.15,2689.47,-0.025833185428808525,116.61000000000013,Crude oil,CL=F,₹/barrel,Energy
2016-04-18,39.779998779296875,40.2400016784668,37.61000061035156,38.75,342463,66.65299987792969,2582.8,2682.12,2506.82,2651.46,-0.014132896072460266,175.29999999999973,Crude oil,CL=F,₹/barrel,Energy
2016-04-19,41.08000183105469,41.529998779296875,39.58000183105469,40.040000915527344,101734,66.40899658203125,2659.02,2757.97,2628.47,2728.08,0.02889728677785075,129.5,Crude oil,CL=F,₹/barrel,Energy
2016-04-20,42.630001068115234,42.90999984741211,39.849998474121094,40.79999923706055,796240,66.22200012207031,2701.86,2841.59,2638.95,2823.04,0.03480836339110294,202.64000000000033,Crude oil,CL=F,₹/barrel,Energy
2016-04-21,43.18000030517578,44.4900016784668,43.04999923706055,43.970001220703125,671103,66.2040023803711,2910.99,2945.42,2850.08,2858.69,0.012628230559963649,95.34000000000015,Crude oil,CL=F,₹/barrel,Energy
2016-04-22,43.72999954223633,44.45000076293945,43.11000061035156,43.41999816894531,575107,66.51200103759766,2887.95,2956.46,2867.33,2908.57,0.017448551609303697,89.13000000000011,Crude oil,CL=F,₹/barrel,Energy
2016-04-25,42.63999938964844,44.040000915527344,42.58000183105469,43.75,606383,66.65299987792969,2916.07,2935.4,2838.08,2842.08,-0.02286003087427846,97.32000000000016,Crude oil,CL=F,₹/barrel,Energy
2016-04-26,44.040000915527344,44.83000183105469,42.5,42.959999084472656,564392,66.70500183105469,2865.65,2990.39,2834.96,2937.69,0.033640854585374136,155.42999999999984,Crude oil,CL=F,₹/barrel,Energy
2016-04-27,45.33000183105469,45.619998931884766,43.77000045776367,44.63999938964844,648028,66.45700073242188,2966.64,3031.77,2908.82,3012.5,0.025465586906719295,122.94999999999982,Crude oil,CL=F,₹/barrel,Energy
2016-04-28,46.029998779296875,46.13999938964844,44.939998626708984,45.29999923706055,487412,66.3550033569336,3005.88,3061.62,2981.99,3054.32,0.013882157676348594,79.63000000000011,Crude oil,CL=F,₹/barrel,Energy
2016-04-29,45.91999816894531,46.779998779296875,45.2400016784668,45.900001525878906,598439,66.43800354003906,3049.5,3107.97,3005.66,3050.83,-0.0011426438618089563,102.30999999999995,Crude oil,CL=F,₹/barrel,Energy
2016-05-02,44.779998779296875,46.150001525878906,44.540000915527344,45.900001525878906,464027,66.41799926757812,3048.59,3065.19,2958.26,2974.2,-0.025117754840486062,106.92999999999984,Crude oil,CL=F,₹/barrel,Energy
2016-05-03,43.650001525878906,45.349998474121094,43.31999969482422,44.91999816894531,625551,66.37100219726562,2981.39,3009.92,2875.19,2897.09,-0.025926299509111628,134.73000000000002,Crude oil,CL=F,₹/barrel,Energy
2016-05-04,43.779998779296875,44.880001068115234,43.220001220703125,43.849998474121094,711125,66.59200286865234,2920.06,2988.65,2878.11,2915.4,0.006320135032049423,110.53999999999996,Crude oil,CL=F,₹/barrel,Energy
2016-05-05,44.31999969482422,46.06999969482422,43.959999084472656,44.040000915527344,746159,66.62000274658203,2933.94,3069.18,2928.62,2952.6,0.01275982712492274,140.55999999999995,Crude oil,CL=F,₹/barrel,Energy
2016-05-06,44.65999984741211,45.34000015258789,43.540000915527344,44.52000045776367,695306,66.60199737548828,2965.12,3019.73,2899.85,2974.45,0.007400257400257404,119.88000000000011,Crude oil,CL=F,₹/barrel,Energy
2016-05-09,43.439998626708984,45.939998626708984,43.2400016784668,45.0,767568,66.59400177001953,2996.73,3059.33,2879.52,2892.84,-0.027437005160617867,179.80999999999995,Crude oil,CL=F,₹/barrel,Energy
2016-05-10,44.65999984741211,44.790000915527344,43.029998779296875,43.25,709415,66.72100067138672,2885.68,2988.43,2871.0,2979.76,0.030046597806999475,117.42999999999984,Crude oil,CL=F,₹/barrel,Energy
2016-05-11,46.22999954223633,46.36000061035156,43.959999084472656,44.599998474121094,869957,66.66600036621094,2973.3,3090.64,2930.64,3081.97,0.03430142024861049,160.0,Crude oil,CL=F,₹/barrel,Energy
2016-05-12,46.70000076293945,47.02000045776367,45.61000061035156,46.0,715102,66.59100341796875,3063.19,3131.11,3037.22,3109.8,0.009029938643140722,93.89000000000033,Crude oil,CL=F,₹/barrel,Energy
2016-05-13,46.209999084472656,46.4900016784668,45.75,46.40999984741211,519363,66.7509994506836,3097.91,3103.25,3053.86,3084.56,-0.00811627757412059,49.38999999999987,Crude oil,CL=F,₹/barrel,Energy
2016-05-16,47.720001220703125,47.97999954223633,46.150001525878906,46.279998779296875,550863,66.9000015258789,3096.13,3209.86,3087.44,3192.47,0.034983919910781314,122.42000000000007,Crude oil,CL=F,₹/barrel,Energy
2016-05-17,48.310001373291016,48.7599983215332,47.529998779296875,47.900001525878906,470440,66.875,3203.31,3260.82,3178.57,3230.73,0.011984450911050049,82.25,Crude oil,CL=F,₹/barrel,Energy
2016-05-18,48.189998626708984,48.95000076293945,47.75,48.529998779296875,343184,66.86799621582031,3245.1,3273.19,3192.95,3222.37,-0.0025876504690890423,80.24000000000024,Crude oil,CL=F,₹/barrel,Energy
2016-05-19,48.15999984741211,48.279998779296875,46.72999954223633,47.869998931884766,108816,67.16000366210938,3214.95,3242.48,3138.39,3234.43,0.003742586977907525,104.09000000000015,Crude oil,CL=F,₹/barrel,Energy
2016-05-20,47.75,48.790000915527344,47.439998626708984,48.20000076293945,538047,67.47699737548828,3252.39,3292.2,3201.11,3222.03,-0.003833751232829141,91.08999999999969,Crude oil,CL=F,₹/barrel,Energy
2016-05-23,48.08000183105469,48.5,47.400001525878906,48.459999084472656,475453,67.4229965209961,3267.32,3270.02,3195.85,3241.7,0.006104846944317677,74.17000000000007,Crude oil,CL=F,₹/barrel,Energy
2016-05-24,48.619998931884766,49.27000045776367,47.63999938964844,48.08000183105469,475965,67.447998046875,3242.9,3323.16,3213.22,3279.32,0.011605022056328629,109.94000000000005,Crude oil,CL=F,₹/barrel,Energy
2016-05-25,49.560001373291016,49.75,48.650001525878906,49.09000015258789,550501,67.6510009765625,3320.99,3365.64,3291.22,3352.78,0.02240098557017922,74.42000000000007,Crude oil,CL=F,₹/barrel,Energy
2016-05-26,49.47999954223633,50.209999084472656,49.220001220703125,49.70000076293945,488465,67.30400085449219,3345.01,3379.33,3312.7,3330.2,-0.006734709703589359,66.63000000000011,Crude oil,CL=F,₹/barrel,Energy
2016-05-27,49.33000183105469,49.599998474121094,48.689998626708984,49.310001373291016,406386,66.9540023803711,3301.5,3320.92,3259.99,3302.84,-0.008215722779412515,60.93000000000029,Crude oil,CL=F,₹/barrel,Energy
2016-05-31,49.099998474121094,50.099998474121094,48.810001373291016,49.540000915527344,476988,67.13300323486328,3325.77,3363.36,3276.76,3296.23,-0.002001307965266319,86.59999999999991,Crude oil,CL=F,₹/barrel,Energy
2016-06-01,49.0099983215332,49.25,47.75,48.81999969482422,568839,67.23100280761719,3282.22,3311.13,3210.28,3294.99,-0.0003761873412960748,100.84999999999991,Crude oil,CL=F,₹/barrel,Energy
2016-06-02,49.16999816894531,49.470001220703125,47.970001220703125,48.900001525878906,564846,67.4260025024414,3297.13,3335.56,3234.43,3315.34,0.006176043022892541,101.13000000000011,Crude oil,CL=F,₹/barrel,Energy
2016-06-03,48.619998931884766,49.40999984741211,48.33000183105469,49.040000915527344,481034,67.29199981689453,3300.0,3324.9,3252.22,3271.74,-0.013150989038831717,72.68000000000029,Crude oil,CL=F,₹/barrel,Energy
2016-06-06,49.689998626708984,49.900001525878906,48.709999084472656,48.880001068115234,450472,66.99199676513672,3274.57,3342.9,3263.18,3328.83,0.017449430578224456,79.72000000000025,Crude oil,CL=F,₹/barrel,Energy
2016-06-07,50.36000061035156,50.529998779296875,49.439998626708984,49.709999084472656,542254,66.8010025024414,3320.68,3375.45,3302.64,3364.1,0.010595314269578271,72.80999999999995,Crude oil,CL=F,₹/barrel,Energy
2016-06-08,51.22999954223633,51.619998931884766,50.31999969482422,50.40999984741211,656416,66.76300048828125,3365.52,3446.31,3359.51,3420.27,0.016696887726286302,86.79999999999973,Crude oil,CL=F,₹/barrel,Energy
2016-06-09,50.560001373291016,51.66999816894531,50.22999954223633,51.45000076293945,560723,66.51000213623047,3421.94,3436.57,3340.8,3362.75,-0.016817385761942805,95.76999999999998,Crude oil,CL=F,₹/barrel,Energy
2016-06-10,49.06999969482422,50.72999954223633,48.79999923706055,50.470001220703125,596119,66.74099731445312,3368.42,3385.77,3256.96,3274.98,-0.026100661660843016,128.80999999999995,Crude oil,CL=F,₹/barrel,Energy
2016-06-13,48.880001068115234,49.279998779296875,48.15999984741211,48.849998474121094,506036,66.94499969482422,3270.26,3299.05,3224.07,3272.27,-0.0008274859693799819,74.98000000000002,Crude oil,CL=F,₹/barrel,Energy
2016-06-14,48.4900016784668,48.689998626708984,47.84000015258789,48.52000045776367,456144,67.15399932861328,3258.31,3269.73,3212.65,3256.3,-0.004880404123131621,57.07999999999993,Crude oil,CL=F,₹/barrel,Energy
2016-06-15,48.0099983215332,48.720001220703125,47.279998779296875,47.900001525878906,527870,67.2979965209961,3223.57,3278.76,3181.85,3230.98,-0.007775696342474658,96.91000000000031,Crude oil,CL=F,₹/barrel,Energy
2016-06-16,46.209999084472656,47.75,45.90999984741211,47.45000076293945,507910,67.072998046875,3182.61,3202.74,3079.32,3099.44,-0.04071210592451824,123.41999999999962,Crude oil,CL=F,₹/barrel,Energy
2016-06-17,47.97999954223633,48.290000915527344,45.83000183105469,45.9900016784668,226653,67.30699920654297,3095.45,3250.26,3084.68,3229.39,0.04192692873551351,165.58000000000038,Crude oil,CL=F,₹/barrel,Energy
2016-06-20,49.369998931884766,49.41999816894531,48.13999938964844,48.290000915527344,98293,67.06600189208984,3238.62,3314.4,3228.56,3311.05,0.025286509216911,85.84000000000015,Crude oil,CL=F,₹/barrel,Energy
2016-06-21,48.849998474121094,49.31999969482422,48.15999984741211,49.13999938964844,475407,67.12999725341797,3298.77,3310.85,3232.98,3279.3,-0.009589103154588385,77.86999999999989,Crude oil,CL=F,₹/barrel,Energy
2016-06-22,49.130001068115234,50.540000915527344,48.400001525878906,50.220001220703125,569939,67.60600280761719,3395.17,3416.81,3272.13,3321.48,0.012862501143536598,144.67999999999984,Crude oil,CL=F,₹/barrel,Energy
2016-06-23,50.11000061035156,50.22999954223633,49.08000183105469,49.08000183105469,401885,67.4219970703125,3309.07,3386.61,3309.07,3378.52,0.017173067427773248,77.53999999999996,Crude oil,CL=F,₹/barrel,Energy
2016-06-24,47.63999938964844,50.45000076293945,46.70000076293945,50.29999923706055,649446,67.24199676513672,3382.27,3392.36,3140.2,3203.41,-0.051830387270165645,252.1600000000003,Crude oil,CL=F,₹/barrel,Energy
2016-06-27,46.33000183105469,47.959999084472656,45.83000183105469,47.810001373291016,504613,67.87699890136719,3245.2,3255.38,3110.8,3144.74,-0.018314858229199538,144.57999999999993,Crude oil,CL=F,₹/barrel,Energy
2016-06-28,47.849998474121094,48.18000030517578,46.540000915527344,46.59000015258789,498851,67.9209976196289,3164.44,3272.43,3161.04,3250.02,0.033478125377614854,111.38999999999987,Crude oil,CL=F,₹/barrel,Energy
2016-06-29,49.880001068115234,50.0,47.97999954223633,48.060001373291016,511476,67.70500183105469,3253.9,3385.25,3248.49,3377.13,0.03911052855059349,136.76000000000022,Crude oil,CL=F,₹/barrel,Energy
2016-06-30,48.33000183105469,49.619998931884766,48.16999816894531,49.54999923706055,508736,67.41600036621094,3340.46,3345.18,3247.43,3258.22,-0.03521037093626844,97.75,Crude oil,CL=F,₹/barrel,Energy
2016-07-01,48.9900016784668,49.29999923706055,47.900001525878906,48.380001068115234,405187,67.5009994506836,3265.7,3327.8,3233.3,3306.87,0.014931465646887077,94.5,Crude oil,CL=F,₹/barrel,Energy
2016-07-05,46.599998474121094,49.349998474121094,46.33000183105469,49.11000061035156,609194,67.23699951171875,3302.01,3318.15,3115.09,3133.24,-0.05250584389467994,203.05999999999995,Crude oil,CL=F,₹/barrel,Energy
2016-07-06,47.43000030517578,47.95000076293945,45.91999816894531,46.83000183105469,607663,67.4260025024414,3157.56,3233.08,3096.2,3198.02,0.02067508393867068,136.8800000000001,Crude oil,CL=F,₹/barrel,Energy
2016-07-07,45.13999938964844,48.25,44.869998931884766,47.880001068115234,710893,67.4010009765625,3227.16,3252.1,3024.28,3042.48,-0.04863634373768766,227.8199999999997,Crude oil,CL=F,₹/barrel,Energy
2016-07-08,45.40999984741211,45.970001220703125,44.77000045776367,45.189998626708984,583078,67.49700164794922,3050.19,3102.84,3021.84,3065.04,0.007415003549735788,81.0,Crude oil,CL=F,₹/barrel,Energy
2016-07-11,44.7599983215332,45.77000045776367,44.41999816894531,45.06999969482422,533657,67.13200378417969,3025.64,3072.63,2982.0,3004.83,-0.019644115574348198,90.63000000000011,Crude oil,CL=F,₹/barrel,Energy
2016-07-12,46.79999923706055,46.93000030517578,44.5099983215332,44.58000183105469,658257,67.1449966430664,2993.32,3151.11,2988.62,3142.39,0.04577962813204084,162.49000000000024,Crude oil,CL=F,₹/barrel,Energy
2016-07-13,44.75,46.709999084472656,44.560001373291016,46.58000183105469,686245,66.87000274658203,3114.8,3123.5,2979.73,2992.43,-0.04772163862537748,143.76999999999998,Crude oil,CL=F,₹/barrel,Energy
2016-07-14,45.68000030517578,45.79999923706055,44.95000076293945,45.13999938964844,573761,67.00599670410156,3024.65,3068.87,3011.92,3060.83,0.022857677539658505,56.94999999999982,Crude oil,CL=F,₹/barrel,Energy
2016-07-15,45.95000076293945,46.33000183105469,45.04999923706055,45.52000045776367,430256,66.83799743652344,3042.47,3096.6,3011.05,3071.21,0.003391237017410287,85.54999999999973,Crude oil,CL=F,₹/barrel,Energy
2016-07-18,45.2400016784668,46.13999938964844,44.86000061035156,46.119998931884766,211393,67.13300323486328,3096.17,3097.52,3011.59,3037.1,-0.011106371755757571,85.92999999999984,Crude oil,CL=F,₹/barrel,Energy
2016-07-19,44.650001525878906,45.66999816894531,44.529998779296875,45.22999954223633,128127,67.13899993896484,3036.7,3066.24,2989.7,2997.76,-0.01295314609331255,76.53999999999996,Crude oil,CL=F,₹/barrel,Energy
2016-07-20,44.939998626708984,45.25,43.689998626708984,44.59000015258789,541014,67.20600128173828,2996.72,3041.07,2936.23,3020.24,0.007498932536293523,104.84000000000015,Crude oil,CL=F,₹/barrel,Energy
2016-07-21,44.75,46.09000015258789,44.52000045776367,45.650001525878906,432972,67.16400146484375,3066.04,3095.59,2990.14,3005.59,-0.004850607898709947,105.45000000000027,Crude oil,CL=F,₹/barrel,Energy
2016-07-22,44.189998626708984,44.970001220703125,43.7400016784668,44.599998474121094,428407,67.15399932861328,2995.07,3019.92,2937.32,2967.54,-0.012659744010327434,82.59999999999991,Crude oil,CL=F,₹/barrel,Energy
2016-07-25,43.130001068115234,44.369998931884766,42.970001220703125,44.20000076293945,389837,67.14600372314453,2967.85,2979.27,2885.26,2896.01,-0.024104140129534768,94.00999999999976,Crude oil,CL=F,₹/barrel,Energy
2016-07-26,42.91999816894531,43.38999938964844,42.36000061035156,43.06999969482422,461324,67.40499877929688,2903.13,2924.7,2855.28,2893.02,-0.0010324549984289666,69.41999999999962,Crude oil,CL=F,₹/barrel,Energy
2016-07-27,41.91999816894531,43.20000076293945,41.68000030517578,42.65999984741211,537390,67.28399658203125,2870.34,2906.67,2804.4,2820.55,-0.02504994780540748,102.26999999999998,Crude oil,CL=F,₹/barrel,Energy
2016-07-28,41.13999938964844,42.220001220703125,41.040000915527344,41.93000030517578,447913,67.06300354003906,2811.95,2831.4,2752.27,2758.97,-0.02183262129726482,79.13000000000011,Crude oil,CL=F,₹/barrel,Energy
2016-07-29,41.599998474121094,41.66999816894531,40.56999969482422,41.119998931884766,478763,67.00700378417969,2755.33,2792.18,2718.47,2787.49,0.01033719105318287,73.71000000000004,Crude oil,CL=F,₹/barrel,Energy
2016-08-01,40.060001373291016,41.880001068115234,39.81999969482422,41.349998474121094,533020,66.64800262451172,2755.89,2791.22,2653.92,2669.92,-0.042177729785577656,137.29999999999973,Crude oil,CL=F,₹/barrel,Energy
2016-08-02,39.5099983215332,40.90999984741211,39.2599983215332,40.08000183105469,534512,66.7509994506836,2675.38,2730.78,2620.64,2637.33,-0.012206358242943693,110.14000000000033,Crude oil,CL=F,₹/barrel,Energy
2016-08-03,40.83000183105469,41.20000076293945,39.189998626708984,39.70000076293945,655186,66.6760025024414,2647.04,2747.05,2613.03,2722.38,0.03224852407548551,134.01999999999998,Crude oil,CL=F,₹/barrel,Energy
2016-08-04,41.93000030517578,42.08000183105469,40.43000030517578,41.15999984741211,598836,66.76000213623047,2747.84,2809.26,2699.11,2799.25,0.02823632262946396,110.15000000000009,Crude oil,CL=F,₹/barrel,Energy
2016-08-05,41.79999923706055,42.099998474121094,41.060001373291016,41.84000015258789,550189,66.84100341796875,2796.63,2814.01,2744.49,2793.95,-0.001893364294007438,69.52000000000044,Crude oil,CL=F,₹/barrel,Energy
2016-08-08,43.02000045776367,43.38999938964844,41.810001373291016,41.9900016784668,562530,66.83499908447266,2806.4,2899.97,2794.37,2875.24,0.029095008858426308,105.59999999999991,Crude oil,CL=F,₹/barrel,Energy
2016-08-09,42.77000045776367,43.52000045776367,42.470001220703125,42.83000183105469,624703,66.79399871826172,2860.79,2906.87,2836.74,2856.78,-0.006420333606933504,70.13000000000011,Crude oil,CL=F,₹/barrel,Energy
2016-08-10,41.709999084472656,43.38999938964844,41.41999816894531,42.7400016784668,676148,66.78299713134766,2854.31,2897.71,2766.15,2785.52,-0.02494416790932452,131.55999999999995,Crude oil,CL=F,₹/barrel,Energy
2016-08-11,43.4900016784668,43.86000061035156,41.099998474121094,41.47999954223633,682235,66.75800323486328,2769.12,2928.01,2743.75,2903.31,0.04228653895861445,184.26000000000022,Crude oil,CL=F,₹/barrel,Energy
2016-08-12,44.4900016784668,44.779998779296875,43.310001373291016,43.459999084472656,536081,66.73999786376953,2900.52,2988.62,2890.51,2969.26,0.02271545236299266,98.10999999999967,Crude oil,CL=F,₹/barrel,Energy
2016-08-15,45.7400016784668,45.93000030517578,44.380001068115234,44.7400016784668,522526,66.89959716796875,2993.09,3072.7,2969.0,3059.99,0.030556434936650723,103.69999999999982,Crude oil,CL=F,₹/barrel,Energy
2016-08-16,46.58000183105469,46.72999954223633,45.34000015258789,45.59000015258789,550440,66.86489868164062,3048.37,3124.6,3031.65,3114.57,0.017836659596926818,92.94999999999982,Crude oil,CL=F,₹/barrel,Energy
2016-08-17,46.790000915527344,46.95000076293945,45.84000015258789,46.369998931884766,563354,66.85769653320312,3100.19,3138.97,3064.76,3128.27,0.004398681037831809,74.20999999999958,Crude oil,CL=F,₹/barrel,Energy
2016-08-18,48.220001220703125,48.380001068115234,46.630001068115234,46.900001525878906,229277,66.90550231933594,3137.87,3236.89,3119.8,3226.18,0.03129844930264958,117.08999999999969,Crude oil,CL=F,₹/barrel,Energy
2016-08-19,48.52000045776367,48.75,47.93000030517578,48.33000183105469,162438,66.81999969482422,3229.41,3257.47,3202.68,3242.11,0.004937728211073189,54.789999999999964,Crude oil,CL=F,₹/barrel,Energy
2016-08-22,47.04999923706055,48.400001525878906,46.75,48.400001525878906,515256,67.12750244140625,3248.97,3248.97,3138.21,3158.35,-0.025835027189083704,110.75999999999976,Crude oil,CL=F,₹/barrel,Energy
2016-08-23,48.099998474121094,48.31999969482422,46.59000015258789,47.38999938964844,623904,67.1874008178711,3184.01,3246.5,3130.26,3231.71,0.02322731806164624,116.23999999999978,Crude oil,CL=F,₹/barrel,Energy
2016-08-24,46.77000045776367,47.7400016784668,46.45000076293945,47.59000015258789,603495,67.12999725341797,3194.72,3204.79,3118.19,3139.67,-0.02848027824278787,86.59999999999991,Crude oil,CL=F,₹/barrel,Energy
2016-08-25,47.33000183105469,47.459999084472656,46.41999816894531,46.79999923706055,458816,67.16000366210938,3143.09,3187.41,3117.57,3178.68,0.012424872677701648,69.83999999999969,Crude oil,CL=F,₹/barrel,Energy
2016-08-26,47.63999938964844,48.459999084472656,46.939998626708984,47.369998931884766,558344,67.00559997558594,3174.06,3247.09,3145.24,3192.15,0.0042376080637247515,101.85000000000036,Crude oil,CL=F,₹/barrel,Energy
2016-08-29,46.97999954223633,47.279998779296875,46.619998931884766,47.220001220703125,309254,67.12899780273438,3169.83,3173.86,3129.55,3153.72,-0.012038907946055222,44.309999999999945,Crude oil,CL=F,₹/barrel,Energy
2016-08-30,46.349998474121094,47.4900016784668,46.209999084472656,46.97999954223633,464449,67.08999633789062,3151.89,3186.1,3100.23,3109.62,-0.013983486168715031,85.86999999999989,Crude oil,CL=F,₹/barrel,Energy
2016-08-31,44.70000076293945,46.40999984741211,44.5099983215332,46.2400016784668,549007,67.12660217285156,3103.93,3115.35,2987.8,3000.56,-0.03507180941722776,127.54999999999973,Crude oil,CL=F,₹/barrel,Energy
2016-09-01,43.15999984741211,45.08000183105469,43.0,44.849998474121094,605003,66.97470092773438,3003.82,3019.22,2879.91,2890.63,-0.03663649452102269,139.30999999999995,Crude oil,CL=F,₹/barrel,Energy
2016-09-02,44.439998626708984,44.66999816894531,43.15999984741211,43.54999923706055,576915,66.79299926757812,2908.84,2983.64,2882.79,2968.28,0.02686265623756756,100.84999999999991,Crude oil,CL=F,₹/barrel,Energy
2016-09-06,44.83000183105469,46.529998779296875,43.84000015258789,44.150001525878906,932145,66.45999908447266,2934.21,3092.38,2913.61,2979.4,0.003746277305375356,178.76999999999998,Crude oil,CL=F,₹/barrel,Energy
2016-09-07,45.5,46.16999816894531,44.54999923706055,44.849998474121094,572884,66.25520324707031,2971.55,3059.0,2951.67,3014.61,0.011817815667584108,107.32999999999993,Crude oil,CL=F,₹/barrel,Energy
2016-09-08,47.619998931884766,47.75,45.77000045776367,46.119998931884766,761943,66.47160339355469,3065.67,3174.02,3042.41,3165.38,0.050013102855759106,131.61000000000013,Crude oil,CL=F,₹/barrel,Energy
2016-09-09,45.880001068115234,47.36000061035156,45.560001373291016,47.36000061035156,688191,66.44999694824219,3147.07,3147.07,3027.46,3048.73,-0.03685181557980399,119.61000000000013,Crude oil,CL=F,₹/barrel,Energy
2016-09-12,46.290000915527344,46.5099983215332,44.720001220703125,45.56999969482422,745016,66.77799987792969,3043.07,3105.84,2986.31,3091.15,0.01391399041568131,119.5300000000002,Crude oil,CL=F,₹/barrel,Energy
2016-09-13,44.900001525878906,46.130001068115234,44.77000045776367,46.060001373291016,657775,66.7229995727539,3073.26,3077.93,2987.19,2995.86,-0.030826714976626812,90.73999999999978,Crude oil,CL=F,₹/barrel,Energy
2016-09-14,43.58000183105469,45.33000183105469,43.41999816894531,45.0,705861,66.99500274658203,3014.78,3036.88,2908.92,2919.64,-0.02544177631798561,127.96000000000004,Crude oil,CL=F,₹/barrel,Energy
2016-09-15,43.90999984741211,44.34000015258789,43.2599983215332,43.70000076293945,537185,66.75810241699219,2917.33,2960.05,2887.96,2931.35,0.004010768450904978,72.09000000000015,Crude oil,CL=F,₹/barrel,Energy
2016-09-16,43.029998779296875,43.75,42.7400016784668,43.709999084472656,231191,66.85030364990234,2922.03,2924.7,2857.18,2876.57,-0.01868763538983731,67.51999999999998,Crude oil,CL=F,₹/barrel,Energy
2016-09-19,43.29999923706055,44.150001525878906,43.119998931884766,43.18000030517578,129857,67.06529998779297,2895.88,2960.93,2891.86,2903.93,0.009511327727119268,69.06999999999971,Crude oil,CL=F,₹/barrel,Energy
2016-09-20,43.439998626708984,44.04999923706055,42.54999923706055,43.130001068115234,694130,66.9552001953125,2887.78,2949.38,2848.94,2908.53,0.0015840602218373245,100.44000000000005,Crude oil,CL=F,₹/barrel,Energy
2016-09-21,45.34000015258789,45.650001525878906,44.5,44.5,585987,66.9749984741211,2980.39,3057.41,2980.39,3036.65,0.04404974334113798,77.01999999999998,Crude oil,CL=F,₹/barrel,Energy
2016-09-22,46.31999969482422,46.52000045776367,45.52000045776367,45.619998931884766,521680,66.76119995117188,3045.65,3105.73,3038.97,3092.38,0.018352460770915346,66.76000000000022,Crude oil,CL=F,₹/barrel,Energy
2016-09-23,44.47999954223633,46.54999923706055,44.220001220703125,46.06999969482422,718395,66.62259674072266,3069.3,3101.28,2946.05,2963.37,-0.04171867622995884,155.23000000000002,Crude oil,CL=F,₹/barrel,Energy
2016-09-26,45.93000030517578,46.20000076293945,44.43000030517578,44.619998931884766,527119,66.69650268554688,2976.0,3081.38,2963.33,3063.37,0.033745364230588715,118.05000000000018,Crude oil,CL=F,₹/barrel,Energy
2016-09-27,44.66999816894531,45.959999084472656,44.189998626708984,45.619998931884766,630757,66.60649871826172,3038.59,3061.23,2943.34,2975.31,-0.028746119469734266,117.88999999999987,Crude oil,CL=F,₹/barrel,Energy
2016-09-28,47.04999923706055,47.45000076293945,44.349998474121094,44.959999084472656,1008434,66.44129943847656,2987.2,3152.64,2946.67,3126.06,0.05066698932212099,205.9699999999998,Crude oil,CL=F,₹/barrel,Energy
2016-09-29,47.83000183105469,48.31999969482422,46.599998474121094,47.20000076293945,702649,66.33280181884766,3130.91,3205.2,3091.11,3172.7,0.014919739224455109,114.08999999999969,Crude oil,CL=F,₹/barrel,Energy
2016-09-30,48.2400016784668,48.29999923706055,47.040000915527344,47.7599983215332,496515,66.81629943847656,3191.15,3227.23,3143.04,3223.22,0.015923346045954467,84.19000000000005,Crude oil,CL=F,₹/barrel,Energy
2016-10-03,48.810001373291016,49.02000045776367,47.779998779296875,48.040000915527344,458021,66.54650115966797,3196.89,3262.11,3179.59,3248.13,0.00772829654817242,82.51999999999998,Crude oil,CL=F,₹/barrel,Energy
2016-10-04,48.689998626708984,49.2599983215332,48.2599983215332,48.650001525878906,513710,66.38030242919922,3229.4,3269.89,3203.51,3232.06,-0.00494746207818042,66.37999999999965,Crude oil,CL=F,₹/barrel,Energy
2016-10-05,49.83000183105469,49.970001220703125,49.099998474121094,49.2599983215332,520070,66.5780029296875,3279.63,3326.9,3268.98,3317.58,0.02645990482849947,57.92000000000007,Crude oil,CL=F,₹/barrel,Energy
2016-10-06,50.439998626708984,50.630001068115234,49.33000183105469,49.650001525878906,547915,66.56320190429688,3304.86,3370.09,3283.56,3357.45,0.012017796104389245,86.5300000000002,Crude oil,CL=F,₹/barrel,Energy
2016-10-07,49.810001373291016,50.7400016784668,49.400001525878906,50.59000015258789,618809,66.68710327148438,3373.7,3383.7,3294.34,3321.68,-0.0106539188967818,89.35999999999967,Crude oil,CL=F,₹/barrel,Energy
2016-10-11,50.790000915527344,51.540000915527344,50.38999938964844,51.099998474121094,765608,66.48509979248047,3397.39,3426.64,3350.18,3376.78,0.01658799161869906,76.46000000000004,Crude oil,CL=F,₹/barrel,Energy
2016-10-12,50.18000030517578,51.16999816894531,49.88999938964844,50.84000015258789,533884,66.79850006103516,3396.04,3418.08,3332.58,3351.95,-0.0073531589265514175,85.5,Crude oil,CL=F,₹/barrel,Energy
2016-10-13,50.439998626708984,50.59000015258789,49.36000061035156,50.0,740676,66.81809997558594,3340.9,3380.33,3298.14,3370.3,0.005474425334506927,82.19000000000005,Crude oil,CL=F,₹/barrel,Energy
2016-10-14,50.349998474121094,51.13999938964844,49.900001525878906,50.58000183105469,519431,66.78399658203125,3377.93,3415.33,3332.52,3362.57,-0.002293564371124268,82.80999999999995,Crude oil,CL=F,₹/barrel,Energy
2016-10-17,49.939998626708984,50.58000183105469,49.470001220703125,50.22999954223633,418723,66.7052993774414,3350.61,3373.95,3299.91,3331.26,-0.009311330321747913,74.03999999999996,Crude oil,CL=F,₹/barrel,Energy
2016-10-18,50.290000915527344,50.779998779296875,49.7599983215332,50.040000915527344,192803,66.78359985351562,3341.85,3391.27,3323.15,3358.55,0.008192095483390727,68.11999999999989,Crude oil,CL=F,₹/barrel,Energy
2016-10-19,51.599998474121094,51.93000030517578,50.689998626708984,50.77000045776367,132427,66.73799896240234,3388.29,3465.7,3382.95,3443.68,0.02534724806836275,82.75,Crude oil,CL=F,₹/barrel,Energy
2016-10-20,50.43000030517578,51.58000183105469,50.25,51.400001525878906,548947,66.63639831542969,3425.11,3437.11,3348.48,3360.47,-0.02416310458579196,88.63000000000011,Crude oil,CL=F,₹/barrel,Energy
2016-10-21,50.849998474121094,51.02000045776367,50.209999084472656,50.65999984741211,551300,66.84130096435547,3386.18,3410.24,3356.1,3398.88,0.011429948786925825,54.13999999999987,Crude oil,CL=F,₹/barrel,Energy
2016-10-24,50.52000045776367,50.97999954223633,49.619998931884766,50.849998474121094,623398,66.91120147705078,3402.43,3411.13,3320.13,3380.35,-0.0054517958857035476,91.0,Crude oil,CL=F,₹/barrel,Energy
2016-10-25,49.959999084472656,50.93000030517578,49.27000045776367,50.4900016784668,553778,66.83399963378906,3374.45,3403.86,3292.91,3339.03,-0.012223586315026513,110.95000000000027,Crude oil,CL=F,₹/barrel,Energy
2016-10-26,49.18000030517578,50.099998474121094,48.869998931884766,49.310001373291016,679320,66.78130340576172,3292.99,3345.74,3263.6,3284.3,-0.016390987801846668,82.13999999999987,Crude oil,CL=F,₹/barrel,Energy
2016-10-27,49.720001220703125,50.060001373291016,49.0,49.220001220703125,543173,66.86399841308594,3291.05,3347.21,3276.34,3324.48,0.01223396157476464,70.86999999999989,Crude oil,CL=F,₹/barrel,Energy
2016-10-28,48.70000076293945,49.810001373291016,48.41999816894531,49.61000061035156,550081,66.90299987792969,3319.06,3332.44,3239.44,3258.18,-0.019942968524400917,93.0,Crude oil,CL=F,₹/barrel,Energy
2016-10-31,46.86000061035156,48.7400016784668,46.630001068115234,48.25,649237,66.78140258789062,3222.2,3254.93,3114.02,3129.38,-0.03953127205986151,140.90999999999985,Crude oil,CL=F,₹/barrel,Energy
2016-11-01,46.66999816894531,47.349998474121094,46.20000076293945,46.77000045776367,834989,66.66549682617188,3117.95,3156.61,3079.95,3111.28,-0.005783893295157494,76.66000000000031,Crude oil,CL=F,₹/barrel,Energy
2016-11-02,45.34000015258789,46.470001220703125,44.959999084472656,46.31999969482422,674322,66.67849731445312,3088.55,3098.55,2997.87,3023.2,-0.028309891748733773,100.68000000000029,Crude oil,CL=F,₹/barrel,Energy
2016-11-03,44.65999984741211,45.900001525878906,44.369998931884766,45.47999954223633,540439,66.77749633789062,3037.04,3065.09,2962.92,2982.28,-0.013535326806033199,102.17000000000007,Crude oil,CL=F,₹/barrel,Energy
2016-11-04,44.06999969482422,44.869998931884766,43.56999969482422,44.630001068115234,736685,66.68450164794922,2976.13,2992.13,2905.44,2938.79,-0.014582802419625285,86.69000000000005,Crude oil,CL=F,₹/barrel,Energy
2016-11-07,44.88999938964844,45.0099983215332,44.11000061035156,44.45000076293945,605733,66.7853012084961,2968.61,3006.01,2945.9,2997.99,0.020144345121631657,60.11000000000013,Crude oil,CL=F,₹/barrel,Energy
2016-11-08,44.97999954223633,45.38999938964844,44.40999984741211,44.970001220703125,669639,66.73500061035156,3001.07,3029.1,2963.7,3001.74,0.0012508380615012804,65.40000000000009,Crude oil,CL=F,₹/barrel,Energy
2016-11-09,45.27000045776367,45.95000076293945,43.06999969482422,44.81999969482422,946512,66.22949981689453,2968.41,3043.25,2852.5,2998.21,-0.0011759845956010873,190.75,Crude oil,CL=F,₹/barrel,Energy
2016-11-10,44.65999984741211,45.63999938964844,44.25,45.310001373291016,686338,66.50749969482422,3013.45,3035.4,2942.96,2970.22,-0.009335570223566791,92.44000000000005,Crude oil,CL=F,₹/barrel,Energy
2016-11-14,43.31999969482422,43.810001373291016,42.20000076293945,43.20000076293945,704766,67.54679870605469,2918.02,2959.23,2850.47,2926.13,-0.014844018288207472,108.76000000000022,Crude oil,CL=F,₹/barrel,Energy
2016-11-15,45.810001373291016,46.09000015258789,43.54999923706055,43.7599983215332,706177,67.77549743652344,2965.86,3123.77,2951.62,3104.8,0.06106017162600441,172.1500000000001,Crude oil,CL=F,₹/barrel,Energy
2016-11-16,45.56999969482422,46.40999984741211,45.029998779296875,45.77000045776367,658169,67.74800109863281,3100.83,3144.18,3050.69,3087.28,-0.005642875547539283,93.48999999999978,Crude oil,CL=F,₹/barrel,Energy
2016-11-17,45.41999816894531,46.58000183105469,44.880001068115234,45.369998931884766,284874,67.98149871826172,3084.32,3166.58,3051.01,3087.72,0.00014252027674843681,115.56999999999971,Crude oil,CL=F,₹/barrel,Energy
2016-11-18,45.689998626708984,45.77000045776367,44.54999923706055,44.93000030517578,155651,67.97480010986328,3054.11,3111.21,3028.28,3105.77,0.005845737307786925,82.92999999999984,Crude oil,CL=F,₹/barrel,Energy
2016-11-21,47.4900016784668,47.79999923706055,45.77000045776367,45.83000183105469,665326,68.16999816894531,3124.23,3258.53,3120.14,3237.39,0.04237918455004719,138.39000000000033,Crude oil,CL=F,₹/barrel,Energy
2016-11-22,48.029998779296875,49.20000076293945,47.16999816894531,48.369998931884766,826208,68.21549987792969,3299.58,3356.2,3217.73,3276.39,0.012046741356463109,138.4699999999998,Crude oil,CL=F,₹/barrel,Energy
2016-11-23,47.959999084472656,48.43000030517578,47.400001525878906,47.939998626708984,556861,68.385498046875,3278.4,3311.91,3241.47,3279.77,0.0010316232194580444,70.44000000000005,Crude oil,CL=F,₹/barrel,Energy
2016-11-25,46.060001373291016,48.2599983215332,45.880001068115234,47.970001220703125,465977,68.74549865722656,3297.72,3317.66,3154.04,3166.42,-0.034560350268463935,163.6199999999999,Crude oil,CL=F,₹/barrel,Energy
2016-11-28,47.08000183105469,47.650001525878906,45.13999938964844,45.43000030517578,734381,68.50849914550781,3112.34,3264.43,3092.47,3225.38,0.018620397799407495,171.96000000000004,Crude oil,CL=F,₹/barrel,Energy
2016-11-29,45.22999954223633,46.97999954223633,44.81999969482422,46.880001068115234,732818,68.55549621582031,3213.88,3220.74,3072.66,3100.77,-0.0386342074422239,148.07999999999993,Crude oil,CL=F,₹/barrel,Energy
2016-11-30,49.439998626708984,49.900001525878906,45.220001220703125,45.2400016784668,1311000,68.60800170898438,3103.83,3423.54,3102.45,3391.98,0.09391538230826546,321.09000000000015,Crude oil,CL=F,₹/barrel,Energy
2016-12-01,51.060001373291016,51.79999923706055,48.97999954223633,49.06999969482422,974805,68.58799743652344,3365.61,3552.86,3359.44,3502.1,0.03246481406140367,193.42000000000007,Crude oil,CL=F,₹/barrel,Energy
2016-12-02,51.68000030517578,51.72999954223633,50.18000030517578,51.0099983215332,667099,68.21649932861328,3479.72,3528.84,3423.1,3525.43,0.006661717255361133,105.74000000000024,Crude oil,CL=F,₹/barrel,Energy
2016-12-05,51.790000915527344,52.41999816894531,50.93000030517578,51.459999084472656,600782,68.0114974975586,3499.87,3565.16,3463.83,3522.32,-0.0008821618923080532,101.32999999999993,Crude oil,CL=F,₹/barrel,Energy
2016-12-06,50.93000030517578,51.599998474121094,50.279998779296875,50.970001220703125,642746,68.01249694824219,3466.6,3509.44,3419.67,3463.88,-0.01659133752753872,89.76999999999998,Crude oil,CL=F,₹/barrel,Energy
2016-12-07,49.77000045776367,51.20000076293945,49.720001220703125,50.93000030517578,816879,67.72200012207031,3449.08,3467.37,3367.14,3370.52,-0.026952434841853723,100.23000000000002,Crude oil,CL=F,₹/barrel,Energy
2016-12-08,50.84000015258789,50.97999954223633,49.61000061035156,49.880001068115234,780062,67.43150329589844,3363.48,3437.66,3345.28,3428.22,0.017119020210531355,92.37999999999965,Crude oil,CL=F,₹/barrel,Energy
2016-12-09,51.5,51.65999984741211,50.86000061035156,50.91999816894531,652040,67.40599822998047,3432.31,3482.19,3428.27,3471.41,0.012598374666736634,53.92000000000007,Crude oil,CL=F,₹/barrel,Energy
2016-12-12,52.83000183105469,54.5099983215332,52.18000030517578,52.58000183105469,847025,67.46050262451172,3547.07,3677.27,3520.09,3563.94,0.02665487510838549,157.17999999999984,Crude oil,CL=F,₹/barrel,Energy
2016-12-13,52.97999954223633,53.40999984741211,52.349998474121094,52.5099983215332,638396,67.41799926757812,3540.12,3600.8,3529.33,3571.81,0.0022082302171191337,71.47000000000025,Crude oil,CL=F,₹/barrel,Energy
2016-12-14,51.040000915527344,52.779998779296875,50.66999816894531,52.45000076293945,677957,67.3864974975586,3534.42,3556.66,3414.47,3439.41,-0.03706804113320705,142.19000000000005,Crude oil,CL=F,₹/barrel,Energy
2016-12-15,50.900001525878906,51.47999954223633,49.95000076293945,50.790000915527344,551759,67.81999969482422,3444.58,3491.37,3387.61,3452.04,0.0036721414428637633,103.75999999999976,Crude oil,CL=F,₹/barrel,Energy
2016-12-16,51.900001525878906,52.08000183105469,50.5,51.099998474121094,252567,67.84500122070312,3466.88,3533.37,3426.17,3521.16,0.02002294295546969,107.19999999999982,Crude oil,CL=F,₹/barrel,Energy
2016-12-19,52.119998931884766,52.52000045776367,51.5099983215332,52.150001525878906,129990,67.83499908447266,3537.6,3562.69,3494.18,3535.56,0.00408956139454042,68.51000000000022,Crude oil,CL=F,₹/barrel,Energy
2016-12-20,52.22999954223633,52.70000076293945,51.849998474121094,52.11000061035156,416592,67.84020233154297,3535.15,3575.18,3517.51,3543.29,0.002186358030976665,57.66999999999962,Crude oil,CL=F,₹/barrel,Energy
2016-12-21,52.4900016784668,53.790000915527344,52.31999969482422,53.560001373291016,471993,67.89700317382812,3636.56,3652.18,3552.37,3563.91,0.005819450284904715,99.80999999999995,Crude oil,CL=F,₹/barrel,Energy
2016-12-22,52.95000076293945,53.189998626708984,52.08000183105469,52.52000045776367,393487,67.82550048828125,3562.2,3607.64,3532.35,3591.36,0.007702214702391519,75.28999999999996,Crude oil,CL=F,₹/barrel,Energy
2016-12-23,53.02000045776367,53.279998779296875,52.2599983215332,52.68000030517578,285166,67.83799743652344,3573.71,3614.41,3545.21,3596.77,0.0015063931212688786,69.19999999999982,Crude oil,CL=F,₹/barrel,Energy
2016-12-27,53.900001525878906,54.099998474121094,53.029998779296875,53.290000915527344,277306,67.77200317382812,3611.57,3666.47,3593.95,3652.91,0.015608448691464716,72.51999999999998,Crude oil,CL=F,₹/barrel,Energy
2016-12-28,54.060001373291016,54.369998931884766,53.560001373291016,53.93000030517578,322535,67.96800231933594,3665.51,3695.42,3640.37,3674.35,0.005869293248396579,55.05000000000018,Crude oil,CL=F,₹/barrel,Energy
2016-12-29,53.77000045776367,54.209999084472656,53.459999084472656,53.65999984741211,360194,68.20500183105469,3659.88,3697.39,3646.24,3667.38,-0.0018969341516186233,51.15000000000009,Crude oil,CL=F,₹/barrel,Energy
2016-12-30,53.720001220703125,54.09000015258789,53.40999984741211,53.869998931884766,271094,67.93299865722656,3659.55,3674.5,3628.3,3649.36,-0.0049135895380353345,46.19999999999982,Crude oil,CL=F,₹/barrel,Energy
2017-01-03,52.33000183105469,55.2400016784668,52.11000061035156,54.20000076293945,727793,68.13390350341797,3692.86,3763.72,3550.46,3565.45,-0.02299307275796314,213.25999999999976,Crude oil,CL=F,₹/barrel,Energy
2017-01-04,53.2599983215332,53.43000030517578,52.150001525878906,52.4900016784668,512641,68.2697982788086,3583.48,3647.66,3560.27,3636.05,0.019801147120279472,87.38999999999987,Crude oil,CL=F,₹/barrel,Energy
2017-01-05,53.7599983215332,54.119998931884766,52.790000915527344,53.38999938964844,517362,67.885498046875,3624.41,3673.96,3583.68,3649.52,0.003704569519120904,90.2800000000002,Crude oil,CL=F,₹/barrel,Energy
2017-01-06,53.9900016784668,54.31999969482422,53.31999969482422,53.72999954223633,528333,67.73300170898438,3639.29,3679.26,3611.52,3656.9,0.0020221837392315756,67.74000000000024,Crude oil,CL=F,₹/barrel,Energy
2017-01-09,51.959999084472656,53.83000183105469,51.7599983215332,53.75,564893,68.1426010131836,3662.66,3668.12,3527.06,3540.69,-0.0317782821515491,141.05999999999995,Crude oil,CL=F,₹/barrel,Energy
2017-01-10,50.81999969482422,52.369998931884766,50.709999084472656,51.83000183105469,632573,68.09700012207031,3529.47,3566.24,3453.2,3460.69,-0.022594466050402606,113.03999999999996,Crude oil,CL=F,₹/barrel,Energy
2017-01-11,52.25,52.779998779296875,50.75,50.810001373291016,815846,68.31800079345703,3471.24,3605.82,3467.14,3569.62,0.03147638187760249,138.6800000000003,Crude oil,CL=F,₹/barrel,Energy
2017-01-12,53.0099983215332,53.5,52.119998931884766,52.369998931884766,660703,68.13999938964844,3568.49,3645.49,3551.46,3612.1,0.011900426375916817,94.02999999999975,Crude oil,CL=F,₹/barrel,Energy
2017-01-13,52.369998931884766,53.16999816894531,52.27000045776367,53.04999923706055,477986,68.12950134277344,3614.27,3622.45,3561.13,3567.94,-0.012225575150189627,61.31999999999971,Crude oil,CL=F,₹/barrel,Energy
2017-01-17,52.47999954223633,53.52000045776367,52.119998931884766,52.54999923706055,606023,68.09459686279297,3578.37,3644.42,3549.09,3573.6,0.0015863495462367094,95.32999999999993,Crude oil,CL=F,₹/barrel,Energy
2017-01-18,51.08000183105469,52.790000915527344,50.90999984741211,52.52000045776367,236238,67.89949798583984,3566.08,3584.41,3456.76,3468.31,-0.029463286321916304,127.64999999999964,Crude oil,CL=F,₹/barrel,Energy
2017-01-19,51.369998931884766,51.869998931884766,51.02000045776367,51.38999938964844,122593,68.197998046875,3504.7,3537.43,3479.46,3503.33,0.010097136645801585,57.9699999999998,Crude oil,CL=F,₹/barrel,Energy
2017-01-20,52.41999816894531,52.900001525878906,51.38999938964844,51.45000076293945,567231,68.09030151367188,3503.25,3601.98,3499.16,3569.29,0.0188278009779268,102.82000000000016,Crude oil,CL=F,₹/barrel,Energy
2017-01-23,52.75,53.470001220703125,52.209999084472656,53.33000183105469,455333,68.07720184326172,3630.56,3640.09,3554.31,3591.07,0.006102053909881278,85.7800000000002,Crude oil,CL=F,₹/barrel,Energy
2017-01-24,53.18000030517578,53.560001373291016,52.66999816894531,52.86000061035156,520285,68.05139923095703,3597.2,3644.83,3584.27,3618.97,0.007769272111097791,60.559999999999945,Crude oil,CL=F,₹/barrel,Energy
2017-01-25,52.75,53.470001220703125,52.560001373291016,52.95000076293945,589709,68.16449737548828,3609.31,3644.76,3582.73,3595.68,-0.006435532762084195,62.0300000000002,Crude oil,CL=F,₹/barrel,Energy
2017-01-26,53.779998779296875,54.060001373291016,52.790000915527344,52.959999084472656,578065,67.9729995727539,3599.85,3674.62,3588.29,3655.59,0.016661660659458066,86.32999999999993,Crude oil,CL=F,₹/barrel,Energy
2017-01-27,53.16999816894531,54.08000183105469,52.58000183105469,53.7400016784668,495556,68.14900207519531,3662.33,3685.5,3583.27,3623.48,-0.008783807812145272,102.23000000000002,Crude oil,CL=F,₹/barrel,Energy
2017-01-30,52.630001068115234,53.459999084472656,52.40999984741211,53.150001525878906,486309,68.11000061035156,3620.05,3641.16,3569.65,3584.63,-0.010721737114597008,71.50999999999976,Crude oil,CL=F,₹/barrel,Energy
2017-01-31,52.810001373291016,53.560001373291016,52.2400016784668,52.599998474121094,586676,67.82099914550781,3567.38,3632.49,3542.97,3581.63,-0.0008369064589650588,89.51999999999998,Crude oil,CL=F,₹/barrel,Energy
2017-02-01,53.880001068115234,53.90999984741211,52.63999938964844,52.7599983215332,577243,67.50160217285156,3561.38,3639.01,3553.28,3636.99,0.015456649626008234,85.73000000000002,Crude oil,CL=F,₹/barrel,Energy
2017-02-02,53.540000915527344,54.34000015258789,53.349998474121094,53.56999969482422,492553,67.39540100097656,3610.37,3662.27,3595.54,3608.35,-0.007874643592641117,66.73000000000002,Crude oil,CL=F,₹/barrel,Energy
2017-02-03,53.83000183105469,54.220001220703125,53.400001525878906,53.68000030517578,462616,67.2656021118164,3610.82,3647.14,3591.98,3620.91,0.003480815331107001,55.159999999999854,Crude oil,CL=F,₹/barrel,Energy
2017-02-06,53.0099983215332,54.130001068115234,52.90999984741211,53.810001373291016,425085,67.15730285644531,3613.73,3635.22,3553.29,3560.01,-0.016818976445147626,81.92999999999984,Crude oil,CL=F,₹/barrel,Energy
2017-02-07,52.16999816894531,53.2400016784668,51.630001068115234,53.13999938964844,624057,67.19529724121094,3570.76,3577.48,3469.29,3505.58,-0.015289282895272871,108.19000000000005,Crude oil,CL=F,₹/barrel,Energy
2017-02-08,52.34000015258789,52.66999816894531,51.220001220703125,51.63999938964844,767379,67.34049987792969,3477.46,3546.82,3449.18,3524.6,0.005425635700796905,97.64000000000033,Crude oil,CL=F,₹/barrel,Energy
2017-02-09,53.0,53.209999084472656,52.369998931884766,52.369998931884766,610196,66.96430206298828,3506.92,3563.17,3506.92,3549.11,0.006953980593542575,56.25,Crude oil,CL=F,₹/barrel,Energy
2017-02-10,53.86000061035156,54.130001068115234,52.900001525878906,53.150001525878906,596449,66.74530029296875,3547.51,3612.92,3530.83,3594.9,0.012901826091611612,82.09000000000015,Crude oil,CL=F,₹/barrel,Energy
2017-02-13,52.93000030517578,53.95000076293945,52.77000045776367,53.79999923706055,586034,66.84369659423828,3596.19,3606.22,3527.34,3538.04,-0.015816851650950037,78.87999999999965,Crude oil,CL=F,₹/barrel,Energy
2017-02-14,53.20000076293945,53.720001220703125,52.86000061035156,52.90999984741211,493022,66.91539764404297,3540.49,3594.7,3537.15,3559.9,0.006178562141750943,57.54999999999973,Crude oil,CL=F,₹/barrel,Energy
2017-02-15,53.11000061035156,53.5099983215332,52.72999954223633,53.0,463638,66.7759017944336,3539.12,3573.18,3521.09,3546.47,-0.0037725778814012845,52.08999999999969,Crude oil,CL=F,₹/barrel,Energy
2017-02-16,53.36000061035156,53.59000015258789,52.68000030517578,53.0099983215332,343363,66.8655014038086,3544.54,3583.32,3522.47,3567.94,0.00605390712454934,60.850000000000364,Crude oil,CL=F,₹/barrel,Energy
2017-02-17,53.400001525878906,53.52000045776367,52.880001068115234,53.470001220703125,195352,67.16480255126953,3591.3,3594.66,3551.67,3586.6,0.00522990857469563,42.98999999999978,Crude oil,CL=F,₹/barrel,Energy
2017-02-21,54.060001373291016,54.68000030517578,53.349998474121094,53.47999954223633,665310,66.96499633789062,3581.29,3661.65,3572.58,3620.13,0.009348686778564819,89.07000000000016,Crude oil,CL=F,₹/barrel,Energy
2017-02-22,53.59000015258789,54.599998474121094,53.349998474121094,54.2599983215332,499480,66.96510314941406,3633.53,3656.29,3572.59,3588.66,-0.008693057984105579,83.69999999999982,Crude oil,CL=F,₹/barrel,Energy
2017-02-23,54.45000076293945,54.939998626708984,53.869998931884766,53.90999984741211,529880,66.91429901123047,3607.35,3676.27,3604.67,3643.48,0.015275896852864346,71.59999999999991,Crude oil,CL=F,₹/barrel,Energy
2017-02-24,53.9900016784668,54.5099983215332,53.7599983215332,54.33000183105469,395258,66.68280029296875,3622.88,3634.88,3584.87,3600.2,-0.011878753279831455,50.01000000000022,Crude oil,CL=F,₹/barrel,Energy
2017-02-27,54.04999923706055,54.61000061035156,53.939998626708984,54.02000045776367,394380,66.63500213623047,3599.62,3638.94,3594.29,3601.62,0.00039442253208155087,44.65000000000009,Crude oil,CL=F,₹/barrel,Energy
2017-02-28,54.0099983215332,54.22999954223633,53.18000030517578,54.040000915527344,593909,66.69319915771484,3604.1,3616.77,3546.74,3602.1,0.00013327336032120662,70.0300000000002,Crude oil,CL=F,₹/barrel,Energy
2017-03-01,53.83000183105469,54.439998626708984,53.630001068115234,53.95000076293945,491289,66.7051010131836,3598.74,3631.43,3577.39,3590.74,-0.0031537158879543226,54.039999999999964,Crude oil,CL=F,₹/barrel,Energy
2017-03-02,52.61000061035156,53.79999923706055,52.540000915527344,53.689998626708984,638390,66.85800170898438,3589.61,3596.96,3512.72,3517.4,-0.020424759241827517,84.24000000000024,Crude oil,CL=F,₹/barrel,Energy
2017-03-03,53.33000183105469,53.38999938964844,52.54999923706055,52.58000183105469,436360,66.84510040283203,3514.72,3568.86,3512.71,3564.85,0.013490077898447694,56.15000000000009,Crude oil,CL=F,₹/barrel,Energy
2017-03-06,53.20000076293945,53.560001373291016,52.7599983215332,53.189998626708984,503692,66.77300262451172,3551.66,3576.36,3522.94,3552.32,-0.003514874398642176,53.42000000000007,Crude oil,CL=F,₹/barrel,Energy
2017-03-07,53.13999938964844,53.79999923706055,52.709999084472656,53.16999816894531,494677,66.66470336914062,3544.56,3586.56,3513.9,3542.56,-0.0027475002252049796,72.65999999999985,Crude oil,CL=F,₹/barrel,Energy
2017-03-08,50.279998779296875,52.91999816894531,50.04999923706055,52.790000915527344,963392,66.61620330810547,3516.67,3525.33,3334.14,3349.46,-0.05450860394742785,191.19000000000005,Crude oil,CL=F,₹/barrel,Energy
2017-03-09,49.279998779296875,50.84000015258789,48.59000015258789,50.220001220703125,1073506,66.76499938964844,3352.94,3394.33,3244.11,3290.18,-0.017698375260489785,150.2199999999998,Crude oil,CL=F,₹/barrel,Energy
2017-03-10,48.4900016784668,50.11000061035156,48.310001373291016,49.61000061035156,796960,66.68049621582031,3308.02,3341.36,3221.33,3233.34,-0.017275650572309065,120.0300000000002,Crude oil,CL=F,₹/barrel,Energy
2017-03-13,48.400001525878906,48.68000030517578,47.900001525878906,48.45000076293945,601362,66.48500061035156,3221.2,3236.49,3184.63,3217.87,-0.0047845262174718295,51.85999999999967,Crude oil,CL=F,₹/barrel,Energy
2017-03-14,47.720001220703125,48.790000915527344,47.09000015258789,48.45000076293945,857711,66.17009735107422,3205.94,3228.44,3115.95,3157.64,-0.018717350296935553,112.49000000000024,Crude oil,CL=F,₹/barrel,Energy
2017-03-15,48.86000061035156,49.040000915527344,48.15999984741211,48.7599983215332,655788,65.77510070800781,3207.19,3225.61,3167.73,3213.77,0.017775933925336718,57.88000000000011,Crude oil,CL=F,₹/barrel,Energy
2017-03-16,48.75,49.619998931884766,48.45000076293945,49.0099983215332,516853,65.62049865722656,3216.06,3256.09,3179.31,3199.0,-0.004595848489468701,76.7800000000002,Crude oil,CL=F,₹/barrel,Energy
2017-03-17,48.779998779296875,49.20000076293945,48.599998474121094,48.790000915527344,172340,65.40450286865234,3191.09,3217.9,3178.66,3190.43,-0.0026789621756799775,39.24000000000024,Crude oil,CL=F,₹/barrel,Energy
2017-03-20,48.220001220703125,48.7400016784668,47.84000015258789,48.70000076293945,142258,65.46810150146484,3188.3,3190.92,3131.99,3156.87,-0.010518958259544964,58.93000000000029,Crude oil,CL=F,₹/barrel,Energy
2017-03-21,47.34000015258789,48.72999954223633,47.22999954223633,47.93000030517578,628119,65.33529663085938,3131.52,3183.79,3085.79,3092.97,-0.0202415683889422,98.0,Crude oil,CL=F,₹/barrel,Energy
2017-03-22,48.040000915527344,48.31999969482422,47.0099983215332,48.15999984741211,680849,65.49500274658203,3154.24,3164.72,3078.92,3146.38,0.017268192061352217,85.79999999999973,Crude oil,CL=F,₹/barrel,Energy
2017-03-23,47.70000076293945,48.47999954223633,47.58000183105469,48.150001525878906,499878,65.36499786376953,3147.32,3168.9,3110.07,3117.91,-0.00904849382464934,58.82999999999993,Crude oil,CL=F,₹/barrel,Energy
2017-03-24,47.970001220703125,48.20000076293945,47.540000915527344,47.66999816894531,421027,65.44439697265625,3119.73,3154.42,3111.23,3139.37,0.006882815732333514,43.190000000000055,Crude oil,CL=F,₹/barrel,Energy
2017-03-27,47.72999954223633,48.279998779296875,47.08000183105469,48.119998931884766,466176,65.39309692382812,3146.72,3157.18,3078.71,3121.21,-0.005784600094923431,78.4699999999998,Crude oil,CL=F,₹/barrel,Energy
2017-03-28,48.369998931884766,48.7400016784668,47.79999923706055,47.88999938964844,502377,65.04499816894531,3115.0,3170.29,3109.15,3146.23,0.00801612195270418,61.13999999999987,Crude oil,CL=F,₹/barrel,Energy
2017-03-29,49.5099983215332,49.630001068115234,48.380001068115234,48.470001220703125,548615,65.11000061035156,3155.88,3231.41,3150.02,3223.6,0.024591336297727695,81.38999999999987,Crude oil,CL=F,₹/barrel,Energy
2017-03-30,50.349998474121094,50.470001220703125,49.27000045776367,49.599998474121094,580668,64.77999877929688,3213.09,3269.45,3191.71,3261.67,0.011809777888075468,77.73999999999978,Crude oil,CL=F,₹/barrel,Energy
2017-03-31,50.599998474121094,50.849998474121094,49.900001525878906,50.31999969482422,527607,64.79000091552734,3260.23,3294.57,3233.02,3278.37,0.005120076525215511,61.55000000000018,Crude oil,CL=F,₹/barrel,Energy
2017-04-03,50.2400016784668,50.83000183105469,50.119998931884766,50.689998626708984,440724,64.79669952392578,3284.54,3293.62,3247.61,3255.39,-0.007009580980792296,46.00999999999976,Crude oil,CL=F,₹/barrel,Energy
2017-04-04,51.029998779296875,51.29999923706055,49.880001068115234,50.2400016784668,532054,64.87750244140625,3259.45,3328.22,3236.09,3310.7,0.016990283806241235,92.12999999999965,Crude oil,CL=F,₹/barrel,Energy
2017-04-05,51.150001525878906,51.880001068115234,50.7400016784668,51.18000030517578,651398,65.05000305175781,3329.26,3374.79,3300.64,3327.31,0.005017065877306992,74.15000000000009,Crude oil,CL=F,₹/barrel,Energy
2017-04-06,51.70000076293945,51.81999969482422,50.77000045776367,50.79999923706055,473019,65.04000091552734,3304.03,3370.37,3302.08,3362.57,0.010597149048330312,68.28999999999996,Crude oil,CL=F,₹/barrel,Energy
2017-04-07,52.2400016784668,52.939998626708984,51.4900016784668,51.70000076293945,796437,64.58000183105469,3338.79,3418.87,3325.22,3373.66,0.0032980726051798914,93.65000000000009,Crude oil,CL=F,₹/barrel,Energy
2017-04-10,53.08000183105469,53.18000030517578,52.290000915527344,52.310001373291016,565439,64.26000213623047,3361.44,3417.35,3360.16,3410.92,0.011044385029908232,57.190000000000055,Crude oil,CL=F,₹/barrel,Energy
2017-04-11,53.400001525878906,53.45000076293945,52.70000076293945,53.130001068115234,598003,64.57499694824219,3430.87,3451.53,3403.1,3448.3,0.010958920174029219,48.43000000000029,Crude oil,CL=F,₹/barrel,Energy
2017-04-12,53.11000061035156,53.7599983215332,52.709999084472656,53.400001525878906,629805,64.62999725341797,3451.24,3474.51,3406.65,3432.5,-0.004581967926224562,67.86000000000013,Crude oil,CL=F,₹/barrel,Energy
2017-04-13,53.18000030517578,53.38999938964844,52.81999969482422,52.849998474121094,480835,64.5,3408.82,3443.65,3406.89,3430.11,-0.0006962855061908302,36.76000000000022,Crude oil,CL=F,₹/barrel,Energy
2017-04-17,52.650001525878906,53.209999084472656,52.54999923706055,52.970001220703125,326340,64.45369720458984,3414.11,3429.58,3387.04,3393.49,-0.010676042459279778,42.539999999999964,Crude oil,CL=F,₹/barrel,Energy
2017-04-18,52.40999984741211,52.849998474121094,52.099998474121094,52.75,202043,64.4083023071289,3397.54,3403.98,3355.67,3375.64,-0.005260071489823104,48.309999999999945,Crude oil,CL=F,₹/barrel,Energy
2017-04-19,50.439998626708984,52.650001525878906,50.09000015258789,52.36000061035156,133173,64.56999969482422,3380.89,3399.61,3234.31,3256.91,-0.03517258949414037,165.30000000000018,Crude oil,CL=F,₹/barrel,Energy
2017-04-20,50.27000045776367,50.970001220703125,50.18000030517578,50.630001068115234,606263,64.64669799804688,3273.06,3295.04,3243.97,3249.79,-0.002186121200769997,51.070000000000164,Crude oil,CL=F,₹/barrel,Energy
2017-04-21,49.619998931884766,50.93000030517578,49.20000076293945,50.709999084472656,687474,64.66000366210938,3278.91,3293.13,3181.27,3208.43,-0.01272697620461638,111.86000000000013,Crude oil,CL=F,₹/barrel,Energy
2017-04-24,49.22999954223633,50.220001220703125,49.029998779296875,49.68000030517578,517897,64.63999938964844,3211.32,3246.22,3169.3,3182.23,-0.008165987726084012,76.91999999999962,Crude oil,CL=F,₹/barrel,Energy
2017-04-25,49.560001373291016,49.83000183105469,48.869998931884766,49.220001220703125,587240,64.38999938964844,3169.28,3208.55,3146.74,3191.17,0.002809350675469835,61.8100000000004,Crude oil,CL=F,₹/barrel,Energy
2017-04-26,49.619998931884766,50.20000076293945,48.939998626708984,49.36000061035156,655717,64.3499984741211,3176.32,3230.37,3149.29,3193.05,0.0005891256185035498,81.07999999999993,Crude oil,CL=F,₹/barrel,Energy
2017-04-27,48.970001220703125,49.43000030517578,48.20000076293945,49.220001220703125,771189,64.0199966430664,3151.06,3164.51,3085.76,3135.06,-0.01816131911495289,78.75,Crude oil,CL=F,₹/barrel,Energy
2017-04-28,49.33000183105469,49.7599983215332,48.79999923706055,49.27000045776367,633992,64.05999755859375,3156.24,3187.63,3126.13,3160.08,0.00798070850318644,61.5,Crude oil,CL=F,₹/barrel,Energy
2017-05-01,48.84000015258789,49.31999969482422,48.59000015258789,49.16999816894531,364386,64.25830078125,3159.58,3169.22,3122.31,3138.38,-0.006866914761651577,46.909999999999854,Crude oil,CL=F,₹/barrel,Energy
2017-05-02,47.65999984741211,49.279998779296875,47.349998474121094,48.779998779296875,702375,64.18000030517578,3130.7,3162.79,3038.92,3058.82,-0.02535065862005237,123.86999999999989,Crude oil,CL=F,₹/barrel,Energy
2017-05-03,47.81999969482422,48.22999954223633,47.29999923706055,48.119998931884766,691319,64.06999969482422,3083.05,3090.1,3030.51,3063.83,0.0016378865052535385,59.58999999999969,Crude oil,CL=F,₹/barrel,Energy
2017-05-04,45.52000045776367,47.75,45.290000915527344,47.599998474121094,943959,64.20999908447266,3056.4,3066.03,2908.07,2922.84,-0.04601756624878006,157.96000000000004,Crude oil,CL=F,₹/barrel,Energy
2017-05-05,46.220001220703125,46.68000030517578,43.7599983215332,45.5099983215332,1021610,64.16999816894531,2920.38,2995.46,2808.08,2965.94,0.014745932038702003,187.3800000000001,Crude oil,CL=F,₹/barrel,Energy
2017-05-08,46.43000030517578,46.97999954223633,45.72999954223633,46.349998474121094,785055,64.30799865722656,2980.68,3021.19,2940.8,2985.82,0.006702765396467969,80.38999999999987,Crude oil,CL=F,₹/barrel,Energy
2017-05-09,45.880001068115234,46.779998779296875,45.529998779296875,46.4900016784668,701944,64.41179656982422,2994.5,3013.18,2932.67,2955.21,-0.010251790128005034,80.50999999999976,Crude oil,CL=F,₹/barrel,Energy
2017-05-10,47.33000183105469,47.779998779296875,46.0099983215332,46.18000030517578,819796,64.63999938964844,2985.08,3088.5,2974.09,3059.41,0.035259761573627424,114.40999999999985,Crude oil,CL=F,₹/barrel,Energy
2017-05-11,47.83000183105469,48.220001220703125,47.34000015258789,47.38999938964844,661783,64.55000305175781,3059.02,3112.6,3055.8,3087.43,0.009158628624473364,56.79999999999973,Crude oil,CL=F,₹/barrel,Energy
2017-05-12,47.84000015258789,48.06999969482422,47.349998474121094,47.810001373291016,537490,64.36000061035156,3077.05,3093.79,3047.45,3078.98,-0.0027369041565313834,46.340000000000146,Crude oil,CL=F,₹/barrel,Energy
2017-05-15,48.849998474121094,49.65999984741211,47.75,47.849998474121094,687153,64.16549682617188,3070.32,3186.46,3063.9,3134.48,0.018025449986683872,122.55999999999995,Crude oil,CL=F,₹/barrel,Energy
2017-05-16,48.65999984741211,49.380001068115234,48.16999816894531,48.81999969482422,589212,64.03829956054688,3126.35,3162.21,3084.72,3116.1,-0.005863811541308328,77.49000000000024,Crude oil,CL=F,₹/barrel,Energy
2017-05-17,49.06999969482422,49.5,48.029998779296875,48.22999954223633,650107,63.900001525878906,3081.9,3163.05,3069.12,3135.57,0.006248194858958334,93.93000000000029,Crude oil,CL=F,₹/barrel,Energy
2017-05-18,49.349998474121094,49.599998474121094,48.04999923706055,48.93000030517578,242754,64.2300033569336,3142.77,3185.81,3086.25,3169.75,0.01090072937296882,99.55999999999995,Crude oil,CL=F,₹/barrel,Energy
2017-05-19,50.33000183105469,50.529998779296875,49.279998779296875,49.279998779296875,146452,64.87110137939453,3196.85,3277.94,3196.85,3264.96,0.03003706916949289,81.09000000000015,Crude oil,CL=F,₹/barrel,Energy
2017-05-22,50.72999954223633,51.060001373291016,50.439998626708984,50.599998474121094,564310,64.44850158691406,3261.09,3290.74,3250.78,3269.47,0.0013813339213955,39.95999999999958,Crude oil,CL=F,₹/barrel,Energy
2017-05-23,51.470001220703125,51.790000915527344,50.56999969482422,51.040000915527344,584139,64.50019836425781,3292.09,3340.47,3261.78,3319.83,0.015403108149027345,78.6899999999996,Crude oil,CL=F,₹/barrel,Energy
2017-05-24,51.36000061035156,51.880001068115234,51.029998779296875,51.439998626708984,736341,64.88520050048828,3337.69,3366.24,3311.09,3332.5,0.0038164604814101555,55.149999999999636,Crude oil,CL=F,₹/barrel,Energy
2017-05-25,48.900001525878906,52.0,48.45000076293945,51.25,1147389,64.76010131835938,3318.96,3367.53,3137.63,3166.77,-0.049731432858214575,229.9000000000001,Crude oil,CL=F,₹/barrel,Energy
2017-05-26,49.79999923706055,49.939998626708984,48.18000030517578,48.75,763920,64.54540252685547,3146.59,3223.4,3109.8,3214.36,0.015027930667525613,113.59999999999991,Crude oil,CL=F,₹/barrel,Energy
2017-05-30,49.65999984741211,50.279998779296875,49.029998779296875,49.93000030517578,663486,64.50859832763672,3220.91,3243.49,3162.86,3203.5,-0.003378588583730524,80.62999999999965,Crude oil,CL=F,₹/barrel,Energy
2017-05-31,48.31999969482422,49.709999084472656,47.72999954223633,49.650001525878906,779144,64.61859893798828,3208.31,3212.19,3084.25,3122.37,-0.025325425316060635,127.94000000000005,Crude oil,CL=F,₹/barrel,Energy
2017-06-01,48.36000061035156,49.16999816894531,47.900001525878906,48.630001068115234,774478,64.5000991821289,3136.64,3171.47,3089.55,3119.22,-0.0010088490473583178,81.91999999999962,Crude oil,CL=F,₹/barrel,Energy
2017-06-02,47.65999984741211,48.189998626708984,46.7400016784668,48.040000915527344,802662,64.37229919433594,3092.45,3102.1,3008.76,3067.98,-0.016427183719006644,93.33999999999969,Crude oil,CL=F,₹/barrel,Energy
2017-06-05,47.400001525878906,48.41999816894531,46.86000061035156,47.709999084472656,710199,64.40499877929688,3072.76,3118.49,3018.02,3052.8,-0.004947881016173494,100.4699999999998,Crude oil,CL=F,₹/barrel,Energy
2017-06-06,48.189998626708984,48.400001525878906,46.939998626708984,47.400001525878906,825056,64.34400177001953,3049.91,3114.25,3020.31,3100.74,0.015703616352201077,93.94000000000005,Crude oil,CL=F,₹/barrel,Energy
2017-06-07,45.720001220703125,48.22999954223633,45.650001525878906,47.97999954223633,1182327,64.42050170898438,3090.9,3107.0,2940.8,2945.31,-0.05012674393854366,166.19999999999982,Crude oil,CL=F,₹/barrel,Energy
2017-06-08,45.63999938964844,46.18000030517578,45.20000076293945,45.849998474121094,927695,64.41829681396484,2953.58,2974.84,2911.71,2940.05,-0.0017858901100392677,63.13000000000011,Crude oil,CL=F,₹/barrel,Energy
2017-06-09,45.83000183105469,46.18000030517578,45.27000045776367,45.709999084472656,735933,64.243896484375,2936.59,2966.78,2908.32,2944.3,0.0014455536470467933,58.460000000000036,Crude oil,CL=F,₹/barrel,Energy
2017-06-12,46.08000183105469,46.709999084472656,45.65999984741211,45.79999923706055,666765,64.37699890136719,2948.47,3007.05,2939.45,2966.49,0.0075365961349045385,67.60000000000036,Crude oil,CL=F,₹/barrel,Energy
2017-06-13,46.459999084472656,46.56999969482422,45.560001373291016,46.0099983215332,783320,64.46910095214844,2966.22,3002.33,2937.21,2995.23,0.009688217388226672,65.11999999999989,Crude oil,CL=F,₹/barrel,Energy
2017-06-14,44.72999954223633,46.4900016784668,44.540000915527344,45.939998626708984,924408,64.35749816894531,2956.58,2991.98,2866.48,2878.71,-0.03890185394777701,125.5,Crude oil,CL=F,₹/barrel,Energy
2017-06-15,44.459999084472656,44.810001373291016,44.220001220703125,44.689998626708984,500938,64.16580200195312,2867.57,2875.27,2837.41,2852.81,-0.008997085500102475,37.86000000000013,Crude oil,CL=F,₹/barrel,Energy
2017-06-16,44.7400016784668,44.939998626708984,44.2400016784668,44.25,191824,64.55999755859375,2856.78,2901.33,2856.13,2888.41,0.012478924288683801,45.19999999999982,Crude oil,CL=F,₹/barrel,Energy
2017-06-19,44.20000076293945,45.060001373291016,44.04999923706055,44.68000030517578,123943,64.3949966430664,2877.17,2901.64,2836.6,2846.26,-0.014592803653220798,65.03999999999996,Crude oil,CL=F,₹/barrel,Energy
2017-06-20,43.22999954223633,44.400001525878906,42.75,44.11000061035156,894104,64.48760223388672,2844.55,2863.25,2756.84,2787.8,-0.020539233942085455,106.40999999999985,Crude oil,CL=F,₹/barrel,Energy
2017-06-21,42.529998779296875,44.20000076293945,42.04999923706055,43.380001068115234,1071747,64.53050231933594,2799.33,2852.25,2713.51,2744.48,-0.015539134801635712,138.73999999999978,Crude oil,CL=F,₹/barrel,Energy
2017-06-22,42.7400016784668,43.31999969482422,42.2599983215332,42.54999923706055,668830,64.5416030883789,2746.25,2795.94,2727.53,2758.51,0.005112079519617563,68.40999999999985,Crude oil,CL=F,₹/barrel,Energy
2017-06-23,43.0099983215332,43.20000076293945,42.529998779296875,42.79999923706055,690906,64.59100341796875,2764.49,2790.33,2747.06,2778.06,0.007087159372269669,43.26999999999998,Crude oil,CL=F,₹/barrel,Energy
2017-06-26,43.380001068115234,43.650001525878906,42.630001068115234,43.15999984741211,661354,64.49800109863281,2783.73,2815.34,2749.55,2797.92,0.00714887367443473,65.78999999999996,Crude oil,CL=F,₹/barrel,Energy
2017-06-27,44.2400016784668,44.439998626708984,43.31999969482422,43.4900016784668,759115,64.42130279541016,2801.68,2862.88,2790.73,2850.0,0.018613827414650785,72.15000000000009,Crude oil,CL=F,₹/barrel,Energy
2017-06-28,44.7400016784668,44.900001525878906,43.66999816894531,43.70000076293945,753375,64.5248031616211,2819.73,2897.16,2817.8,2886.84,0.012926315789473675,79.35999999999967,Crude oil,CL=F,₹/barrel,Energy
2017-06-29,44.93000030517578,45.45000076293945,44.650001525878906,44.88999938964844,768946,64.51190185546875,2895.94,2932.07,2880.46,2898.52,0.0040459464327775585,51.61000000000013,Crude oil,CL=F,₹/barrel,Energy
2017-06-30,46.040000915527344,46.349998474121094,44.880001068115234,44.88999938964844,677408,64.78510284423828,2908.2,3002.79,2907.56,2982.71,0.029045857886093707,95.23000000000002,Crude oil,CL=F,₹/barrel,Energy
2017-07-03,47.06999969482422,47.099998474121094,45.91999816894531,46.279998779296875,517621,64.60679626464844,2990.0,3042.98,2966.74,3041.04,0.019556041318130157,76.24000000000024,Crude oil,CL=F,₹/barrel,Energy
2017-07-05,45.130001068115234,47.31999969482422,44.5099983215332,47.040000915527344,1173581,64.7688980102539,3046.73,3064.86,2882.86,2923.02,-0.038809091626548775,182.0,Crude oil,CL=F,₹/barrel,Energy
2017-07-06,45.52000045776367,46.529998779296875,45.18000030517578,45.650001525878906,969676,64.79139709472656,2957.73,3014.74,2927.28,2949.3,0.008990701397869394,87.45999999999958,Crude oil,CL=F,₹/barrel,Energy
2017-07-07,44.22999954223633,45.41999816894531,43.779998779296875,45.349998474121094,975914,64.71330261230469,2934.75,2939.28,2833.15,2862.27,-0.029508696978944204,106.13000000000011,Crude oil,CL=F,₹/barrel,Energy
2017-07-10,44.400001525878906,44.84000015258789,43.650001525878906,44.349998474121094,848570,64.61170196533203,2865.53,2897.19,2820.3,2868.76,0.0022674310949002408,76.88999999999987,Crude oil,CL=F,₹/barrel,Energy
2017-07-11,45.040000915527344,45.810001373291016,43.83000183105469,44.58000183105469,1010691,64.61170196533203,2880.39,2959.86,2831.93,2910.11,0.014413893110612142,127.93000000000029,Crude oil,CL=F,₹/barrel,Energy
2017-07-12,45.4900016784668,46.47999954223633,45.11000061035156,45.7400016784668,963505,64.52559661865234,2951.4,2999.15,2910.75,2935.27,0.008645721295758468,88.40000000000009,Crude oil,CL=F,₹/barrel,Energy
2017-07-13,46.08000183105469,46.279998779296875,44.9900016784668,45.439998626708984,748971,64.36499786376953,2924.75,2978.81,2895.78,2965.94,0.010448783246515658,83.02999999999975,Crude oil,CL=F,₹/barrel,Energy
2017-07-14,46.540000915527344,46.7400016784668,45.79999923706055,46.08000183105469,742895,64.42579650878906,2968.74,3011.26,2950.7,2998.38,0.010937510536288775,60.5600000000004,Crude oil,CL=F,₹/barrel,Energy
2017-07-17,46.02000045776367,46.880001068115234,45.88999938964844,46.68000030517578,560633,64.26730346679688,3000.0,3012.85,2949.23,2957.58,-0.01360734796790275,63.61999999999989,Crude oil,CL=F,₹/barrel,Energy
2017-07-18,46.400001525878906,46.91999816894531,45.810001373291016,45.9900016784668,208420,64.33000183105469,2958.54,3018.36,2946.96,2984.91,0.009240662974458802,71.40000000000009,Crude oil,CL=F,₹/barrel,Energy
2017-07-19,47.119998931884766,47.2599983215332,46.13999938964844,46.25,140677,64.3062973022461,2974.17,3039.12,2967.09,3030.11,0.015142835127357257,72.02999999999975,Crude oil,CL=F,₹/barrel,Energy
2017-07-20,46.790000915527344,47.54999923706055,46.65999984741211,47.09000015258789,720621,64.26329803466797,3026.16,3055.72,2998.53,3006.88,-0.007666388348937847,57.1899999999996,Crude oil,CL=F,₹/barrel,Energy
2017-07-21,45.77000045776367,47.209999084472656,45.540000915527344,46.90999984741211,769438,64.32499694824219,3017.49,3036.78,2929.36,2944.16,-0.020858830415580343,107.42000000000007,Crude oil,CL=F,₹/barrel,Energy
2017-07-24,46.34000015258789,46.529998779296875,45.400001525878906,45.619998931884766,707910,64.46109771728516,2940.72,2999.37,2926.53,2987.13,0.014594994837237252,72.83999999999969,Crude oil,CL=F,₹/barrel,Energy
2017-07-25,47.88999938964844,48.65999984741211,46.380001068115234,46.459999084472656,885700,64.36509704589844,2990.4,3132.01,2985.25,3082.44,0.031906880517419633,146.76000000000022,Crude oil,CL=F,₹/barrel,Energy
2017-07-26,48.75,48.869998931884766,47.86000061035156,48.5099983215332,887864,64.4469985961914,3126.32,3149.52,3084.43,3141.79,0.019254227170683036,65.09000000000015,Crude oil,CL=F,₹/barrel,Energy
2017-07-27,49.040000915527344,49.2400016784668,48.25,48.70000076293945,880757,64.3447036743164,3133.59,3168.33,3104.63,3155.46,0.004351022824568229,63.69999999999982,Crude oil,CL=F,₹/barrel,Energy
2017-07-28,49.709999084472656,49.810001373291016,48.86000061035156,49.16999816894531,771225,64.18499755859375,3155.98,3197.05,3136.08,3190.64,0.011148929157713816,60.970000000000255,Crude oil,CL=F,₹/barrel,Energy
2017-07-31,50.16999816894531,50.40999984741211,49.18000030517578,49.849998474121094,781539,64.12349700927734,3196.56,3232.47,3153.59,3217.08,0.008286738710728825,78.87999999999965,Crude oil,CL=F,₹/barrel,Energy
2017-08-01,49.15999984741211,50.43000030517578,48.369998931884766,50.209999084472656,1008583,64.18949890136719,3222.95,3237.08,3104.85,3155.56,-0.01912293135389853,132.23000000000002,Crude oil,CL=F,₹/barrel,Energy
2017-08-02,49.59000015258789,49.650001525878906,48.54999923706055,48.79999923706055,847722,64.05580139160156,3125.92,3180.37,3109.91,3176.53,0.006645413175474513,70.46000000000004,Crude oil,CL=F,₹/barrel,Energy
2017-08-03,49.029998779296875,49.959999084472656,48.779998779296875,49.59000015258789,837763,63.64059829711914,3155.94,3179.48,3104.39,3120.3,-0.017701705949573876,75.09000000000015,Crude oil,CL=F,₹/barrel,Energy
2017-08-04,49.58000183105469,49.63999938964844,48.5,48.95000076293945,745664,63.696998596191406,3117.97,3161.92,3089.3,3158.1,0.01211421978655891,72.61999999999989,Crude oil,CL=F,₹/barrel,Energy
2017-08-07,49.38999938964844,49.72999954223633,48.540000915527344,49.59000015258789,831374,63.66510009765625,3157.15,3166.07,3090.3,3144.42,-0.004331718438301491,75.76999999999998,Crude oil,CL=F,₹/barrel,Energy
2017-08-08,49.16999816894531,49.790000915527344,48.86000061035156,49.310001373291016,924240,63.8301010131836,3147.46,3178.1,3118.74,3138.53,-0.001873159437988492,59.36000000000013,Crude oil,CL=F,₹/barrel,Energy
2017-08-09,49.560001373291016,49.720001220703125,48.900001525878906,49.0,858250,63.70289993286133,3121.44,3167.31,3115.07,3157.12,0.005923155107645739,52.23999999999978,Crude oil,CL=F,₹/barrel,Energy
2017-08-10,48.59000015258789,50.220001220703125,48.349998474121094,49.68000030517578,1135440,63.88769912719727,3173.94,3208.44,3088.97,3104.3,-0.016730437867423342,119.47000000000025,Crude oil,CL=F,₹/barrel,Energy
2017-08-11,48.81999969482422,48.97999954223633,47.97999954223633,48.52000045776367,804237,64.13860321044922,3112.01,3141.51,3077.37,3131.25,0.008681506297715913,64.14000000000033,Crude oil,CL=F,₹/barrel,Energy
2017-08-14,47.59000015258789,49.15999984741211,47.43000030517578,48.790000915527344,763241,64.08100128173828,3126.51,3150.22,3039.36,3049.61,-0.026072654690618702,110.85999999999967,Crude oil,CL=F,₹/barrel,Energy
2017-08-15,47.54999923706055,47.900001525878906,47.02000045776367,47.4900016784668,770358,64.17430114746094,3047.64,3073.95,3017.48,3051.49,0.000616472270224655,56.4699999999998,Crude oil,CL=F,₹/barrel,Energy
2017-08-16,46.779998779296875,47.9900016784668,46.66999816894531,47.720001220703125,815544,64.26300048828125,3066.63,3083.98,2999.15,3006.22,-0.014835375505081072,84.82999999999993,Crude oil,CL=F,₹/barrel,Energy
2017-08-17,47.09000015258789,47.189998626708984,46.459999084472656,46.79999923706055,608314,64.1604995727539,3002.71,3027.73,2980.9,3021.32,0.005022919147634086,46.82999999999993,Crude oil,CL=F,₹/barrel,Energy
2017-08-18,48.5099983215332,48.7400016784668,46.779998779296875,46.93000030517578,253069,64.18890380859375,3012.39,3128.57,3002.76,3113.8,0.030609137727880542,125.80999999999995,Crude oil,CL=F,₹/barrel,Energy
2017-08-21,47.369998931884766,48.75,47.029998779296875,48.720001220703125,129192,64.07589721679688,3121.78,3123.7,3013.49,3035.28,-0.025216776928511764,110.21000000000004,Crude oil,CL=F,₹/barrel,Energy
2017-08-22,47.63999938964844,48.029998779296875,47.20000076293945,47.45000076293945,864387,64.15750122070312,3044.27,3081.48,3028.23,3056.46,0.0069779394322764254,53.25,Crude oil,CL=F,₹/barrel,Energy
2017-08-23,48.40999984741211,48.5,47.529998779296875,47.63999938964844,701693,64.05750274658203,3051.7,3106.79,3044.65,3101.02,0.014578957355895428,62.13999999999987,Crude oil,CL=F,₹/barrel,Energy
2017-08-24,47.43000030517578,48.43000030517578,47.060001373291016,48.36000061035156,831358,64.00499725341797,3095.28,3099.76,3012.08,3035.76,-0.02104468852184116,87.68000000000029,Crude oil,CL=F,₹/barrel,Energy
2017-08-25,47.869998931884766,47.90999984741211,47.38999938964844,47.619998931884766,646518,64.03500366210938,3049.35,3067.92,3034.62,3065.36,0.009750441405117716,33.30000000000018,Crude oil,CL=F,₹/barrel,Energy
2017-08-28,46.56999969482422,48.20000076293945,46.150001525878906,47.88999938964844,921285,63.99549865722656,3064.74,3084.58,2953.39,2980.27,-0.027758566693634745,131.19000000000005,Crude oil,CL=F,₹/barrel,Energy
2017-08-29,46.439998626708984,46.959999084472656,45.7599983215332,46.86000061035156,895643,63.78929901123047,2989.17,2995.55,2919.0,2962.37,-0.0060061672264594135,76.55000000000018,Crude oil,CL=F,₹/barrel,Energy
2017-08-30,45.959999084472656,46.720001220703125,45.84000015258789,46.310001373291016,895643,63.98680114746094,2963.23,2989.46,2933.15,2940.83,-0.007271205149930626,56.309999999999945,Crude oil,CL=F,₹/barrel,Energy
2017-08-31,47.22999954223633,47.470001220703125,45.58000183105469,45.95000076293945,882983,63.976200103759766,2939.71,3036.95,2916.04,3021.6,0.027465035381167846,120.90999999999985,Crude oil,CL=F,₹/barrel,Energy
2017-09-01,47.290000915527344,47.349998474121094,46.560001373291016,47.08000183105469,915708,63.91189956665039,3008.97,3026.23,2975.74,3022.39,0.0002614508869474008,50.49000000000024,Crude oil,CL=F,₹/barrel,Energy
2017-09-05,48.65999984741211,48.97999954223633,47.150001525878906,47.279998779296875,742808,64.02629852294922,3027.16,3136.01,3018.84,3115.52,0.030813362934631217,117.17000000000007,Crude oil,CL=F,₹/barrel,Energy
2017-09-06,49.15999984741211,49.41999816894531,48.52000045776367,48.59000015258789,788963,64.0999984741211,3114.62,3167.82,3110.13,3151.16,0.011439502875924434,57.690000000000055,Crude oil,CL=F,₹/barrel,Energy
2017-09-07,49.09000015258789,49.33000183105469,48.630001068115234,49.13999938964844,702514,64.0154037475586,3145.72,3157.88,3113.07,3142.52,-0.0027418474466545106,44.809999999999945,Crude oil,CL=F,₹/barrel,Energy
2017-09-08,47.47999954223633,49.2599983215332,47.27000045776367,49.09000015258789,843760,63.95009994506836,3139.31,3150.18,3022.92,3036.35,-0.03378498784415063,127.25999999999976,Crude oil,CL=F,₹/barrel,Energy
2017-09-11,48.06999969482422,48.27000045776367,47.0,47.58000183105469,774468,63.930999755859375,3041.84,3085.95,3004.76,3073.16,0.012123108337312782,81.1899999999996,Crude oil,CL=F,₹/barrel,Energy
2017-09-12,48.22999954223633,48.439998626708984,47.72999954223633,48.119998931884766,676040,63.97999954223633,3078.72,3099.19,3053.77,3085.76,0.004100014317510503,45.42000000000007,Crude oil,CL=F,₹/barrel,Energy
2017-09-13,49.29999923706055,49.400001525878906,48.119998931884766,48.34000015258789,706925,63.98759841918945,3093.16,3160.99,3079.08,3154.59,0.022305688063880558,81.90999999999985,Crude oil,CL=F,₹/barrel,Energy
2017-09-14,49.88999938964844,50.5,49.150001525878906,49.310001373291016,709035,64.11509704589844,3161.52,3237.81,3151.26,3198.7,0.013982799666517609,86.54999999999973,Crude oil,CL=F,₹/barrel,Energy
2017-09-15,49.88999938964844,50.130001068115234,49.40999984741211,49.720001220703125,433597,64.15499877929688,3189.79,3216.09,3169.9,3200.69,0.0006221277393942959,46.190000000000055,Crude oil,CL=F,₹/barrel,Energy
2017-09-18,49.90999984741211,50.33000183105469,49.189998626708984,49.849998474121094,189605,64.12020111083984,3196.39,3227.17,3154.07,3200.24,-0.00014059468427130017,73.09999999999991,Crude oil,CL=F,₹/barrel,Energy
2017-09-19,49.47999954223633,50.41999816894531,49.33000183105469,49.90999984741211,143379,64.2146987915039,3204.96,3237.7,3167.71,3177.34,-0.0071557133215007784,69.98999999999978,Crude oil,CL=F,₹/barrel,Energy
2017-09-20,50.40999984741211,50.650001525878906,49.75,49.84000015258789,754413,64.29869842529297,3204.65,3256.73,3198.86,3241.3,0.020130045887440495,57.86999999999989,Crude oil,CL=F,₹/barrel,Energy
2017-09-21,50.54999923706055,50.810001373291016,50.06999969482422,50.720001220703125,580569,64.28369903564453,3260.47,3266.25,3218.68,3249.54,0.0025421898620923145,47.570000000000164,Crude oil,CL=F,₹/barrel,Energy
2017-09-22,50.65999984741211,50.779998779296875,50.290000915527344,50.72999954223633,473795,64.80229949951172,3287.42,3290.66,3258.91,3282.88,0.010259913710863655,31.75,Crude oil,CL=F,₹/barrel,Energy
2017-09-25,52.220001220703125,52.279998779296875,50.38999938964844,50.68000030517578,701244,64.89099884033203,3288.68,3392.5,3269.86,3388.61,0.03220647723949699,122.63999999999987,Crude oil,CL=F,₹/barrel,Energy
2017-09-26,51.880001068115234,52.43000030517578,51.43000030517578,52.119998931884766,709515,65.26509857177734,3401.62,3421.85,3356.58,3385.95,-0.0007849826329970888,65.26999999999998,Crude oil,CL=F,₹/barrel,Energy
2017-09-27,52.13999938964844,52.34000015258789,51.630001068115234,52.09000015258789,637035,65.3499984741211,3404.08,3420.42,3374.02,3407.35,0.006320235089118276,46.40000000000009,Crude oil,CL=F,₹/barrel,Energy
2017-09-28,51.560001373291016,52.86000061035156,51.220001220703125,52.04999923706055,801816,65.5250015258789,3410.58,3463.65,3356.19,3378.47,-0.008475794972632733,107.46000000000004,Crude oil,CL=F,₹/barrel,Energy
2017-09-29,51.66999816894531,51.77000045776367,51.25,51.58000183105469,551982,65.36000061035156,3371.27,3383.69,3349.7,3377.15,-0.00039070940396090936,33.99000000000024,Crude oil,CL=F,₹/barrel,Energy
2017-10-02,50.58000183105469,51.709999084472656,50.06999969482422,51.63999938964844,600933,65.29329681396484,3371.75,3376.32,3269.24,3302.54,-0.022092592866766347,107.08000000000038,Crude oil,CL=F,₹/barrel,Energy
2017-10-03,50.41999816894531,50.72999954223633,50.13999938964844,50.59000015258789,462735,65.57170104980469,3317.27,3326.45,3287.77,3306.13,0.0010870420948725368,38.679999999999836,Crude oil,CL=F,₹/barrel,Energy
2017-10-04,49.97999954223633,50.66999816894531,49.7599983215332,50.15999984741211,598836,65.44309997558594,3282.63,3316.0,3256.45,3270.85,-0.010671086738876068,59.55000000000018,Crude oil,CL=F,₹/barrel,Energy
2017-10-05,50.790000915527344,51.220001220703125,49.849998474121094,49.880001068115234,654385,65.01950073242188,3243.17,3330.3,3241.22,3302.34,0.009627466866410916,89.08000000000038,Crude oil,CL=F,₹/barrel,Energy
2017-10-06,49.290000915527344,50.81999969482422,49.099998474121094,50.75,743114,65.20999908447266,3309.41,3313.97,3201.81,3214.2,-0.026690165155617063,112.15999999999985,Crude oil,CL=F,₹/barrel,Energy
2017-10-09,49.58000183105469,49.790000915527344,49.130001068115234,49.25,505079,65.41419982910156,3221.65,3256.97,3213.8,3243.24,0.009034907597536002,43.16999999999962,Crude oil,CL=F,₹/barrel,Energy
2017-10-10,50.91999816894531,51.060001373291016,49.540000915527344,49.54999923706055,664839,65.41459655761719,3241.29,3340.07,3240.64,3330.91,0.027031610364943726,99.43000000000029,Crude oil,CL=F,₹/barrel,Energy
2017-10-11,51.29999923706055,51.41999816894531,50.61000061035156,50.939998626708984,651948,65.23889923095703,3323.27,3354.58,3301.74,3346.76,0.004758459399983872,52.840000000000146,Crude oil,CL=F,₹/barrel,Energy
2017-10-12,50.599998474121094,51.130001068115234,50.150001525878906,51.0,729273,65.20539855957031,3325.48,3333.95,3270.05,3299.39,-0.014153987737393847,63.899999999999636,Crude oil,CL=F,₹/barrel,Energy
2017-10-13,51.45000076293945,51.720001220703125,50.70000076293945,50.72999954223633,667497,65.0459976196289,3299.78,3364.18,3297.83,3346.62,0.014314767275162898,66.34999999999991,Crude oil,CL=F,₹/barrel,Energy
2017-10-16,51.869998931884766,52.369998931884766,51.349998474121094,51.43000030517578,520725,64.6729965209961,3326.13,3386.92,3320.96,3354.59,0.0023815073118549357,65.96000000000004,Crude oil,CL=F,₹/barrel,Energy
2017-10-17,51.880001068115234,52.25,51.209999084472656,51.93000030517578,471612,64.6946029663086,3359.59,3380.29,3313.01,3356.36,0.0005276352698839748,67.27999999999975,Crude oil,CL=F,₹/barrel,Energy
2017-10-18,52.040000915527344,52.33000183105469,51.689998626708984,51.939998626708984,152620,64.92870330810547,3372.4,3397.72,3356.16,3378.89,0.006712629157777927,41.559999999999945,Crude oil,CL=F,₹/barrel,Energy
2017-10-19,51.290000915527344,52.16999816894531,51.06999969482422,52.04999923706055,127413,65.04010009765625,3385.34,3393.14,3321.6,3335.91,-0.012720153659929734,71.53999999999996,Crude oil,CL=F,₹/barrel,Energy
2017-10-20,51.470001220703125,51.72999954223633,50.70000076293945,51.41999816894531,674142,64.90460205078125,3337.39,3357.52,3290.66,3340.64,0.0014179039602386645,66.86000000000013,Crude oil,CL=F,₹/barrel,Energy
2017-10-23,51.900001525878906,52.29999923706055,51.68000030517578,52.06999969482422,583563,65.1041030883789,3389.97,3404.94,3364.58,3378.9,0.011452895253604156,40.36000000000013,Crude oil,CL=F,₹/barrel,Energy
2017-10-24,52.470001220703125,52.619998931884766,51.54999923706055,51.88999938964844,709553,65.03489685058594,3374.66,3422.14,3352.55,3412.38,0.00990855011986147,69.58999999999969,Crude oil,CL=F,₹/barrel,Energy
2017-10-25,52.18000030517578,52.56999969482422,51.88999938964844,52.560001373291016,681739,65.07949829101562,3420.58,3421.23,3376.98,3395.85,-0.0048441263868620466,44.25,Crude oil,CL=F,₹/barrel,Energy
2017-10-26,52.63999938964844,52.86000061035156,51.90999984741211,52.189998626708984,594647,64.83999633789062,3384.0,3427.44,3365.84,3413.18,0.005103287836624171,61.59999999999991,Crude oil,CL=F,₹/barrel,Energy
2017-10-27,53.900001525878906,54.20000076293945,52.25,52.79999923706055,730915,64.5999984741211,3410.88,3501.32,3375.35,3481.94,0.02014543622076781,125.97000000000025,Crude oil,CL=F,₹/barrel,Energy
2017-10-30,54.150001525878906,54.459999084472656,53.75,54.15999984741211,565043,64.87339782714844,3513.54,3533.01,3486.95,3512.89,0.008888722953296124,46.0600000000004,Crude oil,CL=F,₹/barrel,Energy
2017-10-31,54.380001068115234,54.849998474121094,53.93000030517578,54.08000183105469,497295,64.84239959716797,3506.68,3556.61,3496.95,3526.13,0.0037689765406832,59.66000000000031,Crude oil,CL=F,₹/barrel,Energy
2017-11-01,54.29999923706055,55.220001220703125,53.88999938964844,54.650001525878906,671038,64.67009735107422,3534.22,3571.08,3485.07,3511.59,-0.0041235008351931945,86.00999999999976,Crude oil,CL=F,₹/barrel,Energy
2017-11-02,54.540000915527344,54.84000015258789,53.9900016784668,54.279998779296875,482846,64.55509948730469,3504.05,3540.2,3485.33,3520.84,0.002634134394960741,54.86999999999989,Crude oil,CL=F,₹/barrel,Energy
2017-11-03,55.63999938964844,55.7599983215332,54.400001525878906,54.72999954223633,614159,64.50050354003906,3530.11,3596.55,3508.83,3588.81,0.019305052203451467,87.72000000000025,Crude oil,CL=F,₹/barrel,Energy
2017-11-06,57.349998474121094,57.61000061035156,55.65999984741211,55.970001220703125,861713,64.69339752197266,3620.89,3726.99,3600.83,3710.17,0.033816223204906404,126.15999999999985,Crude oil,CL=F,₹/barrel,Energy
2017-11-07,57.20000076293945,57.689998626708984,56.83000183105469,57.27000045776367,750187,64.59089660644531,3699.12,3726.25,3670.7,3694.6,-0.004196573202845166,55.55000000000018,Crude oil,CL=F,₹/barrel,Energy
2017-11-08,56.810001373291016,57.91999816894531,56.40999984741211,56.959999084472656,919147,65.16449737548828,3711.77,3774.33,3675.93,3702.0,0.0020029231851892426,98.40000000000009,Crude oil,CL=F,₹/barrel,Energy
2017-11-09,57.16999816894531,57.529998779296875,56.689998626708984,56.849998474121094,666949,64.9104995727539,3690.16,3734.3,3679.78,3710.93,0.002412209616423411,54.51999999999998,Crude oil,CL=F,₹/barrel,Energy
2017-11-10,56.7400016784668,57.349998474121094,56.54999923706055,57.02000045776367,541296,64.96800231933594,3704.48,3725.91,3673.94,3686.28,-0.006642539740711828,51.9699999999998,Crude oil,CL=F,₹/barrel,Energy
2017-11-13,56.7599983215332,57.150001525878906,56.29999923706055,56.900001525878906,631619,65.1603012084961,3707.62,3723.91,3668.52,3698.5,0.0033149950627733293,55.38999999999987,Crude oil,CL=F,₹/barrel,Energy
2017-11-14,55.70000076293945,56.77000045776367,54.810001373291016,56.720001220703125,707338,65.43840026855469,3711.67,3714.94,3586.68,3644.92,-0.014486954170609634,128.26000000000022,Crude oil,CL=F,₹/barrel,Energy
2017-11-15,55.33000183105469,55.560001373291016,54.880001068115234,55.060001373291016,501385,65.41339874267578,3601.66,3634.37,3589.89,3619.32,-0.007023473766228028,44.48000000000002,Crude oil,CL=F,₹/barrel,Energy
2017-11-16,55.13999938964844,55.619998931884766,54.93000030517578,55.29999923706055,213923,65.41339874267578,3617.36,3638.29,3593.16,3606.89,-0.0034343467833737318,45.13000000000011,Crude oil,CL=F,₹/barrel,Energy
2017-11-17,56.54999923706055,56.68000030517578,55.18000030517578,55.25,184944,65.20999908447266,3602.85,3696.1,3598.29,3687.63,0.022384935498448888,97.80999999999995,Crude oil,CL=F,₹/barrel,Energy
2017-11-20,56.09000015258789,56.7599983215332,55.56999969482422,56.689998626708984,593241,64.90499877929688,3679.46,3684.01,3606.77,3640.52,-0.012775142842421872,77.24000000000024,Crude oil,CL=F,₹/barrel,Energy
2017-11-21,56.83000183105469,57.220001220703125,56.31999969482422,56.380001068115234,619066,65.0250015258789,3666.11,3720.73,3662.21,3695.37,0.015066528957401681,58.51999999999998,Crude oil,CL=F,₹/barrel,Energy
2017-11-22,58.02000045776367,58.150001525878906,57.029998779296875,57.119998931884766,837411,64.76129913330078,3699.17,3765.87,3693.34,3757.45,0.016799400330683945,72.52999999999975,Crude oil,CL=F,₹/barrel,Energy
2017-11-24,58.95000076293945,59.04999923706055,57.75,58.04999923706055,577826,64.57939910888672,3748.83,3813.41,3729.46,3806.96,0.013176489374442824,83.94999999999982,Crude oil,CL=F,₹/barrel,Energy
2017-11-27,58.11000061035156,58.9900016784668,57.54999923706055,58.95000076293945,690078,64.54499816894531,3804.93,3807.51,3714.56,3750.71,-0.014775568957908658,92.95000000000027,Crude oil,CL=F,₹/barrel,Energy
2017-11-28,57.9900016784668,58.11000061035156,57.41999816894531,57.86000061035156,546526,64.43389892578125,3728.15,3744.25,3699.79,3736.52,-0.0037832836982865103,44.460000000000036,Crude oil,CL=F,₹/barrel,Energy
2017-11-29,57.29999923706055,58.29999923706055,56.75,57.72999954223633,741564,64.47000122070312,3721.85,3758.6,3658.67,3694.13,-0.011344780705040969,99.92999999999984,Crude oil,CL=F,₹/barrel,Energy
2017-11-30,57.400001525878906,57.97999954223633,56.81999969482422,57.40999984741211,735128,64.41480255126953,3698.05,3734.77,3660.05,3697.41,0.0008878951200959051,74.7199999999998,Crude oil,CL=F,₹/barrel,Energy
2017-12-01,58.36000061035156,58.880001068115234,57.290000915527344,57.41999816894531,685215,64.49939727783203,3703.56,3797.72,3695.17,3764.18,0.018058586956815725,102.54999999999973,Crude oil,CL=F,₹/barrel,Energy
2017-12-04,57.470001220703125,58.34000015258789,57.349998474121094,58.31999969482422,529965,64.50900268554688,3762.17,3763.46,3699.59,3707.33,-0.01510289093507744,63.86999999999989,Crude oil,CL=F,₹/barrel,Energy
2017-12-05,57.619998931884766,57.91999816894531,57.08000183105469,57.47999954223633,499245,64.35140228271484,3698.92,3727.23,3673.18,3707.93,0.00016184154094722736,54.05000000000018,Crude oil,CL=F,₹/barrel,Energy
2017-12-06,55.959999084472656,57.56999969482422,55.869998931884766,57.45000076293945,678992,64.35690307617188,3697.3,3705.03,3595.62,3601.41,-0.028727618914057174,109.41000000000031,Crude oil,CL=F,₹/barrel,Energy
2017-12-07,56.689998626708984,56.779998779296875,55.81999969482422,56.0,557325,64.51519775390625,3612.85,3663.17,3601.24,3657.37,0.015538358587330992,61.93000000000029,Crude oil,CL=F,₹/barrel,Energy
2017-12-08,57.36000061035156,57.790000915527344,56.540000915527344,56.650001525878906,681599,64.54239654541016,3656.33,3729.91,3649.23,3702.15,0.012243770797048192,80.67999999999984,Crude oil,CL=F,₹/barrel,Energy
2017-12-11,57.9900016784668,58.08000183105469,56.90999984741211,57.25,606724,64.4729995727539,3691.08,3744.59,3669.16,3738.79,0.009896951771267926,75.43000000000029,Crude oil,CL=F,₹/barrel,Energy
2017-12-12,57.13999938964844,58.560001373291016,56.849998474121094,58.02000045776367,826488,64.3499984741211,3733.59,3768.34,3658.3,3676.96,-0.016537435908408837,110.03999999999996,Crude oil,CL=F,₹/barrel,Energy
2017-12-13,56.599998474121094,57.83000183105469,56.54999923706055,57.45000076293945,658143,64.55000305175781,3708.4,3732.93,3650.3,3653.53,-0.006372111744484488,82.62999999999965,Crude oil,CL=F,₹/barrel,Energy
2017-12-14,57.040000915527344,57.220001220703125,56.09000015258789,56.70000076293945,580571,64.31999969482422,3646.94,3680.39,3607.71,3668.81,0.004182256612098367,72.67999999999984,Crude oil,CL=F,₹/barrel,Energy
2017-12-15,57.29999923706055,57.4900016784668,56.939998626708984,57.150001525878906,210054,64.2750015258789,3673.32,3695.17,3659.82,3682.96,0.0038568364128968025,35.34999999999991,Crude oil,CL=F,₹/barrel,Energy
2017-12-18,57.15999984741211,57.779998779296875,56.81999969482422,57.369998931884766,137151,64.07230377197266,3675.83,3702.1,3640.59,3662.37,-0.005590611899124687,61.50999999999976,Crude oil,CL=F,₹/barrel,Energy
2017-12-19,57.459999084472656,57.63999938964844,57.15999984741211,57.29999923706055,420784,64.20010375976562,3678.67,3700.49,3669.68,3688.94,0.0072548650190997765,30.809999999999945,Crude oil,CL=F,₹/barrel,Energy
2017-12-20,58.09000015258789,58.119998931884766,57.439998626708984,57.65999984741211,420844,64.04759979248047,3692.98,3722.45,3678.89,3720.53,0.00856343556685668,43.559999999999945,Crude oil,CL=F,₹/barrel,Energy
2017-12-21,58.36000061035156,58.380001068115234,57.630001068115234,58.02000045776367,405320,63.96500015258789,3711.25,3734.28,3686.3,3733.0,0.0033516730143285933,47.98000000000002,Crude oil,CL=F,₹/barrel,Energy
2017-12-22,58.470001220703125,58.5,57.869998931884766,58.209999084472656,324554,64.00969696044922,3726.0,3744.57,3704.24,3742.65,0.0025850522368069395,40.33000000000038,Crude oil,CL=F,₹/barrel,Energy
2017-12-26,59.970001220703125,60.0099983215332,58.31999969482422,58.400001525878906,437785,64.010498046875,3738.21,3841.27,3733.09,3838.71,0.02566630595968089,108.17999999999984,Crude oil,CL=F,₹/barrel,Energy
2017-12-27,59.63999938964844,59.93000030517578,59.33000183105469,59.790000915527344,402396,64.0281982421875,3828.25,3837.21,3798.79,3818.64,-0.005228318888376604,38.42000000000007,Crude oil,CL=F,₹/barrel,Energy
2017-12-28,59.84000015258789,59.939998626708984,59.439998626708984,59.529998779296875,345962,64.11499786376953,3816.77,3843.05,3811.0,3836.64,0.004713720067877514,32.05000000000018,Crude oil,CL=F,₹/barrel,Energy
2017-12-29,60.41999816894531,60.5099983215332,59.81999969482422,59.90999984741211,464478,64.06199645996094,3837.95,3876.39,3832.19,3870.63,0.008859314400100127,44.19999999999982,Crude oil,CL=F,₹/barrel,Energy
2018-01-02,60.369998931884766,60.7400016784668,60.099998474121094,60.20000076293945,510313,63.86759948730469,3844.83,3879.32,3838.44,3855.69,-0.003859836770758296,40.88000000000011,Crude oil,CL=F,₹/barrel,Energy
2018-01-03,61.630001068115234,61.970001220703125,60.279998779296875,60.38999938964844,673859,63.459999084472656,3832.35,3932.62,3825.37,3911.04,0.014355407203380022,107.25,Crude oil,CL=F,₹/barrel,Energy
2018-01-04,62.0099983215332,62.209999084472656,61.59000015258789,61.959999084472656,654363,63.41910171508789,3929.45,3945.3,3905.98,3932.62,0.005517713958435699,39.320000000000164,Crude oil,CL=F,₹/barrel,Energy
2018-01-05,61.439998626708984,62.040000915527344,61.09000015258789,61.900001525878906,563036,63.36959838867188,3922.58,3931.45,3871.25,3893.43,-0.009965366600383496,60.19999999999982,Crude oil,CL=F,₹/barrel,Energy
2018-01-08,61.72999954223633,61.970001220703125,61.34000015258789,61.61000061035156,616474,63.26499938964844,3897.76,3920.53,3880.68,3905.35,0.0030615678206620256,39.850000000000364,Crude oil,CL=F,₹/barrel,Energy
2018-01-09,62.959999084472656,63.47999954223633,61.79999923706055,61.91999816894531,844720,63.45199966430664,3928.95,4027.93,3921.33,3994.94,0.0229403254509839,106.59999999999991,Crude oil,CL=F,₹/barrel,Energy
2018-01-10,63.56999969482422,63.66999816894531,63.09000015258789,63.40999984741211,697844,63.63610076904297,4035.17,4051.71,4014.8,4045.35,0.012618462354878845,36.909999999999854,Crude oil,CL=F,₹/barrel,Energy
2018-01-11,63.79999923706055,64.7699966430664,63.43000030517578,63.5,876642,63.7599983215332,4048.76,4129.73,4044.3,4067.89,0.005571829384354965,85.42999999999938,Crude oil,CL=F,₹/barrel,Energy
2018-01-12,64.30000305175781,64.5,63.060001373291016,63.56999969482422,678727,63.67210006713867,4047.64,4106.85,4015.16,4094.12,0.00644806029661571,91.69000000000051,Crude oil,CL=F,₹/barrel,Energy
2018-01-16,63.72999954223633,64.88999938964844,63.38999938964844,64.43000030517578,867771,63.52119827270508,4092.67,4121.89,4026.61,4048.21,-0.011213642980664962,95.2800000000002,Crude oil,CL=F,₹/barrel,Energy
2018-01-17,63.970001220703125,64.16999816894531,63.310001373291016,63.88999938964844,444384,63.99430084228516,4088.6,4106.51,4051.48,4093.72,0.011242005725987436,55.0300000000002,Crude oil,CL=F,₹/barrel,Energy
2018-01-18,63.95000076293945,64.3499984741211,63.470001220703125,64.06999969482422,204504,63.82500076293945,4089.27,4107.14,4050.97,4081.61,-0.0029581896172673483,56.17000000000053,Crude oil,CL=F,₹/barrel,Energy
2018-01-19,63.369998931884766,63.77000045776367,62.849998474121094,63.7400016784668,142711,63.86759948730469,4070.92,4072.84,4014.08,4047.29,-0.00840844666687901,58.76000000000022,Crude oil,CL=F,₹/barrel,Energy
2018-01-22,63.4900016784668,64.13999938964844,63.16999816894531,63.61000061035156,625662,63.83209991455078,4060.36,4094.19,4032.27,4052.7,0.0013366969008892227,61.92000000000007,Crude oil,CL=F,₹/barrel,Energy
2018-01-23,64.47000122070312,64.87999725341797,63.70000076293945,63.880001068115234,662456,63.88010025024414,4080.66,4144.54,4069.16,4118.35,0.016199077158437714,75.38000000000011,Crude oil,CL=F,₹/barrel,Energy
2018-01-24,65.61000061035156,66.05000305175781,64.33999633789062,64.41999816894531,887018,63.7504997253418,4106.81,4210.72,4101.71,4182.67,0.015617905229035722,109.01000000000022,Crude oil,CL=F,₹/barrel,Energy
2018-01-25,65.51000213623047,66.66000366210938,65.08000183105469,65.87999725341797,771758,63.57789993286133,4188.51,4238.1,4137.65,4164.99,-0.004226965072549382,100.45000000000073,Crude oil,CL=F,₹/barrel,Energy
2018-01-26,66.13999938964844,66.3499984741211,64.91000366210938,65.25,678186,63.57310104370117,4148.14,4218.08,4126.53,4204.72,0.009539038509096098,91.55000000000018,Crude oil,CL=F,₹/barrel,Energy
2018-01-29,65.55999755859375,66.45999908447266,64.9800033569336,66.18000030517578,656168,63.56999969482422,4207.06,4224.86,4130.78,4167.65,-0.008816282653779761,94.07999999999993,Crude oil,CL=F,₹/barrel,Energy
2018-01-30,64.5,65.55999755859375,63.88999938964844,65.52999877929688,688380,63.66939926147461,4172.26,4174.17,4067.84,4106.68,-0.014629347473996024,106.32999999999993,Crude oil,CL=F,₹/barrel,Energy
2018-01-31,64.7300033569336,64.94000244140625,63.66999816894531,64.02999877929688,613258,63.769901275634766,4083.19,4141.22,4060.23,4127.83,0.005150145616410251,80.99000000000024,Crude oil,CL=F,₹/barrel,Energy
2018-02-01,65.80000305175781,66.25,64.62999725341797,64.76000213623047,685750,63.665000915527344,4122.95,4217.81,4114.67,4189.16,0.014857685515149655,103.14000000000033,Crude oil,CL=F,₹/barrel,Energy
2018-02-02,65.44999694824219,66.30000305175781,64.47000122070312,65.98999786376953,857572,63.97499847412109,4221.71,4241.54,4124.47,4187.16,-0.00047742268139672195,117.06999999999971,Crude oil,CL=F,₹/barrel,Energy
2018-02-05,64.1500015258789,65.4000015258789,63.41999816894531,65.0999984741211,891063,64.13249969482422,4175.03,4194.27,4067.28,4114.1,-0.017448580899702804,126.99000000000024,Crude oil,CL=F,₹/barrel,Energy
2018-02-06,63.38999938964844,64.29000091552734,63.119998931884766,63.43000030517578,797814,64.314697265625,4079.48,4134.79,4059.54,4076.91,-0.009039644150604098,75.25,Crude oil,CL=F,₹/barrel,Energy
2018-02-07,61.790000915527344,64.18000030517578,61.25,63.91999816894531,1029408,63.97999954223633,4089.6,4106.24,3918.77,3953.32,-0.0303146255374781,187.4699999999998,Crude oil,CL=F,₹/barrel,Energy
2018-02-08,61.150001525878906,62.09000015258789,60.27000045776367,61.70000076293945,929578,64.19999694824219,3961.14,3986.18,3869.33,3925.83,-0.0069536490848198795,116.84999999999991,Crude oil,CL=F,₹/barrel,Energy
2018-02-09,59.20000076293945,60.77000045776367,58.06999969482422,60.43000030517578,933307,64.44049835205078,3894.14,3916.05,3742.06,3814.88,-0.02826153959799582,173.99000000000024,Crude oil,CL=F,₹/barrel,Energy
2018-02-12,59.290000915527344,60.83000183105469,59.099998474121094,59.119998931884766,736917,64.2113037109375,3796.17,3905.97,3794.89,3807.09,-0.0020420039424569048,111.07999999999993,Crude oil,CL=F,₹/barrel,Energy
2018-02-13,59.189998626708984,59.72999954223633,58.38999938964844,59.349998474121094,580600,64.28350067138672,3815.23,3839.65,3753.51,3804.94,-0.0005647357955814725,86.13999999999987,Crude oil,CL=F,₹/barrel,Energy
2018-02-14,60.599998474121094,60.900001525878906,58.20000076293945,58.97999954223633,650324,64.2500991821289,3789.47,3912.83,3739.36,3893.56,0.023290774624566968,173.4699999999998,Crude oil,CL=F,₹/barrel,Energy
2018-02-15,61.34000015258789,61.63999938964844,59.720001220703125,60.709999084472656,340401,64.02519989013672,3886.97,3946.51,3823.59,3927.31,0.008668159730426561,122.92000000000007,Crude oil,CL=F,₹/barrel,Energy
2018-02-16,61.68000030517578,61.9900016784668,60.880001068115234,61.45000076293945,181179,63.890899658203125,3926.1,3960.6,3889.68,3940.79,0.003432374831627838,70.92000000000007,Crude oil,CL=F,₹/barrel,Energy
2018-02-20,61.900001525878906,62.7400016784668,61.58000183105469,61.630001068115234,794481,64.50499725341797,3975.44,4047.04,3972.22,3992.86,0.013213086716115319,74.82000000000016,Crude oil,CL=F,₹/barrel,Energy
2018-02-21,61.68000030517578,61.86000061035156,60.91999816894531,61.630001068115234,466924,64.86499786376953,3997.63,4012.55,3951.58,4000.87,0.0020060808543249653,60.970000000000255,Crude oil,CL=F,₹/barrel,Energy
2018-02-22,62.77000045776367,63.09000015258789,60.75,61.34000015258789,592603,64.8949966430664,3980.66,4094.23,3942.37,4073.46,0.018143553777053567,151.86000000000013,Crude oil,CL=F,₹/barrel,Energy
2018-02-23,63.54999923706055,63.72999954223633,62.33000183105469,62.599998474121094,460597,64.95140075683594,4065.96,4139.35,4048.42,4127.66,0.013305641886749875,90.93000000000029,Crude oil,CL=F,₹/barrel,Energy
2018-02-26,63.90999984741211,64.23999786376953,63.060001373291016,63.599998474121094,469853,64.7030029296875,4115.11,4156.52,4080.17,4135.17,0.0018194328021203798,76.35000000000036,Crude oil,CL=F,₹/barrel,Energy
2018-02-27,63.0099983215332,64.08000183105469,62.63999938964844,64.05999755859375,562670,64.78040313720703,4149.83,4151.13,4057.84,4081.81,-0.012903943489626868,93.28999999999996,Crude oil,CL=F,₹/barrel,Energy
2018-02-28,61.63999938964844,63.439998626708984,61.36000061035156,62.790000915527344,768409,64.91000366210938,4075.7,4117.89,3982.88,4001.05,-0.019785340326962775,135.01000000000022,Crude oil,CL=F,₹/barrel,Energy
2018-03-01,60.9900016784668,61.83000183105469,60.18000030517578,61.54999923706055,812505,65.23999786376953,4015.52,4033.79,3926.14,3978.99,-0.0055135526924183775,107.65000000000009,Crude oil,CL=F,₹/barrel,Energy
2018-03-02,61.25,61.599998474121094,60.130001068115234,61.34000015258789,613514,65.1500015258789,3996.3,4013.24,3917.47,3990.44,0.002877614671059847,95.76999999999998,Crude oil,CL=F,₹/barrel,Energy
2018-03-05,62.56999969482422,62.790000915527344,61.099998474121094,61.54999923706055,599266,65.18669891357422,4012.24,4093.07,3982.91,4078.73,0.02212537965738104,110.16000000000031,Crude oil,CL=F,₹/barrel,Energy
2018-03-06,62.599998474121094,63.279998779296875,62.16999816894531,62.58000183105469,634953,65.00370025634766,4067.93,4113.43,4041.28,4069.23,-0.0023291563795593273,72.15000000000009,Crude oil,CL=F,₹/barrel,Energy
2018-03-07,61.150001525878906,62.58000183105469,60.58000183105469,62.29999923706055,879119,64.88999938964844,4042.65,4060.82,3931.04,3968.02,-0.02487202738601657,129.7800000000002,Crude oil,CL=F,₹/barrel,Energy
2018-03-08,60.119998931884766,61.400001525878906,59.95000076293945,61.33000183105469,720510,64.89119720458984,3979.78,3984.32,3890.23,3901.26,-0.016824511973225875,94.09000000000015,Crude oil,CL=F,₹/barrel,Energy
2018-03-09,62.040000915527344,62.18000030517578,60.13999938964844,60.27000045776367,659722,65.09040069580078,3923.0,4047.32,3914.54,4038.21,0.03510404330908479,132.7800000000002,Crude oil,CL=F,₹/barrel,Energy
2018-03-12,61.36000061035156,62.33000183105469,60.66999816894531,62.099998474121094,537990,64.96489715576172,4034.32,4049.26,3941.42,3986.25,-0.012867087149999623,107.84000000000015,Crude oil,CL=F,₹/barrel,Energy
2018-03-13,60.709999084472656,61.970001220703125,60.27000045776367,61.369998931884766,747738,64.94550323486328,3985.71,4024.67,3914.27,3942.84,-0.010889934148635927,110.40000000000009,Crude oil,CL=F,₹/barrel,Energy
2018-03-14,60.959999084472656,61.33000183105469,60.11000061035156,60.869998931884766,665017,64.8281021118164,3946.09,3975.91,3896.82,3951.92,0.002302908563370565,79.08999999999969,Crude oil,CL=F,₹/barrel,Energy
2018-03-15,61.189998626708984,61.540000915527344,60.81999969482422,60.95000076293945,430201,64.83679962158203,3951.8,3990.06,3943.37,3967.36,0.0039069616793863116,46.690000000000055,Crude oil,CL=F,₹/barrel,Energy
2018-03-16,62.34000015258789,62.540000915527344,61.08000183105469,61.189998626708984,202493,65.01439666748047,3978.23,4066.0,3971.08,4053.0,0.021586142926278473,94.92000000000007,Crude oil,CL=F,₹/barrel,Energy
2018-03-19,62.060001373291016,62.349998474121094,61.36000061035156,62.22999954223633,115962,65.06500244140625,4049.0,4056.8,3992.39,4037.93,-0.003718233407352667,64.41000000000031,Crude oil,CL=F,₹/barrel,Energy
2018-03-20,63.400001525878906,63.810001373291016,62.08000183105469,62.099998474121094,717709,65.21009826660156,4049.55,4161.06,4048.24,4134.32,0.023871141896961934,112.82000000000062,Crude oil,CL=F,₹/barrel,Energy
2018-03-21,65.16999816894531,65.55000305175781,63.58000183105469,63.720001220703125,763768,65.2323989868164,4156.61,4275.98,4147.48,4251.2,0.028270670872114323,128.5,Crude oil,CL=F,₹/barrel,Energy
2018-03-22,64.30000305175781,65.73999786376953,64.13999938964844,65.5,689172,65.06559753417969,4261.8,4277.41,4173.31,4183.72,-0.01587316522393667,104.09999999999945,Crude oil,CL=F,₹/barrel,Energy
2018-03-23,65.87999725341797,66.0,64.11000061035156,64.27999877929688,752994,65.16000366210938,4188.48,4300.56,4177.41,4292.74,0.02605814920692584,123.15000000000055,Crude oil,CL=F,₹/barrel,Energy
2018-03-26,65.55000305175781,66.55000305175781,65.08000183105469,65.9000015258789,585899,65.01499938964844,4284.49,4326.75,4231.18,4261.73,-0.0072238244105163885,95.56999999999971,Crude oil,CL=F,₹/barrel,Energy
2018-03-27,65.25,66.41000366210938,64.52999877929688,65.52999877929688,670811,64.69499969482422,4239.46,4296.4,4174.77,4221.35,-0.009475025400482728,121.6299999999992,Crude oil,CL=F,₹/barrel,Energy
2018-03-28,64.37999725341797,65.12999725341797,63.720001220703125,64.69999694824219,697678,64.89550018310547,4198.74,4226.64,4135.14,4177.97,-0.01027633340045253,91.5,Crude oil,CL=F,₹/barrel,Energy
2018-03-29,64.94000244140625,65.26000213623047,64.16000366210938,64.69000244140625,562819,65.14920043945312,4214.5,4251.64,4179.97,4230.79,0.01264250341673101,71.67000000000007,Crude oil,CL=F,₹/barrel,Energy
2018-04-02,63.0099983215332,65.41999816894531,62.79999923706055,64.91000366210938,582742,65.10549926757812,4226.0,4259.2,4088.63,4102.3,-0.030370214546219465,170.5699999999997,Crude oil,CL=F,₹/barrel,Energy
2018-04-03,63.5099983215332,63.86000061035156,62.86000061035156,62.88999938964844,527289,65.13999938964844,4096.65,4159.84,4094.7,4137.04,0.008468420154547296,65.14000000000033,Crude oil,CL=F,₹/barrel,Energy
2018-04-04,63.369998931884766,63.63999938964844,62.060001373291016,63.59000015258789,760596,64.90499877929688,4127.31,4130.55,4028.0,4113.03,-0.005803666389495921,102.55000000000018,Crude oil,CL=F,₹/barrel,Energy
2018-04-05,63.540000915527344,64.12000274658203,63.06999969482422,63.599998474121094,588597,64.99500274658203,4133.68,4167.48,4099.23,4129.78,0.0040724234931426295,68.25,Crude oil,CL=F,₹/barrel,Energy
2018-04-06,62.060001373291016,63.790000915527344,61.810001373291016,63.70000076293945,753262,64.86150360107422,4131.68,4137.52,4009.09,4025.31,-0.025296747042215295,128.4300000000003,Crude oil,CL=F,₹/barrel,Energy
2018-04-09,63.41999816894531,63.61000061035156,61.93000030517578,62.0,655831,64.90450286865234,4024.08,4128.58,4019.54,4116.24,0.022589564530433703,109.03999999999996,Crude oil,CL=F,₹/barrel,Energy
2018-04-10,65.51000213623047,65.86000061035156,63.20000076293945,63.29999923706055,840280,64.87000274658203,4106.27,4272.34,4099.78,4249.63,0.03240578780634773,172.5600000000004,Crude oil,CL=F,₹/barrel,Energy
2018-04-11,66.81999969482422,67.44999694824219,65.1500015258789,65.58999633789062,963017,64.92530059814453,4258.45,4379.21,4229.88,4338.31,0.020867699070272083,149.32999999999993,Crude oil,CL=F,₹/barrel,Energy
2018-04-12,67.06999969482422,67.33000183105469,66.0,66.75,687468,65.19000244140625,4351.43,4389.24,4302.54,4372.29,0.0078325430870545,86.69999999999982,Crude oil,CL=F,₹/barrel,Energy
2018-04-13,67.38999938964844,67.76000213623047,66.69999694824219,67.18000030517578,624203,65.27570343017578,4385.22,4423.08,4353.89,4398.93,0.006092916984006269,69.1899999999996,Crude oil,CL=F,₹/barrel,Energy
2018-04-16,66.22000122070312,67.73999786376953,66.12999725341797,67.23999786376953,560076,65.19560241699219,4383.75,4416.35,4311.39,4317.25,-0.018568151800551602,104.96000000000004,Crude oil,CL=F,₹/barrel,Energy
2018-04-17,66.5199966430664,66.75,65.55999755859375,66.41999816894531,486076,65.4292984008789,4345.81,4367.41,4289.54,4352.36,0.008132491748219284,77.86999999999989,Crude oil,CL=F,₹/barrel,Energy
2018-04-18,68.47000122070312,68.91000366210938,66.55999755859375,66.68000030517578,221664,65.67500305175781,4379.21,4525.66,4371.33,4496.77,0.03317970020862271,154.32999999999993,Crude oil,CL=F,₹/barrel,Energy
2018-04-19,68.29000091552734,69.55999755859375,67.9800033569336,68.75,125993,66.01000213623047,4538.19,4591.66,4487.36,4507.82,0.002457319364788324,104.30000000000018,Crude oil,CL=F,₹/barrel,Energy
2018-04-20,68.37999725341797,68.62000274658203,67.5,68.26000213623047,724906,66.11479949951172,4513.0,4536.8,4462.75,4520.93,0.0029082793900379045,74.05000000000018,Crude oil,CL=F,₹/barrel,Energy
2018-04-23,68.63999938964844,69.02999877929688,67.13999938964844,68.22000122070312,740941,66.1968994140625,4515.95,4569.57,4444.46,4543.76,0.005049845938777997,125.10999999999967,Crude oil,CL=F,₹/barrel,Energy
2018-04-24,67.69999694824219,69.37999725341797,67.54000091552734,68.94999694824219,832296,66.54499816894531,4588.28,4616.89,4494.45,4505.1,-0.008508371921052138,122.44000000000051,Crude oil,CL=F,₹/barrel,Energy
2018-04-25,68.05000305175781,68.18000030517578,67.11000061035156,67.75,764049,66.41410064697266,4499.56,4528.11,4457.05,4519.48,0.003191938025792762,71.05999999999949,Crude oil,CL=F,₹/barrel,Energy
2018-04-26,68.19000244140625,68.77999877929688,67.70999908447266,68.02999877929688,660549,66.90769958496094,4551.73,4601.91,4530.32,4562.44,0.009505518333967622,71.59000000000015,Crude oil,CL=F,₹/barrel,Energy
2018-04-27,68.0999984741211,68.36000061035156,67.63999938964844,68.20999908447266,542549,66.9000015258789,4563.25,4573.28,4525.12,4555.89,-0.001435635317943773,48.159999999999854,Crude oil,CL=F,₹/barrel,Energy
2018-04-30,68.56999969482422,69.33999633789062,67.16999816894531,68.1500015258789,755186,66.61000061035156,4539.47,4618.74,4474.19,4567.45,0.0025373746951746767,144.55000000000018,Crude oil,CL=F,₹/barrel,Energy
2018-05-01,67.25,68.9000015258789,66.8499984741211,68.55999755859375,694771,66.44999694824219,4555.81,4578.4,4442.18,4468.76,-0.02160724255328461,136.21999999999935,Crude oil,CL=F,₹/barrel,Energy
2018-05-02,67.93000030517578,68.13999938964844,66.91999816894531,67.48999786376953,789367,66.7886962890625,4507.57,4550.98,4469.5,4536.96,0.01526150430992046,81.47999999999956,Crude oil,CL=F,₹/barrel,Energy
2018-05-03,68.43000030517578,68.5999984741211,67.20999908447266,67.68000030517578,691219,67.08000183105469,4539.97,4601.69,4508.45,4590.28,0.011752362815629747,93.23999999999978,Crude oil,CL=F,₹/barrel,Energy
2018-05-04,69.72000122070312,69.97000122070312,68.12000274658203,68.5,690876,66.66000366210938,4566.21,4664.2,4540.88,4647.54,0.012474184581332759,123.31999999999971,Crude oil,CL=F,₹/barrel,Energy
2018-05-07,70.7300033569336,70.83999633789062,69.51000213623047,69.8499984741211,758916,66.81050109863281,4666.71,4732.86,4644.0,4725.51,0.016776617307220576,88.85999999999967,Crude oil,CL=F,₹/barrel,Energy
2018-05-08,69.05999755859375,70.4000015258789,67.62999725341797,70.02999877929688,1253566,67.1187973022461,4700.33,4725.16,4539.24,4635.22,-0.01910693237343697,185.92000000000007,Crude oil,CL=F,₹/barrel,Energy
2018-05-09,71.13999938964844,71.36000061035156,69.8499984741211,70.05000305175781,863386,67.1624984741211,4704.73,4792.72,4691.3,4777.94,0.030790340048584497,101.42000000000007,Crude oil,CL=F,₹/barrel,Energy
2018-05-10,71.36000061035156,71.88999938964844,70.55999755859375,71.2300033569336,749808,67.62000274658203,4816.57,4861.2,4771.27,4825.36,0.009924779298191355,89.92999999999938,Crude oil,CL=F,₹/barrel,Energy
2018-05-11,70.69999694824219,71.62999725341797,70.44999694824219,71.44999694824219,634145,67.38999938964844,4815.02,4827.15,4747.63,4764.47,-0.012618747616757964,79.51999999999953,Crude oil,CL=F,₹/barrel,Energy
2018-05-14,70.95999908447266,71.26000213623047,70.26000213623047,70.54000091552734,592826,67.3822021484375,4753.14,4801.66,4734.27,4781.44,0.0035617812684305417,67.38999999999942,Crude oil,CL=F,₹/barrel,Energy
2018-05-15,71.30999755859375,71.91999816894531,70.41999816894531,71.1500015258789,815289,67.6780014038086,4815.29,4867.4,4765.88,4826.12,0.00934446526569399,101.51999999999953,Crude oil,CL=F,₹/barrel,Energy
2018-05-16,71.48999786376953,71.58999633789062,70.66000366210938,71.0199966430664,574279,68.45999908447266,4862.03,4901.05,4837.38,4894.21,0.01410864213902685,63.67000000000007,Crude oil,CL=F,₹/barrel,Energy
2018-05-17,71.48999786376953,72.30000305175781,71.08999633789062,71.55999755859375,562639,68.05999755859375,4870.37,4920.74,4838.38,4865.61,-0.005843639729394612,82.35999999999967,Crude oil,CL=F,₹/barrel,Energy
2018-05-18,71.27999877929688,71.75,70.98999786376953,71.5999984741211,211785,68.13999938964844,4878.82,4889.04,4837.26,4857.02,-0.0017654518138525699,51.779999999999745,Crude oil,CL=F,₹/barrel,Energy
2018-05-21,72.23999786376953,72.58999633789062,71.25,71.47000122070312,119892,67.9749984741211,4858.17,4934.3,4843.22,4910.51,0.011012925621059821,91.07999999999993,Crude oil,CL=F,₹/barrel,Energy
2018-05-22,72.12999725341797,72.83000183105469,71.9000015258789,72.52999877929688,723458,68.4000015258789,4961.05,4981.57,4917.96,4933.69,0.004720487281361763,63.60999999999967,Crude oil,CL=F,₹/barrel,Energy
2018-05-23,71.83999633789062,72.26000213623047,71.19000244140625,72.11000061035156,702791,68.43000030517578,4934.49,4944.75,4871.53,4916.01,-0.0035835247046327456,73.22000000000025,Crude oil,CL=F,₹/barrel,Energy
2018-05-24,70.70999908447266,72.0,70.5199966430664,71.83000183105469,640725,68.6500015258789,4931.13,4942.8,4841.2,4854.24,-0.01256506801247359,101.60000000000036,Crude oil,CL=F,₹/barrel,Energy
2018-05-25,67.87999725341797,70.80000305175781,67.41999816894531,70.6500015258789,955354,68.26010131835938,4822.58,4832.82,4602.1,4633.5,-0.045473647780085,230.71999999999935,Crude oil,CL=F,₹/barrel,Energy
2018-05-29,66.7300033569336,67.3499984741211,65.91999816894531,66.48999786376953,1059750,67.40280151367188,4481.61,4539.58,4443.19,4497.79,-0.029288874500917217,96.39000000000033,Crude oil,CL=F,₹/barrel,Energy
2018-05-30,68.20999908447266,68.66999816894531,66.3499984741211,66.8499984741211,726886,68.12999725341797,4554.49,4678.49,4520.43,4647.15,0.03320741964386942,158.0599999999995,Crude oil,CL=F,₹/barrel,Energy
2018-05-31,67.04000091552734,68.30000305175781,66.55999755859375,68.23999786376953,917563,67.43000030517578,4601.42,4605.47,4488.14,4520.51,-0.027251110895925357,117.32999999999993,Crude oil,CL=F,₹/barrel,Energy
2018-06-01,65.80999755859375,67.33999633789062,65.51000213623047,67.06999969482422,781103,67.43499755859375,4522.87,4541.07,4417.67,4437.9,-0.01827448672826748,123.39999999999964,Crude oil,CL=F,₹/barrel,Energy
2018-06-04,64.75,66.04000091552734,64.56999969482422,65.70999908447266,696050,66.92500305175781,4397.64,4419.73,4321.35,4333.39,-0.02354942653056613,98.3799999999992,Crude oil,CL=F,₹/barrel,Energy
2018-06-05,65.5199966430664,65.56999969482422,64.22000122070312,64.94000244140625,714674,67.05999755859375,4354.88,4397.12,4306.59,4393.77,0.013933663944394548,90.52999999999975,Crude oil,CL=F,₹/barrel,Energy
2018-06-06,64.7300033569336,65.95999908447266,64.2699966430664,65.51000213623047,708829,67.08999633789062,4395.07,4425.26,4311.87,4342.74,-0.01161417188428171,113.39000000000033,Crude oil,CL=F,₹/barrel,Energy
2018-06-07,65.94999694824219,66.06999969482422,64.80999755859375,65.06999969482422,675041,66.8301010131836,4348.63,4415.46,4331.26,4407.44,0.014898428181286505,84.19999999999982,Crude oil,CL=F,₹/barrel,Energy
2018-06-08,65.73999786376953,66.23999786376953,65.1500015258789,65.9800033569336,571224,67.41000366210938,4447.71,4465.24,4391.76,4431.53,0.005465757900277701,73.47999999999956,Crude oil,CL=F,₹/barrel,Energy
2018-06-11,66.0999984741211,66.3499984741211,64.8499984741211,65.55999755859375,558281,67.51000213623047,4425.96,4479.29,4378.02,4462.41,0.006968247986587128,101.26999999999953,Crude oil,CL=F,₹/barrel,Energy
2018-06-12,66.36000061035156,66.69999694824219,65.87000274658203,66.05000305175781,524411,67.48999786376953,4457.71,4501.58,4445.57,4478.64,0.003637048142147492,56.01000000000022,Crude oil,CL=F,₹/barrel,Energy
2018-06-13,66.63999938964844,66.88999938964844,65.5199966430664,66.01000213623047,626398,67.91000366210938,4482.74,4542.5,4449.46,4525.52,0.010467463337084482,93.03999999999996,Crude oil,CL=F,₹/barrel,Energy
2018-06-14,66.88999938964844,67.16000366210938,66.36000061035156,66.62000274658203,460168,67.77999877929688,4515.5,4552.1,4497.88,4533.8,0.0018296239990100993,54.220000000000255,Crude oil,CL=F,₹/barrel,Energy
2018-06-15,65.05999755859375,67.16000366210938,64.29000091552734,66.62000274658203,512591,68.12999725341797,4538.82,4575.61,4380.08,4432.54,-0.02233446556972085,195.52999999999975,Crude oil,CL=F,₹/barrel,Energy
2018-06-18,65.8499984741211,65.9800033569336,63.59000015258789,64.4000015258789,218933,68.05000305175781,4382.42,4489.94,4327.3,4481.09,0.010953087845795073,162.63999999999942,Crude oil,CL=F,₹/barrel,Energy
2018-06-19,65.06999969482422,65.9000015258789,64.38999938964844,65.81999969482422,122646,68.01000213623047,4476.42,4481.86,4379.16,4425.41,-0.012425548248305773,102.69999999999982,Crude oil,CL=F,₹/barrel,Energy
2018-06-20,66.22000122070312,66.52999877929688,65.01000213623047,65.11000061035156,801625,68.05000305175781,4430.74,4527.37,4423.93,4506.27,0.018271753351666975,103.4399999999996,Crude oil,CL=F,₹/barrel,Energy
2018-06-21,65.54000091552734,66.22000122070312,64.33999633789062,65.33999633789062,760719,68.3499984741211,4465.99,4526.14,4397.64,4479.66,-0.005905105552929668,128.5,Crude oil,CL=F,₹/barrel,Energy
2018-06-22,68.58000183105469,69.37999725341797,65.70999908447266,65.93000030517578,1136232,67.83000183105469,4472.03,4706.05,4457.11,4651.78,0.03842255885491297,248.9400000000005,Crude oil,CL=F,₹/barrel,Energy
2018-06-25,68.08000183105469,69.44000244140625,67.77999877929688,68.75,816207,67.85489654541016,4665.02,4711.84,4599.2,4619.56,-0.006926380869258564,112.64000000000033,Crude oil,CL=F,₹/barrel,Energy
2018-06-26,70.52999877929688,70.91000366210938,67.72000122070312,68.20999908447266,848537,68.33999633789062,4661.47,4845.99,4627.98,4820.02,0.04339374312705102,218.01000000000022,Crude oil,CL=F,₹/barrel,Energy
2018-06-27,72.76000213623047,73.05999755859375,70.55999755859375,70.68000030517578,775155,68.36499786376953,4832.04,4994.75,4823.83,4974.24,0.03199571786009181,170.92000000000007,Crude oil,CL=F,₹/barrel,Energy
2018-06-28,73.44999694824219,74.02999877929688,72.19999694824219,72.2699966430664,717347,69.23999786376953,5003.97,5125.84,4999.13,5085.68,0.0224034224323717,126.71000000000004,Crude oil,CL=F,₹/barrel,Energy
2018-06-29,74.1500015258789,74.45999908447266,72.93000030517578,73.33000183105469,602399,68.79669952392578,5044.86,5122.6,5017.34,5101.28,0.003067436409683655,105.26000000000022,Crude oil,CL=F,₹/barrel,Energy
2018-07-02,73.94000244140625,74.3499984741211,72.51000213623047,73.62000274658203,652167,68.43499755859375,5038.18,5088.14,4962.22,5060.08,-0.008076404353417166,125.92000000000007,Crude oil,CL=F,₹/barrel,Energy
2018-07-03,74.13999938964844,75.2699966430664,72.7300033569336,74.08000183105469,667235,68.6948013305664,5088.91,5170.66,4996.17,5093.03,0.006511754754865429,174.48999999999978,Crude oil,CL=F,₹/barrel,Energy
2018-07-05,72.94000244140625,74.80000305175781,72.52999877929688,74.3499984741211,841632,68.9800033569336,5128.66,5159.7,5003.12,5031.4,-0.012100851555949976,156.57999999999993,Crude oil,CL=F,₹/barrel,Energy
2018-07-06,73.80000305175781,74.01000213623047,72.13999938964844,73.16000366210938,611419,69.06999969482422,5053.16,5111.87,4982.71,5097.37,0.013111658782843705,129.15999999999985,Crude oil,CL=F,₹/barrel,Energy
2018-07-09,73.8499984741211,74.27999877929688,72.98999786376953,73.87000274658203,533003,68.75499725341797,5078.93,5107.12,5018.43,5077.56,-0.003886317846261811,88.6899999999996,Crude oil,CL=F,₹/barrel,Energy
2018-07-10,74.11000061035156,74.69999694824219,73.6500015258789,74.04000091552734,586829,68.65979766845703,5083.57,5128.89,5056.79,5088.38,0.0021309447845028195,72.10000000000036,Crude oil,CL=F,₹/barrel,Energy
2018-07-11,70.37999725341797,74.26000213623047,70.0199966430664,74.19999694824219,861726,68.9000015258789,5112.38,5116.51,4824.38,4849.18,-0.04700906771899893,292.1300000000001,Crude oil,CL=F,₹/barrel,Energy
2018-07-12,70.33000183105469,71.23999786376953,69.2300033569336,70.5999984741211,707887,68.72000122070312,4851.63,4895.61,4757.49,4833.08,-0.0033201489736409684,138.1199999999999,Crude oil,CL=F,₹/barrel,Energy
2018-07-13,71.01000213623047,71.66000366210938,69.83999633789062,70.37999725341797,530277,68.54000091552734,4823.85,4911.58,4786.83,4867.03,0.007024506112044415,124.75,Crude oil,CL=F,₹/barrel,Energy
2018-07-16,68.05999755859375,70.87000274658203,67.58000183105469,70.5199966430664,530480,68.48670196533203,4829.68,4853.65,4628.33,4661.2,-0.042290678298674944,225.3199999999997,Crude oil,CL=F,₹/barrel,Energy
2018-07-17,68.08000183105469,68.44000244140625,67.02999877929688,68.02999877929688,440727,68.72000122070312,4675.02,4703.2,4606.3,4678.46,0.0037029091221145727,96.89999999999964,Crude oil,CL=F,₹/barrel,Energy
2018-07-18,68.76000213623047,69.05999755859375,67.04000091552734,67.61000061035156,187313,68.35600280761719,4621.55,4720.67,4582.59,4700.16,0.004638278407852026,138.07999999999993,Crude oil,CL=F,₹/barrel,Energy
2018-07-19,69.45999908447266,70.16999816894531,67.80000305175781,69.0,103220,68.6155014038086,4734.47,4814.75,4652.13,4766.03,0.014014416530501173,162.6199999999999,Crude oil,CL=F,₹/barrel,Energy
2018-07-20,70.45999908447266,71.0999984741211,69.37000274658203,69.38999938964844,500967,68.93509674072266,4783.41,4901.29,4782.03,4857.17,0.019122833889001933,119.26000000000022,Crude oil,CL=F,₹/barrel,Energy
2018-07-23,67.88999938964844,69.30999755859375,67.5999984741211,68.16999816894531,555915,68.7332992553711,4685.55,4763.9,4646.37,4666.3,-0.03929654510754199,117.52999999999975,Crude oil,CL=F,₹/barrel,Energy
2018-07-24,68.5199966430664,69.05000305175781,67.55999755859375,67.80000305175781,524591,69.19999694824219,4691.76,4778.26,4675.15,4741.58,0.016132696140410907,103.11000000000058,Crude oil,CL=F,₹/barrel,Energy
2018-07-25,69.30000305175781,69.69999694824219,68.19999694824219,68.7699966430664,622913,68.80999755859375,4732.06,4796.06,4692.84,4768.53,0.005683759421964751,103.22000000000025,Crude oil,CL=F,₹/barrel,Energy
2018-07-26,69.61000061035156,69.91999816894531,68.91999816894531,69.37999725341797,489059,68.83999633789062,4776.12,4813.29,4744.45,4791.95,0.00491136681534976,68.84000000000015,Crude oil,CL=F,₹/barrel,Energy
2018-07-27,68.69000244140625,69.7699966430664,68.26000213623047,69.58000183105469,460450,68.73999786376953,4782.93,4795.99,4692.19,4721.75,-0.01464956854725108,103.80000000000018,Crude oil,CL=F,₹/barrel,Energy
2018-07-30,70.12999725341797,70.43000030517578,68.80000305175781,69.01000213623047,463011,68.61499786376953,4735.12,4832.55,4720.71,4811.97,0.01910732249695557,111.84000000000015,Crude oil,CL=F,₹/barrel,Energy
2018-07-31,68.76000213623047,70.22000122070312,67.9800033569336,70.05000305175781,519070,68.68499755859375,4811.38,4823.06,4669.21,4722.78,-0.018535028273243714,153.85000000000036,Crude oil,CL=F,₹/barrel,Energy
2018-08-01,67.66000366210938,68.5199966430664,67.30999755859375,68.43000030517578,576561,68.4968032836914,4687.24,4693.4,4610.52,4634.49,-0.018694497732267834,82.8799999999992,Crude oil,CL=F,₹/barrel,Energy
2018-08-02,68.95999908447266,69.36000061035156,66.91999816894531,67.86000061035156,531071,68.30709838867188,4635.32,4737.78,4571.11,4710.46,0.01639231069653846,166.67000000000007,Crude oil,CL=F,₹/barrel,Energy
2018-08-03,68.48999786376953,69.23999786376953,67.87000274658203,68.98999786376953,476615,68.6155014038086,4733.78,4750.94,4656.93,4699.48,-0.0023309825367374692,94.00999999999931,Crude oil,CL=F,₹/barrel,Energy
2018-08-06,69.01000213623047,69.91999816894531,68.5,68.6500015258789,495605,68.50499725341797,4702.87,4789.87,4692.59,4727.53,0.005968745478223125,97.27999999999975,Crude oil,CL=F,₹/barrel,Energy
2018-08-07,69.16999816894531,69.83000183105469,68.80999755859375,68.9000015258789,485027,68.80999755859375,4741.01,4805.0,4734.82,4759.59,0.006781554003888024,70.18000000000029,Crude oil,CL=F,₹/barrel,Energy
2018-08-08,66.94000244140625,69.37000274658203,66.31999969482422,69.08999633789062,760313,68.59600067138672,4739.3,4758.5,4549.29,4591.82,-0.0352488344584303,209.21000000000004,Crude oil,CL=F,₹/barrel,Energy
2018-08-09,66.80999755859375,67.41000366210938,66.48999786376953,66.79000091552734,509401,68.45500183105469,4572.11,4614.55,4551.57,4573.48,-0.003994059000570593,62.98000000000047,Crude oil,CL=F,₹/barrel,Energy
2018-08-10,67.62999725341797,67.87000274658203,66.13999938964844,66.73999786376953,524490,69.0999984741211,4611.73,4689.82,4570.27,4673.23,0.02181052502689429,119.54999999999927,Crude oil,CL=F,₹/barrel,Energy
2018-08-13,67.19999694824219,67.94999694824219,65.70999908447266,67.77999877929688,578219,69.08499908447266,4682.58,4694.33,4539.58,4642.51,-0.006573611827365489,154.75,Crude oil,CL=F,₹/barrel,Energy
2018-08-14,67.04000091552734,68.37000274658203,66.58000183105469,67.41999816894531,538484,69.9490966796875,4715.97,4782.42,4657.21,4689.39,0.010097985787860475,125.21000000000004,Crude oil,CL=F,₹/barrel,Energy
2018-08-15,65.01000213623047,66.9000015258789,64.51000213623047,66.62000274658203,573473,69.94999694824219,4660.07,4679.65,4512.47,4547.45,-0.03026832914302302,167.17999999999938,Crude oil,CL=F,₹/barrel,Energy
2018-08-16,65.45999908447266,65.5199966430664,64.43000030517578,64.94999694824219,383380,70.66000366210938,4589.37,4629.64,4552.62,4625.4,0.017141474892522046,77.02000000000044,Crude oil,CL=F,₹/barrel,Energy
2018-08-17,65.91000366210938,66.38999938964844,65.30000305175781,65.47000122070312,171403,70.00499725341797,4583.23,4647.63,4571.33,4614.03,-0.0024581657802568158,76.30000000000018,Crude oil,CL=F,₹/barrel,Energy
2018-08-20,66.43000030517578,66.68000030517578,65.58999633789062,65.91000366210938,112709,69.78500366210938,4599.53,4653.26,4577.2,4635.82,0.004722552735894725,76.0600000000004,Crude oil,CL=F,₹/barrel,Energy
2018-08-21,67.3499984741211,68.0999984741211,66.5199966430664,66.62000274658203,437164,69.73999786376953,4646.08,4749.29,4639.1,4696.99,0.013195076599177735,110.1899999999996,Crude oil,CL=F,₹/barrel,Energy
2018-08-22,67.86000061035156,68.1500015258789,65.9800033569336,66.08000183105469,581899,69.80999755859375,4613.04,4757.55,4606.06,4737.31,0.008584220958528954,151.48999999999978,Crude oil,CL=F,₹/barrel,Energy
2018-08-23,67.83000183105469,68.12000274658203,67.31999969482422,68.06999969482422,450690,69.79000091552734,4750.61,4754.1,4698.26,4733.86,-0.0007282613972909857,55.840000000000146,Crude oil,CL=F,₹/barrel,Energy
2018-08-24,68.72000122070312,69.30999755859375,67.77999877929688,67.9000015258789,517796,70.2750015258789,4771.67,4870.76,4763.24,4829.3,0.020161137000249463,107.52000000000044,Crude oil,CL=F,₹/barrel,Energy
2018-08-27,68.87000274658203,68.97000122070312,68.33999633789062,68.56999969482422,332612,69.76499938964844,4783.79,4811.69,4767.74,4804.72,-0.005089764562151822,43.94999999999982,Crude oil,CL=F,₹/barrel,Energy
2018-08-28,68.52999877929688,69.19999694824219,68.20999908447266,68.93000030517578,426833,69.94499969482422,4821.31,4840.19,4770.95,4793.33,-0.0023705855908356943,69.23999999999978,Crude oil,CL=F,₹/barrel,Energy
2018-08-29,69.51000213623047,69.76000213623047,68.37000274658203,68.54000091552734,497095,70.54000091552734,4834.81,4920.87,4822.82,4903.24,0.02292977950610542,98.05000000000018,Crude oil,CL=F,₹/barrel,Energy
2018-08-30,70.25,70.5,69.55000305175781,69.70999908447266,445584,70.91000366210938,4943.14,4999.16,4931.79,4981.43,0.01594659857563574,67.36999999999989,Crude oil,CL=F,₹/barrel,Energy
2018-08-31,69.80000305175781,70.36000061035156,69.63999938964844,70.05999755859375,419739,71.40499877929688,5002.63,5024.06,4972.64,4984.07,0.000529968302274586,51.42000000000007,Crude oil,CL=F,₹/barrel,Energy
2018-09-04,69.87000274658203,71.4000015258789,69.08000183105469,70.12000274658203,785981,71.06999969482422,4983.43,5074.4,4909.52,4965.66,-0.0036937683459501436,164.8799999999992,Crude oil,CL=F,₹/barrel,Energy
2018-09-05,68.72000122070312,69.58999633789062,68.55999755859375,69.43000030517578,542104,71.75,4981.6,4993.08,4919.18,4930.66,-0.007048408469367606,73.89999999999964,Crude oil,CL=F,₹/barrel,Energy
2018-09-06,67.7699966430664,69.0199966430664,67.0,68.63999938964844,633824,71.88999938964844,4934.53,4961.85,4816.63,4871.99,-0.0118990155476143,145.22000000000025,Crude oil,CL=F,₹/barrel,Energy
2018-09-07,67.75,68.08000183105469,66.86000061035156,67.87999725341797,530895,71.93890380859375,4883.21,4897.6,4809.84,4873.86,0.00038382673199244266,87.76000000000022,Crude oil,CL=F,₹/barrel,Energy
2018-09-10,67.54000091552734,68.5199966430664,67.33000183105469,67.81999969482422,571174,72.09500122070312,4889.48,4939.95,4854.16,4869.3,-0.0009356034026417603,85.78999999999996,Crude oil,CL=F,₹/barrel,Energy
2018-09-11,69.25,70.01000213623047,67.4800033569336,67.52999877929688,676869,72.44499969482422,4892.21,5071.87,4888.59,5016.82,0.03029593576078682,183.27999999999975,Crude oil,CL=F,₹/barrel,Energy
2018-09-12,70.37000274658203,71.26000213623047,69.5,69.88999938964844,800543,72.98999786376953,5101.27,5201.27,5072.8,5136.31,0.023817876662906023,128.47000000000025,Crude oil,CL=F,₹/barrel,Energy
2018-09-13,68.58999633789062,70.27999877929688,68.3499984741211,70.23999786376953,684937,71.92520141601562,5052.03,5054.9,4916.09,4933.35,-0.039514748915077225,138.8099999999995,Crude oil,CL=F,₹/barrel,Energy
2018-09-14,68.98999786376953,69.91000366210938,67.94000244140625,68.79000091552734,611075,72.02749633789062,4954.77,5035.44,4893.55,4969.18,0.007262813301306403,141.88999999999942,Crude oil,CL=F,₹/barrel,Energy
2018-09-17,68.91000366210938,69.72000122070312,68.52999877929688,68.93000030517578,422294,72.09500122070312,4969.51,5026.46,4940.67,4968.07,-0.00022337689518203696,85.78999999999996,Crude oil,CL=F,₹/barrel,Energy
2018-09-18,69.8499984741211,70.41999816894531,68.52999877929688,68.80000305175781,234202,72.53479766845703,4990.39,5107.9,4970.81,5066.56,0.01982459989492913,137.08999999999924,Crude oil,CL=F,₹/barrel,Energy
2018-09-19,71.12000274658203,71.5,69.6500015258789,69.70999908447266,125208,73.12000274658203,5097.2,5228.08,5092.81,5200.29,0.026394634623886803,135.26999999999953,Crude oil,CL=F,₹/barrel,Energy
2018-09-20,70.80000305175781,71.80999755859375,70.7300033569336,71.38999938964844,607520,72.34500122070312,5164.71,5195.09,5116.96,5122.03,-0.015049160719882937,78.13000000000011,Crude oil,CL=F,₹/barrel,Energy
2018-09-21,70.77999877929688,71.80000305175781,69.9800033569336,70.19999694824219,855943,71.72000122070312,5034.74,5149.5,5018.97,5076.34,-0.008920291368851752,130.52999999999975,Crude oil,CL=F,₹/barrel,Energy
2018-09-24,72.08000183105469,72.73999786376953,71.13999938964844,71.13999938964844,576894,72.2300033569336,5138.44,5254.01,5138.44,5206.34,0.02560900176111125,115.57000000000062,Crude oil,CL=F,₹/barrel,Energy
2018-09-25,72.27999877929688,72.77999877929688,71.88999938964844,72.25,551280,73.30000305175781,5295.93,5334.77,5269.54,5298.12,0.017628506782115583,65.23000000000047,Crude oil,CL=F,₹/barrel,Energy
2018-09-26,71.56999969482422,72.37999725341797,71.47000122070312,72.08999633789062,464463,73.08999633789062,5269.06,5290.25,5223.74,5231.05,-0.012659207416970464,66.51000000000022,Crude oil,CL=F,₹/barrel,Energy
2018-09-27,72.12000274658203,72.5999984741211,71.70999908447266,72.01000213623047,454549,72.7699966430664,5240.17,5283.1,5218.34,5248.17,0.0032727655059692218,64.76000000000022,Crude oil,CL=F,₹/barrel,Energy
2018-09-28,73.25,73.7300033569336,71.87999725341797,72.18000030517578,544047,72.94999694824219,5265.53,5378.6,5243.65,5343.59,0.018181575673044126,134.95000000000073,Crude oil,CL=F,₹/barrel,Energy
2018-10-01,75.30000305175781,75.7699966430664,72.94999694824219,73.29000091552734,601451,72.50499725341797,5313.89,5493.7,5289.24,5459.63,0.021715737921509604,204.46000000000004,Crude oil,CL=F,₹/barrel,Energy
2018-10-02,75.2300033569336,75.91000366210938,74.93000030517578,75.41999816894531,463615,73.75499725341797,5562.6,5598.74,5526.46,5548.59,0.016294144474992,72.27999999999975,Crude oil,CL=F,₹/barrel,Energy
2018-10-03,76.41000366210938,76.9000015258789,74.30000305175781,75.12000274658203,698817,73.27999877929688,5504.79,5635.23,5444.7,5599.32,0.009142863322033179,190.52999999999975,Crude oil,CL=F,₹/barrel,Energy
2018-10-04,74.33000183105469,76.47000122070312,73.87999725341797,76.18000030517578,687949,73.8499984741211,5625.89,5647.31,5456.04,5489.27,-0.01965417229234967,191.27000000000044,Crude oil,CL=F,₹/barrel,Energy
2018-10-05,74.33999633789062,75.22000122070312,73.83999633789062,74.66999816894531,613218,74.22000122070312,5542.01,5582.83,5480.4,5517.51,0.005144582066467729,102.43000000000029,Crude oil,CL=F,₹/barrel,Energy
2018-10-08,74.29000091552734,74.58000183105469,73.06999969482422,74.4000015258789,554938,73.76300048828125,5487.97,5501.24,5389.86,5479.85,-0.006825542681390684,111.38000000000011,Crude oil,CL=F,₹/barrel,Energy
2018-10-09,74.95999908447266,75.27999877929688,74.0,74.20999908447266,623537,73.88999938964844,5483.38,5562.44,5467.86,5538.79,0.010755768862286352,94.57999999999993,Crude oil,CL=F,₹/barrel,Energy
2018-10-10,73.16999816894531,75.08000183105469,72.37999725341797,74.66000366210938,652737,74.55000305175781,5565.9,5597.21,5395.93,5454.82,-0.015160350906967102,201.27999999999975,Crude oil,CL=F,₹/barrel,Energy
2018-10-11,70.97000122070312,72.76000213623047,70.51000213623047,72.68000030517578,783962,74.5999984741211,5421.93,5427.9,5260.05,5294.36,-0.029416186051968718,167.84999999999945,Crude oil,CL=F,₹/barrel,Energy
2018-10-12,71.33999633789062,72.01000213623047,70.63999938964844,70.98999786376953,626668,74.16000366210938,5264.62,5340.26,5238.66,5290.57,-0.0007158561185865997,101.60000000000036,Crude oil,CL=F,₹/barrel,Energy
2018-10-15,71.77999877929688,72.69999694824219,70.8499984741211,71.8499984741211,568610,73.6760025024414,5293.62,5356.25,5219.94,5288.46,-0.00039882281115266593,136.3100000000004,Crude oil,CL=F,₹/barrel,Energy
2018-10-16,71.91999816894531,72.29000091552734,71.0199966430664,71.72000122070312,535003,74.08000183105469,5313.02,5355.24,5261.16,5327.83,0.0074445112565850735,94.07999999999993,Crude oil,CL=F,₹/barrel,Energy
2018-10-17,69.75,72.43000030517578,69.43000030517578,72.16999816894531,651584,73.45549774169922,5301.28,5320.38,5100.02,5123.52,-0.03834769502780677,220.35999999999967,Crude oil,CL=F,₹/barrel,Energy
2018-10-18,68.6500015258789,70.02999877929688,68.47000122070312,70.02999877929688,215337,73.91999816894531,5176.62,5176.62,5061.3,5074.61,-0.00954617138217495,115.31999999999971,Crude oil,CL=F,₹/barrel,Energy
2018-10-19,69.12000274658203,69.7699966430664,68.55999755859375,68.68000030517578,108311,74.16000366210938,5093.31,5174.14,5084.41,5125.94,0.01011506302947418,89.73000000000047,Crude oil,CL=F,₹/barrel,Energy
2018-10-22,69.16999816894531,69.6500015258789,68.2699966430664,69.41000366210938,513770,73.46499633789062,5099.21,5116.84,5015.46,5081.57,-0.008655973343425716,101.38000000000011,Crude oil,CL=F,₹/barrel,Energy
2018-10-23,66.43000030517578,69.66000366210938,65.73999786376953,69.55000305175781,853265,73.8594970703125,5136.93,5145.05,4855.52,4906.49,-0.03445391876919923,289.52999999999975,Crude oil,CL=F,₹/barrel,Energy
2018-10-24,66.81999969482422,67.72000122070312,66.05000305175781,66.16999816894531,775963,73.22129821777344,4845.05,4958.55,4836.27,4892.65,-0.0028207537363778012,122.27999999999975,Crude oil,CL=F,₹/barrel,Energy
2018-10-25,67.33000183105469,67.6500015258789,65.98999786376953,66.36000061035156,573096,73.22049713134766,4858.91,4953.37,4831.82,4929.94,0.007621636536437215,121.55000000000018,Crude oil,CL=F,₹/barrel,Energy
2018-10-26,67.58999633789062,67.87999725341797,66.19999694824219,66.94999694824219,595211,73.22019958496094,4902.09,4970.19,4847.18,4948.95,0.003856030702199309,123.00999999999931,Crude oil,CL=F,₹/barrel,Energy
2018-10-29,67.04000091552734,67.94999694824219,66.29000091552734,67.55000305175781,477487,73.125,4939.59,4968.84,4847.46,4902.3,-0.009426241930106327,121.38000000000011,Crude oil,CL=F,₹/barrel,Energy
2018-10-30,66.18000030517578,67.26000213623047,65.33000183105469,66.68000030517578,680441,73.5905990600586,4907.02,4949.7,4807.67,4870.23,-0.006541827305550529,142.02999999999975,Crude oil,CL=F,₹/barrel,Energy
2018-10-31,65.30999755859375,67.0,64.80999755859375,66.31999969482422,666487,73.6500015258789,4884.47,4934.55,4773.26,4810.08,-0.012350546072772639,161.28999999999996,Crude oil,CL=F,₹/barrel,Energy
2018-11-01,63.689998626708984,65.38999938964844,63.11000061035156,64.87999725341797,790286,74.06999969482422,4805.66,4843.44,4674.56,4717.52,-0.019242923194624506,168.8799999999992,Crude oil,CL=F,₹/barrel,Energy
2018-11-02,63.13999938964844,63.95000076293945,62.630001068115234,63.5,708906,73.30999755859375,4655.18,4688.17,4591.41,4628.79,-0.018808611304244716,96.76000000000022,Crude oil,CL=F,₹/barrel,Energy
2018-11-05,63.099998474121094,64.13999938964844,62.52000045776367,62.9900016784668,609129,72.90499877929688,4592.29,4676.13,4558.02,4600.31,-0.006152795871059102,118.10999999999967,Crude oil,CL=F,₹/barrel,Energy
2018-11-06,62.209999084472656,63.31999969482422,61.310001373291016,62.70000076293945,761240,72.86000061035156,4568.32,4613.5,4467.05,4532.62,-0.014714225780436685,146.44999999999982,Crude oil,CL=F,₹/barrel,Energy
2018-11-07,61.66999816894531,63.18000030517578,61.20000076293945,61.7400016784668,866628,73.2300033569336,4521.22,4626.67,4481.68,4516.09,-0.0036468973794405724,144.98999999999978,Crude oil,CL=F,₹/barrel,Energy
2018-11-08,60.66999816894531,62.41999816894531,60.400001525878906,61.63999938964844,764546,72.37999725341797,4461.5,4517.96,4371.75,4391.29,-0.027634524555533724,146.21000000000004,Crude oil,CL=F,₹/barrel,Energy
2018-11-09,60.189998626708984,60.790000915527344,59.2599983215332,60.75,821729,72.9000015258789,4428.68,4431.59,4320.05,4387.85,-0.0007833688961557117,111.53999999999996,Crude oil,CL=F,₹/barrel,Energy
2018-11-12,59.93000030517578,61.279998779296875,58.68000030517578,60.70000076293945,806219,72.47000122070312,4398.93,4440.96,4252.54,4343.13,-0.010191779573139548,188.42000000000007,Crude oil,CL=F,₹/barrel,Energy
2018-11-13,55.689998626708984,59.349998474121094,54.75,58.880001068115234,1095643,73.18000030517578,4308.84,4343.23,4006.61,4075.39,-0.06164678469214602,336.61999999999944,Crude oil,CL=F,₹/barrel,Energy
2018-11-14,56.25,57.369998931884766,55.130001068115234,55.27000045776367,844696,72.55000305175781,4009.84,4162.19,3999.68,4080.94,0.0013618328552604808,162.50999999999976,Crude oil,CL=F,₹/barrel,Energy
2018-11-15,56.459999084472656,57.2599983215332,55.59000015258789,56.02000045776367,256499,72.4000015258789,4055.85,4145.62,4024.72,4087.7,0.0016564811048433992,120.90000000000009,Crude oil,CL=F,₹/barrel,Energy
2018-11-16,56.459999084472656,57.959999084472656,55.88999938964844,56.58000183105469,159001,71.8917007446289,4067.63,4166.84,4018.03,4059.01,-0.007018616826087953,148.80999999999995,Crude oil,CL=F,₹/barrel,Energy
2018-11-19,56.7599983215332,57.33000183105469,55.08000183105469,56.720001220703125,699684,71.7750015258789,4071.08,4114.86,3953.37,4073.95,0.003680700466369702,161.48999999999978,Crude oil,CL=F,₹/barrel,Energy
2018-11-20,53.43000030517578,57.439998626708984,52.77000045776367,57.38999938964844,983120,71.69000244140625,4114.29,4117.87,3783.08,3830.4,-0.05978227518747159,334.78999999999996,Crude oil,CL=F,₹/barrel,Energy
2018-11-21,54.630001068115234,55.86000061035156,53.38999938964844,53.38999938964844,734277,71.41500091552734,3812.85,3989.24,3812.85,3901.4,0.01853592314118635,176.38999999999987,Crude oil,CL=F,₹/barrel,Energy
2018-11-23,50.41999816894531,54.119998931884766,50.150001525878906,53.869998931884766,1014667,70.83499908447266,3815.88,3833.59,3552.38,3571.5,-0.08455938893730452,281.21000000000004,Crude oil,CL=F,₹/barrel,Energy
2018-11-26,51.630001068115234,52.25,50.099998474121094,50.619998931884766,663108,70.66999816894531,3577.32,3692.51,3540.57,3648.69,0.021612767744645156,151.94000000000005,Crude oil,CL=F,₹/barrel,Energy
2018-11-27,51.560001373291016,52.380001068115234,50.29999923706055,51.540000915527344,764010,70.80999755859375,3649.55,3709.03,3561.74,3650.96,0.0006221410972158115,147.29000000000042,Crude oil,CL=F,₹/barrel,Energy
2018-11-28,50.290000915527344,52.560001373291016,50.060001373291016,52.09000015258789,831688,70.87999725341797,3692.14,3725.45,3548.25,3564.56,-0.02366500865525778,177.19999999999982,Crude oil,CL=F,₹/barrel,Energy
2018-11-29,51.45000076293945,52.20000076293945,49.40999984741211,50.310001373291016,812721,70.5999984741211,3551.89,3685.32,3488.35,3632.37,0.019023385775523538,196.97000000000025,Crude oil,CL=F,₹/barrel,Energy
2018-11-30,50.93000030517578,51.790000915527344,49.650001525878906,51.27000045776367,796714,69.91999816894531,3584.8,3621.16,3471.53,3561.03,-0.019640069706555185,149.62999999999965,Crude oil,CL=F,₹/barrel,Energy
2018-12-03,52.95000076293945,53.849998474121094,52.029998779296875,52.45000076293945,758010,69.76000213623047,3658.91,3756.58,3629.61,3693.79,0.03728134837392538,126.9699999999998,Crude oil,CL=F,₹/barrel,Energy
2018-12-04,53.25,54.54999923706055,52.43000030517578,53.130001068115234,738130,70.48500061035156,3744.87,3844.96,3695.53,3753.33,0.0161189455816384,149.42999999999984,Crude oil,CL=F,₹/barrel,Energy
2018-12-06,51.4900016784668,53.29999923706055,50.08000183105469,52.93000030517578,987266,70.87000274658203,3751.15,3777.37,3549.17,3649.1,-0.02777000690053899,228.19999999999982,Crude oil,CL=F,₹/barrel,Energy
2018-12-07,52.61000061035156,54.220001220703125,50.599998474121094,51.7599983215332,987717,70.75,3662.02,3836.07,3579.95,3722.16,0.020021375133594477,256.12000000000035,Crude oil,CL=F,₹/barrel,Energy
2018-12-10,51.0,52.810001373291016,50.529998779296875,52.029998779296875,733225,71.36499786376953,3713.12,3768.79,3606.07,3639.61,-0.022177982676725216,162.7199999999998,Crude oil,CL=F,₹/barrel,Energy
2018-12-11,51.650001525878906,52.43000030517578,50.70000076293945,50.88999938964844,665262,72.7300033569336,3701.23,3813.23,3687.41,3756.5,0.03211607837103414,125.82000000000016,Crude oil,CL=F,₹/barrel,Energy
2018-12-12,51.150001525878906,52.880001068115234,50.939998626708984,51.95000076293945,730810,72.62000274658203,3772.61,3840.15,3699.26,3714.51,-0.011177958205776606,140.88999999999987,Crude oil,CL=F,₹/barrel,Energy
2018-12-13,52.58000183105469,53.27000045776367,50.349998474121094,51.20000076293945,733627,72.1500015258789,3694.08,3843.43,3632.75,3793.65,0.02130563654425477,210.67999999999984,Crude oil,CL=F,₹/barrel,Energy
2018-12-14,51.20000076293945,52.95000076293945,50.84000015258789,52.83000183105469,526839,71.5469970703125,3779.83,3788.41,3637.45,3663.21,-0.03438377288363448,150.96000000000004,Crude oil,CL=F,₹/barrel,Energy
2018-12-17,49.880001068115234,51.869998931884766,49.0099983215332,51.25,211257,71.91000366210938,3685.39,3729.97,3524.31,3586.87,-0.020839646102735032,205.65999999999985,Crude oil,CL=F,₹/barrel,Energy
2018-12-18,46.2400016784668,49.59000015258789,45.790000915527344,49.15999984741211,120101,71.58999633789062,3519.36,3550.15,3278.11,3310.32,-0.07710064763986424,272.03999999999996,Crude oil,CL=F,₹/barrel,Energy
2018-12-19,47.20000076293945,48.0,45.93000030517578,45.93000030517578,817721,70.56999969482422,3241.28,3387.36,3241.28,3330.9,0.00621692162691212,146.07999999999993,Crude oil,CL=F,₹/barrel,Energy
2018-12-20,45.880001068115234,47.5099983215332,45.66999816894531,47.38999938964844,794130,70.68550109863281,3349.79,3358.27,3228.21,3243.05,-0.02637425320483955,130.05999999999995,Crude oil,CL=F,₹/barrel,Energy
2018-12-21,45.59000015258789,46.77000045776367,45.130001068115234,46.25,694003,70.30000305175781,3251.38,3287.93,3172.64,3204.98,-0.011738949445737834,115.28999999999996,Crude oil,CL=F,₹/barrel,Energy
2018-12-24,42.529998779296875,46.2400016784668,42.36000061035156,45.45000076293945,415859,70.13999938964844,3187.86,3243.27,2971.13,2983.05,-0.06924536190553443,272.1399999999999,Crude oil,CL=F,₹/barrel,Energy
2018-12-26,46.220001220703125,47.0,42.52000045776367,42.849998474121094,698408,70.23999786376953,3009.78,3301.28,2986.6,3246.49,0.08831229781599359,314.6800000000003,Crude oil,CL=F,₹/barrel,Energy
2018-12-27,44.61000061035156,46.70000076293945,44.369998931884766,46.58000183105469,665590,70.1500015258789,3267.59,3276.01,3112.56,3129.39,-0.03606972453326518,163.45000000000027,Crude oil,CL=F,₹/barrel,Energy
2018-12-28,45.33000183105469,46.220001220703125,44.41999816894531,45.439998626708984,564385,69.98999786376953,3180.35,3234.94,3108.96,3172.65,0.013823780353359627,125.98000000000002,Crude oil,CL=F,₹/barrel,Energy
2018-12-31,45.40999984741211,46.529998779296875,44.72999954223633,45.220001220703125,476970,69.92250061035156,3161.9,3253.49,3127.63,3175.18,0.000797440625344592,125.85999999999967,Crude oil,CL=F,₹/barrel,Energy
2019-01-02,46.540000915527344,47.779998779296875,44.349998474121094,45.79999923706055,850480,69.70999908447266,3192.72,3330.74,3091.64,3244.3,0.021768844600936088,239.0999999999999,Crude oil,CL=F,₹/barrel,Energy
2019-01-03,47.09000015258789,47.4900016784668,45.349998474121094,46.2599983215332,788718,69.95999908447266,3236.35,3322.4,3172.69,3294.42,0.015448632987085098,149.71000000000004,Crude oil,CL=F,₹/barrel,Energy
2019-01-04,47.959999084472656,49.220001220703125,46.650001525878906,46.900001525878906,817277,70.30000305175781,3297.07,3460.17,3279.5,3371.59,0.023424457112329433,180.67000000000007,Crude oil,CL=F,₹/barrel,Energy
2019-01-07,48.52000045776367,49.790000915527344,48.11000061035156,48.29999923706055,819939,69.5250015258789,3358.06,3461.65,3344.85,3373.35,0.0005220089038109332,116.80000000000018,Crude oil,CL=F,₹/barrel,Energy
2019-01-08,49.779998779296875,49.95000076293945,48.310001373291016,48.72999954223633,765981,69.80999755859375,3401.84,3487.01,3372.52,3475.14,0.030174752101027158,114.49000000000024,Crude oil,CL=F,₹/barrel,Energy
2019-01-09,52.36000061035156,52.58000183105469,49.709999084472656,49.79999923706055,891922,70.33000183105469,3502.43,3697.95,3496.1,3682.48,0.059663783329592546,201.8499999999999,Crude oil,CL=F,₹/barrel,Energy
2019-01-10,52.59000015258789,52.779998779296875,51.369998931884766,52.18000030517578,821782,70.55049896240234,3681.33,3723.66,3624.18,3710.25,0.007541113597358207,99.48000000000002,Crude oil,CL=F,₹/barrel,Energy
2019-01-11,51.59000015258789,53.310001373291016,51.18000030517578,52.279998779296875,812339,70.72000122070312,3697.24,3770.08,3619.45,3648.44,-0.016659254767198983,150.6300000000001,Crude oil,CL=F,₹/barrel,Energy
2019-01-14,50.5099983215332,52.11000061035156,50.380001068115234,51.72999954223633,791527,70.37000274658203,3640.24,3666.98,3545.24,3554.39,-0.025778140794421756,121.74000000000024,Crude oil,CL=F,₹/barrel,Energy
2019-01-15,52.11000061035156,52.29999923706055,50.63999938964844,50.779998779296875,664183,71.08499908447266,3609.7,3717.75,3599.74,3704.24,0.042159132790718035,118.01000000000022,Crude oil,CL=F,₹/barrel,Energy
2019-01-16,52.310001373291016,52.52000045776367,51.2599983215332,52.0,694182,71.09249877929688,3696.81,3733.78,3644.2,3718.85,0.003944128890136733,89.58000000000038,Crude oil,CL=F,₹/barrel,Energy
2019-01-17,52.06999969482422,52.58000183105469,50.97999954223633,52.29999923706055,288560,71.36499786376953,3732.39,3752.37,3638.19,3715.98,-0.000771743953103754,114.17999999999984,Crude oil,CL=F,₹/barrel,Energy
2019-01-18,53.79999923706055,53.91999816894531,52.09000015258789,52.22999954223633,193099,71.03019714355469,3709.91,3829.95,3699.96,3821.42,0.028374749056776505,129.98999999999978,Crude oil,CL=F,₹/barrel,Energy
2019-01-22,52.56999969482422,54.2400016784668,51.79999923706055,53.72999954223633,951158,71.5,3841.69,3878.16,3703.7,3758.75,-0.01639966295251505,174.46000000000004,Crude oil,CL=F,₹/barrel,Energy
2019-01-23,52.619998931884766,53.63999938964844,51.86000061035156,52.95000076293945,702866,71.2302017211914,3771.64,3820.79,3694.0,3748.13,-0.0028254073827734816,126.78999999999996,Crude oil,CL=F,₹/barrel,Energy
2019-01-24,53.130001068115234,53.470001220703125,52.06999969482422,52.45000076293945,714415,71.15730285644531,3732.2,3804.78,3705.16,3780.59,0.008660318612214724,99.62000000000035,Crude oil,CL=F,₹/barrel,Energy
2019-01-25,53.689998626708984,53.939998626708984,52.90999984741211,53.16999816894531,593385,70.98999786376953,3774.54,3829.2,3756.08,3811.45,0.00816274708444964,73.11999999999989,Crude oil,CL=F,₹/barrel,Energy
2019-01-28,51.9900016784668,53.63999938964844,51.33000183105469,53.560001373291016,650667,70.9749984741211,3801.42,3807.1,3643.15,3689.99,-0.03186713717876399,163.94999999999982,Crude oil,CL=F,₹/barrel,Energy
2019-01-29,53.310001373291016,53.93000030517578,51.84000015258789,52.119998931884766,660527,71.09010314941406,3705.22,3833.89,3685.31,3789.81,0.027051563825376324,148.57999999999993,Crude oil,CL=F,₹/barrel,Energy
2019-01-30,54.22999954223633,54.93000030517578,53.09000015258789,53.2400016784668,731312,71.62000274658203,3813.05,3934.09,3802.31,3883.95,0.02484029542378119,131.7800000000002,Crude oil,CL=F,₹/barrel,Energy
2019-01-31,53.790000915527344,55.369998931884766,53.619998931884766,54.279998779296875,718650,71.12000274658203,3860.39,3937.91,3813.45,3825.55,-0.01503623888052108,124.46000000000004,Crude oil,CL=F,₹/barrel,Energy
2019-02-01,55.2599983215332,55.65999984741211,53.369998931884766,54.0099983215332,689566,71.19999694824219,3845.51,3962.99,3799.94,3934.51,0.028482179033080257,163.04999999999973,Crude oil,CL=F,₹/barrel,Energy
2019-02-04,54.560001373291016,55.75,53.290000915527344,55.31999969482422,622472,71.45169830322266,3952.71,3983.43,3807.66,3898.4,-0.009177762923464505,175.76999999999998,Crude oil,CL=F,₹/barrel,Energy
2019-02-05,53.65999984741211,55.209999084472656,53.470001220703125,54.86000061035156,609756,71.68499755859375,3932.64,3957.73,3833.0,3846.62,-0.01328237225528428,124.73000000000002,Crude oil,CL=F,₹/barrel,Energy
2019-02-06,54.0099983215332,54.29999923706055,52.86000061035156,53.72999954223633,606720,71.7699966430664,3856.2,3897.11,3793.76,3876.3,0.007715864837181785,103.34999999999991,Crude oil,CL=F,₹/barrel,Energy
2019-02-07,52.63999938964844,54.209999084472656,51.79999923706055,53.939998626708984,749010,71.54049682617188,3858.89,3878.21,3705.8,3765.89,-0.02848334752212167,172.40999999999985,Crude oil,CL=F,₹/barrel,Energy
2019-02-08,52.720001220703125,52.9900016784668,52.08000183105469,52.59000015258789,621003,71.58000183105469,3764.39,3793.02,3727.89,3773.7,0.002073878950261454,65.13000000000011,Crude oil,CL=F,₹/barrel,Energy
2019-02-11,52.40999984741211,52.779998779296875,51.22999954223633,52.65999984741211,750242,71.1500015258789,3746.76,3755.3,3645.01,3728.97,-0.011853088480801355,110.28999999999996,Crude oil,CL=F,₹/barrel,Energy
2019-02-12,53.099998474121094,54.04999923706055,52.290000915527344,52.470001220703125,708312,71.2300033569336,3737.44,3849.98,3724.62,3782.31,0.014304218054851603,125.36000000000013,Crude oil,CL=F,₹/barrel,Energy
2019-02-13,53.900001525878906,54.599998474121094,53.27000045776367,53.349998474121094,706552,70.80999755859375,3777.71,3866.23,3772.05,3816.66,0.009081751627973311,94.17999999999984,Crude oil,CL=F,₹/barrel,Energy
2019-02-14,54.40999984741211,54.68000030517578,53.08000183105469,53.959999084472656,623546,70.86509704589844,3823.88,3874.9,3761.52,3855.77,0.010247179471055912,113.38000000000011,Crude oil,CL=F,₹/barrel,Energy
2019-02-15,55.59000015258789,55.869998931884766,54.2400016784668,54.47999954223633,276907,71.01000213623047,3868.62,3967.33,3851.58,3947.45,0.023777351864867402,115.75,Crude oil,CL=F,₹/barrel,Energy
2019-02-19,56.09000015258789,56.33000183105469,55.290000915527344,55.779998779296875,153728,71.69999694824219,3999.43,4038.86,3964.29,4021.65,0.018796944863139542,74.57000000000016,Crude oil,CL=F,₹/barrel,Energy
2019-02-20,56.91999816894531,57.54999923706055,55.47999954223633,55.939998626708984,685111,71.5999984741211,4005.3,4120.58,3972.37,4075.47,0.01338256685688699,148.21000000000004,Crude oil,CL=F,₹/barrel,Energy
2019-02-21,56.959999084472656,57.61000061035156,56.63999938964844,57.2400016784668,546202,71.30000305175781,4081.21,4107.59,4038.43,4061.25,-0.0034891681204867186,69.16000000000031,Crude oil,CL=F,₹/barrel,Energy
2019-02-22,57.2599983215332,57.810001373291016,56.709999084472656,56.84000015258789,513439,71.18499755859375,4046.16,4115.2,4036.9,4076.05,0.0036441982148354146,78.29999999999973,Crude oil,CL=F,₹/barrel,Energy
2019-02-25,55.47999954223633,57.529998779296875,55.08000183105469,57.16999816894531,723012,71.03099822998047,4060.84,4086.41,3912.39,3940.8,-0.033181634180149855,174.01999999999998,Crude oil,CL=F,₹/barrel,Energy
2019-02-26,55.5,56.08000183105469,55.02000045776367,55.459999084472656,538919,71.08999633789062,3942.65,3986.73,3911.37,3945.49,0.0011901136825009928,75.36000000000013,Crude oil,CL=F,₹/barrel,Energy
2019-02-27,56.939998626708984,57.38999938964844,55.720001220703125,55.95000076293945,577227,70.94000244140625,3969.09,4071.25,3952.78,4039.32,0.023781583529548955,118.4699999999998,Crude oil,CL=F,₹/barrel,Energy
2019-02-28,57.220001220703125,57.43000030517578,56.43000030517578,57.0,496678,71.19000244140625,4057.83,4088.44,4017.25,4073.49,0.008459344642167466,71.19000000000005,Crude oil,CL=F,₹/barrel,Energy
2019-03-01,55.79999923706055,57.880001068115234,55.56999969482422,57.220001220703125,684186,70.81600189208984,4052.09,4098.83,3935.25,3951.53,-0.029939928660681514,163.57999999999993,Crude oil,CL=F,₹/barrel,Energy
2019-03-04,56.59000015258789,57.0,55.810001373291016,55.83000183105469,549396,70.98999786376953,3963.37,4046.43,3961.95,4017.32,0.01664924725359551,84.48000000000002,Crude oil,CL=F,₹/barrel,Energy
2019-03-05,56.560001373291016,57.189998626708984,56.09000015258789,56.45000076293945,538399,70.9000015258789,4002.31,4054.77,3976.78,4010.1,-0.0017972180458615261,77.98999999999978,Crude oil,CL=F,₹/barrel,Energy
2019-03-06,56.220001220703125,56.400001525878906,55.41999816894531,56.279998779296875,637677,70.74250030517578,3981.39,3989.88,3920.55,3977.14,-0.008219246402832892,69.32999999999993,Crude oil,CL=F,₹/barrel,Energy
2019-03-07,56.65999984741211,56.9900016784668,56.08000183105469,56.20000076293945,628824,70.36499786376953,3954.51,4010.1,3946.07,3986.88,0.0024489960122098253,64.02999999999975,Crude oil,CL=F,₹/barrel,Energy
2019-03-08,56.06999969482422,56.5099983215332,54.52000045776367,56.43000030517578,747358,70.48750305175781,3977.61,3983.25,3842.98,3952.23,-0.008691006501324372,140.26999999999998,Crude oil,CL=F,₹/barrel,Energy
2019-03-11,56.790000915527344,57.0099983215332,55.959999084472656,56.06999969482422,597156,69.98690032958984,3924.17,3989.95,3916.47,3974.56,0.00564997482433971,73.48000000000002,Crude oil,CL=F,₹/barrel,Energy
2019-03-12,56.869998931884766,57.54999923706055,56.7400016784668,56.7599983215332,652798,69.79010009765625,3961.29,4016.42,3959.89,3968.96,-0.00140896099190857,56.5300000000002,Crude oil,CL=F,₹/barrel,Energy
2019-03-13,58.2599983215332,58.47999954223633,57.0099983215332,57.09000015258789,610616,69.84500122070312,3987.45,4084.54,3981.86,4069.17,0.025248427799725803,102.67999999999984,Crude oil,CL=F,₹/barrel,Energy
2019-03-14,58.61000061035156,58.7400016784668,58.0,58.349998474121094,567604,69.72630310058594,4068.53,4095.72,4044.13,4086.66,0.004298173829060836,51.58999999999969,Crude oil,CL=F,₹/barrel,Energy
2019-03-15,58.52000045776367,58.95000076293945,57.7400016784668,58.5099983215332,507393,69.3373031616211,4056.93,4087.43,4003.54,4057.62,-0.007106047481317268,83.88999999999987,Crude oil,CL=F,₹/barrel,Energy
2019-03-18,59.09000015258789,59.22999954223633,58.04999923706055,58.45000076293945,157241,68.9530029296875,4030.3,4084.09,4002.72,4074.43,0.004142822639872534,81.37000000000035,Crude oil,CL=F,₹/barrel,Energy
2019-03-19,59.029998779296875,59.56999969482422,58.619998931884766,59.0099983215332,114822,68.61799621582031,4049.15,4087.57,4022.39,4050.52,-0.005868305505309923,65.18000000000029,Crude oil,CL=F,₹/barrel,Energy
2019-03-20,59.83000183105469,60.119998931884766,58.38999938964844,59.02000045776367,786342,69.31749725341797,4091.12,4167.37,4047.45,4147.27,0.023885822067290174,119.92000000000007,Crude oil,CL=F,₹/barrel,Energy
2019-03-21,59.97999954223633,60.38999938964844,59.65999984741211,59.9900016784668,655380,68.82499694824219,4128.81,4156.34,4106.1,4128.12,-0.004617495364420576,50.23999999999978,Crude oil,CL=F,₹/barrel,Energy
2019-03-22,59.040000915527344,60.06999969482422,58.279998779296875,59.869998931884766,738840,68.93000030517578,4126.84,4140.63,4017.24,4069.63,-0.014168677267133667,123.39000000000033,Crude oil,CL=F,₹/barrel,Energy
2019-03-25,58.81999969482422,59.349998474121094,58.16999816894531,58.97999954223633,705399,69.1604995727539,4079.09,4104.68,4023.07,4068.02,-0.0003956133604283707,81.61000000000013,Crude oil,CL=F,₹/barrel,Energy
2019-03-26,59.939998626708984,60.380001068115234,59.040000915527344,59.119998931884766,685988,68.92340087890625,4074.75,4161.6,4069.24,4131.27,0.01554810448326216,92.36000000000058,Crude oil,CL=F,₹/barrel,Energy
2019-03-27,59.40999984741211,60.220001220703125,58.810001373291016,60.029998779296875,732150,69.42749786376953,4167.73,4180.92,4083.03,4124.69,-0.0015927305646933343,97.88999999999987,Crude oil,CL=F,₹/barrel,Energy
2019-03-28,59.29999923706055,59.560001373291016,58.20000076293945,59.400001525878906,712209,69.37000274658203,4120.58,4131.68,4037.33,4113.64,-0.0026789892088858736,94.35000000000036,Crude oil,CL=F,₹/barrel,Energy
2019-03-29,60.13999938964844,60.72999954223633,59.40999984741211,59.529998779296875,705559,69.5,4137.33,4220.73,4128.99,4179.73,0.016066063146021436,91.73999999999978,Crude oil,CL=F,₹/barrel,Energy
2019-04-01,61.59000015258789,61.79999923706055,60.130001068115234,60.2400016784668,670808,69.43000030517578,4182.46,4290.77,4174.83,4276.19,0.023078045711086626,115.94000000000051,Crude oil,CL=F,₹/barrel,Energy
2019-04-02,62.58000183105469,62.75,61.599998474121094,61.810001373291016,793227,69.19529724121094,4276.96,4342.0,4262.43,4330.24,0.012639756418681092,79.56999999999971,Crude oil,CL=F,₹/barrel,Energy
2019-04-03,62.459999084472656,62.9900016784668,62.04999923706055,62.63999938964844,799672,68.91020202636719,4316.54,4340.65,4275.88,4304.13,-0.006029688885604401,64.76999999999953,Crude oil,CL=F,₹/barrel,Energy
2019-04-04,62.099998474121094,62.77000045776367,61.88999938964844,62.5,684973,68.8499984741211,4303.12,4321.71,4261.13,4275.58,-0.0066331639611257875,60.57999999999993,Crude oil,CL=F,₹/barrel,Energy
2019-04-05,63.08000183105469,63.34000015258789,61.81999969482422,62.18000030517578,686862,68.97039794921875,4288.58,4368.59,4263.75,4350.65,0.017557851800223512,104.84000000000015,Crude oil,CL=F,₹/barrel,Energy
2019-04-08,64.4000015258789,64.4800033569336,63.130001068115234,63.33000183105469,895767,69.16000366210938,4379.9,4459.44,4366.07,4453.9,0.023732086010136433,93.36999999999989,Crude oil,CL=F,₹/barrel,Energy
2019-04-09,63.97999954223633,64.79000091552734,63.68000030517578,64.4000015258789,790677,69.55249786376953,4479.18,4506.31,4429.1,4449.97,-0.0008823727519700064,77.21000000000004,Crude oil,CL=F,₹/barrel,Energy
2019-04-10,64.61000061035156,64.69999694824219,64.05000305175781,64.22000122070312,722216,69.26180267333984,4447.99,4481.24,4436.22,4475.01,0.005627004226994803,45.01999999999953,Crude oil,CL=F,₹/barrel,Energy
2019-04-11,63.58000183105469,64.48999786376953,63.310001373291016,64.4800033569336,760504,69.14019775390625,4458.16,4458.85,4377.27,4395.93,-0.01767146889057225,81.57999999999993,Crude oil,CL=F,₹/barrel,Energy
2019-04-12,63.88999938964844,64.6500015258789,63.65999984741211,63.709999084472656,625588,69.43000030517578,4423.39,4488.65,4419.91,4435.88,0.009087951809969574,68.73999999999978,Crude oil,CL=F,₹/barrel,Energy
2019-04-15,63.400001525878906,63.84000015258789,63.029998779296875,63.7599983215332,555858,69.16100311279297,4409.71,4415.24,4359.22,4384.81,-0.01151293542656695,56.01999999999953,Crude oil,CL=F,₹/barrel,Energy
2019-04-16,64.05000305175781,64.37000274658203,62.9900016784668,63.56999969482422,547469,69.80999755859375,4437.82,4493.67,4397.33,4471.33,0.019731755765928227,96.34000000000015,Crude oil,CL=F,₹/barrel,Energy
2019-04-17,63.7599983215332,64.61000061035156,63.65999984741211,64.31999969482422,235376,69.88500213623047,4495.0,4515.27,4448.88,4455.87,-0.0034575842087253283,66.39000000000033,Crude oil,CL=F,₹/barrel,Energy
2019-04-18,64.0,64.16000366210938,63.459999084472656,63.75,148238,69.4010009765625,4424.31,4452.77,4404.19,4441.66,-0.0031890517452259903,48.58000000000084,Crude oil,CL=F,₹/barrel,Energy
2019-04-22,65.69999694824219,65.91999816894531,64.0,64.0,763527,69.36000061035156,4439.04,4572.21,4439.04,4556.95,0.02595651175461433,133.17000000000007,Crude oil,CL=F,₹/barrel,Energy
2019-04-23,66.30000305175781,66.5999984741211,65.58000183105469,65.75,700598,70.0625,4606.61,4666.16,4594.7,4645.14,0.01935285662559405,71.46000000000004,Crude oil,CL=F,₹/barrel,Energy
2019-04-24,65.88999938964844,66.43000030517578,65.66000366210938,66.16999816894531,678386,69.75800323486328,4615.89,4634.02,4580.31,4596.35,-0.010503450918594504,53.710000000000036,Crude oil,CL=F,₹/barrel,Energy
2019-04-25,65.20999908447266,66.27999877929688,64.9000015258789,65.80999755859375,603001,70.0958023071289,4613.0,4645.95,4549.22,4570.95,-0.005526123989687548,96.72999999999956,Crude oil,CL=F,₹/barrel,Energy
2019-04-26,63.29999923706055,65.18000030517578,62.279998779296875,65.12999725341797,1000836,70.16000366210938,4569.52,4573.03,4369.56,4441.13,-0.028401098239971945,203.46999999999935,Crude oil,CL=F,₹/barrel,Energy
2019-04-29,63.5,63.689998626708984,62.459999084472656,62.95000076293945,654076,69.84200286865234,4396.55,4448.24,4362.33,4434.97,-0.0013870343808894958,85.90999999999985,Crude oil,CL=F,₹/barrel,Energy
2019-04-30,63.90999984741211,64.75,63.29999923706055,63.58000183105469,750494,69.81179809570312,4438.63,4520.31,4419.09,4461.67,0.00602033384667755,101.22000000000025,Crude oil,CL=F,₹/barrel,Energy
2019-05-01,63.599998474121094,63.93000030517578,62.77000045776367,63.400001525878906,676872,69.55599975585938,4409.85,4446.72,4366.03,4423.76,-0.008496818455869581,80.69000000000051,Crude oil,CL=F,₹/barrel,Energy
2019-05-02,61.810001373291016,63.68000030517578,60.95000076293945,63.61000061035156,914661,69.63289642333984,4429.35,4434.22,4244.13,4304.01,-0.027069732535218938,190.09000000000015,Crude oil,CL=F,₹/barrel,Energy
2019-05-03,61.939998626708984,62.52000045776367,61.29999923706055,61.54999923706055,646866,69.42440032958984,4273.07,4340.41,4255.72,4300.15,-0.0008968380649674312,84.6899999999996,Crude oil,CL=F,₹/barrel,Energy
2019-05-06,62.25,62.95000076293945,60.040000915527344,61.43000030517578,768810,69.16799926757812,4248.99,4354.13,4152.85,4305.71,0.0012929781519250838,201.27999999999975,Crude oil,CL=F,₹/barrel,Energy
2019-05-07,61.400001525878906,62.4900016784668,60.65999984741211,62.16999816894531,842810,69.40029907226562,4314.62,4336.82,4209.82,4261.18,-0.010342080632462447,127.0,Crude oil,CL=F,₹/barrel,Energy
2019-05-08,62.119998931884766,62.369998931884766,61.06999969482422,61.439998626708984,791769,69.91000366210938,4295.27,4360.29,4269.4,4342.81,0.019156665524572958,90.89000000000033,Crude oil,CL=F,₹/barrel,Energy
2019-05-09,61.70000076293945,62.209999084472656,60.91999816894531,62.02000045776367,769583,70.01000213623047,4342.02,4355.32,4265.01,4319.62,-0.005339860597171064,90.30999999999949,Crude oil,CL=F,₹/barrel,Energy
2019-05-10,61.65999984741211,62.4900016784668,61.41999816894531,61.63999938964844,786494,70.41000366210938,4340.07,4399.92,4324.58,4341.48,0.005060630333223681,75.34000000000015,Crude oil,CL=F,₹/barrel,Energy
2019-05-13,61.040000915527344,63.33000183105469,60.63999938964844,61.650001525878906,1003106,69.92250061035156,4310.72,4428.19,4240.1,4268.07,-0.016908980347715485,188.08999999999924,Crude oil,CL=F,₹/barrel,Energy
2019-05-14,61.779998779296875,62.11000061035156,60.689998626708984,60.86000061035156,751668,70.61699676513672,4297.75,4386.02,4285.75,4362.72,0.02217629982638525,100.27000000000044,Crude oil,CL=F,₹/barrel,Energy
2019-05-15,62.02000045776367,62.34000015258789,60.849998474121094,61.369998931884766,723001,70.30699920654297,4314.74,4382.94,4278.18,4360.44,-0.000522609748047187,104.75999999999931,Crude oil,CL=F,₹/barrel,Energy
2019-05-16,62.869998931884766,63.47999954223633,62.08000183105469,62.119998931884766,545679,70.20919799804688,4361.4,4456.88,4358.59,4414.05,0.012294630817073715,98.28999999999996,Crude oil,CL=F,₹/barrel,Energy
2019-05-17,62.7599983215332,63.63999938964844,62.52000045776367,63.119998931884766,215802,70.23500061035156,4433.23,4469.76,4391.09,4407.95,-0.0013819508161440064,78.67000000000007,Crude oil,CL=F,₹/barrel,Energy
2019-05-20,63.099998474121094,63.810001373291016,62.45000076293945,63.529998779296875,131888,70.28150177001953,4464.98,4484.66,4389.08,4434.76,0.006082192402363962,95.57999999999993,Crude oil,CL=F,₹/barrel,Energy
2019-05-21,62.9900016784668,63.599998474121094,62.75,63.279998779296875,641680,70.12750244140625,4437.67,4460.11,4400.5,4417.33,-0.003930314154542813,59.60999999999967,Crude oil,CL=F,₹/barrel,Energy
2019-05-22,61.41999816894531,62.779998779296875,61.029998779296875,62.63999938964844,766728,70.12750244140625,4392.79,4402.6,4279.88,4307.23,-0.024924558500270644,122.72000000000025,Crude oil,CL=F,₹/barrel,Energy
2019-05-23,57.90999984741211,61.290000915527344,57.33000183105469,61.27000045776367,1108052,69.97250366210938,4287.22,4288.61,4011.52,4052.11,-0.05923064243144649,277.0899999999997,Crude oil,CL=F,₹/barrel,Energy
2019-05-24,58.630001068115234,59.099998474121094,57.5,58.209999084472656,758099,69.94499969482422,4071.5,4133.75,4021.84,4100.88,0.012035704855001494,111.90999999999985,Crude oil,CL=F,₹/barrel,Energy
2019-05-28,59.13999938964844,59.56999969482422,58.130001068115234,58.939998626708984,1020323,69.72000122070312,4109.3,4153.22,4052.82,4123.24,0.00545248824642508,100.40000000000009,Crude oil,CL=F,₹/barrel,Energy
2019-05-29,58.810001373291016,59.13999938964844,56.880001068115234,59.06999969482422,1124959,69.875,4127.52,4132.41,3974.49,4109.35,-0.0033687100435578765,157.92000000000007,Crude oil,CL=F,₹/barrel,Energy
2019-05-30,56.59000015258789,59.70000076293945,56.33000183105469,59.119998931884766,842281,69.81500244140625,4127.46,4167.96,3932.68,3950.83,-0.03857544380498146,235.2800000000002,Crude oil,CL=F,₹/barrel,Energy
2019-05-31,53.5,56.61000061035156,53.04999923706055,56.459999084472656,1031488,69.9800033569336,3951.07,3961.57,3712.44,3743.93,-0.052368742770506516,249.1300000000001,Crude oil,CL=F,₹/barrel,Energy
2019-06-03,53.25,54.630001068115234,52.11000061035156,53.41999816894531,984308,69.5696029663086,3716.41,3800.59,3625.27,3704.58,-0.010510346080188415,175.32000000000016,Crude oil,CL=F,₹/barrel,Energy
2019-06-04,53.47999954223633,53.779998779296875,52.43000030517578,52.88999938964844,831625,69.16190338134766,3657.97,3719.53,3626.16,3698.78,-0.0015656295720432034,93.37000000000035,Crude oil,CL=F,₹/barrel,Energy
2019-06-05,51.68000030517578,53.40999984741211,50.599998474121094,52.86000061035156,943186,69.55999755859375,3676.94,3715.2,3519.74,3594.86,-0.028095750490702343,195.46000000000004,Crude oil,CL=F,₹/barrel,Energy
2019-06-06,52.59000015258789,53.29999923706055,51.16999816894531,51.65999984741211,790067,69.625,3596.83,3711.01,3562.71,3661.58,0.018559832649950092,148.30000000000018,Crude oil,CL=F,₹/barrel,Energy
2019-06-07,53.9900016784668,54.31999969482422,52.619998931884766,53.099998474121094,828133,69.36000061035156,3683.02,3767.64,3649.72,3744.75,0.0227142381157861,117.92000000000007,Crude oil,CL=F,₹/barrel,Energy
2019-06-10,53.2599983215332,54.84000015258789,53.04999923706055,54.2400016784668,687146,69.34500122070312,3761.27,3802.88,3678.75,3693.31,-0.01373656452366645,124.13000000000011,Crude oil,CL=F,₹/barrel,Energy
2019-06-11,53.27000045776367,54.040000915527344,52.90999984741211,53.43000030517578,642940,69.52349853515625,3714.64,3757.05,3678.49,3703.52,0.0027644578981997903,78.5600000000004,Crude oil,CL=F,₹/barrel,Energy
2019-06-12,51.13999938964844,53.04999923706055,50.720001220703125,53.040000915527344,786105,69.3864974975586,3680.26,3680.95,3519.28,3548.43,-0.041876377068302606,161.66999999999962,Crude oil,CL=F,₹/barrel,Energy
2019-06-13,52.279998779296875,53.45000076293945,50.91999816894531,51.06999969482422,945024,69.69999694824219,3559.58,3725.46,3549.12,3643.92,0.02691049280949609,176.34000000000015,Crude oil,CL=F,₹/barrel,Energy
2019-06-14,52.5099983215332,52.97999954223633,51.70000076293945,52.18000030517578,574229,69.80000305175781,3642.16,3698.0,3608.66,3665.2,0.005839864761026492,89.34000000000015,Crude oil,CL=F,₹/barrel,Energy
2019-06-17,51.93000030517578,52.7400016784668,51.58000183105469,52.5,397868,69.77050018310547,3662.95,3679.7,3598.76,3623.18,-0.01146458583433374,80.9399999999996,Crude oil,CL=F,₹/barrel,Energy
2019-06-18,53.900001525878906,54.310001373291016,51.5,51.95000076293945,181640,70.11250305175781,3642.34,3807.81,3610.79,3779.06,0.04302297981331327,197.01999999999998,Crude oil,CL=F,₹/barrel,Energy
2019-06-19,53.7599983215332,54.41999816894531,53.279998779296875,54.09000015258789,122838,69.76499938964844,3773.59,3796.61,3717.08,3750.57,-0.007538911792879688,79.5300000000002,Crude oil,CL=F,₹/barrel,Energy
2019-06-20,56.650001525878906,57.02000045776367,54.11000061035156,54.119998931884766,854514,69.87000274658203,3781.36,3983.99,3780.67,3958.14,0.0553435877746582,203.3199999999997,Crude oil,CL=F,₹/barrel,Energy
2019-06-21,57.43000030517578,57.97999954223633,56.65999984741211,57.2599983215332,676047,69.77999877929688,3995.6,4045.84,3953.73,4007.47,0.012462924504944128,92.11000000000013,Crude oil,CL=F,₹/barrel,Energy
2019-06-24,57.900001525878906,58.220001220703125,56.75,57.720001220703125,597164,69.56990051269531,4015.57,4050.36,3948.09,4028.1,0.005147886322293127,102.26999999999998,Crude oil,CL=F,₹/barrel,Energy
2019-06-25,57.83000183105469,58.84000015258789,57.20000076293945,57.7400016784668,673140,69.60250091552734,4018.85,4095.41,3981.26,4025.11,-0.0007422854447505234,114.14999999999964,Crude oil,CL=F,₹/barrel,Energy
2019-06-26,59.380001068115234,59.93000030517578,58.650001525878906,58.84000015258789,686817,69.63749694824219,4097.47,4173.38,4084.24,4135.07,0.027318508065617975,89.14000000000033,Crude oil,CL=F,₹/barrel,Energy
2019-06-27,59.43000030517578,59.72999954223633,58.61000061035156,59.27000045776367,531405,69.60250091552734,4125.34,4157.36,4079.4,4136.48,0.00034098576323970953,77.95999999999958,Crude oil,CL=F,₹/barrel,Energy
2019-06-28,58.470001220703125,59.79999923706055,57.75,59.220001220703125,556101,69.32499694824219,4105.43,4145.63,4003.52,4053.43,-0.020077457161644663,142.11000000000013,Crude oil,CL=F,₹/barrel,Energy
2019-07-01,59.09000015258789,60.279998779296875,58.34000015258789,59.27000045776367,674887,68.94049835205078,4086.1,4155.73,4021.99,4073.69,0.004998236061804606,133.73999999999978,Crude oil,CL=F,₹/barrel,Energy
2019-07-02,56.25,59.43000030517578,56.09000015258789,59.13999938964844,878938,69.1675033569336,4090.57,4110.62,3879.61,3890.67,-0.0449273263306732,231.00999999999976,Crude oil,CL=F,₹/barrel,Energy
2019-07-03,57.34000015258789,57.47999954223633,56.040000915527344,56.4900016784668,600131,69.0824966430664,3902.47,3970.86,3871.38,3961.19,0.018125412846630606,99.48000000000002,Crude oil,CL=F,₹/barrel,Energy
2019-07-05,57.5099983215332,57.81999969482422,56.290000915527344,57.380001068115234,698015,68.73999786376953,3944.3,3974.55,3869.37,3953.24,-0.002006972652157657,105.18000000000029,Crude oil,CL=F,₹/barrel,Energy
2019-07-08,57.65999984741211,58.459999084472656,57.29999923706055,57.77000045776367,540861,68.44000244140625,3953.78,4001.0,3921.61,3946.25,-0.0017681699062034317,79.38999999999987,Crude oil,CL=F,₹/barrel,Energy
2019-07-09,57.83000183105469,59.099998474121094,57.290000915527344,57.560001373291016,551872,68.8499984741211,3963.01,4069.03,3944.42,3981.6,0.008957871396895856,124.61000000000013,Crude oil,CL=F,₹/barrel,Energy
2019-07-10,60.43000030517578,60.529998779296875,58.349998474121094,58.400001525878906,690656,68.76499938964844,4015.88,4162.35,4012.44,4155.47,0.04366837452280503,149.9100000000003,Crude oil,CL=F,₹/barrel,Energy
2019-07-11,60.20000076293945,60.939998626708984,60.13999938964844,60.439998626708984,573019,68.36759948730469,4132.14,4166.32,4111.63,4115.73,-0.009563298495717909,54.6899999999996,Crude oil,CL=F,₹/barrel,Energy
2019-07-12,60.209999084472656,60.7400016784668,59.93000030517578,60.459999084472656,469029,68.66999816894531,4151.79,4171.02,4115.39,4134.62,0.004589708265605452,55.63000000000011,Crude oil,CL=F,₹/barrel,Energy
2019-07-15,59.58000183105469,60.91999816894531,59.20000076293945,60.25,566818,68.55030059814453,4130.16,4176.08,4058.18,4084.23,-0.01218733523274207,117.90000000000009,Crude oil,CL=F,₹/barrel,Energy
2019-07-16,57.619998931884766,60.060001373291016,57.06999969482422,59.2599983215332,712540,68.74749755859375,4073.98,4128.97,3923.42,3961.23,-0.03011583578789634,205.55000000000018,Crude oil,CL=F,₹/barrel,Energy
2019-07-17,56.779998779296875,58.36000061035156,56.209999084472656,57.52000045776367,504432,68.8949966430664,3962.84,4020.71,3872.59,3911.86,-0.012463300540488609,148.1199999999999,Crude oil,CL=F,₹/barrel,Energy
2019-07-18,55.29999923706055,57.31999969482422,54.720001220703125,56.599998474121094,215361,68.78600311279297,3893.29,3942.81,3763.97,3803.87,-0.027605793663372458,178.84000000000015,Crude oil,CL=F,₹/barrel,Energy
2019-07-19,55.630001068115234,56.36000061035156,54.9900016784668,55.720001220703125,105217,68.8499984741211,3836.32,3880.39,3786.06,3830.13,0.006903495650482316,94.32999999999993,Crude oil,CL=F,₹/barrel,Energy
2019-07-22,56.220001220703125,56.84000015258789,55.720001220703125,56.220001220703125,619483,68.83000183105469,3869.62,3912.3,3835.21,3869.62,0.010310355001005078,77.09000000000015,Crude oil,CL=F,₹/barrel,Energy
2019-07-23,56.77000045776367,57.470001220703125,55.7400016784668,56.16999816894531,521876,69.16000366210938,3884.72,3974.63,3854.98,3926.21,0.014624174983590255,119.65000000000009,Crude oil,CL=F,₹/barrel,Energy
2019-07-24,55.880001068115234,57.63999938964844,55.33000183105469,57.22999954223633,745248,69.0199966430664,3950.01,3978.31,3818.88,3856.84,-0.0176684385195901,159.42999999999984,Crude oil,CL=F,₹/barrel,Energy
2019-07-25,56.02000045776367,56.9900016784668,55.810001373291016,55.900001525878906,559282,69.18499755859375,3867.44,3942.85,3861.21,3875.74,0.004900384770952337,81.63999999999987,Crude oil,CL=F,₹/barrel,Energy
2019-07-26,56.20000076293945,56.56999969482422,55.68000030517578,55.93000030517578,476785,69.15049743652344,3867.59,3911.84,3850.3,3886.26,0.0027143203620469958,61.539999999999964,Crude oil,CL=F,₹/barrel,Energy
2019-07-29,56.869998931884766,57.099998474121094,55.810001373291016,56.20000076293945,529742,68.87000274658203,3870.49,3932.48,3843.63,3916.64,0.007817284484311404,88.84999999999991,Crude oil,CL=F,₹/barrel,Energy
2019-07-30,58.04999923706055,58.470001220703125,56.959999084472656,57.06999969482422,547401,68.94999694824219,3934.98,4031.51,3927.39,4002.55,0.021934617427182612,104.12000000000035,Crude oil,CL=F,₹/barrel,Energy
2019-07-31,58.58000183105469,58.81999969482422,57.810001373291016,58.34000015258789,614001,69.07749938964844,4029.98,4063.14,3993.37,4046.56,0.010995490374885897,69.76999999999998,Crude oil,CL=F,₹/barrel,Energy
2019-08-01,53.95000076293945,57.9900016784668,53.59000015258789,57.849998474121094,886748,69.40499877929688,4015.08,4024.8,3719.41,3744.4,-0.07467083152109444,305.3900000000003,Crude oil,CL=F,₹/barrel,Energy
2019-08-02,55.65999984741211,56.04999923706055,54.150001525878906,54.540000915527344,739810,69.29720306396484,3779.47,3884.11,3752.44,3857.08,0.030092938788590873,131.67000000000007,Crude oil,CL=F,₹/barrel,Energy
2019-08-05,54.689998626708984,55.61000061035156,54.220001220703125,55.380001068115234,823844,69.65689849853516,3857.6,3873.62,3776.8,3809.54,-0.012325386043328113,96.81999999999971,Crude oil,CL=F,₹/barrel,Energy
2019-08-06,53.630001068115234,55.41999816894531,53.290000915527344,54.95000076293945,682794,71.5199966430664,3930.02,3963.64,3811.3,3835.62,0.006845970904623577,152.3399999999997,Crude oil,CL=F,₹/barrel,Energy
2019-08-07,51.09000015258789,53.77000045776367,50.52000045776367,53.41999816894531,1063214,71.2300033569336,3805.11,3830.04,3598.54,3639.14,-0.05122509529098296,231.5,Crude oil,CL=F,₹/barrel,Energy
2019-08-08,52.540000915527344,53.060001373291016,51.939998626708984,52.33000183105469,724762,71.16510009765625,3724.07,3776.02,3696.32,3739.01,0.027443297042708092,79.69999999999982,Crude oil,CL=F,₹/barrel,Energy
2019-08-09,54.5,54.91999816894531,52.369998931884766,52.880001068115234,726386,70.47090148925781,3726.5,3870.26,3690.56,3840.66,0.027186340769348005,179.70000000000027,Crude oil,CL=F,₹/barrel,Energy
2019-08-12,54.93000030517578,55.18000030517578,53.540000915527344,54.31999969482422,611027,71.03500366210938,3858.62,3919.71,3803.21,3901.95,0.015958194685288474,116.5,Crude oil,CL=F,₹/barrel,Energy
2019-08-13,57.099998474121094,57.470001220703125,54.209999084472656,54.72999954223633,783486,71.58000183105469,3917.57,4113.7,3880.35,4087.22,0.04748138751137243,233.3499999999999,Crude oil,CL=F,₹/barrel,Energy
2019-08-14,55.22999954223633,56.849998474121094,53.970001220703125,56.7400016784668,718293,71.08000183105469,4033.08,4040.9,3836.19,3925.75,-0.03950607014058449,204.71000000000004,Crude oil,CL=F,₹/barrel,Energy
2019-08-15,54.470001220703125,55.33000183105469,53.77000045776367,54.900001525878906,527866,71.63520050048828,3932.77,3963.58,3851.82,3901.97,-0.006057441253263796,111.75999999999976,Crude oil,CL=F,₹/barrel,Energy
2019-08-16,54.869998931884766,55.66999816894531,54.2599983215332,54.7400016784668,168345,71.72000122070312,3925.95,3992.65,3891.53,3935.28,0.008536713506254623,101.11999999999989,Crude oil,CL=F,₹/barrel,Energy
2019-08-19,56.209999084472656,56.40999984741211,54.84000015258789,54.959999084472656,113571,71.13200378417969,3909.41,4012.56,3900.88,3998.33,0.016021731617572144,111.67999999999984,Crude oil,CL=F,₹/barrel,Energy
2019-08-20,56.34000015258789,56.599998474121094,55.279998779296875,56.099998474121094,659258,71.99500274658203,4038.92,4074.92,3979.88,4056.2,0.014473542704078968,95.03999999999996,Crude oil,CL=F,₹/barrel,Energy
2019-08-21,55.68000030517578,57.130001068115234,55.54999923706055,56.04999923706055,704035,71.80999755859375,4024.95,4102.51,3989.05,3998.38,-0.014254721167595186,113.46000000000004,Crude oil,CL=F,₹/barrel,Energy
2019-08-22,55.349998474121094,56.459999084472656,54.849998474121094,55.939998626708984,621573,71.43779754638672,3996.23,4033.38,3918.36,3954.08,-0.011079487192312887,115.01999999999998,Crude oil,CL=F,₹/barrel,Energy
2019-08-23,54.16999816894531,55.599998474121094,53.2400016784668,55.349998474121094,807151,71.92040252685547,3980.79,3998.77,3829.04,3895.93,-0.014706328652935752,169.73000000000002,Crude oil,CL=F,₹/barrel,Energy
2019-08-26,53.63999938964844,55.2599983215332,52.959999084472656,53.25,679022,71.50250244140625,3807.51,3951.23,3786.77,3835.39,-0.015539293570469681,164.46000000000004,Crude oil,CL=F,₹/barrel,Energy
2019-08-27,54.93000030517578,55.720001220703125,53.689998626708984,53.7599983215332,596624,72.16000366210938,3879.32,4020.76,3874.27,3963.75,0.0334672614779723,146.49000000000024,Crude oil,CL=F,₹/barrel,Energy
2019-08-28,55.779998779296875,56.75,55.34000015258789,55.709999084472656,674048,71.53500366210938,3985.21,4059.61,3958.75,3990.22,0.006678019552191605,100.86000000000013,Crude oil,CL=F,₹/barrel,Energy
2019-08-29,56.709999084472656,56.88999938964844,55.43000030517578,55.880001068115234,630760,72.08499908447266,4028.11,4100.92,3995.67,4087.94,0.024489877751101563,105.25,Crude oil,CL=F,₹/barrel,Energy
2019-08-30,55.099998474121094,56.720001220703125,54.54999923706055,56.630001068115234,708268,71.6801986694336,4059.25,4065.7,3910.15,3949.58,-0.033845897933922786,155.54999999999973,Crude oil,CL=F,₹/barrel,Energy
2019-09-03,53.939998626708984,55.2400016784668,52.84000015258789,55.0,970804,71.96209716796875,3957.92,3975.19,3802.48,3881.64,-0.01720182905524137,172.71000000000004,Crude oil,CL=F,₹/barrel,Energy
2019-09-04,56.2599983215332,56.58000183105469,53.84000015258789,53.91999816894531,682298,72.45999908447266,3907.04,4099.79,3901.25,4076.6,0.05022619305242104,198.53999999999996,Crude oil,CL=F,₹/barrel,Energy
2019-09-05,56.29999923706055,57.7599983215332,55.75,55.95000076293945,712466,71.95570373535156,4025.92,4156.16,4011.53,4051.11,-0.006252759652651707,144.62999999999965,Crude oil,CL=F,₹/barrel,Energy
2019-09-06,56.52000045776367,56.95000076293945,54.83000183105469,56.189998626708984,714294,72.22000122070312,4058.04,4112.93,3959.82,4081.87,0.0075929806892431895,153.11000000000013,Crude oil,CL=F,₹/barrel,Energy
2019-09-09,57.849998474121094,58.15999984741211,56.58000183105469,56.79999923706055,646993,71.66999816894531,4070.86,4168.33,4055.09,4146.11,0.015737884841996452,113.23999999999978,Crude oil,CL=F,₹/barrel,Energy
2019-09-10,57.400001525878906,58.7599983215332,57.20000076293945,58.029998779296875,755472,72.09249877929688,4183.53,4236.16,4123.69,4138.11,-0.00192951947729314,112.47000000000025,Crude oil,CL=F,₹/barrel,Energy
2019-09-11,55.75,58.29999923706055,55.61000061035156,57.88999938964844,858772,71.85900115966797,4159.92,4189.38,3996.08,4006.14,-0.031891370698217236,193.30000000000018,Crude oil,CL=F,₹/barrel,Energy
2019-09-12,55.09000015258789,56.34000015258789,54.0,55.93000030517578,845977,71.56009674072266,4002.36,4031.7,3864.25,3942.25,-0.015948019789622903,167.44999999999982,Crude oil,CL=F,₹/barrel,Energy
2019-09-13,54.849998474121094,55.68000030517578,54.439998626708984,55.150001525878906,599470,71.28500366210938,3931.37,3969.15,3880.76,3909.98,-0.008185680766059966,88.38999999999987,Crude oil,CL=F,₹/barrel,Energy
2019-09-16,62.900001525878906,63.380001068115234,58.77000045776367,61.47999954223633,1404916,71.02069854736328,4366.35,4501.29,4173.89,4467.2,0.1425122379142605,327.39999999999964,Crude oil,CL=F,₹/barrel,Energy
2019-09-17,59.34000015258789,62.59000015258789,58.459999084472656,61.959999084472656,993237,71.74909973144531,4445.57,4490.78,4194.45,4257.59,-0.04692200931232082,296.3299999999999,Crude oil,CL=F,₹/barrel,Energy
2019-09-18,58.11000061035156,59.43000030517578,57.66999816894531,58.810001373291016,216961,71.70999908447266,4217.27,4261.73,4135.52,4167.07,-0.021260854145185526,126.20999999999913,Crude oil,CL=F,₹/barrel,Energy
2019-09-19,58.130001068115234,59.540000915527344,58.0099983215332,58.20000076293945,112327,71.5425033569336,4163.77,4259.64,4150.18,4158.77,-0.0019918071930635772,109.46000000000004,Crude oil,CL=F,₹/barrel,Energy
2019-09-20,58.09000015258789,59.099998474121094,57.790000915527344,58.650001525878906,576019,71.71749877929688,4206.23,4238.5,4144.55,4166.07,0.0017553266951524371,93.94999999999982,Crude oil,CL=F,₹/barrel,Energy
2019-09-23,58.63999938964844,59.38999938964844,57.369998931884766,59.25,526785,71.19159698486328,4218.1,4228.07,4084.26,4174.68,0.0020666959508603977,143.8099999999995,Crude oil,CL=F,₹/barrel,Energy
2019-09-24,57.290000915527344,58.4900016784668,56.689998626708984,58.439998626708984,591529,70.78959655761719,4136.94,4140.48,4013.06,4055.54,-0.028538714344572558,127.41999999999962,Crude oil,CL=F,₹/barrel,Energy
2019-09-25,56.4900016784668,57.02000045776367,55.54999923706055,56.70000076293945,563550,71.28500366210938,4041.86,4064.67,3959.88,4026.89,-0.0070644106580135535,104.78999999999996,Crude oil,CL=F,₹/barrel,Energy
2019-09-26,56.40999984741211,56.84000015258789,55.40999984741211,56.689998626708984,599653,71.30999755859375,4042.56,4053.26,3951.29,4022.6,-0.0010653382635235076,101.97000000000025,Crude oil,CL=F,₹/barrel,Energy
2019-09-27,55.90999984741211,56.7599983215332,54.75,56.5099983215332,712966,71.21499633789062,4024.36,4042.16,3899.02,3981.63,-0.010184955004226115,143.13999999999987,Crude oil,CL=F,₹/barrel,Energy
2019-09-30,54.06999969482422,56.56999969482422,53.97999954223633,56.540000915527344,532522,70.49870300292969,3986.0,3988.11,3805.52,3811.86,-0.04263831646838101,182.59000000000015,Crude oil,CL=F,₹/barrel,Energy
2019-10-01,53.619998931884766,54.84000015258789,53.04999923706055,54.279998779296875,589176,70.92250061035156,3849.67,3889.39,3762.44,3802.86,-0.0023610520848089678,126.94999999999982,Crude oil,CL=F,₹/barrel,Energy
2019-10-02,52.63999938964844,54.41999816894531,52.16999816894531,54.0,590306,71.0999984741211,3839.4,3869.26,3709.29,3742.7,-0.015819672562229603,159.97000000000025,Crude oil,CL=F,₹/barrel,Energy
2019-10-03,52.45000076293945,52.90999984741211,50.9900016784668,52.470001220703125,642466,71.1416015625,3732.8,3764.1,3627.51,3731.38,-0.0030245544660271184,136.5899999999997,Crude oil,CL=F,₹/barrel,Energy
2019-10-04,52.810001373291016,53.349998474121094,52.040000915527344,52.290000915527344,541104,71.0199966430664,3713.64,3788.92,3695.88,3750.57,0.005142869394165084,93.03999999999996,Crude oil,CL=F,₹/barrel,Energy
2019-10-07,52.75,54.060001373291016,52.59000015258789,52.689998626708984,549019,70.81500244140625,3731.24,3828.26,3724.16,3735.49,-0.0040207221835615314,104.10000000000036,Crude oil,CL=F,₹/barrel,Energy
2019-10-08,52.630001068115234,53.27000045776367,51.810001373291016,52.810001373291016,658324,71.36000061035156,3768.52,3801.35,3697.16,3755.68,0.00540491341162741,104.19000000000005,Crude oil,CL=F,₹/barrel,Energy
2019-10-09,52.59000015258789,53.7400016784668,52.310001373291016,52.56999969482422,632666,71.20999908447266,3743.51,3826.83,3725.0,3744.93,-0.0028623311890256797,101.82999999999993,Crude oil,CL=F,₹/barrel,Energy
2019-10-10,53.54999923706055,53.970001220703125,51.380001068115234,52.689998626708984,613944,71.41000366210938,3762.59,3854.0,3669.05,3824.01,0.021116549575025623,184.94999999999982,Crude oil,CL=F,₹/barrel,Energy
2019-10-11,54.70000076293945,54.93000030517578,53.63999938964844,53.880001068115234,467643,70.9800033569336,3824.4,3898.93,3807.37,3882.61,0.015324227708609417,91.55999999999995,Crude oil,CL=F,₹/barrel,Energy
2019-10-14,53.59000015258789,54.900001525878906,52.77000045776367,54.900001525878906,467643,70.91400146484375,3893.18,3893.18,3742.13,3800.28,-0.02120480810588754,151.04999999999973,Crude oil,CL=F,₹/barrel,Energy
2019-10-15,52.810001373291016,53.790000915527344,52.38999938964844,53.5099983215332,511249,71.45249938964844,3823.42,3843.43,3743.4,3773.41,-0.007070531645036793,100.02999999999975,Crude oil,CL=F,₹/barrel,Energy
2019-10-16,53.36000061035156,53.7400016784668,52.52000045776367,52.91999816894531,451643,71.76000213623047,3797.54,3856.38,3768.84,3829.11,0.014761184180886788,87.53999999999996,Crude oil,CL=F,₹/barrel,Energy
2019-10-17,53.93000030517578,54.15999984741211,52.619998931884766,52.9900016784668,418422,71.62000274658203,3795.14,3878.94,3768.64,3862.47,0.00871220727531985,110.30000000000018,Crude oil,CL=F,₹/barrel,Energy
2019-10-18,53.779998779296875,54.619998931884766,53.349998474121094,54.09000015258789,174477,71.42250061035156,3863.24,3901.1,3810.39,3841.1,-0.005532729056795249,90.71000000000004,Crude oil,CL=F,₹/barrel,Energy
2019-10-21,53.310001373291016,54.029998779296875,52.709999084472656,53.709999084472656,95979,71.02999877929688,3815.02,3837.75,3743.99,3786.61,-0.014186040457160654,93.76000000000022,Crude oil,CL=F,₹/barrel,Energy
2019-10-22,54.15999984741211,54.619998931884766,53.099998474121094,53.38999938964844,506573,71.1050033569336,3796.3,3883.76,3775.68,3851.05,0.017017860302486865,108.08000000000038,Crude oil,CL=F,₹/barrel,Energy
2019-10-23,55.970001220703125,56.06999969482422,53.619998931884766,54.29999923706055,620202,71.07499694824219,3859.37,3985.18,3811.04,3978.07,0.03298321237065216,174.13999999999987,Crude oil,CL=F,₹/barrel,Energy
2019-10-24,56.22999954223633,56.5099983215332,55.40999984741211,55.900001525878906,480764,70.71499633789062,3952.97,3996.1,3918.32,3976.3,-0.00044493938015166545,77.77999999999975,Crude oil,CL=F,₹/barrel,Energy
2019-10-25,56.65999984741211,56.7400016784668,55.599998474121094,56.06999969482422,445020,71.19000244140625,3991.62,4039.32,3958.16,4033.63,0.014417926212810794,81.16000000000031,Crude oil,CL=F,₹/barrel,Energy
2019-10-28,55.810001373291016,56.91999816894531,55.58000183105469,56.650001525878906,437020,70.83000183105469,4012.52,4031.64,3936.73,3953.02,-0.01998448048036139,94.90999999999985,Crude oil,CL=F,₹/barrel,Energy
2019-10-29,55.540000915527344,55.90999984741211,54.61000061035156,55.79999923706055,521457,70.73500061035156,3947.01,3954.79,3862.84,3928.62,-0.0061724959651102695,91.94999999999982,Crude oil,CL=F,₹/barrel,Energy
2019-10-30,55.060001373291016,55.72999954223633,54.41999816894531,55.529998779296875,659328,70.88459777832031,3936.22,3950.4,3857.54,3902.91,-0.006544282725231776,92.86000000000013,Crude oil,CL=F,₹/barrel,Energy
2019-10-31,54.18000030517578,55.59000015258789,53.709999084472656,54.900001525878906,677419,70.98999786376953,3897.35,3946.33,3812.87,3846.24,-0.014519935125329564,133.46000000000004,Crude oil,CL=F,₹/barrel,Energy
2019-11-01,56.20000076293945,56.33000183105469,54.06999969482422,54.150001525878906,538117,70.97000122070312,3843.03,3997.74,3837.35,3988.51,0.03698937143808001,160.38999999999987,Crude oil,CL=F,₹/barrel,Energy
2019-11-04,56.540000915527344,57.43000030517578,55.83000183105469,56.40999984741211,580350,70.51210021972656,3977.59,4049.51,3936.69,3986.75,-0.0004412675410115918,112.82000000000016,Crude oil,CL=F,₹/barrel,Energy
2019-11-05,57.22999954223633,57.5,56.29999923706055,56.560001373291016,435319,71.0,4015.76,4082.5,3997.3,4063.33,0.019208628582178422,85.19999999999982,Crude oil,CL=F,₹/barrel,Energy
2019-11-06,56.349998474121094,57.849998474121094,56.11000061035156,57.2599983215332,623258,70.8949966430664,4059.45,4101.28,3977.92,3994.93,-0.01683348386668082,123.35999999999967,Crude oil,CL=F,₹/barrel,Energy
2019-11-07,57.150001525878906,57.880001068115234,56.27000045776367,56.349998474121094,678165,71.0,4000.85,4109.48,3995.17,4057.65,0.015699899622771962,114.30999999999949,Crude oil,CL=F,₹/barrel,Energy
2019-11-08,57.2400016784668,57.47999954223633,55.7599983215332,57.08000183105469,636941,71.37650299072266,4074.17,4102.72,3979.95,4085.59,0.006885758998435021,122.77000000000044,Crude oil,CL=F,₹/barrel,Energy
2019-11-11,56.86000061035156,57.400001525878906,56.25,57.400001525878906,498981,71.37650299072266,4097.01,4097.01,4014.93,4058.47,-0.006637964161846921,82.08000000000038,Crude oil,CL=F,₹/barrel,Energy
2019-11-12,56.79999923706055,57.54999923706055,56.540000915527344,56.88999938964844,586568,71.5739974975586,4071.84,4119.08,4046.79,4065.4,0.0017075400335595514,72.28999999999996,Crude oil,CL=F,₹/barrel,Energy
2019-11-13,57.119998931884766,57.529998779296875,56.20000076293945,56.790000915527344,547635,71.77999877929688,4076.39,4129.5,4034.04,4100.07,0.008528066118955069,95.46000000000004,Crude oil,CL=F,₹/barrel,Energy
2019-11-14,56.77000045776367,57.790000915527344,56.630001068115234,57.38999938964844,516832,72.1415023803711,4140.2,4169.06,4085.37,4095.47,-0.001121932064574449,83.69000000000051,Crude oil,CL=F,₹/barrel,Energy
2019-11-15,57.720001220703125,57.970001220703125,56.43000030517578,56.90999984741211,375993,71.95580291748047,4095.0,4171.28,4060.47,4153.29,0.014118037734374811,110.80999999999995,Crude oil,CL=F,₹/barrel,Energy
2019-11-18,57.04999923706055,58.09000015258789,56.54999923706055,57.880001068115234,159328,71.70580291748047,4150.33,4165.39,4054.96,4090.82,-0.015041087908621797,110.43000000000029,Crude oil,CL=F,₹/barrel,Energy
2019-11-19,55.209999084472656,57.11000061035156,55.040000915527344,56.900001525878906,121214,71.93509674072266,4093.11,4108.21,3959.31,3971.54,-0.029157968329088124,148.9000000000001,Crude oil,CL=F,₹/barrel,Energy
2019-11-20,57.11000061035156,57.25,54.7599983215332,55.15999984741211,674891,71.85099792480469,3963.3,4113.47,3934.56,4103.41,0.03320374464313591,178.9100000000003,Crude oil,CL=F,₹/barrel,Energy
2019-11-21,58.58000183105469,58.66999816894531,56.599998474121094,57.0,593533,71.76820373535156,4090.79,4210.64,4062.08,4204.18,0.024557624024896585,148.5600000000004,Crude oil,CL=F,₹/barrel,Energy
2019-11-22,57.77000045776367,58.7400016784668,57.5,58.310001373291016,508244,71.7405014038086,4183.19,4214.04,4125.08,4144.45,-0.01420728893624923,88.96000000000004,Crude oil,CL=F,₹/barrel,Energy
2019-11-25,58.0099983215332,58.150001525878906,57.209999084472656,57.91999816894531,420642,71.78260040283203,4157.65,4174.16,4106.68,4164.11,0.004743693373065128,67.47999999999956,Crude oil,CL=F,₹/barrel,Energy
2019-11-26,58.40999984741211,58.560001373291016,57.7599983215332,57.91999816894531,443816,71.67949676513672,4151.68,4197.55,4140.21,4186.8,0.005448943471714429,57.340000000000146,Crude oil,CL=F,₹/barrel,Energy
2019-11-27,58.11000061035156,58.68000030517578,57.5099983215332,58.27000045776367,454256,71.42839813232422,4162.13,4191.42,4107.85,4150.7,-0.008622336868252645,83.56999999999971,Crude oil,CL=F,₹/barrel,Energy
2019-11-29,55.16999816894531,58.29999923706055,55.02000045776367,58.130001068115234,718724,71.54740142822266,4159.05,4171.21,3936.54,3947.27,-0.04901101019105203,234.67000000000007,Crude oil,CL=F,₹/barrel,Energy
2019-12-02,55.959999084472656,56.66999816894531,55.41999816894531,55.470001220703125,616423,71.7229995727539,3978.47,4064.54,3974.89,4013.62,0.01680908577320528,89.65000000000009,Crude oil,CL=F,₹/barrel,Energy
2019-12-03,56.099998474121094,56.79999923706055,55.349998474121094,55.959999084472656,560554,71.625,4008.13,4068.3,3964.44,4018.16,0.001131148439563301,103.86000000000013,Crude oil,CL=F,₹/barrel,Energy
2019-12-04,58.43000030517578,58.65999984741211,56.279998779296875,56.43000030517578,760541,71.95999908447266,4060.7,4221.17,4049.91,4204.62,0.046404324367372185,171.26000000000022,Crude oil,CL=F,₹/barrel,Energy
2019-12-05,58.43000030517578,59.119998931884766,58.099998474121094,58.36000061035156,649461,71.4801025390625,4171.58,4225.9,4152.99,4176.58,-0.006668854735980889,72.90999999999985,Crude oil,CL=F,₹/barrel,Energy
2019-12-06,59.20000076293945,59.849998474121094,57.70000076293945,58.31999969482422,679609,71.38500213623047,4163.17,4272.39,4118.91,4225.99,0.011830253460965556,153.48000000000047,Crude oil,CL=F,₹/barrel,Energy
2019-12-09,59.02000045776367,59.25,58.22999954223633,59.11000061035156,511561,71.28679656982422,4213.76,4223.74,4151.03,4207.35,-0.004410800782775004,72.71000000000004,Crude oil,CL=F,₹/barrel,Energy
2019-12-10,59.2400016784668,59.52000045776367,58.52000045776367,58.91999816894531,566822,70.96019744873047,4180.97,4223.55,4152.59,4203.68,-0.0008722830285096128,70.96000000000004,Crude oil,CL=F,₹/barrel,Energy
2019-12-11,58.7599983215332,59.220001220703125,58.11000061035156,59.060001373291016,589650,71.01000213623047,4193.85,4205.21,4126.39,4172.55,-0.007405416206752169,78.81999999999971,Crude oil,CL=F,₹/barrel,Energy
2019-12-12,59.18000030517578,59.720001220703125,58.75,58.880001068115234,530851,70.72930145263672,4164.54,4223.95,4155.35,4185.76,0.0031659297072532677,68.59999999999945,Crude oil,CL=F,₹/barrel,Energy
2019-12-13,60.06999969482422,60.47999954223633,59.27000045776367,59.36000061035156,512288,70.55989837646484,4188.44,4267.46,4182.09,4238.53,0.01260702954780002,85.36999999999989,Crude oil,CL=F,₹/barrel,Energy
2019-12-16,60.209999084472656,60.34000015258789,59.709999084472656,59.869998931884766,347395,70.68900299072266,4232.15,4265.37,4220.84,4256.18,0.004164179562254011,44.529999999999745,Crude oil,CL=F,₹/barrel,Energy
2019-12-17,60.939998626708984,61.060001373291016,60.029998779296875,60.22999954223633,163744,70.92050170898438,4271.54,4330.41,4257.36,4321.9,0.01544107627027036,73.05000000000018,Crude oil,CL=F,₹/barrel,Energy
2019-12-18,60.93000030517578,61.18000030517578,60.31999969482422,60.54999923706055,131071,71.21499633789062,4312.07,4356.93,4295.69,4339.13,0.003986672528286217,61.24000000000069,Crude oil,CL=F,₹/barrel,Energy
2019-12-19,61.220001220703125,61.470001220703125,60.790000915527344,60.86000061035156,426341,70.98989868164062,4320.45,4363.75,4315.48,4346.0,0.0015832666917101612,48.27000000000044,Crude oil,CL=F,₹/barrel,Energy
2019-12-20,60.439998626708984,61.20000076293945,60.02000045776367,61.11000061035156,552517,71.22270202636719,4352.42,4358.83,4274.79,4304.7,-0.009502991256327697,84.03999999999996,Crude oil,CL=F,₹/barrel,Energy
2019-12-23,60.52000045776367,60.77000045776367,60.099998474121094,60.40999984741211,314711,71.02400207519531,4290.56,4316.13,4268.54,4298.37,-0.001470485748135797,47.590000000000146,Crude oil,CL=F,₹/barrel,Energy
2019-12-24,61.11000061035156,61.15999984741211,60.470001220703125,60.630001068115234,204535,71.21070098876953,4317.5,4355.25,4306.11,4351.69,0.012404702247596155,49.14000000000033,Crude oil,CL=F,₹/barrel,Energy
2019-12-26,61.68000030517578,61.83000183105469,61.060001373291016,61.20000076293945,265091,71.54000091552734,4378.25,4423.32,4368.23,4412.59,0.013994563031833662,55.090000000000146,Crude oil,CL=F,₹/barrel,Energy
2019-12-27,61.720001220703125,61.970001220703125,61.2400016784668,61.72999954223633,351899,71.30030059814453,4401.37,4418.48,4366.43,4400.65,-0.002705893817463334,52.04999999999927,Crude oil,CL=F,₹/barrel,Energy
2019-12-30,61.68000030517578,62.34000015258789,61.09000015258789,61.709999084472656,427149,71.31300354003906,4400.73,4445.65,4356.51,4398.59,-0.00046811266517432504,89.13999999999942,Crude oil,CL=F,₹/barrel,Energy
2019-12-31,61.060001373291016,61.880001068115234,60.630001068115234,61.68000030517578,494535,71.31099700927734,4398.46,4412.72,4323.59,4354.25,-0.01008050307030206,89.13000000000011,Crude oil,CL=F,₹/barrel,Energy
2020-01-02,61.18000030517578,61.599998474121094,60.63999938964844,61.599998474121094,486873,71.0250015258789,4375.14,4375.14,4306.96,4345.31,-0.00205316644657505,68.18000000000029,Crude oil,CL=F,₹/barrel,Energy
2020-01-03,63.04999923706055,64.08999633789062,61.130001068115234,61.18000030517578,885861,71.41500091552734,4369.17,4576.99,4365.6,4502.72,0.0362252635600222,211.38999999999942,Crude oil,CL=F,₹/barrel,Energy
2020-01-06,63.27000045776367,64.72000122070312,62.63999938964844,63.709999084472656,724236,71.73100280761719,4569.98,4642.43,4493.23,4538.42,0.007928540970790987,149.20000000000073,Crude oil,CL=F,₹/barrel,Energy
2020-01-07,62.70000076293945,63.150001525878906,62.11000061035156,62.90999984741211,582649,71.78700256347656,4516.12,4533.35,4458.69,4501.05,-0.008234143159954299,74.66000000000076,Crude oil,CL=F,₹/barrel,Energy
2020-01-08,59.61000061035156,65.6500015258789,59.150001525878906,62.84000015258789,1205710,72.16000366210938,4534.53,4737.3,4268.26,4301.46,-0.04434298663645153,469.03999999999996,Crude oil,CL=F,₹/barrel,Energy
2020-01-09,59.560001373291016,60.310001373291016,58.65999984741211,59.9900016784668,750933,71.41190338134766,4284.0,4306.85,4189.02,4253.29,-0.011198523292091589,117.82999999999993,Crude oil,CL=F,₹/barrel,Energy
2020-01-10,59.040000915527344,59.779998779296875,58.849998474121094,59.61000061035156,596186,71.19429779052734,4243.89,4256.0,4189.78,4203.31,-0.011750903418294878,66.22000000000025,Crude oil,CL=F,₹/barrel,Energy
2020-01-13,58.08000183105469,59.27000045776367,57.90999984741211,59.040000915527344,584002,70.9530029296875,4189.07,4205.38,4108.89,4120.95,-0.019594081806956987,96.48999999999978,Crude oil,CL=F,₹/barrel,Energy
2020-01-14,58.22999954223633,58.720001220703125,57.720001220703125,58.029998779296875,507714,70.71890258789062,4103.82,4152.61,4081.9,4117.96,-0.0007255608536865799,70.70999999999958,Crude oil,CL=F,₹/barrel,Energy
2020-01-15,57.810001373291016,58.36000061035156,57.36000061035156,58.20000076293945,433169,70.84510040283203,4123.18,4134.52,4063.68,4095.56,-0.005439586591419077,70.8400000000006,Crude oil,CL=F,₹/barrel,Energy
2020-01-16,58.52000045776367,58.869998931884766,57.560001373291016,58.099998474121094,182871,70.71800231933594,4108.72,4163.17,4070.53,4138.42,0.01046499135649337,92.63999999999987,Crude oil,CL=F,₹/barrel,Energy
2020-01-17,58.540000915527344,58.97999954223633,58.27000045776367,58.59000015258789,122561,70.94560241699219,4156.7,4184.37,4134.0,4153.16,0.003561745787039383,50.36999999999989,Crude oil,CL=F,₹/barrel,Energy
2020-01-21,58.34000015258789,59.72999954223633,57.68000030517578,59.16999816894531,648335,71.03099822998047,4202.9,4242.68,4097.07,4143.95,-0.0022175885349950963,145.61000000000058,Crude oil,CL=F,₹/barrel,Energy
2020-01-22,56.7400016784668,58.380001068115234,56.029998779296875,58.2599983215332,620119,71.16999816894531,4146.36,4154.9,3987.65,4038.19,-0.025521543454916196,167.24999999999955,Crude oil,CL=F,₹/barrel,Energy
2020-01-23,55.59000015258789,56.27000045776367,54.77000045776367,56.11000061035156,703995,71.0781021118164,3988.19,3999.56,3892.95,3951.23,-0.02153440031301157,106.61000000000013,Crude oil,CL=F,₹/barrel,Energy
2020-01-24,54.189998626708984,55.95000076293945,53.849998474121094,55.689998626708984,586195,71.32099914550781,3971.87,3990.41,3840.64,3864.88,-0.02185395433826931,149.76999999999998,Crude oil,CL=F,₹/barrel,Energy
2020-01-27,53.13999938964844,53.709999084472656,52.130001068115234,53.70000076293945,712880,71.32499694824219,3830.15,3830.87,3718.17,3790.21,-0.019320134130943245,112.69999999999982,Crude oil,CL=F,₹/barrel,Energy
2020-01-28,53.47999954223633,54.060001373291016,52.68000030517578,52.77000045776367,633963,71.44000244140625,3769.89,3862.05,3763.46,3820.61,0.008020663762693836,98.59000000000015,Crude oil,CL=F,₹/barrel,Energy
2020-01-29,53.33000183105469,54.369998931884766,52.810001373291016,53.970001220703125,624979,71.23040008544922,3844.3,3872.8,3761.68,3798.72,-0.005729451579721601,111.12000000000035,Crude oil,CL=F,₹/barrel,Energy
2020-01-30,52.13999938964844,53.20000076293945,51.65999984741211,53.09000015258789,720123,71.30000305175781,3785.32,3793.16,3683.36,3717.58,-0.02135982646786283,109.79999999999973,Crude oil,CL=F,₹/barrel,Energy
2020-01-31,51.560001373291016,53.36000061035156,50.970001220703125,52.91999816894531,827907,71.63999938964844,3791.19,3822.71,3651.49,3693.76,-0.006407394057424409,171.22000000000025,Crude oil,CL=F,₹/barrel,Energy
2020-02-03,50.11000061035156,51.970001220703125,49.79999923706055,51.0099983215332,876044,71.49649810791016,3647.04,3715.67,3560.53,3582.69,-0.030069630945161574,155.13999999999987,Crude oil,CL=F,₹/barrel,Energy
2020-02-04,49.61000061035156,51.54999923706055,49.310001373291016,49.939998626708984,859357,71.31410217285156,3561.43,3676.24,3516.5,3537.89,-0.012504570588021902,159.73999999999978,Crude oil,CL=F,₹/barrel,Energy
2020-02-05,50.75,51.880001068115234,49.470001220703125,49.5099983215332,887946,71.0999984741211,3520.16,3688.67,3517.32,3608.32,0.01990734590391452,171.3499999999999,Crude oil,CL=F,₹/barrel,Energy
2020-02-06,50.95000076293945,52.20000076293945,50.2400016784668,51.16999816894531,750659,71.18000030517578,3642.28,3715.6,3576.08,3626.62,0.0050716122738558855,139.51999999999998,Crude oil,CL=F,₹/barrel,Energy
2020-02-07,50.31999969482422,51.47999954223633,50.09000015258789,51.11000061035156,768345,71.47000122070312,3652.83,3679.28,3579.93,3596.37,-0.00834109997738941,99.35000000000036,Crude oil,CL=F,₹/barrel,Energy
2020-02-10,49.56999969482422,50.4900016784668,49.41999816894531,50.119998931884766,715894,71.5155029296875,3584.36,3610.82,3534.3,3545.02,-0.01427828616076765,76.51999999999998,Crude oil,CL=F,₹/barrel,Energy
2020-02-11,49.939998626708984,50.689998626708984,49.58000183105469,49.61000061035156,725733,71.27999877929688,3536.2,3613.18,3534.06,3559.72,0.004146662078070129,79.11999999999989,Crude oil,CL=F,₹/barrel,Energy
2020-02-12,51.16999816894531,51.72999954223633,49.95000076293945,49.959999084472656,795256,71.27529907226562,3560.91,3687.07,3560.2,3647.16,0.024563729731551964,126.87000000000035,Crude oil,CL=F,₹/barrel,Energy
2020-02-13,51.41999816894531,51.959999084472656,50.599998474121094,51.720001220703125,745400,71.29620361328125,3687.44,3704.55,3607.59,3666.05,0.00517937244321609,96.96000000000004,Crude oil,CL=F,₹/barrel,Energy
2020-02-14,52.04999923706055,52.34000015258789,51.31999969482422,51.5099983215332,607343,71.26850128173828,3671.04,3730.19,3657.5,3709.53,0.011860176484226992,72.69000000000005,Crude oil,CL=F,₹/barrel,Energy
2020-02-18,52.04999923706055,52.40999984741211,50.880001068115234,52.22999954223633,221774,71.34919738769531,3726.57,3739.41,3630.25,3713.73,0.0011322189064382204,109.15999999999985,Crude oil,CL=F,₹/barrel,Energy
2020-02-19,53.290000915527344,53.65999984741211,51.93000030517578,52.119998931884766,113683,71.57499694824219,3730.49,3840.71,3716.89,3814.23,0.027061741160504305,123.82000000000016,Crude oil,CL=F,₹/barrel,Energy
2020-02-20,53.779998779296875,54.5,53.220001220703125,53.5,676179,71.82749938964844,3842.77,3914.6,3822.66,3862.88,0.012754867955000027,91.94000000000005,Crude oil,CL=F,₹/barrel,Energy
2020-02-21,53.380001068115234,53.86000061035156,52.54999923706055,53.7400016784668,707555,72.11000061035156,3875.19,3883.84,3789.38,3849.23,-0.0035336329370831976,94.46000000000004,Crude oil,CL=F,₹/barrel,Energy
2020-02-24,51.43000030517578,52.63999938964844,50.45000076293945,52.599998474121094,765515,71.88680267333984,3781.25,3784.12,3626.69,3697.14,-0.039511798463588876,157.42999999999984,Crude oil,CL=F,₹/barrel,Energy
2020-02-25,49.900001525878906,52.02000045776367,49.689998626708984,51.369998931884766,764989,72.04669952392578,3701.04,3747.87,3580.0,3595.13,-0.027591597829673686,167.8699999999999,Crude oil,CL=F,₹/barrel,Energy
2020-02-26,48.72999954223633,50.439998626708984,48.29999923706055,50.08000183105469,884482,71.87000274658203,3599.25,3625.12,3471.32,3502.23,-0.025840512025990692,153.79999999999973,Crude oil,CL=F,₹/barrel,Energy
2020-02-27,47.09000015258789,48.779998779296875,45.880001068115234,48.630001068115234,1011915,71.66339874267578,3484.99,3495.74,3287.92,3374.63,-0.03643392923937028,207.8199999999997,Crude oil,CL=F,₹/barrel,Energy
2020-02-28,44.7599983215332,47.029998779296875,43.849998474121094,46.4900016784668,1101659,71.93000030517578,3344.03,3382.87,3154.13,3219.59,-0.04594281447151238,228.73999999999978,Crude oil,CL=F,₹/barrel,Energy
2020-03-02,46.75,47.560001373291016,43.31999969482422,43.70000076293945,949471,72.1500015258789,3152.96,3431.45,3125.54,3373.01,0.047652030227451236,305.90999999999985,Crude oil,CL=F,₹/barrel,Energy
2020-03-03,47.18000030517578,48.65999984741211,46.470001220703125,47.720001220703125,1011933,72.82499694824219,3475.21,3543.66,3384.18,3435.88,0.018639138336381977,159.48000000000002,Crude oil,CL=F,₹/barrel,Energy
2020-03-04,46.779998779296875,48.40999984741211,46.650001525878906,46.939998626708984,745856,73.34200286865234,3442.67,3550.49,3421.4,3430.94,-0.0014377684901685228,129.0899999999997,Crude oil,CL=F,₹/barrel,Energy
2020-03-05,45.900001525878906,47.56999969482422,45.650001525878906,47.130001068115234,704591,74.0425033569336,3489.62,3522.2,3380.04,3398.55,-0.009440561478778364,142.15999999999985,Crude oil,CL=F,₹/barrel,Energy
2020-03-06,41.279998779296875,46.380001068115234,41.04999923706055,46.09000015258789,1276180,73.8551025390625,3403.98,3425.4,3031.75,3048.74,-0.10292919039001935,393.6500000000001,Crude oil,CL=F,₹/barrel,Energy
2020-03-09,31.1299991607666,34.880001068115234,27.34000015258789,32.869998931884766,1774383,73.99530029296875,2432.23,2580.96,2023.03,2303.47,-0.24445180631998797,557.9300000000001,Crude oil,CL=F,₹/barrel,Energy
2020-03-10,34.36000061035156,35.02000045776367,30.200000762939453,30.3700008392334,1064632,74.40599822998047,2259.71,2605.7,2247.06,2556.59,0.10988638879603396,358.6399999999999,Crude oil,CL=F,₹/barrel,Energy
2020-03-11,32.97999954223633,36.349998474121094,32.560001373291016,34.619998931884766,874646,74.20500183105469,2568.98,2697.35,2416.11,2447.28,-0.042756171306310375,281.2399999999998,Crude oil,CL=F,₹/barrel,Energy
2020-03-12,31.5,33.630001068115234,30.020000457763672,33.06999969482422,1025036,74.76000213623047,2472.31,2514.18,2244.3,2354.94,-0.03773168578993824,269.87999999999965,Crude oil,CL=F,₹/barrel,Energy
2020-03-13,31.729999542236328,33.869998931884766,30.329999923706055,30.770000457763672,743129,75.30000305175781,2316.98,2550.41,2283.85,2389.27,0.014577866102745585,266.55999999999995,Crude oil,CL=F,₹/barrel,Energy
2020-03-16,28.700000762939453,33.75,28.100000381469727,33.75,698829,73.90399932861328,2494.26,2494.26,2076.7,2121.04,-0.11226441549092403,417.5600000000004,Crude oil,CL=F,₹/barrel,Energy
2020-03-17,26.950000762939453,30.299999237060547,26.6299991607666,28.690000534057617,545820,75.15499877929688,2156.2,2277.2,2001.38,2025.43,-0.045076943386263335,275.8199999999997,Crude oil,CL=F,₹/barrel,Energy
2020-03-18,20.3700008392334,27.219999313354492,20.059999465942383,26.940000534057617,309481,74.01239776611328,1993.89,2014.62,1484.69,1507.63,-0.25564941765452276,529.9299999999998,Crude oil,CL=F,₹/barrel,Energy
2020-03-19,25.219999313354492,27.709999084472656,21.360000610351562,22.299999237060547,136722,74.98200225830078,1672.1,2077.75,1601.62,1891.05,0.2543196938240815,476.1300000000001,Crude oil,CL=F,₹/barrel,Energy
2020-03-20,22.43000030517578,27.889999389648438,19.459999084472656,24.729999542236328,1133808,75.15969848632812,1858.7,2096.2,1462.61,1685.83,-0.1085217207371566,633.5899999999999,Crude oil,CL=F,₹/barrel,Energy
2020-03-23,23.360000610351562,24.06999969482422,20.799999237060547,22.520000457763672,852951,75.62210083007812,1703.01,1820.22,1572.94,1766.53,0.04786959539218083,247.27999999999997,Crude oil,CL=F,₹/barrel,Energy
2020-03-24,24.010000228881836,25.15999984741211,23.09000015258789,23.8700008392334,659697,76.50599670410156,1826.2,1924.89,1766.52,1836.91,0.03984081787459037,158.37000000000012,Crude oil,CL=F,₹/barrel,Energy
2020-03-25,24.489999771118164,25.239999771118164,22.90999984741211,24.3700008392334,618725,77.26000213623047,1882.83,1950.04,1770.03,1892.1,0.030045021258526372,180.01,Crude oil,CL=F,₹/barrel,Energy
2020-03-26,22.600000381469727,24.649999618530273,22.3799991607666,24.25,633877,75.84549713134766,1839.25,1869.59,1697.42,1714.11,-0.09407008086253366,172.16999999999985,Crude oil,CL=F,₹/barrel,Energy
2020-03-27,21.510000228881836,23.440000534057617,20.8799991607666,23.290000915527344,603124,74.72560119628906,1740.36,1751.57,1560.27,1607.35,-0.06228305067936135,191.29999999999995,Crude oil,CL=F,₹/barrel,Energy
2020-03-30,20.09000015258789,20.93000030517578,19.270000457763672,20.93000030517578,758711,75.46499633789062,1579.48,1579.48,1454.21,1516.09,-0.0567766821165272,125.26999999999998,Crude oil,CL=F,₹/barrel,Energy
2020-03-31,20.479999542236328,21.889999389648438,20.010000228881836,20.229999542236328,660082,75.4000015258789,1525.34,1650.51,1508.75,1544.19,0.01853451971848652,141.76,Crude oil,CL=F,₹/barrel,Energy
2020-04-01,20.309999465942383,21.549999237060547,19.899999618530273,20.100000381469727,703286,75.32499694824219,1514.03,1623.25,1498.97,1529.85,-0.009286422007654616,124.27999999999997,Crude oil,CL=F,₹/barrel,Energy
2020-04-02,25.31999969482422,27.389999389648438,20.760000228881836,21.219999313354492,1095972,77.56999969482422,1646.04,2124.64,1610.35,1964.07,0.28383174821060897,514.29,Crude oil,CL=F,₹/barrel,Energy
2020-04-03,28.34000015258789,29.1299991607666,23.520000457763672,24.809999465942383,1007577,77.13999938964844,1913.84,2247.09,1814.33,2186.15,0.1130713263783878,432.7600000000002,Crude oil,CL=F,₹/barrel,Energy
2020-04-06,26.079999923706055,28.239999771118164,25.280000686645508,26.09000015258789,752710,76.2300033569336,1988.84,2152.74,1927.09,1988.08,-0.09060220021498988,225.64999999999986,Crude oil,CL=F,₹/barrel,Energy
2020-04-07,23.6299991607666,27.239999771118164,23.540000915527344,26.34000015258789,797707,75.96489715576172,2000.92,2069.28,1788.21,1795.05,-0.09709367832280391,281.07000000000016,Crude oil,CL=F,₹/barrel,Energy
2020-04-08,25.09000015258789,26.450000762939453,23.739999771118164,24.299999237060547,823554,76.66000366210938,1862.84,2027.66,1819.91,1923.4,0.0715021865686194,207.75,Crude oil,CL=F,₹/barrel,Energy
2020-04-09,22.760000228881836,28.360000610351562,22.56999969482422,26.280000686645508,1122149,75.95899963378906,1996.2,2154.2,1714.39,1728.83,-0.10115940521992317,439.8099999999997,Crude oil,CL=F,₹/barrel,Energy
2020-04-13,22.40999984741211,24.739999771118164,22.030000686645508,24.600000381469727,775120,76.16649627685547,1873.7,1884.36,1677.95,1706.89,-0.01269066362800264,206.40999999999985,Crude oil,CL=F,₹/barrel,Energy
2020-04-14,20.110000610351562,23.079999923706055,19.950000762939453,22.360000610351562,785478,76.91000366210938,1719.71,1775.08,1534.35,1546.66,-0.09387248153073724,240.73000000000002,Crude oil,CL=F,₹/barrel,Energy
2020-04-15,19.8700008392334,20.889999389648438,19.200000762939453,20.719999313354492,544797,75.93099975585938,1573.29,1586.2,1457.88,1508.75,-0.024510881512420313,128.31999999999994,Crude oil,CL=F,₹/barrel,Energy
2020-04-16,19.8700008392334,20.530000686645508,19.420000076293945,20.149999618530273,350942,77.2125015258789,1555.83,1585.17,1499.47,1534.21,0.016874896437448328,85.70000000000005,Crude oil,CL=F,₹/barrel,Energy
2020-04-17,18.270000457763672,20.219999313354492,17.309999465942383,20.0,240628,77.56999969482422,1551.4,1568.47,1342.74,1417.2,-0.07626726458568256,225.73000000000002,Crude oil,CL=F,₹/barrel,Energy
2020-04-20,-37.630001068115234,17.850000381469727,-40.31999969482422,17.729999542236328,247947,76.55999755859375,1357.41,1366.6,-3086.9,-2880.95,-3.0328464578041205,4453.5,Crude oil,CL=F,₹/barrel,Energy
2020-04-21,10.010000228881836,13.859999656677246,-16.739999771118164,-14.0,2288230,77.20999908447266,-1080.94,1070.13,-1292.5,772.87,-1.2682691473298737,2362.63,Crude oil,CL=F,₹/barrel,Energy
2020-04-22,13.779999732971191,16.18000030517578,10.260000228881836,13.119999885559082,1235218,76.96939849853516,1009.84,1245.36,789.71,1060.64,0.37233946200525336,455.64999999999986,Crude oil,CL=F,₹/barrel,Energy
2020-04-23,16.5,18.260000228881836,13.350000381469727,14.199999809265137,833584,76.4000015258789,1084.88,1395.06,1019.94,1260.6,0.18852768139990927,375.1199999999999,Crude oil,CL=F,₹/barrel,Energy
2020-04-24,16.940000534057617,17.969999313354492,15.640000343322754,16.780000686645508,600220,76.42250061035156,1282.37,1373.31,1195.25,1294.6,0.026971283515786038,178.05999999999995,Crude oil,CL=F,₹/barrel,Energy
2020-04-27,12.779999732971191,16.979999542236328,11.880000114440918,16.84000015258789,623201,76.27149963378906,1284.41,1295.09,906.11,974.75,-0.24706473041866206,388.9799999999999,Crude oil,CL=F,₹/barrel,Energy
2020-04-28,12.34000015258789,13.6899995803833,10.069999694824219,12.960000038146973,897087,76.1863021850586,987.37,1042.99,767.2,940.14,-0.03550654013849708,275.78999999999996,Crude oil,CL=F,₹/barrel,Energy
2020-04-29,15.0600004196167,16.780000686645508,12.670000076293945,13.350000381469727,554134,76.46499633789062,1020.81,1283.08,968.81,1151.56,0.22488140064245754,314.27,Crude oil,CL=F,₹/barrel,Energy
2020-04-30,18.84000015258789,19.440000534057617,15.449999809265137,15.640000343322754,545344,75.25849914550781,1177.04,1463.03,1162.74,1417.87,0.2312602035499669,300.28999999999996,Crude oil,CL=F,₹/barrel,Energy
2020-05-01,19.780000686645508,20.479999542236328,18.06999969482422,19.040000915527344,403201,75.72000122070312,1441.71,1550.75,1368.26,1497.74,0.05633097533624398,182.49,Crude oil,CL=F,₹/barrel,Energy
2020-05-04,20.389999389648438,21.420000076293945,18.049999237060547,19.110000610351562,311488,75.60050201416016,1444.73,1619.36,1364.59,1541.49,0.02921067742064709,254.76999999999998,Crude oil,CL=F,₹/barrel,Energy
2020-05-05,24.559999465942383,25.489999771118164,21.1299991607666,21.239999771118164,387240,75.8499984741211,1611.05,1933.42,1602.71,1862.88,0.20849308136932465,330.71000000000004,Crude oil,CL=F,₹/barrel,Energy
2020-05-06,23.989999771118164,26.079999923706055,22.579999923706055,25.520000457763672,381165,76.16999816894531,1943.86,1986.51,1719.92,1827.32,-0.019088722837756644,266.5899999999999,Crude oil,CL=F,₹/barrel,Energy
2020-05-07,23.549999237060547,26.739999771118164,22.940000534057617,24.09000015258789,310261,76.15129852294922,1834.48,2036.29,1746.91,1793.36,-0.01858459383140343,289.3799999999999,Crude oil,CL=F,₹/barrel,Energy
2020-05-08,24.739999771118164,24.989999771118164,23.260000228881836,23.350000381469727,205181,76.08000183105469,1776.47,1901.24,1769.62,1882.22,0.04954944907882419,131.62000000000012,Crude oil,CL=F,₹/barrel,Energy
2020-05-11,24.139999389648438,25.579999923706055,23.670000076293945,24.489999771118164,179591,75.5250015258789,1849.61,1931.93,1787.68,1823.17,-0.03137252818480307,144.25,Crude oil,CL=F,₹/barrel,Energy
2020-05-12,25.780000686645508,26.229999542236328,24.219999313354492,24.489999771118164,212335,76.30999755859375,1868.83,2001.61,1848.23,1967.27,0.07903815881130116,153.37999999999988,Crude oil,CL=F,₹/barrel,Energy
2020-05-13,25.290000915527344,26.450000762939453,24.790000915527344,25.299999237060547,150864,75.68000030517578,1914.7,2001.74,1876.11,1913.95,-0.02710354958902439,125.63000000000011,Crude oil,CL=F,₹/barrel,Energy
2020-05-14,27.559999465942383,27.959999084472656,25.18000030517578,25.559999465942383,160507,75.42620086669922,1927.89,2108.92,1899.23,2078.75,0.08610465268162693,209.69000000000005,Crude oil,CL=F,₹/barrel,Energy
2020-05-15,29.43000030517578,29.920000076293945,27.239999771118164,27.639999389648438,108016,75.48500061035156,2086.41,2258.51,2056.21,2221.52,0.06868069753457595,202.30000000000018,Crude oil,CL=F,₹/barrel,Energy
2020-05-18,31.81999969482422,33.31999969482422,29.530000686645508,29.530000686645508,89376,75.81999969482422,2238.96,2526.32,2238.96,2412.59,0.08600867874248275,287.3600000000001,Crude oil,CL=F,₹/barrel,Energy
2020-05-19,32.5,33.439998626708984,31.34000015258789,32.83000183105469,430823,75.60009765625,2481.95,2528.07,2369.31,2457.0,0.018407603446918053,158.76000000000022,Crude oil,CL=F,₹/barrel,Energy
2020-05-20,33.4900016784668,33.779998779296875,31.559999465942383,31.889999389648438,406431,76.0,2423.64,2567.28,2398.56,2545.24,0.03591371591371573,168.72000000000025,Crude oil,CL=F,₹/barrel,Energy
2020-05-21,33.91999816894531,34.65999984741211,33.2599983215332,33.529998779296875,372814,75.77999877929688,2540.9,2626.53,2520.44,2570.46,0.009908692304065658,106.09000000000015,Crude oil,CL=F,₹/barrel,Energy
2020-05-22,33.25,34.0,30.719999313354492,33.95000076293945,429036,75.625,2567.47,2571.25,2323.2,2514.53,-0.021758751351898087,248.05000000000018,Crude oil,CL=F,₹/barrel,Energy
2020-05-26,34.349998474121094,34.810001373291016,32.47999954223633,33.29999923706055,466737,76.11000061035156,2534.46,2649.39,2472.05,2614.38,0.03970921007106698,177.3399999999997,Crude oil,CL=F,₹/barrel,Energy
2020-05-27,32.810001373291016,34.31999969482422,31.75,34.13999938964844,415246,75.81999969482422,2588.49,2602.14,2407.28,2487.65,-0.048474208034027244,194.85999999999967,Crude oil,CL=F,₹/barrel,Energy
2020-05-28,33.709999084472656,34.209999084472656,31.139999389648438,32.099998474121094,440168,76.12999725341797,2443.77,2604.41,2370.69,2566.34,0.03163226338110259,233.7199999999998,Crude oil,CL=F,₹/barrel,Energy
2020-05-29,35.4900016784668,35.77000045776367,32.36000061035156,33.68000030517578,443647,75.95999908447266,2558.33,2717.09,2458.07,2695.82,0.05045317455987908,259.02,Crude oil,CL=F,₹/barrel,Energy
2020-06-01,35.439998626708984,35.900001525878906,34.27000045776367,35.209999084472656,385710,75.51319885253906,2658.82,2710.92,2587.84,2676.19,-0.007281643433166951,123.07999999999993,Crude oil,CL=F,₹/barrel,Energy
2020-06-02,36.810001373291016,37.060001373291016,35.279998779296875,35.560001373291016,343483,75.7300033569336,2692.96,2806.55,2671.75,2787.62,0.041637551892802716,134.80000000000018,Crude oil,CL=F,₹/barrel,Energy
2020-06-03,37.290000915527344,38.18000030517578,35.880001068115234,36.86000061035156,494253,75.06580352783203,2766.93,2866.01,2693.36,2799.2,0.004154081259282183,172.6500000000001,Crude oil,CL=F,₹/barrel,Energy
2020-06-04,37.40999984741211,37.619998931884766,36.380001068115234,36.7599983215332,307612,75.54499816894531,2777.03,2842.0,2748.33,2826.14,0.009624178336667732,93.67000000000007,Crude oil,CL=F,₹/barrel,Energy
2020-06-05,39.54999923706055,39.68000030517578,37.04999923706055,37.33000183105469,396856,75.49089813232422,2818.08,2995.48,2796.94,2985.66,0.056444479042085716,198.53999999999996,Crude oil,CL=F,₹/barrel,Energy
2020-06-08,38.189998626708984,40.439998626708984,37.959999084472656,39.40999984741211,416639,75.5177001953125,2976.15,3053.94,2866.65,2884.02,-0.03404272422178012,187.28999999999996,Crude oil,CL=F,₹/barrel,Energy
2020-06-09,38.939998626708984,39.099998474121094,37.06999969482422,38.220001220703125,396033,75.625,2890.39,2956.94,2803.42,2944.84,0.021088619357702232,153.51999999999998,Crude oil,CL=F,₹/barrel,Energy
2020-06-10,39.599998474121094,39.90999984741211,37.72999954223633,38.5,385868,75.50980377197266,2907.13,3013.6,2848.98,2990.19,0.015399817986715636,164.6199999999999,Crude oil,CL=F,₹/barrel,Energy
2020-06-11,36.34000015258789,39.09000015258789,35.40999984741211,39.09000015258789,513912,75.875,2965.95,2965.95,2686.73,2757.3,-0.07788468291312589,279.2199999999998,Crude oil,CL=F,₹/barrel,Energy
2020-06-12,36.2599983215332,36.9900016784668,34.47999954223633,36.2599983215332,406508,76.38999938964844,2769.9,2825.67,2633.93,2769.9,0.004569687738004591,191.74000000000024,Crude oil,CL=F,₹/barrel,Energy
2020-06-15,37.119998931884766,37.2599983215332,34.36000061035156,36.029998779296875,387546,75.95680236816406,2736.72,2830.15,2609.88,2819.52,0.01791400411567201,220.26999999999998,Crude oil,CL=F,₹/barrel,Energy
2020-06-16,38.380001068115234,39.060001373291016,36.380001068115234,37.04999923706055,366323,75.97799682617188,2814.98,2967.7,2764.08,2916.04,0.034232777210305265,203.6199999999999,Crude oil,CL=F,₹/barrel,Energy
2020-06-17,37.959999084472656,38.75,37.209999084472656,37.93000030517578,239516,76.65499877929688,2907.52,2970.38,2852.33,2909.82,-0.0021330297252437624,118.05000000000018,Crude oil,CL=F,₹/barrel,Energy
2020-06-18,38.84000015258789,38.970001220703125,37.11000061035156,37.7400016784668,113384,76.55000305175781,2889.0,2983.15,2840.77,2973.2,0.021781416032606638,142.3800000000001,Crude oil,CL=F,₹/barrel,Energy
2020-06-19,39.75,40.4900016784668,38.400001525878906,38.849998474121094,64113,76.40039825439453,2968.16,3093.45,2933.78,3036.92,0.021431454325306243,159.66999999999962,Crude oil,CL=F,₹/barrel,Energy
2020-06-22,40.459999084472656,40.70000076293945,39.119998931884766,39.18000030517578,315264,76.2520980834961,2987.56,3103.46,2982.98,3085.16,0.015884514573976105,120.48000000000002,Crude oil,CL=F,₹/barrel,Energy
2020-06-23,40.369998931884766,41.630001068115234,39.7599983215332,40.68000030517578,368730,75.78980255126953,3083.13,3155.13,3013.4,3059.63,-0.00827509756382161,141.73000000000002,Crude oil,CL=F,₹/barrel,Energy
2020-06-24,38.0099983215332,40.540000915527344,37.310001373291016,39.9900016784668,499490,75.60780334472656,3023.56,3065.14,2820.93,2873.85,-0.06071976023244652,244.21000000000004,Crude oil,CL=F,₹/barrel,Energy
2020-06-25,38.720001220703125,39.22999954223633,37.08000183105469,38.04999923706055,451640,75.97000122070312,2890.66,2980.3,2816.97,2941.56,0.023560728639281825,163.33000000000038,Crude oil,CL=F,₹/barrel,Energy
2020-06-26,38.4900016784668,39.349998474121094,37.790000915527344,39.09000015258789,356712,75.53980255126953,2952.85,2972.49,2854.65,2907.53,-0.011568691442635837,117.83999999999969,Crude oil,CL=F,₹/barrel,Energy
2020-06-29,39.70000076293945,39.88999938964844,37.5,37.959999084472656,343913,75.61979675292969,2870.53,3016.47,2835.74,3002.11,0.03252932901810124,180.73000000000002,Crude oil,CL=F,₹/barrel,Energy
2020-06-30,39.27000045776367,40.08000183105469,38.849998474121094,39.63999938964844,370059,75.69999694824219,3000.75,3034.06,2940.94,2972.74,-0.009783119206158486,93.11999999999989,Crude oil,CL=F,₹/barrel,Energy
2020-07-01,39.81999969482422,40.58000183105469,39.04999923706055,39.84000015258789,407170,75.75,3017.88,3073.94,2958.04,3016.36,0.014673331673809464,115.90000000000009,Crude oil,CL=F,₹/barrel,Energy
2020-07-02,40.650001525878906,40.7400016784668,39.459999084472656,39.779998779296875,347096,75.45490264892578,3001.6,3074.03,2977.45,3067.24,0.01686801310188435,96.58000000000038,Crude oil,CL=F,₹/barrel,Energy
2020-07-06,40.630001068115234,41.08000183105469,39.84000015258789,40.380001068115234,373236,74.6792984008789,3015.55,3067.83,2975.22,3034.22,-0.010765378646600876,92.61000000000013,Crude oil,CL=F,₹/barrel,Energy
2020-07-07,40.619998931884766,40.95000076293945,39.900001525878906,40.68000030517578,256596,74.60759735107422,3035.04,3055.18,2976.84,3030.56,-0.0012062408131249258,78.33999999999969,Crude oil,CL=F,₹/barrel,Energy
2020-07-08,40.900001525878906,41.08000183105469,40.29999923706055,40.47999954223633,286740,75.125,3041.06,3086.14,3027.54,3072.61,0.01387532337257813,58.59999999999991,Crude oil,CL=F,₹/barrel,Energy
2020-07-09,39.619998931884766,40.9900016784668,39.27000045776367,40.869998931884766,367386,74.93990325927734,3062.79,3071.79,2942.89,2969.12,-0.03368146299074737,128.9000000000001,Crude oil,CL=F,₹/barrel,Energy
2020-07-10,40.54999923706055,40.77000045776367,38.540000915527344,39.58000183105469,393149,75.33999633789062,2981.96,3071.61,2903.6,3055.04,0.02893786711214097,168.01000000000022,Crude oil,CL=F,₹/barrel,Energy
2020-07-13,40.099998474121094,40.720001220703125,39.470001220703125,40.349998474121094,370715,75.15850067138672,3032.65,3060.45,2966.51,3013.86,-0.013479365245626873,93.9399999999996,Crude oil,CL=F,₹/barrel,Energy
2020-07-14,40.290000915527344,40.56999969482422,39.06999969482422,39.599998474121094,426971,75.44999694824219,2987.82,3061.01,2947.83,3039.88,0.008633446809075407,113.18000000000029,Crude oil,CL=F,₹/barrel,Energy
2020-07-15,41.20000076293945,41.2599983215332,40.08000183105469,40.54999923706055,352542,75.57499694824219,3064.57,3118.22,3029.05,3113.69,0.024280563706462033,89.16999999999962,Crude oil,CL=F,₹/barrel,Energy
2020-07-16,40.75,41.18000030517578,40.52000045776367,40.970001220703125,200101,75.1249008178711,3077.87,3093.64,3044.06,3061.34,-0.016812849063330026,49.57999999999993,Crude oil,CL=F,₹/barrel,Energy
2020-07-17,40.59000015258789,40.900001525878906,40.02000045776367,40.720001220703125,88220,75.17449951171875,3061.11,3074.64,3008.48,3051.33,-0.0032698099525044766,66.15999999999985,Crude oil,CL=F,₹/barrel,Energy
2020-07-20,40.810001373291016,40.90999984741211,39.83000183105469,40.63999938964844,60179,74.89730072021484,3043.83,3064.05,2983.16,3056.56,0.001714006679054636,80.89000000000033,Crude oil,CL=F,₹/barrel,Energy
2020-07-21,41.959999084472656,42.400001525878906,40.63999938964844,40.650001525878906,389117,74.98999786376953,3048.34,3179.58,3047.59,3146.58,0.029451409427591724,131.98999999999978,Crude oil,CL=F,₹/barrel,Energy
2020-07-22,41.900001525878906,42.029998779296875,41.13999938964844,41.540000915527344,333647,74.7699966430664,3105.95,3142.58,3076.04,3132.86,-0.004360289584246946,66.53999999999996,Crude oil,CL=F,₹/barrel,Energy
2020-07-23,41.06999969482422,42.36000061035156,40.83000183105469,41.95000076293945,389412,74.81999969482422,3138.7,3169.38,3054.9,3072.86,-0.01915182931889714,114.48000000000002,Crude oil,CL=F,₹/barrel,Energy
2020-07-24,41.290000915527344,41.66999816894531,40.65999984741211,41.060001373291016,353159,74.80729675292969,3071.59,3117.22,3041.66,3088.79,0.005184095598237404,75.55999999999995,Crude oil,CL=F,₹/barrel,Energy
2020-07-27,41.599998474121094,41.81999969482422,40.47999954223633,41.2599983215332,377714,74.75980377197266,3084.59,3126.45,3026.28,3110.01,0.006870004111642514,100.16999999999962,Crude oil,CL=F,₹/barrel,Energy
2020-07-28,41.040000915527344,41.93000030517578,40.849998474121094,41.650001525878906,276804,75.0,3123.75,3144.75,3063.75,3078.0,-0.010292571406522844,81.0,Crude oil,CL=F,₹/barrel,Energy
2020-07-29,41.27000045776367,41.56999969482422,40.93000030517578,41.130001068115234,295855,75.08999633789062,3088.45,3121.49,3073.43,3098.96,0.006809616634178006,48.059999999999945,Crude oil,CL=F,₹/barrel,Energy
2020-07-30,39.91999816894531,41.38999938964844,38.720001220703125,41.31999969482422,487325,74.8311996459961,3092.03,3097.26,2897.46,2987.26,-0.03604435036270226,199.80000000000018,Crude oil,CL=F,₹/barrel,Energy
2020-07-31,40.27000045776367,40.54999923706055,39.65999984741211,40.34000015258789,318788,74.98999786376953,3025.1,3040.84,2974.1,3019.85,0.01090966303569152,66.74000000000024,Crude oil,CL=F,₹/barrel,Energy
2020-08-03,41.0099983215332,41.2400016784668,39.58000183105469,40.38999938964844,338326,74.91780090332031,3025.93,3089.61,2965.25,3072.38,0.017394903720383548,124.36000000000013,Crude oil,CL=F,₹/barrel,Energy
2020-08-04,41.70000076293945,42.08000183105469,40.13999938964844,40.779998779296875,451575,75.33000183105469,3071.96,3169.89,3023.75,3141.26,0.022419101803813346,146.13999999999987,Crude oil,CL=F,₹/barrel,Energy
2020-08-05,42.189998626708984,43.52000045776367,41.470001220703125,41.560001373291016,491268,75.25,3127.39,3274.88,3120.62,3174.8,0.010677244163170174,154.26000000000022,Crude oil,CL=F,₹/barrel,Energy
2020-08-06,41.95000076293945,42.650001525878906,41.61000061035156,42.189998626708984,359610,74.8822021484375,3159.28,3193.73,3115.85,3141.31,-0.010548695980849288,77.88000000000011,Crude oil,CL=F,₹/barrel,Energy
2020-08-07,41.220001220703125,42.220001220703125,41.060001373291016,41.970001220703125,398997,74.8998031616211,3143.54,3162.27,3075.39,3087.37,-0.017171180176423273,86.88000000000011,Crude oil,CL=F,₹/barrel,Energy
2020-08-10,41.939998626708984,42.33000183105469,41.16999816894531,41.5,367796,75.0248031616211,3113.53,3175.8,3088.77,3146.54,0.019165179424558865,87.0300000000002,Crude oil,CL=F,₹/barrel,Energy
2020-08-11,41.61000061035156,42.939998626708984,41.47999954223633,41.97999954223633,432843,75.0999984741211,3152.7,3224.79,3115.15,3124.91,-0.006874217394344351,109.63999999999987,Crude oil,CL=F,₹/barrel,Energy
2020-08-12,42.66999816894531,42.900001525878906,41.529998779296875,41.619998931884766,397831,74.9000015258789,3117.34,3213.21,3110.6,3195.98,0.02274305499998408,102.61000000000013,Crude oil,CL=F,₹/barrel,Energy
2020-08-13,42.2400016784668,42.84000015258789,42.09000015258789,42.56999969482422,329507,74.77210235595703,3183.05,3203.24,3147.16,3158.37,-0.011767908434971441,56.07999999999993,Crude oil,CL=F,₹/barrel,Energy
2020-08-14,42.0099983215332,42.56999969482422,41.619998931884766,42.33000183105469,310866,75.02999877929688,3176.02,3194.03,3122.75,3152.01,-0.002013696938610643,71.2800000000002,Crude oil,CL=F,₹/barrel,Energy
2020-08-17,42.88999938964844,42.970001220703125,41.79999923706055,42.2400016784668,208429,74.90280151367188,3163.89,3218.57,3130.94,3212.58,0.019216309592926306,87.63000000000011,Crude oil,CL=F,₹/barrel,Energy
2020-08-18,42.88999938964844,42.9900016784668,42.11000061035156,42.790000915527344,111628,75.0,3209.25,3224.25,3158.25,3216.75,0.0012980221504210743,66.0,Crude oil,CL=F,₹/barrel,Energy
2020-08-19,42.93000030517578,43.029998779296875,42.36000061035156,42.599998474121094,81299,74.79499816894531,3186.27,3218.43,3168.32,3210.95,-0.0018030620968368938,50.10999999999967,Crude oil,CL=F,₹/barrel,Energy
2020-08-20,42.58000183105469,42.790000915527344,41.5,42.7400016784668,377070,74.966796875,3204.08,3207.83,3111.12,3192.09,-0.005873651100141597,96.71000000000004,Crude oil,CL=F,₹/barrel,Energy
2020-08-21,42.34000015258789,42.959999084472656,41.459999084472656,42.75,345368,74.9999008178711,3206.25,3222.0,3109.5,3175.5,-0.005197221882841663,112.5,Crude oil,CL=F,₹/barrel,Energy
2020-08-24,42.619998931884766,42.88999938964844,42.22999954223633,42.47999954223633,294731,74.92179870605469,3182.68,3213.4,3163.95,3193.17,0.005564478034955078,49.45000000000027,Crude oil,CL=F,₹/barrel,Energy
2020-08-25,43.349998474121094,43.56999969482422,42.310001373291016,42.36000061035156,330800,74.4000015258789,3151.58,3241.61,3147.86,3225.24,0.010043311192325932,93.75,Crude oil,CL=F,₹/barrel,Energy
2020-08-26,43.38999938964844,43.779998779296875,43.0,43.38999938964844,262243,74.45249938964844,3230.49,3259.53,3201.46,3230.49,0.0016277858391933187,58.070000000000164,Crude oil,CL=F,₹/barrel,Energy
2020-08-27,43.040000915527344,43.5,42.36000061035156,43.45000076293945,320968,74.24009704589844,3225.73,3229.44,3144.81,3195.29,-0.010896179836495379,84.63000000000011,Crude oil,CL=F,₹/barrel,Energy
2020-08-28,42.970001220703125,43.41999816894531,42.689998626708984,42.97999954223633,272800,73.77449798583984,3170.83,3203.29,3149.43,3170.09,-0.007886608101299042,53.86000000000013,Crude oil,CL=F,₹/barrel,Energy
2020-08-31,42.61000061035156,43.56999969482422,42.560001373291016,42.90999984741211,236877,73.12830352783203,3137.94,3186.2,3112.34,3116.0,-0.017062607055320256,73.85999999999967,Crude oil,CL=F,₹/barrel,Energy
2020-09-01,42.7599983215332,43.43000030517578,42.720001220703125,42.83000183105469,285146,73.66999816894531,3155.29,3199.49,3147.18,3150.13,0.010953145057766456,52.309999999999945,Crude oil,CL=F,₹/barrel,Energy
2020-09-02,41.5099983215332,43.209999084472656,41.22999954223633,43.02000045776367,421771,73.2699966430664,3152.08,3166.0,3020.92,3041.44,-0.03450333795748117,145.07999999999993,Crude oil,CL=F,₹/barrel,Energy
2020-09-03,41.369998931884766,41.790000915527344,40.220001220703125,41.630001068115234,417634,73.24849700927734,3049.34,3061.05,2946.05,3030.29,-0.0036660266189699753,115.0,Crude oil,CL=F,₹/barrel,Energy
2020-09-04,39.77000045776367,41.869998931884766,39.349998474121094,41.25,444184,73.4478988647461,3029.73,3075.26,2890.17,2921.02,-0.03605925505479668,185.09000000000015,Crude oil,CL=F,₹/barrel,Energy
2020-09-08,36.7599983215332,39.59000015258789,36.130001068115234,39.47999954223633,720975,73.6500015258789,2907.7,2915.8,2660.97,2707.37,-0.07314225852613132,254.83000000000038,Crude oil,CL=F,₹/barrel,Energy
2020-09-09,38.04999923706055,38.45000076293945,36.15999984741211,36.790000915527344,455356,73.78679656982422,2714.62,2837.1,2668.13,2807.59,0.037017474523245886,168.9699999999998,Crude oil,CL=F,₹/barrel,Energy
2020-09-10,37.29999923706055,38.18000030517578,36.93000030517578,37.79999923706055,367555,73.55000305175781,2780.19,2808.14,2716.2,2743.42,-0.022855901324623673,91.94000000000005,Crude oil,CL=F,₹/barrel,Energy
2020-09-11,37.33000183105469,37.81999969482422,36.66999816894531,37.0099983215332,363787,73.52729797363281,2721.25,2780.8,2696.25,2744.77,0.000492086519745305,84.55000000000018,Crude oil,CL=F,₹/barrel,Energy
2020-09-14,37.2599983215332,37.68000030517578,36.81999969482422,37.31999969482422,347563,73.47859954833984,2742.22,2768.67,2705.48,2737.81,-0.002535731591353785,63.190000000000055,Crude oil,CL=F,₹/barrel,Energy
2020-09-15,38.279998779296875,38.56999969482422,37.060001373291016,37.279998779296875,348861,73.61499786376953,2744.37,2839.33,2728.17,2817.98,0.02928252873647197,111.15999999999985,Crude oil,CL=F,₹/barrel,Energy
2020-09-16,40.15999984741211,40.34000015258789,38.349998474121094,38.349998474121094,367612,73.80000305175781,2830.23,2977.09,2830.23,2963.81,0.051749834988183085,146.86000000000013,Crude oil,CL=F,₹/barrel,Energy
2020-09-17,40.970001220703125,41.220001220703125,39.41999816894531,40.189998626708984,280669,73.55069732666016,2956.0,3031.76,2899.37,3013.37,0.01672171967838687,132.39000000000033,Crude oil,CL=F,₹/barrel,Energy
2020-09-18,41.11000061035156,41.4900016784668,40.29999923706055,40.970001220703125,85906,73.58360290527344,3014.72,3052.98,2965.42,3025.02,0.003866103399184251,87.55999999999995,Crude oil,CL=F,₹/barrel,Energy
2020-09-21,39.310001373291016,41.27000045776367,38.65999984741211,40.97999954223633,66195,73.53479766845703,3013.46,3034.78,2842.86,2890.65,-0.04441954102782786,191.92000000000007,Crude oil,CL=F,₹/barrel,Energy
2020-09-22,39.599998474121094,40.02000045776367,39.0,39.630001068115234,287807,73.57980346679688,2915.97,2944.66,2869.61,2913.76,0.007994741667099126,75.04999999999973,Crude oil,CL=F,₹/barrel,Energy
2020-09-23,39.93000030517578,40.75,39.2599983215332,39.7599983215332,318754,73.50299835205078,2922.48,2995.25,2885.73,2934.97,0.007279254296853388,109.51999999999998,Crude oil,CL=F,₹/barrel,Energy
2020-09-24,40.310001373291016,40.369998931884766,39.119998931884766,39.599998474121094,269992,73.77839660644531,2921.62,2978.43,2886.21,2974.01,0.013301669182308684,92.2199999999998,Crude oil,CL=F,₹/barrel,Energy
2020-09-25,40.25,40.63999938964844,39.709999084472656,40.150001525878906,229025,73.68240356445312,2958.35,2994.45,2925.93,2965.72,-0.0027874822209744687,68.51999999999998,Crude oil,CL=F,₹/barrel,Energy
2020-09-28,40.599998474121094,40.79999923706055,39.779998779296875,40.06999969482422,226425,73.69930267333984,2953.13,3006.93,2931.76,2992.19,0.008925319989749658,75.16999999999962,Crude oil,CL=F,₹/barrel,Energy
2020-09-29,39.290000915527344,40.70000076293945,38.40999984741211,40.58000183105469,379599,73.9749984741211,3001.91,3010.78,2841.38,2906.48,-0.028644571367460014,169.4000000000001,Crude oil,CL=F,₹/barrel,Energy
2020-09-30,40.220001220703125,40.369998931884766,38.68000030517578,39.15999984741211,340294,73.84500122070312,2891.77,2981.12,2856.32,2970.05,0.021871817456166953,124.79999999999973,Crude oil,CL=F,₹/barrel,Energy
2020-10-01,38.720001220703125,40.470001220703125,37.61000061035156,39.900001525878906,443442,73.70500183105469,2940.83,2982.84,2772.05,2853.86,-0.03912055352603494,210.78999999999996,Crude oil,CL=F,₹/barrel,Energy
2020-10-02,37.04999923706055,38.650001525878906,36.630001068115234,38.599998474121094,391428,73.21700286865234,2826.18,2829.84,2681.94,2712.69,-0.04946633682100732,147.9000000000001,Crude oil,CL=F,₹/barrel,Energy
2020-10-05,39.220001220703125,39.720001220703125,37.0,37.0,378579,73.32240295410156,2712.93,2912.37,2712.93,2875.7,0.06009164335032735,199.44000000000005,Crude oil,CL=F,₹/barrel,Energy
2020-10-06,40.66999816894531,40.86000061035156,39.099998474121094,39.349998474121094,400531,73.1082992553711,2876.81,2987.21,2858.53,2973.31,0.033943039955489196,128.67999999999984,Crude oil,CL=F,₹/barrel,Energy
2020-10-07,39.95000076293945,40.349998474121094,39.279998779296875,39.83000183105469,433065,73.81500244140625,2940.05,2978.44,2899.45,2948.91,-0.008206342426454016,78.99000000000024,Crude oil,CL=F,₹/barrel,Energy
2020-10-08,41.189998626708984,41.33000183105469,39.7599983215332,39.9900016784668,409787,73.5425033569336,2940.96,3039.51,2924.05,3029.22,0.027233791468712187,115.46000000000004,Crude oil,CL=F,₹/barrel,Energy
2020-10-09,40.599998474121094,41.470001220703125,40.380001068115234,41.310001373291016,331703,73.28050231933594,3027.22,3038.94,2959.07,2975.19,-0.017836274684572162,79.86999999999989,Crude oil,CL=F,₹/barrel,Energy
2020-10-12,39.43000030517578,40.45000076293945,39.040000915527344,40.400001525878906,322035,73.01480102539062,2949.8,2953.45,2850.5,2878.97,-0.03234079168053139,102.94999999999982,Crude oil,CL=F,₹/barrel,Energy
2020-10-13,40.20000076293945,40.529998779296875,39.349998474121094,39.529998779296875,375470,73.35079956054688,2899.56,2972.91,2886.35,2948.7,0.02422046773672526,86.55999999999995,Crude oil,CL=F,₹/barrel,Energy
2020-10-14,41.040000915527344,41.15999984741211,39.81999969482422,40.189998626708984,328295,73.62000274658203,2958.79,3030.2,2931.55,3021.36,0.024641367382236323,98.64999999999964,Crude oil,CL=F,₹/barrel,Energy
2020-10-15,40.959999084472656,41.290000915527344,39.220001220703125,41.130001068115234,248251,73.29620361328125,3014.67,3026.4,2874.68,3002.21,-0.00633820531151541,151.72000000000025,Crude oil,CL=F,₹/barrel,Energy
2020-10-16,40.880001068115234,41.04999923706055,40.08000183105469,40.880001068115234,96488,73.37100219726562,2999.41,3011.88,2940.71,2999.41,-0.0009326462839042149,71.17000000000007,Crude oil,CL=F,₹/barrel,Energy
2020-10-19,40.83000183105469,41.220001220703125,40.540000915527344,40.689998626708984,75335,73.44380187988281,2988.43,3027.35,2977.41,2998.71,-0.0002333792312487759,49.940000000000055,Crude oil,CL=F,₹/barrel,Energy
2020-10-20,41.459999084472656,41.70000076293945,40.25,40.650001525878906,360574,73.57499694824219,2990.82,3068.08,2961.39,3050.42,0.01724408162176405,106.69000000000005,Crude oil,CL=F,₹/barrel,Energy
2020-10-21,40.029998779296875,41.59000015258789,39.779998779296875,41.220001220703125,366899,73.64749908447266,3035.75,3063.0,2929.7,2948.11,-0.03353964372119245,133.30000000000018,Crude oil,CL=F,₹/barrel,Energy
2020-10-22,40.63999938964844,41.02000045776367,39.709999084472656,40.040000915527344,307494,73.6812973022461,2950.2,3022.41,2925.88,2994.41,0.015704977087015015,96.52999999999975,Crude oil,CL=F,₹/barrel,Energy
2020-10-23,39.849998474121094,40.91999816894531,39.56999969482422,40.61000061035156,268931,73.72000122070312,2993.77,3016.62,2917.1,2937.74,-0.018925264075393855,99.51999999999998,Crude oil,CL=F,₹/barrel,Energy
2020-10-26,38.560001373291016,39.7400016784668,38.279998779296875,39.689998626708984,360184,73.8228988647461,2930.03,2933.72,2825.94,2846.61,-0.03102044428710493,107.77999999999975,Crude oil,CL=F,₹/barrel,Energy
2020-10-27,39.56999969482422,39.83000183105469,38.5099983215332,38.59000015258789,339535,73.94850158691406,2853.67,2945.37,2847.76,2926.14,0.027938495262786134,97.60999999999967,Crude oil,CL=F,₹/barrel,Energy
2020-10-28,37.38999938964844,39.0099983215332,36.970001220703125,38.970001220703125,489954,73.80500030517578,2876.18,2879.13,2728.57,2759.57,-0.05692482246235642,150.55999999999995,Crude oil,CL=F,₹/barrel,Energy
2020-10-29,36.16999816894531,37.7599983215332,34.91999816894531,37.38999938964844,568816,74.44000244140625,2783.31,2810.85,2599.44,2692.49,-0.02430813496305595,211.40999999999985,Crude oil,CL=F,₹/barrel,Energy
2020-10-30,35.790000915527344,36.599998474121094,35.209999084472656,36.06999969482422,388971,74.26399993896484,2678.7,2718.06,2614.84,2657.91,-0.012843130336602893,103.2199999999998,Crude oil,CL=F,₹/barrel,Energy
2020-11-02,36.810001373291016,37.150001525878906,33.63999938964844,35.2400016784668,489204,74.55049896240234,2627.16,2769.55,2507.88,2744.2,0.03246535811972562,261.6700000000001,Crude oil,CL=F,₹/barrel,Energy
2020-11-03,37.65999984741211,38.31999969482422,36.56999969482422,37.029998779296875,410611,74.45680236816406,2757.14,2853.18,2722.89,2804.04,0.021805990816995857,130.28999999999996,Crude oil,CL=F,₹/barrel,Energy
2020-11-04,39.150001525878906,39.25,37.2599983215332,38.150001525878906,437000,74.65560150146484,2848.11,2930.23,2781.67,2922.77,0.042342477282777624,148.55999999999995,Crude oil,CL=F,₹/barrel,Energy
2020-11-05,38.790000915527344,39.349998474121094,38.27000045776367,39.16999816894531,298366,74.37999725341797,2913.46,2926.85,2846.52,2885.2,-0.0128542444325076,80.32999999999993,Crude oil,CL=F,₹/barrel,Energy
2020-11-06,37.13999938964844,38.61000061035156,37.060001373291016,38.540000915527344,411026,74.12000274658203,2856.58,2861.77,2746.89,2752.82,-0.04588243449327589,114.88000000000011,Crude oil,CL=F,₹/barrel,Energy
2020-11-09,40.290000915527344,41.33000183105469,37.15999984741211,37.34000015258789,622921,73.97979736328125,2762.41,3057.59,2749.09,2980.65,0.0827624036442629,308.5,Crude oil,CL=F,₹/barrel,Energy
2020-11-10,41.36000061035156,41.84000015258789,39.40999984741211,39.90999984741211,457045,73.95320129394531,2951.47,3094.2,2914.5,3058.7,0.026185563551574198,179.69999999999982,Crude oil,CL=F,₹/barrel,Energy
2020-11-11,41.45000076293945,43.060001373291016,41.31999969482422,41.790000915527344,443772,74.28160095214844,3104.23,3198.57,3069.32,3078.97,0.006626998398012285,129.25,Crude oil,CL=F,₹/barrel,Energy
2020-11-12,41.119998931884766,42.189998626708984,40.869998931884766,41.470001220703125,401031,74.56999969482422,3092.42,3146.11,3047.68,3066.32,-0.004108516809192553,98.43000000000029,Crude oil,CL=F,₹/barrel,Energy
2020-11-13,40.130001068115234,40.939998626708984,40.060001373291016,40.939998626708984,338187,74.86499786376953,3064.97,3064.97,2999.09,3004.33,-0.020216415768739115,65.87999999999965,Crude oil,CL=F,₹/barrel,Energy
2020-11-16,41.34000015258789,42.09000015258789,40.150001525878906,40.16999816894531,378785,74.48770141601562,2992.17,3135.19,2990.68,3079.32,0.024960640142727364,144.51000000000022,Crude oil,CL=F,₹/barrel,Energy
2020-11-17,41.43000030517578,41.689998626708984,40.56999969482422,41.439998626708984,243677,74.41809844970703,3083.89,3102.49,3019.14,3083.14,0.00124053362430665,83.34999999999991,Crude oil,CL=F,₹/barrel,Energy
2020-11-18,41.81999969482422,42.459999084472656,41.08000183105469,41.349998474121094,107013,74.47969818115234,3079.74,3162.41,3059.63,3114.74,0.010249291306914321,102.77999999999975,Crude oil,CL=F,₹/barrel,Energy
2020-11-19,41.7400016784668,41.97999954223633,41.08000183105469,41.61000061035156,88144,74.41999816894531,3096.62,3124.15,3057.17,3106.29,-0.0027129070163158797,66.98000000000002,Crude oil,CL=F,₹/barrel,Energy
2020-11-20,42.150001525878906,42.31999969482422,41.5099983215332,41.70000076293945,276340,74.09960174560547,3089.95,3135.9,3075.87,3123.3,0.0054759858223154545,60.0300000000002,Crude oil,CL=F,₹/barrel,Energy
2020-11-23,43.060001373291016,43.36000061035156,42.290000915527344,42.459999084472656,300717,74.16239929199219,3148.94,3215.68,3136.33,3193.43,0.022453814875291966,79.34999999999991,Crude oil,CL=F,₹/barrel,Energy
2020-11-24,44.90999984741211,45.20000076293945,42.81999969482422,42.84000015258789,418527,74.24490356445312,3180.65,3355.87,3179.17,3334.34,0.04412496907713659,176.69999999999982,Crude oil,CL=F,₹/barrel,Energy
2020-11-25,45.709999084472656,46.2599983215332,44.72999954223633,44.81999969482422,417182,73.96080017089844,3314.92,3421.43,3308.27,3380.75,0.013918796523449961,113.15999999999985,Crude oil,CL=F,₹/barrel,Energy
2020-11-27,45.529998779296875,46.09000015258789,44.54999923706055,45.900001525878906,365128,74.04879760742188,3398.84,3412.91,3298.87,3371.44,-0.002753826813576832,114.03999999999996,Crude oil,CL=F,₹/barrel,Energy
2020-11-30,45.34000015258789,45.79999923706055,44.41999816894531,45.34000015258789,370755,73.94090270996094,3352.48,3386.49,3284.45,3352.48,-0.005623709750136485,102.03999999999996,Crude oil,CL=F,₹/barrel,Energy
2020-12-01,44.54999923706055,45.70000076293945,44.119998931884766,45.08000183105469,314919,74.02519989013672,3337.06,3382.95,3265.99,3297.82,-0.016304347826086918,116.96000000000004,Crude oil,CL=F,₹/barrel,Energy
2020-12-02,45.279998779296875,45.91999816894531,43.91999816894531,44.380001068115234,368854,73.65499877929688,3268.81,3382.24,3234.93,3335.1,0.011304437476878482,147.30999999999995,Crude oil,CL=F,₹/barrel,Energy
2020-12-03,45.63999938964844,45.84000015258789,44.65999984741211,44.9900016784668,350768,73.66259765625,3314.08,3376.69,3289.77,3361.96,0.008053731522293273,86.92000000000007,Crude oil,CL=F,₹/barrel,Energy
2020-12-04,46.2599983215332,46.68000030517578,45.61000061035156,45.63999938964844,335453,73.86489868164062,3371.19,3448.01,3368.98,3416.99,0.016368427940844033,79.0300000000002,Crude oil,CL=F,₹/barrel,Energy
2020-12-07,45.7599983215332,46.540000915527344,45.36000061035156,46.150001525878906,348871,73.79029846191406,3405.42,3434.2,3347.13,3376.64,-0.011808638597127885,87.06999999999971,Crude oil,CL=F,₹/barrel,Energy
2020-12-08,45.599998474121094,45.93000030517578,45.13999938964844,45.65999984741211,332641,74.0199966430664,3379.75,3399.74,3341.26,3375.31,-0.00039388267626983,58.47999999999956,Crude oil,CL=F,₹/barrel,Energy
2020-12-09,45.52000045776367,46.2400016784668,44.95000076293945,45.599998474121094,434976,73.72640228271484,3361.92,3409.11,3314.0,3356.03,-0.005712067928575371,95.11000000000013,Crude oil,CL=F,₹/barrel,Energy
2020-12-10,46.779998779296875,47.7400016784668,45.52000045776367,45.689998626708984,447529,73.93499755859375,3378.09,3529.66,3365.52,3458.68,0.03058673492191666,164.13999999999987,Crude oil,CL=F,₹/barrel,Energy
2020-12-11,46.56999969482422,47.290000915527344,46.34000015258789,46.970001220703125,367305,73.72669982910156,3462.94,3486.54,3416.5,3433.45,-0.007294690459944242,70.03999999999996,Crude oil,CL=F,₹/barrel,Energy
2020-12-14,46.9900016784668,47.439998626708984,45.689998626708984,46.72999954223633,403543,73.73799896240234,3445.78,3498.13,3369.09,3464.95,0.009174445528550068,129.03999999999996,Crude oil,CL=F,₹/barrel,Energy
2020-12-15,47.619998931884766,47.72999954223633,46.540000915527344,46.9900016784668,311169,73.86000061035156,3470.68,3525.34,3437.44,3517.21,0.015082468722492415,87.90000000000009,Crude oil,CL=F,₹/barrel,Energy
2020-12-16,47.81999969482422,47.939998626708984,47.16999816894531,47.599998474121094,275331,73.75980377197266,3510.97,3536.04,3479.25,3527.19,0.002837476295131758,56.789999999999964,Crude oil,CL=F,₹/barrel,Energy
2020-12-17,48.36000061035156,48.59000015258789,47.810001373291016,47.849998474121094,96536,73.6166000366211,3522.55,3577.03,3519.61,3560.1,0.009330373470099351,57.42000000000007,Crude oil,CL=F,₹/barrel,Energy
2020-12-18,49.099998474121094,49.279998779296875,48.099998474121094,48.43000030517578,83711,73.52980041503906,3561.05,3623.55,3536.78,3610.31,0.014103536417516382,86.76999999999998,Crude oil,CL=F,₹/barrel,Energy
2020-12-21,47.7400016784668,48.61000061035156,46.18000030517578,48.540000915527344,478098,73.60359954833984,3572.72,3577.87,3399.01,3513.84,-0.026720697114652192,178.85999999999967,Crude oil,CL=F,₹/barrel,Energy
2020-12-22,47.02000045776367,47.959999084472656,46.599998474121094,47.93000030517578,295737,73.935302734375,3543.72,3545.94,3445.38,3476.44,-0.010643626346105717,100.55999999999995,Crude oil,CL=F,₹/barrel,Energy
2020-12-23,48.119998931884766,48.5,46.15999984741211,46.790000915527344,344306,74.2699966430664,3475.09,3602.09,3428.3,3573.87,0.028025796504470124,173.78999999999996,Crude oil,CL=F,₹/barrel,Energy
2020-12-24,48.22999954223633,48.619998931884766,47.560001373291016,48.09000015258789,167390,73.83979797363281,3550.96,3590.09,3511.82,3561.29,-0.003519993732284621,78.26999999999998,Crude oil,CL=F,₹/barrel,Energy
2020-12-28,47.619998931884766,48.959999084472656,47.5,48.22999954223633,238462,73.68900299072266,3554.02,3607.81,3500.23,3509.07,-0.014663225965871884,107.57999999999993,Crude oil,CL=F,₹/barrel,Energy
2020-12-29,48.0,48.349998474121094,47.68000030517578,47.720001220703125,213778,73.5448989868164,3509.56,3555.9,3506.62,3530.16,0.006010139438654694,49.2800000000002,Crude oil,CL=F,₹/barrel,Energy
2020-12-30,48.400001525878906,48.65999984741211,47.61000061035156,48.130001068115234,266957,73.45359802246094,3535.32,3574.25,3497.13,3555.15,0.007078999252158713,77.11999999999989,Crude oil,CL=F,₹/barrel,Energy
2020-12-31,48.52000045776367,48.58000183105469,47.77000045776367,48.349998474121094,181894,73.13400268554688,3536.03,3552.85,3493.61,3548.46,-0.0018817771402050987,59.23999999999978,Crude oil,CL=F,₹/barrel,Energy
2021-01-04,47.619998931884766,49.83000183105469,47.18000030517578,48.400001525878906,528525,73.09200286865234,3537.65,3642.17,3448.48,3480.64,-0.01911251641557188,193.69000000000005,Crude oil,CL=F,₹/barrel,Energy
2021-01-05,49.93000030517578,50.20000076293945,47.2400016784668,47.380001068115234,643191,73.31999969482422,3473.9,3680.66,3463.64,3660.87,0.05178070699641446,217.01999999999998,Crude oil,CL=F,₹/barrel,Energy
2021-01-06,50.630001068115234,50.939998626708984,49.47999954223633,49.81999969482422,509365,73.37480163574219,3655.53,3737.71,3630.59,3714.97,0.014777907983621441,107.11999999999989,Crude oil,CL=F,₹/barrel,Energy
2021-01-07,50.83000183105469,51.279998779296875,50.38999938964844,50.529998779296875,369292,73.36000061035156,3706.88,3761.9,3696.61,3728.89,0.003747001994632626,65.28999999999996,Crude oil,CL=F,₹/barrel,Energy
2021-01-08,52.2400016784668,52.75,50.810001373291016,50.93000030517578,499416,73.44599914550781,3740.6,3874.28,3731.79,3836.82,0.02894427027882296,142.49000000000024,Crude oil,CL=F,₹/barrel,Energy
2021-01-11,52.25,52.70000076293945,51.5,52.58000183105469,394822,73.37339782714844,3857.97,3866.78,3778.73,3833.76,-0.0007975354590520345,88.05000000000018,Crude oil,CL=F,₹/barrel,Energy
2021-01-12,53.209999084472656,53.45000076293945,52.06999969482422,52.18000030517578,400200,73.51349639892578,3835.93,3929.3,3827.85,3911.65,0.02031686907891994,101.45000000000027,Crude oil,CL=F,₹/barrel,Energy
2021-01-13,52.90999984741211,53.93000030517578,52.58000183105469,53.310001373291016,429898,73.16500091552734,3900.43,3945.79,3847.02,3871.16,-0.010351130597062719,98.76999999999998,Crude oil,CL=F,₹/barrel,Energy
2021-01-14,53.56999969482422,53.75,52.2400016784668,52.84000015258789,390087,73.1698989868164,3866.3,3932.88,3822.4,3919.71,0.012541460440798069,110.48000000000002,Crude oil,CL=F,₹/barrel,Energy
2021-01-15,52.36000061035156,53.83000183105469,51.83000183105469,53.79999923706055,165668,73.08760070800781,3932.11,3934.31,3788.13,3826.87,-0.023685425707514085,146.17999999999984,Crude oil,CL=F,₹/barrel,Energy
2021-01-19,52.97999954223633,53.130001068115234,51.7599983215332,52.0,125964,73.1886978149414,3805.81,3888.52,3788.25,3877.54,0.013240585648323533,100.26999999999998,Crude oil,CL=F,₹/barrel,Energy
2021-01-20,53.2400016784668,53.790000915527344,53.04999923706055,53.130001068115234,400301,73.19190216064453,3888.69,3936.99,3882.83,3896.74,0.004951593020317002,54.159999999999854,Crude oil,CL=F,₹/barrel,Energy
2021-01-21,53.130001068115234,53.40999984741211,52.75,52.93000030517578,352397,72.91089630126953,3859.17,3894.17,3846.05,3873.76,-0.005897237177743375,48.11999999999989,Crude oil,CL=F,₹/barrel,Energy
2021-01-22,52.27000045776367,53.15999984741211,51.439998626708984,53.099998474121094,437484,72.95490264892578,3873.91,3878.28,3752.8,3813.35,-0.015594667713023092,125.48000000000002,Crude oil,CL=F,₹/barrel,Energy
2021-01-25,52.77000045776367,52.95000076293945,51.81999969482422,52.16999816894531,349076,72.99590301513672,3808.2,3865.13,3782.65,3851.99,0.01013282284605399,82.48000000000002,Crude oil,CL=F,₹/barrel,Energy
2021-01-26,52.61000061035156,53.25,52.290000915527344,52.90999984741211,314538,72.97000122070312,3860.84,3885.65,3815.6,3838.95,-0.0033852632016178053,70.05000000000018,Crude oil,CL=F,₹/barrel,Energy
2021-01-27,52.849998474121094,53.29999923706055,51.849998474121094,52.7599983215332,442376,72.91999816894531,3847.26,3886.64,3780.9,3853.82,0.003873454981179858,105.73999999999978,Crude oil,CL=F,₹/barrel,Energy
2021-01-28,52.34000015258789,53.58000183105469,52.040000915527344,52.650001525878906,411406,73.03710174560547,3845.4,3913.33,3800.85,3822.76,-0.008059535733376255,112.48000000000002,Crude oil,CL=F,₹/barrel,Energy
2021-01-29,52.20000076293945,53.25,51.93000030517578,52.150001525878906,410914,72.93879699707031,3803.76,3883.99,3787.71,3807.41,-0.0040154234113572995,96.27999999999975,Crude oil,CL=F,₹/barrel,Energy
2021-02-01,53.54999923706055,53.7400016784668,51.63999938964844,51.9900016784668,416067,72.90660095214844,3790.41,3918.0,3764.9,3904.15,0.025408348457350405,153.0999999999999,Crude oil,CL=F,₹/barrel,Energy
2021-02-02,54.7599983215332,55.2599983215332,53.45000076293945,53.47999954223633,463718,73.11979675292969,3910.45,4040.6,3908.25,4004.04,0.025585594815772827,132.3499999999999,Crude oil,CL=F,₹/barrel,Energy
2021-02-03,55.689998626708984,56.33000183105469,54.810001373291016,55.04999923706055,448693,72.91629791259766,4014.04,4107.38,3996.54,4060.71,0.01415320526268471,110.84000000000015,Crude oil,CL=F,₹/barrel,Energy
2021-02-04,56.22999954223633,56.58000183105469,55.29999923706055,55.959999084472656,381404,72.85800170898438,4077.13,4122.31,4029.05,4096.81,0.008890070948184059,93.26000000000022,Crude oil,CL=F,₹/barrel,Energy
2021-02-05,56.849998474121094,57.290000915527344,56.43000030517578,56.459999084472656,400833,72.9457015991211,4118.51,4179.06,4116.33,4146.96,0.012241231592385216,62.73000000000047,Crude oil,CL=F,₹/barrel,Energy
2021-02-08,57.970001220703125,58.13999938964844,57.0,57.060001373291016,399724,72.78479766845703,4153.1,4231.71,4148.73,4219.33,0.017451337847483428,82.98000000000047,Crude oil,CL=F,₹/barrel,Energy
2021-02-09,58.36000061035156,58.619998931884766,57.27000045776367,58.11000061035156,514698,72.92990112304688,4237.96,4275.15,4176.7,4256.19,0.008735984149142118,98.44999999999982,Crude oil,CL=F,₹/barrel,Energy
2021-02-10,58.68000030517578,58.90999984741211,58.08000183105469,58.45000076293945,457535,72.85489654541016,4258.37,4291.88,4231.41,4275.13,0.004449989309687874,60.470000000000255,Crude oil,CL=F,₹/barrel,Energy
2021-02-11,58.2400016784668,58.709999084472656,57.84000015258789,58.400001525878906,380445,72.80729675292969,4251.95,4274.52,4211.17,4240.3,-0.008147120672353791,63.350000000000364,Crude oil,CL=F,₹/barrel,Energy
2021-02-12,59.470001220703125,59.81999969482422,57.40999984741211,57.939998626708984,480822,72.70950317382812,4212.79,4349.48,4174.25,4324.03,0.01974624436950201,175.22999999999956,Crude oil,CL=F,₹/barrel,Energy
2021-02-16,60.04999923706055,60.95000076293945,59.33000183105469,59.97999954223633,602332,72.63870239257812,4356.87,4427.33,4309.65,4361.95,0.008769596880687791,117.68000000000029,Crude oil,CL=F,₹/barrel,Energy
2021-02-17,61.13999938964844,61.72999954223633,59.43000030517578,60.2400016784668,335419,72.93499755859375,4393.6,4502.28,4334.53,4459.25,0.02230653721386089,167.75,Crude oil,CL=F,₹/barrel,Energy
2021-02-18,60.52000045776367,62.2599983215332,59.790000915527344,61.68000030517578,132035,72.79730224609375,4490.14,4532.36,4352.55,4405.69,-0.01201098839490955,179.8099999999995,Crude oil,CL=F,₹/barrel,Energy
2021-02-19,59.2400016784668,60.290000915527344,58.59000015258789,60.20000076293945,102427,72.60540008544922,4370.85,4377.38,4253.95,4301.14,-0.02373067555819841,123.43000000000029,Crude oil,CL=F,₹/barrel,Energy
2021-02-22,61.4900016784668,61.84000015258789,58.81999969482422,58.880001068115234,505773,72.5530014038086,4271.92,4486.68,4267.57,4461.28,0.037231989658555564,219.11000000000058,Crude oil,CL=F,₹/barrel,Energy
2021-02-23,61.66999816894531,63.0,60.66999816894531,62.15999984741211,570677,72.44400024414062,4503.12,4563.97,4395.18,4467.62,0.0014211168095255022,168.78999999999996,Crude oil,CL=F,₹/barrel,Energy
2021-02-24,63.220001220703125,63.5099983215332,60.970001220703125,61.290000915527344,489933,72.37699890136719,4435.99,4596.66,4412.83,4575.67,0.024185136605172408,183.82999999999993,Crude oil,CL=F,₹/barrel,Energy
2021-02-25,63.529998779296875,63.810001373291016,62.650001525878906,63.38999938964844,510357,72.4000015258789,4589.44,4619.84,4535.86,4599.57,0.0052232787766599564,83.98000000000047,Crude oil,CL=F,₹/barrel,Energy
2021-02-26,61.5,63.56999969482422,61.34000015258789,63.459999084472656,472723,73.1509017944336,4642.16,4650.2,4487.08,4498.78,-0.0219129179466776,163.1199999999999,Crude oil,CL=F,₹/barrel,Energy
2021-03-01,60.63999938964844,62.91999816894531,59.959999084472656,61.95000076293945,456679,73.59590148925781,4559.27,4630.65,4412.81,4462.86,-0.00798438687822034,217.83999999999924,Crude oil,CL=F,₹/barrel,Energy
2021-03-02,59.75,61.209999084472656,59.380001068115234,60.22999954223633,464133,73.30940246582031,4415.43,4487.27,4353.11,4380.24,-0.018512792245331422,134.16000000000076,Crude oil,CL=F,₹/barrel,Energy
2021-03-03,61.279998779296875,61.9900016784668,59.2400016784668,59.54999923706055,465311,73.27749633789062,4363.67,4542.47,4340.96,4490.44,0.025158438807006078,201.51000000000022,Crude oil,CL=F,₹/barrel,Energy
2021-03-04,63.83000183105469,64.86000061035156,60.52000045776367,61.08000183105469,694628,72.88069915771484,4451.55,4727.04,4410.74,4651.98,0.035974202973428016,316.3000000000002,Crude oil,CL=F,₹/barrel,Energy
2021-03-05,66.08999633789062,66.41999816894531,63.81999969482422,64.16000366210938,573168,73.13179779052734,4692.14,4857.41,4667.27,4833.28,0.03897265250495496,190.13999999999942,Crude oil,CL=F,₹/barrel,Energy
2021-03-08,65.05000305175781,67.9800033569336,64.56999969482422,66.68000030517578,533376,73.1333999633789,4876.54,4971.61,4722.22,4757.33,-0.015713966498940635,249.38999999999942,Crude oil,CL=F,₹/barrel,Energy
2021-03-09,64.01000213623047,65.9800033569336,63.630001068115234,64.7300033569336,554564,73.33000183105469,4746.65,4838.31,4665.99,4693.85,-0.01334361921497973,172.32000000000062,Crude oil,CL=F,₹/barrel,Energy
2021-03-10,64.44000244140625,64.95999908447266,63.130001068115234,63.84000015258789,498488,72.7759017944336,4646.01,4727.52,4594.34,4689.68,-0.0008883965188491993,133.1800000000003,Crude oil,CL=F,₹/barrel,Energy
2021-03-11,66.0199966430664,66.20999908447266,64.54000091552734,64.69999694824219,441063,72.70600128173828,4704.08,4813.86,4692.45,4800.05,0.023534654816533385,121.40999999999985,Crude oil,CL=F,₹/barrel,Energy
2021-03-12,65.61000061035156,66.23999786376953,65.41000366210938,65.95999908447266,321714,72.63899993896484,4791.27,4811.61,4751.32,4765.84,-0.007127009093655268,60.289999999999964,Crude oil,CL=F,₹/barrel,Energy
2021-03-15,65.38999938964844,66.4000015258789,64.12999725341797,65.55999755859375,378009,72.68299865722656,4765.1,4826.15,4661.16,4752.74,-0.002748728450808313,164.98999999999978,Crude oil,CL=F,₹/barrel,Energy
2021-03-16,64.80000305175781,65.43000030517578,63.79999923706055,65.33000183105469,317537,72.51529693603516,4737.42,4744.68,4626.48,4698.99,-0.011309265812983638,118.20000000000073,Crude oil,CL=F,₹/barrel,Energy
2021-03-17,64.5999984741211,65.33999633789062,63.599998474121094,64.75,254724,72.5156021118164,4695.39,4738.17,4611.99,4684.51,-0.0030815132613603025,126.18000000000029,Crude oil,CL=F,₹/barrel,Energy
2021-03-18,60.0,64.81999969482422,58.20000076293945,64.41999816894531,143597,72.29560089111328,4657.28,4686.2,4207.6,4337.74,-0.07402481796388527,478.59999999999945,Crude oil,CL=F,₹/barrel,Energy
2021-03-19,61.41999816894531,61.720001220703125,58.939998626708984,59.560001373291016,84171,72.6688003540039,4328.15,4485.12,4283.1,4463.32,0.02895055950794645,202.01999999999953,Crude oil,CL=F,₹/barrel,Energy
2021-03-22,61.54999923706055,61.900001525878906,60.38999938964844,61.54999923706055,404370,72.40499877929688,4456.53,4481.87,4372.54,4456.53,-0.001521289085254951,109.32999999999993,Crude oil,CL=F,₹/barrel,Energy
2021-03-23,57.7599983215332,61.349998474121094,57.25,61.279998779296875,712317,72.38050079345703,4435.48,4440.54,4143.78,4180.7,-0.06189344624629478,296.7600000000002,Crude oil,CL=F,₹/barrel,Energy
2021-03-24,61.18000030517578,61.34000015258789,57.290000915527344,57.400001525878906,566291,72.61219787597656,4167.94,4454.03,4159.95,4442.41,0.06259956466620431,294.0799999999999,Crude oil,CL=F,₹/barrel,Energy
2021-03-25,58.560001373291016,60.86000061035156,57.439998626708984,60.79999923706055,580105,72.64559936523438,4416.85,4421.21,4172.76,4254.13,-0.0423824005438489,248.44999999999982,Crude oil,CL=F,₹/barrel,Energy
2021-03-26,60.970001220703125,61.36000061035156,58.31999969482422,58.47999954223633,471996,72.61280059814453,4246.4,4455.52,4234.78,4427.2,0.04068281881371738,220.7400000000007,Crude oil,CL=F,₹/barrel,Energy
2021-03-29,61.560001373291016,61.77000045776367,59.40999984741211,60.93000030517578,449360,72.44719696044922,4414.21,4475.06,4304.09,4459.85,0.0073748644741598035,170.97000000000025,Crude oil,CL=F,₹/barrel,Energy
2021-03-30,60.54999923706055,62.27000045776367,59.939998626708984,61.959999084472656,388188,72.74189758300781,4507.09,4529.64,4360.15,4404.52,-0.012406246846866975,169.4900000000007,Crude oil,CL=F,₹/barrel,Energy
2021-03-31,59.15999984741211,61.16999816894531,58.849998474121094,60.45000076293945,414162,73.44529724121094,4439.77,4492.65,4322.26,4345.02,-0.013508849999545935,170.38999999999942,Crude oil,CL=F,₹/barrel,Energy
2021-04-01,61.45000076293945,61.75,58.86000061035156,59.4900016784668,605567,73.20349884033203,4354.88,4520.32,4308.76,4498.36,0.035290976796424234,211.5599999999995,Crude oil,CL=F,₹/barrel,Energy
2021-04-05,58.650001525878906,61.5,57.630001068115234,61.5,438864,73.3759994506836,4512.62,4512.62,4228.66,4303.5,-0.043318009230030485,283.96000000000004,Crude oil,CL=F,₹/barrel,Energy
2021-04-06,59.33000183105469,60.900001525878906,58.619998931884766,58.79999923706055,457348,73.27950286865234,4308.83,4462.72,4295.64,4347.67,0.010263738817241741,167.07999999999993,Crude oil,CL=F,₹/barrel,Energy
2021-04-07,59.77000045776367,60.040000915527344,58.119998931884766,59.2599983215332,475537,73.48999786376953,4355.02,4412.34,4271.24,4392.5,0.010311270174599318,141.10000000000036,Crude oil,CL=F,₹/barrel,Energy
2021-04-08,59.599998474121094,59.93000030517578,58.81999969482422,59.52000045776367,419913,74.40149688720703,4428.38,4458.88,4376.3,4434.33,0.009523050654524745,82.57999999999993,Crude oil,CL=F,₹/barrel,Energy
2021-04-09,59.31999969482422,59.95000076293945,59.099998474121094,59.7599983215332,351436,74.54450225830078,4454.78,4468.94,4405.58,4421.98,-0.0027850881643901593,63.35999999999967,Crude oil,CL=F,₹/barrel,Energy
2021-04-12,59.70000076293945,60.77000045776367,58.72999954223633,59.349998474121094,410218,74.72949981689453,4435.2,4541.31,4388.86,4461.35,0.008903251484629227,152.45000000000073,Crude oil,CL=F,₹/barrel,Energy
2021-04-13,60.18000030517578,60.59000015258789,59.63999938964844,59.63999938964844,349733,74.99099731445312,4472.46,4543.7,4472.46,4512.96,0.01156824727941097,71.23999999999978,Crude oil,CL=F,₹/barrel,Energy
2021-04-14,63.150001525878906,63.439998626708984,60.380001068115234,60.439998626708984,419813,75.18150329589844,4543.97,4769.51,4539.46,4747.71,0.05201685811529466,230.05000000000018,Crude oil,CL=F,₹/barrel,Energy
2021-04-15,63.459999084472656,63.56999969482422,62.529998779296875,62.83000183105469,243370,75.0261001586914,4713.89,4769.41,4691.38,4761.16,0.002832944724930453,78.02999999999975,Crude oil,CL=F,₹/barrel,Energy
2021-04-16,63.130001068115234,63.880001068115234,62.83000183105469,63.31999969482422,87795,74.72740173339844,4731.74,4773.59,4695.12,4717.54,-0.00916163287938232,78.47000000000025,Crude oil,CL=F,₹/barrel,Energy
2021-04-19,63.380001068115234,63.630001068115234,62.630001068115234,62.97999954223633,74384,74.56320190429688,4695.99,4744.46,4669.89,4725.82,0.0017551520495850959,74.56999999999971,Crude oil,CL=F,₹/barrel,Energy
2021-04-20,62.439998626708984,64.25,61.5,63.470001220703125,476046,74.8781967163086,4752.52,4810.92,4605.01,4675.39,-0.010671163946150974,205.90999999999985,Crude oil,CL=F,₹/barrel,Energy
2021-04-21,61.349998474121094,62.560001373291016,60.86000061035156,62.38999938964844,431486,75.44920349121094,4707.28,4720.1,4591.84,4628.81,-0.009962805241915618,128.26000000000022,Crude oil,CL=F,₹/barrel,Energy
2021-04-22,61.43000030517578,61.869998931884766,60.61000061035156,61.11000061035156,344700,75.42949676513672,4609.5,4666.82,4571.78,4633.63,0.0010413043525225874,95.03999999999996,Crude oil,CL=F,₹/barrel,Energy
2021-04-23,62.13999938964844,62.43000030517578,61.25,61.650001525878906,345407,75.0916976928711,4629.4,4687.97,4599.37,4666.2,0.007029046341637146,88.60000000000036,Crude oil,CL=F,₹/barrel,Energy
2021-04-26,61.90999984741211,62.310001373291016,60.65999984741211,62.060001373291016,366865,74.86810302734375,4646.31,4665.03,4541.5,4635.08,-0.006669238352406626,123.52999999999975,Crude oil,CL=F,₹/barrel,Energy
2021-04-27,62.939998626708984,63.29999923706055,61.90999984741211,61.970001220703125,361536,74.81490325927734,4636.28,4735.78,4631.79,4708.85,0.015915582902560566,103.98999999999978,Crude oil,CL=F,₹/barrel,Energy
2021-04-28,63.86000061035156,64.52999877929688,62.66999816894531,63.040000915527344,387683,74.57499694824219,4701.21,4812.32,4673.61,4762.36,0.011363708761162439,138.71000000000004,Crude oil,CL=F,₹/barrel,Energy
2021-04-29,65.01000213623047,65.47000122070312,63.650001525878906,63.70000076293945,384489,74.31179809570312,4733.66,4865.19,4729.95,4831.01,0.01441512191434513,135.23999999999978,Crude oil,CL=F,₹/barrel,Energy
2021-04-30,63.58000183105469,64.94999694824219,63.08000183105469,64.87999725341797,400515,74.10579681396484,4807.98,4813.17,4674.59,4711.65,-0.024707048836578815,138.57999999999993,Crude oil,CL=F,₹/barrel,Energy
2021-05-03,64.48999786376953,64.68000030517578,62.90999984741211,63.63999938964844,285969,74.09480285644531,4715.39,4792.45,4661.3,4778.37,0.014160644360255992,131.14999999999964,Crude oil,CL=F,₹/barrel,Energy
2021-05-04,65.69000244140625,66.19000244140625,64.29000091552734,64.52999877929688,370208,73.8375015258789,4764.73,4887.3,4747.01,4850.39,0.015072085250828371,140.28999999999996,Crude oil,CL=F,₹/barrel,Energy
2021-05-05,65.62999725341797,66.76000213623047,64.91999816894531,66.44999694824219,460066,73.77890014648438,4902.61,4925.48,4789.73,4842.11,-0.001707079224557373,135.75,Crude oil,CL=F,₹/barrel,Energy
2021-05-06,64.70999908447266,65.9800033569336,64.5,65.2699966430664,389214,73.79940032958984,4816.89,4869.28,4760.06,4775.56,-0.013744008293904764,109.21999999999935,Crude oil,CL=F,₹/barrel,Energy
2021-05-07,64.9000015258789,65.23999786376953,63.900001525878906,64.9000015258789,431417,73.61519622802734,4777.63,4802.66,4704.01,4777.63,0.0004334570186532716,98.64999999999964,Crude oil,CL=F,₹/barrel,Energy
2021-05-10,64.91999816894531,65.75,63.95000076293945,65.56999969482422,448337,73.29029846191406,4805.64,4818.84,4686.91,4758.01,-0.004106638647195293,131.9300000000003,Crude oil,CL=F,₹/barrel,Energy
2021-05-11,65.27999877929688,65.5,63.68000030517578,64.9000015258789,514949,73.5,4770.15,4814.25,4680.48,4798.08,0.00842158801683901,133.77000000000044,Crude oil,CL=F,₹/barrel,Energy
2021-05-12,66.08000183105469,66.62999725341797,64.97000122070312,65.45999908447266,508519,73.3750991821289,4803.13,4888.98,4767.18,4848.63,0.010535464185674304,121.79999999999927,Crude oil,CL=F,₹/barrel,Energy
2021-05-13,63.81999969482422,65.80999755859375,63.09000015258789,65.75,547691,73.68160247802734,4844.57,4848.99,4648.57,4702.36,-0.030167284366924396,200.42000000000007,Crude oil,CL=F,₹/barrel,Energy
2021-05-14,65.37000274658203,65.62000274658203,63.33000183105469,63.83000183105469,383749,73.44490051269531,4687.99,4819.45,4651.27,4801.09,0.020995840386529352,168.17999999999938,Crude oil,CL=F,₹/barrel,Energy
2021-05-17,66.2699966430664,66.43000030517578,64.83000183105469,65.5,268476,73.27890014648438,4799.77,4867.92,4750.67,4856.19,0.011476560531046065,117.25,Crude oil,CL=F,₹/barrel,Energy
2021-05-18,65.48999786376953,67.01000213623047,64.11000061035156,66.33000183105469,167348,73.26969909667969,4859.98,4909.8,4697.32,4798.43,-0.011894098048058077,212.48000000000047,Crude oil,CL=F,₹/barrel,Energy
2021-05-19,63.36000061035156,65.3499984741211,61.95000076293945,65.27999877929688,101902,73.1281967163086,4773.81,4778.93,4530.29,4633.4,-0.034392499213284466,248.64000000000033,Crude oil,CL=F,₹/barrel,Energy
2021-05-20,62.04999923706055,63.959999084472656,61.88999938964844,63.38999938964844,524168,73.222900390625,4641.6,4683.34,4531.77,4543.48,-0.01940691500841718,151.5699999999997,Crude oil,CL=F,₹/barrel,Energy
2021-05-21,63.58000183105469,64.06999969482422,61.560001373291016,61.88999938964844,530831,73.02189636230469,4519.33,4678.51,4495.23,4642.73,0.021844489246128473,183.28000000000065,Crude oil,CL=F,₹/barrel,Energy
2021-05-24,66.05000305175781,66.13999938964844,63.630001068115234,63.869998931884766,466647,72.90979766845703,4656.75,4822.25,4639.25,4815.69,0.037253943261830846,183.0,Crude oil,CL=F,₹/barrel,Energy
2021-05-25,66.06999969482422,66.51000213623047,65.41000366210938,66.0199966430664,497394,72.83660125732422,4808.67,4844.36,4764.24,4812.31,-0.0007018724211896865,80.11999999999989,Crude oil,CL=F,₹/barrel,Energy
2021-05-26,66.20999908447266,66.43000030517578,65.25,66.04000091552734,376207,72.80490112304688,4808.04,4836.43,4750.52,4820.41,0.001683183336069316,85.90999999999985,Crude oil,CL=F,₹/barrel,Energy
2021-05-27,66.8499984741211,66.91999816894531,65.47000122070312,66.16000366210938,337542,72.67250061035156,4808.01,4863.24,4757.87,4858.16,0.00783128406089939,105.36999999999989,Crude oil,CL=F,₹/barrel,Energy
2021-05-28,66.31999969482422,67.5199966430664,66.16999816894531,66.94999694824219,390461,72.68299865722656,4866.13,4907.56,4809.43,4820.34,-0.007784840351079403,98.13000000000011,Crude oil,CL=F,₹/barrel,Energy
2021-06-01,67.72000122070312,68.87000274658203,66.41000366210938,66.68000030517578,570985,72.48719787597656,4833.45,4992.19,4813.88,4908.83,0.018357626225535828,178.3099999999995,Crude oil,CL=F,₹/barrel,Energy
2021-06-02,68.83000183105469,69.0,67.77999877929688,67.98999786376953,332995,72.8550033569336,4953.41,5027.0,4938.11,5014.61,0.021548923063133163,88.89000000000033,Crude oil,CL=F,₹/barrel,Energy
2021-06-03,68.80999755859375,69.4000015258789,68.19000244140625,68.76000213623047,351367,72.96510314941406,5017.08,5063.78,4975.49,5020.73,0.0012204338921670832,88.28999999999996,Crude oil,CL=F,₹/barrel,Energy
2021-06-04,69.62000274658203,69.76000213623047,68.33000183105469,68.91000366210938,326250,73.04419708251953,5033.48,5095.56,4991.11,5085.34,0.01286864659123288,104.45000000000073,Crude oil,CL=F,₹/barrel,Energy
2021-06-07,69.2300033569336,70.0,68.93000030517578,69.5199966430664,365621,72.90969848632812,5068.68,5103.68,5025.67,5047.54,-0.007433131314720343,78.01000000000022,Crude oil,CL=F,₹/barrel,Energy
2021-06-08,70.05000305175781,70.2699966430664,68.47000122070312,69.29000091552734,441302,72.80940246582031,5044.96,5116.32,4985.26,5100.3,0.010452616522107938,131.0599999999995,Crude oil,CL=F,₹/barrel,Energy
2021-06-09,69.95999908447266,70.62000274658203,69.45999908447266,70.01000213623047,410820,72.97530364990234,5109.0,5153.52,5068.86,5105.35,0.0009901378350294365,84.66000000000076,Crude oil,CL=F,₹/barrel,Energy
2021-06-10,70.29000091552734,70.6500015258789,68.68000030517578,69.76000213623047,492464,72.98529815673828,5091.45,5156.41,5012.63,5130.14,0.004855690599077533,143.77999999999975,Crude oil,CL=F,₹/barrel,Energy
2021-06-11,70.91000366210938,71.23999786376953,69.68000030517578,70.0999984741211,563575,73.01229858398438,5118.16,5201.4,5087.5,5177.3,0.009192731582373881,113.89999999999964,Crude oil,CL=F,₹/barrel,Energy
2021-06-14,70.87999725341797,71.77999877929688,70.6500015258789,70.6500015258789,319639,73.23159790039062,5173.81,5256.56,5173.81,5190.66,0.0025804956251327393,82.75,Crude oil,CL=F,₹/barrel,Energy
2021-06-15,72.12000274658203,72.48999786376953,70.80999755859375,71.16000366210938,336035,73.18080139160156,5207.55,5304.88,5181.93,5277.8,0.01678784586160531,122.94999999999982,Crude oil,CL=F,₹/barrel,Energy
2021-06-16,72.1500015258789,72.98999786376953,71.61000061035156,72.44999694824219,426775,73.3447036743164,5313.82,5353.43,5252.21,5291.82,0.0026564098677477332,101.22000000000025,Crude oil,CL=F,₹/barrel,Energy
2021-06-17,71.04000091552734,72.30000305175781,69.7699966430664,71.6500015258789,373780,73.8240966796875,5289.5,5337.48,5150.71,5244.46,-0.008949661931055841,186.76999999999953,Crude oil,CL=F,₹/barrel,Energy
2021-06-18,71.63999938964844,72.16999816894531,70.16000366210938,71.0999984741211,139584,74.25389862060547,5279.45,5358.9,5209.65,5319.55,0.014317966006033078,149.25,Crude oil,CL=F,₹/barrel,Energy
2021-06-21,73.66000366210938,73.95999908447266,71.1500015258789,71.5199966430664,123662,74.1438980102539,5302.77,5483.68,5275.34,5461.44,0.026673308832513953,208.34000000000015,Crude oil,CL=F,₹/barrel,Energy
2021-06-22,73.05999755859375,73.94999694824219,72.94000244140625,73.41000366210938,498555,74.13520050048828,5442.27,5482.3,5407.42,5416.32,-0.008261557391457175,74.88000000000011,Crude oil,CL=F,₹/barrel,Energy
2021-06-23,73.08000183105469,74.25,72.81999969482422,72.91000366210938,429207,74.33219909667969,5419.56,5519.17,5412.87,5432.2,0.0029318799480089197,106.30000000000018,Crude oil,CL=F,₹/barrel,Energy
2021-06-24,73.30000305175781,73.61000061035156,72.31999969482422,73.27999877929688,334833,74.24690246582031,5440.81,5465.31,5369.54,5442.3,0.001859283531534306,95.77000000000044,Crude oil,CL=F,₹/barrel,Energy
2021-06-25,74.05000305175781,74.18000030517578,72.8499984741211,73.31999969482422,364721,74.19029998779297,5439.63,5503.44,5404.76,5493.79,0.00946107344321323,98.67999999999938,Crude oil,CL=F,₹/barrel,Energy
2021-06-28,72.91000366210938,74.44999694824219,72.62000274658203,73.98999786376953,354701,74.21299743652344,5491.02,5525.16,5389.35,5410.87,-0.015093405463259435,135.8099999999995,Crude oil,CL=F,₹/barrel,Energy
2021-06-29,72.9800033569336,73.80999755859375,71.97000122070312,72.77999877929688,321448,74.285400390625,5406.49,5483.01,5346.32,5421.35,0.001936841949631063,136.6900000000005,Crude oil,CL=F,₹/barrel,Energy
2021-06-30,73.47000122070312,74.13999938964844,72.81999969482422,73.47000122070312,383626,74.28759765625,5457.91,5507.68,5409.62,5457.91,0.0067437077480700935,98.0600000000004,Crude oil,CL=F,₹/barrel,Energy
2021-07-01,75.2300033569336,76.22000122070312,73.38999938964844,73.5,615678,74.37100219726562,5466.27,5668.56,5458.09,5594.93,0.025104847826365795,210.47000000000025,Crude oil,CL=F,₹/barrel,Energy
2021-07-02,75.16000366210938,75.62000274658203,74.41000366210938,75.0199966430664,377531,74.54499816894531,5592.37,5637.09,5546.89,5602.8,0.0014066306459596944,90.19999999999982,Crude oil,CL=F,₹/barrel,Energy
2021-07-06,73.37000274658203,76.9800033569336,72.94000244140625,75.3499984741211,714044,74.31780242919922,5599.85,5720.98,5420.74,5452.7,-0.02679017634040126,300.2399999999998,Crude oil,CL=F,₹/barrel,Energy
2021-07-07,72.19999694824219,74.86000061035156,71.06999969482422,73.8499984741211,607971,74.76290130615234,5521.24,5596.75,5313.4,5397.88,-0.010053734846956486,283.35000000000036,Crude oil,CL=F,₹/barrel,Energy
2021-07-08,72.94000244140625,73.26000213623047,70.76000213623047,72.16999816894531,529690,74.8218994140625,5399.9,5481.45,5294.4,5457.51,0.011046929535299066,187.05000000000018,Crude oil,CL=F,₹/barrel,Energy
2021-07-09,74.55999755859375,74.76000213623047,72.72000122070312,73.26000213623047,422154,74.72139739990234,5474.09,5586.17,5433.74,5571.23,0.020837341571522394,152.4300000000003,Crude oil,CL=F,₹/barrel,Energy
2021-07-12,74.0999984741211,74.93000030517578,73.16000366210938,74.73999786376953,397931,74.4905014038086,5567.42,5581.57,5449.73,5519.75,-0.009240329334814668,131.84000000000015,Crude oil,CL=F,₹/barrel,Energy
2021-07-13,75.25,75.5199966430664,73.68000030517578,74.18000030517578,444078,74.54170227050781,5529.5,5629.39,5492.23,5609.26,0.01621631414466229,137.16000000000076,Crude oil,CL=F,₹/barrel,Energy
2021-07-14,73.12999725341797,75.44000244140625,72.20999908447266,75.16999816894531,528360,74.65910339355469,5612.12,5632.28,5391.13,5459.82,-0.026641660397271782,241.14999999999964,Crude oil,CL=F,₹/barrel,Energy
2021-07-15,71.6500015258789,72.95999908447266,71.4000015258789,72.95999908447266,368679,74.46910095214844,5433.27,5433.27,5317.09,5335.71,-0.02273151862149292,116.18000000000029,Crude oil,CL=F,₹/barrel,Energy
2021-07-16,71.80999755859375,72.30000305175781,70.41000366210938,71.4800033569336,133926,74.53700256347656,5327.91,5389.03,5248.15,5352.5,0.003146722741678154,140.8800000000001,Crude oil,CL=F,₹/barrel,Energy
2021-07-19,66.41999816894531,71.66999816894531,65.62999725341797,71.48999786376953,82565,74.63179779052734,5335.43,5348.86,4898.08,4957.04,-0.07388323213451664,450.77999999999975,Crude oil,CL=F,₹/barrel,Energy
2021-07-20,67.41999816894531,67.6500015258789,65.20999908447266,66.5999984741211,561629,74.99340057373047,4994.56,5073.3,4890.32,5056.05,0.019973613285347858,182.98000000000047,Crude oil,CL=F,₹/barrel,Energy
2021-07-21,70.30000305175781,70.51000213623047,66.44000244140625,66.44999694824219,503030,74.5270004272461,4952.32,5254.9,4951.57,5239.25,0.036233818890240466,303.3299999999999,Crude oil,CL=F,₹/barrel,Energy
2021-07-22,71.91000366210938,72.02999877929688,69.86000061035156,70.22000122070312,435181,74.44020080566406,5227.19,5361.93,5200.39,5353.0,0.02171112277520648,161.53999999999996,Crude oil,CL=F,₹/barrel,Energy
2021-07-23,72.06999969482422,72.20999908447266,71.38999938964844,71.70999908447266,274778,74.4520034790039,5338.95,5376.18,5315.13,5365.76,0.002383710069120193,61.05000000000018,Crude oil,CL=F,₹/barrel,Energy
2021-07-26,71.91000366210938,72.43000030517578,70.55999755859375,72.18000030517578,395743,74.44889831542969,5373.72,5392.33,5253.11,5353.62,-0.0022624940362595547,139.22000000000025,Crude oil,CL=F,₹/barrel,Energy
2021-07-27,71.6500015258789,72.33000183105469,71.08000183105469,72.22000122070312,333123,74.28949737548828,5365.19,5373.36,5280.5,5322.84,-0.005749380792809289,92.85999999999967,Crude oil,CL=F,₹/barrel,Energy
2021-07-28,72.38999938964844,72.5999984741211,71.69999694824219,71.9000015258789,318911,74.5022964477539,5356.72,5408.87,5341.81,5393.22,0.013222264806005857,67.05999999999949,Crude oil,CL=F,₹/barrel,Energy
2021-07-29,73.62000274658203,73.68000030517578,72.26000213623047,72.4000015258789,294462,74.38999938964844,5385.84,5481.06,5375.42,5476.59,0.015458297640370766,105.64000000000033,Crude oil,CL=F,₹/barrel,Energy
2021-07-30,73.94999694824219,74.2300033569336,72.93000030517578,73.41000366210938,303700,74.25199890136719,5450.84,5511.73,5415.2,5490.94,0.0026202436187481304,96.52999999999975,Crude oil,CL=F,₹/barrel,Energy
2021-08-02,71.26000213623047,73.94999694824219,70.55000305175781,73.91000366210938,448200,74.37909698486328,5497.36,5500.33,5247.45,5300.25,-0.03472811576888468,252.8800000000001,Crude oil,CL=F,₹/barrel,Energy
2021-08-03,70.55999755859375,71.95999908447266,69.19000244140625,71.5199966430664,509938,74.33200073242188,5316.22,5348.93,5143.03,5244.87,-0.0104485637469931,205.90000000000055,Crude oil,CL=F,₹/barrel,Energy
2021-08-04,68.1500015258789,70.80999755859375,67.8499984741211,70.31999969482422,582924,74.21440124511719,5218.76,5255.12,5035.45,5057.71,-0.03568439255882416,219.67000000000007,Crude oil,CL=F,₹/barrel,Energy
2021-08-05,69.08999633789062,69.3499984741211,67.61000061035156,68.05999755859375,416331,74.18399810791016,5048.96,5144.66,5015.58,5125.37,0.013377595789398677,129.07999999999993,Crude oil,CL=F,₹/barrel,Energy
2021-08-06,68.27999877929688,70.18000030517578,67.80000305175781,69.13999938964844,537136,74.08200073242188,5122.03,5199.07,5022.76,5058.32,-0.013081982373955525,176.3099999999995,Crude oil,CL=F,₹/barrel,Energy
2021-08-09,66.4800033569336,67.9000015258789,65.1500015258789,67.87999725341797,598381,74.49140167236328,5056.48,5057.97,4853.11,4952.19,-0.020981274415220907,204.86000000000058,Crude oil,CL=F,₹/barrel,Energy
2021-08-10,68.29000091552734,68.9000015258789,66.55999755859375,66.8499984741211,452126,74.46620178222656,4978.07,5130.72,4956.47,5085.3,0.026879017162104057,174.25,Crude oil,CL=F,₹/barrel,Energy
2021-08-11,69.25,69.44999694824219,66.66999816894531,68.51000213623047,513292,74.43550109863281,5099.58,5169.55,4962.61,5154.66,0.013639313314848689,206.9400000000005,Crude oil,CL=F,₹/barrel,Energy
2021-08-12,69.08999633789062,69.62000274658203,68.45999908447266,69.36000061035156,352465,74.10299682617188,5139.78,5159.05,5073.09,5119.78,-0.006766692662561691,85.96000000000004,Crude oil,CL=F,₹/barrel,Energy
2021-08-13,68.44000244140625,69.22000122070312,67.7699966430664,68.91000366210938,272033,74.26010131835938,5117.26,5140.28,5032.61,5082.36,-0.007308907804632225,107.67000000000007,Crude oil,CL=F,₹/barrel,Energy
2021-08-16,67.29000091552734,68.13999938964844,65.7300033569336,68.12999725341797,334844,74.216796875,5056.39,5057.13,4878.27,4994.05,-0.017375786052148956,178.85999999999967,Crude oil,CL=F,₹/barrel,Energy
2021-08-17,66.58999633789062,67.72000122070312,66.33000183105469,67.43000030517578,235303,74.13500213623047,4998.92,5020.42,4917.37,4936.65,-0.011493677476196784,103.05000000000018,Crude oil,CL=F,₹/barrel,Energy
2021-08-18,65.45999908447266,67.4800033569336,64.33999633789062,66.58000183105469,121197,74.364501953125,4951.19,5018.12,4784.61,4867.9,-0.013926448097393962,233.51000000000022,Crude oil,CL=F,₹/barrel,Energy
2021-08-19,63.689998626708984,64.76000213623047,62.630001068115234,64.58000183105469,88237,74.2697982788086,4796.34,4809.71,4651.52,4730.24,-0.02827913473982613,158.1899999999996,Crude oil,CL=F,₹/barrel,Energy
2021-08-20,62.31999969482422,64.0999984741211,62.11000061035156,64.05000305175781,365009,74.4292984008789,4767.2,4770.92,4622.8,4638.43,-0.019409163171424604,148.1199999999999,Crude oil,CL=F,₹/barrel,Energy
2021-08-23,65.63999938964844,66.0,61.7400016784668,61.959999084472656,397290,74.30149841308594,4603.72,4903.9,4587.37,4877.15,0.05146568989938394,316.52999999999975,Crude oil,CL=F,₹/barrel,Energy
2021-08-24,67.54000091552734,67.80000305175781,65.41000366210938,65.54000091552734,335888,74.10590362548828,4856.9,5024.38,4847.27,5005.11,0.02623663409983301,177.10999999999967,Crude oil,CL=F,₹/barrel,Energy
2021-08-25,68.36000061035156,68.54000091552734,66.91999816894531,67.62999725341797,353742,74.1447982788086,5014.41,5081.88,4961.77,5068.54,0.012673048144796084,120.10999999999967,Crude oil,CL=F,₹/barrel,Energy
2021-08-26,67.41999816894531,68.30999755859375,67.0199966430664,68.0,344286,74.0999984741211,5038.8,5061.77,4966.18,4995.82,-0.014347326843627606,95.59000000000015,Crude oil,CL=F,₹/barrel,Energy
2021-08-27,68.73999786376953,69.05000305175781,67.5199966430664,67.75,326056,74.15599822998047,5024.07,5120.47,5007.01,5097.48,0.020349011773842962,113.46000000000004,Crude oil,CL=F,₹/barrel,Energy
2021-08-30,69.20999908447266,69.63999938964844,67.66999816894531,69.30000305175781,360797,73.49659729003906,5093.31,5118.3,4973.51,5086.7,-0.0021147704355877206,144.78999999999996,Crude oil,CL=F,₹/barrel,Energy
2021-08-31,68.5,69.33999633789062,68.16000366210938,69.18000030517578,325853,73.41120147705078,5078.59,5090.33,5003.71,5028.67,-0.01140818212200434,86.61999999999989,Crude oil,CL=F,₹/barrel,Energy
2021-09-01,68.58999633789062,69.23999786376953,67.12000274658203,68.55000305175781,399497,72.99669647216797,5003.92,5054.29,4899.54,5006.84,-0.004341108086233558,154.75,Crude oil,CL=F,₹/barrel,Energy
2021-09-02,69.98999786376953,70.61000061035156,67.83999633789062,68.29000091552734,403314,72.98509979248047,4984.15,5153.48,4951.31,5108.23,0.020250297592892874,202.16999999999916,Crude oil,CL=F,₹/barrel,Energy
2021-09-03,69.29000091552734,70.52999877929688,69.05000305175781,69.76000213623047,313086,73.0542984008789,5096.27,5152.52,5044.4,5061.93,-0.009063804879576587,108.1200000000008,Crude oil,CL=F,₹/barrel,Energy
2021-09-07,68.3499984741211,69.4800033569336,67.63999938964844,69.11000061035156,481704,73.11000061035156,5052.63,5079.68,4945.16,4997.07,-0.01281329453390323,134.52000000000044,Crude oil,CL=F,₹/barrel,Energy
2021-09-08,69.30000305175781,69.75,68.30999755859375,68.37000274658203,389325,73.3904037475586,5017.7,5118.98,5013.3,5085.96,0.017788424016473625,105.67999999999938,Crude oil,CL=F,₹/barrel,Energy
2021-09-09,68.13999938964844,69.88999938964844,67.55999755859375,69.36000061035156,556451,73.78900146484375,5118.01,5157.11,4985.18,5027.98,-0.011400011010704092,171.92999999999938,Crude oil,CL=F,₹/barrel,Energy
2021-09-10,69.72000122070312,69.95999908447266,67.68000030517578,67.97000122070312,411079,73.53800201416016,4998.38,5144.72,4977.05,5127.07,0.01970771562337159,167.67000000000007,Crude oil,CL=F,₹/barrel,Energy
2021-09-13,70.44999694824219,70.97000122070312,69.51000213623047,69.73999786376953,390939,73.52429962158203,5127.58,5218.02,5110.67,5179.79,0.010282676070348273,107.35000000000036,Crude oil,CL=F,₹/barrel,Energy
2021-09-14,70.45999908447266,71.22000122070312,69.9800033569336,70.63999938964844,414231,73.54080200195312,5194.92,5237.58,5146.39,5181.68,0.00036487965728349003,91.1899999999996,Crude oil,CL=F,₹/barrel,Energy
2021-09-15,72.61000061035156,73.13999938964844,70.6500015258789,70.76000213623047,418665,73.65080261230469,5211.53,5386.82,5203.43,5347.78,0.032055240771332816,183.38999999999942,Crude oil,CL=F,₹/barrel,Energy
2021-09-16,72.61000061035156,72.98999786376953,71.52999877929688,72.6500015258789,298412,73.43800354003906,5335.27,5360.24,5253.02,5332.33,-0.0028890492877418072,107.21999999999935,Crude oil,CL=F,₹/barrel,Energy
2021-09-17,71.97000122070312,72.72000122070312,71.20999908447266,72.62000274658203,119933,73.56490325927734,5342.28,5349.64,5238.56,5294.47,-0.007100085703622971,111.07999999999993,Crude oil,CL=F,₹/barrel,Energy
2021-09-20,70.29000091552734,72.08000183105469,69.86000061035156,71.91999816894531,75837,73.69609832763672,5300.22,5312.01,5148.41,5180.1,-0.021601784503453625,163.60000000000036,Crude oil,CL=F,₹/barrel,Energy
2021-09-21,70.55999755859375,71.62999725341797,69.66999816894531,70.58999633789062,393403,73.65899658203125,5199.59,5276.19,5131.82,5197.38,0.0033358429373950838,144.3699999999999,Crude oil,CL=F,₹/barrel,Energy
2021-09-22,72.2300033569336,72.30000305175781,70.63999938964844,70.8499984741211,381061,73.7927017211914,5228.21,5335.21,5212.72,5330.05,0.025526322878065555,122.48999999999978,Crude oil,CL=F,₹/barrel,Energy
2021-09-23,73.30000305175781,73.5,71.61000061035156,71.97000122070312,403405,73.8749008178711,5316.78,5429.81,5290.18,5415.03,0.015943565257361403,139.6300000000001,Crude oil,CL=F,₹/barrel,Energy
2021-09-24,73.9800033569336,74.2699966430664,72.80999755859375,73.23999786376953,350382,73.83999633789062,5408.04,5484.1,5376.29,5462.68,0.00879958190444019,107.8100000000004,Crude oil,CL=F,₹/barrel,Energy
2021-09-27,75.44999694824219,75.75,74.16000366210938,74.19000244140625,417829,73.81289672851562,5476.18,5591.33,5473.96,5569.18,0.01949592507706832,117.36999999999989,Crude oil,CL=F,₹/barrel,Energy
2021-09-28,75.29000091552734,76.66999816894531,74.23999786376953,75.43000030517578,476143,73.82530212402344,5568.64,5660.19,5480.79,5558.31,-0.0019518133728843035,179.39999999999964,Crude oil,CL=F,₹/barrel,Energy
2021-09-29,74.83000183105469,75.79000091552734,73.73999786376953,74.37999725341797,424193,74.16329956054688,5516.27,5620.84,5468.8,5549.64,-0.0015598266379529546,152.03999999999996,Crude oil,CL=F,₹/barrel,Energy
2021-09-30,75.02999877929688,76.06999969482422,73.13999938964844,74.77999877929688,583189,74.3219985961914,5557.8,5653.67,5435.91,5576.38,0.004818330558378436,217.76000000000022,Crude oil,CL=F,₹/barrel,Energy
2021-10-01,75.87999725341797,75.98999786376953,74.2300033569336,75.12000274658203,388996,74.25440216064453,5577.99,5642.59,5511.9,5634.42,0.010408185955763427,130.6900000000005,Crude oil,CL=F,₹/barrel,Energy
2021-10-04,77.62000274658203,78.37999725341797,75.31999969482422,75.9000015258789,458006,74.152099609375,5628.14,5812.04,5585.14,5755.69,0.02152306714799379,226.89999999999964,Crude oil,CL=F,₹/barrel,Energy
2021-10-05,78.93000030517578,79.4800033569336,77.47000122070312,77.58000183105469,449617,74.57279968261719,5785.36,5927.05,5777.15,5886.03,0.022645416969989673,149.90000000000055,Crude oil,CL=F,₹/barrel,Energy
2021-10-06,77.43000030517578,79.77999877929688,76.83000183105469,79.04000091552734,459055,74.56320190429688,5893.48,5948.65,5728.69,5773.43,-0.019130041810863974,219.96000000000004,Crude oil,CL=F,₹/barrel,Energy
2021-10-07,78.30000305175781,78.88999938964844,74.95999908447266,77.0,545008,74.76000213623047,5756.52,5897.82,5604.01,5853.71,0.013905078956530037,293.8099999999995,Crude oil,CL=F,₹/barrel,Energy
2021-10-08,79.3499984741211,80.11000061035156,78.62999725341797,78.86000061035156,662010,74.83000183105469,5901.09,5994.63,5883.88,5937.76,0.01435841543226446,110.75,Crude oil,CL=F,₹/barrel,Energy
2021-10-11,80.5199966430664,82.18000030517578,79.55000305175781,79.58999633789062,653756,75.30580139160156,5993.59,6188.63,5990.58,6063.62,0.02119654549863914,198.05000000000018,Crude oil,CL=F,₹/barrel,Energy
2021-10-12,80.63999938964844,81.62000274658203,79.47000122070312,80.5,598181,75.40260314941406,6069.91,6154.36,5992.24,6080.47,0.002778868068909368,162.1199999999999,Crude oil,CL=F,₹/barrel,Energy
2021-10-13,80.44000244140625,81.04000091552734,79.41999816894531,80.58000183105469,487220,75.48390197753906,6082.49,6117.22,5994.93,6071.93,-0.001404496691867596,122.28999999999996,Crude oil,CL=F,₹/barrel,Energy
2021-10-14,81.30999755859375,81.68000030517578,80.37999725341797,80.58999633789062,399813,75.3062973022461,6068.93,6151.02,6053.12,6123.15,0.008435538617869387,97.90000000000055,Crude oil,CL=F,₹/barrel,Energy
2021-10-15,82.27999877929688,82.66000366210938,81.38999938964844,81.4800033569336,277953,74.99500274658203,6110.59,6199.09,6103.84,6170.59,0.007747646227840299,95.25,Crude oil,CL=F,₹/barrel,Energy
2021-10-18,82.44000244140625,83.87000274658203,81.83999633789062,82.5999984741211,134098,75.00589752197266,6195.49,6290.74,6138.48,6183.49,0.0020905618425466344,152.26000000000022,Crude oil,CL=F,₹/barrel,Energy
2021-10-19,82.95999908447266,83.73999786376953,81.80000305175781,82.37000274658203,82607,75.2354965209961,6197.15,6300.22,6154.26,6241.54,0.009387902301127626,145.96000000000004,Crude oil,CL=F,₹/barrel,Energy
2021-10-20,83.87000274658203,84.25,81.30000305175781,83.33999633789062,530693,75.12010192871094,6260.51,6328.87,6107.26,6300.32,0.009417547592420972,221.60999999999967,Crude oil,CL=F,₹/barrel,Energy
2021-10-21,82.5,83.95999908447266,80.79000091552734,83.58000183105469,567503,74.80919647216797,6252.55,6280.98,6043.84,6171.76,-0.0204053127460192,237.13999999999942,Crude oil,CL=F,₹/barrel,Energy
2021-10-22,83.76000213623047,84.22000122070312,81.76000213623047,82.61000061035156,465355,74.86540222167969,6184.63,6305.16,6121.0,6270.73,0.016035944365950572,184.15999999999985,Crude oil,CL=F,₹/barrel,Energy
2021-10-25,83.76000213623047,85.41000366210938,83.38999938964844,83.9800033569336,568725,74.99369812011719,6297.97,6405.21,6253.72,6281.47,0.0017127192527823798,151.48999999999978,Crude oil,CL=F,₹/barrel,Energy
2021-10-26,84.6500015258789,84.87999725341797,82.97000122070312,83.72000122070312,467716,75.08989715576172,6286.53,6373.63,6230.21,6356.36,0.011922368490178137,143.42000000000007,Crude oil,CL=F,₹/barrel,Energy
2021-10-27,82.66000366210938,84.51000213623047,82.01000213623047,84.38999938964844,529952,74.88890075683594,6319.87,6328.86,6141.64,6190.32,-0.02612186849077147,187.21999999999935,Crude oil,CL=F,₹/barrel,Energy
2021-10-28,82.80999755859375,83.20999908447266,80.58000183105469,82.25,491585,75.05000305175781,6172.86,6244.91,6047.53,6214.89,0.003969100143449866,197.3800000000001,Crude oil,CL=F,₹/barrel,Energy
2021-10-29,83.56999969482422,83.73999786376953,81.41000366210938,83.08999633789062,507309,74.79720306396484,6214.9,6263.52,6089.24,6250.8,0.005778058823245447,174.28000000000065,Crude oil,CL=F,₹/barrel,Energy
2021-11-01,84.05000305175781,84.87999725341797,82.73999786376953,83.36000061035156,412309,74.92829895019531,6246.02,6359.91,6199.57,6297.72,0.00750623920138227,160.34000000000015,Crude oil,CL=F,₹/barrel,Energy
2021-11-02,83.91000366210938,84.41000366210938,82.91999816894531,83.87000274658203,429608,74.82990264892578,6275.98,6316.39,6204.9,6278.98,-0.0029756800873967926,111.49000000000069,Crude oil,CL=F,₹/barrel,Energy
2021-11-03,80.86000061035156,83.08000183105469,79.69000244140625,83.06999969482422,546577,74.71199798583984,6206.33,6207.07,5953.8,6041.21,-0.03786761544072437,253.26999999999953,Crude oil,CL=F,₹/barrel,Energy
2021-11-04,78.80999755859375,83.41999816894531,78.25,80.18000030517578,701119,74.43550109863281,5968.24,6209.41,5824.58,5866.26,-0.02895943031280157,384.8299999999999,Crude oil,CL=F,₹/barrel,Energy
2021-11-05,81.2699966430664,81.80000305175781,78.95999908447266,79.37000274658203,531054,74.47810363769531,5911.33,6092.31,5880.79,6052.84,0.031805613798229215,211.52000000000044,Crude oil,CL=F,₹/barrel,Energy
2021-11-08,81.93000030517578,82.66999816894531,81.05000305175781,81.12999725341797,393953,74.19110107421875,6019.12,6133.38,6013.19,6078.48,0.004236028046338491,120.19000000000051,Crude oil,CL=F,₹/barrel,Energy
2021-11-09,84.1500015258789,84.62999725341797,81.77999877929688,82.16000366210938,504832,73.91850280761719,6073.14,6255.72,6045.06,6220.24,0.023321619878653888,210.65999999999985,Crude oil,CL=F,₹/barrel,Energy
2021-11-10,81.33999633789062,84.97000122070312,80.80999755859375,84.52999877929688,555215,74.17479705810547,6270.0,6302.63,5994.07,6033.38,-0.030040641518655153,308.5600000000004,Crude oil,CL=F,₹/barrel,Energy
2021-11-11,81.58999633789062,82.33000183105469,80.19999694824219,81.41000366210938,475436,74.40489959716797,6057.3,6125.76,5967.27,6070.7,0.006185587514792701,158.48999999999978,Crude oil,CL=F,₹/barrel,Energy
2021-11-12,80.79000091552734,81.62000274658203,79.77999877929688,81.20999908447266,390304,74.32209777832031,6035.7,6066.17,5929.42,6004.48,-0.010908132505312418,136.75,Crude oil,CL=F,₹/barrel,Energy
2021-11-15,80.87999725341797,81.19999694824219,79.30000305175781,80.66000366210938,343484,74.33999633789062,5996.26,6036.41,5895.16,6012.62,0.0013556544446813312,141.25,Crude oil,CL=F,₹/barrel,Energy
2021-11-16,80.76000213623047,81.80999755859375,80.02999877929688,80.93000030517578,325668,74.43509674072266,6024.03,6089.54,5957.04,6011.38,-0.000206232890154312,132.5,Crude oil,CL=F,₹/barrel,Energy
2021-11-17,78.36000061035156,80.69000244140625,77.69000244140625,80.54000091552734,174471,74.45860290527344,5996.9,6008.06,5784.69,5834.58,-0.029410884023302497,223.3700000000008,Crude oil,CL=F,₹/barrel,Energy
2021-11-18,79.01000213623047,79.36000061035156,77.08000183105469,78.33999633789062,83984,74.25980377197266,5817.51,5893.26,5723.95,5867.27,0.005602802601044177,169.3100000000004,Crude oil,CL=F,₹/barrel,Energy
2021-11-19,76.0999984741211,79.91999816894531,75.37000274658203,78.76000213623047,623448,74.17440032958984,5841.98,5928.02,5590.52,5644.67,-0.037939280108125306,337.5,Crude oil,CL=F,₹/barrel,Energy
2021-11-22,76.75,77.16000366210938,74.76000213623047,75.75,465768,74.30259704589844,5628.42,5733.19,5554.86,5702.72,0.010284037862266615,178.32999999999993,Crude oil,CL=F,₹/barrel,Energy
2021-11-23,78.5,78.86000061035156,75.30000305175781,76.45999908447266,506987,74.42980194091797,5690.9,5869.53,5604.56,5842.74,0.024553195668032046,264.96999999999935,Crude oil,CL=F,₹/barrel,Energy
2021-11-24,78.38999938964844,79.2300033569336,77.9800033569336,78.4800033569336,328848,74.4469985961914,5842.6,5898.44,5805.38,5835.9,-0.0011706836176177404,93.05999999999949,Crude oil,CL=F,₹/barrel,Energy
2021-11-26,68.1500015258789,78.6500015258789,67.4000015258789,78.33999633789062,844630,74.50579833984375,5836.78,5859.88,5021.69,5077.57,-0.1299422539796775,838.1900000000005,Crude oil,CL=F,₹/barrel,Energy
2021-11-29,69.94999694824219,72.93000030517578,68.86000061035156,69.2300033569336,675090,74.98159790039062,5190.98,5468.41,5163.23,5244.96,0.03296655683722727,305.1800000000003,Crude oil,CL=F,₹/barrel,Energy
2021-11-30,66.18000030517578,71.22000122070312,64.43000030517578,70.04000091552734,722475,75.05490112304688,5256.85,5345.41,4835.79,4967.13,-0.052970852017937164,509.6199999999999,Crude oil,CL=F,₹/barrel,Energy
2021-12-01,65.56999969482422,69.48999786376953,64.83999633789062,67.01000213623047,602447,75.0509033203125,5029.16,5215.29,4866.3,4921.09,-0.009268933971931514,348.9899999999998,Crude oil,CL=F,₹/barrel,Energy
2021-12-02,66.5,67.48999786376953,62.43000030517578,65.62999725341797,668293,75.01789855957031,4923.42,5062.96,4683.37,4988.69,0.013736794084237225,379.59000000000015,Crude oil,CL=F,₹/barrel,Energy
2021-12-03,66.26000213623047,69.22000122070312,65.5999984741211,67.5,449974,74.9834976196289,5061.39,5190.36,4918.92,4968.41,-0.004065195472158001,271.4399999999996,Crude oil,CL=F,₹/barrel,Energy
2021-12-06,69.48999786376953,70.1500015258789,66.72000122070312,67.0199966430664,401060,75.23400115966797,5042.18,5277.67,5019.61,5228.01,0.052250116234368926,258.0600000000004,Crude oil,CL=F,₹/barrel,Energy
2021-12-07,72.05000305175781,73.02999877929688,69.5199966430664,69.72000122070312,496528,75.39129638671875,5256.28,5505.83,5241.2,5431.94,0.03900719394186303,264.6300000000001,Crude oil,CL=F,₹/barrel,Energy
2021-12-08,72.36000061035156,73.0,70.91000366210938,71.86000061035156,464846,75.40859985351562,5418.86,5504.83,5347.22,5456.57,0.00453429161588681,157.60999999999967,Crude oil,CL=F,₹/barrel,Energy
2021-12-09,70.94000244140625,73.33999633789062,70.38999938964844,72.5199966430664,393205,75.38330078125,5466.8,5528.61,5306.23,5347.69,-0.019953927100724522,222.3800000000001,Crude oil,CL=F,₹/barrel,Energy
2021-12-10,71.66999816894531,72.33000183105469,70.31999969482422,70.68000030517578,397883,75.59919738769531,5343.35,5468.09,5316.14,5418.19,0.013183262305780596,151.94999999999982,Crude oil,CL=F,₹/barrel,Energy
2021-12-13,71.29000091552734,73.0,70.70999908447266,72.04000091552734,406604,75.70999908447266,5454.15,5526.83,5353.45,5397.37,-0.003842611647062899,173.3800000000001,Crude oil,CL=F,₹/barrel,Energy
2021-12-14,70.7300033569336,72.02999877929688,69.51000213623047,71.12000274658203,359454,75.82689666748047,5392.81,5461.81,5270.73,5363.24,-0.00632345012478297,191.08000000000084,Crude oil,CL=F,₹/barrel,Energy
2021-12-15,70.87000274658203,71.66000366210938,69.38999938964844,70.3499984741211,294337,76.04720306396484,5349.92,5449.54,5276.92,5389.47,0.004890700397520931,172.6199999999999,Crude oil,CL=F,₹/barrel,Energy
2021-12-16,72.37999725341797,72.98999786376953,71.02999877929688,71.4800033569336,142541,76.2114028930664,5447.59,5562.67,5413.3,5516.18,0.023510660602990674,149.3699999999999,Crude oil,CL=F,₹/barrel,Energy
2021-12-17,70.86000061035156,72.26000213623047,69.88999938964844,71.91999816894531,78125,76.1675033569336,5477.97,5503.86,5323.35,5397.23,-0.02156383584292043,180.5099999999993,Crude oil,CL=F,₹/barrel,Energy
2021-12-20,68.2300033569336,70.06999969482422,66.04000091552734,70.06999969482422,492217,76.00599670410156,5325.74,5325.74,5019.44,5185.89,-0.03915712319097009,306.3000000000002,Crude oil,CL=F,₹/barrel,Energy
2021-12-21,71.12000274658203,71.55000305175781,68.55999755859375,69.20999908447266,358779,75.75869750976562,5243.26,5420.54,5194.02,5387.96,0.03896534635327775,226.51999999999953,Crude oil,CL=F,₹/barrel,Energy
2021-12-22,72.76000213623047,73.16000366210938,70.80000305175781,71.2699966430664,306709,75.6864013671875,5394.17,5537.22,5358.6,5506.94,0.022082569284107345,178.6199999999999,Crude oil,CL=F,₹/barrel,Energy
2021-12-23,73.79000091552734,73.94999694824219,72.2699966430664,73.02999877929688,270223,75.45850372314453,5510.73,5580.16,5453.39,5568.08,0.011102354483615295,126.76999999999953,Crude oil,CL=F,₹/barrel,Energy
2021-12-27,75.56999969482422,76.08999633789062,72.56999969482422,73.37999725341797,268490,75.31500244140625,5526.61,5730.72,5465.61,5691.55,0.02217460956020756,265.1100000000006,Crude oil,CL=F,₹/barrel,Energy
2021-12-28,75.9800033569336,76.91999816894531,75.52999877929688,75.97000122070312,249728,74.98030090332031,5696.25,5767.48,5663.26,5697.0,0.0009575598914179917,104.21999999999935,Crude oil,CL=F,₹/barrel,Energy
2021-12-29,76.55999755859375,77.37000274658203,75.36000061035156,76.04000091552734,283557,74.74500274658203,5683.61,5783.02,5632.78,5722.48,0.004472529401439385,150.2400000000007,Crude oil,CL=F,₹/barrel,Energy
2021-12-30,76.98999786376953,77.44000244140625,75.77999877929688,76.58000183105469,231163,74.57029724121094,5710.59,5774.72,5650.94,5741.17,0.0032660664606953826,123.78000000000065,Crude oil,CL=F,₹/barrel,Energy
2021-12-31,75.20999908447266,77.08000183105469,74.94999694824219,76.66000366210938,237118,74.43119812011719,5705.9,5737.16,5578.62,5597.97,-0.024942651062414112,158.53999999999996,Crude oil,CL=F,₹/barrel,Energy
2022-01-03,76.08000183105469,76.45999908447266,74.2699966430664,75.69000244140625,317628,74.51380157470703,5639.95,5697.33,5534.14,5669.01,0.012690314524729462,163.1899999999996,Crude oil,CL=F,₹/barrel,Energy
2022-01-04,76.98999786376953,77.63999938964844,75.69999694824219,76.0199966430664,372848,74.4032974243164,5656.14,5776.67,5632.33,5728.31,0.01046038020747897,144.34000000000015,Crude oil,CL=F,₹/barrel,Energy
2022-01-05,77.8499984741211,78.58000183105469,76.51000213623047,77.18000030517578,397898,74.53489685058594,5752.6,5856.95,5702.67,5802.54,0.012958446732107554,154.27999999999975,Crude oil,CL=F,₹/barrel,Energy
2022-01-06,79.45999908447266,80.23999786376953,76.7300033569336,77.23999786376953,476665,74.43009948730469,5748.98,5972.27,5711.02,5914.22,0.0192467436674284,261.25,Crude oil,CL=F,₹/barrel,Energy
2022-01-07,78.9000015258789,80.47000122070312,78.5199966430664,79.62000274658203,414434,74.41929626464844,5925.26,5988.52,5843.4,5871.68,-0.00719283354356115,145.1200000000008,Crude oil,CL=F,₹/barrel,Energy
2022-01-10,78.2300033569336,79.44999694824219,77.83000183105469,78.87999725341797,389956,74.2699966430664,5858.42,5900.75,5780.43,5810.14,-0.010480816393263925,120.31999999999971,Crude oil,CL=F,₹/barrel,Energy
2022-01-11,81.22000122070312,81.58999633789062,78.36000061035156,78.41999816894531,481815,74.05699920654297,5807.55,6042.31,5803.11,6014.91,0.03524355695387715,239.20000000000073,Crude oil,CL=F,₹/barrel,Energy
2022-01-12,82.63999938964844,83.0999984741211,81.16999816894531,81.37999725341797,420619,73.81529998779297,6007.09,6134.05,5991.59,6100.1,0.014163137935563563,142.46000000000004,Crude oil,CL=F,₹/barrel,Energy
2022-01-13,82.12000274658203,82.94000244140625,81.38999938964844,82.81999969482422,364769,73.79910278320312,6112.04,6120.9,6006.51,6060.38,-0.00651136866608748,114.38999999999942,Crude oil,CL=F,₹/barrel,Energy
2022-01-14,83.81999969482422,84.44999694824219,81.58000183105469,81.7300033569336,364442,73.97229766845703,6045.76,6246.96,6034.66,6200.36,0.023097561539045408,212.30000000000018,Crude oil,CL=F,₹/barrel,Energy
2022-01-18,85.43000030517578,86.62999725341797,83.5,84.31999969482422,163643,74.25509643554688,6261.19,6432.72,6200.3,6343.61,0.02310349721629068,232.42000000000007,Crude oil,CL=F,₹/barrel,Energy
2022-01-19,86.95999908447266,87.91000366210938,85.7699966430664,86.61000061035156,113153,74.61969757080078,6462.81,6559.82,6400.13,6488.93,0.022908091764783922,159.6899999999996,Crude oil,CL=F,₹/barrel,Energy
2022-01-20,86.9000015258789,87.81999969482422,86.0,86.2300033569336,532202,74.44920349121094,6419.76,6538.13,6402.63,6469.64,-0.0029727551383663675,135.5,Crude oil,CL=F,₹/barrel,Energy
2022-01-21,85.13999938964844,85.55999755859375,82.77999877929688,84.56999969482422,509103,74.45220184326172,6296.42,6370.13,6163.15,6338.86,-0.02021441687636416,206.98000000000047,Crude oil,CL=F,₹/barrel,Energy
2022-01-24,83.30999755859375,86.08999633789062,81.9000015258789,84.91000366210938,511695,74.41320037841797,6318.43,6406.23,6094.44,6199.36,-0.02200711168885261,311.78999999999996,Crude oil,CL=F,₹/barrel,Energy
2022-01-25,85.5999984741211,85.70999908447266,82.98999786376953,84.1500015258789,507219,74.6447982788086,6281.36,6397.81,6194.77,6389.59,0.030685425592319238,203.03999999999996,Crude oil,CL=F,₹/barrel,Energy
2022-01-26,87.3499984741211,87.94999694824219,85.01000213623047,85.26000213623047,459642,74.77999877929688,6375.74,6576.9,6357.05,6532.03,0.02229251016105871,219.84999999999945,Crude oil,CL=F,₹/barrel,Energy
2022-01-27,86.61000061035156,88.54000091552734,86.19999694824219,87.1500015258789,427804,74.8949966430664,6527.1,6631.2,6455.95,6486.66,-0.006945773366013319,175.25,Crude oil,CL=F,₹/barrel,Energy
2022-01-28,86.81999969482422,88.83999633789062,86.44000244140625,87.5,436172,75.20929718017578,6580.81,6681.59,6501.09,6529.67,0.006630530966629911,180.5,Crude oil,CL=F,₹/barrel,Energy
2022-01-31,88.1500015258789,88.38999938964844,86.33999633789062,87.44999694824219,359080,75.03900146484375,6562.16,6632.7,6478.87,6614.69,0.013020566123555843,153.82999999999993,Crude oil,CL=F,₹/barrel,Energy
2022-02-01,88.19999694824219,88.87000274658203,86.55000305175781,88.1500015258789,376841,74.55580139160156,6572.09,6625.77,6452.8,6575.82,-0.005876314687460749,172.97000000000025,Crude oil,CL=F,₹/barrel,Energy
2022-02-02,88.26000213623047,89.72000122070312,87.0999984741211,88.3499984741211,456863,74.74549865722656,6603.76,6706.17,6510.33,6597.04,0.003226973974348457,195.84000000000015,Crude oil,CL=F,₹/barrel,Energy
2022-02-03,90.2699966430664,90.44999694824219,86.75,87.9800033569336,465771,74.82240295410156,6582.88,6767.69,6490.84,6754.22,0.02382583704206742,276.84999999999945,Crude oil,CL=F,₹/barrel,Energy
2022-02-04,92.30999755859375,93.16999816894531,90.06999969482422,90.19000244140625,410926,74.6438980102539,6732.13,6954.57,6723.18,6890.38,0.02015924858828999,231.38999999999942,Crude oil,CL=F,₹/barrel,Energy
2022-02-07,91.31999969482422,92.7300033569336,90.7300033569336,91.81999969482422,497754,74.64219665527344,6853.65,6921.57,6772.29,6816.33,-0.010746867371610902,149.27999999999975,Crude oil,CL=F,₹/barrel,Energy
2022-02-08,89.36000061035156,91.68000030517578,88.51000213623047,91.63999938964844,467386,74.6583023071289,6841.69,6844.67,6608.01,6671.47,-0.02125190535082655,236.65999999999985,Crude oil,CL=F,₹/barrel,Energy
2022-02-09,89.66000366210938,90.58000183105469,88.41000366210938,89.86000061035156,445618,74.69519805908203,6712.11,6765.89,6603.8,6697.17,0.003852224472267629,162.09000000000015,Crude oil,CL=F,₹/barrel,Energy
2022-02-10,89.87999725341797,91.73999786376953,89.02999877929688,90.01000213623047,492091,74.80889892578125,6733.55,6862.97,6660.24,6723.82,0.003979292746040475,202.73000000000047,Crude oil,CL=F,₹/barrel,Energy
2022-02-11,93.0999984741211,94.66000366210938,89.19000244140625,90.0,554423,75.53839874267578,6798.46,7150.47,6737.27,7032.62,0.045926274052547456,413.1999999999998,Crude oil,CL=F,₹/barrel,Energy
2022-02-14,95.45999908447266,95.81999969482422,92.08999633789062,93.91000366210938,467071,75.34100341796875,7075.27,7219.17,6938.15,7192.05,0.02267007175135305,281.02000000000044,Crude oil,CL=F,₹/barrel,Energy
2022-02-15,92.06999969482422,95.16999816894531,90.66000366210938,94.83000183105469,442641,75.6854019165039,7177.25,7202.98,6861.64,6968.35,-0.031103788210593564,341.33999999999924,Crude oil,CL=F,₹/barrel,Energy
2022-02-16,93.66000366210938,95.01000213623047,90.0,92.20999908447266,401453,75.17479705810547,6931.87,7142.36,6765.73,7040.87,0.010407054754712375,376.6300000000001,Crude oil,CL=F,₹/barrel,Energy
2022-02-17,91.76000213623047,93.36000061035156,90.62000274658203,90.9000015258789,212552,75.04199981689453,6821.32,7005.92,6800.31,6885.85,-0.02201716549233257,205.60999999999967,Crude oil,CL=F,₹/barrel,Energy
2022-02-18,91.06999969482422,92.66000366210938,89.02999877929688,91.62999725341797,150382,75.06300354003906,6878.02,6955.34,6682.86,6835.99,-0.0072409361226283275,272.4800000000005,Crude oil,CL=F,₹/barrel,Energy
2022-02-22,92.3499984741211,96.0,90.3499984741211,91.75,789041,74.51699829101562,6836.93,7153.63,6732.61,6881.64,0.006677891570935568,421.02000000000044,Crude oil,CL=F,₹/barrel,Energy
2022-02-23,92.0999984741211,93.9000015258789,90.63999938964844,91.73999786376953,440574,74.62300109863281,6845.91,7007.1,6763.83,6872.78,-0.001287483797467015,243.27000000000044,Crude oil,CL=F,₹/barrel,Energy
2022-02-24,92.80999755859375,100.54000091552734,91.44999694824219,92.5199966430664,872244,74.63300323486328,6905.05,7503.6,6825.19,6926.69,0.007843987440308009,678.4100000000008,Crude oil,CL=F,₹/barrel,Energy
2022-02-25,91.58999633789062,95.63999938964844,90.05999755859375,93.31999969482422,523793,75.4083023071289,7037.1,7212.05,6791.27,6906.65,-0.0028931567602996644,420.77999999999975,Crude oil,CL=F,₹/barrel,Energy
2022-02-28,95.72000122070312,99.0999984741211,94.43000030517578,94.98999786376953,490796,75.06800079345703,7130.71,7439.24,7088.67,7185.51,0.04037558005690167,350.5699999999997,Crude oil,CL=F,₹/barrel,Energy
2022-03-01,103.41000366210938,106.77999877929688,95.31999969482422,96.08999633789062,698814,75.28479766845703,7234.12,8038.91,7176.15,7785.2,0.08345823748070758,862.7600000000002,Crude oil,CL=F,₹/barrel,Energy
2022-03-02,110.5999984741211,112.51000213623047,105.18000030517578,107.12000274658203,651853,75.80120086669922,8119.82,8528.39,7972.77,8383.61,0.07686507732620873,555.619999999999,Crude oil,CL=F,₹/barrel,Energy
2022-03-03,107.66999816894531,116.56999969482422,106.43000030517578,111.33000183105469,592031,75.63099670410156,8420.0,8816.31,8049.41,8143.19,-0.028677383609209017,766.8999999999996,Crude oil,CL=F,₹/barrel,Energy
2022-03-04,115.68000030517578,116.0199966430664,107.25,107.95999908447266,493875,75.8917007446289,8193.27,8804.95,8139.38,8779.15,0.07809715848457421,665.5700000000006,Crude oil,CL=F,₹/barrel,Energy
2022-03-07,119.4000015258789,130.5,115.54000091552734,121.33000183105469,576022,76.41799926757812,9271.8,9972.55,8829.34,9124.31,0.039315879099912854,1143.2099999999991,Crude oil,CL=F,₹/barrel,Energy
2022-03-08,123.69999694824219,129.44000244140625,117.06999969482422,120.66999816894531,583106,77.08080291748047,9301.34,9977.34,9023.85,9534.9,0.04499956709055253,953.4899999999998,Crude oil,CL=F,₹/barrel,Energy
2022-03-09,108.69999694824219,126.83999633789062,103.62999725341797,124.66000366210938,594773,76.91449737548828,9588.16,9755.83,7970.65,8360.61,-0.12315703363433272,1785.1800000000003,Crude oil,CL=F,₹/barrel,Energy
2022-03-10,106.0199966430664,114.87999725341797,105.52999877929688,110.41000366210938,437924,76.13490295410156,8406.05,8746.38,8034.52,8071.82,-0.034541737983233345,711.8599999999988,Crude oil,CL=F,₹/barrel,Energy
2022-03-11,109.33000183105469,110.29000091552734,104.4800033569336,105.98999786376953,368194,76.310302734375,8088.13,8416.26,7972.9,8343.01,0.03359713174971701,443.3600000000006,Crude oil,CL=F,₹/barrel,Energy
2022-03-14,103.01000213623047,109.72000122070312,99.76000213623047,109.41999816894531,344184,76.75370025634766,8398.39,8421.42,7656.95,7906.4,-0.05233243158044887,764.4700000000003,Crude oil,CL=F,₹/barrel,Energy
2022-03-15,96.44000244140625,102.58000183105469,93.52999877929688,102.27999877929688,401690,76.49009704589844,7823.41,7846.35,7154.12,7376.71,-0.06699509258322367,692.2300000000005,Crude oil,CL=F,₹/barrel,Energy
2022-03-16,95.04000091552734,99.22000122070312,94.06999969482422,95.2300033569336,293947,76.26589965820312,7262.8,7567.1,7174.33,7248.31,-0.017406133628677267,392.77000000000044,Crude oil,CL=F,₹/barrel,Energy
2022-03-17,102.9800033569336,104.23999786376953,94.8499984741211,95.33999633789062,210763,76.02420043945312,7248.15,7924.76,7210.9,7828.97,0.08010970833201125,713.8600000000006,Crude oil,CL=F,₹/barrel,Energy
2022-03-18,104.69999694824219,106.27999877929688,102.30000305175781,103.62000274658203,74247,75.98159790039062,7873.21,8075.32,7772.92,7955.27,0.016132390339980818,302.39999999999964,Crude oil,CL=F,₹/barrel,Energy
2022-03-21,112.12000274658203,112.69000244140625,104.08000183105469,105.12999725341797,77217,75.94640350341797,7984.25,8558.4,7904.5,8515.11,0.07037347569598529,653.8999999999996,Crude oil,CL=F,₹/barrel,Energy
2022-03-22,111.76000213623047,115.01000213623047,109.30000305175781,112.9000015258789,318629,76.30709838867188,8615.07,8776.08,8340.37,8528.08,0.0015231746859405426,435.7099999999991,Crude oil,CL=F,₹/barrel,Energy
2022-03-23,114.93000030517578,115.4000015258789,108.37999725341797,108.8499984741211,289182,76.10189819335938,8283.69,8782.16,8247.92,8746.39,0.025598962486280463,534.2399999999998,Crude oil,CL=F,₹/barrel,Energy
2022-03-24,112.33999633789062,116.63999938964844,110.61000061035156,114.47000122070312,307238,76.55239868164062,8762.95,8929.07,8467.46,8599.9,-0.01674862428956403,461.6100000000006,Crude oil,CL=F,₹/barrel,Energy
2022-03-25,113.9000015258789,114.12000274658203,108.68000030517578,111.75,320304,76.32350158691406,8529.15,8710.04,8294.84,8693.25,0.010854777381132275,415.2000000000007,Crude oil,CL=F,₹/barrel,Energy
2022-03-28,105.95999908447266,112.93000030517578,102.83000183105469,112.91999816894531,372251,76.27850341796875,8613.37,8614.13,7843.72,8082.47,-0.070259109078883,770.409999999999,Crude oil,CL=F,₹/barrel,Energy
2022-03-29,104.23999786376953,107.83999633789062,98.44000244140625,103.47000122070312,387200,76.03410339355469,7867.25,8199.52,7484.8,7925.79,-0.019385163198873623,714.7200000000003,Crude oil,CL=F,₹/barrel,Energy
2022-03-30,107.81999969482422,108.75,104.55000305175781,105.23999786376953,284544,75.66670227050781,7963.16,8228.75,7910.95,8158.38,0.02934597055940169,317.8000000000002,Crude oil,CL=F,₹/barrel,Energy
2022-03-31,100.27999877929688,107.80000305175781,99.66000366210938,107.44999694824219,450845,75.82779693603516,8147.7,8174.24,7557.0,7604.01,-0.06795099027012719,617.2399999999998,Crude oil,CL=F,₹/barrel,Energy
2022-04-01,99.2699966430664,101.75,97.77999877929688,101.2300033569336,324777,75.9092025756836,7684.29,7723.76,7422.4,7535.51,-0.009008404775901147,301.3600000000006,Crude oil,CL=F,₹/barrel,Energy
2022-04-04,103.27999877929688,103.94000244140625,98.05000305175781,98.94999694824219,288131,75.99479675292969,7519.68,7898.9,7451.29,7848.74,0.04156719319594826,447.6099999999997,Crude oil,CL=F,₹/barrel,Energy
2022-04-05,101.95999908447266,105.58999633789062,99.87999725341797,103.66000366210938,280283,75.47799682617188,7824.05,7969.72,7538.74,7695.74,-0.019493574764866684,430.9800000000005,Crude oil,CL=F,₹/barrel,Energy
2022-04-06,96.2300033569336,104.0199966430664,95.7300033569336,101.23999786376953,366036,75.45069885253906,7638.63,7848.38,7222.9,7260.62,-0.05654037168615367,625.4800000000005,Crude oil,CL=F,₹/barrel,Energy
2022-04-07,96.02999877929688,98.81999969482422,93.80999755859375,97.16000366210938,367318,75.94509887695312,7378.83,7504.89,7124.41,7293.01,0.004461051535543881,380.4800000000005,Crude oil,CL=F,₹/barrel,Energy
2022-04-08,98.26000213623047,98.76000213623047,95.29000091552734,97.16999816894531,310082,75.91320037841797,7376.49,7497.19,7233.77,7459.23,0.0227916868343796,263.41999999999916,Crude oil,CL=F,₹/barrel,Energy
2022-04-11,94.29000091552734,98.5199966430664,92.93000030517578,98.4000015258789,315873,75.91729736328125,7470.26,7479.37,7054.99,7158.24,-0.04035134993826439,424.3800000000001,Crude oil,CL=F,₹/barrel,Energy
2022-04-12,100.5999984741211,101.3499984741211,94.83999633789062,95.16999816894531,329037,75.83699798583984,7217.41,7686.08,7192.38,7629.2,0.06579270882228028,493.6999999999998,Crude oil,CL=F,₹/barrel,Energy
2022-04-13,104.25,104.47000122070312,99.87000274658203,100.91000366210938,312502,76.1498031616211,7684.28,7955.37,7605.08,7938.62,0.04055733235463754,350.28999999999996,Crude oil,CL=F,₹/barrel,Energy
2022-04-14,106.94999694824219,107.63999938964844,102.12000274658203,104.19999694824219,244952,76.12169647216797,7931.88,8193.74,7773.55,8141.22,0.025520808402468065,420.1899999999996,Crude oil,CL=F,₹/barrel,Energy
2022-04-18,108.20999908447266,109.80999755859375,106.0,107.02999877929688,68489,76.3313980102539,8169.75,8381.95,8091.13,8259.82,0.014567841183507957,290.8200000000006,Crude oil,CL=F,₹/barrel,Energy
2022-04-19,102.55999755859375,108.91999816894531,102.0999984741211,107.75,71792,76.28019714355469,8219.19,8308.44,7788.21,7823.3,-0.052848609291727855,520.2300000000005,Crude oil,CL=F,₹/barrel,Energy
2022-04-20,102.75,104.16000366210938,100.69999694824219,103.05000305175781,299028,76.44539642333984,7877.7,7962.55,7698.05,7854.76,0.004021320925951866,264.5,Crude oil,CL=F,₹/barrel,Energy
2022-04-21,103.79000091552734,105.41999816894531,102.01000213623047,102.5,280321,76.27619934082031,7818.31,8041.04,7780.94,7916.71,0.007886937347544754,260.10000000000036,Crude oil,CL=F,₹/barrel,Energy
2022-04-22,102.06999969482422,104.22000122070312,101.05999755859375,104.06999969482422,246116,76.28520202636719,7939.0,7950.44,7709.38,7786.43,-0.016456330975872513,241.0599999999995,Crude oil,CL=F,₹/barrel,Energy
2022-04-25,98.54000091552734,101.55000305175781,95.27999877929688,101.37999725341797,328153,76.4635009765625,7751.87,7764.87,7285.44,7534.71,-0.03232803736757417,479.4300000000003,Crude oil,CL=F,₹/barrel,Energy
2022-04-26,101.69999694824219,102.77999877929688,97.05999755859375,98.63999938964844,351850,76.52780151367188,7548.7,7865.53,7427.79,7782.88,0.03293690135386762,437.7399999999998,Crude oil,CL=F,₹/barrel,Energy
2022-04-27,102.0199966430664,102.98999786376953,99.80000305175781,101.76000213623047,278781,76.79409790039062,7814.57,7909.02,7664.05,7834.53,0.006636360833007782,244.97000000000025,Crude oil,CL=F,₹/barrel,Energy
2022-04-28,105.36000061035156,105.68000030517578,100.12999725341797,102.11000061035156,312064,76.47219848632812,7808.58,8081.58,7657.16,8057.11,0.028410127984703548,424.4200000000001,Crude oil,CL=F,₹/barrel,Energy
2022-04-29,104.69000244140625,107.98999786376953,103.77999877929688,105.16999816894531,294386,76.58899688720703,8054.86,8270.85,7948.41,8018.1,-0.004841686411132473,322.4400000000005,Crude oil,CL=F,₹/barrel,Energy
2022-05-02,105.16999816894531,105.94000244140625,100.27999877929688,104.0,261878,76.52310180664062,7958.4,8106.86,7673.74,8047.93,0.0037203327471595493,433.1199999999999,Crude oil,CL=F,₹/barrel,Energy
2022-05-03,102.41000366210938,105.80000305175781,102.0999984741211,105.08000183105469,239266,76.52410125732422,8041.15,8096.25,7813.11,7836.83,-0.026230347430954315,283.1400000000003,Crude oil,CL=F,₹/barrel,Energy
2022-05-04,107.80999755859375,108.61000061035156,102.94999694824219,103.5,272909,76.46730041503906,7914.37,8305.11,7872.31,8243.94,0.05194830052457444,432.8000000000002,Crude oil,CL=F,₹/barrel,Energy
2022-05-05,108.26000213623047,111.37000274658203,106.44999694824219,107.58000183105469,286916,76.00160217285156,8176.25,8464.3,8090.37,8227.93,-0.001942032571804253,373.9299999999994,Crude oil,CL=F,₹/barrel,Energy
2022-05-06,109.7699966430664,111.18000030517578,107.23999786376953,108.69999694824219,294278,76.54180145263672,8320.09,8509.92,8208.34,8401.99,0.021154774044018332,301.5799999999999,Crude oil,CL=F,₹/barrel,Energy
2022-05-09,103.08999633789062,110.48999786376953,102.12999725341797,110.43000030517578,368183,76.9574966430664,8498.42,8503.03,7859.67,7933.55,-0.0557534584068774,643.3600000000006,Crude oil,CL=F,₹/barrel,Energy
2022-05-10,99.76000213623047,104.16000366210938,98.86000061035156,102.6500015258789,389750,77.3655014038086,7941.57,8058.39,7648.35,7717.98,-0.027171946984641204,410.03999999999996,Crude oil,CL=F,₹/barrel,Energy
2022-05-11,105.70999908447266,106.44000244140625,98.19999694824219,99.0,382701,77.27140045166016,7649.87,8224.77,7588.05,8168.36,0.05835464720043326,636.7200000000003,Crude oil,CL=F,₹/barrel,Energy
2022-05-12,106.12999725341797,107.37000274658203,102.66000366210938,105.62999725341797,323547,77.41840362548828,8177.71,8312.41,7947.77,8216.41,0.00588245376060792,364.6399999999994,Crude oil,CL=F,₹/barrel,Energy
2022-05-13,110.48999786376953,110.63999938964844,106.29000091552734,106.6500015258789,240989,77.44380187988281,8259.38,8568.38,8231.5,8556.77,0.04142441772014793,336.8799999999992,Crude oil,CL=F,₹/barrel,Energy
2022-05-16,114.19999694824219,114.9000015258789,108.11000061035156,110.9800033569336,289127,77.48629760742188,8599.43,8903.18,8377.04,8848.93,0.034143724793350705,526.1399999999994,Crude oil,CL=F,₹/barrel,Energy
2022-05-17,112.4000015258789,115.55999755859375,111.75,113.87000274658203,252630,77.8053970336914,8859.7,8991.19,8694.75,8745.33,-0.01170763018805665,296.4400000000005,Crude oil,CL=F,₹/barrel,Energy
2022-05-18,109.58999633789062,115.41999816894531,108.45999908447266,113.66000366210938,103669,77.37239837646484,8794.15,8930.32,8391.81,8479.24,-0.030426524785228226,538.5100000000002,Crude oil,CL=F,₹/barrel,Energy
2022-05-19,112.20999908447266,112.62000274658203,105.12999725341797,109.08999633789062,68511,77.81999969482422,8489.38,8764.09,8181.22,8732.18,0.029830503677216402,582.8699999999999,Crude oil,CL=F,₹/barrel,Energy
2022-05-20,113.2300033569336,114.04000091552734,110.8499984741211,111.44999694824219,229930,77.42109680175781,8628.58,8829.1,8582.13,8766.39,0.003917692947236429,246.97000000000116,Crude oil,CL=F,₹/barrel,Energy
2022-05-23,110.29000091552734,111.95999908447266,109.1500015258789,110.55999755859375,215623,77.81839752197266,8603.6,8712.55,8493.88,8582.59,-0.020966441146241466,218.67000000000007,Crude oil,CL=F,₹/barrel,Energy
2022-05-24,109.7699966430664,111.43000030517578,108.61000061035156,110.41000366210938,224794,77.52680206298828,8559.73,8638.81,8420.19,8510.12,-0.008443838048887264,218.61999999999898,Crude oil,CL=F,₹/barrel,Energy
2022-05-25,110.33000183105469,111.68000030517578,109.2300033569336,110.38999938964844,191370,77.47879791259766,8552.88,8652.83,8463.01,8548.24,0.00447937279380306,189.8199999999997,Crude oil,CL=F,₹/barrel,Energy
2022-05-26,114.08999633789062,114.83000183105469,110.2699966430664,110.69000244140625,234752,77.49729919433594,8578.18,8899.02,8545.63,8841.67,0.03432636425743785,353.39000000000124,Crude oil,CL=F,₹/barrel,Energy
2022-05-27,115.06999969482422,115.30000305175781,112.8499984741211,114.19999694824219,217281,77.63020324707031,8865.37,8950.76,8760.57,8932.91,0.01031931750449866,190.1900000000005,Crude oil,CL=F,₹/barrel,Energy
2022-05-31,114.66999816894531,119.9800033569336,114.1500015258789,114.95999908447266,440796,77.5208969116211,8911.8,9300.96,8849.01,8889.32,-0.00487970885187472,451.9499999999989,Crude oil,CL=F,₹/barrel,Energy
2022-06-01,115.26000213623047,117.87000274658203,114.58000183105469,115.4000015258789,290530,77.5989990234375,8954.92,9146.59,8891.29,8944.06,0.006157951339359924,255.29999999999927,Crude oil,CL=F,₹/barrel,Energy
2022-06-02,116.87000274658203,117.7699966430664,111.19999694824219,114.80000305175781,327600,77.58409881591797,8906.65,9137.08,8627.35,9067.25,0.013773387030051376,509.72999999999956,Crude oil,CL=F,₹/barrel,Energy
2022-06-03,118.87000274658203,120.45999908447266,115.2300033569336,117.55000305175781,240831,77.3604965209961,9093.73,9318.85,8914.25,9195.84,0.014181808155725228,404.60000000000036,Crude oil,CL=F,₹/barrel,Energy
2022-06-06,118.5,120.98999786376953,117.62999725341797,120.81999969482422,246825,77.69419860839844,9387.01,9400.22,9139.17,9206.76,0.0011874934753106636,261.0499999999993,Crude oil,CL=F,₹/barrel,Energy
2022-06-07,119.41000366210938,120.36000061035156,117.13999938964844,119.0999984741211,341694,77.82099914550781,9268.48,9366.54,9115.95,9292.61,0.009324670133684432,250.59000000000015,Crude oil,CL=F,₹/barrel,Energy
2022-06-08,122.11000061035156,123.18000030517578,119.30000305175781,119.79000091552734,340591,77.67060089111328,9304.16,9567.46,9266.1,9484.36,0.020634676371869665,301.35999999999876,Crude oil,CL=F,₹/barrel,Energy
2022-06-09,121.51000213623047,122.72000122070312,120.79000091552734,122.43000030517578,293295,77.72429656982422,9515.79,9538.33,9388.32,9444.28,-0.004225904541793057,150.01000000000022,Crude oil,CL=F,₹/barrel,Energy
2022-06-10,120.66999816894531,122.75,118.33000183105469,121.45999908447266,352906,77.8187026977539,9451.86,9552.25,9208.29,9390.38,-0.005707158195225159,343.9599999999991,Crude oil,CL=F,₹/barrel,Energy
2022-06-13,120.93000030517578,122.25,117.47000122070312,120.19000244140625,372403,78.17759704589844,9396.17,9557.21,9183.52,9454.02,0.006777148528600785,373.6899999999987,Crude oil,CL=F,₹/barrel,Energy
2022-06-14,118.93000030517578,123.68000030517578,116.62000274658203,121.08999633789062,366320,78.16059875488281,9464.47,9666.9,9115.09,9295.64,-0.016752661830628734,551.8099999999995,Crude oil,CL=F,₹/barrel,Energy
2022-06-15,115.30999755859375,119.61000061035156,114.5999984741211,119.06999969482422,301750,77.9854965209961,9285.73,9327.85,8937.14,8992.51,-0.032609911743569975,390.71000000000095,Crude oil,CL=F,₹/barrel,Energy
2022-06-16,117.58999633789062,118.08000183105469,112.30999755859375,115.9800033569336,162543,77.90019989013672,9034.87,9198.46,8748.97,9160.28,0.01865663757949676,449.4899999999998,Crude oil,CL=F,₹/barrel,Energy
2022-06-17,109.55999755859375,118.97000122070312,108.25,117.08000183105469,103149,77.97769927978516,9129.63,9277.01,8441.09,8543.24,-0.06736038636373565,835.9200000000001,Crude oil,CL=F,₹/barrel,Energy
2022-06-21,110.6500015258789,112.47000122070312,108.72000122070312,110.58000183105469,427262,77.93399810791016,8617.94,8765.24,8472.98,8623.4,0.009382857089347718,292.2600000000002,Crude oil,CL=F,₹/barrel,Energy
2022-06-22,106.19000244140625,109.76000213623047,101.52999877929688,109.54000091552734,432724,78.13490295410156,8558.9,8576.09,7933.04,8297.15,-0.03783310527170258,643.0500000000002,Crude oil,CL=F,₹/barrel,Energy
2022-06-23,104.2699966430664,107.05000305175781,102.31999969482422,104.41999816894531,346362,78.19309997558594,8164.92,8370.57,8000.72,8153.19,-0.017350536027431085,369.84999999999945,Crude oil,CL=F,₹/barrel,Energy
2022-06-24,107.62000274658203,108.58000183105469,103.63999938964844,103.98999786376953,321591,78.14240264892578,8126.03,8484.7,8098.68,8409.69,0.031460078815776615,386.02000000000044,Crude oil,CL=F,₹/barrel,Energy
2022-06-27,109.56999969482422,110.54000091552734,105.5999984741211,107.22000122070312,282914,78.2522964477539,8390.21,8650.01,8263.44,8574.1,0.01955006664930581,386.5699999999997,Crude oil,CL=F,₹/barrel,Energy
2022-06-28,111.76000213623047,112.22000122070312,109.62000274658203,110.18000030517578,306748,78.44110107421875,8642.64,8802.66,8598.71,8766.58,0.02244900339394218,203.95000000000073,Crude oil,CL=F,₹/barrel,Energy
2022-06-29,109.77999877929688,114.05000305175781,109.22000122070312,111.86000061035156,322060,79.07319641113281,8845.13,9018.3,8636.37,8680.66,-0.009800857346878744,381.9299999999985,Crude oil,CL=F,₹/barrel,Energy
2022-06-30,105.76000213623047,110.44999694824219,105.0999984741211,109.69999694824219,362890,78.89830017089844,8655.14,8714.32,8292.21,8344.28,-0.03875050975386651,422.1100000000006,Crude oil,CL=F,₹/barrel,Energy
2022-07-01,108.43000030517578,109.33999633789062,104.55999755859375,106.01000213623047,305338,78.96299743652344,8370.87,8633.81,8256.37,8561.96,0.026087331681103443,377.4399999999987,Crude oil,CL=F,₹/barrel,Energy
2022-07-05,99.5,111.44999694824219,97.43000030517578,108.80000305175781,594215,78.93949890136719,8588.62,8797.81,7691.08,7854.48,-0.08263061261673721,1106.7299999999996,Crude oil,CL=F,₹/barrel,Energy
2022-07-06,98.52999877929688,102.13999938964844,95.0999984741211,100.36000061035156,444106,79.36840057373047,7965.41,8106.69,7547.93,7820.17,-0.004368207698027038,558.7599999999993,Crude oil,CL=F,₹/barrel,Energy
2022-07-07,102.7300033569336,104.4800033569336,96.56999969482422,98.22000122070312,379861,79.04389953613281,7763.69,8258.51,7633.27,8120.18,0.03836361613622219,625.2399999999998,Crude oil,CL=F,₹/barrel,Energy
2022-07-08,104.79000091552734,105.23999786376953,101.51000213623047,102.22000122070312,327461,79.22160339355469,8098.03,8337.28,8041.79,8301.63,0.022345563768290777,295.4900000000007,Crude oil,CL=F,₹/barrel,Energy
2022-07-11,104.08999633789062,105.05000305175781,100.88999938964844,104.79000091552734,348566,79.3313980102539,8313.14,8333.76,8003.74,8257.6,-0.005303777691850753,330.02000000000044,Crude oil,CL=F,₹/barrel,Energy
2022-07-12,95.83999633789062,103.48999786376953,95.3499984741211,103.45999908447266,398552,79.47779846191406,8222.77,8225.16,7578.21,7617.15,-0.07755885487308667,646.9499999999998,Crude oil,CL=F,₹/barrel,Energy
2022-07-13,96.30000305175781,97.95999908447266,93.66999816894531,95.88999938964844,347193,79.47640228271484,7620.99,7785.51,7444.55,7653.58,0.004782628673454026,340.96000000000004,Crude oil,CL=F,₹/barrel,Energy
2022-07-14,95.77999877929688,97.0,90.55999755859375,96.56999969482422,387528,79.80750274658203,7707.01,7741.33,7227.37,7643.96,-0.0012569281303651536,513.96,Crude oil,CL=F,₹/barrel,Energy
2022-07-15,97.58999633789062,99.02999877929688,94.56999969482422,96.38999938964844,240766,79.87830352783203,7699.47,7910.35,7554.09,7795.32,0.019801254846964156,356.2600000000002,Crude oil,CL=F,₹/barrel,Energy
2022-07-18,102.5999984741211,102.80000305175781,95.8499984741211,97.2699966430664,84669,79.72049713134766,7754.41,8195.27,7641.21,8179.32,0.049260325426024876,554.0600000000004,Crude oil,CL=F,₹/barrel,Energy
2022-07-19,104.22000122070312,104.45999908447266,99.8499984741211,102.0,63149,80.0302963256836,8163.09,8359.96,7991.02,8340.76,0.019737582097289375,368.9399999999987,Crude oil,CL=F,₹/barrel,Energy
2022-07-20,102.26000213623047,104.38999938964844,101.51000213623047,103.5999984741211,315620,79.85590362548828,8273.07,8336.16,8106.17,8166.06,-0.02094533351876804,229.98999999999978,Crude oil,CL=F,₹/barrel,Energy
2022-07-21,96.3499984741211,99.98999786376953,94.58999633789062,99.91000366210938,318911,80.00340270996094,7993.14,7999.54,7567.52,7708.33,-0.05605273534605437,432.0199999999995,Crude oil,CL=F,₹/barrel,Energy
2022-07-22,94.69999694824219,97.94999694824219,94.2300033569336,96.51000213623047,307568,79.7759017944336,7699.17,7814.05,7517.28,7554.78,-0.01992000861405785,296.77000000000044,Crude oil,CL=F,₹/barrel,Energy
2022-07-25,96.69999694824219,96.94000244140625,93.01000213623047,95.0999984741211,278998,79.87680053710938,7596.28,7743.26,7429.34,7724.09,0.02241097689145155,313.9200000000001,Crude oil,CL=F,₹/barrel,Energy
2022-07-26,94.9800033569336,99.0,94.76000213623047,96.33000183105469,310043,79.72250366210938,7679.67,7892.53,7554.5,7572.04,-0.019685166796347575,338.02999999999975,Crude oil,CL=F,₹/barrel,Energy
2022-07-27,97.26000213623047,98.58999633789062,94.30000305175781,95.5999984741211,321903,79.84120178222656,7632.82,7871.54,7529.03,7765.36,0.02553076845869806,342.5100000000002,Crude oil,CL=F,₹/barrel,Energy
2022-07-28,96.41999816894531,99.83999633789062,96.04000091552734,98.16999816894531,318403,79.84739685058594,7838.62,7971.96,7668.54,7698.89,-0.00855980920395183,303.4200000000001,Crude oil,CL=F,₹/barrel,Energy
2022-07-29,98.62000274658203,101.87999725341797,96.41000366210938,97.30000305175781,349374,79.57150268554688,7742.31,8106.74,7671.49,7847.34,0.019282000392264242,435.25,Crude oil,CL=F,₹/barrel,Energy
2022-08-01,93.88999938964844,98.6500015258789,92.41999816894531,98.45999908447266,365293,79.1948013305664,7797.52,7812.57,7319.18,7435.6,-0.052468734628549285,493.3899999999994,Crude oil,CL=F,₹/barrel,Energy
2022-08-02,94.41999816894531,96.47000122070312,92.58999633789062,93.75,328538,78.95570373535156,7402.1,7616.86,7310.51,7455.0,0.0026090698800365075,306.34999999999945,Crude oil,CL=F,₹/barrel,Energy
2022-08-03,90.66000366210938,96.56999969482422,90.37999725341797,93.83000183105469,395099,78.60449981689453,7375.46,7590.84,7104.27,7126.28,-0.04409389671361508,486.5699999999997,Crude oil,CL=F,₹/barrel,Energy
2022-08-04,88.54000091552734,91.9000015258789,87.55000305175781,90.94999694824219,334931,79.11830139160156,7195.81,7270.97,6926.81,7005.13,-0.017000454655163644,344.15999999999985,Crude oil,CL=F,₹/barrel,Energy
2022-08-05,89.01000213623047,90.76000213623047,87.01000213623047,88.05999755859375,350016,79.15489959716797,6970.38,7184.1,6887.27,7045.58,0.005774339662504513,296.8299999999999,Crude oil,CL=F,₹/barrel,Energy
2022-08-08,90.76000213623047,90.88999938964844,87.22000122070312,88.45999908447266,340157,79.41059875488281,7024.66,7217.63,6926.19,7207.31,0.022954817062612376,291.4400000000005,Crude oil,CL=F,₹/barrel,Energy
2022-08-09,90.5,92.6500015258789,89.05000305175781,90.69000244140625,347045,79.60189819335938,7219.1,7375.12,7088.55,7203.97,-0.0004634183904952405,286.5699999999997,Crude oil,CL=F,₹/barrel,Energy
2022-08-10,91.93000030517578,92.43000030517578,87.66000366210938,90.51000213623047,383766,79.57839965820312,7202.64,7355.43,6975.84,7315.64,0.015501175046536808,379.59000000000015,Crude oil,CL=F,₹/barrel,Energy
2022-08-11,94.33999633789062,95.05000305175781,91.23999786376953,91.55000305175781,341234,79.0978012084961,7241.4,7518.25,7216.88,7462.09,0.020018754340016764,301.3699999999999,Crude oil,CL=F,₹/barrel,Energy
2022-08-12,92.08999633789062,94.80999755859375,91.16000366210938,94.08999633789062,264953,79.61399841308594,7490.88,7548.2,7257.61,7331.65,-0.01748035737976905,290.59000000000015,Crude oil,CL=F,₹/barrel,Energy
2022-08-15,89.41000366210938,92.0999984741211,86.81999969482422,91.94000244140625,275443,79.62760162353516,7320.96,7333.7,6913.27,7119.5,-0.02893618762488659,420.4299999999994,Crude oil,CL=F,₹/barrel,Energy
2022-08-16,86.52999877929688,90.6500015258789,85.7300033569336,87.93000030517578,305366,79.55290222167969,6995.09,7211.47,6820.07,6883.71,-0.03311889879907293,391.40000000000055,Crude oil,CL=F,₹/barrel,Energy
2022-08-17,88.11000061035156,89.16000366210938,85.87999725341797,87.0999984741211,230346,79.14600372314453,6893.62,7056.66,6797.06,6973.55,0.013051101804114396,259.59999999999945,Crude oil,CL=F,₹/barrel,Energy
2022-08-18,90.5,91.45999908447266,87.31999969482422,87.38999938964844,80029,79.35970306396484,6935.24,7258.24,6929.69,7182.05,0.02989868861627154,328.5500000000002,Crude oil,CL=F,₹/barrel,Energy
2022-08-19,90.7699966430664,92.08999633789062,88.37999725341797,90.38999938964844,58714,79.7667007446289,7210.11,7345.72,7049.78,7240.42,0.008127206020565048,295.9400000000005,Crude oil,CL=F,₹/barrel,Energy
2022-08-22,90.2300033569336,91.26000213623047,86.5999984741211,89.6500015258789,352665,79.91790008544922,7164.64,7293.31,6920.89,7210.99,-0.0040646813306410845,372.4200000000001,Crude oil,CL=F,₹/barrel,Energy
2022-08-23,93.73999786376953,94.22000122070312,90.41999816894531,90.55000305175781,285607,79.88379669189453,7233.48,7526.65,7223.09,7488.31,0.03845796485642072,303.5599999999995,Crude oil,CL=F,₹/barrel,Energy
2022-08-24,94.88999938964844,95.4000015258789,92.79000091552734,93.77999877929688,320388,79.85449981689453,7488.75,7618.12,7409.7,7577.39,0.011895875037224668,208.42000000000007,Crude oil,CL=F,₹/barrel,Energy
2022-08-25,92.5199966430664,95.76000213623047,92.29000091552734,95.3499984741211,279877,79.79679870605469,7608.62,7641.34,7364.45,7382.8,-0.025680346398958,276.8900000000003,Crude oil,CL=F,₹/barrel,Energy
2022-08-26,93.05999755859375,94.0199966430664,91.08000183105469,93.05999755859375,288392,79.88289642333984,7433.9,7510.59,7275.73,7433.9,0.006921493200411799,234.86000000000058,Crude oil,CL=F,₹/barrel,Energy
2022-08-29,97.01000213623047,97.37000274658203,92.29000091552734,92.95999908447266,283463,79.95909881591797,7433.0,7785.62,7379.43,7756.83,0.04344018617414824,406.1899999999996,Crude oil,CL=F,₹/barrel,Energy
2022-08-30,91.63999938964844,97.66000366210938,90.54000091552734,96.9000015258789,386272,79.96790313720703,7748.89,7809.67,7240.29,7328.26,-0.055250662964123176,569.3800000000001,Crude oil,CL=F,₹/barrel,Energy
2022-08-31,89.55000305175781,92.7300033569336,88.2699966430664,92.30999755859375,344147,79.68229675292969,7355.47,7388.94,7033.56,7135.55,-0.02629682898805452,355.3799999999992,Crude oil,CL=F,₹/barrel,Energy
2022-09-01,86.61000061035156,89.62999725341797,85.9800033569336,88.83000183105469,305106,79.54879760742188,7066.32,7129.96,6839.61,6889.72,-0.03445144382703502,290.35000000000036,Crude oil,CL=F,₹/barrel,Energy
2022-09-02,86.87000274658203,89.66000366210938,86.3499984741211,86.55999755859375,277533,79.716796875,6900.29,7147.41,6883.55,6925.0,0.005120672538216242,263.8599999999997,Crude oil,CL=F,₹/barrel,Energy
2022-09-06,86.87999725341797,90.38999938964844,86.18000030517578,86.83999633789062,420255,79.78299713134766,6928.36,7211.59,6875.7,6931.55,0.000945848375451197,335.8900000000003,Crude oil,CL=F,₹/barrel,Energy
2022-09-07,81.94000244140625,87.76000213623047,81.5,86.93000030517578,380781,79.89510345458984,6945.28,7011.59,6511.45,6546.6,-0.05553591909457478,500.1400000000003,Crude oil,CL=F,₹/barrel,Energy
2022-09-08,83.54000091552734,84.25,81.19999694824219,81.91000366210938,342763,79.6498031616211,6524.12,6710.5,6467.56,6653.94,0.016396297314636543,242.9399999999996,Crude oil,CL=F,₹/barrel,Energy
2022-09-09,86.79000091552734,87.19999694824219,82.70999908447266,82.80000305175781,305188,79.706298828125,6599.68,6950.39,6592.51,6917.71,0.03964117500308095,357.8800000000001,Crude oil,CL=F,₹/barrel,Energy
2022-09-12,87.77999877929688,89.0999984741211,85.16000366210938,86.25,275104,79.65579986572266,6870.31,7097.33,6783.49,6992.19,0.010766568705539825,313.84000000000015,Crude oil,CL=F,₹/barrel,Energy
2022-09-13,87.30999755859375,89.30999755859375,85.05999755859375,88.08999633789062,347998,79.35530090332031,6990.41,7087.22,6749.96,6928.51,-0.009107304006326977,337.2600000000002,Crude oil,CL=F,₹/barrel,Energy
2022-09-14,88.4800033569336,90.19000244140625,86.18000030517578,87.94000244140625,335381,79.60240173339844,7000.24,7179.34,6860.14,7043.22,0.01655622926141409,319.1999999999998,Crude oil,CL=F,₹/barrel,Energy
2022-09-15,85.0999984741211,89.1500015258789,84.52999877929688,88.91000366210938,235358,79.45369720458984,7064.23,7083.3,6716.22,6761.51,-0.03999733076632561,367.0799999999999,Crude oil,CL=F,₹/barrel,Energy
2022-09-16,85.11000061035156,86.58999633789062,84.2699966430664,85.16000366210938,87829,79.8490982055664,6799.95,6914.13,6728.88,6795.96,0.005095015758314281,185.25,Crude oil,CL=F,₹/barrel,Energy
2022-09-19,85.7300033569336,86.22000122070312,82.0999984741211,85.20999908447266,59626,79.68949890136719,6790.34,6870.83,6542.51,6831.78,0.0052707785213568226,328.3199999999997,Crude oil,CL=F,₹/barrel,Energy
2022-09-20,84.44999694824219,86.44999694824219,83.5199966430664,85.61000061035156,279813,79.7074966430664,6823.76,6890.71,6657.17,6731.3,-0.014707733562848824,233.53999999999996,Crude oil,CL=F,₹/barrel,Energy
2022-09-21,82.94000244140625,86.68000030517578,82.48999786376953,84.25,339683,79.76270294189453,6720.01,6913.83,6579.63,6615.52,-0.017200243637930268,334.1999999999998,Crude oil,CL=F,₹/barrel,Energy
2022-09-22,83.48999786376953,86.0,82.4000015258789,83.06999969482422,303492,80.05069732666016,6649.81,6884.36,6596.18,6683.43,0.010265255036641108,288.1799999999994,Crude oil,CL=F,₹/barrel,Energy
2022-09-23,78.73999786376953,83.91999816894531,78.04000091552734,83.54000091552734,334271,81.06220245361328,6771.94,6802.74,6326.09,6382.84,-0.04497540933323163,476.64999999999964,Crude oil,CL=F,₹/barrel,Energy
2022-09-26,76.70999908447266,80.30999755859375,76.25,79.2300033569336,280927,81.25479888916016,6437.82,6525.57,6195.68,6233.06,-0.023466043328674968,329.8899999999994,Crude oil,CL=F,₹/barrel,Energy
2022-09-27,78.5,79.51000213623047,76.41999816894531,76.47000122070312,283614,81.61579895019531,6241.16,6489.27,6237.08,6406.84,0.02788036694657192,252.1900000000005,Crude oil,CL=F,₹/barrel,Energy
2022-09-28,82.1500015258789,82.33999633789062,76.55000305175781,78.08000183105469,324678,81.72460174560547,6381.06,6729.2,6256.02,6713.68,0.047892564821347294,473.1799999999994,Crude oil,CL=F,₹/barrel,Energy
2022-09-29,81.2300033569336,82.94000244140625,80.33999633789062,81.9000015258789,286126,81.42870330810547,6669.01,6753.7,6541.98,6614.45,-0.014780269539209523,211.72000000000025,Crude oil,CL=F,₹/barrel,Energy
2022-09-30,79.48999786376953,82.55999755859375,79.13999938964844,81.73999786376953,253154,81.48059844970703,6660.22,6727.04,6448.37,6476.89,-0.02079689165387888,278.6700000000001,Crude oil,CL=F,₹/barrel,Energy
2022-10-03,83.62999725341797,84.55999755859375,80.87000274658203,81.0199966430664,287168,81.52130126953125,6604.86,6893.44,6592.63,6817.63,0.052608582205348586,300.8099999999995,Crude oil,CL=F,₹/barrel,Energy
2022-10-04,86.5199966430664,86.9800033569336,83.22000122070312,83.22000122070312,302549,81.49500274658203,6782.01,7088.44,6782.01,7050.95,0.03422303645108338,306.4299999999994,Crude oil,CL=F,₹/barrel,Energy
2022-10-05,87.76000213623047,88.41999816894531,85.41999816894531,86.37000274658203,329790,81.46549987792969,7036.18,7203.18,6958.78,7149.41,0.013964075762840533,244.40000000000055,Crude oil,CL=F,₹/barrel,Energy
2022-10-06,88.44999694824219,89.06999969482422,87.04000091552734,88.08000183105469,235296,81.6488037109375,7191.63,7272.46,7106.71,7221.84,0.010130905906921006,165.75,Crude oil,CL=F,₹/barrel,Energy
2022-10-07,92.63999938964844,93.30999755859375,88.0,88.93000030517578,429162,82.3489990234375,7323.3,7683.98,7246.71,7628.81,0.056352674664628344,437.2699999999995,Crude oil,CL=F,₹/barrel,Energy
2022-10-10,91.12999725341797,93.63999938964844,90.54000091552734,93.4800033569336,289508,82.8322982788086,7743.16,7756.42,7499.64,7548.51,-0.01052588804807042,256.77999999999975,Crude oil,CL=F,₹/barrel,Energy
2022-10-11,89.3499984741211,91.3499984741211,87.91000366210938,91.13999938964844,333158,82.42070007324219,7511.82,7529.13,7245.6,7364.29,-0.024404816314742894,283.52999999999975,Crude oil,CL=F,₹/barrel,Energy
2022-10-12,87.2699966430664,90.06999969482422,86.27999877929688,88.66999816894531,332271,82.2739028930664,7295.23,7410.41,7098.59,7180.04,-0.025019384081832685,311.8199999999997,Crude oil,CL=F,₹/barrel,Energy
2022-10-13,89.11000061035156,89.66000366210938,85.55999755859375,87.08000183105469,298032,82.19999694824219,7157.98,7370.05,7033.03,7324.84,0.020167018568141737,337.02000000000044,Crude oil,CL=F,₹/barrel,Energy
2022-10-14,85.61000061035156,89.7300033569336,85.19999694824219,89.2699966430664,237026,82.19210052490234,7337.29,7375.1,7002.77,7036.47,-0.039368778021089845,372.3299999999999,Crude oil,CL=F,₹/barrel,Energy
2022-10-17,85.45999908447266,87.12000274658203,84.61000061035156,85.58999633789062,172020,82.41280364990234,7053.71,7179.8,6972.95,7043.0,0.0009280221474687878,206.85000000000036,Crude oil,CL=F,₹/barrel,Energy
2022-10-18,82.81999969482422,86.51000213623047,82.08999633789062,85.69999694824219,97304,82.1947021484375,7044.09,7110.66,6747.36,6807.37,-0.033455913673150706,363.3000000000002,Crude oil,CL=F,₹/barrel,Energy
2022-10-19,85.55000305175781,86.19999694824219,82.58999633789062,83.69000244140625,71309,82.2863998413086,6886.55,7093.09,6796.03,7039.6,0.03411449649424081,297.0600000000004,Crude oil,CL=F,₹/barrel,Energy
2022-10-20,85.9800033569336,88.16999816894531,85.22000122070312,85.94000244140625,338344,82.99700164794922,7132.76,7317.85,7073.0,7136.08,0.013705324166145783,244.85000000000036,Crude oil,CL=F,₹/barrel,Energy
2022-10-21,85.05000305175781,85.9000015258789,83.1500015258789,85.06999969482422,272803,82.82569885253906,7045.98,7114.73,6886.96,7044.33,-0.012857198910326106,227.76999999999953,Crude oil,CL=F,₹/barrel,Energy
2022-10-24,84.58000183105469,85.91999816894531,82.62999725341797,85.23999786376953,250726,82.54129791259766,7035.82,7091.95,6820.39,6981.34,-0.008941943378575345,271.5599999999995,Crude oil,CL=F,₹/barrel,Energy
2022-10-25,85.31999969482422,86.02999877929688,83.05999755859375,84.87999725341797,240441,82.7614974975586,7024.8,7119.97,6874.17,7061.21,0.01144049709654582,245.80000000000018,Crude oil,CL=F,₹/barrel,Energy
2022-10-26,87.91000366210938,88.41000366210938,84.13999938964844,85.06999969482422,287182,82.44529724121094,7013.62,7288.99,6936.95,7247.77,0.02642040103608312,352.03999999999996,Crude oil,CL=F,₹/barrel,Energy
2022-10-27,89.08000183105469,89.79000091552734,87.33000183105469,88.26000213623047,292556,82.04959869384766,7241.7,7367.23,7165.39,7308.98,0.008445356295798456,201.83999999999924,Crude oil,CL=F,₹/barrel,Energy
2022-10-28,87.9000015258789,88.76000213623047,87.08000183105469,88.66999816894531,263404,82.44249725341797,7310.18,7317.6,7179.09,7246.7,-0.00852102482152084,138.51000000000022,Crude oil,CL=F,₹/barrel,Energy
2022-10-31,86.52999877929688,88.6500015258789,85.30000305175781,88.38999938964844,285342,82.23919677734375,7269.12,7290.5,7015.0,7116.16,-0.018013716588240136,275.5,Crude oil,CL=F,₹/barrel,Energy
2022-11-01,88.37000274658203,89.44999694824219,85.91999816894531,86.43000030517578,274321,82.72899627685547,7150.27,7400.11,7108.08,7310.76,0.027346209191474014,292.02999999999975,Crude oil,CL=F,₹/barrel,Energy
2022-11-02,90.0,90.36000061035156,87.72000122070312,88.62000274658203,280961,82.68450164794922,7327.5,7471.37,7253.08,7441.61,0.017898275965836596,218.28999999999996,Crude oil,CL=F,₹/barrel,Energy
2022-11-03,88.16999816894531,89.66999816894531,87.5999984741211,89.3499984741211,239816,82.88839721679688,7406.08,7432.6,7261.02,7308.27,-0.017918165558259425,171.57999999999993,Crude oil,CL=F,₹/barrel,Energy
2022-11-04,92.61000061035156,92.87000274658203,87.81999969482422,87.9000015258789,354060,82.68180084228516,7267.73,7678.66,7261.12,7657.16,0.047739068206292146,417.53999999999996,Crude oil,CL=F,₹/barrel,Energy
2022-11-07,91.79000091552734,93.73999786376953,90.4000015258789,91.0,322419,81.9749984741211,7459.72,7684.34,7410.54,7524.49,-0.017326267179998855,273.8000000000002,Crude oil,CL=F,₹/barrel,Energy
2022-11-08,88.91000366210938,92.16999816894531,88.5199966430664,91.87000274658203,344223,81.82599639892578,7517.35,7541.9,7243.24,7275.15,-0.033137129559611345,298.65999999999985,Crude oil,CL=F,₹/barrel,Energy
2022-11-09,85.83000183105469,89.23999786376953,85.5,88.56999969482422,388301,81.40519714355469,7210.06,7264.6,6960.14,6987.01,-0.03960605623251745,304.46000000000004,Crude oil,CL=F,₹/barrel,Energy
2022-11-10,86.47000122070312,87.3499984741211,84.69999694824219,85.8499984741211,340007,81.34380340576172,6983.37,7105.38,6889.82,7033.8,0.006696712900081669,215.5600000000004,Crude oil,CL=F,₹/barrel,Energy
2022-11-11,88.95999908447266,90.0999984741211,86.18000030517578,86.2699966430664,301664,80.48290252685547,6943.26,7251.51,6936.02,7159.76,0.01790781654297824,315.4899999999998,Crude oil,CL=F,₹/barrel,Energy
2022-11-14,85.87000274658203,89.83999633789062,85.1500015258789,89.0199966430664,315450,80.49700164794922,7165.84,7231.85,6854.32,6912.28,-0.0345654044269641,377.53000000000065,Crude oil,CL=F,₹/barrel,Energy
2022-11-15,86.91999816894531,88.68000030517578,84.05999755859375,85.25,331709,80.99199676513672,6904.57,7182.37,6808.19,7039.82,0.018451220147331915,374.1800000000003,Crude oil,CL=F,₹/barrel,Energy
2022-11-16,85.58999633789062,87.51000213623047,84.19999694824219,86.88999938964844,225668,81.07140350341797,7044.29,7094.56,6826.21,6938.9,-0.014335593807796254,268.35000000000036,Crude oil,CL=F,₹/barrel,Energy
2022-11-17,81.63999938964844,85.44999694824219,81.4000015258789,85.22000122070312,138476,81.49530029296875,6945.03,6963.77,6633.72,6653.28,-0.04116214385565431,330.0500000000002,Crude oil,CL=F,₹/barrel,Energy
2022-11-18,80.08000183105469,82.63999938964844,77.23999786376953,82.08999633789062,96583,81.52490234375,6692.38,6737.22,6296.98,6528.51,-0.018753156337926513,440.2400000000007,Crude oil,CL=F,₹/barrel,Energy
2022-11-21,79.7300033569336,80.30000305175781,75.08000183105469,80.30000305175781,475104,81.5198974609375,6546.05,6546.05,6120.51,6499.58,-0.004431332723699666,425.53999999999996,Crude oil,CL=F,₹/barrel,Energy
2022-11-22,80.94999694824219,82.36000061035156,79.8499984741211,80.22000122070312,269615,81.72769927978516,6556.2,6731.09,6525.96,6615.86,0.017890386763452337,205.1300000000001,Crude oil,CL=F,₹/barrel,Energy
2022-11-23,77.94000244140625,81.94999694824219,76.83000183105469,81.08000183105469,379145,81.71499633789062,6625.45,6696.54,6278.16,6368.87,-0.037333014906603235,418.3800000000001,Crude oil,CL=F,₹/barrel,Energy
2022-11-25,76.27999877929688,79.9000015258789,76.22000122070312,77.51000213623047,266451,81.65540313720703,6329.11,6524.27,6223.77,6228.67,-0.02201332418466695,300.5,Crude oil,CL=F,₹/barrel,Energy
2022-11-28,77.23999786376953,77.83999633789062,73.5999984741211,75.93000030517578,405033,81.6697006225586,6201.18,6357.17,6010.89,6308.17,0.012763559475778896,346.27999999999975,Crude oil,CL=F,₹/barrel,Energy
2022-11-29,78.19999694824219,79.6500015258789,76.29000091552734,76.54000091552734,381869,81.65029907226562,6249.51,6503.45,6229.1,6385.05,0.012187369712610696,274.34999999999945,Crude oil,CL=F,₹/barrel,Energy
2022-11-30,80.55000305175781,81.37999725341797,78.4000015258789,79.0,287534,81.63089752197266,6448.84,6643.12,6399.86,6575.37,0.029807127587097915,243.26000000000022,Crude oil,CL=F,₹/barrel,Energy
2022-12-01,81.22000122070312,83.33999633789062,79.93000030517578,80.4000015258789,321432,81.3052978515625,6536.95,6775.98,6498.73,6603.62,0.004296336175758864,277.25,Crude oil,CL=F,₹/barrel,Energy
2022-12-02,79.9800033569336,82.22000122070312,79.6500015258789,81.47000122070312,280235,81.16220092773438,6612.28,6673.16,6464.57,6491.35,-0.017001281115509248,208.59000000000015,Crude oil,CL=F,₹/barrel,Energy
2022-12-05,76.93000030517578,82.72000122070312,76.7699966430664,79.98999786376953,346657,81.42250061035156,6512.99,6735.27,6250.81,6263.83,-0.035049720012016006,484.46000000000004,Crude oil,CL=F,₹/barrel,Energy
2022-12-06,74.25,77.87999725341797,73.41000366210938,77.3499984741211,380598,81.89900207519531,6334.89,6378.29,6012.21,6081.0,-0.029188212323770002,366.0799999999999,Crude oil,CL=F,₹/barrel,Energy
2022-12-07,72.01000213623047,75.37999725341797,71.75,74.55000305175781,392236,82.37220001220703,6140.85,6209.22,5910.21,5931.62,-0.024565038644959736,299.0100000000002,Crude oil,CL=F,₹/barrel,Energy
2022-12-08,71.45999908447266,75.44000244140625,71.12000274658203,72.37999725341797,474459,82.25350189208984,5953.51,6205.2,5849.87,5877.84,-0.009066663070122494,355.3299999999999,Crude oil,CL=F,₹/barrel,Energy
2022-12-09,71.0199966430664,72.91999816894531,70.08000183105469,71.8499984741211,356722,82.2791976928711,5911.76,5999.8,5766.13,5843.47,-0.0058473861146270956,233.67000000000007,Crude oil,CL=F,₹/barrel,Energy
2022-12-12,73.16999816894531,73.98999786376953,70.25,71.79000091552734,323553,82.41300201416016,5916.43,6097.74,5789.51,6030.16,0.03194848266526562,308.22999999999956,Crude oil,CL=F,₹/barrel,Energy
2022-12-13,75.38999938964844,76.37000274658203,73.20999908447266,73.29000091552734,352858,82.64469909667969,6057.03,6311.58,6050.42,6230.58,0.03323626570439253,261.15999999999985,Crude oil,CL=F,₹/barrel,Energy
2022-12-14,77.27999877929688,77.75,74.9000015258789,75.2699966430664,292488,82.40249633789062,6202.44,6406.79,6171.95,6368.06,0.02206536149122562,234.84000000000015,Crude oil,CL=F,₹/barrel,Energy
2022-12-15,76.11000061035156,77.7699966430664,75.33000183105469,77.37000274658203,224663,82.50800323486328,6383.64,6416.65,6215.33,6279.68,-0.013878638078158811,201.3199999999997,Crude oil,CL=F,₹/barrel,Energy
2022-12-16,74.29000091552734,76.56999969482422,73.33000183105469,76.37000274658203,99205,82.85790252685547,6327.86,6344.43,6075.97,6155.51,-0.01977330055034654,268.46000000000004,Crude oil,CL=F,₹/barrel,Energy
2022-12-19,75.19000244140625,76.41000366210938,73.80999755859375,74.5,69348,82.72599792480469,6163.09,6321.09,6106.01,6220.17,0.01050440987018142,215.07999999999993,Crude oil,CL=F,₹/barrel,Energy
2022-12-20,76.08999633789062,76.75,74.30999755859375,75.69999694824219,254792,82.58190155029297,6251.45,6338.16,6136.66,6283.66,0.010207116525754012,201.5,Crude oil,CL=F,₹/barrel,Energy
2022-12-21,78.29000091552734,78.61000061035156,75.80000305175781,75.98999786376953,234624,82.63690185546875,6279.58,6496.09,6263.88,6469.64,0.029597400241260674,232.21000000000004,Crude oil,CL=F,₹/barrel,Energy
2022-12-22,77.48999786376953,79.9000015258789,77.02999877929688,78.43000030517578,219142,82.87860107421875,6500.17,6622.0,6384.14,6422.26,-0.007323436852746057,237.85999999999967,Crude oil,CL=F,₹/barrel,Energy
2022-12-23,79.55999755859375,80.33000183105469,77.9800033569336,78.18000030517578,237711,82.8749008178711,6479.16,6657.34,6462.59,6593.53,0.026668182228685833,194.75,Crude oil,CL=F,₹/barrel,Energy
2022-12-27,79.52999877929688,81.18000030517578,79.16000366210938,79.9000015258789,199601,82.90290069580078,6623.94,6730.06,6562.59,6593.27,-3.943259528649268e-05,167.47000000000025,Crude oil,CL=F,₹/barrel,Energy
2022-12-28,78.95999908447266,79.91999816894531,77.30000305175781,79.88999938964844,207717,82.7761001586914,6612.98,6615.47,6398.59,6536.0,-0.008686129947658827,216.8800000000001,Crude oil,CL=F,₹/barrel,Energy
2022-12-29,78.4000015258789,78.81999969482422,76.79000091552734,78.81999969482422,199858,82.85199737548828,6530.39,6530.39,6362.2,6495.6,-0.006181150550795489,168.1900000000005,Crude oil,CL=F,₹/barrel,Energy
2022-12-30,80.26000213623047,80.66999816894531,77.70999908447266,78.7300033569336,205909,82.83509826660156,6521.61,6682.31,6437.12,6648.35,0.02351591846788592,245.1900000000005,Crude oil,CL=F,₹/barrel,Energy
2023-01-03,76.93000030517578,81.5,76.5999984741211,80.56999969482422,338520,82.70600128173828,6663.62,6740.54,6335.28,6362.57,-0.04298510156655422,405.2600000000002,Crude oil,CL=F,₹/barrel,Energy
2023-01-04,72.83999633789062,77.41999816894531,72.7300033569336,77.25,352434,82.78569793701172,6395.2,6409.27,6021.0,6030.11,-0.05225247030681002,388.27000000000044,Crude oil,CL=F,₹/barrel,Energy
2023-01-05,73.66999816894531,74.91999816894531,72.45999908447266,73.25,300731,82.66649627685547,6055.32,6193.37,5990.01,6090.04,0.009938458834084285,203.35999999999967,Crude oil,CL=F,₹/barrel,Energy
2023-01-06,73.7699966430664,75.47000122070312,73.23999786376953,73.97000122070312,258128,82.64520263671875,6113.27,6237.23,6052.93,6096.74,0.0011001569776225573,184.29999999999927,Crude oil,CL=F,₹/barrel,Energy
2023-01-09,74.62999725341797,76.73999786376953,73.47000122070312,73.47000122070312,329290,82.27339935302734,6044.63,6313.66,6044.63,6140.06,0.00710543667599417,269.02999999999975,Crude oil,CL=F,₹/barrel,Energy
2023-01-10,75.12000274658203,75.91999816894531,73.83999633789062,74.86000061035156,307430,82.18009948730469,6152.0,6239.11,6068.18,6173.37,0.005425028419917544,170.92999999999938,Crude oil,CL=F,₹/barrel,Energy
2023-01-11,77.41000366210938,77.83999633789062,74.30999755859375,74.77999877929688,350891,81.63739776611328,6104.84,6354.65,6066.47,6319.55,0.023679125015996227,288.1799999999994,Crude oil,CL=F,₹/barrel,Energy
2023-01-12,78.38999938964844,79.16000366210938,77.0999984741211,77.69999694824219,307705,81.63179779052734,6342.79,6461.97,6293.81,6399.12,0.012591086390644879,168.15999999999985,Crude oil,CL=F,₹/barrel,Energy
2023-01-13,79.86000061035156,80.11000061035156,77.97000122070312,78.31999969482422,283539,81.1156005859375,6352.97,6498.17,6324.58,6477.89,0.012309505056945502,173.59000000000015,Crude oil,CL=F,₹/barrel,Energy
2023-01-17,80.18000030517578,81.2300033569336,78.52999877929688,80.0999984741211,312275,81.65260314941406,6540.37,6632.64,6412.18,6546.91,0.010654703923653974,220.46000000000004,Crude oil,CL=F,₹/barrel,Energy
2023-01-18,79.4800033569336,82.37999725341797,78.94000244140625,80.97000122070312,92549,81.52549743652344,6601.12,6716.07,6435.62,6479.65,-0.010273548895585849,280.4499999999998,Crude oil,CL=F,₹/barrel,Energy
2023-01-19,80.33000183105469,81.18000030517578,78.12999725341797,79.13999938964844,58863,81.43599700927734,6444.84,6610.97,6362.59,6541.75,0.009583850979605346,248.3800000000001,Crude oil,CL=F,₹/barrel,Energy
2023-01-20,81.30999755859375,81.63999938964844,79.69000244140625,80.5999984741211,300145,81.23979949951172,6547.93,6632.42,6474.0,6605.61,0.009761913860969917,158.42000000000007,Crude oil,CL=F,₹/barrel,Energy
2023-01-23,81.62000274658203,82.63999938964844,81.05000305175781,81.79000091552734,297076,80.97599792480469,6623.03,6691.86,6563.1,6609.26,0.0005525606264977778,128.7599999999993,Crude oil,CL=F,₹/barrel,Energy
2023-01-24,80.12999725341797,82.22000122070312,79.66000366210938,81.62000274658203,288207,81.48799896240234,6651.05,6699.94,6491.33,6529.63,-0.012048247458868344,208.60999999999967,Crude oil,CL=F,₹/barrel,Energy
2023-01-25,80.1500015258789,81.2300033569336,79.44999694824219,80.26000213623047,297234,81.60189819335938,6549.37,6628.52,6483.27,6540.39,0.001647872850375931,145.25,Crude oil,CL=F,₹/barrel,Energy
2023-01-26,81.01000213623047,82.13999938964844,79.91999816894531,80.4800033569336,291060,81.50270080566406,6559.34,6694.63,6513.7,6602.53,0.009500962480830655,180.9300000000003,Crude oil,CL=F,₹/barrel,Energy
2023-01-27,79.68000030517578,82.4800033569336,79.04000091552734,81.22000122070312,367588,81.44509887695312,6614.97,6717.59,6437.42,6489.55,-0.017111622362942613,280.1700000000001,Crude oil,CL=F,₹/barrel,Energy
2023-01-30,77.9000015258789,80.48999786376953,77.66000366210938,80.04000091552734,327426,81.50800323486328,6523.9,6560.58,6329.91,6349.47,-0.021585472028106678,230.67000000000007,Crude oil,CL=F,₹/barrel,Energy
2023-01-31,78.87000274658203,79.25,76.55000305175781,77.91000366210938,312734,81.57990264892578,6355.89,6465.21,6244.94,6434.21,0.013345995807524158,220.27000000000044,Crude oil,CL=F,₹/barrel,Energy
2023-02-01,76.41000366210938,79.7300033569336,76.05000305175781,79.05999755859375,360859,81.76840209960938,6464.61,6519.39,6218.49,6247.92,-0.028953049403112385,300.90000000000055,Crude oil,CL=F,₹/barrel,Energy
2023-02-02,75.87999725341797,77.23999786376953,74.97000122070312,76.79000091552734,339755,81.71029663085938,6274.53,6311.3,6125.82,6200.18,-0.007640942905798975,185.48000000000047,Crude oil,CL=F,₹/barrel,Energy
2023-02-03,73.38999938964844,78.0,73.0999984741211,75.91999816894531,413414,82.0458984375,6228.92,6399.58,5997.56,6021.35,-0.028842711018067235,402.0199999999995,Crude oil,CL=F,₹/barrel,Energy
2023-02-06,74.11000061035156,74.51000213623047,72.25,73.2300033569336,380028,82.22599792480469,6021.41,6126.66,5940.83,6093.77,0.012027203201939729,185.82999999999993,Crude oil,CL=F,₹/barrel,Energy
2023-02-07,77.13999938964844,77.5999984741211,74.3499984741211,74.56999969482422,408279,82.75499725341797,6171.04,6421.79,6152.83,6383.72,0.047581382297001706,268.96000000000004,Crude oil,CL=F,₹/barrel,Energy
2023-02-08,78.47000122070312,78.56999969482422,77.08000183105469,77.48999786376953,353468,82.74189758300781,6411.67,6501.03,6377.75,6492.76,0.017080949665712053,123.27999999999975,Crude oil,CL=F,₹/barrel,Energy
2023-02-09,78.05999755859375,78.83999633789062,76.5199966430664,78.44999694824219,324156,82.65950012207031,6484.64,6516.87,6325.1,6452.4,-0.006216154609133939,191.76999999999953,Crude oil,CL=F,₹/barrel,Energy
2023-02-10,79.72000122070312,80.33000183105469,77.47000122070312,77.68000030517578,356062,82.533203125,6411.18,6629.89,6393.85,6579.55,0.0197058458868018,236.03999999999996,Crude oil,CL=F,₹/barrel,Energy
2023-02-13,80.13999938964844,80.62000274658203,78.44999694824219,79.94000244140625,301299,82.51300048828125,6596.09,6652.2,6473.14,6612.59,0.0050216200196062655,179.0599999999995,Crude oil,CL=F,₹/barrel,Energy
2023-02-14,79.05999755859375,79.61000061035156,77.45999908447266,79.05999755859375,299938,82.59739685058594,6530.15,6575.58,6397.99,6530.15,-0.012467127101483788,177.59000000000015,Crude oil,CL=F,₹/barrel,Energy
2023-02-15,78.58999633789062,79.1500015258789,77.25,78.83000183105469,264486,82.86759948730469,6532.45,6558.97,6401.52,6512.56,-0.002693659410580085,157.44999999999982,Crude oil,CL=F,₹/barrel,Energy
2023-02-16,78.48999786376953,79.54000091552734,77.91999816894531,78.54000091552734,117600,82.73770141601562,6498.22,6580.96,6446.92,6494.08,-0.002837593818713402,134.03999999999996,Crude oil,CL=F,₹/barrel,Energy
2023-02-17,76.33999633789062,78.25,75.05999755859375,78.06999969482422,93267,82.69529724121094,6456.02,6470.91,6207.11,6312.96,-0.02789001675372027,263.8000000000002,Crude oil,CL=F,₹/barrel,Energy
2023-02-21,76.16000366210938,77.51000213623047,75.69000244140625,76.52999877929688,402351,82.69750213623047,6328.84,6409.88,6259.37,6298.24,-0.0023317112733171053,150.51000000000022,Crude oil,CL=F,₹/barrel,Energy
2023-02-22,73.94999694824219,76.55000305175781,73.80000305175781,76.11000061035156,332018,82.86119842529297,6306.57,6343.02,6115.16,6127.59,-0.02709487094807428,227.86000000000058,Crude oil,CL=F,₹/barrel,Energy
2023-02-23,75.38999938964844,75.98999786376953,73.83000183105469,73.91999816894531,333838,82.83529663085938,6123.18,6294.65,6115.73,6244.95,0.019152717463146063,178.92000000000007,Crude oil,CL=F,₹/barrel,Energy
2023-02-24,76.31999969482422,76.62999725341797,74.08999633789062,75.5999984741211,329254,82.6178970336914,6245.91,6331.01,6121.16,6305.4,0.00967982129560685,209.85000000000036,Crude oil,CL=F,₹/barrel,Energy
2023-02-27,75.68000030517578,76.81999969482422,74.98999786376953,76.41999816894531,266091,82.91799926757812,6336.59,6369.76,6218.02,6275.23,-0.004784787642338362,151.73999999999978,Crude oil,CL=F,₹/barrel,Energy
2023-02-28,77.05000305175781,77.83000183105469,75.55000305175781,75.76000213623047,300093,82.6520004272461,6261.72,6432.81,6244.36,6368.34,0.014837703159884308,188.45000000000073,Crude oil,CL=F,₹/barrel,Energy
2023-03-01,77.69000244140625,77.8499984741211,76.12000274658203,76.8499984741211,342121,82.6353988647461,6350.53,6433.17,6290.21,6419.94,0.008102582462619745,142.96000000000004,Crude oil,CL=F,₹/barrel,Energy
2023-03-02,78.16000366210938,78.58999633789062,77.2300033569336,77.73999786376953,260331,82.4198989868164,6407.32,6477.38,6365.29,6441.94,0.0034268233036445217,112.09000000000015,Crude oil,CL=F,₹/barrel,Energy
2023-03-03,79.68000030517578,79.9000015258789,75.83000183105469,77.88999938964844,374201,82.35569763183594,6414.69,6580.22,6245.03,6562.1,0.018652766092202233,335.1900000000005,Crude oil,CL=F,₹/barrel,Energy
2023-03-06,80.45999908447266,80.62999725341797,78.31999969482422,79.91999816894531,292351,81.7125015258789,6530.46,6588.48,6399.72,6574.59,0.0019033541092028372,188.7599999999993,Crude oil,CL=F,₹/barrel,Energy
2023-03-07,77.58000183105469,80.94000244140625,77.05999755859375,80.5,398241,81.85440063476562,6589.28,6625.3,6307.7,6350.26,-0.03412075886100885,317.60000000000036,Crude oil,CL=F,₹/barrel,Energy
2023-03-08,76.66000366210938,77.7300033569336,76.11000061035156,77.31999969482422,335930,82.07460021972656,6346.01,6379.66,6246.7,6291.84,-0.009199623322509676,132.96000000000004,Crude oil,CL=F,₹/barrel,Energy
2023-03-09,75.72000122070312,78.05999755859375,75.43000030517578,76.5,349960,81.9645004272461,6270.28,6398.15,6182.58,6206.35,-0.01358744024005698,215.5699999999997,Crude oil,CL=F,₹/barrel,Energy
2023-03-10,76.68000030517578,77.11000061035156,74.7699966430664,75.6500015258789,371834,82.01840209960938,6204.69,6324.44,6132.52,6289.17,0.013344397270537378,191.91999999999916,Crude oil,CL=F,₹/barrel,Energy
2023-03-13,74.80000305175781,77.47000122070312,72.30000305175781,76.5999984741211,457423,81.95800018310547,6277.98,6349.29,5925.56,6130.46,-0.02523544442271397,423.72999999999956,Crude oil,CL=F,₹/barrel,Energy
2023-03-14,71.33000183105469,74.9000015258789,70.77999877929688,74.69999694824219,432858,82.41739654541016,6156.58,6173.06,5833.5,5878.83,-0.04104585952767004,339.5600000000004,Crude oil,CL=F,₹/barrel,Energy
2023-03-15,67.61000061035156,72.55999755859375,65.6500015258789,71.55999755859375,555164,82.30490112304688,5889.74,5972.04,5403.32,5564.63,-0.05344600881467909,568.7200000000003,Crude oil,CL=F,₹/barrel,Energy
2023-03-16,68.3499984741211,69.37999725341797,65.70999908447266,68.22000122070312,327120,82.7156982421875,5642.87,5738.81,5435.25,5653.62,0.01599207853891449,303.5600000000004,Crude oil,CL=F,₹/barrel,Energy
2023-03-17,66.73999786376953,69.63999938964844,65.16999816894531,68.26000213623047,152255,82.622802734375,5639.83,5753.85,5384.53,5514.25,-0.024651462248966083,369.3200000000006,Crude oil,CL=F,₹/barrel,Energy
2023-03-20,67.63999938964844,67.69999694824219,64.12000274658203,66.62000274658203,76873,82.53299713134766,5498.35,5587.48,5292.02,5582.53,0.012382463616992245,295.4599999999991,Crude oil,CL=F,₹/barrel,Energy
2023-03-21,69.33000183105469,69.5999984741211,66.7699966430664,67.62000274658203,409495,82.52909851074219,5580.62,5744.03,5510.47,5721.74,0.02493672223884147,233.5599999999995,Crude oil,CL=F,₹/barrel,Energy
2023-03-22,70.9000015258789,71.30999755859375,68.88999938964844,69.4800033569336,337639,82.677001953125,5744.4,5895.7,5695.62,5861.8,0.024478567708424492,200.07999999999993,Crude oil,CL=F,₹/barrel,Energy
2023-03-23,69.95999908447266,71.66999816894531,69.13999938964844,69.94999694824219,335241,82.52580261230469,5772.68,5914.62,5705.83,5773.51,-0.015061926370739331,208.78999999999996,Crude oil,CL=F,₹/barrel,Energy
2023-03-24,69.26000213623047,70.37999725341797,66.81999969482422,69.51000213623047,380852,82.26529693603516,5718.26,5789.83,5496.97,5697.69,-0.013132392599995657,292.8599999999997,Crude oil,CL=F,₹/barrel,Energy
2023-03-27,72.80999755859375,73.0999984741211,69.12999725341797,69.41999816894531,353598,82.33879852294922,5715.96,6018.97,5692.08,5995.09,0.052196591952177185,326.8900000000003,Crude oil,CL=F,₹/barrel,Energy
2023-03-28,73.19999694824219,73.93000030517578,72.19000244140625,72.86000061035156,328472,82.21489715576172,5990.18,6078.15,5935.09,6018.13,0.003843144973636692,143.0599999999995,Crude oil,CL=F,₹/barrel,Energy
2023-03-29,72.97000122070312,74.37000274658203,72.76000213623047,73.61000061035156,312669,82.16429901123047,6048.11,6110.56,5978.27,5995.53,-0.0037553193433841336,132.28999999999996,Crude oil,CL=F,₹/barrel,Energy
2023-03-30,74.37000274658203,74.62999725341797,72.61000061035156,72.9800033569336,269743,82.25540161132812,6003.0,6138.72,5972.56,6117.33,0.020315134775407806,166.15999999999985,Crude oil,CL=F,₹/barrel,Energy
2023-03-31,75.66999816894531,75.72000122070312,73.7699966430664,74.37000274658203,304361,82.10050201416016,6105.81,6216.65,6056.55,6212.54,0.015563979710102371,160.09999999999945,Crude oil,CL=F,₹/barrel,Energy
2023-04-03,80.41999816894531,81.69000244140625,79.0,80.0999984741211,547126,82.18479919433594,6583.0,6713.68,6492.6,6609.3,0.06386437753318286,221.07999999999993,Crude oil,CL=F,₹/barrel,Energy
2023-04-04,80.70999908447266,81.80999755859375,79.61000061035156,80.44000244140625,343570,82.14089965820312,6607.41,6719.95,6539.24,6629.59,0.0030699166326237926,180.71000000000004,Crude oil,CL=F,₹/barrel,Energy
2023-04-05,80.61000061035156,81.23999786376953,79.72000122070312,81.01000213623047,254974,82.11479949951172,6652.12,6671.01,6546.19,6619.27,-0.0015566573498511094,124.82000000000062,Crude oil,CL=F,₹/barrel,Energy
2023-04-06,80.69999694824219,80.95999908447266,79.6500015258789,80.37000274658203,0,81.94999694824219,6586.32,6634.67,6527.32,6613.36,-0.0008928477007283941,107.35000000000036,Crude oil,CL=F,₹/barrel,Energy
2023-04-10,79.73999786376953,81.22000122070312,79.61000061035156,80.5,264906,81.88480377197266,6591.73,6650.68,6518.85,6529.49,-0.012681904508449526,131.82999999999993,Crude oil,CL=F,₹/barrel,Energy
2023-04-11,81.52999877929688,81.58999633789062,79.37000274658203,79.87999725341797,309683,81.98390197753906,6548.87,6689.07,6507.06,6684.15,0.023686382856854094,182.0099999999993,Crude oil,CL=F,₹/barrel,Energy
2023-04-12,83.26000213623047,83.52999877929688,81.27999877929688,81.44000244140625,356133,82.07009887695312,6683.79,6855.32,6670.66,6833.16,0.022293036511747966,184.65999999999985,Crude oil,CL=F,₹/barrel,Energy
2023-04-13,82.16000366210938,83.44000244140625,82.11000061035156,83.22000122070312,261230,81.96060180664062,6820.76,6838.79,6729.79,6733.88,-0.014529149032072919,109.0,Crude oil,CL=F,₹/barrel,Energy
2023-04-14,82.5199966430664,83.12000274658203,81.76000213623047,82.4000015258789,275129,81.68070220947266,6730.49,6789.3,6678.21,6740.29,0.0009519029148128411,111.09000000000015,Crude oil,CL=F,₹/barrel,Energy
2023-04-17,80.83000183105469,82.70999908447266,80.47000122070312,82.4800033569336,217048,81.84480285644531,6750.56,6769.38,6586.05,6615.52,-0.0185110729657032,183.32999999999993,Crude oil,CL=F,₹/barrel,Energy
2023-04-18,80.86000061035156,81.4800033569336,79.87000274658203,81.0,96290,82.00370025634766,6642.3,6681.66,6549.64,6630.82,0.002312743367112402,132.01999999999953,Crude oil,CL=F,₹/barrel,Energy
2023-04-19,79.16000366210938,81.18000030517578,78.45999908447266,80.91999816894531,78310,82.10790252685547,6644.17,6665.52,6442.19,6499.66,-0.019780358990290736,223.33000000000084,Crude oil,CL=F,₹/barrel,Energy
2023-04-20,77.29000091552734,78.88999938964844,76.97000122070312,78.87000274658203,361413,82.34010314941406,6494.16,6495.81,6337.72,6364.07,-0.020861091195539472,158.09000000000015,Crude oil,CL=F,₹/barrel,Energy
2023-04-21,77.87000274658203,78.38999938964844,76.72000122070312,77.12999725341797,291114,82.14089965820312,6335.53,6439.03,6301.85,6396.31,0.005065940506625566,137.17999999999938,Crude oil,CL=F,₹/barrel,Energy
2023-04-24,78.76000213623047,79.18000030517578,76.72000122070312,77.97000122070312,306720,82.05480194091797,6397.81,6497.1,6295.24,6462.64,0.010370041477039127,201.86000000000058,Crude oil,CL=F,₹/barrel,Energy
2023-04-25,77.06999969482422,79.06999969482422,76.5,78.73999786376953,361646,81.85230255126953,6445.05,6472.06,6261.7,6308.36,-0.023872596957280723,210.36000000000058,Crude oil,CL=F,₹/barrel,Energy
2023-04-26,74.30000305175781,77.93000030517578,74.05000305175781,77.08000183105469,497778,81.9916000366211,6319.91,6389.61,6071.48,6091.98,-0.034300515506407336,318.1300000000001,Crude oil,CL=F,₹/barrel,Energy
2023-04-27,74.76000213623047,75.27999877929688,74.02999877929688,74.37999725341797,345880,81.76689910888672,6081.82,6155.41,6053.2,6112.89,0.0034323815902219668,102.21000000000004,Crude oil,CL=F,₹/barrel,Energy
2023-04-28,76.77999877929688,76.91999816894531,73.93000030517578,74.91000366210938,328399,81.76509857177734,6125.02,6289.37,6044.89,6277.92,0.026997050494937724,244.47999999999956,Crude oil,CL=F,₹/barrel,Energy
2023-05-01,75.66000366210938,76.69000244140625,74.52999877929688,76.66000366210938,215017,81.74479675292969,6266.56,6269.01,6092.44,6184.81,-0.014831345413767516,176.57000000000062,Crude oil,CL=F,₹/barrel,Energy
2023-05-02,71.66000366210938,76.11000061035156,71.41999816894531,75.76000213623047,417820,81.77469635009766,6195.25,6223.87,5840.35,5859.98,-0.052520610980773985,383.5199999999995,Crude oil,CL=F,₹/barrel,Energy
2023-05-03,68.5999984741211,71.79000091552734,67.94999694824219,71.55999755859375,490523,81.77870178222656,5852.08,5870.89,5556.86,5610.02,-0.0426554356840807,314.03000000000065,Crude oil,CL=F,₹/barrel,Energy
2023-05-04,68.55999755859375,69.83999633789062,63.63999938964844,68.16000366210938,412495,81.77999877929688,5574.13,5711.51,5204.48,5606.84,-0.0005668428989558105,507.03000000000065,Crude oil,CL=F,₹/barrel,Energy
2023-05-05,71.33999633789062,71.80999755859375,68.4800033569336,68.69999694824219,330585,81.71610260009766,5613.9,5868.03,5595.92,5829.63,0.03973539462513642,272.1099999999997,Crude oil,CL=F,₹/barrel,Energy
2023-05-08,73.16000366210938,73.69000244140625,71.04000091552734,71.3499984741211,290076,81.72979736328125,5831.42,6022.67,5806.08,5979.35,0.025682590490305524,216.59000000000015,Crude oil,CL=F,₹/barrel,Energy
2023-05-09,73.70999908447266,73.77999877929688,71.33999633789062,72.83999633789062,317493,81.78710174560547,5957.37,6034.25,5834.69,6028.53,0.008224974286502595,199.5600000000004,Crude oil,CL=F,₹/barrel,Energy
2023-05-10,72.55999755859375,73.88999938964844,71.80000305175781,73.58000183105469,351506,82.1050033569336,6041.29,6066.74,5895.14,5957.54,-0.011775673339935233,171.59999999999945,Crude oil,CL=F,₹/barrel,Energy
2023-05-11,70.87000274658203,73.5,70.62999725341797,72.7699966430664,365892,81.9198989868164,5961.31,6021.11,5786.0,5805.66,-0.02549374406214644,235.10999999999967,Crude oil,CL=F,₹/barrel,Energy
2023-05-12,70.04000091552734,71.77999877929688,69.93000030517578,71.41999816894531,275435,82.10030364990234,5863.6,5893.16,5741.27,5750.31,-0.009533799774702478,151.88999999999942,Crude oil,CL=F,₹/barrel,Energy
2023-05-15,71.11000061035156,71.69000244140625,69.41000366210938,70.04000091552734,259013,82.20030212402344,5757.31,5892.94,5705.52,5845.26,0.01651215325782429,187.41999999999916,Crude oil,CL=F,₹/barrel,Energy
2023-05-16,70.86000061035156,71.79000091552734,70.44999694824219,71.31999969482422,232328,82.2667007446289,5867.26,5905.93,5795.69,5829.42,-0.0027098880118250346,110.24000000000069,Crude oil,CL=F,₹/barrel,Energy
2023-05-17,72.83000183105469,73.26000213623047,70.04000091552734,70.5999984741211,273708,82.2959976196289,5810.1,6029.0,5764.01,5993.62,0.028167467775524813,264.9899999999998,Crude oil,CL=F,₹/barrel,Energy
2023-05-18,71.86000061035156,72.87000274658203,71.41999816894531,72.75,80864,82.45030212402344,5998.26,6008.15,5888.6,5924.88,-0.011468861889809445,119.54999999999927,Crude oil,CL=F,₹/barrel,Energy
2023-05-19,71.55000305175781,73.4000015258789,71.02999877929688,71.94000244140625,69949,82.72509765625,5951.24,6072.02,5875.96,5918.98,-0.0009958007588339868,196.0600000000004,Crude oil,CL=F,₹/barrel,Energy
2023-05-22,71.98999786376953,72.36000061035156,70.55000305175781,71.69999694824219,263977,82.90480041503906,5944.27,5998.99,5848.93,5968.32,0.008335895711761188,150.0599999999995,Crude oil,CL=F,₹/barrel,Energy
2023-05-23,72.91000366210938,73.79000091552734,71.70999908447266,72.0999984741211,317586,82.82499694824219,5971.68,6111.66,5939.38,6038.77,0.011803991743070119,172.27999999999975,Crude oil,CL=F,₹/barrel,Energy
2023-05-24,74.33999633789062,74.7300033569336,73.12999725341797,73.7699966430664,386611,82.8906021118164,6114.84,6194.41,6061.79,6162.09,0.020421377200986246,132.6199999999999,Crude oil,CL=F,₹/barrel,Energy
2023-05-25,71.83000183105469,74.37000274658203,70.9800033569336,74.20999908447266,422637,82.71369934082031,6138.18,6151.42,5871.02,5941.33,-0.03582550725484379,280.39999999999964,Crude oil,CL=F,₹/barrel,Energy
2023-05-26,72.66999816894531,73.05000305175781,71.48999786376953,71.88999938964844,261498,82.74210357666016,5948.33,6044.31,5915.23,6012.87,0.012041074978161426,129.08000000000084,Crude oil,CL=F,₹/barrel,Energy
2023-05-30,69.45999908447266,73.55000305175781,69.0199966430664,73.2300033569336,440862,82.57969665527344,6047.31,6073.74,5699.65,5735.99,-0.04604789393417785,374.09000000000015,Crude oil,CL=F,₹/barrel,Energy
2023-05-31,68.08999633789062,69.69000244140625,67.02999877929688,69.62000274658203,444787,82.68389892578125,5756.45,5762.24,5542.3,5629.95,-0.01848678257807279,219.9399999999996,Crude oil,CL=F,₹/barrel,Energy
2023-06-01,70.0999984741211,71.06999969482422,67.51000213623047,67.5999984741211,395393,82.66680145263672,5588.28,5875.13,5580.84,5794.94,0.029305766481052098,294.28999999999996,Crude oil,CL=F,₹/barrel,Energy
2023-06-02,71.73999786376953,72.16999816894531,70.0,70.20999908447266,322596,82.27670288085938,5776.65,5937.91,5759.37,5902.53,0.018566197406703067,178.53999999999996,Crude oil,CL=F,₹/barrel,Energy
2023-06-05,72.1500015258789,75.05999755859375,71.7300033569336,75.02999877929688,383943,82.40979766845703,6183.21,6185.68,5911.26,5945.87,0.007342614099377753,274.4200000000001,Crude oil,CL=F,₹/barrel,Energy
2023-06-06,71.73999786376953,72.33000183105469,70.12999725341797,71.98999786376953,314962,82.51119995117188,5939.98,5968.04,5786.51,5919.35,-0.004460238787595383,181.52999999999975,Crude oil,CL=F,₹/barrel,Energy
2023-06-07,72.52999877929688,73.19000244140625,71.01000213623047,71.55999755859375,299127,82.51719665527344,5904.93,6039.43,5859.55,5984.97,0.01108567663679283,179.8800000000001,Crude oil,CL=F,₹/barrel,Energy
2023-06-08,71.29000091552734,73.27999877929688,69.02999877929688,72.47000122070312,485396,82.61810302734375,5987.33,6054.25,5703.13,5889.84,-0.015894816515371057,351.1199999999999,Crude oil,CL=F,₹/barrel,Energy
2023-06-09,70.16999816894531,71.7699966430664,70.0999984741211,70.94000244140625,300724,82.48829650878906,5851.72,5920.18,5782.43,5788.2,-0.01725683549977597,137.75,Crude oil,CL=F,₹/barrel,Energy
2023-06-12,67.12000274658203,70.33000183105469,66.80000305175781,70.2699966430664,404769,82.4448013305664,5793.4,5798.34,5507.31,5533.7,-0.04396876403717909,291.02999999999975,Crude oil,CL=F,₹/barrel,Energy
2023-06-13,69.41999816894531,69.83000183105469,67.1500015258789,67.30999755859375,366354,82.33719635009766,5542.12,5749.61,5528.94,5715.85,0.03291649348537162,220.67000000000007,Crude oil,CL=F,₹/barrel,Energy
2023-06-14,68.2699966430664,70.48999786376953,68.06999969482422,69.3499984741211,304449,82.29039764404297,5706.84,5800.65,5601.51,5617.97,-0.017124312219529925,199.13999999999942,Crude oil,CL=F,₹/barrel,Energy
2023-06-15,70.62000274658203,70.95999908447266,67.97000122070312,68.69999694824219,115613,82.04499816894531,5636.49,5821.91,5576.6,5794.02,0.03133694199150239,245.3099999999995,Crude oil,CL=F,₹/barrel,Energy
2023-06-16,71.77999877929688,71.88999938964844,69.94999694824219,70.55000305175781,99185,81.9126968383789,5778.94,5888.7,5729.79,5879.69,0.01478593446346399,158.90999999999985,Crude oil,CL=F,₹/barrel,Energy
2023-06-20,70.5,72.08999633789062,69.6500015258789,71.44999694824219,430492,81.98139953613281,5857.57,5910.04,5710.0,5779.69,-0.017007699385511832,200.03999999999996,Crude oil,CL=F,₹/barrel,Energy
2023-06-21,72.52999877929688,72.72000122070312,70.80000305175781,70.9000015258789,264656,81.9917984008789,5813.22,5962.44,5805.02,5946.87,0.028925426796246878,157.41999999999916,Crude oil,CL=F,₹/barrel,Energy
2023-06-22,69.51000213623047,72.6500015258789,68.93000030517578,72.43000030517578,421348,81.94149780273438,5935.02,5953.05,5648.23,5695.75,-0.04222725568240093,304.8200000000006,Crude oil,CL=F,₹/barrel,Energy
2023-06-23,69.16000366210938,69.6500015258789,67.3499984741211,69.52999877929688,322475,81.91929626464844,5695.85,5705.68,5517.26,5665.54,-0.005303954703068103,188.42000000000007,Crude oil,CL=F,₹/barrel,Energy
2023-06-26,69.37000274658203,70.11000061035156,68.70999908447266,69.83999633789062,280116,81.98480224609375,5725.82,5747.95,5633.18,5687.29,0.003838998577364139,114.76999999999953,Crude oil,CL=F,₹/barrel,Energy
2023-06-27,67.69999694824219,70.1500015258789,67.5,69.48999786376953,384752,82.00650024414062,5698.63,5752.76,5535.44,5551.84,-0.023816263985131703,217.32000000000062,Crude oil,CL=F,₹/barrel,Energy
2023-06-28,69.55999755859375,69.7300033569336,67.05000305175781,68.01000213623047,368295,81.99839782714844,5576.71,5717.75,5497.99,5703.81,0.027372907000201785,219.76000000000022,Crude oil,CL=F,₹/barrel,Energy
2023-06-29,69.86000061035156,70.5999984741211,68.93000030517578,69.25,292865,82.02649688720703,5680.33,5791.07,5654.09,5730.37,0.004656536595714078,136.97999999999956,Crude oil,CL=F,₹/barrel,Energy
2023-06-30,70.63999938964844,71.04000091552734,69.52999877929688,69.81999969482422,299873,82.07540130615234,5730.5,5830.64,5706.7,5797.81,0.011768873563138271,123.94000000000051,Crude oil,CL=F,₹/barrel,Energy
2023-07-03,69.79000091552734,71.7699966430664,69.69000244140625,70.44999694824219,303479,82.09629821777344,5783.68,5892.05,5721.29,5729.5,-0.011782034940779451,170.76000000000022,Crude oil,CL=F,₹/barrel,Energy
2023-07-05,71.79000091552734,72.16999816894531,69.9000015258789,70.1500015258789,456809,82.0071029663086,5752.8,5918.45,5732.3,5887.29,0.02753992494982116,186.14999999999964,Crude oil,CL=F,₹/barrel,Energy
2023-07-06,71.80000305175781,72.33999633789062,70.22000122070312,71.80000305175781,395381,82.39409637451172,5915.9,5960.39,5785.71,5915.9,0.004859621319826202,174.6800000000003,Crude oil,CL=F,₹/barrel,Energy
2023-07-07,73.86000061035156,73.91999816894531,71.19000244140625,71.88999938964844,362632,82.76840209960938,5950.22,6118.24,5892.28,6113.27,0.03336263290454555,225.96000000000004,Crude oil,CL=F,₹/barrel,Energy
2023-07-10,72.98999786376953,74.1500015258789,72.66999816894531,73.86000061035156,301014,82.61530303955078,6101.97,6125.92,6003.65,6030.09,-0.013606465933943768,122.27000000000044,Crude oil,CL=F,₹/barrel,Energy
2023-07-11,74.83000183105469,74.95999908447266,72.9800033569336,73.19000244140625,326883,82.52529907226562,6040.03,6186.1,6022.7,6175.37,0.02409250939869878,163.40000000000055,Crude oil,CL=F,₹/barrel,Energy
2023-07-12,75.75,76.1500015258789,74.66999816894531,74.83000183105469,352887,82.39990234375,6165.98,6274.75,6152.8,6241.79,0.01075563083669473,121.94999999999982,Crude oil,CL=F,₹/barrel,Energy
2023-07-13,76.88999938964844,77.33000183105469,75.31999969482422,75.8499984741211,379728,82.00180053710938,6219.84,6341.2,6176.38,6305.12,0.010146127953679862,164.8199999999997,Crude oil,CL=F,₹/barrel,Energy
2023-07-14,75.41999816894531,77.30000305175781,75.11000061035156,77.16000366210938,299576,82.03079986572266,6329.5,6340.98,6161.33,6186.76,-0.018772045575659146,179.64999999999964,Crude oil,CL=F,₹/barrel,Energy
2023-07-17,74.1500015258789,76.08999633789062,73.83999633789062,75.0199966430664,244785,82.07679748535156,6157.4,6245.22,6060.55,6085.99,-0.016288008586077485,184.67000000000007,Crude oil,CL=F,₹/barrel,Energy
2023-07-18,75.75,75.95999908447266,73.87999725341797,74.18000030517578,125092,82.06159973144531,6087.33,6233.4,6062.71,6216.17,0.021390110729725187,170.6899999999996,Crude oil,CL=F,₹/barrel,Energy
2023-07-19,75.3499984741211,76.97000122070312,75.06999969482422,75.83999633789062,92920,82.07540130615234,6224.6,6317.34,6161.4,6184.38,-0.005114081500345091,155.9400000000005,Crude oil,CL=F,₹/barrel,Energy
2023-07-20,75.62999725341797,76.1500015258789,74.72000122070312,75.3499984741211,340962,82.06169891357422,6183.35,6249.0,6131.65,6206.33,0.003549264437178845,117.35000000000036,Crude oil,CL=F,₹/barrel,Energy
2023-07-21,77.06999969482422,77.29000091552734,75.69000244140625,75.69999694824219,308106,82.0823974609375,6213.64,6344.15,6212.82,6326.09,0.019296428001733812,131.32999999999993,Crude oil,CL=F,₹/barrel,Energy
2023-07-24,78.73999786376953,79.27999877929688,76.44000244140625,77.01000213623047,368285,81.99030303955078,6314.07,6500.19,6267.34,6455.92,0.02052294545287836,232.84999999999945,Crude oil,CL=F,₹/barrel,Energy
2023-07-25,79.62999725341797,79.9000015258789,78.29000091552734,78.8499984741211,349600,81.81420135498047,6451.05,6536.95,6405.23,6514.86,0.009129605075651526,131.72000000000025,Crude oil,CL=F,₹/barrel,Energy
2023-07-26,78.77999877929688,79.7699966430664,78.55000305175781,79.33999633789062,322031,81.95010375976562,6501.92,6537.16,6437.18,6456.03,-0.00903012497582445,99.97999999999956,Crude oil,CL=F,₹/barrel,Energy
2023-07-27,80.08999633789062,80.5999984741211,78.87000274658203,78.9000015258789,374358,81.97550201416016,6467.87,6607.23,6465.41,6565.42,0.01694384939351279,141.8199999999997,Crude oil,CL=F,₹/barrel,Energy
2023-07-28,80.58000183105469,80.70999908447266,79.06999969482422,79.83999633789062,299547,82.3749008178711,6576.81,6648.48,6513.38,6637.77,0.011019858592443477,135.09999999999945,Crude oil,CL=F,₹/barrel,Energy
2023-07-31,81.80000305175781,82.0,80.12999725341797,80.6500015258789,297270,82.25279998779297,6633.69,6744.73,6590.92,6728.28,0.013635603523472373,153.8099999999995,Crude oil,CL=F,₹/barrel,Energy
2023-08-01,81.37000274658203,82.22000122070312,80.58999633789062,81.7300033569336,307859,82.2332992553711,6720.93,6761.22,6627.18,6691.32,-0.005493231553978184,134.03999999999996,Crude oil,CL=F,₹/barrel,Energy
2023-08-02,79.48999786376953,82.43000030517578,79.05000305175781,82.05000305175781,414825,82.30729675292969,6753.31,6784.59,6506.39,6542.61,-0.02222431448503437,278.1999999999998,Crude oil,CL=F,₹/barrel,Energy
2023-08-03,81.55000305175781,81.86000061035156,78.69000244140625,79.7699966430664,402641,82.7332992553711,6599.64,6772.55,6510.28,6746.9,0.031224541887717505,262.27000000000044,Crude oil,CL=F,₹/barrel,Energy
2023-08-04,82.81999969482422,83.23999786376953,81.51000213623047,81.7300033569336,320873,82.7843017578125,6765.96,6890.97,6747.75,6856.2,0.01620003260756797,143.22000000000025,Crude oil,CL=F,₹/barrel,Energy
2023-08-07,81.94000244140625,83.30000305175781,81.5199966430664,82.81999969482422,293036,82.69529724121094,6848.82,6888.52,6741.32,6776.05,-0.011690149062162702,147.20000000000073,Crude oil,CL=F,₹/barrel,Energy
2023-08-08,82.91999816894531,83.08000183105469,79.9000015258789,82.52999877929688,424545,82.74829864501953,6829.22,6874.73,6611.59,6861.49,0.012609115930372283,263.1399999999994,Crude oil,CL=F,₹/barrel,Energy
2023-08-09,84.4000015258789,84.6500015258789,82.66999816894531,82.87999725341797,478140,82.84500122070312,6866.19,7012.83,6848.8,6992.12,0.019038138946497085,164.02999999999975,Crude oil,CL=F,₹/barrel,Energy
2023-08-10,82.81999969482422,84.88999938964844,82.58000183105469,84.25,362188,82.86630249023438,6981.49,7034.52,6843.1,6862.99,-0.01846793247255485,191.42000000000007,Crude oil,CL=F,₹/barrel,Energy
2023-08-11,83.19000244140625,83.80999755859375,82.2300033569336,82.83000183105469,331254,82.79989624023438,6858.32,6939.46,6808.64,6888.12,0.0036616693307145454,130.8199999999997,Crude oil,CL=F,₹/barrel,Energy
2023-08-14,82.51000213623047,83.19999694824219,81.76000213623047,83.08999633789062,277352,82.89730072021484,6887.94,6897.06,6777.68,6839.86,-0.0070062658606412365,119.38000000000011,Crude oil,CL=F,₹/barrel,Energy
2023-08-15,80.98999786376953,82.91000366210938,80.4000015258789,82.5199966430664,303207,83.2333984375,6868.42,6900.88,6691.97,6741.07,-0.014443278078791089,208.90999999999985,Crude oil,CL=F,₹/barrel,Energy
2023-08-16,79.37999725341797,81.43000030517578,79.05000305175781,81.2300033569336,325403,83.19419860839844,6757.87,6774.5,6576.5,6603.96,-0.020339500999099536,198.0,Crude oil,CL=F,₹/barrel,Energy
2023-08-17,80.38999938964844,81.08000183105469,78.94999694824219,79.25,235581,83.23699951171875,6596.53,6748.86,6571.56,6691.42,0.013243569010109146,177.29999999999927,Crude oil,CL=F,₹/barrel,Energy
2023-08-18,81.25,81.61000061035156,79.58999633789062,80.04000091552734,128090,83.09829711914062,6651.19,6781.65,6613.79,6751.74,0.009014529053623876,167.85999999999967,Crude oil,CL=F,₹/barrel,Energy
2023-08-21,80.72000122070312,82.47000122070312,80.61000061035156,81.43000030517578,115874,83.16729736328125,6772.31,6858.81,6704.12,6713.26,-0.005699271595173916,154.6900000000005,Crude oil,CL=F,₹/barrel,Energy
2023-08-22,80.3499984741211,80.98999786376953,80.0999984741211,80.80000305175781,287489,83.1135025024414,6715.57,6731.36,6657.39,6678.17,-0.0052269687156463185,73.96999999999935,Crude oil,CL=F,₹/barrel,Energy
2023-08-23,78.88999938964844,79.91000366210938,77.62000274658203,79.63999938964844,378146,83.07330322265625,6615.96,6638.39,6448.15,6553.65,-0.01864582662615666,190.2400000000007,Crude oil,CL=F,₹/barrel,Energy
2023-08-24,79.05000305175781,79.27999877929688,77.58999633789062,78.56999969482422,349230,82.5447006225586,6485.54,6544.14,6404.64,6525.16,-0.004347195837434037,139.5,Crude oil,CL=F,₹/barrel,Energy
2023-08-25,79.83000183105469,80.44999694824219,78.13999938964844,78.87999725341797,411409,82.64140319824219,6518.75,6648.5,6457.6,6597.26,0.011049537482605842,190.89999999999964,Crude oil,CL=F,₹/barrel,Energy
2023-08-28,80.0999984741211,80.87000274658203,79.61000061035156,80.1500015258789,246584,82.66429901123047,6625.54,6685.06,6580.9,6621.41,0.003660610617134852,104.16000000000076,Crude oil,CL=F,₹/barrel,Energy
2023-08-29,81.16000366210938,81.41000366210938,79.33999633789062,79.9800033569336,284168,82.69149780273438,6613.67,6731.92,6560.74,6711.24,0.013566596842666367,171.1800000000003,Crude oil,CL=F,₹/barrel,Energy
2023-08-30,81.62999725341797,82.05000305175781,80.87999725341797,81.29000091552734,299418,82.49469757080078,6705.99,6768.69,6672.17,6734.04,0.003397285747492207,96.51999999999953,Crude oil,CL=F,₹/barrel,Energy
2023-08-31,83.62999725341797,83.69000244140625,81.4800033569336,81.69999694824219,368848,82.70040130615234,6756.62,6921.2,6738.43,6916.23,0.027055081347898025,182.76999999999953,Crude oil,CL=F,₹/barrel,Energy
2023-09-01,85.55000305175781,86.05999755859375,83.45999908447266,83.62999725341797,420461,82.68240356445312,6914.73,7115.65,6900.67,7073.48,0.022736375163926015,214.97999999999956,Crude oil,CL=F,₹/barrel,Energy
2023-09-05,86.69000244140625,88.06999969482422,85.0199966430664,86.05999755859375,452908,82.7345962524414,7120.14,7286.44,7034.1,7172.26,0.013964837675373376,252.33999999999924,Crude oil,CL=F,₹/barrel,Energy
2023-09-06,87.54000091552734,88.08000183105469,85.93000030517578,86.72000122070312,307115,83.08609771728516,7205.23,7318.22,7139.59,7273.36,0.014095975327163224,178.6300000000001,Crude oil,CL=F,₹/barrel,Energy
2023-09-07,86.87000274658203,87.73999786376953,86.38999938964844,87.54000091552734,270736,83.25740051269531,7288.35,7305.0,7192.61,7232.57,-0.005608137092072973,112.39000000000033,Crude oil,CL=F,₹/barrel,Energy
2023-09-08,87.51000213623047,87.94999694824219,86.1500015258789,86.77999877929688,294437,83.24150085449219,7223.7,7321.09,7171.26,7284.46,0.007174489842476595,149.82999999999993,Crude oil,CL=F,₹/barrel,Energy
2023-09-11,87.29000091552734,88.1500015258789,86.70999908447266,87.4000015258789,292388,83.03130340576172,7256.94,7319.21,7199.64,7247.8,-0.005032631107865226,119.56999999999971,Crude oil,CL=F,₹/barrel,Energy
2023-09-12,88.83999633789062,89.37000274658203,87.22000122070312,87.2699966430664,341137,82.94329833984375,7238.46,7412.64,7234.31,7368.68,0.01667816440851011,178.32999999999993,Crude oil,CL=F,₹/barrel,Energy
2023-09-13,88.5199966430664,89.63999938964844,88.29000091552734,88.75,345972,82.84300231933594,7352.32,7426.05,7314.21,7333.26,-0.004806831074222306,111.84000000000015,Crude oil,CL=F,₹/barrel,Energy
2023-09-14,90.16000366210938,90.79000091552734,88.68000030517578,88.80999755859375,325270,82.93679809570312,7365.62,7529.83,7354.84,7477.58,0.019680196801967975,174.98999999999978,Crude oil,CL=F,₹/barrel,Energy
2023-09-15,90.7699966430664,91.2300033569336,89.22000122070312,90.66999816894531,315003,83.0282974243164,7528.18,7574.67,7407.78,7536.48,0.007876879953139904,166.89000000000033,Crude oil,CL=F,₹/barrel,Energy
2023-09-18,91.4800033569336,92.43000030517578,90.75,91.19999694824219,119258,83.08580017089844,7577.42,7679.62,7540.04,7600.69,0.008519892575844512,139.57999999999993,Crude oil,CL=F,₹/barrel,Energy
2023-09-19,91.19999694824219,93.73999786376953,91.06999969482422,92.22000122070312,94597,83.25489807128906,7677.77,7804.31,7582.02,7592.85,-0.0010314852993609236,222.28999999999996,Crude oil,CL=F,₹/barrel,Energy
2023-09-20,90.27999877929688,91.9800033569336,89.87000274658203,91.55000305175781,457854,83.19499969482422,7616.5,7652.28,7476.73,7510.84,-0.010800950894591654,175.55000000000018,Crude oil,CL=F,₹/barrel,Energy
2023-09-21,89.62999725341797,90.9800033569336,88.37000274658203,89.30000305175781,351032,83.08699798583984,7419.67,7559.26,7342.4,7447.09,-0.008487732397441605,216.86000000000058,Crude oil,CL=F,₹/barrel,Energy
2023-09-22,90.02999877929688,91.33000183105469,89.30999755859375,89.62000274658203,402087,82.89129638671875,7428.72,7570.46,7403.02,7462.7,0.0020961207666350123,167.4399999999996,Crude oil,CL=F,₹/barrel,Energy
2023-09-25,89.68000030517578,90.83000183105469,89.02999877929688,90.55000305175781,328369,82.97480010986328,7513.37,7536.6,7387.25,7441.18,-0.0028836748093852282,149.35000000000036,Crude oil,CL=F,₹/barrel,Energy
2023-09-26,90.38999938964844,90.73999786376953,88.19000244140625,89.87999725341797,318016,83.0282974243164,7462.58,7533.99,7322.27,7504.93,0.008567189612400217,211.71999999999935,Crude oil,CL=F,₹/barrel,Energy
2023-09-27,93.68000030517578,94.16999816894531,90.4000015258789,90.52999877929688,504630,83.29869842529297,7541.03,7844.24,7530.2,7803.42,0.039772522861639015,314.03999999999996,Crude oil,CL=F,₹/barrel,Energy
2023-09-28,91.70999908447266,95.02999877929688,91.38999938964844,93.77999877929688,406709,83.22270202636719,7804.62,7908.65,7605.72,7632.35,-0.021922439135660943,302.9299999999994,Crude oil,CL=F,₹/barrel,Energy
2023-09-29,90.79000091552734,93.0999984741211,90.3499984741211,91.76000213623047,355782,83.19300079345703,7633.79,7745.27,7516.49,7553.09,-0.010384743886221126,228.78000000000065,Crude oil,CL=F,₹/barrel,Energy
2023-10-02,88.81999969482422,91.87999725341797,88.45999908447266,90.81999969482422,334493,83.03479766845703,7541.22,7629.24,7345.26,7375.15,-0.0235585700686739,283.97999999999956,Crude oil,CL=F,₹/barrel,Energy
2023-10-03,89.2300033569336,90.2699966430664,87.76000213623047,88.66999816894531,350659,83.3593978881836,7391.48,7524.85,7315.62,7438.16,0.00854355504633797,209.23000000000047,Crude oil,CL=F,₹/barrel,Energy
2023-10-04,84.22000122070312,89.58999633789062,84.16000366210938,89.41999816894531,459995,83.22979736328125,7442.41,7456.56,7004.62,7009.61,-0.057615055336265986,451.9400000000005,Crude oil,CL=F,₹/barrel,Energy
2023-10-05,82.30999755859375,84.91999816894531,82.1500015258789,84.44999694824219,465997,83.44979858398438,7047.34,7086.56,6855.4,6868.75,-0.020095269208985855,231.16000000000076,Crude oil,CL=F,₹/barrel,Energy
2023-10-06,82.79000091552734,83.27999877929688,81.5,82.27999877929688,461139,83.22489929199219,6847.74,6930.97,6782.83,6890.19,0.003121383075523232,148.14000000000033,Crude oil,CL=F,₹/barrel,Energy
2023-10-09,86.37999725341797,87.23999786376953,84.66999816894531,85.25,435037,83.12460327148438,7086.37,7251.79,7038.16,7180.3,0.04210478956313257,213.6300000000001,Crude oil,CL=F,₹/barrel,Energy
2023-10-10,85.97000122070312,86.73999786376953,85.12000274658203,86.43000030517578,337654,83.27030181884766,7197.05,7222.87,7087.97,7158.75,-0.003001267356517179,134.89999999999964,Crude oil,CL=F,₹/barrel,Energy
2023-10-11,83.48999786376953,86.51000213623047,83.11000061035156,85.95999908447266,425395,83.25029754638672,7156.2,7201.98,6918.93,6950.57,-0.029080495896630087,283.0499999999993,Crude oil,CL=F,₹/barrel,Energy
2023-10-12,82.91000366210938,85.19999694824219,82.30999755859375,83.19999694824219,373492,83.21800231933594,6923.74,7090.17,6849.67,6899.6,-0.007333211520781702,240.5,Crude oil,CL=F,₹/barrel,Energy
2023-10-13,87.69000244140625,87.83000183105469,83.3499984741211,83.51000213623047,356863,83.26239776611328,6953.24,7312.94,6939.92,7301.28,0.05821786770247539,373.0199999999995,Crude oil,CL=F,₹/barrel,Energy
2023-10-16,86.66000366210938,88.33000183105469,86.31999969482422,87.72000122070312,235780,83.28230285644531,7305.52,7356.33,7188.93,7217.24,-0.011510310520894906,167.39999999999964,Crude oil,CL=F,₹/barrel,Energy
2023-10-17,86.66000366210938,87.75,85.5999984741211,87.05999755859375,197124,83.19950103759766,7243.35,7300.76,7121.88,7210.07,-0.0009934545615775114,178.8800000000001,Crude oil,CL=F,₹/barrel,Energy
2023-10-18,88.31999969482422,89.87999725341797,87.19999694824219,87.80999755859375,92797,83.26429748535156,7311.44,7483.79,7260.65,7353.9,0.019948488710927803,223.14000000000033,Crude oil,CL=F,₹/barrel,Energy
2023-10-19,89.37000274658203,90.68000030517578,86.5999984741211,88.23999786376953,72058,83.26860046386719,7347.62,7550.8,7211.06,7441.72,0.011941962768055037,339.7399999999998,Crude oil,CL=F,₹/barrel,Energy
2023-10-20,88.75,90.77999877929688,88.33000183105469,90.27999877929688,311917,83.12229919433594,7504.28,7545.84,7342.19,7377.1,-0.008683476400617063,203.65000000000055,Crude oil,CL=F,₹/barrel,Energy
2023-10-23,85.48999786376953,88.29000091552734,85.3499984741211,88.0,315517,83.15979766845703,7318.06,7342.18,7097.69,7109.33,-0.03629746106193499,244.4900000000007,Crude oil,CL=F,₹/barrel,Energy
2023-10-24,83.73999786376953,86.30000305175781,82.94000244140625,86.1500015258789,370591,83.02940368652344,7152.98,7165.44,6886.46,6952.88,-0.02200629313873459,278.97999999999956,Crude oil,CL=F,₹/barrel,Energy
2023-10-25,85.38999938964844,85.55999755859375,82.08000183105469,83.69000244140625,429459,82.98780059814453,6945.25,7100.44,6811.64,7086.33,0.019193485289549006,288.7999999999993,Crude oil,CL=F,₹/barrel,Energy
2023-10-26,83.20999908447266,85.58999633789062,82.55999755859375,85.37000274658203,341792,83.1709976196289,7100.31,7118.61,6866.6,6920.66,-0.023378815268270015,252.0099999999993,Crude oil,CL=F,₹/barrel,Energy
2023-10-27,85.54000091552734,85.9000015258789,83.0999984741211,83.52999877929688,333760,83.28250122070312,6956.59,7153.97,6920.78,7123.99,0.0293801458242422,233.1900000000005,Crude oil,CL=F,₹/barrel,Energy
2023-10-30,82.30999755859375,85.30000305175781,81.81999969482422,85.0,356928,83.41339874267578,7090.14,7115.16,6824.88,6865.76,-0.03624794532277553,290.27999999999975,Crude oil,CL=F,₹/barrel,Energy
2023-10-31,81.0199966430664,83.37000274658203,80.73999786376953,82.58999633789062,346007,83.29650115966797,6879.46,6944.43,6725.36,6748.68,-0.017052737060427425,219.07000000000062,Crude oil,CL=F,₹/barrel,Energy
2023-11-01,80.44000244140625,83.41999816894531,80.30000305175781,81.4800033569336,321592,83.2771987915039,6785.43,6946.98,6687.16,6698.82,-0.00738811145290641,259.8199999999997,Crude oil,CL=F,₹/barrel,Energy
2023-11-02,82.45999908447266,82.83000183105469,80.22000122070312,80.81999969482422,307122,85.19400024414062,6885.38,7056.62,6834.26,7025.1,0.04870708572554583,222.35999999999967,Crude oil,CL=F,₹/barrel,Energy
2023-11-03,80.51000213623047,83.5999984741211,80.0999984741211,82.58000183105469,457281,83.24729919433594,6874.56,6959.47,6668.11,6702.24,-0.04595806465388397,291.3600000000006,Crude oil,CL=F,₹/barrel,Energy
2023-11-06,80.81999969482422,82.23999786376953,80.66000366210938,81.12999725341797,271131,83.15850067138672,6746.65,6838.95,6707.56,6720.87,0.0027796676931892694,131.38999999999942,Crude oil,CL=F,₹/barrel,Energy
2023-11-07,77.37000274658203,81.05000305175781,77.08999633789062,80.93000030517578,396289,83.2228012084961,6735.22,6745.21,6415.65,6438.95,-0.04194695032041984,329.5600000000004,Crude oil,CL=F,₹/barrel,Energy
2023-11-08,75.33000183105469,77.52999877929688,74.91000366210938,77.12000274658203,429647,83.23269653320312,6418.91,6453.03,6234.96,6269.92,-0.02625117449273562,218.0699999999997,Crude oil,CL=F,₹/barrel,Energy
2023-11-09,75.73999786376953,77.16000366210938,75.20999908447266,75.6500015258789,303430,83.21769714355469,6295.42,6421.08,6258.8,6302.91,0.005261630132441741,162.27999999999975,Crude oil,CL=F,₹/barrel,Energy
2023-11-10,77.16999816894531,77.7300033569336,75.30999755859375,75.58999633789062,266998,83.31939697265625,6298.11,6476.42,6274.78,6429.76,0.02012562451312183,201.64000000000033,Crude oil,CL=F,₹/barrel,Energy
2023-11-13,78.26000213623047,78.63999938964844,76.20999908447266,77.1500015258789,262903,83.29889678955078,6426.51,6550.63,6348.21,6518.97,0.01387454586174286,202.42000000000007,Crude oil,CL=F,₹/barrel,Energy
2023-11-14,78.26000213623047,79.7699966430664,77.79000091552734,78.52999877929688,263002,83.19760131835938,6533.51,6636.67,6471.94,6511.04,-0.0012164498379345634,164.73000000000047,Crude oil,CL=F,₹/barrel,Energy
2023-11-15,76.66000366210938,78.7699966430664,76.30999755859375,78.16999816894531,282301,82.98159790039062,6486.67,6536.46,6332.33,6361.37,-0.022987111122032777,204.1300000000001,Crude oil,CL=F,₹/barrel,Energy
2023-11-16,72.9000015258789,76.62999725341797,72.16000366210938,76.5999984741211,125165,83.18620300292969,6372.06,6374.56,6002.72,6064.27,-0.04670377607339293,371.84000000000015,Crude oil,CL=F,₹/barrel,Energy
2023-11-17,75.88999938964844,75.98999786376953,72.75,72.97000122070312,101484,83.12030029296875,6065.29,6316.31,6047.0,6308.0,0.04019115243879301,269.3100000000004,Crude oil,CL=F,₹/barrel,Energy
2023-11-20,77.5999984741211,78.22000122070312,75.6500015258789,75.6500015258789,270638,83.29149627685547,6301.0,6515.06,6301.0,6463.42,0.024638554216867448,214.0600000000004,Crude oil,CL=F,₹/barrel,Energy
2023-11-21,77.7699966430664,77.91999816894531,76.91999816894531,77.6500015258789,238629,83.32219696044922,6469.97,6492.47,6409.14,6479.97,0.002560563911984781,83.32999999999993,Crude oil,CL=F,₹/barrel,Energy
2023-11-22,77.0999984741211,77.97000122070312,73.79000091552734,77.7699966430664,389325,83.345703125,6481.8,6498.46,6150.08,6425.95,-0.008336458347801057,348.3800000000001,Crude oil,CL=F,₹/barrel,Energy
2023-11-24,75.54000091552734,77.08999633789062,75.06999969482422,76.79000091552734,281147,83.34400177001953,6399.99,6424.99,6256.63,6295.81,-0.02025225842093381,168.35999999999967,Crude oil,CL=F,₹/barrel,Energy
2023-11-27,74.86000061035156,76.2300033569336,74.05999755859375,75.30999755859375,289562,83.31449890136719,6274.41,6351.06,6170.27,6236.92,-0.00935384009364959,180.78999999999996,Crude oil,CL=F,₹/barrel,Energy
2023-11-28,76.41000366210938,77.0199966430664,74.63999938964844,75.06999969482422,286618,83.364501953125,6258.17,6420.73,6222.33,6369.88,0.021318214759849408,198.39999999999964,Crude oil,CL=F,₹/barrel,Energy
2023-11-29,77.86000061035156,78.08999633789062,75.66999816894531,76.55999755859375,322170,83.41809844970703,6386.49,6514.12,6312.25,6494.93,0.019631453025802603,201.8699999999999,Crude oil,CL=F,₹/barrel,Energy
2023-11-30,75.95999908447266,79.5999984741211,75.05000305175781,77.75,559169,83.3302993774414,6478.93,6633.09,6253.94,6329.77,-0.025429065440274123,379.15000000000055,Crude oil,CL=F,₹/barrel,Energy
2023-12-01,74.06999969482422,76.76000213623047,73.93000030517578,75.58999633789062,358976,83.35269927978516,6300.63,6398.15,6162.27,6173.93,-0.02462016787339827,235.8799999999992,Crude oil,CL=F,₹/barrel,Energy
2023-12-04,73.04000091552734,75.02999877929688,72.62999725341797,74.58000183105469,388832,83.21859741210938,6206.44,6243.89,6044.17,6078.29,-0.015490943369944277,199.72000000000025,Crude oil,CL=F,₹/barrel,Energy
2023-12-05,72.31999969482422,74.12000274658203,72.0199966430664,73.30000305175781,358703,83.41709899902344,6114.47,6182.88,6007.7,6032.72,-0.007497174369765158,175.1800000000003,Crude oil,CL=F,₹/barrel,Energy
2023-12-06,69.37999725341797,72.5999984741211,69.11000061035156,72.0999984741211,436803,83.31590270996094,6007.08,6048.73,5757.96,5780.46,-0.04181530056094107,290.7699999999995,Crude oil,CL=F,₹/barrel,Energy
2023-12-07,69.33999633789062,70.4800033569336,68.80000305175781,69.27999877929688,339000,83.28959655761719,5770.3,5870.25,5730.32,5775.3,-0.0008926625216677531,139.9300000000003,Crude oil,CL=F,₹/barrel,Energy
2023-12-08,71.2300033569336,71.62999725341797,69.5,69.76000213623047,302250,83.35489654541016,5814.84,5970.71,5793.17,5937.37,0.02806261146607092,177.53999999999996,Crude oil,CL=F,₹/barrel,Energy
2023-12-11,71.31999969482422,71.80999755859375,70.3499984741211,71.1500015258789,274414,83.43009948730469,5936.05,5991.12,5869.31,5950.23,0.0021659421595756623,121.80999999999949,Crude oil,CL=F,₹/barrel,Energy
2023-12-12,68.61000061035156,71.95999908447266,68.22000122070312,71.43000030517578,324530,83.34349822998047,5953.23,5997.4,5685.69,5718.2,-0.03899513128063958,311.71000000000004,Crude oil,CL=F,₹/barrel,Energy
2023-12-13,69.47000122070312,69.88999938964844,67.70999908447266,68.7300033569336,306996,83.39600372314453,5731.81,5828.55,5646.74,5793.52,0.013171977195621132,181.8100000000004,Crude oil,CL=F,₹/barrel,Energy
2023-12-14,71.58000183105469,72.45999908447266,69.54000091552734,69.8499984741211,275688,83.2853012084961,5817.48,6034.85,5791.66,5961.56,0.02900481917728781,243.1900000000005,Crude oil,CL=F,₹/barrel,Energy
2023-12-15,71.43000030517578,72.22000122070312,70.30000305175781,71.61000061035156,95513,83.29660034179688,5964.87,6015.68,5855.75,5949.88,-0.001959218727983991,159.9300000000003,Crude oil,CL=F,₹/barrel,Energy
2023-12-18,72.47000122070312,74.26000213623047,70.63999938964844,71.68000030517578,73941,83.04170227050781,5952.43,6166.68,5866.07,6018.03,0.011454012517899459,300.6100000000006,Crude oil,CL=F,₹/barrel,Energy
2023-12-19,73.44000244140625,74.01000213623047,71.8499984741211,72.4800033569336,230042,83.11119842529297,6023.9,6151.06,5971.54,6103.69,0.014233893815750243,179.52000000000044,Crude oil,CL=F,₹/barrel,Energy
2023-12-20,74.22000122070312,75.37000274658203,73.5999984741211,74.05999755859375,273364,83.09159851074219,6153.76,6262.61,6115.54,6167.06,0.010382244183436695,147.0699999999997,Crude oil,CL=F,₹/barrel,Energy
2023-12-21,73.88999938964844,74.58000183105469,72.44000244140625,73.80999755859375,251982,83.26719665527344,6145.95,6210.07,6031.88,6152.61,-0.0023430937918555994,178.1899999999996,Crude oil,CL=F,₹/barrel,Energy
2023-12-22,73.55999755859375,74.9800033569336,73.38999938964844,73.91000366210938,222600,83.13159942626953,6144.26,6233.21,6101.03,6115.16,-0.006086847695530806,132.1800000000003,Crude oil,CL=F,₹/barrel,Energy
2023-12-26,75.56999969482422,76.18000030517578,73.12999725341797,73.55999755859375,208715,83.17230224609375,6118.15,6336.07,6082.39,6285.33,0.027827562974640063,253.67999999999938,Crude oil,CL=F,₹/barrel,Energy
2023-12-27,74.11000061035156,75.66000366210938,73.7699966430664,75.31999969482422,253323,83.18280029296875,6265.33,6293.61,6136.39,6164.68,-0.019195491724380398,157.21999999999935,Crude oil,CL=F,₹/barrel,Energy
2023-12-28,71.7699966430664,74.4000015258789,71.72000122070312,73.80000305175781,262748,83.26719665527344,6145.12,6195.08,5971.92,5976.09,-0.030592017752746337,223.15999999999985,Crude oil,CL=F,₹/barrel,Energy
2023-12-29,71.6500015258789,72.62000274658203,71.25,71.98999786376953,214486,82.302001953125,5924.92,5976.77,5864.02,5896.94,-0.013244445783112457,112.75,Crude oil,CL=F,₹/barrel,Energy
2024-01-02,70.37999725341797,73.63999938964844,70.05999755859375,71.70999908447266,330992,83.20259857177734,5966.46,6127.04,5829.17,5855.8,-0.006976499676103143,297.8699999999999,Crude oil,CL=F,₹/barrel,Energy
2024-01-03,72.69999694824219,73.2300033569336,69.27999877929688,70.5,334861,83.25700378417969,5869.62,6096.91,5768.05,6052.78,0.03363844393592674,328.8599999999997,Crude oil,CL=F,₹/barrel,Energy
2024-01-04,72.19000244140625,74.0,71.05999755859375,73.04000091552734,344467,83.31809997558594,6085.55,6165.54,5920.58,6014.73,-0.006286367586464392,244.96000000000004,Crude oil,CL=F,₹/barrel,Energy
2024-01-05,73.80999755859375,74.23999786376953,72.20999908447266,72.4000015258789,325525,83.2406005859375,6026.62,6179.78,6010.8,6143.99,0.0214905739742266,168.97999999999956,Crude oil,CL=F,₹/barrel,Energy
2024-01-08,70.7699966430664,73.94999694824219,70.12999725341797,73.51000213623047,392249,83.19110107421875,6115.38,6151.98,5834.19,5887.43,-0.04175788046530016,317.78999999999996,Crude oil,CL=F,₹/barrel,Energy
2024-01-09,72.23999786376953,72.93000030517578,70.47000122070312,70.91000366210938,363445,83.05069732666016,5889.13,6056.89,5852.58,5999.58,0.019049058757386383,204.3100000000004,Crude oil,CL=F,₹/barrel,Energy
2024-01-10,71.37000274658203,73.58999633789062,71.01000213623047,72.16999816894531,352772,83.131103515625,5999.57,6117.62,5903.14,5933.07,-0.011085776004320369,214.47999999999956,Crude oil,CL=F,₹/barrel,Energy
2024-01-11,72.0199966430664,73.80999755859375,71.16999816894531,71.33000183105469,373645,83.02559661865234,5922.22,6128.12,5908.93,5979.5,0.007825628216083791,219.1899999999996,Crude oil,CL=F,₹/barrel,Energy
2024-01-12,72.68000030517578,75.25,72.36000061035156,73.01000213623047,403636,83.07610321044922,6065.39,6251.48,6011.39,6037.97,0.009778409566017165,240.08999999999924,Crude oil,CL=F,₹/barrel,Energy
2024-01-16,72.4000015258789,73.55999755859375,71.2300033569336,72.62999725341797,430437,82.8593978881836,6018.08,6095.14,5902.08,5999.02,-0.006450843578222454,193.0600000000004,Crude oil,CL=F,₹/barrel,Energy
2024-01-17,72.55999755859375,72.94999694824219,70.5,72.0,315679,83.08899688720703,5982.41,6061.34,5857.77,6028.94,0.004987481288610374,203.5699999999997,Crude oil,CL=F,₹/barrel,Energy
2024-01-18,74.08000183105469,74.37999725341797,72.18000030517578,72.77999877929688,86646,83.17759704589844,6053.67,6186.75,6003.76,6161.8,0.022037041337283236,182.98999999999978,Crude oil,CL=F,₹/barrel,Energy
2024-01-19,73.41000366210938,74.91000366210938,73.19999694824219,74.08000183105469,78234,83.16059875488281,6160.54,6229.56,6087.36,6104.82,-0.009247297867506332,142.20000000000073,Crude oil,CL=F,₹/barrel,Energy
2024-01-22,75.19000244140625,75.75,72.88999938964844,73.41000366210938,372284,83.12470245361328,6102.18,6296.7,6058.96,6250.15,0.02380577969538833,237.73999999999978,Crude oil,CL=F,₹/barrel,Energy
2024-01-23,74.37000274658203,75.25,73.41000366210938,74.68000030517578,306060,83.09510040283203,6205.54,6252.91,6100.01,6179.78,-0.011258929785685101,152.89999999999964,Crude oil,CL=F,₹/barrel,Energy
2024-01-24,75.08999633789062,75.83000183105469,73.94000244140625,74.56999969482422,323726,83.22139739990234,6205.82,6310.68,6153.39,6249.09,0.01121560961717094,157.28999999999996,Crude oil,CL=F,₹/barrel,Energy
2024-01-25,77.36000061035156,77.51000213623047,75.16000366210938,75.30000305175781,320177,83.09760284423828,6257.25,6440.9,6245.62,6428.43,0.028698578513031592,195.27999999999975,Crude oil,CL=F,₹/barrel,Energy
2024-01-26,78.01000213623047,78.26000213623047,76.05999755859375,77.1500015258789,365456,83.14610290527344,6414.72,6507.01,6324.09,6486.23,0.008991308919907182,182.92000000000007,Crude oil,CL=F,₹/barrel,Energy
2024-01-29,76.77999877929688,79.29000091552734,76.41000366210938,78.9000015258789,331925,83.12129974365234,6558.27,6590.69,6351.3,6382.05,-0.0160617184404499,239.38999999999942,Crude oil,CL=F,₹/barrel,Energy
2024-01-30,77.81999969482422,78.13999938964844,75.8499984741211,77.0199966430664,347242,83.1530990600586,6404.45,6497.58,6307.16,6470.97,0.013932827226361466,190.42000000000007,Crude oil,CL=F,₹/barrel,Energy
2024-01-31,75.8499984741211,78.11000061035156,75.5199966430664,77.83999633789062,344493,83.10970306396484,6469.26,6491.7,6276.44,6303.87,-0.02582302189625363,215.26000000000022,Crude oil,CL=F,₹/barrel,Energy
2024-02-01,73.81999969482422,76.94999694824219,73.69999694824219,75.95999908447266,577936,83.05359649658203,6308.75,6390.97,6121.05,6131.02,-0.02741966442835897,269.9200000000001,Crude oil,CL=F,₹/barrel,Energy
2024-02-02,72.27999877929688,74.5199966430664,71.79000091552734,73.91000366210938,467768,82.92759704589844,6129.18,6179.76,5953.37,5994.01,-0.02234701566786612,226.39000000000033,Crude oil,CL=F,₹/barrel,Energy
2024-02-05,72.77999877929688,73.27999877929688,71.41000366210938,72.75,350843,82.99929809570312,6038.2,6082.19,5926.98,6040.69,0.007787774795170455,155.21000000000004,Crude oil,CL=F,₹/barrel,Energy
2024-02-06,73.30999755859375,73.81999969482422,72.37999725341797,72.76000213623047,310955,83.10369873046875,6046.63,6134.72,6015.05,6092.33,0.008548692285152981,119.67000000000007,Crude oil,CL=F,₹/barrel,Energy
2024-02-07,73.86000061035156,74.22000122070312,73.2300033569336,73.5,294955,83.07060241699219,6105.69,6165.5,6083.26,6135.59,0.007100731575604202,82.23999999999978,Crude oil,CL=F,₹/barrel,Energy
2024-02-08,76.22000122070312,76.58999633789062,73.55999755859375,74.08000183105469,377906,83.01260375976562,6149.57,6357.94,6106.41,6327.22,0.03123253020491923,251.52999999999975,Crude oil,CL=F,₹/barrel,Energy
2024-02-09,76.83999633789062,77.29000091552734,75.93000030517578,76.41999816894531,302612,82.98529815673828,6341.74,6413.93,6301.07,6376.59,0.007802794908348343,112.86000000000058,Crude oil,CL=F,₹/barrel,Energy
2024-02-12,76.91999816894531,77.08999633789062,75.54000091552734,76.5999984741211,248476,83.0145034790039,6358.91,6399.59,6270.92,6385.48,0.0013941620834958535,128.67000000000007,Crude oil,CL=F,₹/barrel,Energy
2024-02-13,77.87000274658203,78.47000122070312,76.87000274658203,77.02999877929688,338174,82.99019622802734,6392.73,6512.24,6379.46,6462.45,0.012053909807876684,132.77999999999975,Crude oil,CL=F,₹/barrel,Energy
2024-02-14,76.63999938964844,78.7699966430664,76.37999725341797,77.80999755859375,296131,83.07460021972656,6464.03,6543.79,6345.24,6366.84,-0.014794698605018142,198.55000000000018,Crude oil,CL=F,₹/barrel,Energy
2024-02-15,78.02999877929688,78.44000244140625,75.77999877929688,76.5999984741211,122432,83.04309844970703,6361.1,6513.9,6293.01,6479.85,0.017749778540060657,220.88999999999942,Crude oil,CL=F,₹/barrel,Energy
2024-02-16,79.19000244140625,79.3499984741211,77.22000122070312,78.11000061035156,113713,83.00959777832031,6483.88,6586.81,6410.0,6573.53,0.014457124779122976,176.8100000000004,Crude oil,CL=F,₹/barrel,Energy
2024-02-20,78.18000030517578,79.80000305175781,77.66999816894531,78.9800033569336,435235,83.02100372314453,6557.0,6625.08,6448.24,6490.58,-0.01261879081711037,176.84000000000015,Crude oil,CL=F,₹/barrel,Energy
2024-02-21,77.91000366210938,78.08000183105469,76.31999969482422,77.1500015258789,323243,82.8291015625,6390.27,6467.3,6321.52,6453.22,-0.0057560341294614625,145.77999999999975,Crude oil,CL=F,₹/barrel,Energy
2024-02-22,78.61000061035156,78.91999816894531,77.2300033569336,78.08999633789062,330511,82.93840026855469,6476.66,6545.5,6405.33,6519.79,0.010315780339117397,140.17000000000007,Crude oil,CL=F,₹/barrel,Energy
2024-02-23,76.48999786376953,78.38999938964844,76.3499984741211,78.37000274658203,353437,82.87229919433594,6494.7,6496.36,6327.3,6338.9,-0.027744758650201984,169.0599999999995,Crude oil,CL=F,₹/barrel,Energy
2024-02-26,77.58000183105469,78.02999877929688,75.83999633789062,76.4000015258789,274710,82.88179779052734,6332.17,6467.27,6285.76,6429.97,0.014366845982741516,181.51000000000022,Crude oil,CL=F,₹/barrel,Energy
2024-02-27,78.87000274658203,79.0,77.16999816894531,77.62000274658203,269236,82.85199737548828,6430.97,6545.31,6393.69,6534.54,0.016262906358816664,151.6200000000008,Crude oil,CL=F,₹/barrel,Energy
2024-02-28,78.54000091552734,79.62000274658203,77.77999877929688,78.4800033569336,330043,82.94819641113281,6509.77,6604.34,6451.71,6514.75,-0.0030285222831293312,152.6300000000001,Crude oil,CL=F,₹/barrel,Energy
2024-02-29,78.26000213623047,79.27999877929688,77.94000244140625,78.19999694824219,317939,82.91190338134766,6483.71,6573.26,6462.15,6488.69,-0.004000153497831893,111.11000000000058,Crude oil,CL=F,₹/barrel,Energy
2024-03-01,79.97000122070312,80.8499984741211,78.05000305175781,78.27999877929688,363417,82.910400390625,6490.23,6703.31,6471.16,6630.34,0.021830292401085583,232.15000000000055,Crude oil,CL=F,₹/barrel,Energy
2024-03-04,78.73999786376953,80.41000366210938,78.55999755859375,80.13999938964844,347214,82.84609985351562,6639.29,6661.66,6508.39,6523.3,-0.0161439684842708,153.26999999999953,Crude oil,CL=F,₹/barrel,Energy
2024-03-05,78.1500015258789,79.48999786376953,77.5199966430664,78.73999786376953,436521,82.9104995727539,6528.37,6590.56,6427.22,6479.46,-0.006720524887710244,163.34000000000015,Crude oil,CL=F,₹/barrel,Energy
2024-03-06,79.12999725341797,80.66999816894531,77.98999786376953,78.1500015258789,371049,82.88480377197266,6477.45,6686.32,6464.19,6558.67,0.012224784164112545,222.1300000000001,Crude oil,CL=F,₹/barrel,Energy
2024-03-07,78.93000030517578,79.52999877929688,78.0199966430664,79.12999725341797,432923,82.81909942626953,6553.48,6586.6,6461.55,6536.91,-0.003317745823467333,125.05000000000018,Crude oil,CL=F,₹/barrel,Energy
2024-03-08,78.01000213623047,79.98999786376953,77.55999755859375,79.51000213623047,347533,82.7522964477539,6579.64,6619.36,6418.27,6455.51,-0.01245236663805982,201.08999999999924,Crude oil,CL=F,₹/barrel,Energy
2024-03-11,77.93000030517578,78.47000122070312,76.79000091552734,77.80000305175781,329873,82.7520980834961,6438.11,6493.56,6354.53,6448.87,-0.0010285786870440905,139.03000000000065,Crude oil,CL=F,₹/barrel,Energy
2024-03-12,77.55999755859375,78.7300033569336,77.33999633789062,78.08999633789062,309922,82.7782974243164,6464.16,6517.14,6402.07,6420.28,-0.0044333348323040145,115.07000000000062,Crude oil,CL=F,₹/barrel,Energy
2024-03-13,79.72000122070312,79.9000015258789,77.56999969482422,78.05999755859375,316390,82.83509826660156,6466.11,6618.52,6425.52,6603.61,0.028554829384388247,193.0,Crude oil,CL=F,₹/barrel,Energy
2024-03-14,81.26000213623047,81.62000274658203,79.56999969482422,79.62999725341797,297450,82.83110046386719,6595.84,6760.67,6590.87,6730.86,0.019269763053844757,169.80000000000018,Crude oil,CL=F,₹/barrel,Energy
2024-03-15,81.04000091552734,81.44999694824219,80.48999786376953,81.13999938964844,185078,82.9655990600586,6731.83,6757.55,6677.9,6723.53,-0.0010890138852984732,79.65000000000055,Crude oil,CL=F,₹/barrel,Energy
2024-03-18,82.72000122070312,83.08999633789062,81.01000213623047,81.02999877929688,84718,82.88890075683594,6716.49,6887.24,6714.83,6856.57,0.019787224865509545,172.40999999999985,Crude oil,CL=F,₹/barrel,Energy
2024-03-19,83.47000122070312,83.8499984741211,82.38999938964844,82.8499984741211,76814,82.86360168457031,6865.25,6948.11,6827.13,6916.62,0.008758023326532083,120.97999999999956,Crude oil,CL=F,₹/barrel,Energy
2024-03-20,81.68000030517578,83.20999908447266,81.44000244140625,83.19999694824219,351161,83.04239654541016,6909.13,6909.96,6762.97,6782.9,-0.01933314248867224,146.98999999999978,Crude oil,CL=F,₹/barrel,Energy
2024-03-21,81.06999969482422,81.91999816894531,80.30000305175781,81.48999786376953,266860,83.05460357666016,6768.12,6803.83,6669.28,6733.24,-0.007321352223975008,134.55000000000018,Crude oil,CL=F,₹/barrel,Energy
2024-03-22,80.62999725341797,81.44999694824219,80.41999816894531,80.83999633789062,231101,83.22660064697266,6728.04,6778.81,6693.08,6710.56,-0.003368363521870532,85.73000000000047,Crude oil,CL=F,₹/barrel,Energy
2024-03-25,81.94999694824219,82.4800033569336,80.58999633789062,80.8499984741211,300360,83.59359741210938,6758.54,6894.8,6736.81,6850.5,0.02085369924417635,157.98999999999978,Crude oil,CL=F,₹/barrel,Energy
2024-03-26,81.62000274658203,82.36000061035156,81.22000122070312,81.94000244140625,235845,83.41739654541016,6835.22,6870.26,6775.16,6808.53,-0.006126560105101819,95.10000000000036,Crude oil,CL=F,₹/barrel,Energy
2024-03-27,81.3499984741211,81.73999786376953,80.55000305175781,81.29000091552734,249964,83.34549713134766,6775.16,6812.66,6713.48,6780.16,-0.004166831900571766,99.18000000000029,Crude oil,CL=F,₹/barrel,Energy
2024-03-28,83.16999816894531,83.20999908447266,81.5199966430664,81.70999908447266,293774,83.36499786376953,6811.75,6936.8,6795.91,6933.47,0.022611560789125962,140.89000000000033,Crude oil,CL=F,₹/barrel,Energy
2024-04-01,83.70999908447266,84.48999786376953,82.5999984741211,83.13999938964844,321059,83.36479949951172,6930.95,7043.49,6885.93,6978.47,0.0064902566824402985,157.5599999999995,Crude oil,CL=F,₹/barrel,Energy
2024-04-02,85.1500015258789,85.5,83.8499984741211,84.04000091552734,344040,83.40969848632812,7009.75,7131.53,6993.9,7102.34,0.017750309165189382,137.6300000000001,Crude oil,CL=F,₹/barrel,Energy
2024-04-03,85.43000030517578,86.19999694824219,84.8499984741211,85.45999908447266,322549,83.35030364990234,7123.12,7184.8,7072.27,7120.62,0.002573799620970041,112.52999999999975,Crude oil,CL=F,₹/barrel,Energy
2024-04-04,86.58999633789062,87.22000122070312,84.63999938964844,85.66000366210938,359534,83.37329864501953,7141.76,7271.82,7056.72,7219.29,0.013856939423814163,215.09999999999945,Crude oil,CL=F,₹/barrel,Energy
2024-04-05,86.91000366210938,87.62999725341797,86.31999969482422,86.86000061035156,353206,83.47779846191406,7250.88,7315.16,7205.8,7255.06,0.004954780871803344,109.35999999999967,Crude oil,CL=F,₹/barrel,Energy
2024-04-08,86.43000030517578,87.0999984741211,84.69000244140625,86.0999984741211,393734,83.29679870605469,7171.85,7255.15,7054.41,7199.34,-0.007680157021444423,200.73999999999978,Crude oil,CL=F,₹/barrel,Energy
2024-04-09,85.2300033569336,86.9800033569336,85.08999633789062,86.58999633789062,314994,83.26959991455078,7210.31,7242.79,7085.41,7097.07,-0.014205468834643242,157.3800000000001,Crude oil,CL=F,₹/barrel,Energy
2024-04-10,86.20999908447266,86.37999725341797,84.55000305175781,85.33999633789062,373939,83.22429656982422,7102.36,7188.91,7036.61,7174.77,0.010948180023587328,152.30000000000018,Crude oil,CL=F,₹/barrel,Energy
2024-04-11,85.0199966430664,86.62999725341797,84.83999633789062,86.31999969482422,388128,83.4126968383789,7200.18,7226.04,7076.73,7091.75,-0.01157110262768013,149.3100000000004,Crude oil,CL=F,₹/barrel,Energy
2024-04-12,85.66000366210938,87.66999816894531,85.23999786376953,85.5999984741211,369958,83.34929656982422,7134.7,7307.23,7104.69,7139.7,0.006761377657136691,202.53999999999996,Crude oil,CL=F,₹/barrel,Energy
2024-04-15,85.41000366210938,86.11000061035156,84.05000305175781,85.93000030517578,343894,83.61109924316406,7184.7,7199.75,7027.51,7141.22,0.00021289409919189595,172.23999999999978,Crude oil,CL=F,₹/barrel,Energy
2024-04-16,85.36000061035156,86.18000030517578,84.75,85.69999694824219,241343,83.50599670410156,7156.46,7196.55,7077.13,7128.07,-0.0018414220539348936,119.42000000000007,Crude oil,CL=F,₹/barrel,Energy
2024-04-17,82.69000244140625,85.51000213623047,82.55000305175781,85.36000061035156,259540,83.6675033569336,7141.86,7154.41,6906.75,6918.47,-0.029404873970092837,247.65999999999985,Crude oil,CL=F,₹/barrel,Energy
2024-04-18,82.7300033569336,83.47000122070312,81.55999755859375,82.79000091552734,84468,83.5958023071289,6920.9,6977.74,6818.07,6915.88,-0.0003743602270444013,159.67000000000007,Crude oil,CL=F,₹/barrel,Energy
2024-04-19,83.13999938964844,86.27999877929688,81.80000305175781,82.62000274658203,76901,83.54499816894531,6902.49,7208.26,6833.98,6945.93,0.004345072499811975,374.28000000000065,Crude oil,CL=F,₹/barrel,Energy
2024-04-22,82.8499984741211,83.3499984741211,81.8499984741211,83.05000305175781,313914,83.38529968261719,6925.15,6950.16,6825.09,6908.47,-0.005393086310976347,125.06999999999971,Crude oil,CL=F,₹/barrel,Energy
2024-04-23,83.36000061035156,83.43000030517578,80.87999725341797,82.12999725341797,355814,83.38619995117188,6848.51,6956.91,6744.28,6951.07,0.006166343633250193,212.6300000000001,Crude oil,CL=F,₹/barrel,Energy
2024-04-24,82.80999755859375,83.70999908447266,82.44000244140625,83.4000015258789,329077,83.2833023071289,6945.83,6971.65,6865.88,6896.69,-0.007823255987927102,105.76999999999953,Crude oil,CL=F,₹/barrel,Energy
2024-04-25,83.56999969482422,83.83000183105469,81.98999786376953,82.83000183105469,314116,83.3405990600586,6903.1,6986.44,6833.1,6964.77,0.009871402078388547,153.33999999999924,Crude oil,CL=F,₹/barrel,Energy
2024-04-26,83.8499984741211,84.45999908447266,83.3499984741211,83.80999755859375,244090,83.30180358886719,6981.52,7035.67,6943.21,6984.86,0.0028845173638181176,92.46000000000004,Crude oil,CL=F,₹/barrel,Energy
2024-04-29,82.62999725341797,83.91000366210938,82.4000015258789,83.69000244140625,336984,83.40229797363281,6979.94,6998.29,6872.35,6891.53,-0.013361756713806683,125.9399999999996,Crude oil,CL=F,₹/barrel,Energy
2024-04-30,81.93000030517578,83.30000305175781,80.94999694824219,82.76000213623047,400680,83.45110321044922,6906.41,6951.48,6755.37,6837.15,-0.007890845719310535,196.10999999999967,Crude oil,CL=F,₹/barrel,Energy
2024-05-01,79.0,81.56999969482422,78.83000183105469,81.4800033569336,441978,83.49839782714844,6803.45,6810.96,6582.18,6596.37,-0.03521642789758883,228.77999999999975,Crude oil,CL=F,₹/barrel,Energy
2024-05-02,78.94999694824219,79.9000015258789,78.41000366210938,79.1500015258789,359652,83.40640258789062,6601.62,6664.17,6539.9,6584.94,-0.001732771205981476,124.27000000000044,Crude oil,CL=F,₹/barrel,Energy
2024-05-03,78.11000061035156,79.62999725341797,77.95999908447266,79.06999969482422,324438,83.40630340576172,6594.94,6641.64,6502.36,6514.87,-0.010640947373856013,139.28000000000065,Crude oil,CL=F,₹/barrel,Energy
2024-05-06,78.4800033569336,79.08999633789062,77.91000366210938,78.16000366210938,297369,83.37999725341797,6516.98,6594.52,6496.14,6543.66,0.004419121179701113,98.38000000000011,Crude oil,CL=F,₹/barrel,Energy
2024-05-07,78.37999725341797,79.16999816894531,77.55000305175781,78.72000122070312,327593,83.4728012084961,6570.98,6608.54,6473.32,6542.6,-0.0001619888563891836,135.22000000000025,Crude oil,CL=F,₹/barrel,Energy
2024-05-08,78.98999786376953,79.2699966430664,76.88999938964844,78.33999633789062,355449,83.46990203857422,6539.03,6616.66,6418.0,6593.29,0.007747684406810729,198.65999999999985,Crude oil,CL=F,₹/barrel,Energy
2024-05-09,79.26000213623047,79.80000305175781,78.91000366210938,79.2300033569336,272712,83.46430206298828,6612.88,6660.45,6586.17,6615.38,0.003350375912480663,74.27999999999975,Crude oil,CL=F,₹/barrel,Energy
2024-05-10,78.26000213623047,79.95999908447266,78.13999938964844,79.58999633789062,281169,83.45939636230469,6642.53,6673.41,6521.52,6531.53,-0.012675008843029523,151.88999999999942,Crude oil,CL=F,₹/barrel,Energy
2024-05-13,79.12000274658203,79.48999786376953,77.77999877929688,78.18000030517578,287701,83.5248031616211,6529.97,6639.39,6496.56,6608.48,0.011781313107342317,142.82999999999993,Crude oil,CL=F,₹/barrel,Energy
2024-05-14,78.0199966430664,79.37999725341797,77.68000030517578,79.2300033569336,307410,83.50550079345703,6616.14,6628.67,6486.71,6515.1,-0.014130329516015672,141.96000000000004,Crude oil,CL=F,₹/barrel,Energy
2024-05-15,78.62999725341797,78.91999816894531,76.69999694824219,78.44000244140625,321267,83.52420043945312,6551.64,6591.73,6406.31,6567.51,0.008044389188193612,185.41999999999916,Crude oil,CL=F,₹/barrel,Energy
2024-05-16,79.2300033569336,79.8499984741211,78.19999694824219,78.83999633789062,230277,83.40509796142578,6575.66,6659.9,6522.28,6608.19,0.00619412836828559,137.6199999999999,Crude oil,CL=F,₹/barrel,Energy
2024-05-17,80.05999755859375,80.13999938964844,79.0,79.37999725341797,94152,83.47010040283203,6625.86,6689.29,6594.14,6682.62,0.011263296000871614,95.14999999999964,Crude oil,CL=F,₹/barrel,Energy
2024-05-20,79.80000305175781,80.5999984741211,79.16999816894531,80.01000213623047,85072,83.30039978027344,6664.87,6714.01,6594.89,6647.37,-0.005274877218815366,119.11999999999989,Crude oil,CL=F,₹/barrel,Energy
2024-05-21,79.26000213623047,79.72000122070312,78.08000183105469,79.69999694824219,371672,83.31500244140625,6640.21,6641.87,6505.24,6603.55,-0.006592080777811371,136.6300000000001,Crude oil,CL=F,₹/barrel,Energy
2024-05-22,77.56999969482422,78.41000366210938,77.25,78.20999908447266,314145,83.31680297851562,6516.21,6532.87,6436.22,6462.88,-0.021302178373753478,96.64999999999964,Crude oil,CL=F,₹/barrel,Energy
2024-05-23,76.87000274658203,78.66000366210938,76.43000030517578,77.29000091552734,330273,83.26709747314453,6435.71,6549.79,6364.1,6400.74,-0.009614908523754129,185.6899999999996,Crude oil,CL=F,₹/barrel,Energy
2024-05-24,77.72000122070312,78.05000305175781,76.1500015258789,77.04000091552734,299075,83.2863998413086,6416.38,6500.5,6342.26,6473.02,0.011292444311126637,158.23999999999978,Crude oil,CL=F,₹/barrel,Energy
2024-05-28,79.83000183105469,80.29000091552734,77.69000244140625,77.80999755859375,334074,83.14569854736328,6469.57,6675.77,6459.59,6637.52,0.025413176538926274,216.1800000000003,Crude oil,CL=F,₹/barrel,Energy
2024-05-29,79.2300033569336,80.62000274658203,78.98999786376953,80.26000213623047,259594,83.20649719238281,6678.15,6708.11,6572.48,6592.45,-0.006790186696235989,135.6300000000001,Crude oil,CL=F,₹/barrel,Energy
2024-05-30,77.91000366210938,79.41999816894531,77.62999725341797,79.27999877929688,373779,83.3656005859375,6609.22,6620.9,6471.67,6495.01,-0.014780544410651464,149.22999999999956,Crude oil,CL=F,₹/barrel,Energy
2024-05-31,76.98999786376953,78.62000274658203,76.66999816894531,77.91000366210938,345120,83.3208999633789,6491.53,6550.69,6388.21,6414.88,-0.012337163453174038,162.47999999999956,Crude oil,CL=F,₹/barrel,Energy
2024-06-03,74.22000122070312,77.5199966430664,73.9800033569336,76.97000122070312,443271,83.45079803466797,6423.21,6469.11,6173.69,6193.72,-0.03447609308358068,295.4200000000001,Crude oil,CL=F,₹/barrel,Energy
2024-06-04,73.25,74.12999725341797,72.4800033569336,74.0199966430664,408721,83.09339904785156,6150.57,6159.71,6022.61,6086.59,-0.017296551991371922,137.10000000000036,Crude oil,CL=F,₹/barrel,Energy
2024-06-05,74.06999969482422,74.33000183105469,72.81999969482422,72.9000015258789,307701,83.62940216064453,6096.58,6216.17,6089.89,6194.43,0.017717638283505144,126.27999999999975,Crude oil,CL=F,₹/barrel,Energy
2024-06-06,75.55000305175781,75.79000091552734,74.05999755859375,74.30000305175781,291082,83.38079833984375,6195.19,6319.43,6175.18,6299.42,0.01694909781852405,144.25,Crude oil,CL=F,₹/barrel,Energy
2024-06-07,75.52999877929688,76.25,75.20999908447266,75.66999816894531,280253,83.47309875488281,6316.41,6364.82,6278.01,6304.72,0.0008413472986401604,86.80999999999949,Crude oil,CL=F,₹/barrel,Energy
2024-06-10,77.73999786376953,78.29000091552734,75.2300033569336,75.3499984741211,317031,83.52760314941406,6293.8,6539.38,6283.78,6493.44,0.02993312946490878,255.60000000000036,Crude oil,CL=F,₹/barrel,Energy
2024-06-11,77.9000015258789,78.36000061035156,77.22000122070312,78.12000274658203,314874,83.52980041503906,6525.35,6545.4,6450.17,6506.97,0.0020836413364873074,95.22999999999956,Crude oil,CL=F,₹/barrel,Energy
2024-06-12,78.5,79.31999969482422,77.87999725341797,78.22000122070312,322285,83.5968017578125,6538.94,6630.9,6510.52,6562.35,0.00851087372463688,120.3799999999992,Crude oil,CL=F,₹/barrel,Energy
2024-06-13,78.62000274658203,78.88999938964844,77.66999816894531,78.37000274658203,307638,83.5343017578125,6546.58,6590.02,6488.11,6567.47,0.0007802083095231893,101.91000000000076,Crude oil,CL=F,₹/barrel,Energy
2024-06-14,78.44999694824219,79.1500015258789,77.7300033569336,77.95999908447266,245827,83.52210235595703,6511.38,6610.77,6492.17,6552.31,-0.002308347049929438,118.60000000000036,Crude oil,CL=F,₹/barrel,Energy
2024-06-17,80.33000183105469,80.66000366210938,77.9800033569336,78.4800033569336,126733,83.55180358886719,6557.15,6739.29,6515.37,6711.72,0.024328824490904788,223.92000000000007,Crude oil,CL=F,₹/barrel,Energy
2024-06-18,81.56999969482422,81.66999816894531,79.7699966430664,80.43000030517578,140709,83.51010131835938,6716.72,6820.27,6661.6,6811.92,0.01492910908083167,158.67000000000007,Crude oil,CL=F,₹/barrel,Energy
2024-06-20,82.16999816894531,82.41000366210938,81.12999725341797,81.5199966430664,420499,83.41950225830078,6800.36,6874.6,6767.82,6854.58,0.006262551527322691,106.78000000000065,Crude oil,CL=F,₹/barrel,Energy
2024-06-21,80.7300033569336,81.79000091552734,80.3499984741211,81.2699966430664,290500,83.60160064697266,6794.3,6837.77,6717.39,6749.16,-0.015379498087410126,120.38000000000011,Crude oil,CL=F,₹/barrel,Energy
2024-06-24,81.62999725341797,81.77999877929688,80.2300033569336,80.44999694824219,271745,83.5625,6722.6,6833.74,6704.22,6821.21,0.010675402568615988,129.51999999999953,Crude oil,CL=F,₹/barrel,Energy
2024-06-25,80.83000183105469,81.9000015258789,80.55000305175781,81.69999694824219,286038,83.46040344238281,6818.71,6835.41,6722.74,6746.1,-0.011011242873331772,112.67000000000007,Crude oil,CL=F,₹/barrel,Energy
2024-06-26,80.9000015258789,81.62999725341797,80.18000030517578,80.72000122070312,308410,83.41459655761719,6733.23,6809.13,6688.18,6748.24,0.000317220319888456,120.94999999999982,Crude oil,CL=F,₹/barrel,Energy
2024-06-27,81.73999786376953,82.04000091552734,80.51000213623047,80.86000061035156,306342,83.58039855957031,6758.31,6856.94,6729.06,6831.86,0.01239137908550969,127.8799999999992,Crude oil,CL=F,₹/barrel,Energy
2024-06-28,81.54000091552734,82.72000122070312,80.97000122070312,81.86000061035156,260252,83.45089721679688,6831.29,6903.06,6757.02,6804.59,-0.003991592333566496,146.03999999999996,Crude oil,CL=F,₹/barrel,Energy
2024-07-01,83.37999725341797,83.63999938964844,81.37999725341797,81.44999694824219,345780,83.36750030517578,6790.28,6972.86,6784.45,6951.18,0.021542811543384666,188.40999999999985,Crude oil,CL=F,₹/barrel,Energy
2024-07-02,82.80999755859375,84.37999725341797,82.72000122070312,83.43000030517578,367787,83.44129943847656,6961.51,7040.78,6902.26,6909.77,-0.005957261932506452,138.51999999999953,Crude oil,CL=F,₹/barrel,Energy
2024-07-03,83.87999725341797,83.93000030517578,82.45999908447266,83.19999694824219,289685,83.4791030883789,6945.46,7006.4,6883.69,7002.23,0.01338105320437566,122.71000000000004,Crude oil,CL=F,₹/barrel,Energy
2024-07-05,83.16000366210938,84.5199966430664,83.0199966430664,83.5999984741211,361357,83.49340057373047,6980.05,7056.86,6931.62,6943.31,-0.008414462249883181,125.23999999999978,Crude oil,CL=F,₹/barrel,Energy
2024-07-08,82.33000183105469,83.31999969482422,82.08000183105469,83.1500015258789,251774,83.47209930419922,6940.71,6954.9,6851.39,6872.26,-0.010232871641911445,103.50999999999931,Crude oil,CL=F,₹/barrel,Energy
2024-07-09,81.41000366210938,82.4800033569336,81.25,82.22000122070312,297325,83.45760345458984,6861.88,6883.58,6780.93,6794.28,-0.011347067776830366,102.64999999999964,Crude oil,CL=F,₹/barrel,Energy
2024-07-10,82.0999984741211,82.66000366210938,80.80999755859375,81.80999755859375,334380,83.49299621582031,6830.56,6901.53,6747.07,6854.77,0.008903077294430073,154.46000000000004,Crude oil,CL=F,₹/barrel,Energy
2024-07-11,82.62000274658203,83.12999725341797,81.62999725341797,82.4000015258789,324170,83.49590301513672,6880.06,6941.01,6815.77,6898.43,0.0063692873721510335,125.23999999999978,Crude oil,CL=F,₹/barrel,Energy
2024-07-12,82.20999908447266,83.73999786376953,82.0999984741211,82.86000061035156,370062,83.51850128173828,6920.34,6993.84,6856.87,6866.06,-0.004692372032476966,136.97000000000025,Crude oil,CL=F,₹/barrel,Energy
2024-07-15,81.91000366210938,82.58000183105469,81.47000122070312,82.16000366210938,296520,83.52030181884766,6862.03,6897.11,6804.4,6841.15,-0.003627990434106443,92.71000000000004,Crude oil,CL=F,₹/barrel,Energy
2024-07-16,80.76000213623047,81.93000030517578,80.22000122070312,81.91999816894531,308186,83.58760070800781,6847.5,6848.33,6705.4,6750.53,-0.013246310927256366,142.9300000000003,Crude oil,CL=F,₹/barrel,Energy
2024-07-17,82.8499984741211,83.0999984741211,80.44999694824219,80.8499984741211,257437,83.52960205078125,6753.37,6941.31,6719.96,6920.43,0.025168394185345555,221.35000000000036,Crude oil,CL=F,₹/barrel,Energy
2024-07-18,82.81999969482422,83.81999969482422,82.04000091552734,83.11000061035156,95704,83.57209777832031,6945.68,7005.01,6856.25,6921.44,0.00014594468840800623,148.76000000000022,Crude oil,CL=F,₹/barrel,Energy
2024-07-19,80.12999725341797,82.87999725341797,80.06999969482422,82.47000122070312,83795,83.67430114746094,6900.62,6934.93,6699.8,6704.82,-0.03129695554682266,235.1300000000001,Crude oil,CL=F,₹/barrel,Energy
2024-07-22,79.77999877929688,80.69000244140625,79.16999816894531,80.38999938964844,345235,83.73030090332031,6731.08,6756.2,6628.93,6680.0,-0.003701814515527646,127.26999999999953,Crude oil,CL=F,₹/barrel,Energy
2024-07-23,76.95999908447266,78.7300033569336,76.4000015258789,78.2699966430664,417941,83.67130279541016,6548.95,6587.44,6392.49,6439.34,-0.03602694610778445,194.94999999999982,Crude oil,CL=F,₹/barrel,Energy
2024-07-24,77.58999633789062,78.19000244140625,76.9800033569336,77.44999694824219,355971,83.70680236816406,6483.09,6545.04,6443.75,6494.81,0.008614236862784175,101.28999999999996,Crude oil,CL=F,₹/barrel,Energy
2024-07-25,78.27999877929688,78.47000122070312,76.04000091552734,77.5,457288,83.74299621582031,6490.08,6571.31,6367.82,6555.4,0.009328987299089375,203.4900000000007,Crude oil,CL=F,₹/barrel,Energy
2024-07-26,77.16000366210938,78.5999984741211,76.19000244140625,78.3499984741211,365121,83.73760223388672,6560.84,6581.78,6379.97,6461.19,-0.014371357964426235,201.8099999999995,Crude oil,CL=F,₹/barrel,Energy
2024-07-29,75.80999755859375,77.69000244140625,75.3499984741211,77.30000305175781,362635,83.72779846191406,6472.16,6504.81,6308.89,6347.4,-0.017611306895478962,195.92000000000007,Crude oil,CL=F,₹/barrel,Energy
2024-07-30,74.7300033569336,75.97000122070312,74.58999633789062,75.91000366210938,419478,83.75050354003906,6357.5,6362.53,6246.95,6258.68,-0.013977376563632293,115.57999999999993,Crude oil,CL=F,₹/barrel,Energy
2024-07-31,77.91000366210938,78.66000366210938,75.18000030517578,75.23999786376953,460315,83.73899841308594,6300.52,6586.91,6295.5,6524.11,0.042409901129311534,291.40999999999985,Crude oil,CL=F,₹/barrel,Energy
2024-08-01,76.30999755859375,78.87999725341797,76.23999786376953,78.58999633789062,383014,83.7177963256836,6579.38,6603.66,6382.64,6388.5,-0.020785976937850448,221.01999999999953,Crude oil,CL=F,₹/barrel,Energy
2024-08-02,73.5199966430664,77.29000091552734,72.97000122070312,76.87000274658203,467786,83.743896484375,6437.39,6472.57,6110.79,6156.85,-0.03626046802848859,361.77999999999975,Crude oil,CL=F,₹/barrel,Energy
2024-08-05,72.94000244140625,74.45999908447266,71.66999816894531,74.20999908447266,500151,83.73529815673828,6214.0,6234.93,6001.31,6107.65,-0.00799109934463249,233.6199999999999,Crude oil,CL=F,₹/barrel,Energy
2024-08-06,73.19999694824219,74.55999755859375,72.19999694824219,73.86000061035156,352250,84.00260162353516,6204.43,6263.23,6064.99,6148.99,0.006768560739400575,198.23999999999978,Crude oil,CL=F,₹/barrel,Energy
2024-08-07,75.2300033569336,75.83999633789062,72.58000183105469,72.83999633789062,427995,83.93489837646484,6113.82,6365.62,6092.0,6314.42,0.026903605307538436,273.6199999999999,Crude oil,CL=F,₹/barrel,Energy
2024-08-08,76.19000244140625,76.5199966430664,74.5999984741211,75.47000122070312,327301,83.94239807128906,6335.13,6423.27,6262.1,6395.57,0.012851536641528272,161.17000000000007,Crude oil,CL=F,₹/barrel,Energy
2024-08-09,76.83999633789062,77.08999633789062,75.8499984741211,76.0199966430664,263007,83.98899841308594,6384.84,6474.71,6370.57,6453.71,0.009090667446373102,104.14000000000033,Crude oil,CL=F,₹/barrel,Energy
2024-08-12,80.05999755859375,80.16000366210938,76.69999694824219,76.98999786376953,376747,83.94979858398438,6463.29,6729.42,6438.95,6721.02,0.041419586563387734,290.47000000000025,Crude oil,CL=F,₹/barrel,Energy
2024-08-13,78.3499984741211,80.1500015258789,78.16000366210938,79.73999786376953,370763,83.88999938964844,6689.39,6723.78,6556.84,6572.78,-0.02205617599709575,166.9399999999996,Crude oil,CL=F,₹/barrel,Energy
2024-08-14,76.9800033569336,79.0999984741211,76.83000183105469,78.7300033569336,357636,83.88200378417969,6604.03,6635.07,6444.65,6457.24,-0.017578558844202896,190.42000000000007,Crude oil,CL=F,₹/barrel,Energy
2024-08-15,78.16000366210938,78.5999984741211,76.93000030517578,77.5199966430664,195122,83.97149658203125,6509.47,6600.16,6459.93,6563.21,0.01641103629414431,140.22999999999956,Crude oil,CL=F,₹/barrel,Energy
2024-08-16,76.6500015258789,78.16000366210938,75.54000091552734,78.16000366210938,100810,83.94830322265625,6561.4,6561.4,6341.45,6434.64,-0.019589499650323527,219.94999999999982,Crude oil,CL=F,₹/barrel,Energy
2024-08-19,74.37000274658203,76.87000274658203,74.16999816894531,76.58000183105469,118172,83.88980102539062,6424.28,6448.61,6222.11,6238.88,-0.030422836397995923,226.5,Crude oil,CL=F,₹/barrel,Energy
2024-08-20,74.04000091552734,75.02999877929688,73.5,74.33999633789062,329276,83.87860107421875,6235.53,6293.41,6165.08,6210.37,-0.004569730464442423,128.32999999999993,Crude oil,CL=F,₹/barrel,Energy
2024-08-21,71.93000030517578,74.16000366210938,71.45999908447266,73.12000274658203,390527,83.77940368652344,6125.95,6213.08,5986.88,6026.25,-0.029647186882585053,226.19999999999982,Crude oil,CL=F,₹/barrel,Energy
2024-08-22,73.01000213623047,73.5199966430664,71.58000183105469,71.93000030517578,334117,83.88860321044922,6034.11,6167.49,6004.75,6124.71,0.016338518979464922,162.73999999999978,Crude oil,CL=F,₹/barrel,Energy
2024-08-23,74.83000183105469,75.06999969482422,72.83000183105469,72.95999908447266,313764,83.94059753417969,6124.31,6301.42,6113.39,6281.28,0.02556365934060545,188.02999999999975,Crude oil,CL=F,₹/barrel,Energy
2024-08-26,77.41999816894531,77.5999984741211,75.04000091552734,75.0999984741211,409675,83.81379699707031,6294.42,6503.95,6289.39,6488.86,0.033047404350705634,214.5599999999995,Crude oil,CL=F,₹/barrel,Energy
2024-08-27,75.52999877929688,77.4800033569336,75.4000015258789,77.19999694824219,331162,83.88369750976562,6475.82,6499.31,6324.83,6335.74,-0.023597365330736086,174.48000000000047,Crude oil,CL=F,₹/barrel,Energy
2024-08-28,74.5199966430664,75.94999694824219,73.81999969482422,75.75,337361,83.92160034179688,6357.06,6373.85,6195.09,6253.84,-0.012926666813979026,178.76000000000022,Crude oil,CL=F,₹/barrel,Energy
2024-08-29,75.91000366210938,76.91000366210938,74.05000305175781,74.41999816894531,408147,83.94149780273438,6246.93,6455.94,6215.87,6372.0,0.01889399153160287,240.0699999999997,Crude oil,CL=F,₹/barrel,Energy
2024-08-30,73.55000305175781,76.58999633789062,73.36000061035156,75.87000274658203,427273,83.89510345458984,6365.12,6425.53,6154.54,6170.49,-0.03162429378531073,270.9899999999998,Crude oil,CL=F,₹/barrel,Energy
2024-09-03,70.33999633789062,74.41000366210938,70.0999984741211,73.52999877929688,546617,83.92729949951172,6171.17,6245.03,5883.3,5903.45,-0.04327695207349824,361.72999999999956,Crude oil,CL=F,₹/barrel,Energy
2024-09-04,69.19999694824219,71.45999908447266,68.81999969482422,70.27999877929688,482025,83.95030212402344,5900.03,5999.09,5777.46,5809.36,-0.015938137868534485,221.6300000000001,Crude oil,CL=F,₹/barrel,Energy
2024-09-05,69.1500015258789,70.81999969482422,68.75,69.2699966430664,405596,83.98249816894531,5817.47,5947.64,5773.8,5807.39,-0.0003391079223872273,173.84000000000015,Crude oil,CL=F,₹/barrel,Energy
2024-09-06,67.66999816894531,70.12999725341797,67.16999816894531,69.33000183105469,351074,83.98359680175781,5822.58,5889.77,5641.18,5683.17,-0.021389987584784276,248.59000000000015,Crude oil,CL=F,₹/barrel,Energy
2024-09-09,68.70999908447266,68.95999908447266,67.30999755859375,68.12999725341797,351074,83.98259735107422,5721.73,5791.44,5652.87,5770.44,0.015355866532234641,138.5699999999997,Crude oil,CL=F,₹/barrel,Energy
2024-09-10,65.75,69.08000183105469,65.2699966430664,68.77999877929688,442855,83.98090362548828,5776.21,5801.4,5481.43,5521.74,-0.043098966456630694,319.96999999999935,Crude oil,CL=F,₹/barrel,Energy
2024-09-11,67.30999755859375,67.97000122070312,65.62999725341797,66.27999877929688,393311,83.98200225830078,5566.33,5708.26,5511.74,5652.83,0.02374070492272362,196.52000000000044,Crude oil,CL=F,₹/barrel,Energy
2024-09-12,68.97000122070312,69.80999755859375,67.23999786376953,67.38999938964844,351976,83.99259948730469,5660.26,5863.52,5647.66,5792.97,0.02479112232280123,215.86000000000058,Crude oil,CL=F,₹/barrel,Energy
2024-09-13,68.6500015258789,70.31999969482422,68.47000122070312,69.30999755859375,308983,83.93479919433594,5817.52,5902.3,5747.02,5762.12,-0.005325420293908034,155.27999999999975,Crude oil,CL=F,₹/barrel,Energy
2024-09-16,70.08999633789062,70.69999694824219,68.6500015258789,69.16000366210938,295176,83.88480377197266,5801.47,5930.66,5758.69,5879.49,0.02036923909949806,171.97000000000025,Crude oil,CL=F,₹/barrel,Energy
2024-09-17,71.19000244140625,71.91999816894531,69.61000061035156,70.5,251629,83.88400268554688,5913.82,6032.94,5839.17,5971.7,0.015683333078209127,193.76999999999953,Crude oil,CL=F,₹/barrel,Energy
2024-09-18,70.91000366210938,71.4800033569336,69.7300033569336,71.13999938964844,102907,83.77059936523438,5959.44,5987.92,5841.32,5940.17,-0.005279903545054143,146.60000000000036,Crude oil,CL=F,₹/barrel,Energy
2024-09-19,71.94999694824219,72.48999786376953,70.12999725341797,70.12999725341797,86630,83.69170379638672,5869.3,6066.81,5869.3,6021.62,0.013711728788906585,197.51000000000022,Crude oil,CL=F,₹/barrel,Energy
2024-09-20,71.91999816894531,72.4000015258789,71.36000061035156,72.0999984741211,306997,83.61470031738281,6028.62,6053.7,5966.75,6013.57,-0.0013368495521138835,86.94999999999982,Crude oil,CL=F,₹/barrel,Energy
2024-09-23,70.37000274658203,71.80999755859375,69.48999786376953,71.30999755859375,338267,83.48709869384766,5953.46,5995.21,5801.52,5874.99,-0.023044547581553054,193.6899999999996,Crude oil,CL=F,₹/barrel,Energy
2024-09-24,71.55999755859375,72.4000015258789,70.44000244140625,70.76000213623047,318516,83.55960083007812,5912.68,6049.72,5885.94,5979.52,0.017792370710418393,163.78000000000065,Crude oil,CL=F,₹/barrel,Energy
2024-09-25,69.69000244140625,71.72000122070312,69.2300033569336,71.54000091552734,476237,83.56759643554688,5978.43,5993.47,5785.38,5823.83,-0.026037206999893092,208.09000000000015,Crude oil,CL=F,₹/barrel,Energy
2024-09-26,67.66999816894531,70.01000213623047,66.94999694824219,69.88999938964844,478069,83.62409973144531,5844.49,5854.52,5598.63,5658.84,-0.028330153867815455,255.89000000000033,Crude oil,CL=F,₹/barrel,Energy
2024-09-27,68.18000030517578,68.6500015258789,67.05999755859375,67.44999694824219,341133,83.61710357666016,5639.97,5740.31,5607.36,5701.01,0.007452057312099303,132.95000000000073,Crude oil,CL=F,₹/barrel,Energy
2024-09-30,68.16999816894531,69.31999969482422,67.56999969482422,68.62999725341797,350115,83.71640014648438,5745.46,5803.22,5656.72,5706.95,0.0010419206421317107,146.5,Crude oil,CL=F,₹/barrel,Energy
2024-10-01,69.83000183105469,71.94000244140625,66.33000183105469,68.41000366210938,668216,83.82730102539062,5734.63,6030.54,5560.27,5853.66,0.02570725168434973,470.2699999999995,Crude oil,CL=F,₹/barrel,Energy
2024-10-02,70.0999984741211,72.48999786376953,69.87000274658203,70.80000305175781,429225,83.87210083007812,5938.14,6079.89,5860.14,5879.43,0.004402373899406564,219.75,Crude oil,CL=F,₹/barrel,Energy
2024-10-03,73.70999908447266,74.08999633789062,70.5199966430664,70.9800033569336,460554,83.91960144042969,5956.61,6217.6,5918.01,6185.71,0.05209348525282209,299.59000000000015,Crude oil,CL=F,₹/barrel,Energy
2024-10-04,74.37999725341797,75.56999969482422,73.45999908447266,73.94999694824219,428815,84.0093994140625,6212.49,6348.59,6171.33,6248.62,0.010170214898532315,177.26000000000022,Crude oil,CL=F,₹/barrel,Energy
2024-10-07,77.13999938964844,77.4000015258789,73.62000274658203,74.4000015258789,419018,84.02780151367188,6251.67,6503.75,6186.13,6481.9,0.03733304313592445,317.6199999999999,Crude oil,CL=F,₹/barrel,Energy
2024-10-08,73.56999969482422,78.45999908447266,72.69000244140625,77.33000183105469,496760,83.96410369873047,6492.94,6587.82,6103.35,6177.24,-0.047001650750551516,484.46999999999935,Crude oil,CL=F,₹/barrel,Energy
2024-10-09,73.23999786376953,74.44999694824219,71.52999877929688,73.83999633789062,401159,83.91459655761719,6196.25,6247.44,6002.41,6145.9,-0.0050734632295329485,245.02999999999975,Crude oil,CL=F,₹/barrel,Energy
2024-10-10,75.8499984741211,76.23999786376953,73.26000213623047,73.38999938964844,321453,83.94219970703125,6160.52,6399.75,6149.61,6367.02,0.03597845718283743,250.14000000000033,Crude oil,CL=F,₹/barrel,Energy
2024-10-11,75.55999755859375,76.04000091552734,74.52999877929688,75.73999786376953,315302,83.94599914550781,6358.07,6383.25,6256.5,6342.96,-0.0037788478754582355,126.75,Crude oil,CL=F,₹/barrel,Energy
2024-10-14,73.83000183105469,75.08000183105469,71.80999755859375,75.05000305175781,273455,84.16829681396484,6316.83,6319.36,6044.13,6214.15,-0.020307553571203396,275.22999999999956,Crude oil,CL=F,₹/barrel,Energy
2024-10-15,70.58000183105469,72.12000274658203,69.70999908447266,71.51000213623047,328738,84.04850006103516,6010.31,6061.58,5859.02,5932.14,-0.04538191063942765,202.5599999999995,Crude oil,CL=F,₹/barrel,Energy
2024-10-16,70.38999938964844,71.30999755859375,69.63999938964844,70.98999786376953,222437,84.05619812011719,5967.15,5994.05,5853.67,5916.72,-0.0025993992050086234,140.3800000000001,Crude oil,CL=F,₹/barrel,Energy
2024-10-17,70.66999816894531,71.11000061035156,69.44000244140625,70.68000030517578,188161,84.03929901123047,5939.9,5976.03,5835.69,5939.06,0.003775740613042311,140.34000000000015,Crude oil,CL=F,₹/barrel,Energy
2024-10-18,69.22000122070312,71.2300033569336,68.69000244140625,70.75,95768,84.05380249023438,5946.81,5987.15,5773.66,5818.2,-0.02035002172060907,213.48999999999978,Crude oil,CL=F,₹/barrel,Energy
2024-10-21,70.55999755859375,71.02999877929688,69.0,69.45999908447266,92584,84.0687026977539,5839.41,5971.4,5800.74,5931.89,0.019540407686226002,170.65999999999985,Crude oil,CL=F,₹/barrel,Energy
2024-10-22,72.08999633789062,72.66000366210938,70.05000305175781,70.48999786376953,330456,84.07350158691406,5926.34,6108.78,5889.35,6060.86,0.02174180573139406,219.42999999999938,Crude oil,CL=F,₹/barrel,Energy
2024-10-23,70.7699966430664,71.72000122070312,70.12999725341797,71.3499984741211,293835,84.08399963378906,5999.39,6030.5,5896.81,5950.62,-0.018188837887692433,133.6899999999996,Crude oil,CL=F,₹/barrel,Energy
2024-10-24,70.19000244140625,72.33999633789062,69.7699966430664,71.0199966430664,286571,84.06759643554688,5970.48,6081.45,5865.4,5900.7,-0.00838904181413025,216.05000000000018,Crude oil,CL=F,₹/barrel,Energy
2024-10-25,71.77999877929688,71.91999816894531,69.95999908447266,70.33000183105469,287189,84.08180236816406,5913.47,6047.16,5882.36,6035.39,0.02282610537732821,164.80000000000018,Crude oil,CL=F,₹/barrel,Energy
2024-10-28,67.37999725341797,69.0,66.91999816894531,68.9800033569336,419623,84.10199737548828,5801.36,5803.04,5628.11,5666.79,-0.06107310380936448,174.9300000000003,Crude oil,CL=F,₹/barrel,Energy
2024-10-29,67.20999908447266,68.5199966430664,66.72000122070312,68.0199966430664,291929,84.10279846191406,5720.67,5762.72,5611.34,5652.55,-0.0025128864842353105,151.3800000000001,Crude oil,CL=F,₹/barrel,Energy
2024-10-30,68.61000061035156,69.16999816894531,67.27999877929688,67.47000122070312,284795,84.08930206298828,5673.51,5816.46,5657.53,5769.37,0.020666778710493494,158.9300000000003,Crude oil,CL=F,₹/barrel,Energy
2024-10-31,69.26000213623047,70.80999755859375,68.30000305175781,69.0999984741211,311055,84.08910369873047,5810.56,5954.35,5743.29,5824.01,0.00947070477365819,211.0600000000004,Crude oil,CL=F,₹/barrel,Energy
2024-11-01,69.48999786376953,71.44999694824219,69.31999969482422,70.44000244140625,320572,84.09149932861328,5923.41,6008.34,5829.22,5843.52,0.003349925566748624,179.1199999999999,Crude oil,CL=F,₹/barrel,Energy
2024-11-04,71.47000122070312,71.80999755859375,70.25,70.29000091552734,286947,84.13359832763672,5913.75,6041.63,5910.39,6013.03,0.029008200536662754,131.23999999999978,Crude oil,CL=F,₹/barrel,Energy
2024-11-05,71.98999786376953,72.66999816894531,71.29000091552734,71.62000274658203,247311,84.15249633789062,6027.0,6115.36,5999.23,6058.14,0.007502041400092807,116.13000000000011,Crude oil,CL=F,₹/barrel,Energy
2024-11-06,71.69000244140625,72.62999725341797,69.73999786376953,72.0199966430664,388265,84.11630249023438,6058.06,6109.37,5866.27,6030.3,-0.00459546989670101,243.09999999999945,Crude oil,CL=F,₹/barrel,Energy
2024-11-07,72.36000061035156,72.87999725341797,70.66000366210938,71.87000274658203,353595,84.2511978149414,6055.13,6140.23,5953.19,6096.42,0.010964628625441453,187.03999999999996,Crude oil,CL=F,₹/barrel,Energy
2024-11-08,70.37999725341797,72.25,69.98999786376953,72.20999908447266,362038,84.306396484375,6087.76,6091.14,5900.6,5933.48,-0.026727161186401283,190.53999999999996,Crude oil,CL=F,₹/barrel,Energy
2024-11-11,68.04000091552734,70.55999755859375,67.91999816894531,70.25,364506,84.38289642333984,5927.9,5954.06,5731.29,5741.41,-0.03237054814375373,222.77000000000044,Crude oil,CL=F,₹/barrel,Energy
2024-11-12,68.12000274658203,69.12999725341797,67.75,68.1500015258789,286926,84.39649963378906,5751.62,5834.33,5717.86,5749.09,0.0013376505074538247,116.47000000000025,Crude oil,CL=F,₹/barrel,Energy
2024-11-13,68.43000030517578,68.86000061035156,66.94000244140625,67.9800033569336,386027,84.39530181884766,5737.19,5811.46,5649.42,5775.17,0.004536370103790377,162.03999999999996,Crude oil,CL=F,₹/barrel,Energy
2024-11-14,68.69999694824219,69.38999938964844,67.91999816894531,68.12999725341797,232270,84.4229965209961,5751.74,5858.11,5734.01,5799.86,0.004275198825315796,124.09999999999945,Crude oil,CL=F,₹/barrel,Energy
2024-11-15,67.0199966430664,68.69000244140625,66.81999969482422,68.62000274658203,205235,84.47380065917969,5796.59,5802.51,5644.54,5661.43,-0.023867817499042987,157.97000000000025,Crude oil,CL=F,₹/barrel,Energy
2024-11-18,69.16000366210938,69.38999938964844,66.61000061035156,66.86000061035156,110375,84.47750091552734,5648.17,5861.89,5627.05,5842.46,0.03197602019277812,234.84000000000015,Crude oil,CL=F,₹/barrel,Energy
2024-11-19,69.38999938964844,69.69000244140625,68.44999694824219,69.01000213623047,89360,84.39849853515625,5824.34,5881.73,5777.08,5856.41,0.0023876928554067423,104.64999999999964,Crude oil,CL=F,₹/barrel,Energy
2024-11-20,68.87000274658203,70.1500015258789,68.75,69.55000305175781,235637,84.39759826660156,5869.85,5920.49,5802.33,5812.46,-0.007504597526470924,118.15999999999985,Crude oil,CL=F,₹/barrel,Energy
2024-11-21,70.0999984741211,70.37999725341797,68.86000061035156,69.04000091552734,283850,84.38310241699219,5825.81,5938.88,5810.62,5915.26,0.01768614321646944,128.26000000000022,Crude oil,CL=F,₹/barrel,Energy
2024-11-22,71.23999786376953,71.51000213623047,69.29000091552734,70.18000030517578,408207,84.48829650878906,5929.39,6041.76,5854.19,6018.95,0.017529237937132125,187.57000000000062,Crude oil,CL=F,₹/barrel,Energy
2024-11-25,68.94000244140625,71.4800033569336,68.73999786376953,71.44000244140625,380922,84.43599700927734,6032.11,6035.49,5804.13,5821.02,-0.032884473205459286,231.35999999999967,Crude oil,CL=F,₹/barrel,Energy
2024-11-26,68.7699966430664,70.30000305175781,68.05000305175781,69.08000183105469,292138,84.37750244140625,5828.8,5931.74,5741.89,5802.64,-0.0031575222211914777,189.84999999999945,Crude oil,CL=F,₹/barrel,Energy
2024-11-27,68.72000122070312,69.37000274658203,68.18000030517578,68.91000366210938,227215,84.33910369873047,5811.81,5850.6,5750.24,5795.78,-0.0011822205065281643,100.36000000000058,Crude oil,CL=F,₹/barrel,Energy
2024-11-29,68.0,69.69000244140625,67.87000274658203,68.7699966430664,291408,84.47160339355469,5809.11,5886.83,5733.09,5744.07,-0.008922008771899526,153.73999999999978,Crude oil,CL=F,₹/barrel,Energy
2024-12-02,68.0999984741211,69.11000061035156,67.70999908447266,68.0,264883,84.55699920654297,5749.88,5843.73,5725.35,5758.33,0.0024825602752056586,118.3799999999992,Crude oil,CL=F,₹/barrel,Energy
2024-12-03,69.94000244140625,70.2300033569336,67.91000366210938,68.16000366210938,303752,84.73709869384766,5775.68,5951.09,5754.5,5926.51,0.029206384489947723,196.59000000000015,Crude oil,CL=F,₹/barrel,Energy
2024-12-04,68.54000091552734,70.51000213623047,68.48999786376953,70.0199966430664,325636,84.68309783935547,5929.51,5971.01,5799.95,5804.18,-0.020641153056351835,171.0600000000004,Crude oil,CL=F,₹/barrel,Energy
2024-12-05,68.30000305175781,69.16000366210938,67.9800033569336,68.73999786376953,286701,84.70700073242188,5822.76,5858.34,5758.38,5785.49,-0.0032200931053137927,99.96000000000004,Crude oil,CL=F,₹/barrel,Energy
2024-12-06,67.19999694824219,68.48999786376953,66.9800033569336,68.44000244140625,341593,84.68379974365234,5795.76,5799.99,5672.12,5690.75,-0.01637544961619497,127.86999999999989,Crude oil,CL=F,₹/barrel,Energy
2024-12-09,68.37000274658203,68.87999725341797,67.08000183105469,67.1500015258789,297085,84.66600036621094,5685.32,5831.79,5679.4,5788.61,0.01719632737336907,152.39000000000033,Crude oil,CL=F,₹/barrel,Energy
2024-12-10,68.58999633789062,69.05999755859375,67.72000122070312,68.19000244140625,286003,84.84729766845703,5785.74,5859.55,5745.86,5819.68,0.005367437087660187,113.69000000000051,Crude oil,CL=F,₹/barrel,Energy
2024-12-11,70.29000091552734,70.52999877929688,68.44000244140625,68.5,335892,84.8740005493164,5813.87,5986.16,5808.78,5965.79,0.025106191405712908,177.3800000000001,Crude oil,CL=F,₹/barrel,Energy
2024-12-12,70.0199966430664,70.72000122070312,69.13999938964844,70.43000030517578,326046,84.85710144042969,5976.49,6001.09,5867.02,5941.69,-0.004039699687719556,134.0699999999997,Crude oil,CL=F,₹/barrel,Energy
2024-12-13,71.29000091552734,71.41999816894531,69.87000274658203,70.05999755859375,230429,84.83920288085938,5943.83,6059.22,5927.72,6048.19,0.01792419328507555,131.5,Crude oil,CL=F,₹/barrel,Energy
2024-12-16,70.70999908447266,71.44000244140625,70.37000274658203,71.44000244140625,204296,84.802001953125,6058.26,6058.26,5967.52,5996.35,-0.008571159305511111,90.73999999999978,Crude oil,CL=F,₹/barrel,Energy
2024-12-17,70.08000183105469,70.91999816894531,69.18000030517578,70.61000061035156,99604,84.91729736328125,5996.01,6022.33,5874.58,5951.0,-0.007562934118255371,147.75,Crude oil,CL=F,₹/barrel,Energy
2024-12-18,70.58000183105469,71.37999725341797,69.98999786376953,70.22000122070312,99386,84.91539764404297,5962.76,6061.26,5943.23,5993.33,0.00711309023693496,118.03000000000065,Crude oil,CL=F,₹/barrel,Energy
2024-12-19,69.91000366210938,71.26000213623047,69.69999694824219,70.13999938964844,291660,85.16549682617188,5973.51,6068.89,5936.03,5953.92,-0.006575643256753749,132.86000000000058,Crude oil,CL=F,₹/barrel,Energy
2024-12-20,69.45999908447266,69.8499984741211,68.41999816894531,69.2300033569336,231592,85.27940368652344,5903.89,5956.77,5834.82,5923.51,-0.005107559389444294,121.95000000000073,Crude oil,CL=F,₹/barrel,Energy
2024-12-23,69.23999786376953,69.94000244140625,68.58999633789062,69.4000015258789,188843,84.94499969482422,5895.18,5941.05,5826.38,5881.59,-0.007076885157617729,114.67000000000007,Crude oil,CL=F,₹/barrel,Energy
2024-12-24,70.0999984741211,70.43000030517578,69.36000061035156,69.55999755859375,122602,85.0988998413086,5919.48,5993.52,5902.46,5965.43,0.01425464882795291,91.0600000000004,Crude oil,CL=F,₹/barrel,Energy
2024-12-26,69.62000274658203,70.75,69.33000183105469,70.19999694824219,144877,85.41339874267578,5996.02,6043.0,5921.71,5946.48,-0.003176636051382853,121.28999999999996,Crude oil,CL=F,₹/barrel,Energy
2024-12-27,70.5999984741211,70.75,69.44000244140625,69.68000030517578,172641,85.26090240478516,5940.98,6032.21,5920.52,6019.42,0.012266080101169141,111.6899999999996,Crude oil,CL=F,₹/barrel,Energy
2024-12-30,70.98999786376953,71.55999755859375,70.12000274658203,70.41999816894531,199296,85.38600158691406,6012.88,6110.22,5987.27,6061.55,0.0069990131939621225,122.94999999999982,Crude oil,CL=F,₹/barrel,Energy
2024-12-31,71.72000122070312,72.0199966430664,70.87000274658203,71.1500015258789,151155,85.7865982055664,6103.72,6178.35,6079.7,6152.61,0.015022560236243043,98.65000000000055,Crude oil,CL=F,₹/barrel,Energy
2025-01-02,73.12999725341797,73.7300033569336,71.79000091552734,71.8499984741211,306498,85.78569793701172,6163.7,6324.98,6158.56,6273.51,0.01965019723336936,166.41999999999916,Crude oil,CL=F,₹/barrel,Energy
2025-01-03,73.95999908447266,74.3499984741211,72.69999694824219,73.12999725341797,296040,85.80400085449219,6274.85,6379.53,6237.95,6346.06,0.011564498980634497,141.57999999999993,Crude oil,CL=F,₹/barrel,Energy
2025-01-06,73.55999755859375,74.98999786376953,73.19999694824219,74.05000305175781,306042,85.75900268554688,6350.45,6431.07,6277.56,6308.43,-0.0059296634447200125,153.5099999999993,Crude oil,CL=F,₹/barrel,Energy
2025-01-07,74.25,74.52999877929688,73.11000061035156,73.44000244140625,277328,85.68070220947266,6292.39,6385.78,6264.12,6361.79,0.0084585229605465,121.65999999999985,Crude oil,CL=F,₹/barrel,Energy
2025-01-08,73.31999969482422,75.29000091552734,73.16000366210938,74.5199966430664,328617,85.80650329589844,6394.3,6460.37,6277.6,6291.33,-0.011075499191265381,182.76999999999953,Crude oil,CL=F,₹/barrel,Energy
2025-01-09,73.91999816894531,74.31999969482422,72.83999633789062,73.31999969482422,213421,85.90750122070312,6298.74,6384.65,6257.5,6350.28,0.009370037813943854,127.14999999999964,Crude oil,CL=F,₹/barrel,Energy
2025-01-10,76.56999969482422,77.86000061035156,74.0199966430664,74.29000091552734,478432,85.91999816894531,6383.0,6689.73,6359.8,6578.89,0.035999987402130396,329.9299999999994,Crude oil,CL=F,₹/barrel,Energy
2025-01-13,78.81999969482422,79.2699966430664,76.54000091552734,76.54000091552734,460942,86.18800354003906,6596.83,6832.12,6596.83,6793.34,0.03259668424308648,235.28999999999996,Crude oil,CL=F,₹/barrel,Energy
2025-01-14,77.5,79.08999633789062,77.41000366210938,78.81999969482422,326729,86.65059661865234,6829.8,6853.2,6707.62,6715.42,-0.01147005743860896,145.57999999999993,Crude oil,CL=F,₹/barrel,Energy
2025-01-15,80.04000091552734,80.7699966430664,77.23999786376953,78.02999877929688,321422,86.535400390625,6752.36,6989.46,6683.99,6926.29,0.031400865470812,305.47000000000025,Crude oil,CL=F,₹/barrel,Energy
2025-01-16,78.68000030517578,80.58999633789062,77.87000274658203,80.4000015258789,159948,86.43099975585938,6949.05,6965.47,6730.38,6800.39,-0.018177119352495996,235.09000000000015,Crude oil,CL=F,₹/barrel,Energy
2025-01-17,77.87999725341797,79.44000244140625,77.76000213623047,78.75,112409,86.6061019897461,6820.23,6879.99,6734.49,6744.88,-0.008162767135414306,145.5,Crude oil,CL=F,₹/barrel,Energy
2025-01-21,75.88999938964844,78.47000122070312,75.48999786376953,78.19000244140625,568807,86.21109771728516,6740.85,6764.98,6508.08,6542.56,-0.029996085919986704,256.89999999999964,Crude oil,CL=F,₹/barrel,Energy
2025-01-22,75.44000244140625,76.44999694824219,75.27999877929688,75.87999725341797,315333,86.45189666748047,6559.97,6609.25,6508.1,6521.93,-0.003153199970653664,101.14999999999964,Crude oil,CL=F,₹/barrel,Energy
2025-01-23,74.62000274658203,76.0,74.13999938964844,75.38999938964844,350688,86.47270202636719,6519.18,6571.93,6411.09,6452.59,-0.010631822175337646,160.84000000000015,Crude oil,CL=F,₹/barrel,Energy
2025-01-24,74.66000366210938,75.20999908447266,74.01000213623047,74.30000305175781,319679,86.44020080566406,6422.51,6501.17,6397.44,6453.63,0.00016117558995687453,103.73000000000047,Crude oil,CL=F,₹/barrel,Energy
2025-01-27,73.16999816894531,75.1500015258789,72.37999725341797,74.54000091552734,334418,86.2030029296875,6425.57,6478.16,6239.37,6307.47,-0.02264771919059505,238.78999999999996,Crude oil,CL=F,₹/barrel,Energy
2025-01-28,73.7699966430664,74.30999755859375,72.93000030517578,73.1500015258789,326075,86.46839904785156,6325.16,6425.47,6306.14,6378.77,0.011304056935665274,119.32999999999993,Crude oil,CL=F,₹/barrel,Energy
2025-01-29,72.62000274658203,74.08000183105469,72.33000183105469,73.94999694824219,312733,86.58460235595703,6402.93,6414.19,6262.66,6287.77,-0.014266073239825205,151.52999999999975,Crude oil,CL=F,₹/barrel,Energy
2025-01-30,72.7300033569336,73.83999633789062,72.0199966430664,73.0,336475,86.6406021118164,6324.76,6397.54,6239.86,6301.37,0.002162928987542445,157.6800000000003,Crude oil,CL=F,₹/barrel,Energy
2025-01-31,72.52999877929688,73.83999633789062,71.94000244140625,73.19999694824219,376335,86.64700317382812,6342.56,6398.01,6233.39,6284.51,-0.002675608637486726,164.6199999999999,Crude oil,CL=F,₹/barrel,Energy
2025-02-03,73.16000366210938,75.18000030517578,72.05000305175781,74.13999938964844,517853,86.55400085449219,6417.11,6507.13,6236.22,6332.29,0.007602820267610388,270.90999999999985,Crude oil,CL=F,₹/barrel,Energy
2025-02-04,72.69999694824219,73.3499984741211,70.66999816894531,72.3499984741211,452961,86.94339752197266,6290.35,6377.3,6144.29,6320.78,-0.0018176678579155947,233.01000000000022,Crude oil,CL=F,₹/barrel,Energy
2025-02-05,71.02999877929688,72.97000122070312,70.95999908447266,72.76000213623047,289902,87.13009643554688,6339.59,6357.88,6182.75,6188.85,-0.020872423972990606,175.1300000000001,Crude oil,CL=F,₹/barrel,Energy
2025-02-06,70.61000061035156,71.8499984741211,70.43000030517578,71.18000030517578,299037,87.33409881591797,6216.44,6274.95,6150.94,6166.66,-0.003585480339643121,124.01000000000022,Crude oil,CL=F,₹/barrel,Energy
2025-02-07,71.0,71.41000366210938,70.47000122070312,70.55999755859375,273766,87.58830261230469,6180.23,6254.68,6172.35,6218.77,0.008450279405707528,82.32999999999993,Crude oil,CL=F,₹/barrel,Energy
2025-02-10,72.31999969482422,72.54000091552734,70.83999633789062,71.0,255941,87.51309967041016,6213.43,6348.2,6199.43,6328.95,0.01771732995431563,148.76999999999953,Crude oil,CL=F,₹/barrel,Energy
2025-02-11,73.31999969482422,73.68000030517578,72.30999755859375,72.48999786376953,266819,87.49009704589844,6342.16,6446.27,6326.41,6414.77,0.013559911201700192,119.86000000000058,Crude oil,CL=F,₹/barrel,Energy
2025-02-12,71.37000274658203,73.22000122070312,71.16999816894531,73.19999694824219,318123,86.81120300292969,6354.58,6356.32,6178.35,6195.72,-0.03414775588212826,177.96999999999935,Crude oil,CL=F,₹/barrel,Energy
2025-02-13,71.29000091552734,71.5999984741211,70.22000122070312,71.23999786376953,278197,86.8740005493164,6188.9,6220.18,6100.29,6193.25,-0.0003986623023636282,119.89000000000033,Crude oil,CL=F,₹/barrel,Energy
2025-02-14,70.73999786376953,72.0199966430664,70.5199966430664,71.5199966430664,207719,86.75409698486328,6204.65,6248.03,6117.9,6136.98,-0.009085698139103093,130.1300000000001,Crude oil,CL=F,₹/barrel,Energy
2025-02-18,71.8499984741211,72.06999969482422,70.12000274658203,70.69999694824219,130937,86.85479736328125,6140.63,6259.63,6090.26,6240.52,0.016871490537691214,169.3699999999999,Crude oil,CL=F,₹/barrel,Energy
2025-02-19,72.25,73.04000091552734,71.70999908447266,71.77999877929688,69012,86.88719940185547,6236.76,6346.24,6230.68,6277.6,0.00594181254126247,115.55999999999949,Crude oil,CL=F,₹/barrel,Energy
2025-02-20,72.56999969482422,73.25,71.8499984741211,72.18000030517578,240060,86.872802734375,6270.48,6363.43,6241.81,6304.36,0.004262775583025347,121.61999999999989,Crude oil,CL=F,₹/barrel,Energy
2025-02-21,70.4000015258789,72.7699966430664,70.16999816894531,72.58000183105469,268470,86.45120239257812,6274.63,6291.05,6066.28,6086.16,-0.034610967647786595,224.77000000000044,Crude oil,CL=F,₹/barrel,Energy
2025-02-24,70.69999694824219,70.94000244140625,69.80000305175781,69.80000305175781,205468,86.52940368652344,6039.75,6138.4,6039.75,6117.63,0.005170748057888863,98.64999999999964,Crude oil,CL=F,₹/barrel,Energy
2025-02-25,68.93000030517578,71.26000213623047,68.68000030517578,70.91999816894531,267310,86.69010162353516,6148.06,6177.54,5953.88,5975.55,-0.02322468014574275,223.65999999999985,Crude oil,CL=F,₹/barrel,Energy
2025-02-26,68.62000274658203,69.27999877929688,68.36000061035156,69.11000061035156,255601,87.0811996459961,6018.18,6032.99,5952.87,5975.51,-6.69394449048788e-06,80.11999999999989,Crude oil,CL=F,₹/barrel,Energy
2025-02-27,70.3499984741211,70.54000091552734,68.61000061035156,68.81999969482422,265933,87.16220092773438,5998.5,6148.42,5980.2,6131.86,0.02616513067503856,168.22000000000025,Crude oil,CL=F,₹/barrel,Energy
2025-02-28,69.76000213623047,70.29000091552734,69.13999938964844,70.16999816894531,250074,87.3270034790039,6127.74,6138.22,6037.79,6091.93,-0.006511890356270311,100.43000000000029,Crude oil,CL=F,₹/barrel,Energy
2025-03-03,68.37000274658203,70.5999984741211,67.88999938964844,69.94999694824219,332751,87.46399688720703,6118.11,6174.96,5937.93,5979.91,-0.0183882611914451,237.02999999999975,Crude oil,CL=F,₹/barrel,Energy
2025-03-04,68.26000213623047,68.55999755859375,66.7699966430664,68.45999908447266,386750,87.32959747314453,5978.58,5987.32,5831.0,5961.12,-0.003142187758678583,156.3199999999997,Crude oil,CL=F,₹/barrel,Energy
2025-03-05,66.30999755859375,68.0999984741211,65.22000122070312,68.08000183105469,382493,87.21700286865234,5937.73,5939.48,5688.29,5783.36,-0.02981989961617959,251.1899999999996,Crude oil,CL=F,₹/barrel,Energy
2025-03-06,66.36000061035156,67.08999633789062,65.58999633789062,66.38999938964844,341632,86.88929748535156,5768.58,5829.4,5699.07,5765.97,-0.0030069025618324474,130.32999999999993,Crude oil,CL=F,₹/barrel,Energy
2025-03-07,67.04000091552734,68.22000122070312,66.12000274658203,66.33999633789062,329710,87.12879943847656,5780.12,5943.93,5760.96,5841.11,0.013031632145154903,182.97000000000025,Crude oil,CL=F,₹/barrel,Energy
2025-03-10,66.02999877929688,67.5999984741211,65.80000305175781,67.11000061035156,249633,87.07379913330078,5843.52,5886.19,5729.46,5749.48,-0.015687086872187006,156.72999999999956,Crude oil,CL=F,₹/barrel,Energy
2025-03-11,66.25,67.16999816894531,65.29000091552734,65.94999694824219,222511,87.3551025390625,5761.07,5867.64,5703.41,5787.28,0.006574507607644442,164.23000000000047,Crude oil,CL=F,₹/barrel,Energy
2025-03-12,67.68000030517578,67.87999725341797,66.1500015258789,66.62000274658203,246675,87.20010375976562,5809.27,5919.14,5768.29,5901.7,0.019770945936605777,150.85000000000036,Crude oil,CL=F,₹/barrel,Energy
2025-03-13,66.55000305175781,67.94000244140625,66.37000274658203,67.69000244140625,268590,87.3405990600586,5912.09,5933.92,5796.8,5812.52,-0.015110900249080683,137.1199999999999,Crude oil,CL=F,₹/barrel,Energy
2025-03-14,67.18000030517578,67.4800033569336,66.58999633789062,66.77999877929688,180495,86.9220962524414,5804.66,5865.5,5788.14,5839.43,0.004629661489336856,77.35999999999967,Crude oil,CL=F,₹/barrel,Energy
2025-03-17,67.58000183105469,68.37000274658203,67.25,67.3499984741211,161298,86.93900299072266,5855.34,5944.02,5846.65,5875.34,0.006149572817894855,97.3700000000008,Crude oil,CL=F,₹/barrel,Energy
2025-03-18,66.9000015258789,68.72000122070312,66.55999755859375,67.4000015258789,110338,86.91639709472656,5858.17,5972.89,5785.16,5814.71,-0.010319402792008603,187.73000000000047,Crude oil,CL=F,₹/barrel,Energy
2025-03-19,67.16000366210938,67.62999725341797,66.20999908447266,66.72000122070312,73077,86.57610321044922,5776.36,5855.14,5732.2,5814.45,-4.4714181790750374e-05,122.94000000000051,Crude oil,CL=F,₹/barrel,Energy
2025-03-20,68.26000213623047,68.47000122070312,66.87999725341797,67.29000091552734,283376,86.33709716796875,5809.62,5911.5,5774.22,5893.37,0.013573080858894748,137.27999999999975,Crude oil,CL=F,₹/barrel,Energy
2025-03-21,68.27999877929688,68.6500015258789,67.6500015258789,68.3499984741211,198964,86.33609771728516,5901.07,5926.97,5840.64,5895.03,0.00028167245565779986,86.32999999999993,Crude oil,CL=F,₹/barrel,Energy
2025-03-24,69.11000061035156,69.33000183105469,67.94999694824219,68.3499984741211,247024,85.98699951171875,5877.21,5961.48,5842.82,5942.56,0.008062724023457202,118.65999999999985,Crude oil,CL=F,₹/barrel,Energy
2025-03-25,69.0,69.68000030517578,68.5199966430664,69.16000366210938,258411,85.53209686279297,5915.4,5959.88,5860.66,5901.71,-0.006874141784012355,99.22000000000025,Crude oil,CL=F,₹/barrel,Energy
2025-03-26,69.6500015258789,70.22000122070312,69.05999755859375,69.16000366210938,262413,85.59040069580078,5919.43,6010.16,5910.87,5961.37,0.010108934529144964,99.28999999999996,Crude oil,CL=F,₹/barrel,Energy
2025-03-27,69.91999816894531,69.97000122070312,69.12000274658203,69.95999908447266,211825,86.09539794921875,6023.23,6024.1,5950.91,6019.79,0.00979976079324052,73.19000000000051,Crude oil,CL=F,₹/barrel,Energy
2025-03-28,69.36000061035156,70.08999633789062,68.87000274658203,69.91000366210938,246650,85.69490051269531,5990.93,6006.36,5901.81,5943.8,-0.01262336393794461,104.54999999999927,Crude oil,CL=F,₹/barrel,Energy
2025-03-31,71.4800033569336,71.83000183105469,68.80999755859375,69.43000030517578,313087,85.53880310058594,5938.96,6144.25,5885.92,6114.31,0.0286870352299875,258.3299999999999,Crude oil,CL=F,₹/barrel,Energy
2025-04-01,71.19999694824219,72.0999984741211,71.02999877929688,71.38999938964844,272832,85.46810150146484,6101.57,6162.25,6070.8,6085.33,-0.0047397008002538765,91.44999999999982,Crude oil,CL=F,₹/barrel,Energy
2025-04-02,71.70999908447266,72.27999877929688,70.58999633789062,71.19999694824219,286501,85.61009979248047,6095.44,6187.9,6043.22,6139.1,0.008836003963630601,144.67999999999938,Crude oil,CL=F,₹/barrel,Energy
2025-04-03,66.94999694824219,70.41000366210938,65.9800033569336,70.37999725341797,459238,85.65119934082031,6028.13,6030.7,5651.27,5734.35,-0.06592985942564866,379.4299999999994,Crude oil,CL=F,₹/barrel,Energy
2025-04-04,61.9900016784668,66.9000015258789,60.45000076293945,66.63999938964844,559638,85.28289794921875,5683.25,5705.43,5155.35,5286.69,-0.07806638939025357,550.0799999999999,Crude oil,CL=F,₹/barrel,Energy
2025-04-07,60.70000076293945,63.900001525878906,58.95000076293945,61.119998931884766,597617,85.529296875,5227.55,5465.32,5041.95,5191.63,-0.017981005127972183,423.3699999999999,Crude oil,CL=F,₹/barrel,Energy
2025-04-08,59.58000183105469,61.75,57.880001068115234,61.029998779296875,557655,86.0270004272461,5250.23,5312.17,4979.24,5125.49,-0.012739736845653549,332.9300000000003,Crude oil,CL=F,₹/barrel,Energy
2025-04-09,62.349998474121094,62.93000030517578,55.119998931884766,58.31999969482422,592250,86.435302734375,5040.91,5439.37,4764.31,5389.24,0.05145849470001895,675.0599999999995,Crude oil,CL=F,₹/barrel,Energy
2025-04-10,60.06999969482422,63.34000015258789,58.7599983215332,62.709999084472656,391826,86.20929718017578,5406.18,5460.5,5065.66,5178.59,-0.03908714401288482,394.84000000000015,Crude oil,CL=F,₹/barrel,Energy
2025-04-11,61.5,61.869998931884766,59.43000030517578,60.20000076293945,306231,86.2603988647461,5192.88,5336.93,5126.46,5305.01,0.024412050384370998,210.47000000000025,Crude oil,CL=F,₹/barrel,Energy
2025-04-14,61.529998779296875,62.68000030517578,60.59000015258789,61.70000076293945,238068,86.19300079345703,5318.11,5402.58,5222.43,5303.46,-0.0002921766405719062,180.14999999999964,Crude oil,CL=F,₹/barrel,Energy
2025-04-15,61.33000183105469,62.060001373291016,60.880001068115234,61.58000183105469,197404,86.0447998046875,5298.64,5339.94,5238.41,5277.13,-0.004964683433079542,101.52999999999975,Crude oil,CL=F,₹/barrel,Energy
2025-04-16,62.470001220703125,62.97999954223633,60.439998626708984,61.540000915527344,213194,85.72669982910156,5275.62,5399.07,5181.32,5355.35,0.014822450839755641,217.75,Crude oil,CL=F,₹/barrel,Energy
2025-04-17,64.68000030517578,64.86000061035156,62.61000061035156,62.630001068115234,111479,85.62049865722656,5362.41,5553.35,5360.7,5537.93,0.03409300979394425,192.65000000000055,Crude oil,CL=F,₹/barrel,Energy
2025-04-21,63.08000183105469,64.41999816894531,62.45000076293945,64.30000305175781,82671,85.62049865722656,5505.4,5515.67,5347.0,5400.94,-0.0247366795896663,168.67000000000007,Crude oil,CL=F,₹/barrel,Energy
2025-04-22,64.30999755859375,65.08999633789062,63.43000030517578,63.43000030517578,297928,85.15889739990234,5401.63,5542.99,5401.63,5476.57,0.014003117975759816,141.35999999999967,Crude oil,CL=F,₹/barrel,Energy
2025-04-23,62.27000045776367,64.87000274658203,61.529998779296875,64.0,397841,85.2323989868164,5454.87,5529.03,5244.35,5307.42,-0.030886120327139,284.6799999999994,Crude oil,CL=F,₹/barrel,Energy
2025-04-24,62.790000915527344,63.310001373291016,61.9900016784668,62.34000015258789,264908,85.4999008178711,5330.06,5413.0,5300.14,5368.54,0.011515953137305912,112.85999999999967,Crude oil,CL=F,₹/barrel,Energy
2025-04-25,63.02000045776367,63.40999984741211,61.79999923706055,62.86000061035156,283758,85.2573013305664,5359.27,5406.17,5268.9,5372.92,0.0008158642759483747,137.27000000000044,Crude oil,CL=F,₹/barrel,Energy
2025-04-28,62.04999923706055,63.91999816894531,61.47999954223633,63.4900016784668,276116,85.38490295410156,5421.09,5457.8,5249.46,5298.13,-0.013919805245564798,208.34000000000015,Crude oil,CL=F,₹/barrel,Energy
2025-04-29,60.41999816894531,62.06999969482422,60.119998931884766,61.869998931884766,312373,85.1603012084961,5268.87,5285.9,5119.84,5145.39,-0.028829039680038027,166.0599999999995,Crude oil,CL=F,₹/barrel,Energy
2025-04-30,58.209999084472656,60.43000030517578,57.90999984741211,60.15999984741211,419549,85.1707992553711,5123.88,5146.87,4932.24,4957.79,-0.03645982131577985,214.6300000000001,Crude oil,CL=F,₹/barrel,Energy
2025-05-01,59.2400016784668,59.5,56.38999938964844,58.15999984741211,364216,84.53119659423828,4916.33,5029.61,4766.71,5007.63,0.010052866297281637,262.89999999999964,Crude oil,CL=F,₹/barrel,Energy
2025-05-02,58.290000915527344,59.869998931884766,57.7400016784668,58.9900016784668,322096,84.69670104980469,4996.26,5070.79,4890.39,4936.97,-0.014110467426706852,180.39999999999964,Crude oil,CL=F,₹/barrel,Energy
2025-05-05,57.130001068115234,57.70000076293945,55.29999923706055,56.7599983215332,308387,84.52629852294922,4797.71,4877.17,4674.3,4828.99,-0.021871714837238265,202.8699999999999,Crude oil,CL=F,₹/barrel,Energy
2025-05-06,59.09000015258789,59.84000015258789,57.029998779296875,57.25,343893,84.2208023071289,4821.64,5039.77,4803.11,4976.61,0.030569539386082756,236.66000000000076,Crude oil,CL=F,₹/barrel,Energy
2025-05-07,58.06999969482422,60.2599983215332,57.810001373291016,58.97999954223633,295238,84.79319763183594,5001.1,5109.64,4901.89,4923.94,-0.010583509658181,207.75,Crude oil,CL=F,₹/barrel,Energy
2025-05-08,59.90999984741211,60.290000915527344,57.7400016784668,57.93000030517578,281000,84.81719970703125,4913.46,5113.63,4897.35,5081.4,0.03197845627688389,216.27999999999975,Crude oil,CL=F,₹/barrel,Energy
2025-05-09,61.02000045776367,61.45000076293945,59.88999938964844,60.25,239640,86.08219909667969,5186.45,5289.75,5155.46,5252.74,0.0337190538040697,134.28999999999996,Crude oil,CL=F,₹/barrel,Energy
2025-05-12,61.95000076293945,63.61000061035156,61.02000045776367,61.38999938964844,325865,85.4083023071289,5243.22,5432.82,5211.61,5291.04,0.0072914326618107594,221.21000000000004,Crude oil,CL=F,₹/barrel,Energy
2025-05-13,63.66999816894531,63.900001525878906,61.650001525878906,62.0,258795,84.9656982421875,5267.87,5429.31,5238.14,5409.77,0.022439822794762643,191.17000000000007,Crude oil,CL=F,₹/barrel,Energy
2025-05-14,63.150001525878906,63.68000030517578,62.75,63.619998931884766,225626,85.060302734375,5411.54,5416.64,5337.53,5371.56,-0.007063146862066216,79.11000000000058,Crude oil,CL=F,₹/barrel,Energy
2025-05-15,61.619998931884766,62.90999984741211,60.470001220703125,62.880001068115234,258404,85.48760223388672,5375.46,5378.03,5169.44,5267.75,-0.019325856920522244,208.59000000000015,Crude oil,CL=F,₹/barrel,Energy
2025-05-16,62.4900016784668,62.709999084472656,61.25,61.70000076293945,121556,85.44490051269531,5271.95,5358.25,5233.5,5339.45,0.013611124294053312,124.75,Crude oil,CL=F,₹/barrel,Energy
2025-05-19,62.689998626708984,63.400001525878906,61.56999969482422,62.75,95570,85.50029754638672,5365.14,5420.72,5264.25,5360.01,0.0038505838616338384,156.47000000000025,Crude oil,CL=F,₹/barrel,Energy
2025-05-20,62.560001373291016,63.16999816894531,62.189998626708984,62.68000030517578,250414,85.37210083007812,5351.12,5392.96,5309.29,5340.88,-0.0035690231921209348,83.67000000000007,Crude oil,CL=F,₹/barrel,Energy
2025-05-21,61.56999969482422,64.19000244140625,61.279998779296875,62.27000045776367,302702,85.53610229492188,5326.33,5490.56,5241.65,5266.46,-0.013934033342819951,248.91000000000076,Crude oil,CL=F,₹/barrel,Energy
2025-05-22,61.20000076293945,61.75,60.25,61.33000183105469,258549,85.60030364990234,5249.87,5285.82,5157.42,5238.74,-0.005263497681554652,128.39999999999964,Crude oil,CL=F,₹/barrel,Energy
2025-05-23,61.529998779296875,61.880001068115234,60.02000045776367,60.810001373291016,273392,85.97489929199219,5228.13,5320.13,5160.21,5290.04,0.009792431004401747,159.92000000000007,Crude oil,CL=F,₹/barrel,Energy
2025-05-27,60.88999938964844,62.13999938964844,60.2599983215332,61.70000076293945,291317,85.158203125,5254.26,5291.73,5131.63,5185.28,-0.019803252905460145,160.09999999999945,Crude oil,CL=F,₹/barrel,Energy
2025-05-28,61.84000015258789,62.540000915527344,60.849998474121094,61.040000915527344,260374,85.3604965209961,5210.4,5338.45,5194.19,5278.69,0.018014456307084536,144.26000000000022,Crude oil,CL=F,₹/barrel,Energy
2025-05-29,60.939998626708984,63.06999969482422,60.54999923706055,61.83000183105469,299859,85.38590240478516,5279.41,5385.29,5170.12,5203.42,-0.014259219616988172,215.17000000000007,Crude oil,CL=F,₹/barrel,Energy
2025-05-30,60.790000915527344,61.720001220703125,59.7400016784668,60.939998626708984,384927,85.36129760742188,5201.92,5268.5,5099.48,5189.11,-0.002750114347871313,169.02000000000044,Crude oil,CL=F,₹/barrel,Energy
2025-06-02,62.52000045776367,63.880001068115234,61.060001373291016,61.11000061035156,403580,85.52429962158203,5226.39,5463.29,5222.11,5346.98,0.03042332885600807,241.1800000000003,Crude oil,CL=F,₹/barrel,Energy
2025-06-03,63.40999984741211,63.88999938964844,62.400001525878906,63.02000045776367,291260,85.36370086669922,5379.62,5453.89,5326.7,5412.91,0.012330324781465452,127.19000000000051,Crude oil,CL=F,₹/barrel,Energy
2025-06-04,62.849998474121094,63.959999084472656,62.16999816894531,63.36000061035156,321128,85.70880126953125,5430.51,5481.93,5328.52,5386.8,-0.00482365308124455,153.40999999999985,Crude oil,CL=F,₹/barrel,Energy
2025-06-05,63.369998931884766,63.97999954223633,62.5,62.7599983215332,232423,85.9041976928711,5391.35,5496.15,5369.01,5443.75,0.010572139303482553,127.13999999999942,Crude oil,CL=F,₹/barrel,Energy
2025-06-06,64.58000183105469,64.80000305175781,62.81999969482422,63.33000183105469,310133,85.87750244140625,5438.62,5564.86,5394.82,5545.97,0.018777497129736087,170.03999999999996,Crude oil,CL=F,₹/barrel,Energy
2025-06-09,65.29000091552734,65.43000030517578,64.19999694824219,64.80000305175781,235900,85.7853012084961,5558.89,5612.93,5507.42,5600.92,0.009908095427851205,105.51000000000022,Crude oil,CL=F,₹/barrel,Energy
2025-06-10,64.9800033569336,66.27999877929688,64.56999969482422,65.45999908447266,279021,85.75599670410156,5613.59,5683.91,5537.26,5572.42,-0.005088449754683144,146.64999999999964,Crude oil,CL=F,₹/barrel,Energy
2025-06-11,68.1500015258789,68.37000274658203,64.5999984741211,64.76000213623047,378473,85.65280151367188,5546.88,5856.08,5533.17,5837.24,0.04752333815469756,322.90999999999985,Crude oil,CL=F,₹/barrel,Energy
2025-06-12,68.04000091552734,69.29000091552734,66.72000122070312,69.02999877929688,379394,85.46980285644531,5899.98,5922.2,5702.55,5815.37,-0.0037466336830419555,219.64999999999964,Crude oil,CL=F,₹/barrel,Energy
2025-06-13,72.9800033569336,77.62000274658203,68.48999786376953,68.9000015258789,715652,85.68840026855469,5903.93,6651.13,5868.8,6253.54,0.07534688248555121,782.3299999999999,Crude oil,CL=F,₹/barrel,Energy
2025-06-16,71.7699966430664,77.48999786376953,69.37999725341797,76.54000091552734,367312,86.24919891357422,6601.51,6683.45,5983.97,6190.1,-0.010144654067935854,699.4799999999996,Crude oil,CL=F,₹/barrel,Energy
2025-06-17,74.83999633789062,75.54000091552734,71.0,71.11000061035156,154264,86.10420227050781,6122.87,6504.31,6113.4,6444.04,0.0410235698938628,390.91000000000076,Crude oil,CL=F,₹/barrel,Energy
2025-06-18,75.13999938964844,76.06999969482422,72.94000244140625,75.61000061035156,0,86.36270141601562,6529.88,6569.61,6299.3,6489.29,0.007021992414696365,270.3099999999995,Crude oil,CL=F,₹/barrel,Energy
2025-06-20,74.93000030517578,77.58000183105469,74.30000305175781,74.5999984741211,678377,86.58380126953125,6459.15,6717.17,6433.18,6487.72,-0.00024193709943609587,283.9899999999998,Crude oil,CL=F,₹/barrel,Energy
2025-06-23,68.51000213623047,78.4000015258789,66.5999984741211,78.0,728868,86.5802993774414,6753.26,6787.9,5766.25,5931.62,-0.08571578304859029,1021.6499999999996,Crude oil,CL=F,₹/barrel,Energy
2025-06-24,64.37000274658203,67.83000183105469,64.0,67.73999786376953,541475,86.23300170898438,5841.42,5849.18,5518.91,5550.82,-0.06419831344556803,330.27000000000044,Crude oil,CL=F,₹/barrel,Energy
2025-06-25,64.91999816894531,66.02999877929688,64.51000213623047,65.12000274658203,278504,85.90480041503906,5594.12,5672.29,5541.72,5576.94,0.004705611062870041,130.5699999999997,Crude oil,CL=F,₹/barrel,Energy
2025-06-26,65.23999786376953,66.41999816894531,64.66000366210938,64.9800033569336,233771,86.006103515625,5588.68,5712.53,5561.15,5611.04,0.00611446420438444,151.3800000000001,Crude oil,CL=F,₹/barrel,Energy
2025-06-27,65.5199966430664,66.08999633789062,64.80000305175781,65.30000305175781,236284,85.66639709472656,5594.02,5661.69,5551.18,5612.86,0.0003243605463514321,110.50999999999931,Crude oil,CL=F,₹/barrel,Energy
2025-06-30,65.11000061035156,65.81999969482422,64.5,65.1500015258789,193289,85.4552993774414,5567.41,5624.67,5511.87,5563.99,-0.008706791190230989,112.80000000000018,Crude oil,CL=F,₹/barrel,Energy
2025-07-01,65.44999694824219,65.9800033569336,64.66999816894531,64.95999908447266,193162,85.71399688720703,5567.98,5655.41,5543.12,5609.98,0.00826565108851729,112.28999999999996,Crude oil,CL=F,₹/barrel,Energy
2025-07-02,67.44999694824219,67.58000183105469,65.2300033569336,65.55999755859375,265200,85.6427993774414,5614.74,5787.74,5586.48,5776.61,0.02970242318154437,201.26000000000022,Crude oil,CL=F,₹/barrel,Energy
2025-07-03,67.0,67.58000183105469,66.52999877929688,67.5,0,85.69409942626953,5784.35,5791.21,5701.23,5741.5,-0.006077959218295792,89.98000000000047,Crude oil,CL=F,₹/barrel,Energy
2025-07-04,66.5,67.18000030517578,66.04000091552734,67.12999725341797,0,85.31909942626953,5727.47,5731.74,5634.47,5673.72,-0.0118052773665418,97.26999999999953,Crude oil,CL=F,₹/barrel,Energy
2025-07-07,67.93000030517578,68.31999969482422,65.4000015258789,65.69999694824219,332949,85.49629974365234,5617.11,5841.11,5591.46,5807.76,0.023624711829276057,249.64999999999964,Crude oil,CL=F,₹/barrel,Energy
2025-07-08,68.33000183105469,68.91000366210938,67.33000183105469,67.95999908447266,219882,85.89199829101562,5837.22,5918.82,5783.11,5869.0,0.010544512858658095,135.71000000000004,Crude oil,CL=F,₹/barrel,Energy
2025-07-09,68.37999725341797,68.94000244140625,67.69999694824219,68.18000030517578,223945,85.7073974609375,5843.53,5908.67,5802.39,5860.67,-0.0014193218606236568,106.27999999999975,Crude oil,CL=F,₹/barrel,Energy
2025-07-10,66.56999969482422,68.6500015258789,66.44999694824219,68.29000091552734,258654,85.70850372314453,5853.03,5883.89,5695.33,5705.62,-0.02645601953360288,188.5600000000004,Crude oil,CL=F,₹/barrel,Energy
2025-07-11,68.44999694824219,68.7699966430664,66.5,66.8499984741211,226297,85.73480224609375,5731.37,5895.98,5701.36,5868.55,0.028556055257798585,194.6199999999999,Crude oil,CL=F,₹/barrel,Energy
2025-07-14,66.9800033569336,69.6500015258789,66.80000305175781,68.68000030517578,263877,85.82129669189453,5894.21,5977.45,5732.86,5748.31,-0.020488877150232954,244.59000000000015,Crude oil,CL=F,₹/barrel,Energy
2025-07-15,66.5199966430664,67.12999725341797,66.22000122070312,66.86000061035156,252724,85.96839904785156,5747.85,5771.06,5692.83,5718.62,-0.005164996320657811,78.23000000000047,Crude oil,CL=F,₹/barrel,Energy
2025-07-16,66.37999725341797,67.01000213623047,65.41999816894531,66.7300033569336,248346,85.99310302734375,5738.32,5762.4,5625.67,5708.22,-0.0018186205762927843,136.72999999999956,Crude oil,CL=F,₹/barrel,Energy
2025-07-17,67.54000091552734,67.69000244140625,66.29000091552734,66.5999984741211,188802,85.88520050048828,5719.95,5813.57,5693.33,5800.69,0.016199445711622795,120.23999999999978,Crude oil,CL=F,₹/barrel,Energy
2025-07-18,67.33999633789062,68.95999908447266,67.19999694824219,67.5999984741211,107628,86.04650115966797,5816.74,5933.77,5782.32,5794.37,-0.0010895255564423723,151.45000000000073,Crude oil,CL=F,₹/barrel,Energy
2025-07-21,67.19999694824219,67.76000213623047,66.45999908447266,67.31999969482422,81194,86.14859771728516,5799.52,5837.43,5725.44,5789.19,-0.0008939712168881675,111.99000000000069,Crude oil,CL=F,₹/barrel,Energy
2025-07-22,66.20999908447266,67.12999725341797,65.98999786376953,67.12000274658203,269991,86.19529724121094,5785.43,5786.29,5688.03,5706.99,-0.014198877563182388,98.26000000000022,Crude oil,CL=F,₹/barrel,Energy
2025-07-23,65.25,65.77999877929688,64.70999908447266,65.48999786376953,251825,86.3427963256836,5654.59,5679.63,5587.24,5633.87,-0.012812358178304173,92.39000000000033,Crude oil,CL=F,₹/barrel,Energy
2025-07-24,66.02999877929688,66.38999938964844,65.33000183105469,65.41999816894531,281209,86.39869689941406,5652.2,5736.01,5644.43,5704.91,0.01260944963231303,91.57999999999993,Crude oil,CL=F,₹/barrel,Energy
2025-07-25,65.16000366210938,66.73999786376953,65.0,66.1500015258789,234283,86.4302978515625,5717.36,5768.36,5617.97,5631.8,-0.012815276665188335,150.38999999999942,Crude oil,CL=F,₹/barrel,Energy
2025-07-28,66.70999908447266,67.13999938964844,65.05000305175781,65.1500015258789,262038,86.506103515625,5635.87,5808.02,5627.22,5770.82,0.024684825455449255,180.80000000000018,Crude oil,CL=F,₹/barrel,Energy
2025-07-29,69.20999908447266,69.76000213623047,66.52999877929688,67.04000091552734,329112,86.77760314941406,5817.57,6053.61,5773.31,6005.88,0.04073251288378432,280.2999999999993,Crude oil,CL=F,₹/barrel,Energy
2025-07-30,70.0,70.51000213623047,68.44999694824219,69.33999633789062,345336,87.06320190429688,6036.96,6138.83,5959.48,6094.42,0.014742219291760783,179.35000000000036,Crude oil,CL=F,₹/barrel,Energy
2025-07-31,69.26000213623047,70.41000366210938,68.55999755859375,70.30000305175781,247031,87.714599609375,6166.34,6175.99,6013.71,6075.11,-0.003168472143370571,162.27999999999975,Crude oil,CL=F,₹/barrel,Energy
2025-08-01,67.33000183105469,69.58000183105469,67.05000305175781,69.3499984741211,355819,87.4894027709961,6067.39,6087.51,5866.16,5890.66,-0.030361590160507324,221.35000000000036,Crude oil,CL=F,₹/barrel,Energy
2025-08-04,66.29000091552734,67.73999786376953,65.45999908447266,66.8499984741211,277375,87.24530029296875,5832.35,5910.0,5711.08,5783.49,-0.0181932075522947,198.92000000000007,Crude oil,CL=F,₹/barrel,Energy
2025-08-05,65.16000366210938,66.38999938964844,65.02999877929688,66.20999908447266,279030,87.89330291748047,5819.42,5835.24,5715.7,5727.13,-0.00974498097169696,119.53999999999996,Crude oil,CL=F,₹/barrel,Energy
2025-08-06,64.3499984741211,66.75,63.63999938964844,65.1500015258789,353827,87.72309875488281,5715.16,5855.52,5582.7,5644.98,-0.014344008255443907,272.8200000000006,Crude oil,CL=F,₹/barrel,Energy
2025-08-07,63.880001068115234,65.11000061035156,63.70000076293945,64.36000061035156,300518,87.76249694824219,5648.39,5714.22,5590.47,5606.27,-0.0068574202211521,123.75,Crude oil,CL=F,₹/barrel,Energy
2025-08-08,63.880001068115234,64.58000183105469,62.77000045776367,63.849998474121094,322939,87.43319702148438,5582.61,5646.44,5488.18,5585.23,-0.003752940903666957,158.2599999999993,Crude oil,CL=F,₹/barrel,Energy
2025-08-11,63.959999084472656,64.44000244140625,63.02000045776367,63.47999954223633,234807,87.48829650878906,5553.76,5637.75,5513.51,5595.75,0.0018835392633786974,124.23999999999978,Crude oil,CL=F,₹/barrel,Energy
2025-08-12,63.16999816894531,64.33999633789062,63.060001373291016,64.0,304441,87.66449737548828,5610.53,5640.33,5528.12,5537.77,-0.010361435017647191,112.21000000000004,Crude oil,CL=F,₹/barrel,Energy
2025-08-13,62.650001525878906,63.380001068115234,61.939998626708984,63.06999969482422,298939,87.59559631347656,5524.65,5551.81,5425.67,5487.86,-0.009012653107658974,126.14000000000033,Crude oil,CL=F,₹/barrel,Energy
2025-08-14,63.959999084472656,64.0999984741211,62.58000183105469,62.790000915527344,251652,87.44999694824219,5490.99,5605.54,5472.62,5593.3,0.01921331812400462,132.92000000000007,Crude oil,CL=F,₹/barrel,Energy
2025-08-15,62.79999923706055,64.1500015258789,62.68000030517578,63.90999984741211,197390,87.69180297851562,5604.38,5625.43,5496.52,5507.05,-0.015420234923926857,128.90999999999985,Crude oil,CL=F,₹/barrel,Energy
2025-08-18,63.41999816894531,63.790000915527344,62.18000030517578,63.0,95113,87.51280212402344,5513.31,5582.44,5441.55,5550.06,0.0078099890140819195,140.88999999999942,Crude oil,CL=F,₹/barrel,Energy
2025-08-19,62.349998474121094,63.38999938964844,62.25,63.27000045776367,99484,87.29509735107422,5523.16,5533.64,5434.12,5442.85,-0.019316908285676226,99.52000000000044,Crude oil,CL=F,₹/barrel,Energy
2025-08-20,63.209999084472656,63.54999923706055,62.38999938964844,62.599998474121094,280663,87.0791015625,5451.15,5533.88,5432.87,5504.27,0.011284529244788954,101.01000000000022,Crude oil,CL=F,₹/barrel,Energy
2025-08-21,63.52000045776367,63.66999816894531,62.52000045776367,62.849998474121094,250166,87.01820373535156,5469.09,5540.45,5440.38,5527.4,0.004202192116302239,100.06999999999971,Crude oil,CL=F,₹/barrel,Energy
2025-08-22,63.65999984741211,63.93000030517578,63.310001373291016,63.5,223169,87.29340362548828,5543.13,5580.67,5526.55,5557.1,0.005373231537431744,54.11999999999989,Crude oil,CL=F,₹/barrel,Energy
2025-08-25,64.80000305175781,65.0999984741211,63.529998779296875,63.880001068115234,185270,87.3301010131836,5578.65,5685.19,5548.08,5658.99,0.018335102841410045,137.10999999999967,Crude oil,CL=F,₹/barrel,Energy
2025-08-26,63.25,64.76000213623047,63.130001068115234,64.75,199101,87.60859680175781,5672.66,5673.53,5530.73,5541.24,-0.020807599942745947,142.80000000000018,Crude oil,CL=F,₹/barrel,Energy
2025-08-27,64.1500015258789,64.2300033569336,62.95000076293945,63.310001373291016,193476,87.60070037841797,5546.0,5626.59,5514.46,5619.59,0.014139434494806258,112.13000000000011,Crude oil,CL=F,₹/barrel,Energy
2025-08-28,64.5999984741211,64.69999694824219,63.349998474121094,63.869998931884766,208931,87.65910339355469,5598.79,5671.54,5553.2,5662.78,0.007685614075048086,118.34000000000015,Crude oil,CL=F,₹/barrel,Energy
2025-08-29,64.01000213623047,64.55000305175781,63.880001068115234,64.26000213623047,0,87.5916976928711,5628.64,5654.04,5595.36,5606.74,-0.009896199393230831,58.68000000000029,Crude oil,CL=F,₹/barrel,Energy
2025-09-02,65.58999633789062,66.02999877929688,63.65999984741211,63.95000076293945,320218,88.00140380859375,5627.69,5810.73,5602.17,5772.01,0.029477022298162625,208.5599999999995,Crude oil,CL=F,₹/barrel,Energy
2025-09-03,63.970001220703125,65.72000122070312,63.720001220703125,65.62000274658203,298737,87.99829864501953,5774.45,5783.25,5607.25,5629.25,-0.02473315188296632,176.0,Crude oil,CL=F,₹/barrel,Energy
2025-09-04,63.47999954223633,63.84000015258789,62.720001220703125,63.81999969482422,251689,88.072998046875,5620.82,5622.58,5523.94,5590.87,-0.006817959763734116,98.64000000000033,Crude oil,CL=F,₹/barrel,Energy
2025-09-05,61.869998931884766,63.4900016784668,61.45000076293945,63.33000183105469,294540,88.19290161132812,5585.26,5599.37,5419.45,5456.49,-0.0240356152083665,179.92000000000007,Crude oil,CL=F,₹/barrel,Energy
2025-09-08,62.2599983215332,63.34000015258789,61.849998474121094,62.0,237288,88.1863021850586,5467.55,5585.72,5454.32,5490.48,0.006229279261943166,131.40000000000055,Crude oil,CL=F,₹/barrel,Energy
2025-09-09,62.630001068115234,63.66999816894531,62.369998931884766,62.43000030517578,268529,87.98049926757812,5492.62,5601.72,5487.34,5510.22,0.003595314070901079,114.38000000000011,Crude oil,CL=F,₹/barrel,Energy
2025-09-10,63.66999816894531,64.08000183105469,62.720001220703125,62.7400016784668,260684,88.21829986572266,5534.82,5653.03,5533.05,5616.86,0.019353129276144854,119.97999999999956,Crude oil,CL=F,₹/barrel,Energy
2025-09-11,62.369998931884766,63.79999923706055,62.209999084472656,63.79999923706055,222661,88.05339813232422,5617.81,5617.81,5477.8,5491.89,-0.022249085788144884,140.01000000000022,Crude oil,CL=F,₹/barrel,Energy
2025-09-12,62.689998626708984,63.97999954223633,61.689998626708984,62.27000045776367,313265,88.2676010131836,5496.42,5647.36,5445.23,5533.5,0.007576626625806382,202.1300000000001,Crude oil,CL=F,₹/barrel,Energy
2025-09-15,63.29999923706055,63.66999816894531,62.52000045776367,62.970001220703125,205560,88.27729797363281,5558.82,5620.62,5519.1,5587.95,0.009840065058281278,101.51999999999953,Crude oil,CL=F,₹/barrel,Energy
2025-09-16,64.5199966430664,64.76000213623047,62.88999938964844,63.310001373291016,234250,88.12349700927734,5579.1,5706.88,5542.09,5685.73,0.017498367021895334,164.78999999999996,Crude oil,CL=F,₹/barrel,Energy
2025-09-17,64.05000305175781,64.66999816894531,63.689998626708984,64.58999633789062,165427,87.88459777832031,5676.47,5683.5,5597.37,5629.01,-0.009975851825535065,86.13000000000011,Crude oil,CL=F,₹/barrel,Energy
2025-09-18,63.56999969482422,64.55000305175781,63.33000183105469,63.9900016784668,82321,87.91069793701172,5625.41,5674.64,5567.38,5588.48,-0.007200200390477307,107.26000000000022,Crude oil,CL=F,₹/barrel,Energy
2025-09-19,62.68000030517578,63.650001525878906,62.599998474121094,63.59000015258789,87165,88.20690155029297,5609.08,5614.37,5521.75,5528.81,-0.01067732191937687,92.61999999999989,Crude oil,CL=F,₹/barrel,Energy
2025-09-22,62.63999938964844,63.18000030517578,61.97999954223633,62.7400016784668,223779,88.09919738769531,5527.34,5566.11,5460.39,5518.53,-0.0018593512889755193,105.71999999999935,Crude oil,CL=F,₹/barrel,Energy
2025-09-23,63.40999984741211,63.88999938964844,61.849998474121094,62.33000183105469,265948,88.30439758300781,5504.01,5641.77,5461.63,5599.38,0.014650640659740866,180.14000000000033,Crude oil,CL=F,₹/barrel,Energy
2025-09-24,64.98999786376953,65.05000305175781,63.25,63.63999938964844,282721,88.80799865722656,5651.74,5776.96,5617.11,5771.63,0.030762334401308822,159.85000000000036,Crude oil,CL=F,₹/barrel,Energy
2025-09-25,64.9800033569336,65.33999633789062,64.05999755859375,64.80000305175781,258353,88.77860260009766,5752.85,5800.79,5687.16,5768.83,-0.00048513158327889716,113.63000000000011,Crude oil,CL=F,₹/barrel,Energy
2025-09-26,65.72000122070312,66.41999816894531,64.66000366210938,65.19999694824219,284990,88.77310180664062,5788.01,5896.31,5740.07,5834.17,0.011326386806336908,156.2400000000007,Crude oil,CL=F,₹/barrel,Energy
2025-09-29,63.45000076293945,65.4000015258789,62.97999954223633,65.06999969482422,294292,88.67680358886719,5770.2,5799.46,5584.87,5626.54,-0.03558860986224266,214.59000000000015,Crude oil,CL=F,₹/barrel,Energy
2025-09-30,62.369998931884766,63.2599983215332,62.029998779296875,63.13999938964844,271649,88.70449829101562,5600.8,5611.45,5502.34,5532.5,-0.016713646397253035,109.10999999999967,Crude oil,CL=F,₹/barrel,Energy
2025-10-01,61.779998779296875,62.88999938964844,61.400001525878906,62.459999084472656,274339,88.8406982421875,5548.99,5587.19,5454.82,5488.58,-0.007938544961590632,132.3699999999999,Crude oil,CL=F,₹/barrel,Energy
2025-10-02,60.47999954223633,62.540000915527344,60.400001525878906,61.779998779296875,290507,88.68299865722656,5478.84,5546.23,5356.45,5363.55,-0.0227800268922016,189.77999999999975,Crude oil,CL=F,₹/barrel,Energy
2025-10-03,60.880001068115234,61.380001068115234,60.54999923706055,60.70000076293945,240044,88.72019958496094,5385.32,5445.65,5372.01,5401.29,0.007036384484156999,73.63999999999942,Crude oil,CL=F,₹/barrel,Energy
2025-10-06,61.689998626708984,62.119998931884766,61.040000915527344,61.13999938964844,224682,88.73509979248047,5425.26,5512.22,5416.39,5474.07,0.0134745588553844,95.82999999999993,Crude oil,CL=F,₹/barrel,Energy
2025-10-07,61.72999954223633,62.11000061035156,60.720001220703125,61.72999954223633,245121,88.72109985351562,5476.75,5510.47,5387.15,5476.75,0.0004895808785785327,123.32000000000062,Crude oil,CL=F,₹/barrel,Energy
2025-10-08,62.54999923706055,62.91999816894531,62.04999923706055,62.04999923706055,273318,88.74259948730469,5506.48,5583.68,5506.48,5550.85,0.013529921942758039,77.20000000000073,Crude oil,CL=F,₹/barrel,Energy
2025-10-09,61.5099983215332,62.869998931884766,61.25,62.310001373291016,259171,88.7771987915039,5531.71,5581.42,5437.6,5460.69,-0.01624255744615699,143.8199999999997,Crude oil,CL=F,₹/barrel,Energy
2025-10-10,58.900001525878906,61.66999816894531,58.220001220703125,61.4900016784668,339103,88.86540222167969,5464.33,5480.33,5173.74,5234.17,-0.04148193726433835,306.59000000000015,Crude oil,CL=F,₹/barrel,Energy
2025-10-13,59.4900016784668,60.16999816894531,59.0,59.0,339103,88.7573013305664,5236.68,5340.53,5236.68,5280.17,0.008788403892116659,103.84999999999945,Crude oil,CL=F,₹/barrel,Energy
2025-10-14,58.70000076293945,59.81999969482422,57.68000030517578,59.58000183105469,259200,88.66510009765625,5282.67,5303.95,5114.2,5204.64,-0.014304463682040525,189.75,Crude oil,CL=F,₹/barrel,Energy
2025-10-15,58.27000045776367,59.41999816894531,58.20000076293945,58.599998474121094,224919,88.78250122070312,5202.65,5275.46,5167.14,5173.36,-0.006010021826677869,108.31999999999971,Crude oil,CL=F,₹/barrel,Energy
2025-10-16,57.459999084472656,59.11000061035156,57.2599983215332,58.77000045776367,203866,87.80950164794922,5160.56,5190.42,5027.97,5045.53,-0.024709279849072896,162.44999999999982,Crude oil,CL=F,₹/barrel,Energy
2025-10-17,57.540000915527344,57.720001220703125,56.599998474121094,57.5,108748,87.9906997680664,5059.47,5078.82,4980.27,5062.98,0.003458506836744535,98.54999999999927,Crude oil,CL=F,₹/barrel,Energy
2025-10-20,57.52000045776367,57.810001373291016,56.349998474121094,57.72999954223633,108146,88.0022964477539,5080.37,5087.41,4958.93,5061.89,-0.00021528822946159654,128.47999999999956,Crude oil,CL=F,₹/barrel,Energy
2025-10-21,57.81999969482422,58.279998779296875,56.9900016784668,57.369998931884766,314207,87.87999725341797,5041.68,5121.65,5008.28,5081.22,0.003818731738540304,113.36999999999989,Crude oil,CL=F,₹/barrel,Energy
2025-10-22,58.5,59.83000183105469,57.34000015258789,57.59000015258789,378637,88.00160217285156,5068.01,5265.14,5046.01,5148.09,0.013160225300223205,219.1300000000001,Crude oil,CL=F,₹/barrel,Energy
2025-10-23,61.790000915527344,62.20000076293945,59.63999938964844,59.939998626708984,735186,87.74030303955078,5259.15,5457.45,5232.83,5421.47,0.05310318972667538,224.6199999999999,Crude oil,CL=F,₹/barrel,Energy
2025-10-24,61.5,62.59000015258789,61.209999084472656,61.790000915527344,373744,87.77899932861328,5423.86,5494.09,5372.95,5398.41,-0.004253458932724996,121.14000000000033,Crude oil,CL=F,₹/barrel,Energy
2025-10-27,61.310001373291016,62.16999816894531,60.66999816894531,61.81999969482422,272191,87.8290023803711,5429.59,5460.33,5328.59,5384.8,-0.0025211126979980403,131.73999999999978,Crude oil,CL=F,₹/barrel,Energy
2025-10-28,60.150001525878906,61.5,59.7599983215332,61.5,307568,88.22209930419922,5425.66,5425.66,5272.15,5306.56,-0.014529787550141116,153.51000000000022,Crude oil,CL=F,₹/barrel,Energy
2025-10-29,60.47999954223633,61.02000045776367,59.70000076293945,60.18000030517578,276875,88.22550201416016,5309.41,5383.52,5267.06,5335.88,0.005525236688174617,116.46000000000004,Crude oil,CL=F,₹/barrel,Energy
2025-10-30,60.56999969482422,60.790000915527344,59.63999938964844,60.38999938964844,247917,88.34559631347656,5335.19,5370.53,5268.93,5351.09,0.0028505138796224294,101.59999999999945,Crude oil,CL=F,₹/barrel,Energy
2025-10-31,60.97999954223633,61.380001068115234,59.9900016784668,60.29999923706055,278598,88.6344985961914,5344.66,5440.39,5317.18,5404.93,0.010061501488481728,123.21000000000004,Crude oil,CL=F,₹/barrel,Energy
2025-11-03,61.04999923706055,61.5,60.5099983215332,61.400001525878906,0,88.77539825439453,5450.81,5459.69,5371.8,5419.74,0.002740090991002475,87.88999999999942,Crude oil,CL=F,₹/barrel,Energy
2025-11-04,60.560001373291016,61.029998779296875,59.939998626708984,61.029998779296875,219300,88.72339630126953,5414.79,5414.79,5318.08,5373.09,-0.008607423972367578,96.71000000000004,Crude oil,CL=F,₹/barrel,Energy
2025-11-05,59.599998474121094,61.09000015258789,59.52000045776367,60.43000030517578,292518,88.73200225830078,5362.07,5420.64,5281.33,5288.43,-0.015756296656114,139.3100000000004,Crude oil,CL=F,₹/barrel,Energy
2025-11-06,59.43000030517578,60.5099983215332,58.83000183105469,59.68000030517578,277768,88.55690002441406,5285.08,5358.58,5209.8,5262.94,-0.004819956017192428,148.77999999999975,Crude oil,CL=F,₹/barrel,Energy
2025-11-07,59.75,60.459999084472656,59.31999969482422,59.650001525878906,259446,88.6729965209961,5289.34,5361.17,5260.08,5298.21,0.006701577445306306,101.09000000000015,Crude oil,CL=F,₹/barrel,Energy
2025-11-10,60.130001068115234,60.47999954223633,59.40999984741211,59.869998931884766,222879,88.65799713134766,5307.95,5362.04,5267.17,5331.01,0.00619077009027591,94.86999999999989,Crude oil,CL=F,₹/barrel,Energy
2025-11-11,61.040000915527344,61.279998779296875,59.65999984741211,60.06999969482422,264427,88.70709991455078,5328.64,5435.97,5292.27,5414.68,0.01569496211787258,143.69999999999982,Crude oil,CL=F,₹/barrel,Energy
2025-11-12,58.4900016784668,61.060001373291016,58.29999923706055,61.04999923706055,329517,88.46649932861328,5400.88,5401.76,5157.6,5174.41,-0.04437381341094959,244.15999999999985,Crude oil,CL=F,₹/barrel,Energy
2025-11-13,58.689998626708984,59.209999084472656,58.119998931884766,58.470001220703125,247349,88.59400177001953,5180.09,5245.65,5149.08,5199.58,0.004864322695727674,96.56999999999971,Crude oil,CL=F,₹/barrel,Energy
2025-11-14,60.09000015258789,60.650001525878906,58.709999084472656,58.709999084472656,334116,88.81610107421875,5214.39,5386.7,5214.39,5336.96,0.026421364802541758,172.3099999999995,Crude oil,CL=F,₹/barrel,Energy
2025-11-17,59.90999984741211,60.439998626708984,59.31999969482422,59.79999923706055,189638,88.68199920654297,5303.18,5359.94,5260.62,5312.94,-0.004500689531118929,99.31999999999971,Crude oil,CL=F,₹/barrel,Energy
2025-11-18,60.7400016784668,60.93000030517578,59.310001373291016,59.7400016784668,105325,88.63590240478516,5295.11,5400.59,5257.0,5383.74,0.013325955120893518,143.59000000000015,Crude oil,CL=F,₹/barrel,Energy
2025-11-19,59.439998626708984,60.790000915527344,58.77000045776367,60.619998931884766,79622,88.55680084228516,5368.31,5383.37,5204.48,5263.82,-0.022274478336620995,178.89000000000033,Crude oil,CL=F,₹/barrel,Energy
2025-11-20,59.13999938964844,60.33000183105469,58.86000061035156,59.630001068115234,324282,88.48719787597656,5276.49,5338.43,5208.36,5233.13,-0.00583036653988922,130.07000000000062,Crude oil,CL=F,₹/barrel,Energy
2025-11-21,58.060001373291016,58.79999923706055,57.380001068115234,58.79999923706055,345014,88.69219970703125,5215.1,5215.1,5089.16,5149.47,-0.015986608396886703,125.94000000000051,Crude oil,CL=F,₹/barrel,Energy
2025-11-24,58.84000015258789,59.060001373291016,57.41999816894531,58.04999923706055,238138,89.63400268554688,5203.25,5293.78,5146.78,5274.06,0.024194722952070924,147.0,Crude oil,CL=F,₹/barrel,Energy
2025-11-25,57.95000076293945,58.959999084472656,57.099998474121094,58.88999938964844,334442,89.14779663085938,5249.91,5256.15,5090.34,5166.11,-0.02046810237274521,165.8099999999995,Crude oil,CL=F,₹/barrel,Energy
2025-11-26,58.650001525878906,58.720001220703125,57.65999984741211,58.04999923706055,228285,89.15059661865234,5175.19,5234.92,5140.42,5228.68,0.012111627510835055,94.5,Crude oil,CL=F,₹/barrel,Energy
2025-11-28,58.54999923706055,59.63999938964844,58.27000045776367,58.58000183105469,153758,89.36479949951172,5234.99,5329.72,5207.29,5232.31,0.0006942478790057383,122.43000000000029,Crude oil,CL=F,₹/barrel,Energy
2025-12-01,59.31999969482422,59.970001220703125,58.83000183105469,58.959999084472656,232770,89.3499984741211,5268.08,5358.32,5256.46,5300.24,0.012982793450693642,101.85999999999967,Crude oil,CL=F,₹/barrel,Energy
2025-12-02,58.63999938964844,59.66999816894531,58.279998779296875,59.52000045776367,255513,89.61270141601562,5333.75,5347.19,5222.63,5254.89,-0.008556216322279653,124.55999999999949,Crude oil,CL=F,₹/barrel,Energy
2025-12-03,58.95000076293945,59.63999938964844,58.369998931884766,58.650001525878906,260974,89.91719818115234,5273.64,5362.66,5248.47,5300.62,0.008702370553903105,114.1899999999996,Crude oil,CL=F,₹/barrel,Energy
2025-12-04,59.66999816894531,60.02000045776367,58.810001373291016,59.09000015258789,264993,90.17050170898438,5328.17,5412.03,5302.93,5380.47,0.015064275499847346,109.09999999999945,Crude oil,CL=F,₹/barrel,Energy
2025-12-05,60.08000183105469,60.5,59.41999816894531,59.70000076293945,255075,89.8364028930664,5363.23,5435.1,5338.08,5397.37,0.00314098954180575,97.02000000000044,Crude oil,CL=F,₹/barrel,Energy
2025-12-08,58.880001068115234,60.29999923706055,58.68000030517578,60.150001525878906,263009,89.93800354003906,5409.77,5423.26,5277.56,5295.55,-0.018864743384277793,145.69999999999982,Crude oil,CL=F,₹/barrel,Energy
2025-12-09,58.25,59.16999816894531,58.119998931884766,58.869998931884766,260206,90.12999725341795,5305.95,5332.99,5238.36,5250.07,-0.008588343042743474,94.63000000000011,Crude oil,CL=F,₹/barrel,Energy
2025-12-10,58.459999084472656,59.04999923706055,57.65999984741211,58.369998931884766,256508,89.91690063476562,5248.45,5309.59,5184.61,5256.54,0.0012323645208540679,124.98000000000047,Crude oil,CL=F,₹/barrel,Energy
2025-12-11,57.599998474121094,58.939998626708984,57.0099983215332,58.90999984741211,286808,89.79299926757812,5289.71,5292.4,5119.1,5172.08,-0.016067603404520847,173.29999999999927,Crude oil,CL=F,₹/barrel,Energy
2025-12-12,57.439998626708984,58.189998626708984,57.150001525878906,57.88999938964844,212806,90.25299835205078,5224.75,5251.82,5157.96,5184.13,0.0023298170175249933,93.85999999999967,Crude oil,CL=F,₹/barrel,Energy
2025-12-15,56.81999969482422,57.79999923706055,56.400001525878906,57.5,229310,90.5770034790039,5208.18,5235.35,5108.54,5146.59,-0.007241330753665509,126.8100000000004,Crude oil,CL=F,₹/barrel,Energy
2025-12-16,55.27000045776367,56.70000076293945,54.97999954223633,56.68000030517578,230933,90.7769012451172,5145.23,5147.05,4990.91,5017.24,-0.025133146413450547,156.14000000000033,Crude oil,CL=F,₹/barrel,Energy
2025-12-17,55.939998626708984,56.97999954223633,55.20000076293945,55.22999954223633,125608,90.94889831542967,5023.11,5182.27,5020.38,5087.68,0.01403959148854761,161.89000000000033,Crude oil,CL=F,₹/barrel,Energy
2025-12-18,56.150001525878906,57.029998779296875,55.880001068115234,56.900001525878906,85735,90.4136962890625,5144.54,5156.29,5052.32,5076.73,-0.0021522580036481553,103.97000000000025,Crude oil,CL=F,₹/barrel,Energy
2025-12-19,56.65999984741211,56.900001525878906,55.81999969482422,56.029998779296875,209264,90.25579833984376,5057.03,5135.56,5038.08,5113.89,0.00731967230875008,97.48000000000047,Crude oil,CL=F,₹/barrel,Energy
2025-12-22,58.0099983215332,58.130001068115234,56.599998474121094,56.630001068115234,221576,89.56999969482422,5072.35,5206.7,5069.66,5195.96,0.01604844844140163,137.03999999999996,Crude oil,CL=F,₹/barrel,Energy
2025-12-23,58.380001068115234,58.560001373291016,57.7400016784668,57.95000076293945,183633,89.60389709472656,5192.55,5247.2,5173.73,5231.08,0.0067590974526363645,73.47000000000025,Crude oil,CL=F,₹/barrel,Energy
2025-12-24,58.349998474121094,58.75,58.130001068115234,58.470001220703125,111762,89.50789642333984,5233.53,5258.59,5203.09,5222.79,-0.001584758787860241,55.5,Crude oil,CL=F,₹/barrel,Energy
2025-12-26,56.7400016784668,58.880001068115234,56.650001525878906,58.349998474121094,166669,90.10590362548828,5257.68,5305.44,5104.5,5112.61,-0.021096004242943,200.9399999999996,Crude oil,CL=F,₹/barrel,Energy
2025-12-29,58.08000183105469,58.29999923706055,56.90999984741211,57.040000915527344,178590,89.82929992675781,5123.86,5237.05,5112.19,5217.29,0.0204748650884774,124.86000000000058,Crude oil,CL=F,₹/barrel,Energy
2025-12-30,57.95000076293945,58.470001220703125,57.599998474121094,57.810001373291016,143802,89.9000015258789,5197.12,5256.45,5178.24,5209.71,-0.0014528615430615677,78.21000000000004,Crude oil,CL=F,₹/barrel,Energy
2025-12-31,57.41999816894531,58.54999923706055,57.20000076293945,57.95000076293945,157160,89.76940155029297,5202.14,5256.0,5134.81,5154.56,-0.01058600190797565,121.1899999999996,Crude oil,CL=F,₹/barrel,Energy
2026-01-02,57.31999969482422,57.93000030517578,56.599998474121094,57.40999984741211,189503,89.96189880371094,5164.71,5211.49,5091.84,5156.62,0.000399646138564691,119.64999999999964,Crude oil,CL=F,₹/barrel,Energy
2026-01-05,58.31999969482422,58.5099983215332,56.310001373291016,57.470001220703125,301483,90.00700378417969,5172.7,5266.31,5068.29,5249.21,0.01795556003738885,198.02000000000044,Crude oil,CL=F,₹/barrel,Energy
2026-01-06,57.130001068115234,58.869998931884766,56.84000015258789,58.34000015258789,292067,90.23300170898438,5264.19,5312.02,5128.84,5155.01,-0.01794555752198901,183.1800000000003,Crude oil,CL=F,₹/barrel,Energy
2026-01-07,55.9900016784668,57.16999816894531,55.7599983215332,57.0,383128,90.16609954833984,5139.47,5154.8,5027.66,5048.4,-0.020680852219491452,127.14000000000033,Crude oil,CL=F,₹/barrel,Energy
2026-01-08,57.7599983215332,58.7400016784668,55.970001220703125,56.41999816894531,334134,89.8644027709961,5070.15,5278.64,5029.71,5190.57,0.028161397670549038,248.9300000000003,Crude oil,CL=F,₹/barrel,Energy
2026-01-09,59.119998931884766,59.77000045776367,57.61000061035156,58.400001525878906,360309,89.90540313720703,5250.48,5373.65,5179.45,5315.21,0.024012777016782394,194.19999999999982,Crude oil,CL=F,₹/barrel,Energy
2026-01-12,59.5,59.90999984741211,58.45000076293945,59.0,309700,90.23600006103516,5323.92,5406.04,5274.29,5369.04,0.010127539645658379,131.75,Crude oil,CL=F,₹/barrel,Energy
2026-01-13,61.150001525878906,61.5,59.470001220703125,59.95000076293945,411190,90.13269805908205,5403.46,5543.16,5360.19,5511.61,0.02655409533175379,182.97000000000025,Crude oil,CL=F,₹/barrel,Energy
2026-01-14,62.02000045776367,62.36000061035156,59.189998626708984,61.119998931884766,410261,90.27300262451172,5517.49,5629.42,5343.26,5598.73,0.01580663363336665,286.15999999999985,Crude oil,CL=F,₹/barrel,Energy
2026-01-15,59.189998626708984,61.13999938964844,58.880001068115234,61.060001373291016,113642,90.18319702148438,5506.59,5513.8,5309.99,5337.94,-0.04658020658256423,203.8100000000004,Crude oil,CL=F,₹/barrel,Energy
2026-01-16,59.439998626708984,60.18000030517578,58.939998626708984,59.2599983215332,113794,90.36160278320312,5354.83,5437.96,5325.91,5371.09,0.006210260887158814,112.05000000000018,Crude oil,CL=F,₹/barrel,Energy
2026-01-20,60.34000015258789,60.68000030517578,58.70000076293945,59.0099983215332,499595,90.90450286865234,5364.27,5516.09,5336.09,5485.18,0.021241498466791686,180.0,Crude oil,CL=F,₹/barrel,Energy
2026-01-21,60.619998931884766,60.88999938964844,59.220001220703125,59.56999969482422,333062,91.11840057373048,5427.92,5548.2,5396.03,5523.6,0.007004328025698392,152.17000000000007,Crude oil,CL=F,₹/barrel,Energy
2026-01-22,59.36000061035156,60.81999969482422,58.959999084472656,60.68000030517578,324349,91.53690338134766,5554.46,5567.27,5397.02,5433.63,-0.016288290245492165,170.25,Crude oil,CL=F,₹/barrel,Energy
2026-01-23,61.06999969482422,61.36000061035156,59.52000045776367,59.65999984741211,283419,91.55829620361328,5462.37,5618.02,5449.55,5591.47,0.02904872065267594,168.47000000000025,Crude oil,CL=F,₹/barrel,Energy
2026-01-26,60.630001068115234,61.709999084472656,60.31999969482422,61.220001220703125,281062,91.5009994506836,5601.69,5646.53,5519.34,5547.71,-0.00782620670414047,127.1899999999996,Crude oil,CL=F,₹/barrel,Energy
2026-01-27,62.38999938964844,62.630001068115234,60.13999938964844,60.779998779296875,360208,91.71309661865234,5574.32,5743.99,5515.63,5721.98,0.03141296138406657,228.35999999999967,Crude oil,CL=F,₹/barrel,Energy
2026-01-28,63.209999084472656,63.56999969482422,62.06999969482422,62.58000183105469,354864,91.5343017578125,5728.22,5818.84,5681.53,5785.88,0.011167463011055645,137.3100000000004,Crude oil,CL=F,₹/barrel,Energy
2026-01-29,65.41999816894531,66.4800033569336,63.279998779296875,63.5,560007,92.04080200195312,5844.59,6118.87,5824.34,6021.31,0.04069043948370865,294.52999999999975,Crude oil,CL=F,₹/barrel,Energy
2026-01-30,65.20999908447266,66.11000061035156,63.63999938964844,65.5199966430664,449325,91.78189849853516,6013.55,6067.7,5841.0,5985.1,-0.006013641549762472,226.69999999999982,Crude oil,CL=F,₹/barrel,Energy
2026-02-02,62.13999938964844,64.73999786376953,61.38999938964844,64.72000122070312,414083,91.68699645996094,5933.98,5935.82,5628.66,5697.43,-0.04806435982690349,307.15999999999985,Crude oil,CL=F,₹/barrel,Energy
2026-02-03,63.209999084472656,64.20999908447266,61.119998931884766,62.279998779296875,381144,90.24559783935548,5620.5,5794.67,5515.81,5704.42,0.001226868956704985,278.8599999999997,Crude oil,CL=F,₹/barrel,Energy
2026-02-04,65.13999938964844,65.52999877929688,62.86000061035156,63.79999923706055,446588,90.4228973388672,5768.98,5925.41,5683.98,5890.15,0.03255896304970518,241.4300000000003,Crude oil,CL=F,₹/barrel,Energy
2026-02-05,63.290000915527344,64.66999816894531,62.650001525878906,64.48999786376953,389763,90.125,5812.16,5828.38,5646.33,5704.01,-0.0316019116660865,182.05000000000018,Crude oil,CL=F,₹/barrel,Energy
2026-02-06,63.54999923706055,64.58000183105469,62.20000076293945,63.099998474121094,448924,90.3147964477539,5698.86,5832.53,5617.58,5739.51,0.006223691753696192,214.94999999999982,Crude oil,CL=F,₹/barrel,Energy
2026-02-09,64.36000061035156,64.87999725341797,62.619998931884766,62.9900016784668,298005,90.58799743652344,5706.14,5877.35,5672.62,5830.24,0.015807969669884736,204.73000000000047,Crude oil,CL=F,₹/barrel,Energy
2026-02-10,63.959999084472656,64.70999908447266,63.650001525878906,64.44000244140625,276292,90.8227996826172,5852.62,5877.14,5780.87,5809.03,-0.0036379291418535686,96.27000000000044,Crude oil,CL=F,₹/barrel,Energy
2026-02-11,64.62999725341797,65.83000183105469,64.1500015258789,64.19999694824219,340194,90.58789825439452,5815.74,5963.4,5811.21,5854.7,0.007861897769507076,152.1899999999996,Crude oil,CL=F,₹/barrel,Energy
2026-02-12,62.84000015258789,65.0999984741211,62.38999938964844,64.87000274658203,369303,90.73570251464844,5886.03,5906.89,5661.0,5701.83,-0.02611064614753955,245.89000000000033,Crude oil,CL=F,₹/barrel,Energy
2026-02-13,62.88999938964844,63.2599983215332,62.13999938964844,62.9900016784668,255793,90.56410217285156,5704.63,5729.08,5627.65,5695.58,-0.0010961393096602379,101.43000000000029,Crude oil,CL=F,₹/barrel,Energy
2026-02-17,62.33000183105469,64.13999938964844,61.869998931884766,63.29999923706055,328727,90.78299713134766,5746.56,5822.82,5616.74,5658.5,-0.0065103115047107085,206.07999999999993,Crude oil,CL=F,₹/barrel,Energy
2026-02-18,65.19000244140625,65.55999755859375,62.119998931884766,62.29999923706055,115379,90.6261978149414,5646.01,5941.45,5629.7,5907.92,0.04407881947512582,311.75,Crude oil,CL=F,₹/barrel,Energy
2026-02-19,66.43000030517578,66.9000015258789,64.87999725341797,65.0999984741211,113408,90.7935028076172,5910.66,6074.09,5890.68,6031.41,0.020902449593088512,183.40999999999985,Crude oil,CL=F,₹/barrel,Energy
2026-02-20,66.38999938964844,67.05000305175781,65.94000244140625,66.66999816894531,351351,91.04109954833984,6069.71,6104.31,6003.25,6044.22,0.0021238814804498407,101.0600000000004,Crude oil,CL=F,₹/barrel,Energy
2026-02-23,66.30999755859375,67.27999877929688,65.37999725341797,65.88999938964844,270365,90.72660064697266,5977.98,6104.09,5931.7,6016.08,-0.0046556875825168875,172.39000000000033,Crude oil,CL=F,₹/barrel,Energy
2026-02-24,65.62999725341797,67.1500015258789,65.55000305175781,66.30999755859375,312124,91.02010345458984,6035.54,6112.0,5966.37,5973.65,-0.007052765255781246,145.6300000000001,Crude oil,CL=F,₹/barrel,Energy
2026-02-25,65.41999816894531,66.5999984741211,65.12000274658203,66.06999969482422,306780,90.91799926757812,6006.95,6055.14,5920.58,5947.86,-0.004317293447055004,134.5600000000004,Crude oil,CL=F,₹/barrel,Energy
2026-02-26,65.20999908447266,66.70999908447266,63.599998474121094,65.6500015258789,498542,90.95099639892578,5970.93,6067.34,5784.48,5930.91,-0.00284976445309737,282.8600000000006,Crude oil,CL=F,₹/barrel,Energy
2026-02-27,67.0199966430664,67.83000183105469,64.8499984741211,65.3499984741211,437053,91.00740051269533,5947.33,6173.03,5901.83,6099.32,0.02839530527355838,271.1999999999998,Crude oil,CL=F,₹/barrel,Energy
2026-03-02,71.2300033569336,75.33000183105469,69.19999694824219,75.0,881329,91.07959747314452,6830.97,6861.03,6302.71,6487.6,0.06365955549143187,558.3199999999997,Crude oil,CL=F,₹/barrel,Energy
2026-03-03,74.55999755859375,77.9800033569336,70.41000366210938,71.2300033569336,1009753,91.56340026855467,6522.06,7140.11,6446.98,6826.97,0.052310561686910395,693.1300000000001,Crude oil,CL=F,₹/barrel,Energy
2026-03-04,74.66000366210938,77.2300033569336,73.27999877929688,74.73999786376953,617822,92.00859832763672,6876.72,7105.82,6742.39,6869.36,0.006209196759323632,363.4299999999994,Crude oil,CL=F,₹/barrel,Energy
2026-03-05,81.01000213623047,82.16000366210938,74.97000122070312,76.1500015258789,707030,92.1230010986328,7015.17,7568.83,6906.46,7462.88,0.08640106210767828,662.3699999999999,Crude oil,CL=F,₹/barrel,Energy
2026-03-06,90.9000015258789,92.61000061035156,78.23999786376953,79.08000183105469,996251,91.78690338134766,7258.51,8500.39,7181.41,8343.43,0.11799064168256757,1318.9799999999996,Crude oil,CL=F,₹/barrel,Energy
2026-03-09,94.7699966430664,119.4800033569336,81.19000244140625,98.0,1107193,91.93620300292967,9009.75,10984.54,7464.3,8712.79,0.04426956299747231,3520.2400000000007,Crude oil,CL=F,₹/barrel,Energy
2026-03-10,83.44999694824219,91.4800033569336,76.7300033569336,85.75,801564,91.220703125,7822.18,8344.87,6999.36,7612.37,-0.12629938286128795,1345.5100000000011,Crude oil,CL=F,₹/barrel,Energy
2026-03-11,87.25,88.98999786376953,81.79000091552734,86.88999938964844,538020,92.16510009765624,8008.23,8201.77,7538.18,8041.4,0.05635958315215883,663.5900000000001,Crude oil,CL=F,₹/barrel,Energy
2026-03-12,95.7300033569336,97.19000244140625,88.61000061035156,89.31999969482422,548999,92.22879791259766,8237.88,8963.72,8172.39,8829.06,0.0979506056159376,791.329999999999,Crude oil,CL=F,₹/barrel,Energy
2026-03-13,98.70999908447266,99.31999969482422,92.04000091552734,96.73999786376953,436700,92.38990020751952,8937.8,9176.16,8503.57,9119.81,0.03293102549988336,672.5900000000001,Crude oil,CL=F,₹/barrel,Energy
2026-03-16,93.5,102.44000244140625,92.93000030517578,100.93000030517578,455454,92.5635986328125,9342.44,9482.22,8601.94,8654.7,-0.05099996600806367,880.2799999999988,Crude oil,CL=F,₹/barrel,Energy
2026-03-17,96.20999908447266,98.41999816894531,93.83000183105469,94.41000366210938,308425,92.28269958496094,8712.41,9082.46,8658.89,8878.52,0.025861092816619857,423.5699999999997,Crude oil,CL=F,₹/barrel,Energy
2026-03-18,96.31999969482422,100.55000305175781,91.95999908447266,96.0,157222,92.39129638671876,8869.56,9289.95,8496.3,8899.13,0.002321332834751555,793.6500000000015,Crude oil,CL=F,₹/barrel,Energy
2026-03-19,96.13999938964844,101.4800033569336,92.80000305175781,99.12999725341797,118719,93.24659729003906,9243.53,9462.67,8653.28,8964.73,0.00737150710237966,809.3899999999994,Crude oil,CL=F,₹/barrel,Energy
2026-03-20,98.31999969482422,99.66999816894531,93.41999816894531,95.0,461845,93.0822982788086,8842.82,9277.51,8695.75,9151.85,0.020872909725111688,581.7600000000002,Crude oil,CL=F,₹/barrel,Energy
2026-03-23,88.12999725341797,101.66999816894531,84.37000274658203,100.51000213623047,666790,93.89530181884766,9437.42,9546.34,7921.95,8274.99,-0.09581232209881063,1624.3900000000003,Crude oil,CL=F,₹/barrel,Energy
2026-03-24,92.3499984741211,93.36000061035156,86.33999633789062,88.77999877929688,420067,93.2436981201172,8278.18,8705.23,8050.66,8611.06,0.04061273790058961,654.5699999999997,Crude oil,CL=F,₹/barrel,Energy
2026-03-25,90.31999969482422,91.7300033569336,86.45999908447266,88.48999786376953,405170,94.29969787597656,8344.58,8650.11,8153.15,8517.15,-0.01090574215021145,496.96000000000095,Crude oil,CL=F,₹/barrel,Energy
2026-03-26,94.4800033569336,95.44000244140625,89.51000213623047,91.37999725341797,350768,94.6937026977539,8653.11,9037.57,8476.03,8946.66,0.050428840633310434,561.539999999999,Crude oil,CL=F,₹/barrel,Energy
2026-03-27,99.63999938964844,101.23999786376953,92.08000183105469,93.30999755859375,374920,94.30950164794922,8800.02,9547.89,8684.02,9397.0,0.05033610308204395,863.869999999999,Crude oil,CL=F,₹/barrel,Energy
2026-03-30,102.87999725341797,105.36000061035156,99.43000030517578,102.5999984741211,374075,94.78179931640624,9724.61,9986.21,9424.15,9751.15,0.03768755985952965,562.0599999999995,Crude oil,CL=F,₹/barrel,Energy
2026-03-31,101.37999725341797,106.86000061035156,99.62000274658203,105.06999969482422,495395,94.35590362548828,9913.97,10082.87,9399.74,9565.8,-0.01900801443932254,683.130000000001,Crude oil,CL=F,₹/barrel,Energy
2026-04-01,100.12000274658203,103.30999755859375,96.5,101.72000122070312,434561,93.48429870605467,9509.22,9657.86,9021.23,9359.65,-0.021550732819000995,636.630000000001,Crude oil,CL=F,₹/barrel,Energy
2026-04-02,111.54000091552734,113.97000122070312,97.5,98.91999816894531,0,92.6426010131836,9164.21,10558.48,9032.65,10333.36,0.10403273626684761,1525.83,Crude oil,CL=F,₹/barrel,Energy
2026-04-06,112.41000366210938,115.4800033569336,108.88999938964844,112.95999908447266,271742,92.97100067138672,10502.0,10736.29,10123.61,10450.87,0.011371906137016552,612.6800000000003,Crude oil,CL=F,₹/barrel,Energy
2026-04-07,112.94999694824219,117.62999725341797,109.19999694824219,112.62000274658203,429331,92.81659698486328,10453.01,10918.02,10135.57,10483.63,0.0031346672573668855,782.4500000000007,Crude oil,CL=F,₹/barrel,Energy
2026-04-08,94.41000366210938,109.19000244140625,91.05000305175781,108.73999786376953,599576,92.86019897460938,10097.62,10139.41,8454.92,8766.93,-0.1637505329737886,1684.4899999999998,Crude oil,CL=F,₹/barrel,Energy
2026-04-09,97.87000274658203,102.69999694824219,95.25,96.77999877929688,427201,92.2748031616211,8930.36,9476.62,8789.18,9030.94,0.030114304551308146,687.4400000000005,Crude oil,CL=F,₹/barrel,Energy
2026-04-10,96.56999969482422,100.41999816894531,95.51000213623047,98.2300033569336,314855,92.46980285644533,9083.31,9285.82,8831.79,8929.81,-0.011198169847214223,454.02999999999884,Crude oil,CL=F,₹/barrel,Energy
2026-04-13,99.08000183105469,105.62999725341797,97.02999877929688,102.0,344337,94.50879669189452,9639.9,9982.96,9170.19,9363.93,0.04861469616934744,812.7699999999986,Crude oil,CL=F,₹/barrel,Energy
2026-04-14,91.27999877929688,98.0,91.05999755859375,97.98999786376953,315821,94.9468002319336,9303.84,9304.79,8645.86,8666.74,-0.07445484961976445,658.9300000000003,Crude oil,CL=F,₹/barrel,Energy
2026-04-15,91.29000091552734,93.30000305175781,86.95999908447266,92.0199966430664,240397,93.16539764404295,8573.08,8692.33,8101.66,8505.07,-0.018654072927075216,590.6700000000001,Crude oil,CL=F,₹/barrel,Energy
2026-04-16,94.69000244140625,95.44000244140625,90.5199966430664,91.47000122070312,194354,93.38680267333984,8542.09,8912.84,8453.37,8842.8,0.03970925577332096,459.46999999999935,Crude oil,CL=F,₹/barrel,Energy
2026-04-17,83.8499984741211,94.04000091552734,80.55999755859375,93.18000030517578,116624,93.0478973388672,8670.2,8750.22,7495.94,7802.07,-0.1176923598860089,1254.2799999999997,Crude oil,CL=F,₹/barrel,Energy
2026-04-20,89.61000061035156,91.19999694824219,87.0199966430664,89.0,115578,92.60330200195312,8241.69,8445.42,8058.34,8298.18,0.06358697114996414,387.0799999999999,Crude oil,CL=F,₹/barrel,Energy
2026-04-21,92.12999725341797,94.44999694824219,87.76000213623047,87.88999938964844,383596,93.12359619140624,8184.63,8795.52,8172.53,8579.48,0.033898999539657915,622.9900000000007,Crude oil,CL=F,₹/barrel,Energy
2026-04-22,92.95999908447266,93.7300033569336,87.63999938964844,90.0,299675,93.622802734375,8426.05,8775.27,8205.1,8703.18,0.014418123242900593,570.1700000000001,Crude oil,CL=F,₹/barrel,Energy
2026-04-23,95.8499984741211,98.38999938964844,92.30000305175781,92.9000015258789,365210,93.80049896240234,8714.07,9229.03,8657.79,8990.78,0.03304539260362316,571.2399999999998,Crude oil,CL=F,₹/barrel,Energy
2026-04-24,94.4000015258789,97.8499984741211,92.68000030517578,96.62000274658203,330280,94.11289978027344,9093.19,9208.95,8722.38,8884.26,-0.011847692858684145,486.5700000000015,Crude oil,CL=F,₹/barrel,Energy
2026-04-27,96.37000274658203,97.66999816894531,94.58999633789062,95.5999984741211,219055,94.25029754638672,9010.33,9205.43,8915.14,9082.9,0.022358643263479472,290.2900000000009,Crude oil,CL=F,₹/barrel,Energy
2026-04-28,99.93000030517578,101.8499984741211,96.23999786376953,96.66999816894531,281078,94.2584991455078,9111.97,9600.23,9071.44,9419.25,0.037031124420614514,528.789999999999,Crude oil,CL=F,₹/barrel,Energy
2026-04-29,106.87999725341797,108.5999984741211,98.41999816894531,99.70999908447266,318841,94.64550018310548,9437.1,10278.5,9315.01,10115.71,0.07394006953844512,963.4899999999998,Crude oil,CL=F,₹/barrel,Energy
2026-04-30,105.06999969482422,110.93000030517578,103.33999633789062,109.06999969482422,341994,94.9166030883789,10352.55,10529.1,9808.68,9972.89,-0.014118633294153304,720.4200000000001,Crude oil,CL=F,₹/barrel,Energy
2026-05-01,101.94000244140625,106.6500015258789,99.30000305175781,105.13999938964844,268707,94.75910186767578,9962.97,10106.06,9409.58,9659.74,-0.03140012574088347,696.4799999999996,Crude oil,CL=F,₹/barrel,Energy
2026-05-04,106.41999816894531,107.45999908447266,99.11000061035156,99.7300033569336,342843,94.90299987792967,9464.68,10198.28,9405.84,10099.58,0.045533316631710674,792.4400000000005,Crude oil,CL=F,₹/barrel,Energy
2026-05-05,102.2699966430664,105.4800033569336,101.08000183105469,104.93000030517578,241150,95.2593994140625,9995.57,10047.96,9628.82,9742.18,-0.03538761017784897,419.1399999999994,Crude oil,CL=F,₹/barrel,Energy
2026-05-06,95.08000183105469,102.69999694824219,88.66000366210938,102.69999694824219,423491,95.18299865722656,9775.29,9775.29,8438.93,9050.0,-0.07104980610089329,1336.3600000000006,Crude oil,CL=F,₹/barrel,Energy
2026-05-07,94.80999755859375,97.98999786376953,89.8499984741211,96.30000305175781,392091,94.60800170898438,9110.75,9270.64,8500.53,8969.78,-0.00886408839778996,770.1099999999988,Crude oil,CL=F,₹/barrel,Energy
2026-05-08,95.41999816894531,98.63999938964844,93.81999969482422,98.25,243423,94.25299835205078,9260.36,9297.12,8842.82,8993.62,0.002657813235107165,454.3000000000011,Crude oil,CL=F,₹/barrel,Energy
2026-05-11,98.06999969482422,100.37000274658203,96.12999725341797,98.19000244140625,256251,94.42530059814452,9271.62,9477.47,9077.1,9260.29,0.029651019278110535,400.369999999999,Crude oil,CL=F,₹/barrel,Energy
2026-05-12,102.18000030517578,102.72000122070312,98.0,98.38999938964844,231747,95.3914031982422,9385.56,9798.61,9348.36,9747.09,0.05256854806922884,450.25,Crude oil,CL=F,₹/barrel,Energy
2026-05-13,101.0199966430664,103.66999816894531,100.55999755859375,102.16000366210938,212582,95.63300323486328,9769.87,9914.27,9616.85,9660.85,-0.008847768923853194,297.4200000000001,Crude oil,CL=F,₹/barrel,Energy
2026-05-14,101.16999816894531,102.3499984741211,99.38999938964844,101.0199966430664,173862,95.69580078125,9667.19,9794.47,9511.21,9681.54,0.0021416335001578357,283.2600000000002,Crude oil,CL=F,₹/barrel,Energy
2026-05-15,105.41999816894531,106.0,101.4800033569336,102.05999755859375,96552,95.70989990234376,9768.15,10145.25,9712.64,10089.74,0.04216271378313774,432.6100000000006,Crude oil,CL=F,₹/barrel,Energy
2026-05-18,108.66000366210938,109.47000122070312,102.6500015258789,106.0,117910,95.97029876708984,10172.85,10505.87,9851.35,10428.13,0.03353802972128106,654.5200000000004,Crude oil,CL=F,₹/barrel,Energy
2026-05-19,107.7699966430664,109.23999786376953,106.76000213623047,107.11000061035156,206472,96.27020263671876,10311.5,10516.56,10277.81,10375.04,-0.005091037415145272,238.75,Crude oil,CL=F,₹/barrel,Energy
2026-05-20,98.26000213623047,104.44999694824219,96.94000244140625,104.12000274658203,320034,96.56580352783205,10054.43,10086.3,9361.09,9488.56,-0.08544352600086369,725.2099999999991,Crude oil,CL=F,₹/barrel,Energy
2026-05-21,96.3499984741211,102.66000366210938,95.76000213623047,98.94999694824219,345482,96.5282974243164,9551.47,9909.6,9243.55,9300.5,-0.01981965651268469,666.0500000000011,Crude oil,CL=F,₹/barrel,Energy
2026-05-22,96.5999984741211,99.43000030517578,94.7300033569336,98.0,261142,96.17389678955078,9425.04,9562.57,9110.55,9290.4,-0.0010859631202624342,452.02000000000044,Crude oil,CL=F,₹/barrel,Energy
2026-05-26,93.88999938964844,94.69999694824219,89.41000366210938,93.87999725341797,358867,95.25279998779295,8942.33,9020.44,8516.55,8943.29,-0.03736222337036066,503.89000000000124,Crude oil,CL=F,₹/barrel,Energy
2026-05-27,88.68000030517578,93.69000244140625,87.7699966430664,93.38999938964844,290948,95.90499877929688,8956.57,8985.34,8417.58,8504.86,-0.0490233459945949,567.7600000000002,Crude oil,CL=F,₹/barrel,Energy
2026-05-28,88.9000015258789,92.5199966430664,87.11000061035156,89.11000061035156,235145,96.04889678955078,8558.92,8886.44,8366.82,8538.75,0.003984780466697702,519.6200000000008,Crude oil,CL=F,₹/barrel,Energy
2026-05-29,87.36000061035156,89.0199966430664,86.3499984741211,88.55000305175781,267803,96.04820251464844,8505.07,8550.21,8293.76,8390.77,-0.017330405504318525,256.4499999999989,Crude oil,CL=F,₹/barrel,Energy
2026-06-01,92.16000366210938,94.77999877929688,88.44999694824219,88.5,322039,95.00299835205078,8407.77,9004.38,8403.01,8755.48,0.0434656175774093,601.369999999999,Crude oil,CL=F,₹/barrel,Energy
2026-06-02,93.76000213623047,94.0,90.12000274658203,92.44999694824219,238146,95.55139923095705,8833.73,8981.83,8611.09,8958.9,0.023233449222658242,370.7399999999998,Crude oil,CL=F,₹/barrel,Energy
2026-06-03,96.0199966430664,97.0,93.44999694824219,93.44999694824219,260613,95.26300048828124,8902.33,9240.51,8902.33,9147.15,0.021012624317717554,338.1800000000003,Crude oil,CL=F,₹/barrel,Energy
2026-06-04,93.04000091552734,95.91000366210938,91.91000366210938,95.75,219500,96.16449737548828,9207.75,9223.14,8838.48,8947.14,-0.0218658270608878,384.65999999999985,Crude oil,CL=F,₹/barrel,Energy
2026-06-05,90.54000091552734,93.62999725341797,89.68000030517578,92.81999969482422,252903,95.79029846191406,8891.26,8968.85,8590.47,8672.85,-0.030656723824596388,378.380000000001,Crude oil,CL=F,₹/barrel,Energy
2026-06-08,91.30000305175781,95.47000122070312,90.38999938964844,93.0,278650,94.95030212402344,8830.38,9064.91,8582.56,8668.96,-0.0004485261476909752,482.35000000000036,Crude oil,CL=F,₹/barrel,Energy
2026-06-09,88.19999694824219,91.55000305175781,85.94999694824219,91.27999877929688,306101,95.68830108642578,8734.43,8760.26,8224.41,8439.71,-0.02644492534283238,535.8500000000004,Crude oil,CL=F,₹/barrel,Energy
2026-06-10,90.02999877929688,91.87000274658203,87.38999938964844,89.4000015258789,291935,95.36029815673828,8525.21,8760.75,8333.54,8585.29,0.017249407858801025,427.2099999999991,Crude oil,CL=F,₹/barrel,Energy
2026-06-11,87.70999908447266,93.63999938964844,85.73999786376953,92.25,317151,95.64450073242188,8823.21,8956.15,8200.56,8388.98,-0.022865855434120563,755.5900000000001,Crude oil,CL=F,₹/barrel,Energy
2026-06-12,84.87999725341797,87.2300033569336,83.19999694824219,86.63999938964844,233924,95.76010131835938,8296.66,8353.15,7967.24,8128.12,-0.031095556313163186,385.90999999999985,Crude oil,CL=F,₹/barrel,Energy
2026-06-15,80.75,82.41999816894531,79.69999694824219,81.4000015258789,208395,95.11029815673828,7741.98,7838.99,7580.29,7680.16,-0.0551123753094197,258.6999999999998,Crude oil,CL=F,₹/barrel,Energy
2026-06-16,76.05000305175781,81.58000183105469,75.5199966430664,81.0999984741211,205050,94.74169921875,7683.55,7729.03,7154.89,7205.11,-0.06185418012124755,574.1399999999994,Crude oil,CL=F,₹/barrel,Energy
2026-06-17,76.79000091552734,80.02999877929688,74.58999633789062,76.58999633789062,100474,94.88860321044922,7267.52,7593.93,7077.74,7286.5,0.011296149538313927,516.1900000000005,Crude oil,CL=F,₹/barrel,Energy
2026-06-18,76.5999984741211,76.98999786376953,73.58000183105469,75.52999877929688,97813,94.85890197753906,7164.69,7303.19,6979.72,7266.19,-0.002787346462636453,323.46999999999935,Crude oil,CL=F,₹/barrel,Energy
2026-06-22,74.81999969482422,78.95999908447266,74.44999694824219,78.93000030517578,315903,94.3302993774414,7445.49,7448.32,7022.89,7057.79,-0.028680780436514786,425.4299999999994,Crude oil,CL=F,₹/barrel,Energy
2026-06-23,73.20999908447266,74.44999694824219,72.4800033569336,74.13999938964844,203509,94.70059967041016,7021.1,7050.46,6863.9,6933.03,-0.017676921529260592,186.5600000000004,Crude oil,CL=F,₹/barrel,Energy
2026-06-24,70.33999633789062,73.18000030517578,69.62999725341797,73.12999725341797,251403,95.18370056152344,6960.78,6965.54,6627.64,6695.22,-0.034301019900389806,337.89999999999964,Crude oil,CL=F,₹/barrel,Energy
2026-06-25,71.91999816894531,72.5,68.9000015258789,69.94999694824219,228065,94.4406967163086,6606.13,6846.95,6506.96,6792.17,0.01448048010371572,339.9899999999998,Crude oil,CL=F,₹/barrel,Energy
2026-06-26,69.2300033569336,71.86000061035156,68.55999755859375,71.44000244140625,249316,94.40039825439452,6743.96,6783.61,6472.09,6535.34,-0.03781265781039045,311.5199999999995,Crude oil,CL=F,₹/barrel,Energy
2026-06-29,70.75,71.1500015258789,69.31999969482422,70.5,170488,94.36029815673828,6652.4,6713.74,6541.06,6675.99,0.02152145106451986,172.67999999999938,Crude oil,CL=F,₹/barrel,Energy
2026-06-30,69.5,71.5999984741211,69.22000122070312,70.43000030517578,194279,94.79049682617188,6676.09,6787.0,6561.4,6587.94,-0.013189055106433645,225.60000000000036,Crude oil,CL=F,₹/barrel,Energy
2026-07-01,68.58000183105469,70.19000244140625,67.91999816894531,69.9800033569336,200004,94.91799926757812,6642.36,6662.29,6446.83,6509.48,-0.011909640949978262,215.46000000000004,Crude oil,CL=F,₹/barrel,Energy
2026-07-02,68.69000244140625,68.80000305175781,67.04000091552734,68.02999877929688,183635,95.4175033569336,6491.25,6564.72,6396.79,6554.23,0.006874589060877456,167.9300000000003,Crude oil,CL=F,₹/barrel,Energy
2026-07-06,68.55000305175781,69.20999908447266,67.81999969482422,68.68000030517578,229909,95.2147979736328,6539.35,6589.82,6457.47,6526.97,-0.004159146078181464,132.34999999999945,Crude oil,CL=F,₹/barrel,Energy
2026-07-07,70.44000244140625,72.51000213623047,68.58000183105469,68.58000183105469,264072,95.60350036621094,6556.49,6932.21,6556.49,6734.31,0.03176665435876069,375.72000000000025,Crude oil,CL=F,₹/barrel,Energy
2026-07-08,73.5199966430664,76.08000183105469,71.75,72.37999725341797,445251,95.60350036621094,6919.78,7273.51,6859.55,7028.77,0.043725340829275705,413.96000000000004,Crude oil,CL=F,₹/barrel,Energy
2026-07-09,72.08000183105469,75.12999725341797,71.41999816894531,74.94999694824219,264009,95.60350036621094,7165.48,7182.69,6828.0,6891.1,-0.019586641759511303,354.6899999999996,Crude oil,CL=F,₹/barrel,Energy
2026-07-10,71.41000366210938,73.16000366210938,70.7699966430664,71.86000061035156,219817,95.60350036621094,6870.07,6994.35,6765.86,6827.05,-0.009294597379228331,228.4900000000007,Crude oil,CL=F,₹/barrel,Energy
2026-07-13,78.13999938964844,78.58000183105469,72.61000061035156,73.69000244140625,327411,95.60350036621094,7045.02,7512.52,6941.77,7470.46,0.0942442196849298,570.75,Crude oil,CL=F,₹/barrel,Energy
2026-07-14,79.33999633789062,81.2699966430664,77.83999633789062,78.04000091552734,409973,95.60350036621094,7460.9,7769.7,7441.78,7585.18,0.015356484071931353,327.9200000000001,Crude oil,CL=F,₹/barrel,Energy
2026-07-15,79.5999984741211,80.93000030517578,78.19000244140625,79.73999786376953,239855,95.60350036621094,7623.42,7737.19,7475.24,7610.04,0.003277443646690026,261.9499999999998,Crude oil,CL=F,₹/barrel,Energy
2026-07-16,78.94999694824219,80.87000274658203,78.58000183105469,80.0,188731,95.60350036621094,7648.28,7731.46,7512.52,7547.9,-0.008165528696301272,218.9399999999996,Crude oil,CL=F,₹/barrel,Energy
2026-07-17,82.48999786376953,82.76000213623047,78.61000061035156,79.56999969482422,96003,95.60350036621094,7607.17,7912.15,7515.39,7886.33,0.044837636958624305,396.7599999999993,Crude oil,CL=F,₹/barrel,Energy
2026-07-20,83.2300033569336,85.38999938964844,80.2699966430664,83.76000213623047,99783,95.60350036621094,8007.75,8163.58,7674.09,7957.08,0.008971219819611909,489.4899999999998,Crude oil,CL=F,₹/barrel,Energy
2026-07-21,84.91000366210938,85.80000305175781,82.25,83.4800033569336,298109,95.60350036621094,7980.98,8202.78,7863.39,8117.69,0.020184540057407885,339.3900000000003,Crude oil,CL=F,₹/barrel,Energy
2026-07-22,86.83000183105469,88.61000061035156,84.44000244140625,84.69000244140625,358021,95.60350036621094,8096.66,8471.43,8072.76,8301.25,0.022612344152092678,398.6700000000001,Crude oil,CL=F,₹/barrel,Energy
2026-07-23,92.19000244140625,93.5,87.31999969482422,87.72000122070312,401934,95.60350036621094,8386.34,8938.93,8348.1,8813.69,0.06173046227977719,590.8299999999999,Crude oil,CL=F,₹/barrel,Energy
2026-07-24,89.30999755859375,92.83000183105469,87.68000030517578,92.55000305175781,365438,95.60350036621094,8848.1,8874.87,8382.51,8538.35,-0.031240036806377325,492.3600000000006,Crude oil,CL=F,₹/barrel,Energy
2026-07-27,82.61000061035156,86.19999694824219,81.62999725341797,86.12000274658203,352813,95.60350036621094,8233.37,8241.02,7804.11,7897.81,-0.07501917817845372,436.91000000000076,Crude oil,CL=F,₹/barrel,Energy
2026-07-28,79.26000213623047,82.43000030517578,77.77999877929688,82.0,368026,95.60350036621094,7839.49,7880.6,7436.04,7577.53,-0.04055301406339229,444.5600000000004,Crude oil,CL=F,₹/barrel,Energy
2026-07-29,84.45999908447266,85.56999969482422,79.91999816894531,80.04000091552734,327417,95.60350036621094,7652.1,8180.79,7640.63,8074.67,0.0656071305557353,540.1599999999999,Crude oil,CL=F,₹/barrel,Energy
2026-07-30,83.58999633789062,85.94000244140625,82.97000122070312,84.6500015258789,235395,95.60350036621094,8092.84,8216.17,7932.22,7991.5,-0.010300111335819317,283.9499999999998,Crude oil,CL=F,₹/barrel,Energy
2026-07-31,84.66999816894531,86.87000274658203,81.05999755859375,83.91999816894531,257851,95.60350036621094,8023.05,8305.08,7749.62,8094.75,0.012919977476068212,555.46,Crude oil,CL=F,₹/barrel,Energy
2026-08-03,80.33999633789062,81.30000305175781,78.43000030517578,80.0999984741211,294823,95.60350036621094,7657.84,7772.56,7498.18,7680.78,-0.05114055406281848,274.3800000000001,Crude oil,CL=F,₹/barrel,Energy
2026-08-04,75.7699966430664,82.33000183105469,75.11000061035156,80.0999984741211,362270,95.60350036621094,7657.84,7871.04,7180.78,7243.88,-0.05688224373045436,690.2600000000002,Crude oil,CL=F,₹/barrel,Energy
2026-08-05,75.22000122070312,76.69999694824219,74.23999786376953,75.16999816894531,259965,95.60350036621094,7186.51,7332.79,7097.6,7191.3,-0.007258541002887919,235.1899999999996,Crude oil,CL=F,₹/barrel,Energy
2026-08-06,77.29000091552734,78.51000213623047,74.56999969482422,75.13999938964844,246260,95.60350036621094,7183.65,7505.83,7129.15,7389.19,0.02751797310639237,376.6800000000003,Crude oil,CL=F,₹/barrel,Energy
2026-08-07,78.18000030517578,78.7699966430664,76.52999877929688,78.16999816894531,246260,95.60350036621094,7473.33,7530.69,7316.54,7474.28,0.011515470572552644,214.14999999999964,Crude oil,CL=F,₹/barrel,Energy
