date,close_usd,high_usd,low_usd,open_usd,volume,usdinr,open_inr,high_inr,low_inr,close_inr,daily_return,price_range_inr,commodity,ticker,unit,sector
2010-01-04,1117.699951171875,1122.300048828125,1097.0999755859375,1117.699951171875,184,46.28799819946289,16633.53,16701.99,16326.96,16633.53,,375.0300000000025,Gold,GC=F,₹/10g,Precious metal
2010-01-05,1118.0999755859375,1126.5,1115.0,1118.0999755859375,53,46.119998931884766,16579.09,16703.64,16533.12,16579.09,-0.003272907194083241,170.52000000000044,Gold,GC=F,₹/10g,Precious metal
2010-01-06,1135.9000244140625,1139.199951171875,1120.699951171875,1135.9000244140625,363,45.720001220703125,16696.95,16745.45,16473.52,16696.95,0.00710895471343731,271.9300000000003,Gold,GC=F,₹/10g,Precious metal
2010-01-07,1133.0999755859375,1133.0999755859375,1129.199951171875,1133.0999755859375,56,45.6879997253418,16644.13,16644.13,16586.84,16644.13,-0.0031634520077019612,57.29000000000087,Gold,GC=F,₹/10g,Precious metal
2010-01-08,1138.199951171875,1138.199951171875,1122.699951171875,1138.199951171875,54,45.51800155639648,16656.84,16656.84,16430.0,16656.84,0.0007636325839799341,226.84000000000015,Gold,GC=F,₹/10g,Precious metal
2010-01-11,1150.699951171875,1161.199951171875,1143.0,1150.699951171875,177,45.358001708984375,16780.57,16933.69,16668.28,16780.57,0.0074281796547244205,265.40999999999985,Gold,GC=F,₹/10g,Precious metal
2010-01-12,1128.9000244140625,1157.199951171875,1127.199951171875,1128.9000244140625,51,45.61800003051758,16557.03,16972.09,16532.1,16557.03,-0.013321359167179692,439.9900000000016,Gold,GC=F,₹/10g,Precious metal
2010-01-13,1136.4000244140625,1136.4000244140625,1121.0,1136.4000244140625,58,45.48799896240234,16619.53,16619.53,16394.31,16619.53,0.0037748315972128133,225.21999999999753,Gold,GC=F,₹/10g,Precious metal
2010-01-14,1142.5999755859375,1145.9000244140625,1132.800048828125,1137.0,81,45.5629997253418,16655.72,16786.1,16594.2,16737.76,0.00711391958737706,191.89999999999782,Gold,GC=F,₹/10g,Precious metal
2010-01-15,1130.0999755859375,1133.4000244140625,1127.199951171875,1132.800048828125,50,45.803001403808594,16681.61,16690.44,16599.14,16641.85,-0.005730157440422157,91.29999999999927,Gold,GC=F,₹/10g,Precious metal
2010-01-19,1139.699951171875,1139.699951171875,1130.5,1139.699951171875,22,45.84799957275391,16799.71,16799.71,16664.09,16799.71,0.009485724243398552,135.61999999999898,Gold,GC=F,₹/10g,Precious metal
2010-01-20,1112.300048828125,1133.0,1109.800048828125,1123.300048828125,28,46.11800003051758,16655.47,16799.3,16455.31,16492.37,-0.01829436341460655,343.98999999999796,Gold,GC=F,₹/10g,Precious metal
2010-01-21,1102.699951171875,1107.5,1090.199951171875,1102.699951171875,99,46.108001708984375,16346.49,16417.64,16161.18,16346.49,-0.00884530240347503,256.4599999999991,Gold,GC=F,₹/10g,Precious metal
2010-01-22,1089.199951171875,1095.4000244140625,1083.0,1089.199951171875,58,46.22299957275391,16186.63,16278.77,16094.49,16186.63,-0.009779469476321911,184.28000000000065,Gold,GC=F,₹/10g,Precious metal
2010-01-25,1095.199951171875,1095.199951171875,1095.199951171875,1095.199951171875,8,46.07799911499024,16224.74,16224.74,16224.74,16224.74,0.0023544122525813727,0.0,Gold,GC=F,₹/10g,Precious metal
2010-01-26,1097.9000244140625,1097.9000244140625,1097.9000244140625,1097.9000244140625,4,45.84799957275391,16183.55,16183.55,16183.55,16183.55,-0.0025387155664744476,0.0,Gold,GC=F,₹/10g,Precious metal
2010-01-27,1084.4000244140625,1084.4000244140625,1084.4000244140625,1084.4000244140625,206694,46.31800079345703,16148.42,16148.42,16148.42,16148.42,-0.0021707227400662443,0.0,Gold,GC=F,₹/10g,Precious metal
2010-01-28,1083.5999755859375,1095.699951171875,1073.199951171875,1087.800048828125,101168,46.34799957275391,16209.54,16327.26,15991.99,16146.96,-9.041132197462609e-05,335.27000000000044,Gold,GC=F,₹/10g,Precious metal
2010-01-29,1083.0,1090.800048828125,1074.5,1085.0,11456,46.09799957275391,16080.61,16166.57,15924.99,16050.97,-0.0059447722667300695,241.57999999999993,Gold,GC=F,₹/10g,Precious metal
2010-02-01,1104.300048828125,1107.300048828125,1076.800048828125,1081.0,2452,46.28799819946289,16087.36,16478.76,16024.86,16434.11,0.02387020846715182,453.8999999999978,Gold,GC=F,₹/10g,Precious metal
2010-02-02,1117.4000244140625,1118.5,1100.199951171875,1117.4000244140625,3326,46.09999847412109,16561.53,16577.83,16306.59,16561.53,0.007753386097573811,271.2400000000016,Gold,GC=F,₹/10g,Precious metal
2010-02-03,1111.4000244140625,1124.9000244140625,1108.5999755859375,1115.800048828125,853,45.900001525878906,16466.06,16600.35,16359.81,16401.13,-0.00968509551955632,240.53999999999905,Gold,GC=F,₹/10g,Precious metal
2010-02-04,1062.4000244140625,1110.699951171875,1059.0,1110.0,1426,46.209999084472656,16491.1,16501.5,15733.4,15783.92,-0.03763216314973428,768.1000000000004,Gold,GC=F,₹/10g,Precious metal
2010-02-05,1052.199951171875,1068.5,1045.199951171875,1052.199951171875,1956,46.619998931884766,15771.07,16015.39,15666.15,15771.07,-0.0008141196863643563,349.2399999999998,Gold,GC=F,₹/10g,Precious metal
2010-02-08,1065.699951171875,1073.4000244140625,1061.5999755859375,1065.699951171875,549,46.709999084472656,16004.26,16119.89,15942.69,16004.26,0.014785933991796396,177.1999999999989,Gold,GC=F,₹/10g,Precious metal
2010-02-09,1076.699951171875,1082.0,1063.0999755859375,1076.699951171875,387,46.38999938964844,16058.68,16137.73,15855.84,16058.68,0.0034003446582346886,281.8899999999994,Gold,GC=F,₹/10g,Precious metal
2010-02-10,1075.800048828125,1081.0999755859375,1063.300048828125,1075.800048828125,640,46.37799835205078,16041.11,16120.13,15854.72,16041.11,-0.0010941123429820676,265.40999999999985,Gold,GC=F,₹/10g,Precious metal
2010-02-11,1094.199951171875,1097.0999755859375,1075.5999755859375,1076.800048828125,1491,46.400001525878906,16063.63,16366.47,16045.73,16323.2,0.017585441406486213,320.7399999999998,Gold,GC=F,₹/10g,Precious metal
2010-02-12,1089.5,1092.0,1079.800048828125,1089.5,197,46.400001525878906,16253.09,16290.39,16108.39,16253.09,-0.004295113703195463,182.0,Gold,GC=F,₹/10g,Precious metal
2010-02-16,1119.300048828125,1120.4000244140625,1092.4000244140625,1119.300048828125,928,45.97999954223633,16546.5,16562.76,16148.84,16546.5,0.018052567234907224,413.91999999999825,Gold,GC=F,₹/10g,Precious metal
2010-02-17,1119.5,1127.0,1108.5,1119.5,1083,46.007999420166016,16559.54,16670.48,16396.83,16559.54,0.000788082071737195,273.6499999999978,Gold,GC=F,₹/10g,Precious metal
2010-02-18,1118.0,1123.699951171875,1100.800048828125,1118.0,989,46.13999938964844,16584.8,16669.35,16329.65,16584.8,0.0015254046911929997,339.6999999999989,Gold,GC=F,₹/10g,Precious metal
2010-02-19,1121.300048828125,1126.199951171875,1099.699951171875,1121.300048828125,137,46.18000030517578,16648.17,16720.92,16327.47,16648.17,0.0038209685977521612,393.4499999999989,Gold,GC=F,₹/10g,Precious metal
2010-02-22,1112.5999755859375,1127.4000244140625,1110.0,1112.5999755859375,124,46.09999847412109,16490.38,16709.74,16451.85,16490.38,-0.009477918594055557,257.89000000000306,Gold,GC=F,₹/10g,Precious metal
2010-02-23,1102.699951171875,1118.300048828125,1102.5999755859375,1116.4000244140625,152,46.26800155639648,16607.01,16635.27,16401.72,16403.21,-0.005286112266667087,233.54999999999927,Gold,GC=F,₹/10g,Precious metal
2010-02-24,1096.5,1096.5,1096.5,1096.5,751,46.28799819946289,16318.03,16318.03,16318.03,16318.03,-0.005192886026576415,0.0,Gold,GC=F,₹/10g,Precious metal
2010-02-25,1107.800048828125,1108.199951171875,1088.699951171875,1107.800048828125,386,46.29999923706055,16490.47,16496.43,16206.15,16490.47,0.010567452076016615,290.28000000000065,Gold,GC=F,₹/10g,Precious metal
2010-02-26,1118.300048828125,1118.300048828125,1106.800048828125,1106.800048828125,382,45.900001525878906,16333.25,16502.96,16333.25,16502.96,0.0007574071569820262,169.70999999999913,Gold,GC=F,₹/10g,Precious metal
2010-03-01,1117.800048828125,1121.9000244140625,1113.5999755859375,1119.300048828125,184,46.0,16553.7,16592.15,16469.4,16531.52,0.0017305986320030886,122.75,Gold,GC=F,₹/10g,Precious metal
2010-03-02,1136.9000244140625,1137.4000244140625,1115.699951171875,1136.9000244140625,155,46.02799987792969,16824.23,16831.63,16510.5,16824.23,0.017706175838640315,321.130000000001,Gold,GC=F,₹/10g,Precious metal
2010-03-03,1142.699951171875,1145.0,1133.699951171875,1142.699951171875,170,45.54999923706055,16734.45,16768.13,16602.64,16734.45,-0.005336351202997025,165.4900000000016,Gold,GC=F,₹/10g,Precious metal
2010-03-04,1132.5999755859375,1139.0,1128.5999755859375,1132.5999755859375,118,45.66999816894531,16630.23,16724.2,16571.5,16630.23,-0.006227871247635908,152.70000000000073,Gold,GC=F,₹/10g,Precious metal
2010-03-05,1134.800048828125,1134.800048828125,1134.800048828125,1134.800048828125,129,45.45000076293945,16582.27,16582.27,16582.27,16582.27,-0.0028839047926576544,0.0,Gold,GC=F,₹/10g,Precious metal
2010-03-08,1123.5999755859375,1123.5999755859375,1123.5999755859375,1123.5999755859375,17,45.400001525878906,16400.55,16400.55,16400.55,16400.55,-0.010958692627728306,0.0,Gold,GC=F,₹/10g,Precious metal
2010-03-09,1122.0,1124.0,1113.0999755859375,1122.0,27,45.54999923706055,16431.3,16460.59,16300.96,16431.3,0.0018749371210111665,159.63000000000102,Gold,GC=F,₹/10g,Precious metal
2010-03-10,1107.800048828125,1127.0999755859375,1106.9000244140625,1107.800048828125,21,45.310001373291016,16137.87,16419.02,16124.76,16137.87,-0.017857990542440305,294.2600000000002,Gold,GC=F,₹/10g,Precious metal
2010-03-11,1108.0,1108.0,1108.0,1108.0,46,45.45000076293945,16190.65,16190.65,16190.65,16190.65,0.0032705679250111253,0.0,Gold,GC=F,₹/10g,Precious metal
2010-03-12,1101.5,1117.4000244140625,1099.9000244140625,1101.5,135,45.49800109863281,16112.67,16345.26,16089.27,16112.67,-0.0048163600596640155,255.98999999999978,Gold,GC=F,₹/10g,Precious metal
2010-03-15,1105.0999755859375,1107.0999755859375,1101.4000244140625,1105.0999755859375,21,45.55799865722656,16186.65,16215.94,16132.45,16186.65,0.0045914178097112845,83.48999999999978,Gold,GC=F,₹/10g,Precious metal
2010-03-16,1122.199951171875,1127.0,1114.5,1122.199951171875,66,45.38999938964844,16376.5,16446.55,16264.14,16376.5,0.01172880120346087,182.40999999999985,Gold,GC=F,₹/10g,Precious metal
2010-03-17,1124.0,1131.4000244140625,1118.0,1124.0,29,45.27999877929688,16363.02,16470.75,16275.67,16363.02,-0.0008231307055841519,195.07999999999993,Gold,GC=F,₹/10g,Precious metal
2010-03-18,1127.4000244140625,1127.800048828125,1121.0999755859375,1127.4000244140625,86,45.38999938964844,16452.39,16458.23,16360.45,16452.39,0.0054617057242489775,97.77999999999884,Gold,GC=F,₹/10g,Precious metal
2010-03-19,1107.4000244140625,1107.4000244140625,1107.4000244140625,1107.4000244140625,54,45.25,16110.68,16110.68,16110.68,16110.68,-0.020769626783707307,0.0,Gold,GC=F,₹/10g,Precious metal
2010-03-22,1099.300048828125,1099.300048828125,1099.300048828125,1099.300048828125,71,45.470001220703125,16070.59,16070.59,16070.59,16070.59,-0.0024884114140433233,0.0,Gold,GC=F,₹/10g,Precious metal
2010-03-23,1103.5,1103.5,1103.5,1103.5,16,45.400001525878906,16107.16,16107.16,16107.16,16107.16,0.002275585401656066,0.0,Gold,GC=F,₹/10g,Precious metal
2010-03-24,1088.5999755859375,1092.4000244140625,1085.5,1088.5999755859375,9,45.400001525878906,15889.67,15945.14,15844.42,15889.67,-0.01350269072884358,100.71999999999935,Gold,GC=F,₹/10g,Precious metal
2010-03-25,1092.699951171875,1092.699951171875,1086.699951171875,1092.699951171875,8,45.48799896240234,15980.43,15980.43,15892.68,15980.43,0.005711887031008223,87.75,Gold,GC=F,₹/10g,Precious metal
2010-03-26,1104.199951171875,1104.199951171875,1104.199951171875,1104.199951171875,5,45.11000061035156,16014.42,16014.42,16014.42,16014.42,0.00212697655820282,0.0,Gold,GC=F,₹/10g,Precious metal
2010-03-29,1110.300048828125,1110.300048828125,1110.300048828125,1110.300048828125,158733,44.79999923706055,15992.23,15992.23,15992.23,15992.23,-0.0013856262043833167,0.0,Gold,GC=F,₹/10g,Precious metal
2010-03-30,1104.5,1112.9000244140625,1101.0999755859375,1109.699951171875,56533,44.93999862670898,16033.54,16079.77,15909.28,15958.41,-0.0021147769885750956,170.48999999999978,Gold,GC=F,₹/10g,Precious metal
2010-03-31,1113.300048828125,1118.699951171875,1102.0,1103.0999755859375,5950,44.79999923706055,15888.53,16113.22,15872.68,16035.44,0.0048269219803227514,240.53999999999905,Gold,GC=F,₹/10g,Precious metal
2010-04-01,1125.0999755859375,1127.699951171875,1111.300048828125,1125.0999755859375,2696,44.59999847412109,16133.06,16170.34,15935.18,16133.06,0.00608776559919777,235.15999999999985,Gold,GC=F,₹/10g,Precious metal
2010-04-05,1132.9000244140625,1133.300048828125,1119.9000244140625,1122.300048828125,567,44.36000061035156,16006.31,16163.19,15972.08,16157.49,0.0015142818535356373,191.11000000000058,Gold,GC=F,₹/10g,Precious metal
2010-04-06,1135.0999755859375,1138.5,1122.699951171875,1130.800048828125,2490,44.34000015258789,16120.27,16230.04,16004.8,16181.57,0.001490330490688807,225.2400000000016,Gold,GC=F,₹/10g,Precious metal
2010-04-07,1152.300048828125,1153.0,1132.5999755859375,1152.300048828125,1342,44.400001525878906,16448.99,16458.98,16167.78,16448.99,0.0165262085199398,291.1999999999989,Gold,GC=F,₹/10g,Precious metal
2010-04-08,1152.199951171875,1152.300048828125,1144.0,1152.199951171875,254,44.34000015258789,16425.34,16426.76,16308.44,16425.34,-0.0014377782465672118,118.31999999999789,Gold,GC=F,₹/10g,Precious metal
2010-04-09,1161.0999755859375,1164.800048828125,1150.5,1161.0999755859375,505,44.119998931884766,16470.09,16522.57,16319.73,16470.09,0.002724448930737422,202.84000000000015,Gold,GC=F,₹/10g,Precious metal
2010-04-12,1161.5999755859375,1169.0,1154.5999755859375,1161.5999755859375,483,44.34000015258789,16559.34,16664.83,16459.55,16559.34,0.005418913922146107,205.28000000000247,Gold,GC=F,₹/10g,Precious metal
2010-04-13,1152.800048828125,1157.0,1145.0,1152.800048828125,278,44.57799911499024,16522.1,16582.3,16410.31,16522.1,-0.0022488818998825932,171.98999999999796,Gold,GC=F,₹/10g,Precious metal
2010-04-14,1159.0,1160.5999755859375,1151.199951171875,1159.0,162,44.209999084472656,16473.83,16496.58,16362.97,16473.83,-0.002921541450541798,133.6100000000024,Gold,GC=F,₹/10g,Precious metal
2010-04-15,1159.699951171875,1159.800048828125,1151.0,1157.5,179,44.290000915527344,16482.29,16515.04,16389.73,16513.61,0.0024147390133320012,125.31000000000131,Gold,GC=F,₹/10g,Precious metal
2010-04-16,1136.300048828125,1160.0,1130.4000244140625,1136.300048828125,483,44.31800079345703,16190.64,16528.33,16106.57,16190.64,-0.019557807166331376,421.76000000000204,Gold,GC=F,₹/10g,Precious metal
2010-04-19,1135.199951171875,1137.0999755859375,1124.0,1135.199951171875,145,44.72800064086914,16324.6,16351.92,16163.54,16324.6,0.008273916287435235,188.3799999999992,Gold,GC=F,₹/10g,Precious metal
2010-04-20,1138.5999755859375,1145.800048828125,1136.0,1138.5999755859375,80,44.38999938964844,16249.76,16352.52,16212.66,16249.76,-0.004584492116192718,139.86000000000058,Gold,GC=F,₹/10g,Precious metal
2010-04-21,1148.199951171875,1150.0,1138.4000244140625,1148.199951171875,68,44.400001525878906,16390.46,16416.16,16250.57,16390.46,0.00865858941916664,165.59000000000015,Gold,GC=F,₹/10g,Precious metal
2010-04-22,1142.300048828125,1144.0,1133.5999755859375,1142.300048828125,213,44.43999862670898,16320.93,16345.22,16196.63,16320.93,-0.004242101808002885,148.59000000000015,Gold,GC=F,₹/10g,Precious metal
2010-04-23,1153.0999755859375,1153.0999755859375,1153.0999755859375,1153.0999755859375,40,44.290000915527344,16419.63,16419.63,16419.63,16419.63,0.006047449501958679,0.0,Gold,GC=F,₹/10g,Precious metal
2010-04-26,1153.5,1160.0999755859375,1151.4000244140625,1160.0999755859375,108,44.25,16504.39,16504.39,16380.62,16410.49,-0.000556650789329538,123.76999999999862,Gold,GC=F,₹/10g,Precious metal
2010-04-27,1161.699951171875,1170.699951171875,1148.5999755859375,1152.800048828125,213,44.45000076293945,16474.66,16730.47,16414.64,16601.85,0.011660834015315702,315.83000000000175,Gold,GC=F,₹/10g,Precious metal
2010-04-28,1171.300048828125,1171.300048828125,1171.300048828125,1171.300048828125,299,44.5,16757.87,16757.87,16757.87,16757.87,0.009397747841355164,0.0,Gold,GC=F,₹/10g,Precious metal
2010-04-29,1168.4000244140625,1171.199951171875,1164.0,1168.4000244140625,166,44.45000076293945,16697.6,16737.61,16634.72,16697.6,-0.0035965191280276088,102.88999999999942,Gold,GC=F,₹/10g,Precious metal
2010-04-30,1180.0999755859375,1181.300048828125,1170.0,1180.0999755859375,146,44.25,16788.92,16806.0,16645.23,16788.92,0.005469049444231544,160.77000000000044,Gold,GC=F,₹/10g,Precious metal
2010-05-03,1182.699951171875,1187.5,1177.300048828125,1178.5999755859375,90,44.400001525878906,16824.42,16951.47,16805.87,16882.95,0.005600717616142115,145.60000000000218,Gold,GC=F,₹/10g,Precious metal
2010-05-04,1168.5999755859375,1191.800048828125,1168.300048828125,1168.5999755859375,94,44.54999923706055,16738.03,17070.33,16733.73,16738.03,-0.008583807924563036,336.6000000000022,Gold,GC=F,₹/10g,Precious metal
2010-05-05,1174.5999755859375,1177.199951171875,1159.199951171875,1174.5999755859375,98,44.84999847412109,16937.26,16974.75,16715.2,16937.26,0.011902834443479948,259.5499999999993,Gold,GC=F,₹/10g,Precious metal
2010-05-06,1196.9000244140625,1210.5999755859375,1175.9000244140625,1196.9000244140625,79,45.459999084472656,17493.55,17693.79,17186.62,17493.55,0.03284415543009911,507.1700000000019,Gold,GC=F,₹/10g,Precious metal
2010-05-07,1210.0,1210.800048828125,1194.5999755859375,1210.0,112,45.417999267578125,17668.68,17680.36,17443.81,17668.68,0.010011118383632889,236.54999999999927,Gold,GC=F,₹/10g,Precious metal
2010-05-10,1200.4000244140625,1203.800048828125,1189.199951171875,1200.4000244140625,118,44.76300048828125,17275.71,17324.64,17114.52,17275.71,-0.022241050265215168,210.11999999999898,Gold,GC=F,₹/10g,Precious metal
2010-05-11,1219.9000244140625,1233.5,1201.5,1219.9000244140625,201,44.9900016784668,17645.38,17842.1,17379.23,17645.38,0.02139825222812841,462.869999999999,Gold,GC=F,₹/10g,Precious metal
2010-05-12,1242.699951171875,1246.5,1227.0999755859375,1242.699951171875,213,44.95000076293945,17959.19,18014.11,17733.74,17959.19,0.017784258542462572,280.369999999999,Gold,GC=F,₹/10g,Precious metal
2010-05-13,1228.800048828125,1240.0,1228.699951171875,1235.300048828125,37,44.93999862670898,17848.28,17916.18,17752.91,17754.36,-0.011405302800404638,163.27000000000044,Gold,GC=F,₹/10g,Precious metal
2010-05-14,1227.4000244140625,1227.4000244140625,1227.4000244140625,1227.4000244140625,99,45.25,17856.46,17856.46,17856.46,17856.46,0.005750700109719453,0.0,Gold,GC=F,₹/10g,Precious metal
2010-05-17,1227.699951171875,1235.9000244140625,1225.199951171875,1233.300048828125,49,45.52799987792969,18052.53,18090.59,17933.96,17970.56,0.006389844347647999,156.63000000000102,Gold,GC=F,₹/10g,Precious metal
2010-05-18,1214.300048828125,1216.0999755859375,1208.199951171875,1214.300048828125,73,45.560001373291016,17786.91,17813.27,17697.56,17786.91,-0.010219492325225343,115.70999999999913,Gold,GC=F,₹/10g,Precious metal
2010-05-19,1192.5999755859375,1192.5999755859375,1192.5999755859375,1192.5999755859375,75,46.27299880981445,17742.43,17742.43,17742.43,17742.43,-0.0025007154137508536,0.0,Gold,GC=F,₹/10g,Precious metal
2010-05-20,1187.800048828125,1191.800048828125,1179.4000244140625,1187.800048828125,297,46.7400016784668,17849.37,17909.48,17723.14,17849.37,0.006027359273786059,186.34000000000015,Gold,GC=F,₹/10g,Precious metal
2010-05-21,1175.699951171875,1175.699951171875,1175.699951171875,1175.699951171875,177,46.917999267578125,17734.82,17734.82,17734.82,17734.82,-0.006417593450076864,0.0,Gold,GC=F,₹/10g,Precious metal
2010-05-24,1193.800048828125,1193.800048828125,1193.800048828125,1193.800048828125,14,46.810001373291016,17966.4,17966.4,17966.4,17966.4,0.013057927850409712,0.0,Gold,GC=F,₹/10g,Precious metal
2010-05-25,1197.800048828125,1200.0,1195.5999755859375,1197.800048828125,9,47.47999954223633,18284.61,18318.2,18251.03,18284.61,0.017711394603259434,67.17000000000189,Gold,GC=F,₹/10g,Precious metal
2010-05-26,1213.300048828125,1213.300048828125,1213.300048828125,1213.300048828125,237497,47.09999847412109,18372.99,18372.99,18372.99,18372.99,0.004833573152503767,0.0,Gold,GC=F,₹/10g,Precious metal
2010-05-27,1211.9000244140625,1218.5,1205.4000244140625,1211.699951171875,109434,46.720001220703125,18200.72,18302.87,18106.09,18203.73,-0.00921243629915447,196.77999999999884,Gold,GC=F,₹/10g,Precious metal
2010-05-28,1212.199951171875,1214.800048828125,1201.0999755859375,1210.4000244140625,12895,46.29999923706055,18017.75,18083.25,17879.32,18044.55,-0.008744361732458183,203.9300000000003,Gold,GC=F,₹/10g,Precious metal
2010-06-01,1224.800048828125,1228.199951171875,1209.300048828125,1224.800048828125,4547,47.08300018310547,18540.44,18591.91,18305.81,18540.44,0.02748142791036634,286.09999999999854,Gold,GC=F,₹/10g,Precious metal
2010-06-02,1220.5999755859375,1225.800048828125,1213.199951171875,1220.5999755859375,2799,46.79999923706055,18365.8,18444.05,18254.46,18365.8,-0.009419409679597646,189.59000000000015,Gold,GC=F,₹/10g,Precious metal
2010-06-03,1208.300048828125,1224.0,1201.0,1208.300048828125,1552,46.5,18064.19,18298.91,17955.05,18064.19,-0.016422372017554365,343.8600000000006,Gold,GC=F,₹/10g,Precious metal
2010-06-04,1216.199951171875,1220.4000244140625,1196.9000244140625,1207.5999755859375,1070,46.86000061035156,18193.49,18386.34,18032.29,18323.06,0.014330562289258664,354.0499999999993,Gold,GC=F,₹/10g,Precious metal
2010-06-07,1239.300048828125,1244.699951171875,1211.0,1239.300048828125,859,46.790000915527344,18643.19,18724.42,18217.46,18643.19,0.01747142671584312,506.9599999999991,Gold,GC=F,₹/10g,Precious metal
2010-06-08,1244.0,1252.0999755859375,1234.0999755859375,1241.5,763,46.83000183105469,18692.25,18851.85,18580.84,18729.89,0.004650491680876501,271.0099999999984,Gold,GC=F,₹/10g,Precious metal
2010-06-09,1228.5,1238.199951171875,1222.0,1237.0,446,46.810001373291016,18616.55,18634.6,18390.8,18488.62,-0.012881549224261324,243.79999999999927,Gold,GC=F,₹/10g,Precious metal
2010-06-10,1220.800048828125,1233.5,1215.0999755859375,1232.800048828125,488,46.75,18529.56,18540.08,18263.51,18349.19,-0.007541395734240841,276.57000000000335,Gold,GC=F,₹/10g,Precious metal
2010-06-11,1228.9000244140625,1229.5999755859375,1218.0,1228.9000244140625,481,46.75,18470.94,18481.46,18307.1,18470.94,0.006635170271821256,174.36000000000058,Gold,GC=F,₹/10g,Precious metal
2010-06-14,1223.300048828125,1232.699951171875,1217.699951171875,1223.199951171875,989,46.400001525878906,18247.62,18389.34,18165.57,18249.11,-0.012009675739296344,223.77000000000044,Gold,GC=F,₹/10g,Precious metal
2010-06-15,1233.199951171875,1236.0,1222.4000244140625,1222.5999755859375,251,46.400001525878906,18238.67,18438.57,18235.69,18396.8,0.008092997411928593,202.88000000000102,Gold,GC=F,₹/10g,Precious metal
2010-06-16,1229.300048828125,1229.300048828125,1229.300048828125,1229.300048828125,318,46.40999984741211,18342.57,18342.57,18342.57,18342.57,-0.002947795268742337,0.0,Gold,GC=F,₹/10g,Precious metal
2010-06-17,1247.5,1251.0999755859375,1233.9000244140625,1233.9000244140625,266,46.09000015258789,18284.26,18539.13,18284.26,18485.79,0.0078080661543067365,254.87000000000262,Gold,GC=F,₹/10g,Precious metal
2010-06-18,1257.199951171875,1261.5,1242.9000244140625,1247.699951171875,130,46.0099983215332,18456.66,18660.8,18385.66,18597.19,0.0060262504334409606,275.1399999999994,Gold,GC=F,₹/10g,Precious metal
2010-06-21,1239.699951171875,1264.800048828125,1232.0,1257.4000244140625,219,45.65999984741211,18458.66,18567.29,18085.78,18198.82,-0.021420978115510914,481.51000000000204,Gold,GC=F,₹/10g,Precious metal
2010-06-22,1239.9000244140625,1242.800048828125,1232.0999755859375,1239.9000244140625,172,46.02000045776367,18345.27,18388.17,18229.86,18345.27,0.008047225039865324,158.30999999999767,Gold,GC=F,₹/10g,Precious metal
2010-06-23,1234.0999755859375,1245.0999755859375,1226.9000244140625,1233.9000244140625,100,46.150001525878906,18308.06,18474.24,18204.2,18311.03,-0.0018664211537906539,270.0400000000009,Gold,GC=F,₹/10g,Precious metal
2010-06-24,1245.5,1248.0999755859375,1230.699951171875,1236.4000244140625,253,46.2599983215332,18388.88,18562.9,18304.11,18524.23,0.011643255458595236,258.7900000000009,Gold,GC=F,₹/10g,Precious metal
2010-06-25,1255.800048828125,1256.9000244140625,1243.699951171875,1246.699951171875,159,46.150001525878906,18497.98,18649.33,18453.47,18633.01,0.005872308862500564,195.86000000000058,Gold,GC=F,₹/10g,Precious metal
2010-06-28,1238.199951171875,1238.199951171875,1238.199951171875,1238.199951171875,351,46.09999847412109,18351.96,18351.96,18351.96,18351.96,-0.015083445991817657,0.0,Gold,GC=F,₹/10g,Precious metal
2010-06-29,1242.0,1245.0,1228.5,1242.0,417,46.40999984741211,18532.07,18576.83,18330.63,18532.07,0.009814210580232352,246.20000000000073,Gold,GC=F,₹/10g,Precious metal
2010-06-30,1245.5,1246.199951171875,1236.699951171875,1245.5,73,46.400001525878906,18580.29,18590.73,18449.01,18580.29,0.002601975926056932,141.72000000000116,Gold,GC=F,₹/10g,Precious metal
2010-07-01,1206.300048828125,1242.4000244140625,1204.5,1206.300048828125,50,46.40999984741211,17999.38,18538.04,17972.53,17999.38,-0.03126485108682375,565.510000000002,Gold,GC=F,₹/10g,Precious metal
2010-07-02,1207.4000244140625,1211.5999755859375,1200.800048828125,1201.4000244140625,169,46.560001373291016,17984.21,18136.9,17975.23,18074.03,0.004147365075908072,161.6700000000019,Gold,GC=F,₹/10g,Precious metal
2010-07-06,1194.800048828125,1211.800048828125,1190.5,1207.300048828125,52,46.59999847412109,18088.05,18155.47,17836.35,17900.78,-0.009585576653352912,319.1200000000026,Gold,GC=F,₹/10g,Precious metal
2010-07-07,1198.5999755859375,1198.5999755859375,1198.5999755859375,1198.5999755859375,18,46.95000076293945,18092.58,18092.58,18092.58,18092.58,0.010714616904961893,0.0,Gold,GC=F,₹/10g,Precious metal
2010-07-08,1195.800048828125,1203.300048828125,1189.300048828125,1195.800048828125,93,46.650001525878906,17934.98,18047.47,17837.49,17934.98,-0.008710753248016734,209.97999999999956,Gold,GC=F,₹/10g,Precious metal
2010-07-09,1209.5999755859375,1213.0,1195.0,1209.5999755859375,22,46.52000045776367,18091.4,18142.25,17873.04,18091.4,0.008721504010598347,269.2099999999991,Gold,GC=F,₹/10g,Precious metal
2010-07-12,1198.5,1198.5,1198.5,1198.5,45,46.65999984741211,17979.33,17979.33,17979.33,17979.33,-0.006194656024409384,0.0,Gold,GC=F,₹/10g,Precious metal
2010-07-13,1213.300048828125,1217.4000244140625,1205.199951171875,1213.300048828125,53,46.40999984741211,18103.83,18165.01,17982.97,18103.83,0.006924618436838337,182.03999999999724,Gold,GC=F,₹/10g,Precious metal
2010-07-14,1206.800048828125,1213.800048828125,1202.4000244140625,1212.0,54,46.59999847412109,18158.47,18185.44,18014.64,18080.56,-0.001285363373385695,170.79999999999927,Gold,GC=F,₹/10g,Precious metal
2010-07-15,1208.0999755859375,1208.0999755859375,1208.0999755859375,1208.0999755859375,32,46.45000076293945,18041.78,18041.78,18041.78,18041.78,-0.0021448450711705203,0.0,Gold,GC=F,₹/10g,Precious metal
2010-07-16,1188.0,1188.0,1188.0,1188.0,46,46.70000076293945,17837.09,17837.09,17837.09,17837.09,-0.011345332888439974,0.0,Gold,GC=F,₹/10g,Precious metal
2010-07-19,1181.699951171875,1182.199951171875,1180.0,1181.699951171875,4,46.09000015258789,17510.75,17518.16,17485.56,17510.75,-0.018295585210367893,32.599999999998545,Gold,GC=F,₹/10g,Precious metal
2010-07-20,1191.5,1191.5,1191.5,1191.5,8,47.25,18100.33,18100.33,18100.33,18100.33,0.03366960295818289,0.0,Gold,GC=F,₹/10g,Precious metal
2010-07-21,1191.5999755859375,1194.5,1184.0999755859375,1191.5999755859375,24,47.06999969482422,18032.89,18076.78,17919.39,18032.89,-0.0037258989200750214,157.38999999999942,Gold,GC=F,₹/10g,Precious metal
2010-07-22,1195.5,1196.0,1194.4000244140625,1195.5,79,47.040000915527344,18080.38,18087.95,18063.75,18080.38,0.002633521304682862,24.200000000000728,Gold,GC=F,₹/10g,Precious metal
2010-07-23,1187.699951171875,1198.5999755859375,1187.699951171875,1187.699951171875,32,46.88999938964844,17905.14,18069.46,17905.14,17905.14,-0.009692274166804071,164.3199999999997,Gold,GC=F,₹/10g,Precious metal
2010-07-26,1183.0,1183.0,1183.0,1183.0,37,47.042999267578125,17892.48,17892.48,17892.48,17892.48,-0.0007070595370938237,0.0,Gold,GC=F,₹/10g,Precious metal
2010-07-27,1158.0,1158.0,1158.0,1158.0,29,46.64799880981445,17367.3,17367.3,17367.3,17367.3,-0.029351995922309304,0.0,Gold,GC=F,₹/10g,Precious metal
2010-07-28,1160.4000244140625,1160.4000244140625,1160.4000244140625,1160.4000244140625,206828,46.68999862670898,17418.96,17418.96,17418.96,17418.96,0.002974555630408826,0.0,Gold,GC=F,₹/10g,Precious metal
2010-07-29,1168.4000244140625,1169.199951171875,1158.699951171875,1163.800048828125,54384,46.459999084472656,17383.94,17464.6,17307.76,17452.65,0.0019340993951419971,156.84000000000015,Gold,GC=F,₹/10g,Precious metal
2010-07-30,1181.699951171875,1183.0999755859375,1166.0,1168.199951171875,5466,46.36000061035156,17412.11,17634.19,17379.32,17613.33,0.009206624781910033,254.86999999999898,Gold,GC=F,₹/10g,Precious metal
2010-08-02,1183.4000244140625,1191.800048828125,1174.699951171875,1183.4000244140625,2504,46.0880012512207,17535.18,17659.65,17406.26,17535.18,-0.004436980400639778,253.39000000000306,Gold,GC=F,₹/10g,Precious metal
2010-08-03,1185.199951171875,1190.5,1180.0,1185.199951171875,598,46.12799835205078,17577.09,17655.69,17499.97,17577.09,0.0023900524545512614,155.71999999999753,Gold,GC=F,₹/10g,Precious metal
2010-08-04,1193.699951171875,1203.0,1186.300048828125,1186.300048828125,1068,46.12799835205078,17593.4,17841.07,17593.4,17703.15,0.007171835611014199,247.66999999999825,Gold,GC=F,₹/10g,Precious metal
2010-08-05,1197.199951171875,1199.300048828125,1190.0,1197.199951171875,214,46.0,17705.79,17736.85,17599.31,17705.79,0.00014912600299932244,137.53999999999724,Gold,GC=F,₹/10g,Precious metal
2010-08-06,1203.4000244140625,1211.0,1195.300048828125,1203.300048828125,347,46.055999755859375,17817.67,17931.68,17699.21,17819.15,0.006402425421288882,232.47000000000116,Gold,GC=F,₹/10g,Precious metal
2010-08-09,1200.699951171875,1209.5,1199.800048828125,1205.800048828125,658,45.95800018310547,17816.7,17871.37,17728.04,17741.34,-0.004366650485573165,143.3299999999981,Gold,GC=F,₹/10g,Precious metal
2010-08-10,1196.199951171875,1206.5,1191.0,1196.199951171875,713,46.07799911499024,17721.0,17873.59,17643.96,17721.0,-0.0011464748435011662,229.63000000000102,Gold,GC=F,₹/10g,Precious metal
2010-08-11,1197.5,1208.0,1193.0,1197.5,351,46.310001373291016,17829.58,17985.91,17762.58,17829.58,0.006127193724959179,223.3299999999981,Gold,GC=F,₹/10g,Precious metal
2010-08-12,1214.800048828125,1215.5,1199.0,1214.800048828125,289,46.59000015258789,18196.52,18207.0,17959.85,18196.52,0.02058040626868385,247.15000000000146,Gold,GC=F,₹/10g,Precious metal
2010-08-13,1214.9000244140625,1214.9000244140625,1214.9000244140625,1214.9000244140625,138,46.709999084472656,18244.89,18244.89,18244.89,18244.89,0.0026582005790116714,0.0,Gold,GC=F,₹/10g,Precious metal
2010-08-16,1224.5,1225.4000244140625,1218.0,1224.5,252,46.62799835205078,18356.77,18370.26,18259.33,18356.77,0.006132127954731503,110.92999999999665,Gold,GC=F,₹/10g,Precious metal
2010-08-17,1226.5999755859375,1227.4000244140625,1224.0,1226.5999755859375,84,46.68299865722656,18409.94,18421.95,18370.92,18409.94,0.002896479064671942,51.030000000002474,Gold,GC=F,₹/10g,Precious metal
2010-08-18,1229.699951171875,1231.5999755859375,1218.0,1229.699951171875,169,46.608001708984375,18426.82,18455.29,18251.5,18426.82,0.0009168959811929334,203.79000000000087,Gold,GC=F,₹/10g,Precious metal
2010-08-19,1233.800048828125,1237.5999755859375,1228.800048828125,1233.800048828125,46,46.53799819946289,18460.49,18517.35,18385.68,18460.49,0.0018272279210411746,131.66999999999825,Gold,GC=F,₹/10g,Precious metal
2010-08-20,1227.199951171875,1232.800048828125,1223.0,1227.199951171875,236,46.358001708984375,18290.72,18374.19,18228.12,18290.72,-0.009196397278728785,146.0699999999997,Gold,GC=F,₹/10g,Precious metal
2010-08-23,1226.9000244140625,1228.9000244140625,1222.9000244140625,1226.9000244140625,56,46.608001708984375,18384.86,18414.83,18324.92,18384.86,0.005146872293709581,89.91000000000349,Gold,GC=F,₹/10g,Precious metal
2010-08-24,1231.800048828125,1234.0,1211.5,1231.800048828125,300,46.5629997253418,18440.47,18473.4,18136.57,18440.47,0.0030247714695679218,336.83000000000175,Gold,GC=F,₹/10g,Precious metal
2010-08-25,1239.5,1240.699951171875,1230.699951171875,1239.5,298,46.858001708984375,18673.3,18691.38,18540.72,18673.3,0.01262603393514361,150.65999999999985,Gold,GC=F,₹/10g,Precious metal
2010-08-26,1235.4000244140625,1243.300048828125,1235.0,1235.4000244140625,104,46.87300109863281,18617.49,18736.54,18611.46,18617.49,-0.002988759351587489,125.08000000000175,Gold,GC=F,₹/10g,Precious metal
2010-08-27,1236.0,1236.0,1236.0,1236.0,573,46.78799819946289,18592.75,18592.75,18592.75,18592.75,-0.0013288579717245508,0.0,Gold,GC=F,₹/10g,Precious metal
2010-08-30,1237.0999755859375,1237.9000244140625,1234.0,1237.0999755859375,128,46.803001403808594,18615.27,18627.3,18568.62,18615.27,0.0012112248053677277,58.68000000000029,Gold,GC=F,₹/10g,Precious metal
2010-08-31,1248.300048828125,1249.4000244140625,1233.0,1248.300048828125,124,46.87300109863281,18811.89,18828.47,18581.32,18811.89,0.010562296437279572,247.15000000000146,Gold,GC=F,₹/10g,Precious metal
2010-09-01,1246.300048828125,1254.300048828125,1243.5999755859375,1246.300048828125,41,47.02799987792969,18843.86,18964.82,18803.03,18843.86,0.001699457098675472,161.79000000000087,Gold,GC=F,₹/10g,Precious metal
2010-09-02,1251.5,1252.5,1246.9000244140625,1251.5,100,46.650001525878906,18770.39,18785.39,18701.4,18770.39,-0.0038988827129898818,83.98999999999796,Gold,GC=F,₹/10g,Precious metal
2010-09-03,1249.199951171875,1249.199951171875,1240.0,1249.199951171875,3,46.59999847412109,18715.81,18715.81,18577.97,18715.81,-0.0029077712290473956,137.84000000000015,Gold,GC=F,₹/10g,Precious metal
2010-09-07,1257.300048828125,1258.0,1255.5,1257.300048828125,7,46.51300048828125,18802.0,18812.47,18775.08,18802.0,0.00460519742399601,37.38999999999942,Gold,GC=F,₹/10g,Precious metal
2010-09-08,1255.5999755859375,1260.199951171875,1254.699951171875,1255.5999755859375,27,46.65999984741211,18835.92,18904.92,18822.42,18835.92,0.0018040633975107134,82.5,Gold,GC=F,₹/10g,Precious metal
2010-09-09,1248.9000244140625,1256.0,1244.0999755859375,1248.9000244140625,9,46.51800155639648,18678.39,18784.58,18606.6,18678.39,-0.008363276123491636,177.9800000000032,Gold,GC=F,₹/10g,Precious metal
2010-09-10,1244.5,1244.5,1244.5,1244.5,20,46.303001403808594,18526.56,18526.56,18526.56,18526.56,-0.008128644920680994,0.0,Gold,GC=F,₹/10g,Precious metal
2010-09-13,1245.0999755859375,1245.0999755859375,1245.0999755859375,1245.0999755859375,18,46.28300094604492,18527.49,18527.49,18527.49,18527.49,5.01982019327496e-05,0.0,Gold,GC=F,₹/10g,Precious metal
2010-09-14,1269.699951171875,1272.4000244140625,1253.4000244140625,1269.699951171875,87,46.22999954223633,18871.9,18912.04,18629.63,18871.9,0.018589134307993138,282.40999999999985,Gold,GC=F,₹/10g,Precious metal
2010-09-15,1266.699951171875,1269.800048828125,1263.5,1266.5999755859375,34,46.13999938964844,18789.18,18836.65,18743.19,18790.66,-0.004304812975906014,93.46000000000276,Gold,GC=F,₹/10g,Precious metal
2010-09-16,1271.9000244140625,1275.199951171875,1268.699951171875,1271.9000244140625,37,46.20000076293945,18892.34,18941.35,18844.8,18892.34,0.00541119896799791,96.54999999999927,Gold,GC=F,₹/10g,Precious metal
2010-09-17,1275.5999755859375,1279.5999755859375,1273.800048828125,1275.5999755859375,54,46.09999847412109,18906.28,18965.57,18879.61,18906.28,0.0007378651876897013,85.95999999999913,Gold,GC=F,₹/10g,Precious metal
2010-09-20,1279.0,1282.0,1279.0,1279.0,27,45.87799835205078,18865.39,18909.64,18865.39,18865.39,-0.0021627734276652433,44.25,Gold,GC=F,₹/10g,Precious metal
2010-09-21,1272.4000244140625,1289.800048828125,1271.800048828125,1272.4000244140625,56,45.619998931884766,18662.49,18917.7,18653.69,18662.49,-0.010755144738592626,264.01000000000204,Gold,GC=F,₹/10g,Precious metal
2010-09-22,1290.199951171875,1290.199951171875,1290.199951171875,1290.199951171875,17,45.58000183105469,18906.98,18906.98,18906.98,18906.98,0.01310060983287853,0.0,Gold,GC=F,₹/10g,Precious metal
2010-09-23,1294.300048828125,1294.300048828125,1289.4000244140625,1294.300048828125,45,45.55799865722656,18957.91,18957.91,18886.13,18957.91,0.002693714173284123,71.77999999999884,Gold,GC=F,₹/10g,Precious metal
2010-09-24,1296.0,1297.4000244140625,1294.199951171875,1296.0,37,45.45000076293945,18937.8,18958.26,18911.5,18937.8,-0.001060770939412703,46.7599999999984,Gold,GC=F,₹/10g,Precious metal
2010-09-27,1296.699951171875,1296.699951171875,1296.699951171875,1296.699951171875,67,45.2400016784668,18860.48,18860.48,18860.48,18860.48,-0.004082839611781686,0.0,Gold,GC=F,₹/10g,Precious metal
2010-09-28,1306.5999755859375,1308.5999755859375,1287.5,1287.5,25190,44.93000030517578,18598.35,18903.15,18598.35,18874.25,0.0007300980674935786,304.8000000000029,Gold,GC=F,₹/10g,Precious metal
2010-09-29,1308.5,1312.5,1305.0,1309.4000244140625,6745,45.04999923706055,18965.22,19010.12,18901.49,18952.18,0.00412890578433589,108.62999999999738,Gold,GC=F,₹/10g,Precious metal
2010-09-30,1307.800048828125,1315.199951171875,1295.699951171875,1307.199951171875,579,44.68999862670898,18782.05,18897.0,18616.82,18790.68,-0.00852144713695202,280.1800000000003,Gold,GC=F,₹/10g,Precious metal
2010-10-01,1316.0999755859375,1320.0,1309.0,1309.0,153,44.5629997253418,18754.47,18912.07,18754.47,18856.19,0.003486302784146078,157.59999999999854,Gold,GC=F,₹/10g,Precious metal
2010-10-04,1315.4000244140625,1319.0999755859375,1312.0,1318.300048828125,95,44.41299819946289,18824.14,18835.56,18734.18,18782.73,-0.003895802916707991,101.38000000000102,Gold,GC=F,₹/10g,Precious metal
2010-10-05,1338.9000244140625,1341.0999755859375,1312.9000244140625,1312.9000244140625,197,44.45000076293945,18762.65,19165.65,18762.65,19134.22,0.018713467105154757,403.0,Gold,GC=F,₹/10g,Precious metal
2010-10-06,1346.4000244140625,1349.0,1339.0,1339.0999755859375,215,44.400001525878906,19115.55,19256.87,19114.12,19219.75,0.004470001912803223,142.75,Gold,GC=F,₹/10g,Precious metal
2010-10-07,1333.9000244140625,1363.0,1325.699951171875,1347.9000244140625,261,44.18999862670898,19150.16,19364.69,18834.75,18951.26,-0.013969484514626984,529.9399999999987,Gold,GC=F,₹/10g,Precious metal
2010-10-08,1344.199951171875,1348.4000244140625,1325.0,1333.5,80,44.20000076293945,18949.86,19161.6,18829.07,19101.91,0.007949339516211573,332.52999999999884,Gold,GC=F,₹/10g,Precious metal
2010-10-11,1353.300048828125,1353.699951171875,1344.0,1346.699951171875,79,44.40800094604492,19227.5,19327.44,19188.95,19321.73,0.011507749748585372,138.48999999999796,Gold,GC=F,₹/10g,Precious metal
2010-10-12,1345.699951171875,1352.199951171875,1343.5999755859375,1346.9000244140625,112,44.36000061035156,19209.57,19285.16,19162.5,19192.45,-0.006690912252681258,122.65999999999985,Gold,GC=F,₹/10g,Precious metal
2010-10-13,1369.5,1374.0,1355.0999755859375,1356.4000244140625,251,44.5,19406.11,19657.92,19387.51,19593.53,0.020897800958189272,270.40999999999985,Gold,GC=F,₹/10g,Precious metal
2010-10-14,1376.699951171875,1383.9000244140625,1371.300048828125,1372.800048828125,106,44.34000015258789,19570.13,19728.37,19548.75,19625.73,0.001643399632429654,179.61999999999898,Gold,GC=F,₹/10g,Precious metal
2010-10-15,1371.0999755859375,1382.4000244140625,1364.699951171875,1379.199951171875,170,44.06800079345703,19540.75,19586.09,19335.32,19425.99,-0.01017745581947771,250.77000000000044,Gold,GC=F,₹/10g,Precious metal
2010-10-18,1371.199951171875,1372.5999755859375,1358.0,1358.0,46,44.15800094604492,19279.68,19486.96,19279.68,19467.09,0.002115722287512778,207.27999999999884,Gold,GC=F,₹/10g,Precious metal
2010-10-19,1335.0999755859375,1370.5,1328.5,1366.800048828125,301,44.16999816894531,19409.89,19462.43,18865.99,18959.72,-0.026062960617123543,596.4399999999987,Gold,GC=F,₹/10g,Precious metal
2010-10-20,1343.300048828125,1345.800048828125,1334.199951171875,1336.0,148,44.33000183105469,19041.23,19180.9,19015.57,19145.27,0.009786536931980061,165.33000000000175,Gold,GC=F,₹/10g,Precious metal
2010-10-21,1324.699951171875,1346.199951171875,1317.5,1344.199951171875,102,44.20000076293945,19101.91,19130.34,18722.49,18824.81,-0.016738337981130558,407.84999999999854,Gold,GC=F,₹/10g,Precious metal
2010-10-22,1324.4000244140625,1328.0999755859375,1319.0,1326.699951171875,113,44.20000076293945,18853.23,18873.12,18743.81,18820.54,-0.00022682831858600316,129.30999999999767,Gold,GC=F,₹/10g,Precious metal
2010-10-25,1338.300048828125,1349.0999755859375,1333.0999755859375,1333.5999755859375,194,44.52799987792969,19091.92,19313.81,19084.76,19159.2,0.017994170199154835,229.0500000000029,Gold,GC=F,₹/10g,Precious metal
2010-10-26,1338.0,1341.199951171875,1328.300048828125,1341.199951171875,195,44.25,19080.84,19080.84,18897.32,19035.32,-0.006465823207649657,183.52000000000044,Gold,GC=F,₹/10g,Precious metal
2010-10-27,1322.199951171875,1341.0,1321.0999755859375,1341.0,106,44.400001525878906,19142.67,19142.67,18858.6,18874.3,-0.00845901198403809,284.0699999999997,Gold,GC=F,₹/10g,Precious metal
2010-10-28,1342.0999755859375,1343.5999755859375,1325.9000244140625,1327.9000244140625,192,44.41999816894531,18964.21,19188.42,18935.64,19167.0,0.015507859894141829,252.77999999999884,Gold,GC=F,₹/10g,Precious metal
2010-10-29,1357.0999755859375,1358.699951171875,1336.800048828125,1340.199951171875,74,44.41999816894531,19139.87,19404.07,19091.31,19381.22,0.01117650127823877,312.7599999999984,Gold,GC=F,₹/10g,Precious metal
2010-11-01,1350.199951171875,1360.300048828125,1350.699951171875,1360.300048828125,40,44.448001861572266,19439.17,19439.17,19301.98,19294.83,-0.0044574077380061805,137.1899999999987,Gold,GC=F,₹/10g,Precious metal
2010-11-02,1356.4000244140625,1356.800048828125,1355.5,1356.800048828125,17,44.34000015258789,19342.04,19342.04,19323.51,19336.34,0.0021513534972839032,18.530000000002474,Gold,GC=F,₹/10g,Precious metal
2010-11-03,1337.0999755859375,1359.199951171875,1327.5,1351.4000244140625,135,44.20000076293945,19204.23,19315.07,18864.6,19001.02,-0.017341441037962757,450.47000000000116,Gold,GC=F,₹/10g,Precious metal
2010-11-04,1382.699951171875,1392.5,1368.5999755859375,1368.5999755859375,109,44.25,19470.65,19810.67,19470.65,19671.25,0.03527336953489857,340.0199999999968,Gold,GC=F,₹/10g,Precious metal
2010-11-05,1397.300048828125,1398.0,1378.199951171875,1390.699951171875,109,44.01300048828125,19679.1,19782.4,19502.22,19772.49,0.0051465971913327024,280.1800000000003,Gold,GC=F,₹/10g,Precious metal
2010-11-08,1402.800048828125,1409.199951171875,1387.0999755859375,1390.5,112,43.900001525878906,19625.75,19889.68,19577.76,19799.36,0.0013589588362417082,311.9200000000019,Gold,GC=F,₹/10g,Precious metal
2010-11-09,1409.800048828125,1423.199951171875,1382.9000244140625,1405.199951171875,84,44.29999923706055,20013.94,20270.31,19696.33,20079.46,0.014146921920708433,573.9799999999996,Gold,GC=F,₹/10g,Precious metal
2010-11-10,1399.0999755859375,1408.0999755859375,1384.0,1395.199951171875,29,44.18999862670898,19822.17,20005.45,19663.05,19877.58,-0.010054055238537196,342.40000000000146,Gold,GC=F,₹/10g,Precious metal
2010-11-11,1403.0999755859375,1413.5,1397.300048828125,1400.699951171875,26,44.2599983215332,19931.83,20113.98,19883.45,19965.99,0.00444772452179798,230.52999999999884,Gold,GC=F,₹/10g,Precious metal
2010-11-12,1365.4000244140625,1407.9000244140625,1360.0999755859375,1407.9000244140625,182,44.2400016784668,20025.24,20025.24,19345.36,19420.74,-0.02730893885051533,679.880000000001,Gold,GC=F,₹/10g,Precious metal
2010-11-15,1368.4000244140625,1372.5999755859375,1355.300048828125,1363.699951171875,46,44.77799987792969,19632.44,19760.57,19511.51,19700.1,0.014384621801228903,249.0600000000013,Gold,GC=F,₹/10g,Precious metal
2010-11-16,1338.300048828125,1358.199951171875,1329.5,1356.5,67,45.11000061035156,19673.58,19698.23,19281.99,19409.62,-0.01474510281673691,416.23999999999796,Gold,GC=F,₹/10g,Precious metal
2010-11-17,1336.800048828125,1341.800048828125,1331.300048828125,1336.9000244140625,50,45.18999862670898,19423.7,19494.89,19342.34,19422.25,0.0006507082570395006,152.54999999999927,Gold,GC=F,₹/10g,Precious metal
2010-11-18,1352.9000244140625,1353.199951171875,1347.699951171875,1349.5,17,45.108001708984375,19571.19,19624.85,19545.08,19620.5,0.010207365264065738,79.7699999999968,Gold,GC=F,₹/10g,Precious metal
2010-11-19,1352.199951171875,1352.0,1344.5,1350.699951171875,7,45.150001525878906,19606.83,19625.7,19516.83,19628.6,0.0004128335159654384,108.86999999999898,Gold,GC=F,₹/10g,Precious metal
2010-11-22,1357.699951171875,1357.699951171875,1357.699951171875,1357.699951171875,7,45.26300048828125,19757.77,19757.77,19757.77,19757.77,0.0065807036670981756,0.0,Gold,GC=F,₹/10g,Precious metal
2010-11-23,1377.5,1377.5,1364.5,1369.4000244140625,15,45.29999923706055,19944.32,20062.29,19872.96,20062.29,0.015412670559481256,189.33000000000175,Gold,GC=F,₹/10g,Precious metal
2010-11-24,1372.9000244140625,1377.800048828125,1377.800048828125,1377.800048828125,3,45.540000915527344,20172.98,20172.98,20172.98,20101.23,0.0019409548959763434,0.0,Gold,GC=F,₹/10g,Precious metal
2010-11-26,1362.300048828125,1372.0999755859375,1372.0999755859375,1372.0999755859375,138416,45.55799865722656,20097.46,20097.46,20097.46,19953.92,-0.007328407266620096,0.0,Gold,GC=F,₹/10g,Precious metal
2010-11-29,1366.0,1369.300048828125,1352.5999755859375,1364.0,94486,45.709999084472656,20045.47,20123.36,19877.94,20074.87,0.006061465616781003,245.4200000000019,Gold,GC=F,₹/10g,Precious metal
2010-11-30,1385.0,1390.0999755859375,1362.800048828125,1366.699951171875,11370,45.79999923706055,20124.7,20469.26,20067.27,20394.17,0.015905457918282906,401.98999999999796,Gold,GC=F,₹/10g,Precious metal
2010-12-01,1387.300048828125,1396.5999755859375,1382.300048828125,1386.800048828125,4759,45.77000045776367,20407.3,20551.51,20341.08,20414.66,0.0010046988918892552,210.42999999999665,Gold,GC=F,₹/10g,Precious metal
2010-12-02,1388.5,1398.5999755859375,1383.300048828125,1387.5999755859375,1550,45.22999954223633,20178.16,20338.12,20115.63,20191.25,-0.010943606212398316,222.48999999999796,Gold,GC=F,₹/10g,Precious metal
2010-12-03,1405.4000244140625,1415.0999755859375,1385.0999755859375,1385.0999755859375,2341,45.130001068115234,20097.28,20532.56,20097.28,20391.82,0.009933510802946799,435.2800000000025,Gold,GC=F,₹/10g,Precious metal
2010-12-06,1415.300048828125,1428.4000244140625,1410.0,1414.0,833,44.91299819946289,20417.95,20625.89,20360.19,20436.73,0.002202353688881109,265.7000000000007,Gold,GC=F,₹/10g,Precious metal
2010-12-07,1408.300048828125,1431.0999755859375,1398.0,1424.5,866,44.810001373291016,20522.4,20617.48,20140.62,20289.01,-0.007228162235347835,476.8600000000006,Gold,GC=F,₹/10g,Precious metal
2010-12-08,1382.5,1403.800048828125,1372.0,1402.5,1675,44.5,20065.67,20084.27,19629.3,19779.53,-0.025111131592916558,454.97000000000116,Gold,GC=F,₹/10g,Precious metal
2010-12-09,1392.0999755859375,1394.199951171875,1380.5,1380.5999755859375,971,45.0,19974.28,20171.04,19972.83,20140.66,0.018257764466597548,198.20999999999913,Gold,GC=F,₹/10g,Precious metal
2010-12-10,1384.300048828125,1392.0,1373.0999755859375,1388.9000244140625,457,45.04999923706055,20116.69,20161.59,19887.84,20050.06,-0.00449836301292994,273.75,Gold,GC=F,₹/10g,Precious metal
2010-12-13,1397.300048828125,1399.199951171875,1384.5,1384.5,193,44.95000076293945,20008.45,20220.89,20008.45,20193.43,0.007150602043086041,212.4399999999987,Gold,GC=F,₹/10g,Precious metal
2010-12-14,1403.5999755859375,1407.300048828125,1391.800048828125,1401.9000244140625,431,44.90999984741211,20241.88,20319.85,20096.05,20266.42,0.0036145419574582505,223.79999999999927,Gold,GC=F,₹/10g,Precious metal
2010-12-15,1385.5,1394.0,1379.5,1394.0,215,44.90999984741211,20127.81,20127.81,19918.45,20005.08,-0.012895222737908107,209.36000000000058,Gold,GC=F,₹/10g,Precious metal
2010-12-16,1370.4000244140625,1385.0,1362.5,1380.9000244140625,228,45.25,20089.61,20149.26,19821.93,19936.86,-0.003410133826008299,327.3299999999981,Gold,GC=F,₹/10g,Precious metal
2010-12-17,1378.5999755859375,1378.5999755859375,1365.9000244140625,1376.4000244140625,102,45.25,20024.15,20056.15,19871.39,20056.15,0.005983389560843655,184.76000000000204,Gold,GC=F,₹/10g,Precious metal
2010-12-20,1385.5,1386.699951171875,1376.5,1383.199951171875,125,45.167999267578125,20086.61,20137.43,19989.31,20120.01,0.0031840607494457718,148.11999999999898,Gold,GC=F,₹/10g,Precious metal
2010-12-21,1388.199951171875,1389.5,1381.5,1385.800048828125,113,45.2599983215332,20165.35,20219.19,20102.78,20200.28,0.00398956064137157,116.40999999999985,Gold,GC=F,₹/10g,Precious metal
2010-12-22,1386.800048828125,1389.5,1385.0,1388.0,58,45.18000030517578,20161.67,20183.46,20118.09,20144.24,-0.0027742189712220977,65.36999999999898,Gold,GC=F,₹/10g,Precious metal
2010-12-23,1380.0,1388.4000244140625,1373.699951171875,1388.4000244140625,101,44.95000076293945,20064.81,20064.81,19852.37,19943.42,-0.009969102830387433,212.44000000000233,Gold,GC=F,₹/10g,Precious metal
2010-12-27,1382.4000244140625,1384.199951171875,1373.5,1373.5,322,45.0099983215332,19875.97,20030.81,19875.97,20004.77,0.0030762025770907364,154.84000000000015,Gold,GC=F,₹/10g,Precious metal
2010-12-28,1405.199951171875,1406.699951171875,1389.800048828125,1389.800048828125,519,45.09999847412109,20152.07,20397.11,20152.07,20375.36,0.018525081767998275,245.04000000000087,Gold,GC=F,₹/10g,Precious metal
2010-12-29,1413.0999755859375,1412.199951171875,1402.9000244140625,1403.4000244140625,413,44.95000076293945,20281.59,20408.76,20274.36,20421.77,0.0022777511661142835,134.39999999999782,Gold,GC=F,₹/10g,Precious metal
2010-12-30,1405.5999755859375,1413.800048828125,1403.0999755859375,1413.800048828125,185,44.91999816894531,20418.25,20418.25,20263.72,20299.82,-0.005971568576083275,154.52999999999884,Gold,GC=F,₹/10g,Precious metal
2010-12-31,1421.0999755859375,1421.0999755859375,1405.699951171875,1405.699951171875,54,44.810001373291016,20251.55,20473.42,20251.55,20473.42,0.00855179996669908,221.86999999999898,Gold,GC=F,₹/10g,Precious metal
2011-01-03,1422.5999755859375,1423.9000244140625,1413.699951171875,1415.5999755859375,28,44.81800079345703,20397.82,20517.42,20370.44,20498.69,0.0012342832804681514,146.97999999999956,Gold,GC=F,₹/10g,Precious metal
2011-01-04,1378.5,1410.9000244140625,1375.800048828125,1409.5999755859375,122,44.61000061035156,20217.1,20235.75,19732.33,19771.05,-0.03549690248498805,503.41999999999825,Gold,GC=F,₹/10g,Precious metal
2011-01-05,1373.4000244140625,1384.0,1364.199951171875,1383.4000244140625,175,44.900001525878906,19970.31,19978.97,19693.15,19825.96,0.0027772930623310987,285.8199999999997,Gold,GC=F,₹/10g,Precious metal
2011-01-06,1371.4000244140625,1376.5,1368.9000244140625,1374.800048828125,158,45.209999084472656,19983.19,20007.9,19897.43,19933.77,0.0054378199088469525,110.47000000000116,Gold,GC=F,₹/10g,Precious metal
2011-01-07,1368.5,1377.199951171875,1355.5,1372.699951171875,225,45.18000030517578,19939.42,20004.79,19689.58,19878.42,-0.0027766950255773137,315.2099999999991,Gold,GC=F,₹/10g,Precious metal
2011-01-10,1373.699951171875,1374.0,1365.699951171875,1369.0,181,45.358001708984375,19964.02,20036.94,19915.9,20032.56,0.0077541374012624065,121.03999999999724,Gold,GC=F,₹/10g,Precious metal
2011-01-11,1384.0,1384.5,1373.9000244140625,1375.4000244140625,13,45.310001373291016,20036.13,20168.69,20014.28,20161.41,0.006432028657345823,154.40999999999985,Gold,GC=F,₹/10g,Precious metal
2011-01-12,1385.699951171875,1385.5,1378.0,1382.5999755859375,204,45.09799957275391,20046.78,20088.83,19980.08,20091.72,-0.0034566034816017055,108.75,Gold,GC=F,₹/10g,Precious metal
2011-01-13,1386.9000244140625,1392.5,1371.4000244140625,1386.0999755859375,66,44.90999984741211,20013.74,20106.15,19801.49,20025.3,-0.0033058394204180663,304.65999999999985,Gold,GC=F,₹/10g,Precious metal
2011-01-14,1360.4000244140625,1376.0,1356.699951171875,1375.0,252,44.959999084472656,19875.58,19890.03,19611.05,19664.53,-0.018015710126689788,278.97999999999956,Gold,GC=F,₹/10g,Precious metal
2011-01-18,1368.0999755859375,1371.0,1359.199951171875,1365.0999755859375,106,45.43999862670898,19943.14,20029.33,19856.94,19986.97,0.01639703567794415,172.39000000000306,Gold,GC=F,₹/10g,Precious metal
2011-01-19,1370.199951171875,1376.199951171875,1367.0,1371.9000244140625,40,45.31999969482422,19989.55,20052.21,19918.16,19964.78,-0.0011102233104869352,134.04999999999927,Gold,GC=F,₹/10g,Precious metal
2011-01-20,1346.5,1367.699951171875,1345.0,1367.699951171875,10,45.29999923706055,19919.56,19919.56,19588.95,19610.8,-0.017730222922566652,330.6100000000006,Gold,GC=F,₹/10g,Precious metal
2011-01-21,1341.0,1345.5999755859375,1338.5999755859375,1341.699951171875,20,45.77799987792969,19747.08,19804.48,19701.46,19736.78,0.00642401125910208,103.02000000000044,Gold,GC=F,₹/10g,Precious metal
2011-01-24,1344.5,1352.300048828125,1341.800048828125,1352.300048828125,2,45.5880012512207,19820.49,19820.49,19666.59,19706.16,-0.0015514182151292744,153.90000000000146,Gold,GC=F,₹/10g,Precious metal
2011-01-25,1332.300048828125,1331.5,1323.5999755859375,1330.4000244140625,394,45.45000076293945,19440.48,19456.55,19341.11,19468.24,-0.01207338213025766,115.43999999999869,Gold,GC=F,₹/10g,Precious metal
2011-01-26,1333.0,1341.699951171875,1333.0,1333.0,4,45.61000061035156,19547.04,19674.61,19547.04,19547.04,0.004047618069224601,127.56999999999971,Gold,GC=F,₹/10g,Precious metal
2011-01-27,1318.4000244140625,1342.0,1318.4000244140625,1342.0,210699,45.45000076293945,19609.98,19609.98,19265.13,19265.13,-0.014422132455860326,344.84999999999854,Gold,GC=F,₹/10g,Precious metal
2011-01-28,1340.699951171875,1346.5999755859375,1307.699951171875,1314.0,73023,45.6879997253418,19301.37,19780.24,19208.83,19693.57,0.022239143987089482,571.4099999999999,Gold,GC=F,₹/10g,Precious metal
2011-01-31,1333.800048828125,1345.9000244140625,1323.300048828125,1339.0,13657,45.8380012512207,19733.18,19834.86,19501.8,19656.54,-0.0018803091567449748,333.0600000000013,Gold,GC=F,₹/10g,Precious metal
2011-02-01,1339.5999755859375,1342.9000244140625,1325.300048828125,1333.0999755859375,3180,45.79999923706055,19629.94,19774.24,19515.08,19725.65,0.0035158781759150326,259.15999999999985,Gold,GC=F,₹/10g,Precious metal
2011-02-02,1331.5,1344.0,1327.0,1344.0,1363,45.40999984741211,19621.92,19621.92,19373.73,19439.42,-0.014510548448340321,248.1899999999987,Gold,GC=F,₹/10g,Precious metal
2011-02-03,1352.300048828125,1355.800048828125,1324.9000244140625,1335.5999755859375,1865,45.45000076293945,19516.46,19811.63,19360.11,19760.49,0.01651643927648072,451.52000000000044,Gold,GC=F,₹/10g,Precious metal
2011-02-04,1348.300048828125,1360.0,1345.0,1354.800048828125,591,45.560001373291016,19844.93,19921.1,19701.38,19749.72,-0.0005450269704850852,219.71999999999753,Gold,GC=F,₹/10g,Precious metal
2011-02-07,1347.5999755859375,1353.800048828125,1343.800048828125,1345.800048828125,1004,45.608001708984375,19733.87,19851.18,19704.55,19760.27,0.0005341847884425821,146.63000000000102,Gold,GC=F,₹/10g,Precious metal
2011-02-08,1363.4000244140625,1367.0,1350.0,1351.199951171875,2536,45.310001373291016,19683.6,19913.76,19666.12,19861.32,0.005113796522010938,247.63999999999942,Gold,GC=F,₹/10g,Precious metal
2011-02-09,1364.800048828125,1366.5,1359.5999755859375,1362.800048828125,146,45.150001525878906,19782.48,19836.18,19736.02,19811.51,-0.0025078897072300377,100.15999999999985,Gold,GC=F,₹/10g,Precious metal
2011-02-10,1361.9000244140625,1364.5,1351.699951171875,1364.300048828125,312,45.34999847412109,19891.98,19894.89,19708.26,19856.98,0.002295130456992034,186.63000000000102,Gold,GC=F,₹/10g,Precious metal
2011-02-11,1359.9000244140625,1368.800048828125,1355.199951171875,1364.0,488,45.630001068115234,20010.39,20080.81,19881.29,19950.24,0.004696585281346977,199.52000000000044,Gold,GC=F,₹/10g,Precious metal
2011-02-14,1364.5999755859375,1365.5999755859375,1356.5999755859375,1357.800048828125,181,45.608001708984375,19909.83,20024.2,19892.24,20009.54,0.0029723953195550656,131.95999999999913,Gold,GC=F,₹/10g,Precious metal
2011-02-15,1373.5999755859375,1376.0,1361.5999755859375,1361.5999755859375,321,45.34999847412109,19852.61,20062.56,19852.61,20027.57,0.0009010701895195705,209.95000000000073,Gold,GC=F,₹/10g,Precious metal
2011-02-16,1374.699951171875,1382.0,1370.5,1373.5999755859375,156,45.40999984741211,20054.07,20176.71,20008.81,20070.13,0.0021250705901914024,167.89999999999782,Gold,GC=F,₹/10g,Precious metal
2011-02-17,1384.699951171875,1384.699951171875,1377.0,1377.699951171875,113,45.310001373291016,20069.63,20171.61,20059.44,20171.61,0.005056270188583678,112.17000000000189,Gold,GC=F,₹/10g,Precious metal
2011-02-18,1388.199951171875,1391.800048828125,1381.800048828125,1384.0999755859375,98,45.209999084472656,20118.37,20230.29,20084.94,20177.96,0.00031479886831031756,145.35000000000218,Gold,GC=F,₹/10g,Precious metal
2011-02-22,1400.5,1408.699951171875,1395.0999755859375,1395.0999755859375,430,44.917999267578125,20147.28,20343.69,20147.28,20225.27,0.0023446374162701122,196.40999999999985,Gold,GC=F,₹/10g,Precious metal
2011-02-23,1413.4000244140625,1413.800048828125,1397.800048828125,1397.800048828125,318,45.150001525878906,20290.54,20522.79,20290.54,20516.99,0.014423540452117578,232.25,Gold,GC=F,₹/10g,Precious metal
2011-02-24,1415.300048828125,1415.300048828125,1408.300048828125,1415.0999755859375,809,45.04999923706055,20496.17,20499.06,20397.68,20499.06,-0.0008739098668957279,101.38000000000102,Gold,GC=F,₹/10g,Precious metal
2011-02-25,1408.699951171875,1411.0,1401.0,1401.699951171875,352,45.400001525878906,20459.81,20595.56,20449.6,20561.99,0.003069896863563404,145.96000000000276,Gold,GC=F,₹/10g,Precious metal
2011-02-28,1409.300048828125,1415.699951171875,1407.699951171875,1410.699951171875,205,45.25,20523.15,20595.89,20479.5,20502.78,-0.002879585098524151,116.38999999999942,Gold,GC=F,₹/10g,Precious metal
2011-03-01,1430.699951171875,1434.4000244140625,1415.300048828125,1415.300048828125,116,45.09999847412109,20521.82,20798.77,20521.82,20745.11,0.011819372787495341,276.9500000000007,Gold,GC=F,₹/10g,Precious metal
2011-03-02,1437.199951171875,1440.5,1428.800048828125,1432.5,1600,44.83000183105469,20646.87,20762.17,20593.54,20714.61,-0.0014702259954273433,168.62999999999738,Gold,GC=F,₹/10g,Precious metal
2011-03-03,1416.0,1432.300048828125,1415.9000244140625,1432.300048828125,244,44.810001373291016,20634.77,20634.77,20398.5,20399.94,-0.01519072770378016,236.27000000000044,Gold,GC=F,₹/10g,Precious metal
2011-03-04,1428.199951171875,1429.800048828125,1416.800048828125,1418.9000244140625,60,44.84999847412109,20459.97,20617.14,20429.69,20594.07,0.009516204459425026,187.45000000000073,Gold,GC=F,₹/10g,Precious metal
2011-03-07,1434.0999755859375,1445.0,1429.5,1434.5,613,44.90299987792969,20709.36,20860.94,20637.18,20703.58,0.005317550149144923,223.7599999999984,Gold,GC=F,₹/10g,Precious metal
2011-03-08,1426.9000244140625,1432.5999755859375,1424.300048828125,1431.5999755859375,198,44.970001220703125,20698.33,20712.79,20592.79,20630.38,-0.003535620409610307,120.0,Gold,GC=F,₹/10g,Precious metal
2011-03-09,1429.300048828125,1435.699951171875,1426.0999755859375,1430.0,98,44.900001525878906,20643.02,20725.3,20586.72,20632.91,0.00012263467759687785,138.5799999999981,Gold,GC=F,₹/10g,Precious metal
2011-03-10,1412.199951171875,1429.800048828125,1403.800048828125,1429.5,23,44.869998931884766,20622.01,20626.34,20251.26,20372.44,-0.012624006986896252,375.08000000000175,Gold,GC=F,₹/10g,Precious metal
2011-03-11,1421.5,1422.5999755859375,1404.9000244140625,1413.699951171875,23,45.11000061035156,20503.16,20632.24,20375.53,20616.29,0.011969602070247998,256.71000000000276,Gold,GC=F,₹/10g,Precious metal
2011-03-14,1424.5999755859375,1427.699951171875,1420.0,1420.0,58,45.23799896240234,20652.97,20764.96,20652.97,20719.87,0.0050241823334846725,111.98999999999796,Gold,GC=F,₹/10g,Precious metal
2011-03-15,1392.5999755859375,1413.300048828125,1385.5,1413.300048828125,20,44.95000076293945,20424.66,20424.66,20022.9,20125.51,-0.02868550816197213,401.7599999999984,Gold,GC=F,₹/10g,Precious metal
2011-03-16,1396.0,1404.199951171875,1394.300048828125,1398.0,38,45.15999984741211,20297.93,20387.95,20244.21,20268.9,0.007124788390455938,143.7400000000016,Gold,GC=F,₹/10g,Precious metal
2011-03-17,1404.0,1393.5999755859375,1387.699951171875,1387.699951171875,27,45.02000045776367,20085.92,20171.32,20085.92,20321.85,0.002612376596657695,85.40000000000146,Gold,GC=F,₹/10g,Precious metal
2011-03-18,1415.9000244140625,1419.300048828125,1406.4000244140625,1406.4000244140625,6,45.04999923706055,20370.16,20557.0,20370.16,20507.75,0.009147789202262668,186.84000000000015,Gold,GC=F,₹/10g,Precious metal
2011-03-21,1426.199951171875,1433.5,1430.800048828125,1433.5,43,44.99800109863281,20738.71,20738.71,20699.65,20633.09,0.006111835769404328,39.05999999999767,Gold,GC=F,₹/10g,Precious metal
2011-03-22,1427.5,1430.4000244140625,1430.4000244140625,1430.4000244140625,85,44.90999984741211,20653.39,20653.39,20653.39,20611.51,-0.001045892786780911,0.0,Gold,GC=F,₹/10g,Precious metal
2011-03-23,1437.9000244140625,1439.699951171875,1432.199951171875,1432.199951171875,19,44.84999847412109,20651.75,20759.9,20651.75,20733.94,0.005939885044812465,108.15000000000146,Gold,GC=F,₹/10g,Precious metal
2011-03-24,1434.800048828125,1446.9000244140625,1437.5,1437.699951171875,27,44.75,20684.83,20817.2,20681.96,20643.11,-0.004380739984778503,135.2400000000016,Gold,GC=F,₹/10g,Precious metal
2011-03-25,1426.0999755859375,1436.0,1436.0,1436.0,1,44.59999847412109,20591.12,20591.12,20591.12,20449.16,-0.00939538664474493,0.0,Gold,GC=F,₹/10g,Precious metal
2011-03-28,1419.800048828125,1415.5999755859375,1413.199951171875,1413.199951171875,6,44.69300079345703,20306.44,20340.93,20306.44,20401.28,-0.0023414164689405936,34.4900000000016,Gold,GC=F,₹/10g,Precious metal
2011-03-29,1416.0,1416.0,1416.0,1416.0,135792,44.70000076293945,20349.86,20349.86,20349.86,20349.86,-0.002520430090660941,0.0,Gold,GC=F,₹/10g,Precious metal
2011-03-30,1423.800048828125,1430.300048828125,1412.0,1418.699951171875,47011,44.65999984741211,20370.42,20536.98,20274.22,20443.65,0.0046088769161065635,262.7599999999984,Gold,GC=F,₹/10g,Precious metal
2011-03-31,1438.9000244140625,1440.0,1420.699951171875,1423.300048828125,8230,44.61000061035156,20413.59,20653.11,20376.3,20637.33,0.009473846402183517,276.8100000000013,Gold,GC=F,₹/10g,Precious metal
2011-04-01,1428.0999755859375,1436.5,1413.0,1433.4000244140625,5318,44.45000076293945,20484.71,20529.02,20193.18,20408.97,-0.01106538491171094,335.84000000000015,Gold,GC=F,₹/10g,Precious metal
2011-04-04,1432.199951171875,1439.0999755859375,1428.800048828125,1429.0999755859375,683,44.448001861572266,20422.34,20565.25,20418.06,20466.64,0.0028257182993556285,147.1899999999987,Gold,GC=F,₹/10g,Precious metal
2011-04-05,1451.800048828125,1457.5999755859375,1430.300048828125,1437.9000244140625,2609,44.31800079345703,20488.0,20768.7,20379.71,20686.06,0.010720860874085858,388.9900000000016,Gold,GC=F,₹/10g,Precious metal
2011-04-06,1457.699951171875,1462.300048828125,1452.0,1456.9000244140625,901,44.29999923706055,20750.29,20827.2,20680.5,20761.68,0.0036556018884215113,146.70000000000073,Gold,GC=F,₹/10g,Precious metal
2011-04-07,1458.5,1462.5,1453.9000244140625,1459.699951171875,229,44.04999923706055,20672.84,20712.5,20590.7,20655.85,-0.005097371696317521,121.79999999999927,Gold,GC=F,₹/10g,Precious metal
2011-04-08,1473.4000244140625,1475.5,1457.5,1457.5999755859375,1407,44.09999847412109,20666.53,20920.33,20665.12,20890.56,0.011362882670042707,255.21000000000276,Gold,GC=F,₹/10g,Precious metal
2011-04-11,1467.4000244140625,1476.0,1459.699951171875,1476.0,378,44.0629997253418,20909.86,20909.86,20678.95,20788.03,-0.004907958427155745,230.90999999999985,Gold,GC=F,₹/10g,Precious metal
2011-04-12,1452.9000244140625,1467.199951171875,1444.4000244140625,1461.800048828125,345,44.2599983215332,20801.28,20878.12,20553.68,20674.64,-0.0054545813143428434,324.4399999999987,Gold,GC=F,₹/10g,Precious metal
2011-04-13,1454.9000244140625,1462.0,1454.0,1455.0,197,44.1879997253418,20670.84,20770.28,20656.63,20669.42,-0.00025248323550020046,113.64999999999782,Gold,GC=F,₹/10g,Precious metal
2011-04-14,1471.699951171875,1476.0,1452.699951171875,1456.800048828125,535,44.41999816894531,20805.07,21079.27,20746.52,21017.86,0.016857754112113543,332.75,Gold,GC=F,₹/10g,Precious metal
2011-04-15,1485.300048828125,1487.5,1473.199951171875,1477.5999755859375,293,44.41999816894531,21102.12,21243.51,21039.28,21212.09,0.009241188208504614,204.22999999999956,Gold,GC=F,₹/10g,Precious metal
2011-04-18,1492.300048828125,1497.300048828125,1477.5,1486.300048828125,650,44.27299880981445,21156.13,21312.7,21030.87,21241.53,0.0013878877564632575,281.83000000000175,Gold,GC=F,₹/10g,Precious metal
2011-04-19,1494.5,1499.5,1489.0,1493.300048828125,168,44.36000061035156,21297.54,21385.96,21236.21,21314.65,0.0034423132420311475,149.75,Gold,GC=F,₹/10g,Precious metal
2011-04-20,1498.300048828125,1505.300048828125,1494.0,1494.0,386,44.40999984741211,21331.53,21492.88,21331.53,21392.93,0.0036725913866753057,161.35000000000218,Gold,GC=F,₹/10g,Precious metal
2011-04-21,1503.199951171875,1508.300048828125,1501.699951171875,1503.699951171875,237,44.2599983215332,21397.51,21462.97,21369.05,21390.4,-0.00011826337018816524,93.92000000000189,Gold,GC=F,₹/10g,Precious metal
2011-04-25,1508.5999755859375,1518.0,1502.800048828125,1513.300048828125,233,44.26800155639648,21538.02,21604.91,21388.58,21471.12,0.0037736554716132353,216.3299999999981,Gold,GC=F,₹/10g,Precious metal
2011-04-26,1503.0,1506.300048828125,1495.0,1501.5,223,44.40999984741211,21438.62,21507.16,21345.81,21460.04,-0.0005160420136443022,161.34999999999854,Gold,GC=F,₹/10g,Precious metal
2011-04-27,1516.699951171875,1512.800048828125,1505.199951171875,1507.0999755859375,460,44.40999984741211,21518.58,21599.96,21491.45,21655.65,0.009115080866578085,108.5099999999984,Gold,GC=F,₹/10g,Precious metal
2011-04-28,1530.800048828125,1536.0,1526.5999755859375,1528.5999755859375,425,44.33000183105469,21786.24,21891.71,21757.74,21817.6,0.007478417872472054,133.96999999999753,Gold,GC=F,₹/10g,Precious metal
2011-04-29,1556.0,1568.699951171875,1537.300048828125,1538.699951171875,124,44.29999923706055,21915.35,22342.63,21895.41,22161.75,0.015773962305661637,447.22000000000116,Gold,GC=F,₹/10g,Precious metal
2011-05-02,1556.699951171875,1576.5999755859375,1543.0999755859375,1572.9000244140625,200,44.24800109863281,22376.16,22428.79,21952.22,22145.69,-0.0007246720137173979,476.5699999999997,Gold,GC=F,₹/10g,Precious metal
2011-05-03,1540.0999755859375,1547.0,1527.5,1542.5,246,44.220001220703125,21929.8,21993.78,21716.54,21895.68,-0.01128932988766651,277.23999999999796,Gold,GC=F,₹/10g,Precious metal
2011-05-04,1514.9000244140625,1539.0,1506.199951171875,1535.0,272,44.40999984741211,21916.94,21974.05,21505.73,21629.95,-0.01213618394130711,468.3199999999997,Gold,GC=F,₹/10g,Precious metal
2011-05-05,1480.9000244140625,1520.699951171875,1471.0,1514.699951171875,133,44.31999969482422,21583.26,21668.76,20960.57,21101.64,-0.024424929322536593,708.1899999999987,Gold,GC=F,₹/10g,Precious metal
2011-05-06,1491.199951171875,1494.800048828125,1472.300048828125,1473.199951171875,144,44.70000076293945,21171.91,21482.33,21158.97,21430.59,0.015588835749259289,323.3600000000006,Gold,GC=F,₹/10g,Precious metal
2011-05-09,1502.9000244140625,1512.800048828125,1501.300048828125,1501.5,44,44.72299957275391,21589.72,21752.2,21586.84,21609.85,0.008364678713931761,165.36000000000058,Gold,GC=F,₹/10g,Precious metal
2011-05-10,1516.5999755859375,1516.9000244140625,1508.4000244140625,1508.4000244140625,13,44.61000061035156,21634.13,21756.04,21634.13,21751.74,0.006565987269694373,121.90999999999985,Gold,GC=F,₹/10g,Precious metal
2011-05-11,1501.0999755859375,1524.0999755859375,1495.199951171875,1524.0,30,44.61000061035156,21857.87,21859.31,21444.81,21529.43,-0.010220331798743487,414.5,Gold,GC=F,₹/10g,Precious metal
2011-05-12,1506.5999755859375,1498.5,1484.800048828125,1492.0999755859375,11,44.58000183105469,21385.96,21477.69,21281.33,21593.79,0.0029893963751015384,196.35999999999694,Gold,GC=F,₹/10g,Precious metal
2011-05-13,1493.4000244140625,1511.300048828125,1490.199951171875,1503.5,16,44.709999084472656,21612.19,21724.32,21421.01,21467.01,-0.0058711323950081384,303.3100000000013,Gold,GC=F,₹/10g,Precious metal
2011-05-16,1490.4000244140625,1494.9000244140625,1489.300048828125,1489.300048828125,10,44.858001708984375,21478.94,21559.7,21478.94,21494.81,0.0012950103437787686,80.76000000000204,Gold,GC=F,₹/10g,Precious metal
2011-05-17,1479.800048828125,1491.800048828125,1473.0,1489.800048828125,41,44.959999084472656,21535.01,21563.92,21292.16,21390.46,-0.004854660264501209,271.7599999999984,Gold,GC=F,₹/10g,Precious metal
2011-05-18,1495.5999755859375,1497.0,1496.300048828125,1496.4000244140625,82,45.0099983215332,21654.46,21663.15,21653.02,21642.89,0.011801055236773772,10.130000000001019,Gold,GC=F,₹/10g,Precious metal
2011-05-19,1492.199951171875,1491.5,1491.5,1491.5,1,44.959999084472656,21559.58,21559.58,21559.58,21569.7,-0.0033817110376663795,0.0,Gold,GC=F,₹/10g,Precious metal
2011-05-20,1508.800048828125,1512.699951171875,1488.699951171875,1499.0,93,44.84999847412109,21614.98,21812.53,21466.46,21756.29,0.008650560740297797,346.0699999999997,Gold,GC=F,₹/10g,Precious metal
2011-05-23,1515.300048828125,1512.300048828125,1507.0,1510.5,42,44.99300003051758,21850.25,21876.29,21799.62,21919.69,0.007510471684280651,76.67000000000189,Gold,GC=F,₹/10g,Precious metal
2011-05-24,1523.199951171875,1527.0999755859375,1521.9000244140625,1527.0999755859375,4,45.150001525878906,22167.46,22167.46,22091.98,22110.85,0.008720926253975358,75.47999999999956,Gold,GC=F,₹/10g,Precious metal
2011-05-25,1526.5999755859375,1527.5,1526.0999755859375,1526.4000244140625,10,45.15999984741211,22162.21,22178.18,22157.85,22165.11,0.0024539988286294,20.330000000001746,Gold,GC=F,₹/10g,Precious metal
2011-05-26,1522.800048828125,1521.199951171875,1519.5,1521.199951171875,186986,45.22999954223633,22120.94,22120.94,22096.22,22144.21,-0.0009429233601818687,24.719999999997526,Gold,GC=F,₹/10g,Precious metal
2011-05-27,1536.300048828125,1538.5,1518.4000244140625,1519.4000244140625,76719,45.18999862670898,22075.23,22352.73,22060.7,22320.77,0.007973190283148579,292.02999999999884,Gold,GC=F,₹/10g,Precious metal
2011-05-31,1535.9000244140625,1541.0999755859375,1532.4000244140625,1536.699951171875,6152,45.08300018310547,22273.71,22337.49,22211.39,22262.12,-0.0026275975246374816,126.10000000000218,Gold,GC=F,₹/10g,Precious metal
2011-06-01,1542.4000244140625,1550.5999755859375,1529.699951171875,1535.699951171875,2845,44.959999084472656,22198.49,22413.87,22111.76,22295.34,0.0014922208666561243,302.1100000000006,Gold,GC=F,₹/10g,Precious metal
2011-06-02,1532.0,1544.5,1520.0,1541.300048828125,1651,44.7599983215332,22180.33,22226.38,21873.81,22046.5,-0.01116107670930333,352.5699999999997,Gold,GC=F,₹/10g,Precious metal
2011-06-03,1541.699951171875,1546.300048828125,1525.0,1534.699951171875,1745,44.7599983215332,22085.35,22252.28,21945.76,22186.08,0.006331163676774221,306.52000000000044,Gold,GC=F,₹/10g,Precious metal
2011-06-06,1546.5,1553.9000244140625,1542.0,1542.9000244140625,691,44.823001861572266,22234.61,22393.13,22221.64,22286.49,0.00452581077865033,171.4900000000016,Gold,GC=F,₹/10g,Precious metal
2011-06-07,1543.300048828125,1549.9000244140625,1537.199951171875,1545.0,2530,44.66999816894531,22188.87,22259.24,22076.85,22164.45,-0.005475963240510362,182.39000000000306,Gold,GC=F,₹/10g,Precious metal
2011-06-08,1538.0999755859375,1544.199951171875,1531.300048828125,1544.199951171875,489,44.61000061035156,22147.59,22147.59,21962.58,22060.1,-0.0047079895959522,185.0099999999984,Gold,GC=F,₹/10g,Precious metal
2011-06-09,1542.0999755859375,1548.800048828125,1534.4000244140625,1536.0999755859375,288,44.65999984741211,22056.11,22238.47,22031.7,22142.26,0.003724371149722794,206.77000000000044,Gold,GC=F,₹/10g,Precious metal
2011-06-10,1528.5999755859375,1543.9000244140625,1526.4000244140625,1543.699951171875,632,44.59999847412109,22135.46,22138.32,21887.39,21918.93,-0.010086142968242506,250.9300000000003,Gold,GC=F,₹/10g,Precious metal
2011-06-13,1515.0,1533.0,1511.300048828125,1528.0999755859375,851,44.72299957275391,21972.19,22042.65,21730.63,21783.83,-0.006163622038119487,312.02000000000044,Gold,GC=F,₹/10g,Precious metal
2011-06-14,1523.800048828125,1526.199951171875,1513.0999755859375,1517.199951171875,306,44.79999923706055,21853.03,21982.66,21793.97,21948.09,0.007540455466279239,188.6899999999987,Gold,GC=F,₹/10g,Precious metal
2011-06-15,1525.5999755859375,1533.4000244140625,1515.0,1525.0,648,44.73899841308594,21935.46,22056.29,21791.63,21944.09,-0.00018224820474133097,264.65999999999985,Gold,GC=F,₹/10g,Precious metal
2011-06-16,1529.300048828125,1531.199951171875,1522.0,1526.0,164,44.709999084472656,21935.62,22010.37,21878.12,21983.06,0.0017758767850479806,132.25,Gold,GC=F,₹/10g,Precious metal
2011-06-17,1538.5999755859375,1541.5999755859375,1523.0,1523.0,72,44.79999923706055,21936.57,22204.47,21936.57,22161.26,0.008106241806190573,267.90000000000146,Gold,GC=F,₹/10g,Precious metal
2011-06-20,1541.5,1545.699951171875,1535.199951171875,1536.0,99,44.76300048828125,22105.54,22245.14,22094.03,22184.69,0.0010572503548986756,151.11000000000058,Gold,GC=F,₹/10g,Precious metal
2011-06-21,1546.0,1547.5,1540.0,1540.0999755859375,125,44.869998931884766,22217.53,22324.28,22216.08,22302.64,0.005316729690610922,108.19999999999709,Gold,GC=F,₹/10g,Precious metal
2011-06-22,1552.9000244140625,1558.5,1544.4000244140625,1547.199951171875,222,44.7599983215332,22265.23,22427.85,22224.94,22347.26,0.0020006600115500817,202.90999999999985,Gold,GC=F,₹/10g,Precious metal
2011-06-23,1520.0999755859375,1547.199951171875,1514.699951171875,1547.199951171875,300,44.75,22260.26,22260.26,21792.67,21870.36,-0.021340423837195144,467.59000000000015,Gold,GC=F,₹/10g,Precious metal
2011-06-24,1500.5,1525.0,1498.5,1524.699951171875,257,44.84999847412109,21985.56,21989.89,21607.77,21636.61,-0.01068798135924598,382.119999999999,Gold,GC=F,₹/10g,Precious metal
2011-06-27,1496.0,1503.5,1490.699951171875,1503.5,140,44.98799896240234,21746.57,21746.57,21561.43,21638.09,6.840258247486908e-05,185.13999999999942,Gold,GC=F,₹/10g,Precious metal
2011-06-28,1499.699951171875,1505.0,1496.0999755859375,1499.9000244140625,508,44.95000076293945,21676.18,21749.88,21621.26,21673.29,0.0016267609571825048,128.62000000000262,Gold,GC=F,₹/10g,Precious metal
2011-06-29,1509.9000244140625,1512.199951171875,1504.0999755859375,1504.0999755859375,395,44.93999862670898,21732.04,21849.07,21732.04,21815.84,0.006577220163620723,117.02999999999884,Gold,GC=F,₹/10g,Precious metal
2011-06-30,1502.300048828125,1514.0,1498.800048828125,1511.5,69,44.7599983215332,21751.49,21787.46,21568.73,21619.09,-0.009018676337926967,218.72999999999956,Gold,GC=F,₹/10g,Precious metal
2011-07-01,1482.300048828125,1502.199951171875,1480.0,1502.199951171875,66,44.59299850463867,21537.0,21537.0,21218.72,21251.69,-0.016994239813054146,318.27999999999884,Gold,GC=F,₹/10g,Precious metal
2011-07-05,1512.300048828125,1515.0,1490.300048828125,1490.4000244140625,199,44.41999816894531,21284.92,21636.25,21283.5,21597.69,0.016281058118201353,352.75,Gold,GC=F,₹/10g,Precious metal
2011-07-06,1528.699951171875,1531.5,1510.300048828125,1513.699951171875,71,44.34000015258789,21578.75,21832.5,21530.28,21792.58,0.00902365021444429,302.22000000000116,Gold,GC=F,₹/10g,Precious metal
2011-07-07,1530.199951171875,1533.0999755859375,1522.699951171875,1529.0999755859375,55,44.33000183105469,21793.37,21850.38,21702.15,21809.05,0.0007557618235196628,148.22999999999956,Gold,GC=F,₹/10g,Precious metal
2011-07-08,1541.199951171875,1542.5999755859375,1526.5999755859375,1527.0,3,44.33000183105469,21763.44,21985.78,21757.74,21965.82,0.007188300269842074,228.03999999999724,Gold,GC=F,₹/10g,Precious metal
2011-07-11,1548.800048828125,1555.199951171875,1543.0999755859375,1550.0,14,44.41299819946289,22132.6,22206.86,22034.08,22115.47,0.006812857430316788,172.77999999999884,Gold,GC=F,₹/10g,Precious metal
2011-07-12,1561.9000244140625,1565.0,1542.0,1548.199951171875,8,44.34999847412109,22075.54,22315.09,21987.14,22270.89,0.007027659823643839,327.9500000000007,Gold,GC=F,₹/10g,Precious metal
2011-07-13,1585.199951171875,1585.5999755859375,1570.800048828125,1574.0,29,44.560001373291016,22549.69,22715.88,22503.85,22710.15,0.019723504538884606,212.03000000000247,Gold,GC=F,₹/10g,Precious metal
2011-07-14,1589.0,1592.800048828125,1583.5999755859375,1586.300048828125,19,44.45000076293945,22669.81,22762.7,22631.22,22708.39,-7.749838728510205e-05,131.47999999999956,Gold,GC=F,₹/10g,Precious metal
2011-07-15,1589.800048828125,1592.199951171875,1582.300048828125,1582.300048828125,8,44.400001525878906,22587.21,22728.53,22587.21,22694.27,-0.00062179661349826,141.3199999999997,Gold,GC=F,₹/10g,Precious metal
2011-07-18,1602.0999755859375,1605.0,1592.800048828125,1592.800048828125,13,44.507999420166016,22792.4,22966.98,22792.4,22925.48,0.01018803424829251,174.5799999999981,Gold,GC=F,₹/10g,Precious metal
2011-07-19,1600.9000244140625,1608.800048828125,1583.300048828125,1608.0999755859375,63,44.5,23007.2,23017.22,22652.39,22904.19,-0.0009286610356686875,364.83000000000175,Gold,GC=F,₹/10g,Precious metal
2011-07-20,1596.699951171875,1596.699951171875,1582.4000244140625,1584.300048828125,9,44.369998931884766,22600.48,22777.36,22573.37,22777.36,-0.005537414769961169,203.9900000000016,Gold,GC=F,₹/10g,Precious metal
2011-07-21,1586.800048828125,1601.5999755859375,1586.5999755859375,1598.0,24,44.369998931884766,22795.91,22847.26,22633.29,22636.14,-0.006200016156393984,213.96999999999753,Gold,GC=F,₹/10g,Precious metal
2011-07-22,1601.300048828125,1606.5,1588.5,1588.5,12,44.29999923706055,22624.64,22881.01,22624.64,22806.95,0.007545897843006966,256.369999999999,Gold,GC=F,₹/10g,Precious metal
2011-07-25,1612.0,1619.4000244140625,1610.0,1610.0,67,44.34299850463867,22953.12,23087.13,22953.12,22981.63,0.007659068836473049,134.01000000000204,Gold,GC=F,₹/10g,Precious metal
2011-07-26,1616.5999755859375,1618.5,1609.800048828125,1609.800048828125,28,44.310001373291016,22933.19,23057.13,22933.19,23030.06,0.0021073352934495304,123.94000000000233,Gold,GC=F,₹/10g,Precious metal
2011-07-27,1615.0,1619.699951171875,1617.0,1619.699951171875,232220,44.04999923706055,22938.83,22938.83,22900.59,22872.26,-0.006851914410991644,38.2400000000016,Gold,GC=F,₹/10g,Precious metal
2011-07-28,1613.4000244140625,1620.5999755859375,1602.800048828125,1614.199951171875,70263,44.02999877929688,22850.55,22941.15,22689.18,22839.23,-0.0014441074034660106,251.97000000000116,Gold,GC=F,₹/10g,Precious metal
2011-07-29,1628.300048828125,1634.9000244140625,1610.5999755859375,1617.0999755859375,6761,44.0099983215332,22881.21,23133.07,22789.24,23039.68,0.008776565584741824,343.8299999999981,Gold,GC=F,₹/10g,Precious metal
2011-08-01,1619.0,1631.800048828125,1607.0,1623.0,2889,44.20299911499024,23065.4,23190.46,22838.01,23008.55,-0.001351147238156103,352.4500000000007,Gold,GC=F,₹/10g,Precious metal
2011-08-02,1641.9000244140625,1660.5999755859375,1616.800048828125,1619.300048828125,2440,44.0629997253418,22939.93,23525.01,22904.52,23260.1,0.010932892337848221,620.489999999998,Gold,GC=F,₹/10g,Precious metal
2011-08-03,1663.4000244140625,1672.300048828125,1651.5999755859375,1659.9000244140625,2024,44.26300048828125,23621.83,23798.29,23503.71,23671.64,0.017692959187621815,294.58000000000175,Gold,GC=F,₹/10g,Precious metal
2011-08-04,1656.199951171875,1681.800048828125,1640.0,1660.5,1952,44.3129997253418,23657.06,23960.52,23365.0,23595.8,-0.0032038337859142674,595.5200000000004,Gold,GC=F,₹/10g,Precious metal
2011-08-05,1648.800048828125,1666.0999755859375,1642.699951171875,1647.5,825,44.5629997253418,23604.27,23870.76,23535.5,23622.9,0.0011485094805008256,335.2599999999984,Gold,GC=F,₹/10g,Precious metal
2011-08-08,1710.199951171875,1720.0,1678.0999755859375,1679.0999755859375,1885,44.733001708984375,24148.79,24737.01,24134.41,24596.07,0.04119604282285394,602.5999999999985,Gold,GC=F,₹/10g,Precious metal
2011-08-09,1740.0,1779.0,1720.0999755859375,1722.5,1861,45.00299835205078,24922.49,25739.98,24887.76,25175.69,0.023565553358727565,852.2200000000012,Gold,GC=F,₹/10g,Precious metal
2011-08-10,1781.300048828125,1795.5999755859375,1741.300048828125,1744.0,969,45.20299911499024,25345.71,26095.62,25306.47,25887.8,0.02828561997704937,789.1499999999978,Gold,GC=F,₹/10g,Precious metal
2011-08-11,1748.800048828125,1813.5,1733.300048828125,1795.0999755859375,1503,45.24800109863281,26114.32,26382.0,25215.29,25440.77,-0.01726797951158454,1166.7099999999991,Gold,GC=F,₹/10g,Precious metal
2011-08-12,1740.199951171875,1764.199951171875,1723.800048828125,1760.5999755859375,1166,45.292999267578125,25637.9,25690.33,25102.02,25340.84,-0.00392794714939837,588.3100000000013,Gold,GC=F,₹/10g,Precious metal
2011-08-15,1755.5,1765.199951171875,1730.5,1734.9000244140625,976,45.39300155639648,25319.44,25761.64,25255.23,25620.08,0.011019366366703087,506.40999999999985,Gold,GC=F,₹/10g,Precious metal
2011-08-16,1782.4000244140625,1787.300048828125,1761.5999755859375,1769.0,278,45.233001708984375,25726.1,25992.23,25618.48,25920.97,0.011744303686795687,373.75,Gold,GC=F,₹/10g,Precious metal
2011-08-17,1791.199951171875,1794.300048828125,1782.0,1784.800048828125,231,45.25299835205078,25967.35,26105.57,25926.61,26060.47,0.005381743044338139,178.95999999999913,Gold,GC=F,₹/10g,Precious metal
2011-08-18,1818.9000244140625,1828.5,1785.5,1786.5,868,45.303001403808594,26020.81,26632.55,26006.24,26492.72,0.016586423805863726,626.3099999999977,Gold,GC=F,₹/10g,Precious metal
2011-08-19,1848.9000244140625,1874.4000244140625,1823.699951171875,1823.699951171875,328,45.709999084472656,26801.27,27546.36,26801.27,27171.61,0.025625530334371094,745.0900000000001,Gold,GC=F,₹/10g,Precious metal
2011-08-22,1888.699951171875,1895.0,1858.4000244140625,1868.5999755859375,1106,45.66299819946289,27432.89,27820.46,27283.14,27727.97,0.02047578336359157,537.3199999999997,Gold,GC=F,₹/10g,Precious metal
2011-08-23,1858.300048828125,1909.300048828125,1824.5999755859375,1909.0,458,45.61000061035156,27993.47,27997.87,26755.83,27250.01,-0.01723746815940741,1242.0399999999972,Gold,GC=F,₹/10g,Precious metal
2011-08-24,1754.0999755859375,1853.0999755859375,1753.0999755859375,1833.0,992,45.540000915527344,26837.76,27132.05,25667.91,25682.55,-0.05752144678112037,1464.1399999999994,Gold,GC=F,₹/10g,Precious metal
2011-08-25,1759.800048828125,1772.5,1707.300048828125,1748.4000244140625,864,45.93999862670898,25823.94,26179.9,25216.89,25992.32,0.01206149700866943,963.010000000002,Gold,GC=F,₹/10g,Precious metal
2011-08-26,1794.0999755859375,1829.300048828125,1768.5,1768.5,270,46.0099983215332,26160.62,27060.01,26160.62,26539.31,0.021044293083495536,899.3899999999994,Gold,GC=F,₹/10g,Precious metal
2011-08-29,1788.4000244140625,1817.9000244140625,1786.699951171875,1817.9000244140625,828,46.15299987792969,26974.95,26974.95,26511.99,26537.21,-7.912790498332267e-05,462.9599999999991,Gold,GC=F,₹/10g,Precious metal
2011-08-30,1826.699951171875,1839.5999755859375,1783.0999755859375,1787.199951171875,598,45.84999847412109,26345.3,27117.74,26284.87,26927.58,0.014710287931549715,832.8700000000026,Gold,GC=F,₹/10g,Precious metal
2011-08-31,1828.5,1837.9000244140625,1811.4000244140625,1830.5999755859375,336,45.93999862670898,27038.04,27145.86,26754.45,27007.02,0.0029501351402538845,391.40999999999985,Gold,GC=F,₹/10g,Precious metal
2011-09-01,1826.0,1829.5,1814.4000244140625,1825.800048828125,263,45.7400016784668,26849.74,26904.15,26682.1,26852.68,-0.0057148104455804205,222.0500000000029,Gold,GC=F,₹/10g,Precious metal
2011-09-02,1873.699951171875,1884.199951171875,1828.5999755859375,1828.5999755859375,442,45.70000076293945,26867.4,27684.32,26867.4,27530.05,0.02522541511685228,816.9199999999983,Gold,GC=F,₹/10g,Precious metal
2011-09-06,1869.9000244140625,1911.5999755859375,1864.0,1886.300048828125,536,45.98400115966797,27887.42,28261.45,27557.73,27644.95,0.004173621188483079,703.7200000000012,Gold,GC=F,₹/10g,Precious metal
2011-09-07,1814.199951171875,1873.699951171875,1792.800048828125,1868.9000244140625,470,46.040000915527344,27663.82,27734.87,26537.37,26854.14,-0.0286059479217724,1197.5,Gold,GC=F,₹/10g,Precious metal
2011-09-08,1854.4000244140625,1870.0,1835.0,1839.300048828125,142,46.040000915527344,27225.67,27680.1,27162.02,27449.19,0.022158594540730103,518.0799999999981,Gold,GC=F,₹/10g,Precious metal
2011-09-09,1856.4000244140625,1881.300048828125,1830.0,1858.0999755859375,188,46.130001068115234,27557.72,27901.8,27140.97,27532.51,0.0030354265462841923,760.8299999999981,Gold,GC=F,₹/10g,Precious metal
2011-09-12,1809.9000244140625,1852.4000244140625,1806.0,1852.4000244140625,245,46.64300155639648,27778.71,27778.71,27082.89,27141.37,-0.014206478087177676,695.8199999999997,Gold,GC=F,₹/10g,Precious metal
2011-09-13,1826.800048828125,1835.300048828125,1808.0999755859375,1817.800048828125,52,47.15999984741211,27561.99,27827.33,27414.92,27698.46,0.02052549300201134,412.4100000000035,Gold,GC=F,₹/10g,Precious metal
2011-09-14,1823.5,1843.0,1809.0,1843.0,156,47.459999084472656,28121.84,28121.84,27603.05,27824.3,0.004543212871762625,518.7900000000009,Gold,GC=F,₹/10g,Precious metal
2011-09-15,1778.5,1816.300048828125,1775.800048828125,1816.300048828125,80,47.560001373291016,27772.83,27772.83,27153.55,27194.84,-0.022622671549688556,619.2800000000025,Gold,GC=F,₹/10g,Precious metal
2011-09-16,1812.0999755859375,1819.0999755859375,1768.5,1768.5,111,47.5,27007.81,27780.55,27007.81,27673.65,0.017606648908395917,772.739999999998,Gold,GC=F,₹/10g,Precious metal
2011-09-19,1776.4000244140625,1818.9000244140625,1788.0,1814.699951171875,13,47.16999816894531,27520.82,27584.52,27115.91,26939.99,-0.026511139658122462,468.6100000000006,Gold,GC=F,₹/10g,Precious metal
2011-09-20,1806.5999755859375,1807.800048828125,1776.0,1778.800048828125,86,47.72299957275391,27292.64,27737.6,27249.68,27719.19,0.02892354451504975,487.91999999999825,Gold,GC=F,₹/10g,Precious metal
2011-09-21,1805.5,1811.699951171875,1782.800048828125,1808.0,22,47.90999984741211,27849.37,27906.36,27461.2,27810.86,0.0033070951928970693,445.15999999999985,Gold,GC=F,₹/10g,Precious metal
2011-09-22,1739.199951171875,1773.199951171875,1730.9000244140625,1773.199951171875,23,48.209999084472656,27484.36,27484.36,26828.71,26957.36,-0.030689450092517778,655.6500000000015,Gold,GC=F,₹/10g,Precious metal
2011-09-23,1637.5,1737.300048828125,1636.300048828125,1737.300048828125,81,49.47299957275391,27633.37,27633.37,26026.87,26045.96,-0.03380894865075812,1606.5,Gold,GC=F,₹/10g,Precious metal
2011-09-26,1592.5,1661.800048828125,1562.4000244140625,1646.4000244140625,151,49.34299850463867,26118.7,26363.01,24786.12,25263.63,-0.030036520059156913,1576.8899999999994,Gold,GC=F,₹/10g,Precious metal
2011-09-27,1650.5999755859375,1665.4000244140625,1653.699951171875,1653.800048828125,47,49.400001525878906,26266.41,26450.65,26264.82,26215.58,0.0376806500095197,185.83000000000175,Gold,GC=F,₹/10g,Precious metal
2011-09-28,1616.300048828125,1650.0,1650.0,1650.0,21275,48.810001373291016,25893.07,25893.07,25893.07,25364.22,-0.03247534481403813,0.0,Gold,GC=F,₹/10g,Precious metal
2011-09-29,1615.5,1633.800048828125,1585.0,1604.0,7181,48.75,25140.26,25607.33,24842.46,25320.5,-0.0017236879352096057,764.8700000000026,Gold,GC=F,₹/10g,Precious metal
2011-09-30,1620.4000244140625,1639.4000244140625,1609.4000244140625,1620.800048828125,284,48.86000061035156,25460.89,25753.08,25281.81,25454.61,0.005296498884303169,471.27000000000044,Gold,GC=F,₹/10g,Precious metal
2011-10-03,1656.0,1660.800048828125,1627.5999755859375,1627.800048828125,101,49.04999923706055,25670.29,26190.7,25667.14,26115.0,0.02594382707100995,523.5600000000013,Gold,GC=F,₹/10g,Precious metal
2011-10-04,1614.699951171875,1678.0999755859375,1596.5999755859375,1661.0,159,49.09999847412109,26220.55,26490.49,25203.93,25489.66,-0.023945625119663028,1286.5600000000013,Gold,GC=F,₹/10g,Precious metal
2011-10-05,1640.300048828125,1640.300048828125,1599.5999755859375,1629.300048828125,114,49.303001403808594,25826.48,26000.84,25355.69,26000.84,0.02005440637497724,645.1500000000015,Gold,GC=F,₹/10g,Precious metal
2011-10-06,1651.9000244140625,1654.699951171875,1637.5999755859375,1642.5999755859375,38,49.150001525878906,25956.5,26147.7,25877.49,26103.46,0.0039467955650662745,270.2099999999991,Gold,GC=F,₹/10g,Precious metal
2011-10-07,1634.5,1665.0,1626.199951171875,1657.0,66,49.040000915527344,26125.45,26251.58,25639.83,25770.7,-0.01274773535768814,611.75,Gold,GC=F,₹/10g,Precious metal
2011-10-10,1669.5999755859375,1676.800048828125,1645.5999755859375,1645.5999755859375,61,48.89300155639648,25867.93,26358.38,25867.93,26245.2,0.018412383055175008,490.4500000000007,Gold,GC=F,₹/10g,Precious metal
2011-10-11,1659.699951171875,1685.0,1657.5999755859375,1685.0,151,48.8129997253418,26443.94,26443.94,26013.93,26046.89,-0.007556048344078192,430.0099999999984,Gold,GC=F,₹/10g,Precious metal
2011-10-12,1681.300048828125,1691.0,1667.0999755859375,1667.0999755859375,37,49.23799896240234,26390.81,26769.16,26390.81,26615.61,0.021834468529640327,378.34999999999854,Gold,GC=F,₹/10g,Precious metal
2011-10-13,1667.300048828125,1678.800048828125,1656.199951171875,1676.0999755859375,148,48.90999984741211,26356.54,26398.99,26043.61,26218.16,-0.014932966030085426,355.380000000001,Gold,GC=F,₹/10g,Precious metal
2011-10-14,1681.800048828125,1683.300048828125,1665.800048828125,1665.800048828125,51,49.20000076293945,26349.88,26626.7,26349.88,26602.98,0.014677612769164572,276.8199999999997,Gold,GC=F,₹/10g,Precious metal
2011-10-17,1675.5,1693.5,1667.300048828125,1683.5999755859375,41,48.89300155639648,26465.27,26620.89,26209.05,26337.94,-0.009962793641915324,411.84000000000015,Gold,GC=F,₹/10g,Precious metal
2011-10-18,1651.699951171875,1666.0,1627.5,1666.0,85,48.900001525878906,26192.36,26192.36,25587.07,25967.54,-0.014063362586443695,605.2900000000009,Gold,GC=F,₹/10g,Precious metal
2011-10-19,1646.0,1659.300048828125,1641.300048828125,1659.300048828125,22,49.2400016784668,26268.41,26268.41,25983.45,26057.85,0.0034778034422975335,284.9599999999991,Gold,GC=F,₹/10g,Precious metal
2011-10-20,1611.9000244140625,1643.199951171875,1608.699951171875,1643.199951171875,92,49.0099983215332,25892.01,25892.01,25348.4,25398.82,-0.02529103513912312,543.609999999997,Gold,GC=F,₹/10g,Precious metal
2011-10-21,1635.0999755859375,1647.4000244140625,1626.0999755859375,1626.0999755859375,32,49.86000061035156,26066.95,26408.4,26066.95,26211.23,0.03198613163918629,341.4500000000007,Gold,GC=F,₹/10g,Precious metal
2011-10-24,1651.5,1657.800048828125,1646.199951171875,1646.199951171875,313,49.823001861572266,26369.58,26555.4,26369.58,26454.48,0.009280373336161718,185.8199999999997,Gold,GC=F,₹/10g,Precious metal
2011-10-25,1699.5999755859375,1706.800048828125,1645.0,1645.0,355,49.54999923706055,26205.97,27190.49,26205.97,27075.79,0.02348600312688065,984.5200000000004,Gold,GC=F,₹/10g,Precious metal
2011-10-26,1722.699951171875,1723.5999755859375,1708.9000244140625,1717.0,135,49.40999984741211,27275.7,27380.54,27147.03,27366.25,0.010727664825292305,233.51000000000204,Gold,GC=F,₹/10g,Precious metal
2011-10-27,1746.699951171875,1735.5,1717.800048828125,1717.800048828125,494,49.36000061035156,27260.79,27541.69,27260.79,27719.42,0.012905312200246488,280.8999999999978,Gold,GC=F,₹/10g,Precious metal
2011-10-28,1746.199951171875,1752.0,1733.0,1752.0,158,49.790000915527344,28045.74,28045.74,27741.6,27952.9,0.008422975661106946,304.14000000000306,Gold,GC=F,₹/10g,Precious metal
2011-10-31,1724.199951171875,1741.9000244140625,1717.0,1741.9000244140625,62,48.62799835205078,27233.31,27233.31,26844.01,26956.58,-0.03564281344690534,389.3000000000029,Gold,GC=F,₹/10g,Precious metal
2011-11-01,1711.0,1720.0999755859375,1682.5,1706.699951171875,246,48.67300033569336,26707.67,26917.37,26328.97,26774.96,-0.0067375015673354355,588.3999999999978,Gold,GC=F,₹/10g,Precious metal
2011-11-02,1728.699951171875,1741.4000244140625,1723.199951171875,1724.300048828125,294,49.257999420166016,27307.4,27578.21,27289.98,27377.08,0.022488175519216558,288.22999999999956,Gold,GC=F,₹/10g,Precious metal
2011-11-03,1764.199951171875,1766.0,1726.5999755859375,1740.5,290,49.12300109863281,27488.41,27891.14,27268.88,27862.72,0.017738926138214817,622.2599999999984,Gold,GC=F,₹/10g,Precious metal
2011-11-04,1755.300048828125,1761.199951171875,1754.9000244140625,1757.0,47,49.04800033569336,27706.64,27772.87,27673.52,27679.83,-0.006563967911244806,99.34999999999854,Gold,GC=F,₹/10g,Precious metal
2011-11-07,1790.300048828125,1797.0,1755.300048828125,1755.300048828125,35,48.99300003051758,27648.79,28305.63,27648.79,28200.1,0.01879599694073253,656.8400000000001,Gold,GC=F,₹/10g,Precious metal
2011-11-08,1798.4000244140625,1798.4000244140625,1785.699951171875,1798.4000244140625,14,48.90999984741211,28279.69,28279.69,28079.99,28279.69,0.002822330417268093,199.6999999999971,Gold,GC=F,₹/10g,Precious metal
2011-11-09,1790.9000244140625,1793.0,1774.199951171875,1793.0,6,49.310001373291016,28425.36,28425.36,28127.32,28392.07,0.003973876658478259,298.0400000000009,Gold,GC=F,₹/10g,Precious metal
2011-11-10,1758.9000244140625,1766.800048828125,1754.800048828125,1766.800048828125,16,50.04999923706055,28430.35,28430.35,28237.25,28303.23,-0.0031290427221404293,193.09999999999854,Gold,GC=F,₹/10g,Precious metal
2011-11-11,1787.5,1789.0999755859375,1777.0,1777.0,28,49.959999084472656,28543.06,28737.42,28543.06,28711.72,0.0144326283607914,194.35999999999694,Gold,GC=F,₹/10g,Precious metal
2011-11-14,1777.800048828125,1779.0,1779.0,1779.0,24,50.03300094604492,28616.94,28616.94,28616.94,28597.64,-0.003973290349724823,0.0,Gold,GC=F,₹/10g,Precious metal
2011-11-15,1781.699951171875,1783.0999755859375,1761.300048828125,1779.199951171875,18,50.36800003051758,28811.79,28874.94,28521.92,28852.27,0.00890388157903943,353.02000000000044,Gold,GC=F,₹/10g,Precious metal
2011-11-16,1773.800048828125,1777.5,1757.699951171875,1777.5,65,50.62300109863281,28929.99,28929.99,28607.73,28869.77,0.0006065380644226792,322.26000000000204,Gold,GC=F,₹/10g,Precious metal
2011-11-17,1719.800048828125,1755.300048828125,1714.0,1755.300048828125,54,50.70299911499024,28613.81,28613.81,27940.57,28035.12,-0.028910864201550646,673.2400000000016,Gold,GC=F,₹/10g,Precious metal
2011-11-18,1724.699951171875,1736.0,1719.0,1725.0,14,50.948001861572266,28255.76,28435.94,28157.48,28250.85,0.007694991139684859,278.4599999999991,Gold,GC=F,₹/10g,Precious metal
2011-11-21,1678.300048828125,1704.5999755859375,1674.4000244140625,1704.5999755859375,9,51.22800064086914,28075.06,28075.06,27577.66,27641.89,-0.021555457623398944,497.40000000000146,Gold,GC=F,₹/10g,Precious metal
2011-11-22,1702.199951171875,1702.199951171875,1675.4000244140625,1675.4000244140625,13,52.05799865722656,28041.21,28489.76,28041.21,28489.76,0.030673372913357255,448.5499999999993,Gold,GC=F,₹/10g,Precious metal
2011-11-23,1695.699951171875,1700.0,1681.5999755859375,1691.199951171875,34,52.483001708984375,28536.74,28685.23,28374.75,28612.67,0.004314181656847937,310.47999999999956,Gold,GC=F,₹/10g,Precious metal
2011-11-25,1685.5,1693.5,1675.300048828125,1690.0999755859375,28,52.0629997253418,28289.96,28346.87,28042.23,28212.96,-0.013969685457526304,304.6399999999994,Gold,GC=F,₹/10g,Precious metal
2011-11-28,1710.800048828125,1710.800048828125,1710.800048828125,1710.800048828125,175525,52.22800064086914,28727.21,28727.21,28727.21,28727.21,0.018227438737374646,0.0,Gold,GC=F,₹/10g,Precious metal
2011-11-29,1713.4000244140625,1718.4000244140625,1704.0,1711.300048828125,64786,51.94300079345703,28578.8,28697.37,28456.89,28613.87,-0.003945388361765723,240.47999999999956,Gold,GC=F,₹/10g,Precious metal
2011-11-30,1745.5,1749.199951171875,1699.9000244140625,1714.0,15463,51.90299987792969,28601.84,29189.23,28366.55,29127.49,0.01795003611884738,822.6800000000003,Gold,GC=F,₹/10g,Precious metal
2011-12-01,1735.300048828125,1753.300048828125,1734.5,1747.0,1350,51.72999954223633,29055.35,29160.13,28847.46,28860.76,-0.009157328695332256,312.6700000000019,Gold,GC=F,₹/10g,Precious metal
2011-12-02,1747.0,1762.9000244140625,1741.5999755859375,1744.800048828125,1067,51.29999923706055,28777.55,29076.08,28724.77,28813.83,-0.0016260833048054035,351.3100000000013,Gold,GC=F,₹/10g,Precious metal
2011-12-05,1730.699951171875,1752.5999755859375,1718.699951171875,1748.9000244140625,756,51.10300064086914,28734.4,28795.19,28238.21,28435.37,-0.013134664846707333,556.9799999999996,Gold,GC=F,₹/10g,Precious metal
2011-12-06,1727.9000244140625,1731.800048828125,1703.0,1722.0999755859375,648,51.20000076293945,28347.78,28507.46,28033.37,28443.26,0.00027747133235833665,474.09000000000015,Gold,GC=F,₹/10g,Precious metal
2011-12-07,1740.9000244140625,1741.9000244140625,1720.0,1730.5999755859375,300,51.20000076293945,28487.7,28673.71,28313.21,28657.25,0.0075233992165455454,360.5,Gold,GC=F,₹/10g,Precious metal
2011-12-08,1709.800048828125,1752.300048828125,1705.4000244140625,1742.0,942,51.59999847412109,28899.38,29070.26,28292.2,28365.19,-0.010191487319962667,778.0599999999977,Gold,GC=F,₹/10g,Precious metal
2011-12-09,1712.800048828125,1720.699951171875,1705.699951171875,1713.300048828125,568,51.70000076293945,28478.34,28601.34,28352.01,28470.03,0.0036960795961529236,249.33000000000175,Gold,GC=F,₹/10g,Precious metal
2011-12-12,1664.199951171875,1708.199951171875,1658.5,1707.5,894,51.86800003051758,28474.16,28485.83,27657.04,27752.09,-0.02521739527496103,828.7900000000009,Gold,GC=F,₹/10g,Precious metal
2011-12-13,1659.9000244140625,1671.800048828125,1628.0,1654.699951171875,274,52.650001525878906,28009.7,28299.15,27557.74,28097.72,0.012454197143350276,741.4099999999999,Gold,GC=F,₹/10g,Precious metal
2011-12-14,1584.300048828125,1639.5,1565.800048828125,1636.5,890,53.09999847412109,27938.38,27989.6,26731.39,27047.22,-0.0373873752033973,1258.2099999999991,Gold,GC=F,₹/10g,Precious metal
2011-12-15,1574.5999755859375,1592.800048828125,1565.5999755859375,1571.4000244140625,589,53.709999084472656,27135.18,27504.71,27035.02,27190.43,0.005294814032643647,469.6899999999987,Gold,GC=F,₹/10g,Precious metal
2011-12-16,1595.5999755859375,1595.9000244140625,1586.0,1587.4000244140625,57,53.209999084472656,27156.29,27301.7,27132.34,27296.57,0.003903579310808869,169.36000000000058,Gold,GC=F,₹/10g,Precious metal
2011-12-19,1594.4000244140625,1603.4000244140625,1589.699951171875,1596.4000244140625,92,52.49300003051758,26942.25,27060.39,26829.17,26908.5,-0.014216804528920601,231.22000000000116,Gold,GC=F,₹/10g,Precious metal
2011-12-20,1615.5999755859375,1617.0,1596.4000244140625,1596.4000244140625,215,52.70000076293945,27048.49,27397.53,27048.49,27373.81,0.017292305405355313,349.03999999999724,Gold,GC=F,₹/10g,Precious metal
2011-12-21,1611.9000244140625,1635.0,1608.300048828125,1615.5999755859375,38,52.709999084472656,27379.0,27707.77,27255.29,27316.3,-0.0021009132451785817,452.47999999999956,Gold,GC=F,₹/10g,Precious metal
2011-12-22,1608.9000244140625,1610.0,1601.9000244140625,1608.800048828125,599,52.39300155639648,27099.8,27120.01,26983.57,27101.48,-0.007864169012640754,136.4399999999987,Gold,GC=F,₹/10g,Precious metal
2011-12-23,1604.699951171875,1612.800048828125,1604.699951171875,1612.0,62,52.5099983215332,27214.34,27227.85,27091.1,27091.1,-0.00038300491338483234,136.75,Gold,GC=F,₹/10g,Precious metal
2011-12-27,1594.199951171875,1599.0,1592.5999755859375,1599.0,52,52.70000076293945,27092.55,27092.55,26984.11,27011.22,-0.002948569825514502,108.43999999999869,Gold,GC=F,₹/10g,Precious metal
2011-12-28,1562.9000244140625,1588.5999755859375,1561.300048828125,1584.9000244140625,763,52.84999847412109,26930.08,26992.94,26529.07,26556.26,-0.016843371013971375,463.869999999999,Gold,GC=F,₹/10g,Precious metal
2011-12-29,1539.9000244140625,1559.300048828125,1525.0,1559.300048828125,866,52.86000061035156,26500.1,26500.1,25917.18,26170.4,-0.014529907449316926,582.9199999999983,Gold,GC=F,₹/10g,Precious metal
2011-12-30,1565.800048828125,1579.5,1547.9000244140625,1549.4000244140625,289,53.0,26401.6,26914.5,26376.04,26681.05,0.019512502674777554,538.4599999999991,Gold,GC=F,₹/10g,Precious metal
2012-01-03,1599.699951171875,1604.300048828125,1566.0,1568.9000244140625,229,53.29800033569336,26884.19,27490.79,26834.49,27411.97,0.027394723970758372,656.2999999999993,Gold,GC=F,₹/10g,Precious metal
2012-01-04,1611.9000244140625,1618.5999755859375,1594.5,1596.5999755859375,172,53.04999923706055,27231.54,27606.77,27195.73,27492.5,0.0029377676978341594,411.0400000000009,Gold,GC=F,₹/10g,Precious metal
2012-01-05,1619.4000244140625,1624.0999755859375,1597.800048828125,1610.800048828125,362,52.84999847412109,27370.16,27596.15,27149.27,27516.29,0.0008653269073384262,446.880000000001,Gold,GC=F,₹/10g,Precious metal
2012-01-06,1616.0999755859375,1627.800048828125,1616.0999755859375,1622.5,20,52.7599983215332,27522.01,27611.92,27413.45,27413.45,-0.003737422450482919,198.46999999999753,Gold,GC=F,₹/10g,Precious metal
2012-01-09,1607.5,1620.0999755859375,1607.5,1614.300048828125,8,52.67300033569336,27337.77,27435.99,27222.61,27222.61,-0.006961546248283268,213.38000000000102,Gold,GC=F,₹/10g,Precious metal
2012-01-10,1631.0,1638.0,1619.9000244140625,1619.9000244140625,47,52.380001068115234,27280.01,27584.82,27280.01,27466.94,0.008975259903440502,304.8100000000013,Gold,GC=F,₹/10g,Precious metal
2012-01-11,1639.199951171875,1645.4000244140625,1633.800048828125,1634.800048828125,65,51.59999847412109,27120.96,27296.81,27104.37,27193.95,-0.009938857404574342,192.44000000000233,Gold,GC=F,₹/10g,Precious metal
2012-01-12,1647.300048828125,1656.0999755859375,1645.199951171875,1645.199951171875,84,51.75,27372.84,27554.19,27372.84,27407.78,0.007863146030642865,181.34999999999854,Gold,GC=F,₹/10g,Precious metal
2012-01-13,1630.4000244140625,1643.4000244140625,1630.4000244140625,1638.9000244140625,368,51.45000076293945,27109.94,27184.38,26969.34,26969.34,-0.015996917663524735,215.04000000000087,Gold,GC=F,₹/10g,Precious metal
2012-01-17,1655.199951171875,1657.800048828125,1642.0999755859375,1643.699951171875,16,51.380001068115234,27152.35,27385.27,27125.92,27342.32,0.01382977855594536,259.3500000000022,Gold,GC=F,₹/10g,Precious metal
2012-01-18,1659.5,1660.300048828125,1654.0,1654.0,11,50.650001525878906,26934.3,27036.89,26934.3,27023.86,-0.0116471462553287,102.59000000000015,Gold,GC=F,₹/10g,Precious metal
2012-01-19,1654.0999755859375,1664.4000244140625,1653.5,1663.0,58,50.36000061035156,26925.81,26948.47,26771.99,26781.7,-0.008960970046470007,176.47999999999956,Gold,GC=F,₹/10g,Precious metal
2012-01-20,1663.699951171875,1664.300048828125,1652.800048828125,1652.800048828125,8,50.303001403808594,26730.37,26916.36,26730.37,26906.65,0.004665499202813894,185.9900000000016,Gold,GC=F,₹/10g,Precious metal
2012-01-23,1678.0,1680.0,1669.9000244140625,1676.9000244140625,10,50.22299957275391,27077.0,27127.06,26963.97,27094.76,0.006991208493067669,163.09000000000015,Gold,GC=F,₹/10g,Precious metal
2012-01-24,1664.199951171875,1668.199951171875,1664.199951171875,1666.9000244140625,5,49.84000015258789,26710.27,26731.1,26667.01,26667.01,-0.015787185418878025,64.09000000000015,Gold,GC=F,₹/10g,Precious metal
2012-01-25,1699.800048828125,1706.199951171875,1672.0,1673.0,239,50.0,26894.08,27427.78,26878.0,27324.9,0.024670557366573975,549.7799999999988,Gold,GC=F,₹/10g,Precious metal
2012-01-26,1726.300048828125,1729.0,1721.0,1729.0,16,50.0,27794.3,27794.3,27665.7,27750.9,0.015590175993324795,128.59999999999854,Gold,GC=F,₹/10g,Precious metal
2012-01-27,1731.800048828125,1734.0999755859375,1727.0,1727.0,175023,52.49300003051758,29146.37,29266.2,29146.37,29227.38,0.05320476092667259,119.83000000000175,Gold,GC=F,₹/10g,Precious metal
2012-01-30,1731.0,1739.9000244140625,1715.699951171875,1737.199951171875,53427,49.38800048828125,27584.3,27627.17,27242.91,27485.85,-0.05958556668438986,384.2599999999984,Gold,GC=F,₹/10g,Precious metal
2012-01-31,1737.800048828125,1747.699951171875,1725.0,1731.699951171875,7540,52.49300003051758,29225.69,29495.72,29112.62,29328.64,0.06704504317676196,383.1000000000022,Gold,GC=F,₹/10g,Precious metal
2012-02-01,1747.0999755859375,1751.0999755859375,1734.0,1738.199951171875,2027,49.5,27662.77,27868.07,27595.93,27804.41,-0.05197070167590445,272.1399999999994,Gold,GC=F,₹/10g,Precious metal
2012-02-02,1756.800048828125,1761.0999755859375,1742.9000244140625,1745.0999755859375,2062,49.0099983215332,27497.66,27749.77,27463.0,27682.02,-0.004401819711333577,286.77000000000044,Gold,GC=F,₹/10g,Precious metal
2012-02-03,1737.9000244140625,1761.300048828125,1724.5,1758.699951171875,543,49.0,27706.3,27747.26,27167.52,27378.62,-0.010960182819028441,579.739999999998,Gold,GC=F,₹/10g,Precious metal
2012-02-06,1722.800048828125,1738.300048828125,1713.300048828125,1728.0,726,48.65299987792969,27029.88,27191.0,26799.94,26948.54,-0.01570860766539728,391.0600000000013,Gold,GC=F,₹/10g,Precious metal
2012-02-07,1746.4000244140625,1748.0,1713.199951171875,1722.0,272,49.053001403808594,27157.48,27567.52,27018.7,27542.29,0.022032733498734913,548.8199999999997,Gold,GC=F,₹/10g,Precious metal
2012-02-08,1729.300048828125,1751.5,1728.199951171875,1744.0,955,49.042999267578125,27498.83,27617.09,27249.7,27267.05,-0.00999335930309364,367.3899999999994,Gold,GC=F,₹/10g,Precious metal
2012-02-09,1739.0,1749.699951171875,1726.0999755859375,1731.4000244140625,119,49.14799880981445,27358.61,27647.77,27274.86,27478.7,0.007762115813775283,372.90999999999985,Gold,GC=F,₹/10g,Precious metal
2012-02-10,1723.300048828125,1734.4000244140625,1706.4000244140625,1732.699951171875,248,49.48799896240234,27568.55,27595.6,27150.1,27418.99,-0.002172955780295305,445.5,Gold,GC=F,₹/10g,Precious metal
2012-02-13,1723.0,1733.0,1718.4000244140625,1725.0,104,49.35300064086914,27371.17,27498.11,27266.45,27339.44,-0.002901273898126888,231.65999999999985,Gold,GC=F,₹/10g,Precious metal
2012-02-14,1715.9000244140625,1724.9000244140625,1715.0,1720.0,94,49.1879997253418,27200.59,27278.08,27121.52,27135.75,-0.0074504086404110215,156.5600000000013,Gold,GC=F,₹/10g,Precious metal
2012-02-15,1726.300048828125,1737.0,1723.5999755859375,1723.5999755859375,110,49.358001708984375,27351.73,27564.37,27351.73,27394.58,0.00953833964419637,212.63999999999942,Gold,GC=F,₹/10g,Precious metal
2012-02-16,1726.800048828125,1728.4000244140625,1707.0,1718.4000244140625,38,49.28300094604492,27227.78,27386.22,27047.14,27360.87,-0.0012305353832766652,339.08000000000175,Gold,GC=F,₹/10g,Precious metal
2012-02-17,1724.5,1735.0999755859375,1718.800048828125,1733.5999755859375,80,49.28300094604492,27468.62,27492.38,27234.11,27324.43,-0.0013318289952036766,258.27000000000044,Gold,GC=F,₹/10g,Precious metal
2012-02-21,1757.0999755859375,1760.0,1733.5999755859375,1736.0999755859375,115,49.14799880981445,27432.87,27810.53,27393.37,27764.7,0.016112687437578765,417.15999999999985,Gold,GC=F,₹/10g,Precious metal
2012-02-22,1770.0,1781.9000244140625,1750.0,1758.699951171875,161,49.303001403808594,27877.63,28245.38,27739.72,28056.75,0.010518752228549255,505.65999999999985,Gold,GC=F,₹/10g,Precious metal
2012-02-23,1784.9000244140625,1786.0,1773.0,1774.0,298,49.21799850463867,28071.67,28261.56,28055.85,28244.15,0.006679319593324351,205.71000000000276,Gold,GC=F,₹/10g,Precious metal
2012-02-24,1775.0999755859375,1780.699951171875,1771.300048828125,1778.5,129,49.09299850463867,28071.41,28106.13,27957.76,28017.74,-0.008016173260657511,148.37000000000262,Gold,GC=F,₹/10g,Precious metal
2012-02-27,1773.5999755859375,1775.5999755859375,1768.0999755859375,1773.5999755859375,841,49.007999420166016,27945.6,27977.11,27858.94,27945.6,-0.0025747972534545527,118.17000000000189,Gold,GC=F,₹/10g,Precious metal
2012-02-28,1787.0,1789.4000244140625,1767.9000244140625,1767.9000244140625,306,49.17300033569336,27949.57,28289.47,27949.57,28251.53,0.010947340547349249,339.90000000000146,Gold,GC=F,₹/10g,Precious metal
2012-02-29,1709.9000244140625,1790.4000244140625,1669.0,1789.9000244140625,359,49.06800079345703,28236.96,28244.84,26329.67,26974.9,-0.045187995128051384,1915.170000000002,Gold,GC=F,₹/10g,Precious metal
2012-03-01,1721.0999755859375,1724.5999755859375,1698.5999755859375,1698.5999755859375,214,49.00299835205078,26761.13,27170.76,26761.13,27115.62,0.005216701452090522,409.6299999999974,Gold,GC=F,₹/10g,Precious metal
2012-03-02,1708.800048828125,1723.0,1705.199951171875,1723.0,135,49.198001861572266,27253.58,27253.58,26972.02,27028.97,-0.003195575096567871,281.5600000000013,Gold,GC=F,₹/10g,Precious metal
2012-03-05,1703.0,1709.5,1695.4000244140625,1705.5,421,49.51800155639648,27152.23,27215.92,26991.44,27112.43,0.0030877980182004716,224.47999999999956,Gold,GC=F,₹/10g,Precious metal
2012-03-06,1671.4000244140625,1708.699951171875,1666.0,1708.699951171875,176,49.83300018310547,27376.23,27376.23,26692.1,26778.62,-0.0123120649827404,684.130000000001,Gold,GC=F,₹/10g,Precious metal
2012-03-07,1683.300048828125,1684.0,1673.0999755859375,1676.0,39,50.358001708984375,27135.21,27264.74,27088.26,27253.4,0.01772981580081434,176.4800000000032,Gold,GC=F,₹/10g,Precious metal
2012-03-08,1698.0999755859375,1702.4000244140625,1686.4000244140625,1686.4000244140625,301,50.27799987792969,27260.22,27518.85,27260.22,27449.35,0.007189928596065043,258.6299999999974,Gold,GC=F,₹/10g,Precious metal
2012-03-09,1710.9000244140625,1710.9000244140625,1680.699951171875,1698.800048828125,73,50.073001861572266,27348.7,27543.49,27057.31,27543.49,0.003429589407399458,486.1800000000003,Gold,GC=F,₹/10g,Precious metal
2012-03-12,1699.199951171875,1708.0999755859375,1694.9000244140625,1708.0999755859375,98,49.75299835205078,27322.68,27322.68,27111.53,27180.31,-0.01318569288060445,211.15000000000146,Gold,GC=F,₹/10g,Precious metal
2012-03-13,1693.699951171875,1698.4000244140625,1685.0999755859375,1698.4000244140625,47,49.96799850463867,27284.92,27284.92,27071.25,27209.41,0.001070627965611859,213.66999999999825,Gold,GC=F,₹/10g,Precious metal
2012-03-14,1642.5,1681.0,1637.4000244140625,1676.9000244140625,201,49.83000183105469,26865.12,26930.81,26232.3,26314.01,-0.03290773302324457,698.510000000002,Gold,GC=F,₹/10g,Precious metal
2012-03-15,1659.0999755859375,1660.199951171875,1640.0,1646.300048828125,405,49.90800094604492,26416.17,26639.21,26315.08,26621.56,0.011687690321619648,324.1299999999974,Gold,GC=F,₹/10g,Precious metal
2012-03-16,1655.5,1661.4000244140625,1641.300048828125,1660.0,317,50.37799835205078,26886.84,26909.51,26583.96,26813.95,0.007226849215447917,325.5499999999993,Gold,GC=F,₹/10g,Precious metal
2012-03-19,1666.9000244140625,1668.0,1652.0999755859375,1661.199951171875,462,50.132999420166016,26775.42,26885.03,26628.75,26867.3,0.001989635991713312,256.27999999999884,Gold,GC=F,₹/10g,Precious metal
2012-03-20,1646.699951171875,1652.300048828125,1642.0,1648.0999755859375,250,50.22800064086914,26614.61,26682.44,26516.11,26592.01,-0.010246284516866266,166.3299999999981,Gold,GC=F,₹/10g,Precious metal
2012-03-21,1650.0,1660.0,1646.0999755859375,1657.800048828125,546,50.38800048828125,26856.54,26892.18,26666.99,26730.18,0.005195921632099365,225.1899999999987,Gold,GC=F,₹/10g,Precious metal
2012-03-22,1642.300048828125,1649.4000244140625,1633.800048828125,1648.0,321,50.62799835205078,26824.94,26847.73,26593.8,26732.16,7.407357526201253e-05,253.9300000000003,Gold,GC=F,₹/10g,Precious metal
2012-03-23,1662.300048828125,1665.0999755859375,1646.300048828125,1652.5,76,51.119998931884766,27159.58,27366.67,27057.68,27320.65,0.02201430785989622,308.98999999999796,Gold,GC=F,₹/10g,Precious metal
2012-03-26,1685.5,1692.9000244140625,1657.800048828125,1665.0,84,51.167999267578125,27390.72,27849.7,27272.27,27727.96,0.014908503274995155,577.4300000000003,Gold,GC=F,₹/10g,Precious metal
2012-03-27,1684.800048828125,1690.800048828125,1684.4000244140625,1687.800048828125,100,51.02299880981445,27687.12,27736.33,27631.34,27637.9,-0.003247985066337278,104.9900000000016,Gold,GC=F,₹/10g,Precious metal
2012-03-28,1657.9000244140625,1670.0999755859375,1657.9000244140625,1670.0999755859375,193107,50.678001403808594,27211.51,27211.51,27012.73,27012.73,-0.02262002539990382,198.77999999999884,Gold,GC=F,₹/10g,Precious metal
2012-03-29,1652.199951171875,1664.5,1644.300048828125,1661.800048828125,47342,50.77299880981445,27127.03,27171.11,26841.37,26970.32,-0.001570000514572234,329.7400000000016,Gold,GC=F,₹/10g,Precious metal
2012-03-30,1669.300048828125,1670.0,1659.0,1660.5999755859375,9825,51.3380012512207,27409.1,27564.25,27382.69,27552.7,0.02159336633751474,181.5600000000013,Gold,GC=F,₹/10g,Precious metal
2012-04-02,1677.5,1682.800048828125,1662.0,1670.4000244140625,2531,50.86800003051758,27318.44,27521.23,27181.06,27434.56,-0.004287783048485205,340.16999999999825,Gold,GC=F,₹/10g,Precious metal
2012-04-03,1670.0,1679.5,1638.699951171875,1677.5999755859375,1165,50.86800003051758,27436.19,27467.26,26800.0,27311.9,-0.004471002997678886,667.2599999999984,Gold,GC=F,₹/10g,Precious metal
2012-04-04,1612.300048828125,1647.0,1612.300048828125,1646.5,1122,50.25,26600.42,26608.5,26047.9,26047.9,-0.04628019288295582,560.5999999999985,Gold,GC=F,₹/10g,Precious metal
2012-04-05,1628.5,1633.199951171875,1620.4000244140625,1620.800048828125,289,51.108001708984375,26632.32,26836.08,26625.75,26758.85,0.027293946920864842,210.33000000000175,Gold,GC=F,₹/10g,Precious metal
2012-04-09,1642.5,1646.4000244140625,1636.5,1645.300048828125,158,51.03300094604492,26995.23,27013.27,26850.84,26949.28,0.0071165240658697115,162.4300000000003,Gold,GC=F,₹/10g,Precious metal
2012-04-10,1659.5,1661.699951171875,1636.199951171875,1649.0,350,51.04999923706055,27064.94,27273.39,26854.86,27237.28,0.01068674190924579,418.52999999999884,Gold,GC=F,₹/10g,Precious metal
2012-04-11,1659.0,1659.699951171875,1654.699951171875,1654.800048828125,426,51.47299957275391,27385.19,27466.28,27383.53,27454.69,0.007982074568385622,82.75,Gold,GC=F,₹/10g,Precious metal
2012-04-12,1679.5,1680.0999755859375,1650.0,1660.0,1309,51.45800018310547,27463.24,27795.77,27297.8,27785.85,0.012062055699773033,497.97000000000116,Gold,GC=F,₹/10g,Precious metal
2012-04-13,1659.0999755859375,1674.800048828125,1650.0,1673.300048828125,220,51.22800064086914,27559.54,27584.25,27175.78,27325.66,-0.01656202707493193,408.47000000000116,Gold,GC=F,₹/10g,Precious metal
2012-04-16,1648.699951171875,1656.800048828125,1641.199951171875,1650.800048828125,717,51.542999267578125,27356.15,27455.57,27197.06,27321.34,-0.00015809316225112724,258.5099999999984,Gold,GC=F,₹/10g,Precious metal
2012-04-17,1650.300048828125,1652.9000244140625,1637.0,1652.0,69,51.667999267578125,27442.42,27457.37,27193.25,27414.18,0.003398076375463299,264.119999999999,Gold,GC=F,₹/10g,Precious metal
2012-04-18,1638.800048828125,1653.300048828125,1638.0999755859375,1653.199951171875,273,51.46799850463867,27356.05,27357.71,27106.19,27117.77,-0.010812287655512565,251.52000000000044,Gold,GC=F,₹/10g,Precious metal
2012-04-19,1640.5999755859375,1653.0999755859375,1632.0,1642.0999755859375,77,51.78799819946289,27341.32,27524.47,27173.15,27316.34,0.00732250476348173,351.3199999999997,Gold,GC=F,₹/10g,Precious metal
2012-04-20,1642.0999755859375,1645.5999755859375,1640.9000244140625,1641.699951171875,54,52.13800048828125,27519.4,27584.77,27505.99,27526.1,0.0076789203824523256,78.77999999999884,Gold,GC=F,₹/10g,Precious metal
2012-04-23,1631.9000244140625,1642.4000244140625,1625.0999755859375,1642.4000244140625,226,52.06800079345703,27494.17,27494.17,27204.56,27318.4,-0.0075455658447799445,289.60999999999694,Gold,GC=F,₹/10g,Precious metal
2012-04-24,1643.0,1648.5999755859375,1634.4000244140625,1634.4000244140625,123,52.49800109863281,27586.2,27825.87,27586.2,27731.35,0.015116185428136308,239.66999999999825,Gold,GC=F,₹/10g,Precious metal
2012-04-25,1641.4000244140625,1643.800048828125,1626.9000244140625,1641.300048828125,82,52.67300033569336,27795.01,27837.34,27551.15,27796.7,0.0023565387188146936,286.1899999999987,Gold,GC=F,₹/10g,Precious metal
2012-04-26,1659.5999755859375,1659.5999755859375,1658.300048828125,1658.300048828125,280,52.53799819946289,28010.92,28032.88,28010.92,28032.88,0.008496692053373334,21.960000000002765,Gold,GC=F,₹/10g,Precious metal
2012-04-27,1664.0,1666.9000244140625,1654.0,1654.5,236,52.40299987792969,27874.92,28083.84,27866.5,28034.98,7.49120318710439e-05,217.34000000000015,Gold,GC=F,₹/10g,Precious metal
2012-04-30,1663.4000244140625,1665.699951171875,1653.0,1663.0,36,52.53799819946289,28090.31,28135.91,27921.4,28097.07,0.002214733165495364,214.5099999999984,Gold,GC=F,₹/10g,Precious metal
2012-05-01,1661.699951171875,1670.5,1661.699951171875,1665.0,25,52.65800094604492,28188.33,28281.44,28132.46,28132.46,0.0012595619400883606,148.97999999999956,Gold,GC=F,₹/10g,Precious metal
2012-05-02,1653.4000244140625,1659.199951171875,1648.300048828125,1659.199951171875,50,52.52999877929688,28021.85,28021.85,27837.77,27923.9,-0.007413500276904239,184.0799999999981,Gold,GC=F,₹/10g,Precious metal
2012-05-03,1634.199951171875,1652.199951171875,1631.300048828125,1651.199951171875,78,52.95800018310547,28113.96,28130.98,27775.13,27824.51,-0.0035593165711094166,355.84999999999854,Gold,GC=F,₹/10g,Precious metal
2012-05-04,1644.699951171875,1645.5999755859375,1629.4000244140625,1635.699951171875,68,53.40800094604492,28086.7,28256.69,27978.52,28241.24,0.014977083154384507,278.16999999999825,Gold,GC=F,₹/10g,Precious metal
2012-05-07,1638.5999755859375,1640.0,1632.5999755859375,1637.9000244140625,21,53.46799850463867,28156.07,28192.17,28064.96,28168.1,-0.002589829625044948,127.20999999999913,Gold,GC=F,₹/10g,Precious metal
2012-05-08,1604.0,1636.699951171875,1596.0,1636.699951171875,154,52.90299987792969,27838.13,27838.13,27145.88,27281.95,-0.031459345855772924,692.25,Gold,GC=F,₹/10g,Precious metal
2012-05-09,1593.699951171875,1595.300048828125,1586.300048828125,1595.300048828125,30,53.11800003051758,27244.25,27244.25,27090.55,27216.92,-0.00238362727004493,153.70000000000073,Gold,GC=F,₹/10g,Precious metal
2012-05-10,1595.0999755859375,1595.0999755859375,1592.4000244140625,1594.199951171875,6,53.81800079345703,27584.24,27599.82,27553.1,27599.82,0.014068454476112713,46.720000000001164,Gold,GC=F,₹/10g,Precious metal
2012-05-11,1583.5999755859375,1589.5999755859375,1583.5999755859375,1586.0999755859375,6,53.25299835205078,27155.97,27215.9,27113.17,27113.17,-0.01763236137047275,102.7300000000032,Gold,GC=F,₹/10g,Precious metal
2012-05-14,1560.5999755859375,1563.0999755859375,1555.5,1563.0,5,53.62799835205078,26948.92,26950.64,26819.6,26907.54,-0.00758413715548556,131.04000000000087,Gold,GC=F,₹/10g,Precious metal
2012-05-15,1556.800048828125,1558.300048828125,1542.4000244140625,1555.4000244140625,28,53.95800018310547,26982.9,27033.21,26757.38,27007.19,0.0037034229067389735,275.8299999999981,Gold,GC=F,₹/10g,Precious metal
2012-05-16,1536.199951171875,1541.4000244140625,1528.5,1541.4000244140625,26,53.78799819946289,26655.79,26655.79,26432.7,26565.86,-0.01634120395346561,223.09000000000015,Gold,GC=F,₹/10g,Precious metal
2012-05-17,1574.5,1579.0,1546.9000244140625,1546.9000244140625,51,54.48799896240234,27099.04,27661.37,27099.04,27582.54,0.03827017081321671,562.3299999999981,Gold,GC=F,₹/10g,Precious metal
2012-05-18,1591.5999755859375,1591.5999755859375,1568.199951171875,1573.699951171875,26,54.46799850463867,27558.41,27871.87,27462.09,27871.87,0.010489606830987874,409.77999999999884,Gold,GC=F,₹/10g,Precious metal
2012-05-21,1588.4000244140625,1594.0999755859375,1588.4000244140625,1591.9000244140625,32,54.417999267578125,27851.53,27890.02,27790.3,27790.3,-0.0029266066467732443,99.72000000000116,Gold,GC=F,₹/10g,Precious metal
2012-05-22,1576.300048828125,1578.0999755859375,1568.4000244140625,1575.699951171875,27,55.02799987792969,27877.13,27919.59,27747.98,27887.74,0.003506259378272425,171.61000000000058,Gold,GC=F,₹/10g,Precious metal
2012-05-23,1548.0999755859375,1548.0999755859375,1534.4000244140625,1538.199951171875,6,55.38800048828125,27391.71,27568.01,27324.05,27568.01,-0.01146489460960276,243.95999999999913,Gold,GC=F,₹/10g,Precious metal
2012-05-24,1557.300048828125,1569.4000244140625,1551.5,1559.0,23,55.99300003051758,28065.36,28252.58,27930.34,28034.76,0.016930855727344873,322.2400000000016,Gold,GC=F,₹/10g,Precious metal
2012-05-25,1568.800048828125,1568.800048828125,1557.300048828125,1558.199951171875,7,55.560001373291016,27834.04,28023.38,27817.96,28023.38,-0.00040592464497635206,205.4200000000019,Gold,GC=F,₹/10g,Precious metal
2012-05-29,1548.5999755859375,1582.5,1548.5999755859375,1574.699951171875,259050,55.36800003051758,28031.57,28170.42,27566.96,27566.96,-0.01628711454506926,603.4599999999991,Gold,GC=F,₹/10g,Precious metal
2012-05-30,1563.4000244140625,1569.0,1530.4000244140625,1553.9000244140625,79887,55.667999267578125,27811.18,28081.43,27390.59,27981.21,0.015027046870601524,690.8400000000001,Gold,GC=F,₹/10g,Precious metal
2012-05-31,1562.5999755859375,1572.5999755859375,1551.800048828125,1562.699951171875,5901,56.22800064086914,28250.03,28429.0,28052.99,28248.23,0.009542832493662834,376.0099999999984,Gold,GC=F,₹/10g,Precious metal
2012-06-01,1620.5,1630.0,1545.5,1560.0,2820,56.07799911499024,28125.99,29388.06,27864.56,29216.78,0.03428710400616253,1523.5,Gold,GC=F,₹/10g,Precious metal
2012-06-04,1612.199951171875,1627.9000244140625,1609.0,1623.0,2134,55.53799819946289,28980.07,29067.57,28730.09,28787.23,-0.014702167726902138,337.47999999999956,Gold,GC=F,₹/10g,Precious metal
2012-06-05,1615.199951171875,1622.699951171875,1612.9000244140625,1619.300048828125,604,55.64799880981445,28971.28,29032.1,28856.77,28897.92,0.003845107709216755,175.3299999999981,Gold,GC=F,₹/10g,Precious metal
2012-06-06,1632.800048828125,1639.699951171875,1616.5,1619.699951171875,419,55.63800048828125,28973.22,29330.98,28915.98,29207.56,0.010714958031581512,415.0,Gold,GC=F,₹/10g,Precious metal
2012-06-07,1586.5999755859375,1627.199951171875,1581.9000244140625,1622.5999755859375,1200,55.358001708984375,28879.03,28960.9,28154.65,28238.3,-0.03318524382043564,806.25,Gold,GC=F,₹/10g,Precious metal
2012-06-08,1590.0999755859375,1593.9000244140625,1566.5,1589.9000244140625,157,54.9379997253418,28082.35,28153.0,27669.03,28085.88,-0.005397633710244487,483.97000000000116,Gold,GC=F,₹/10g,Precious metal
2012-06-11,1595.5,1608.0,1583.0,1608.0,129,55.417999267578125,28650.2,28650.2,28204.77,28427.48,0.012162695276060287,445.4300000000003,Gold,GC=F,₹/10g,Precious metal
2012-06-12,1612.699951171875,1612.800048828125,1588.5,1594.0999755859375,523,55.65800094604492,28525.54,28860.17,28425.33,28858.38,0.015157868372434047,434.8399999999965,Gold,GC=F,₹/10g,Precious metal
2012-06-13,1618.0999755859375,1622.4000244140625,1608.199951171875,1608.199951171875,655,55.79800033569336,28850.24,29104.98,28850.24,29027.84,0.005872124492088515,254.73999999999796,Gold,GC=F,₹/10g,Precious metal
2012-06-14,1618.4000244140625,1626.4000244140625,1610.0999755859375,1621.199951171875,493,55.678001403808594,29020.91,29113.99,28822.21,28970.78,-0.0019656991357263065,291.7800000000025,Gold,GC=F,₹/10g,Precious metal
2012-06-15,1627.0,1630.0,1621.5,1624.300048828125,1015,55.79800033569336,29139.07,29241.32,29088.83,29187.5,0.0074806408388037315,152.48999999999796,Gold,GC=F,₹/10g,Precious metal
2012-06-18,1625.699951171875,1627.5999755859375,1615.0,1622.5999755859375,246,55.38800048828125,28894.68,28983.72,28759.34,28949.88,-0.008141156316916476,224.38000000000102,Gold,GC=F,₹/10g,Precious metal
2012-06-19,1622.199951171875,1630.699951171875,1622.0,1629.800048828125,32,55.90299987792969,29292.75,29308.93,29152.56,29156.15,0.007125072711873015,156.36999999999898,Gold,GC=F,₹/10g,Precious metal
2012-06-20,1614.800048828125,1618.300048828125,1601.300048828125,1618.300048828125,140,55.948001861572266,29109.47,29109.47,28803.68,29046.52,-0.003760098641281573,305.7900000000009,Gold,GC=F,₹/10g,Precious metal
2012-06-21,1564.5,1603.300048828125,1564.5,1603.199951171875,29,56.14799880981445,28940.95,28942.75,28242.33,28242.33,-0.027686277047990537,700.4199999999983,Gold,GC=F,₹/10g,Precious metal
2012-06-22,1566.0,1568.4000244140625,1560.0,1565.5,16,56.29800033569336,28335.88,28388.38,28236.33,28344.93,0.0036328447405011843,152.04999999999927,Gold,GC=F,₹/10g,Precious metal
2012-06-25,1587.5,1587.5,1571.0,1574.9000244140625,32,57.11800003051758,28921.23,29152.61,28849.61,29152.61,0.0284946902320804,303.0,Gold,GC=F,₹/10g,Precious metal
2012-06-26,1574.0,1583.5,1567.699951171875,1583.5,104,57.007999420166016,29023.15,29023.15,28733.56,28849.03,-0.010413475843157882,289.59000000000015,Gold,GC=F,₹/10g,Precious metal
2012-06-27,1577.5,1577.5,1563.0,1567.0,220,57.007999420166016,28720.73,28913.18,28647.42,28913.18,0.0022236449544403847,265.76000000000204,Gold,GC=F,₹/10g,Precious metal
2012-06-28,1549.699951171875,1573.699951171875,1548.4000244140625,1573.699951171875,133,56.84999847412109,28763.59,28763.59,28301.17,28324.93,-0.020345392654837702,462.4200000000019,Gold,GC=F,₹/10g,Precious metal
2012-06-29,1603.5,1603.5,1561.9000244140625,1562.5999755859375,61,56.79800033569336,28534.59,29281.46,28521.81,29281.46,0.03376989810742681,759.6499999999978,Gold,GC=F,₹/10g,Precious metal
2012-07-02,1597.199951171875,1598.300048828125,1589.699951171875,1597.0999755859375,35,55.50299835205078,28499.63,28521.05,28367.58,28501.42,-0.026639382052670912,153.46999999999753,Gold,GC=F,₹/10g,Precious metal
2012-07-03,1621.300048828125,1624.0,1603.800048828125,1603.800048828125,44,55.428001403808594,28580.52,28940.5,28580.52,28892.38,0.01371721128280634,359.97999999999956,Gold,GC=F,₹/10g,Precious metal
2012-07-05,1608.9000244140625,1619.199951171875,1598.0,1618.5,27,54.47800064086914,28348.14,28360.4,27989.08,28180.0,-0.024656328069892486,371.3199999999997,Gold,GC=F,₹/10g,Precious metal
2012-07-06,1578.4000244140625,1593.800048828125,1578.4000244140625,1592.300048828125,15,54.9379997253418,28124.74,28151.23,27879.22,27879.22,-0.010673527324343457,272.0099999999984,Gold,GC=F,₹/10g,Precious metal
2012-07-09,1588.5999755859375,1588.5999755859375,1580.9000244140625,1582.0999755859375,5,55.40299987792969,28181.1,28296.88,28159.73,28296.88,0.014981050402414375,137.15000000000146,Gold,GC=F,₹/10g,Precious metal
2012-07-10,1579.300048828125,1599.800048828125,1567.5999755859375,1599.199951171875,12,55.84299850463867,28711.92,28722.69,28144.58,28354.64,0.002041214437775496,578.109999999997,Gold,GC=F,₹/10g,Precious metal
2012-07-11,1575.199951171875,1579.5,1575.199951171875,1577.4000244140625,12,55.38800048828125,28089.78,28127.17,28050.6,28050.6,-0.010722760013881394,76.56999999999971,Gold,GC=F,₹/10g,Precious metal
2012-07-12,1564.9000244140625,1574.699951171875,1557.199951171875,1569.300048828125,44,55.61800003051758,28061.58,28158.14,27845.21,27982.9,-0.002413495611501948,312.9300000000003,Gold,GC=F,₹/10g,Precious metal
2012-07-13,1591.5999755859375,1594.0999755859375,1567.800048828125,1567.800048828125,26,55.928001403808594,28191.01,28663.92,28191.01,28618.97,0.022730667657748116,472.90999999999985,Gold,GC=F,₹/10g,Precious metal
2012-07-16,1591.199951171875,1591.199951171875,1585.800048828125,1586.199951171875,7,55.13800048828125,28118.99,28207.62,28111.9,28207.62,-0.014373333491736529,95.71999999999753,Gold,GC=F,₹/10g,Precious metal
2012-07-17,1589.0999755859375,1596.0,1576.300048828125,1596.0,27,55.04800033569336,28246.53,28246.53,27897.88,28124.42,-0.002949557601811148,348.6499999999978,Gold,GC=F,₹/10g,Precious metal
2012-07-18,1570.4000244140625,1583.699951171875,1569.9000244140625,1581.199951171875,30,55.09799957275391,28010.02,28054.3,27809.84,27818.7,-0.010870268613539347,244.45999999999913,Gold,GC=F,₹/10g,Precious metal
2012-07-19,1580.0999755859375,1586.9000244140625,1578.4000244140625,1580.0,60,55.3129997253418,28097.98,28220.68,28069.52,28099.75,0.010102916383583738,151.15999999999985,Gold,GC=F,₹/10g,Precious metal
2012-07-20,1582.5,1584.4000244140625,1576.0999755859375,1583.9000244140625,5,55.11800003051758,28068.03,28076.89,27929.81,28043.22,-0.002011761670477452,147.0799999999981,Gold,GC=F,₹/10g,Precious metal
2012-07-23,1577.0999755859375,1577.0999755859375,1569.800048828125,1571.699951171875,4,55.31800079345703,27952.9,28048.94,27919.11,28048.94,0.0002039708706773613,129.8299999999981,Gold,GC=F,₹/10g,Precious metal
2012-07-24,1576.0,1581.9000244140625,1574.0,1574.0,9,55.9630012512207,28320.21,28462.35,28320.21,28356.19,0.010954068139473305,142.13999999999942,Gold,GC=F,₹/10g,Precious metal
2012-07-25,1608.0,1608.0,1583.300048828125,1583.699951171875,12,56.108001708984375,28568.57,29006.92,28561.35,29006.92,0.022948428544173227,445.5699999999997,Gold,GC=F,₹/10g,Precious metal
2012-07-26,1615.0,1615.0,1614.0999755859375,1614.9000244140625,7,56.15800094604492,29157.35,29159.15,29142.9,29159.15,0.0052480580495966045,16.25,Gold,GC=F,₹/10g,Precious metal
2012-07-27,1617.9000244140625,1617.9000244140625,1613.4000244140625,1613.4000244140625,197976,55.51800155639648,28798.28,28878.61,28798.28,28878.61,-0.00962099375324732,80.33000000000175,Gold,GC=F,₹/10g,Precious metal
2012-07-30,1619.699951171875,1625.800048828125,1613.0999755859375,1622.9000244140625,52890,55.24800109863281,28826.98,28878.49,28652.9,28770.13,-0.0037564134838899976,225.59000000000015,Gold,GC=F,₹/10g,Precious metal
2012-07-31,1610.5,1627.5,1610.0,1621.0999755859375,6281,55.42300033569336,28886.21,29000.25,28688.42,28697.33,-0.002530402191439518,311.83000000000175,Gold,GC=F,₹/10g,Precious metal
2012-08-01,1603.699951171875,1617.199951171875,1592.0,1613.4000244140625,3530,55.64799880981445,28865.72,28933.7,28482.84,28692.17,-0.0001798076685184391,450.8600000000006,Gold,GC=F,₹/10g,Precious metal
2012-08-02,1587.4000244140625,1615.0,1583.0999755859375,1600.0,933,55.46799850463867,28533.38,28800.88,28232.0,28308.68,-0.013365667358028244,568.880000000001,Gold,GC=F,₹/10g,Precious metal
2012-08-03,1606.0,1606.0,1585.0999755859375,1589.300048828125,676,55.8380012512207,28531.62,28831.43,28456.22,28831.43,0.018466067651335294,375.2099999999991,Gold,GC=F,₹/10g,Precious metal
2012-08-06,1612.9000244140625,1614.0999755859375,1603.199951171875,1604.699951171875,662,55.74800109863281,28761.66,28930.14,28734.77,28908.63,0.0026776334021587633,195.36999999999898,Gold,GC=F,₹/10g,Precious metal
2012-08-07,1609.699951171875,1615.699951171875,1609.300048828125,1610.800048828125,449,55.51800155639648,28751.88,28839.34,28725.1,28732.24,-0.006101638161337908,114.2400000000016,Gold,GC=F,₹/10g,Precious metal
2012-08-08,1612.9000244140625,1614.800048828125,1603.0,1610.199951171875,341,55.0629997253418,28505.61,28587.05,28378.15,28553.41,-0.00622401873296341,208.89999999999782,Gold,GC=F,₹/10g,Precious metal
2012-08-09,1617.0999755859375,1617.199951171875,1610.0999755859375,1612.800048828125,433,55.417999267578125,28735.72,28814.12,28687.61,28812.33,0.009067918682917453,126.5099999999984,Gold,GC=F,₹/10g,Precious metal
2012-08-10,1619.699951171875,1624.0999755859375,1605.0,1615.800048828125,1219,55.26800155639648,28711.25,28858.73,28519.34,28780.55,-0.0011030000003471319,339.3899999999994,Gold,GC=F,₹/10g,Precious metal
2012-08-13,1609.5999755859375,1623.699951171875,1607.300048828125,1622.0,402,55.27799987792969,28826.63,28856.84,28565.38,28606.26,-0.0060558258963084866,291.4599999999991,Gold,GC=F,₹/10g,Precious metal
2012-08-14,1599.4000244140625,1615.5999755859375,1591.199951171875,1612.800048828125,910,55.3380012512207,28694.24,28744.06,28309.94,28455.83,-0.005258639192959769,434.1200000000026,Gold,GC=F,₹/10g,Precious metal
2012-08-15,1603.699951171875,1604.5999755859375,1592.0,1593.800048828125,280,55.64799880981445,28515.05,28708.27,28482.84,28692.17,0.008305503652502821,225.4300000000003,Gold,GC=F,₹/10g,Precious metal
2012-08-16,1616.0999755859375,1616.0999755859375,1600.199951171875,1600.199951171875,199,55.64799880981445,28629.55,28914.02,28629.55,28914.02,0.007732074639178688,284.47000000000116,Gold,GC=F,₹/10g,Precious metal
2012-08-17,1616.300048828125,1617.800048828125,1611.4000244140625,1617.800048828125,249,55.61800003051758,28928.84,28928.84,28814.39,28902.01,-0.0004153694297783783,114.45000000000073,Gold,GC=F,₹/10g,Precious metal
2012-08-20,1620.0999755859375,1621.4000244140625,1611.5999755859375,1614.0,68,55.72800064086914,28917.97,29050.55,28874.96,29027.26,0.00433360863137211,175.59000000000015,Gold,GC=F,₹/10g,Precious metal
2012-08-21,1639.9000244140625,1639.9000244140625,1620.0,1620.0,258,55.49800109863281,28905.67,29260.75,28905.67,29260.75,0.008043818121310942,355.08000000000175,Gold,GC=F,₹/10g,Precious metal
2012-08-22,1637.4000244140625,1653.0999755859375,1635.0,1638.4000244140625,37,55.36299896240234,29162.87,29424.53,29102.35,29145.07,-0.003953418828977373,322.1800000000003,Gold,GC=F,₹/10g,Precious metal
2012-08-23,1669.5999755859375,1672.699951171875,1658.0,1659.9000244140625,141,55.49300003051758,29614.94,29843.31,29581.04,29788.0,0.0220596485100224,262.27000000000044,Gold,GC=F,₹/10g,Precious metal
2012-08-24,1669.800048828125,1669.800048828125,1662.199951171875,1665.800048828125,24,55.257999420166016,29594.35,29665.41,29530.39,29665.41,-0.004115415603598738,135.02000000000044,Gold,GC=F,₹/10g,Precious metal
2012-08-27,1672.4000244140625,1674.9000244140625,1663.9000244140625,1674.9000244140625,42,55.49800109863281,29885.26,29885.26,29688.98,29840.65,0.0059072165191718096,196.27999999999884,Gold,GC=F,₹/10g,Precious metal
2012-08-28,1666.5,1671.0,1659.199951171875,1659.9000244140625,51,55.6879997253418,29719.01,29917.74,29706.47,29837.17,-0.00011661944361140986,211.27000000000044,Gold,GC=F,₹/10g,Precious metal
2012-08-29,1659.800048828125,1667.300048828125,1659.800048828125,1667.199951171875,403,55.66299819946289,29836.3,29838.1,29703.87,29703.87,-0.00446758187857621,134.22999999999956,Gold,GC=F,₹/10g,Precious metal
2012-08-30,1653.5,1662.0,1650.699951171875,1655.4000244140625,418,55.62300109863281,29603.84,29721.87,29519.79,29569.87,-0.004511196689185648,202.0799999999981,Gold,GC=F,₹/10g,Precious metal
2012-08-31,1684.5999755859375,1690.0,1646.199951171875,1658.5999755859375,58,55.62799835205078,29663.73,30225.32,29441.96,30128.74,0.01889998163671347,783.3600000000006,Gold,GC=F,₹/10g,Precious metal
2012-09-04,1692.9000244140625,1698.0,1687.699951171875,1689.0999755859375,43,55.52799987792969,30154.92,30313.81,30129.92,30222.76,0.00312060842902806,183.89000000000306,Gold,GC=F,₹/10g,Precious metal
2012-09-05,1690.800048828125,1693.300048828125,1690.4000244140625,1690.4000244140625,82,55.64799880981445,30243.34,30295.23,30243.34,30250.5,0.0009178513147045653,51.88999999999942,Gold,GC=F,₹/10g,Precious metal
2012-09-06,1702.5999755859375,1712.4000244140625,1696.4000244140625,1696.4000244140625,39,55.90299987792969,30489.77,30777.34,30489.77,30601.2,0.011593196806664485,287.5699999999997,Gold,GC=F,₹/10g,Precious metal
2012-09-07,1737.5,1738.199951171875,1696.699951171875,1696.699951171875,109,55.65800094604492,30361.51,31104.13,30361.51,31091.61,0.016025842123838174,742.6200000000026,Gold,GC=F,₹/10g,Precious metal
2012-09-10,1728.699951171875,1733.5,1727.199951171875,1733.0999755859375,14,55.358001708984375,30845.71,30852.83,30740.7,30767.4,-0.010427571939825575,112.13000000000102,Gold,GC=F,₹/10g,Precious metal
2012-09-11,1731.800048828125,1736.0,1731.800048828125,1736.0,2,55.4379997253418,30941.97,30941.97,30867.11,30867.11,0.0032407678256856087,74.86000000000058,Gold,GC=F,₹/10g,Precious metal
2012-09-12,1730.5999755859375,1742.300048828125,1730.5,1742.199951171875,15,55.3380012512207,30996.47,30998.25,30788.31,30790.09,-0.0024952125417637694,209.9399999999987,Gold,GC=F,₹/10g,Precious metal
2012-09-13,1769.0999755859375,1769.0999755859375,1728.699951171875,1728.699951171875,33,55.20800018310547,30684.03,31401.12,30684.03,31401.12,0.01984502156375645,717.0900000000001,Gold,GC=F,₹/10g,Precious metal
2012-09-14,1769.800048828125,1774.5,1766.0,1771.0,25,55.417999267578125,31554.42,31616.78,31465.33,31533.04,0.004201124036340209,151.4499999999971,Gold,GC=F,₹/10g,Precious metal
2012-09-17,1767.699951171875,1774.800048828125,1753.800048828125,1774.800048828125,54,54.29800033569336,30983.04,30983.04,30616.44,30859.09,-0.021372820381415858,366.6000000000022,Gold,GC=F,₹/10g,Precious metal
2012-09-18,1768.4000244140625,1768.4000244140625,1766.300048828125,1766.300048828125,13,54.007999420166016,30669.97,30706.43,30669.97,30706.43,-0.004947002649786536,36.45999999999913,Gold,GC=F,₹/10g,Precious metal
2012-09-19,1769.0,1778.5,1768.0,1776.0,27,54.01800155639648,30844.11,30887.53,30705.17,30722.54,0.0005246458152250444,182.36000000000058,Gold,GC=F,₹/10g,Precious metal
2012-09-20,1767.699951171875,1771.300048828125,1760.5999755859375,1769.0999755859375,17,54.01800155639648,30724.27,30762.48,30576.65,30699.96,-0.0007349652730536116,185.8299999999981,Gold,GC=F,₹/10g,Precious metal
2012-09-21,1775.5,1785.300048828125,1772.300048828125,1785.300048828125,10,54.257999420166016,31143.38,31143.38,30916.6,30972.42,0.008874930130202019,226.78000000000247,Gold,GC=F,₹/10g,Precious metal
2012-09-24,1762.0999755859375,1762.0999755859375,1762.0999755859375,1762.0999755859375,4,53.358001708984375,30228.8,30228.8,30228.8,30228.8,-0.02400910229165165,0.0,Gold,GC=F,₹/10g,Precious metal
2012-09-25,1763.800048828125,1772.699951171875,1763.800048828125,1772.5999755859375,5,53.46799850463867,30471.61,30473.33,30320.34,30320.34,0.003028237971735681,152.9900000000016,Gold,GC=F,₹/10g,Precious metal
2012-09-26,1750.5999755859375,1764.199951171875,1743.0,1762.800048828125,15237,53.358001708984375,30240.81,30264.82,29901.14,30031.51,-0.00952594858764777,363.6800000000003,Gold,GC=F,₹/10g,Precious metal
2012-09-27,1777.5999755859375,1780.199951171875,1750.699951171875,1752.5999755859375,6989,53.507999420166016,30150.34,30625.15,30117.66,30580.42,0.018277802215073358,507.4900000000016,Gold,GC=F,₹/10g,Precious metal
2012-09-28,1771.0999755859375,1782.199951171875,1767.5,1776.800048828125,2839,53.007999420166016,30281.03,30373.06,30122.54,30183.89,-0.01296679378504284,250.52000000000044,Gold,GC=F,₹/10g,Precious metal
2012-10-01,1780.5,1791.0,1763.300048828125,1766.0,816,52.84799957275391,30006.13,30430.91,29960.26,30252.5,0.0022730668578503366,470.65000000000146,Gold,GC=F,₹/10g,Precious metal
2012-10-02,1772.699951171875,1779.300048828125,1772.699951171875,1777.9000244140625,94,52.39799880981445,29951.1,29974.69,29863.5,29863.5,-0.012858441451119695,111.18999999999869,Gold,GC=F,₹/10g,Precious metal
2012-10-03,1777.300048828125,1779.9000244140625,1771.9000244140625,1772.199951171875,134,52.39799880981445,29855.07,29984.79,29850.02,29940.99,0.002594806368978908,134.77000000000044,Gold,GC=F,₹/10g,Precious metal
2012-10-04,1794.0999755859375,1794.800048828125,1783.5,1783.5,199,52.15299987792969,29904.95,30094.43,29904.95,30082.69,0.004732642441014789,189.47999999999956,Gold,GC=F,₹/10g,Precious metal
2012-10-05,1778.5999755859375,1792.199951171875,1776.5999755859375,1792.199951171875,257,51.73799896240234,29811.71,29811.71,29552.21,29585.48,-0.01652810968699936,259.5,Gold,GC=F,₹/10g,Precious metal
2012-10-08,1773.5,1778.0,1766.800048828125,1778.0,33,51.90800094604492,29672.68,29672.68,29485.77,29597.58,0.0004089844072161508,186.90999999999985,Gold,GC=F,₹/10g,Precious metal
2012-10-09,1763.0,1776.699951171875,1762.300048828125,1776.699951171875,24,52.63800048828125,30067.98,30067.98,29824.28,29836.13,0.008059780563140606,243.70000000000073,Gold,GC=F,₹/10g,Precious metal
2012-10-10,1763.199951171875,1764.199951171875,1758.0999755859375,1762.4000244140625,29,52.71799850463867,29871.3,29901.81,29798.42,29884.86,0.0016332547150048615,103.39000000000306,Gold,GC=F,₹/10g,Precious metal
2012-10-11,1768.800048828125,1771.0,1761.5999755859375,1761.5999755859375,30,53.042999267578125,30041.81,30202.12,30041.81,30164.6,0.009360592621146635,160.30999999999767,Gold,GC=F,₹/10g,Precious metal
2012-10-12,1758.0,1769.5,1753.5999755859375,1769.5,84,52.667999267578125,29963.2,29963.2,29693.96,29768.46,-0.013132612399965549,269.2400000000016,Gold,GC=F,₹/10g,Precious metal
2012-10-15,1736.0,1750.0,1729.9000244140625,1750.0,108,52.803001403808594,29708.96,29708.96,29367.73,29471.28,-0.009983049173521219,341.22999999999956,Gold,GC=F,₹/10g,Precious metal
2012-10-16,1744.699951171875,1744.699951171875,1736.5999755859375,1736.699951171875,15,53.01300048828125,29600.42,29736.78,29598.72,29736.78,0.00900877057257099,138.05999999999767,Gold,GC=F,₹/10g,Precious metal
2012-10-17,1751.5,1751.5,1746.0,1749.4000244140625,36,52.86800003051758,29735.33,29771.02,29677.54,29771.02,0.0011514360330877604,93.47999999999956,Gold,GC=F,₹/10g,Precious metal
2012-10-18,1743.300048828125,1749.0999755859375,1740.5,1749.0999755859375,27,52.86800003051758,29730.23,29730.23,29584.05,29631.65,-0.004681398218804644,146.1800000000003,Gold,GC=F,₹/10g,Precious metal
2012-10-19,1722.800048828125,1741.0999755859375,1721.0,1741.0999755859375,70,53.40800094604492,29896.53,29896.53,29551.39,29582.3,-0.0016654489372006642,345.1399999999994,Gold,GC=F,₹/10g,Precious metal
2012-10-22,1725.0999755859375,1728.300048828125,1715.0,1715.0,12,53.8380012512207,29685.46,29915.68,29685.46,29860.28,0.00939683526973889,230.22000000000116,Gold,GC=F,₹/10g,Precious metal
2012-10-23,1708.300048828125,1726.5999755859375,1708.300048828125,1726.5999755859375,75,53.46799850463867,29680.85,29680.85,29366.27,29366.27,-0.016544051160940154,314.5799999999981,Gold,GC=F,₹/10g,Precious metal
2012-10-24,1700.5,1708.5,1698.5999755859375,1708.4000244140625,27,53.71799850463867,29505.31,29507.03,29336.05,29368.87,8.853695072597034e-05,170.97999999999956,Gold,GC=F,₹/10g,Precious metal
2012-10-25,1712.0,1716.699951171875,1711.699951171875,1711.699951171875,33,53.733001708984375,29570.56,29656.93,29570.56,29575.74,0.007043852895940672,86.36999999999898,Gold,GC=F,₹/10g,Precious metal
2012-10-26,1710.9000244140625,1716.199951171875,1706.0999755859375,1706.0999755859375,77,53.54800033569336,29372.33,29546.22,29372.33,29454.97,-0.004083414311865097,173.88999999999942,Gold,GC=F,₹/10g,Precious metal
2012-10-31,1717.5,1724.5,1714.4000244140625,1714.4000244140625,64,53.95800018310547,29741.22,29916.43,29741.22,29795.0,0.01154406200379765,175.20999999999913,Gold,GC=F,₹/10g,Precious metal
2012-11-01,1714.0999755859375,1725.0999755859375,1714.0999755859375,1722.300048828125,24,53.87799835205078,29833.97,29882.47,29691.92,29691.92,-0.0034596408793422517,190.5500000000029,Gold,GC=F,₹/10g,Precious metal
2012-11-02,1674.0999755859375,1711.300048828125,1674.0999755859375,1711.300048828125,50,53.65299987792969,29519.63,29519.63,28877.94,28877.94,-0.027414192143855987,641.6900000000023,Gold,GC=F,₹/10g,Precious metal
2012-11-05,1682.199951171875,1683.0999755859375,1674.300048828125,1682.800048828125,7,53.80799865722656,29111.87,29117.06,28964.82,29101.49,0.007741203146761855,152.2400000000016,Gold,GC=F,₹/10g,Precious metal
2012-11-06,1714.0999755859375,1718.0,1690.0999755859375,1690.0999755859375,47,54.5880012512207,29661.99,30151.65,29661.99,30083.2,0.03373401155748379,489.65999999999985,Gold,GC=F,₹/10g,Precious metal
2012-11-07,1713.199951171875,1726.5,1703.699951171875,1707.699951171875,42,54.417999267578125,29877.54,30206.46,29807.56,29973.77,-0.0036375784491011753,398.8999999999978,Gold,GC=F,₹/10g,Precious metal
2012-11-08,1725.4000244140625,1725.4000244140625,1714.199951171875,1715.9000244140625,34,54.198001861572266,29899.64,30065.18,29870.02,30065.18,0.003049666425011033,195.15999999999985,Gold,GC=F,₹/10g,Precious metal
2012-11-09,1730.300048828125,1734.0999755859375,1727.5999755859375,1733.699951171875,6,54.358001708984375,30298.99,30305.98,30192.38,30239.57,0.005800397669330382,113.59999999999854,Gold,GC=F,₹/10g,Precious metal
2012-11-12,1730.300048828125,1733.4000244140625,1730.300048828125,1733.199951171875,6,54.5880012512207,30418.42,30421.93,30367.52,30367.52,0.004231210959679599,54.409999999999854,Gold,GC=F,₹/10g,Precious metal
2012-11-13,1724.199951171875,1728.199951171875,1718.5,1721.5999755859375,12,54.87799835205078,30375.35,30491.79,30320.65,30421.22,0.001768336696575945,171.13999999999942,Gold,GC=F,₹/10g,Precious metal
2012-11-14,1729.5,1729.5,1722.0,1722.0,11,54.87799835205078,30382.4,30514.73,30382.4,30514.73,0.003073841220043061,132.3299999999981,Gold,GC=F,₹/10g,Precious metal
2012-11-15,1713.300048828125,1724.9000244140625,1706.300048828125,1724.9000244140625,10,54.803001403808594,30391.98,30391.98,30064.26,30187.59,-0.01072072405687352,327.72000000000116,Gold,GC=F,₹/10g,Precious metal
2012-11-16,1714.300048828125,1714.300048828125,1706.9000244140625,1710.0,16,54.698001861572266,30071.72,30147.34,30017.21,30147.34,-0.0013333293581898609,130.13000000000102,Gold,GC=F,₹/10g,Precious metal
2012-11-19,1734.0,1734.0,1721.800048828125,1721.800048828125,4,55.15800094604492,30533.88,30750.23,30533.88,30750.23,0.01999811592001155,216.34999999999854,Gold,GC=F,₹/10g,Precious metal
2012-11-20,1723.199951171875,1731.0999755859375,1722.5,1730.5999755859375,21,55.05799865722656,30634.29,30643.14,30490.91,30503.3,-0.00803018383927534,152.22999999999956,Gold,GC=F,₹/10g,Precious metal
2012-11-21,1727.9000244140625,1727.9000244140625,1725.800048828125,1725.800048828125,23,55.09799957275391,30571.52,30608.72,30571.52,30608.72,0.0034560195126429605,37.20000000000073,Gold,GC=F,₹/10g,Precious metal
2012-11-23,1751.300048828125,1751.300048828125,1735.0,1735.0,8,55.20800018310547,30795.85,31085.17,30795.85,31085.17,0.015565825686274959,289.3199999999997,Gold,GC=F,₹/10g,Precious metal
2012-11-26,1749.5,1750.5,1749.4000244140625,1750.300048828125,24,55.44300079345703,31199.67,31203.23,31183.62,31185.41,0.0032246888146341135,19.610000000000582,Gold,GC=F,₹/10g,Precious metal
2012-11-27,1742.199951171875,1746.4000244140625,1742.199951171875,1746.4000244140625,7,55.63600158691406,31238.51,31238.51,31163.39,31163.39,-0.0007060994227749973,75.11999999999898,Gold,GC=F,₹/10g,Precious metal
2012-11-28,1716.5,1739.800048828125,1716.5,1739.800048828125,276136,55.448001861572266,31015.3,31015.3,30599.93,30599.93,-0.0180808313858023,415.369999999999,Gold,GC=F,₹/10g,Precious metal
2012-11-29,1727.199951171875,1729.0,1717.699951171875,1719.5999755859375,65599,55.70299911499024,30796.17,30964.52,30762.15,30932.28,0.010861135956846901,202.36999999999898,Gold,GC=F,₹/10g,Precious metal
2012-11-30,1710.9000244140625,1731.199951171875,1708.4000244140625,1725.199951171875,3690,54.8380012512207,30416.68,30522.46,30120.48,30164.56,-0.024819379625426796,401.97999999999956,Gold,GC=F,₹/10g,Precious metal
2012-12-03,1719.5999755859375,1721.9000244140625,1714.5,1714.9000244140625,1238,54.257999420166016,29915.3,30037.41,29908.32,29997.28,-0.00554558064165378,129.09000000000015,Gold,GC=F,₹/10g,Precious metal
2012-12-04,1694.4000244140625,1716.800048828125,1691.5999755859375,1716.300048828125,1428,54.76800155639648,30221.14,30229.94,29786.21,29835.52,-0.005392488918995242,443.72999999999956,Gold,GC=F,₹/10g,Precious metal
2012-12-05,1692.4000244140625,1706.0,1685.0,1697.0999755859375,1262,54.67300033569336,29831.22,29987.67,29618.53,29748.61,-0.0029129708481702155,369.1399999999994,Gold,GC=F,₹/10g,Precious metal
2012-12-06,1700.300048828125,1702.0999755859375,1686.4000244140625,1694.300048828125,525,54.53799819946289,29708.47,29845.23,29569.95,29813.67,0.0021869929384934483,275.27999999999884,Gold,GC=F,₹/10g,Precious metal
2012-12-07,1704.0,1704.5,1684.0,1701.199951171875,169,54.132999420166016,29607.94,29665.37,29308.59,29656.67,-0.005266040712196829,356.77999999999884,Gold,GC=F,₹/10g,Precious metal
2012-12-10,1713.0,1717.0,1704.199951171875,1704.199951171875,88,54.3380012512207,29772.48,29996.09,29772.48,29926.21,0.009088680556515571,223.61000000000058,Gold,GC=F,₹/10g,Precious metal
2012-12-11,1708.199951171875,1714.0999755859375,1705.9000244140625,1710.0,88,54.48799896240234,29956.27,30028.09,29884.44,29924.73,-4.9454976089546854e-05,143.65000000000146,Gold,GC=F,₹/10g,Precious metal
2012-12-12,1716.5999755859375,1722.300048828125,1708.0,1710.0999755859375,195,54.257999420166016,29831.56,30044.39,29794.93,29944.95,0.0006756953195568016,249.45999999999913,Gold,GC=F,₹/10g,Precious metal
2012-12-13,1695.5999755859375,1707.199951171875,1689.9000244140625,1707.199951171875,240,54.31800079345703,29813.91,29813.91,29511.79,29611.33,-0.011141110604626081,302.119999999999,Gold,GC=F,₹/10g,Precious metal
2012-12-14,1695.800048828125,1699.199951171875,1694.4000244140625,1698.300048828125,72,54.45800018310547,29734.93,29750.68,29666.64,29691.15,0.0026955898299738656,84.04000000000087,Gold,GC=F,₹/10g,Precious metal
2012-12-17,1697.0,1698.5,1689.5,1690.5,65,54.4379997253418,29587.49,29727.5,29569.98,29701.25,0.00034016870346875727,157.52000000000044,Gold,GC=F,₹/10g,Precious metal
2012-12-18,1669.5,1702.800048828125,1661.0,1701.4000244140625,501,54.84799957275391,30002.54,30027.22,29290.12,29440.01,-0.008795589411220162,737.1000000000022,Gold,GC=F,₹/10g,Precious metal
2012-12-19,1666.5,1676.0,1664.5999755859375,1675.300048828125,76,54.84799957275391,29542.29,29554.63,29353.6,29387.11,-0.001796874389648595,201.03000000000247,Gold,GC=F,₹/10g,Precious metal
2012-12-20,1644.9000244140625,1671.0,1637.5999755859375,1667.9000244140625,158,54.54800033569336,29250.92,29305.29,28719.53,28847.56,-0.018360090529487172,585.760000000002,Gold,GC=F,₹/10g,Precious metal
2012-12-21,1659.0999755859375,1659.0999755859375,1635.800048828125,1648.0,78,54.84799957275391,29060.88,29256.62,28845.74,29256.62,0.01418005543623102,410.8799999999974,Gold,GC=F,₹/10g,Precious metal
2012-12-24,1658.5999755859375,1663.800048828125,1654.9000244140625,1657.699951171875,73,55.05799865722656,29343.85,29451.83,29294.29,29359.78,0.003526039576683848,157.54000000000087,Gold,GC=F,₹/10g,Precious metal
2012-12-26,1659.800048828125,1666.699951171875,1654.5,1654.5,73,55.007999420166016,29260.61,29476.37,29260.61,29354.34,-0.00018528749193624794,215.7599999999984,Gold,GC=F,₹/10g,Precious metal
2012-12-27,1662.5999755859375,1662.5999755859375,1656.199951171875,1656.199951171875,446,54.8380012512207,29200.15,29312.99,29200.15,29312.99,-0.001408650305201875,112.84000000000015,Gold,GC=F,₹/10g,Precious metal
2012-12-28,1654.9000244140625,1664.0,1653.699951171875,1664.0,197,54.94200134277344,29393.31,29393.31,29211.37,29232.57,-0.0027434935842437502,181.94000000000233,Gold,GC=F,₹/10g,Precious metal
2012-12-31,1674.800048828125,1677.0999755859375,1655.4000244140625,1655.4000244140625,89,54.75299835205078,29140.81,29522.8,29140.81,29482.32,0.008543552619560968,381.98999999999796,Gold,GC=F,₹/10g,Precious metal
2013-01-02,1687.9000244140625,1693.800048828125,1670.0,1672.800048828125,35,54.678001403808594,29406.78,29775.94,29357.55,29672.22,0.006441148457787538,418.3899999999994,Gold,GC=F,₹/10g,Precious metal
2013-01-03,1673.699951171875,1686.800048828125,1662.0,1686.0999755859375,140,54.34799957275391,29461.69,29473.92,29040.58,29245.02,-0.01439730495392666,433.3399999999965,Gold,GC=F,₹/10g,Precious metal
2013-01-04,1648.0999755859375,1658.300048828125,1625.699951171875,1647.0,199,54.49800109863281,28857.91,29055.91,28484.7,28877.19,-0.012577526019814766,571.2099999999991,Gold,GC=F,₹/10g,Precious metal
2013-01-07,1645.5,1659.9000244140625,1643.800048828125,1656.5,49,54.880001068115234,29227.81,29287.8,29003.73,29033.72,0.005420541264576029,284.0699999999997,Gold,GC=F,₹/10g,Precious metal
2013-01-08,1661.5,1661.5,1647.699951171875,1647.699951171875,17,55.21799850463867,29251.59,29496.59,29251.59,29496.59,0.01594249720669616,245.0,Gold,GC=F,₹/10g,Precious metal
2013-01-09,1654.800048828125,1662.0999755859375,1651.9000244140625,1658.5999755859375,9,54.98799896240234,29322.45,29384.33,29204.0,29255.27,-0.008181284684093959,180.33000000000175,Gold,GC=F,₹/10g,Precious metal
2013-01-10,1677.300048828125,1677.300048828125,1672.5,1672.5,9,54.74800109863281,29439.14,29523.63,29439.14,29523.63,0.009173048137993689,84.4900000000016,Gold,GC=F,₹/10g,Precious metal
2013-01-11,1660.0,1673.0999755859375,1654.199951171875,1673.0999755859375,147,54.55799865722656,29347.5,29347.5,29015.98,29117.71,-0.013748986828516774,331.52000000000044,Gold,GC=F,₹/10g,Precious metal
2013-01-14,1668.9000244140625,1673.800048828125,1664.0999755859375,1665.4000244140625,10,54.86800003051758,29378.42,29526.6,29355.49,29440.16,0.011074016466267489,171.10999999999694,Gold,GC=F,₹/10g,Precious metal
2013-01-15,1683.4000244140625,1684.300048828125,1671.5999755859375,1671.5999755859375,20,54.49300003051758,29286.25,29508.76,29286.25,29492.99,0.0017944875299591434,222.5099999999984,Gold,GC=F,₹/10g,Precious metal
2013-01-16,1682.699951171875,1682.699951171875,1674.4000244140625,1674.4000244140625,11,54.61299896240234,29399.91,29545.64,29399.91,29545.64,0.0017851699675075494,145.72999999999956,Gold,GC=F,₹/10g,Precious metal
2013-01-17,1690.4000244140625,1694.5999755859375,1671.0,1676.4000244140625,81,54.6879997253418,29475.45,29795.45,29380.5,29721.61,0.0059558703077680075,414.9500000000007,Gold,GC=F,₹/10g,Precious metal
2013-01-18,1686.5999755859375,1692.0,1686.5999755859375,1687.4000244140625,14,54.34799957275391,29484.4,29564.78,29470.42,29470.42,-0.008451426420035824,94.36000000000058,Gold,GC=F,₹/10g,Precious metal
2013-01-22,1692.800048828125,1694.699951171875,1687.800048828125,1690.300048828125,15,53.76800155639648,29219.88,29295.94,29176.66,29263.1,-0.007034850538268578,119.27999999999884,Gold,GC=F,₹/10g,Precious metal
2013-01-23,1686.300048828125,1693.699951171875,1685.199951171875,1691.300048828125,28,53.80799865722656,29258.92,29300.43,29153.39,29172.42,-0.003098783109103276,147.04000000000087,Gold,GC=F,₹/10g,Precious metal
2013-01-24,1669.5,1681.699951171875,1668.0,1680.800048828125,13,53.667999267578125,29001.62,29017.14,28780.76,28806.64,-0.012538555251843997,236.38000000000102,Gold,GC=F,₹/10g,Precious metal
2013-01-25,1656.4000244140625,1663.0,1656.4000244140625,1663.0,44,53.678001403808594,28699.83,28699.83,28585.93,28585.93,-0.007661775201828425,113.90000000000146,Gold,GC=F,₹/10g,Precious metal
2013-01-28,1652.4000244140625,1655.5,1651.5999755859375,1651.5999755859375,82,53.792999267578125,28564.15,28631.6,28564.15,28577.99,-0.00027775902340765324,67.44999999999709,Gold,GC=F,₹/10g,Precious metal
2013-01-29,1660.699951171875,1661.5,1660.699951171875,1661.199951171875,145863,53.90800094604492,28791.6,28796.81,28782.94,28782.94,0.007171603041361552,13.87000000000262,Gold,GC=F,₹/10g,Precious metal
2013-01-30,1679.9000244140625,1683.0,1661.800048828125,1662.4000244140625,44893,53.757999420166016,28732.23,29088.27,28721.86,29034.7,0.00874684795924252,366.40999999999985,Gold,GC=F,₹/10g,Precious metal
2013-01-31,1660.5999755859375,1680.0,1657.4000244140625,1675.4000244140625,6044,53.303001403808594,28711.83,28790.66,28403.36,28458.2,-0.019855552149669164,387.2999999999993,Gold,GC=F,₹/10g,Precious metal
2013-02-01,1669.4000244140625,1681.199951171875,1659.9000244140625,1663.9000244140625,3250,53.2130012512207,28466.61,28762.58,28398.17,28560.7,0.0036017738296869606,364.4100000000035,Gold,GC=F,₹/10g,Precious metal
2013-02-04,1675.300048828125,1676.5,1661.5999755859375,1668.0,450,53.16299819946289,28509.94,28655.22,28400.55,28634.71,0.002591323041802207,254.6700000000019,Gold,GC=F,₹/10g,Precious metal
2013-02-05,1672.4000244140625,1683.4000244140625,1666.5,1674.199951171875,353,53.28300094604492,28680.5,28838.11,28548.59,28649.67,0.000522442867415096,289.52000000000044,Gold,GC=F,₹/10g,Precious metal
2013-02-06,1677.699951171875,1678.5,1668.0,1672.199951171875,376,53.132999420166016,28565.6,28673.22,28493.85,28659.55,0.00034485563009978293,179.37000000000262,Gold,GC=F,₹/10g,Precious metal
2013-02-07,1670.4000244140625,1682.0999755859375,1663.0999755859375,1677.0,475,53.15299987792969,28658.38,28745.53,28420.84,28545.59,-0.00397633598573599,324.6899999999987,Gold,GC=F,₹/10g,Precious metal
2013-02-08,1666.0,1672.5,1664.800048828125,1671.5,289,53.21799850463867,28599.32,28616.43,28484.68,28505.21,-0.0014145792747671804,131.75,Gold,GC=F,₹/10g,Precious metal
2013-02-11,1648.199951171875,1668.0,1643.699951171875,1666.5,868,53.5880012512207,28712.01,28737.85,28319.19,28396.72,-0.0038059709084760085,418.65999999999985,Gold,GC=F,₹/10g,Precious metal
2013-02-12,1648.699951171875,1650.4000244140625,1642.4000244140625,1643.800048828125,85,53.95800018310547,28516.46,28630.95,28492.17,28601.46,0.007209987632374348,138.78000000000247,Gold,GC=F,₹/10g,Precious metal
2013-02-13,1644.199951171875,1652.300048828125,1640.199951171875,1652.199951171875,236,53.84799957275391,28603.75,28605.48,28396.0,28465.25,-0.004762344299906296,209.47999999999956,Gold,GC=F,₹/10g,Precious metal
2013-02-14,1634.699951171875,1646.9000244140625,1632.699951171875,1641.0999755859375,219,53.81800079345703,28395.75,28496.11,28250.41,28285.01,-0.00633193103872276,245.70000000000073,Gold,GC=F,₹/10g,Precious metal
2013-02-15,1608.800048828125,1633.9000244140625,1599.5,1633.199951171875,460,53.917999267578125,28311.56,28323.7,27727.37,27888.59,-0.014015197449108174,596.3300000000017,Gold,GC=F,₹/10g,Precious metal
2013-02-19,1603.5999755859375,1617.0,1599.699951171875,1610.0,272,54.178001403808594,28043.98,28165.91,27864.56,27932.5,0.001574479025293174,301.34999999999854,Gold,GC=F,₹/10g,Precious metal
2013-02-20,1577.5999755859375,1606.9000244140625,1561.800048828125,1604.699951171875,278,54.16299819946289,27943.92,27982.23,27196.87,27472.0,-0.01648617202183833,785.3600000000006,Gold,GC=F,₹/10g,Precious metal
2013-02-21,1578.199951171875,1581.199951171875,1555.199951171875,1568.5,2019,54.06800079345703,27265.63,27486.4,27034.43,27434.25,-0.0013741263832265371,451.97000000000116,Gold,GC=F,₹/10g,Precious metal
2013-02-22,1572.4000244140625,1585.4000244140625,1572.4000244140625,1580.0,76,54.46799850463867,27668.73,27763.3,27535.64,27535.64,0.003695745281901308,227.65999999999985,Gold,GC=F,₹/10g,Precious metal
2013-02-25,1586.199951171875,1596.0,1577.699951171875,1579.4000244140625,118,54.27299880981445,27559.21,27848.86,27529.54,27677.86,0.005164942598029354,319.3199999999997,Gold,GC=F,₹/10g,Precious metal
2013-02-26,1615.199951171875,1615.199951171875,1589.0,1593.300048828125,1158,53.86299896240234,27591.72,27970.97,27517.26,27970.97,0.010590052843680864,453.71000000000276,Gold,GC=F,₹/10g,Precious metal
2013-02-27,1595.199951171875,1612.800048828125,1591.800048828125,1612.800048828125,700,54.0880012512207,28046.08,28046.08,27680.9,27740.02,-0.008256774791864596,365.1800000000003,Gold,GC=F,₹/10g,Precious metal
2013-02-28,1577.699951171875,1601.5999755859375,1575.0999755859375,1596.0,102,53.858001708984375,27635.92,27732.88,27274.02,27319.04,-0.015175908308645791,458.8600000000006,Gold,GC=F,₹/10g,Precious metal
2013-03-01,1571.9000244140625,1585.5999755859375,1566.0,1579.5999755859375,68,54.36299896240234,27608.4,27713.27,27370.7,27473.82,0.005665645644941986,342.5699999999997,Gold,GC=F,₹/10g,Precious metal
2013-03-04,1572.0999755859375,1580.800048828125,1569.699951171875,1580.800048828125,64,54.89799880981445,27901.28,27901.28,27705.37,27747.73,0.009969854938264966,195.90999999999985,Gold,GC=F,₹/10g,Precious metal
2013-03-05,1574.5999755859375,1585.5,1571.4000244140625,1577.5999755859375,65,54.858001708984375,27824.52,27963.85,27715.17,27771.6,0.0008602505502250946,248.6800000000003,Gold,GC=F,₹/10g,Precious metal
2013-03-06,1574.5999755859375,1582.5999755859375,1566.800048828125,1577.5999755859375,106,54.917999267578125,27854.95,27943.23,27664.26,27801.98,0.0010939232885394112,278.97000000000116,Gold,GC=F,₹/10g,Precious metal
2013-03-07,1574.800048828125,1583.5,1573.9000244140625,1580.0,52,54.7130012512207,27793.19,27854.76,27685.89,27701.72,-0.003606217974403192,168.86999999999898,Gold,GC=F,₹/10g,Precious metal
2013-03-08,1576.5999755859375,1581.199951171875,1561.800048828125,1578.5999755859375,68,54.55799865722656,27689.89,27735.5,27395.21,27654.81,-0.0016933966555144897,340.2900000000009,Gold,GC=F,₹/10g,Precious metal
2013-03-11,1577.800048828125,1579.699951171875,1576.0,1576.0,1115,54.34299850463867,27535.35,27599.99,27535.35,27566.8,-0.0031824481889407563,64.64000000000306,Gold,GC=F,₹/10g,Precious metal
2013-03-12,1591.5,1595.5999755859375,1579.800048828125,1579.800048828125,159,54.40800094604492,27634.76,27911.14,27634.76,27839.42,0.009889432215563598,276.380000000001,Gold,GC=F,₹/10g,Precious metal
2013-03-13,1588.300048828125,1596.0,1585.0,1592.300048828125,396,54.141998291015625,27717.24,27781.64,27590.16,27647.61,-0.006889870550463972,191.47999999999956,Gold,GC=F,₹/10g,Precious metal
2013-03-14,1590.5999755859375,1590.5999755859375,1575.699951171875,1585.699951171875,137,54.36299896240234,27715.02,27800.66,27540.24,27800.66,0.005535740702360847,260.41999999999825,Gold,GC=F,₹/10g,Precious metal
2013-03-15,1592.5,1594.4000244140625,1590.199951171875,1590.5,11,54.35300064086914,27793.8,27861.95,27788.56,27828.75,0.0010104076665806705,73.38999999999942,Gold,GC=F,₹/10g,Precious metal
2013-03-18,1604.5999755859375,1607.699951171875,1601.5999755859375,1605.9000244140625,613,54.02299880981445,27892.53,27923.79,27817.84,27869.95,0.0014804833131203399,105.95000000000073,Gold,GC=F,₹/10g,Precious metal
2013-03-19,1611.300048828125,1613.0999755859375,1611.300048828125,1613.0999755859375,202,54.073001861572266,28043.52,28043.52,28012.23,28012.23,0.005105140124040286,31.290000000000873,Gold,GC=F,₹/10g,Precious metal
2013-03-20,1607.5,1612.5,1606.199951171875,1610.0,5,54.36800003051758,28142.32,28186.02,28075.9,28098.63,0.0030843670782370047,110.11999999999898,Gold,GC=F,₹/10g,Precious metal
2013-03-21,1613.800048828125,1613.800048828125,1611.9000244140625,1612.800048828125,7,54.34999847412109,28181.93,28199.41,28166.21,28199.41,0.0035866517335543247,33.20000000000073,Gold,GC=F,₹/10g,Precious metal
2013-03-22,1606.199951171875,1611.0,1604.0999755859375,1611.0,101,54.27799987792969,28113.19,28113.19,27992.78,28029.42,-0.006028140305063157,120.40999999999985,Gold,GC=F,₹/10g,Precious metal
2013-03-25,1604.5999755859375,1607.800048828125,1596.0999755859375,1607.0999755859375,27,54.34299850463867,28078.72,28090.95,27886.53,28035.04,0.0002005036137031624,204.4200000000019,Gold,GC=F,₹/10g,Precious metal
2013-03-26,1595.800048828125,1595.800048828125,1595.800048828125,1595.800048828125,165484,54.167999267578125,27791.5,27791.5,27791.5,27791.5,-0.00868698600037665,0.0,Gold,GC=F,₹/10g,Precious metal
2013-03-27,1606.199951171875,1608.0999755859375,1590.300048828125,1598.5,50450,54.36299896240234,27938.74,28106.53,27795.42,28073.32,0.010140510587769658,311.1100000000006,Gold,GC=F,₹/10g,Precious metal
2013-03-28,1594.800048828125,1606.5999755859375,1593.5999755859375,1604.699951171875,4717,54.38800048828125,28060.0,28093.22,27865.9,27886.89,-0.006640824811600443,227.3199999999997,Gold,GC=F,₹/10g,Precious metal
2013-04-01,1600.0,1600.5,1594.800048828125,1596.800048828125,688,54.27799987792969,27865.39,27929.96,27830.49,27921.23,0.0012314029997608777,99.46999999999753,Gold,GC=F,₹/10g,Precious metal
2013-04-02,1575.0999755859375,1602.5999755859375,1574.0999755859375,1599.199951171875,2289,54.25,27892.87,27952.18,27455.09,27472.53,-0.016070208941368347,497.09000000000015,Gold,GC=F,₹/10g,Precious metal
2013-04-03,1552.800048828125,1576.4000244140625,1549.199951171875,1575.699951171875,2171,54.42300033569336,27570.63,27582.88,27106.95,27169.94,-0.011014274986686723,475.9300000000003,Gold,GC=F,₹/10g,Precious metal
2013-04-04,1551.800048828125,1557.300048828125,1539.0999755859375,1557.300048828125,829,54.428001403808594,27251.19,27251.19,26932.7,27154.94,-0.0005520807186176757,318.48999999999796,Gold,GC=F,₹/10g,Precious metal
2013-04-05,1575.4000244140625,1580.5999755859375,1550.0999755859375,1553.199951171875,1184,54.882999420166016,27406.65,27890.13,27351.95,27798.38,0.02369513613360974,538.1800000000003,Gold,GC=F,₹/10g,Precious metal
2013-04-08,1572.0,1577.800048828125,1567.800048828125,1575.800048828125,101,54.803001403808594,27764.91,27800.14,27623.95,27697.95,-0.0036128004581561513,176.1899999999987,Gold,GC=F,₹/10g,Precious metal
2013-04-09,1586.199951171875,1589.300048828125,1570.0,1571.5999755859375,215,54.55799865722656,27567.11,27877.58,27539.04,27823.2,0.004521995310122318,338.5400000000009,Gold,GC=F,₹/10g,Precious metal
2013-04-10,1558.300048828125,1586.0,1557.0,1584.4000244140625,359,54.57799911499024,27801.82,27829.89,27321.02,27343.84,-0.017228787486701758,508.869999999999,Gold,GC=F,₹/10g,Precious metal
2013-04-11,1564.300048828125,1566.699951171875,1554.800048828125,1557.0999755859375,1070,54.51300048828125,27290.24,27458.49,27249.93,27416.43,0.0026547112622075097,208.5600000000013,Gold,GC=F,₹/10g,Precious metal
2013-04-12,1501.0,1560.800048828125,1480.199951171875,1560.800048828125,881,54.29800033569336,27247.2,27247.2,25840.15,26203.26,-0.044249743675598974,1407.0499999999993,Gold,GC=F,₹/10g,Precious metal
2013-04-15,1360.5999755859375,1487.4000244140625,1338.0,1478.199951171875,1309,54.51300048828125,25907.41,26068.65,23450.22,23846.32,-0.08994834993813738,2618.4300000000003,Gold,GC=F,₹/10g,Precious metal
2013-04-16,1386.800048828125,1401.0,1323.0,1358.0,619,54.542999267578125,23813.85,24567.89,23200.09,24318.88,0.019816894179059963,1367.7999999999993,Gold,GC=F,₹/10g,Precious metal
2013-04-17,1382.199951171875,1394.199951171875,1370.199951171875,1373.199951171875,92,54.14799880981445,23906.0,24271.59,23853.77,24062.68,-0.010535024639292678,417.8199999999997,Gold,GC=F,₹/10g,Precious metal
2013-04-18,1392.0,1396.4000244140625,1347.5,1347.5,57,54.20800018310547,23484.59,24336.83,23484.59,24260.14,0.008206068484474693,852.2400000000016,Gold,GC=F,₹/10g,Precious metal
2013-04-19,1395.300048828125,1420.300048828125,1395.0999755859375,1419.300048828125,241,54.02299880981445,24651.52,24668.89,24231.19,24234.67,-0.0010498702810454175,437.7000000000007,Gold,GC=F,₹/10g,Precious metal
2013-04-22,1421.0,1434.9000244140625,1406.800048828125,1406.800048828125,70,53.93299865722656,24393.7,24880.95,24393.7,24639.93,0.016722323844310827,487.25,Gold,GC=F,₹/10g,Precious metal
2013-04-23,1408.5999755859375,1429.5,1405.800048828125,1429.5,334,54.13800048828125,24881.53,24881.53,24469.02,24517.75,-0.004958617983086833,412.5099999999984,Gold,GC=F,₹/10g,Precious metal
2013-04-24,1423.4000244140625,1430.0999755859375,1420.4000244140625,1423.199951171875,138,54.37799835205078,24881.69,25002.32,24832.74,24885.19,0.014986693314027466,169.5799999999981,Gold,GC=F,₹/10g,Precious metal
2013-04-25,1461.800048828125,1461.800048828125,1433.0,1433.0,222,54.27299880981445,25004.65,25507.18,25004.65,25507.18,0.024994384210046183,502.52999999999884,Gold,GC=F,₹/10g,Precious metal
2013-04-26,1453.5999755859375,1476.199951171875,1451.4000244140625,1467.4000244140625,976,54.21799850463867,25578.95,25732.35,25300.05,25338.4,-0.00661696040095372,432.2999999999993,Gold,GC=F,₹/10g,Precious metal
2013-04-29,1467.4000244140625,1475.5,1462.300048828125,1462.699951171875,269,54.37300109863281,25569.92,25793.68,25562.92,25652.08,0.012379629337290421,230.76000000000204,Gold,GC=F,₹/10g,Precious metal
2013-04-30,1472.199951171875,1476.5999755859375,1461.0,1471.0999755859375,534,54.22800064086914,25648.18,25744.07,25472.09,25667.36,0.000595663197682228,271.97999999999956,Gold,GC=F,₹/10g,Precious metal
2013-05-01,1446.300048828125,1477.0999755859375,1440.0,1475.800048828125,131,53.79800033569336,25526.1,25548.58,24906.88,25015.85,-0.02538282082769716,641.7000000000007,Gold,GC=F,₹/10g,Precious metal
2013-05-02,1467.699951171875,1471.199951171875,1453.5,1459.0,244,53.65800094604492,25169.84,25380.31,25074.96,25319.93,0.01215549341717348,305.3500000000022,Gold,GC=F,₹/10g,Precious metal
2013-05-03,1464.300048828125,1487.0999755859375,1461.4000244140625,1465.5,68,53.80799865722656,25352.65,25726.32,25281.72,25331.89,0.000472355176337258,444.59999999999854,Gold,GC=F,₹/10g,Precious metal
2013-05-06,1468.0999755859375,1477.199951171875,1466.800048828125,1468.0999755859375,33,53.77999877929688,25384.41,25541.76,25361.94,25384.41,0.002073276016909986,179.8199999999997,Gold,GC=F,₹/10g,Precious metal
2013-05-07,1449.0,1466.199951171875,1441.199951171875,1462.0,91,54.17300033569336,25463.67,25536.82,25101.4,25237.25,-0.005797259026307899,435.41999999999825,Gold,GC=F,₹/10g,Precious metal
2013-05-08,1473.9000244140625,1474.699951171875,1450.699951171875,1455.5,81,54.12799835205078,25329.4,25663.53,25245.87,25649.61,0.016339339666564312,417.65999999999985,Gold,GC=F,₹/10g,Precious metal
2013-05-09,1468.800048828125,1473.4000244140625,1453.0,1471.199951171875,27,54.15800094604492,25616.81,25655.12,25299.91,25575.02,-0.0029080364184874696,355.2099999999991,Gold,GC=F,₹/10g,Precious metal
2013-05-10,1436.800048828125,1459.300048828125,1423.0,1455.5999755859375,569,54.24800109863281,25387.3,25451.83,24818.72,25059.41,-0.020160688046382824,633.1100000000006,Gold,GC=F,₹/10g,Precious metal
2013-05-13,1434.5,1440.5999755859375,1427.800048828125,1440.0,344,54.803001403808594,25372.17,25382.74,25157.21,25275.26,0.008613530805394065,225.53000000000247,Gold,GC=F,₹/10g,Precious metal
2013-05-14,1424.699951171875,1444.4000244140625,1422.0,1430.0999755859375,72,54.82799911499024,25209.23,25461.3,25066.44,25114.04,-0.00637856939948378,394.8600000000006,Gold,GC=F,₹/10g,Precious metal
2013-05-15,1396.5,1425.699951171875,1390.0999755859375,1425.699951171875,364,54.79800033569336,25117.91,25117.91,24490.72,24603.47,-0.020330062387413528,627.1899999999987,Gold,GC=F,₹/10g,Precious metal
2013-05-16,1387.0999755859375,1395.0999755859375,1370.5999755859375,1390.4000244140625,38,54.77799987792969,24487.06,24569.84,24138.35,24428.94,-0.007093714829656261,431.4900000000016,Gold,GC=F,₹/10g,Precious metal
2013-05-17,1364.9000244140625,1391.0999755859375,1359.0999755859375,1386.699951171875,50,54.77799987792969,24421.9,24499.39,23935.82,24037.97,-0.016004378413471798,563.5699999999997,Gold,GC=F,₹/10g,Precious metal
2013-05-20,1384.300048828125,1387.5,1342.9000244140625,1342.9000244140625,21,54.88800048828125,23698.01,24485.06,23698.01,24428.59,0.016250124282541245,787.0500000000029,Gold,GC=F,₹/10g,Precious metal
2013-05-21,1377.800048828125,1392.300048828125,1358.5,1386.5,51,55.108001708984375,24565.48,24668.24,24069.39,24411.34,-0.0007061398140457698,598.8500000000022,Gold,GC=F,₹/10g,Precious metal
2013-05-22,1367.5999755859375,1395.699951171875,1364.5,1387.199951171875,14,55.40800094604492,24711.68,24863.1,24307.3,24362.53,-0.0019994805692764572,555.7999999999993,Gold,GC=F,₹/10g,Precious metal
2013-05-23,1392.0,1394.800048828125,1377.800048828125,1380.5999755859375,58,55.65299987792969,24702.86,24956.94,24652.76,24906.84,0.0223420966541652,304.1800000000003,Gold,GC=F,₹/10g,Precious metal
2013-05-24,1386.800048828125,1386.800048828125,1386.800048828125,1386.800048828125,2,55.70800018310547,24838.32,24838.32,24838.32,24838.32,-0.002751051518378067,0.0,Gold,GC=F,₹/10g,Precious metal
2013-05-28,1379.0999755859375,1390.4000244140625,1379.0999755859375,1380.800048828125,55,55.56499862670898,24667.37,24838.87,24637.0,24637.0,-0.008105218066278175,201.86999999999898,Gold,GC=F,₹/10g,Precious metal
2013-05-29,1391.300048828125,1391.300048828125,1391.300048828125,1391.300048828125,168665,56.108001708984375,25097.84,25097.84,25097.84,25097.84,0.018705199496692027,0.0,Gold,GC=F,₹/10g,Precious metal
2013-05-30,1411.5,1417.5,1388.300048828125,1392.0999755859375,45133,56.29800033569336,25197.31,25657.05,25128.53,25548.45,0.017954134698444202,528.5200000000004,Gold,GC=F,₹/10g,Precious metal
2013-05-31,1392.5999755859375,1421.0999755859375,1384.199951171875,1412.4000244140625,5997,56.37799835205078,25601.07,25758.76,25089.92,25242.18,-0.011987811393646242,668.8400000000001,Gold,GC=F,₹/10g,Precious metal
2013-06-03,1411.699951171875,1416.300048828125,1388.300048828125,1389.0999755859375,1420,56.573001861572266,25265.82,25760.56,25251.27,25676.89,0.017221571195514818,509.2900000000009,Gold,GC=F,₹/10g,Precious metal
2013-06-04,1397.0999755859375,1413.699951171875,1389.0,1410.9000244140625,930,56.667999267578125,25705.43,25756.44,25306.43,25454.0,-0.00868056840217013,450.0099999999984,Gold,GC=F,₹/10g,Precious metal
2013-06-05,1398.4000244140625,1410.0,1395.5999755859375,1397.5,1687,56.4379997253418,25357.95,25584.77,25323.48,25374.28,-0.00313192425551978,261.2900000000009,Gold,GC=F,₹/10g,Precious metal
2013-06-06,1415.699951171875,1422.699951171875,1391.5999755859375,1401.699951171875,782,56.72299957275391,25562.6,25945.57,25378.41,25817.91,0.017483451747202228,567.1599999999999,Gold,GC=F,₹/10g,Precious metal
2013-06-07,1383.0,1416.0999755859375,1377.9000244140625,1411.5,1163,56.8380012512207,25793.51,25877.57,25179.51,25272.7,-0.02111751106111992,698.0600000000013,Gold,GC=F,₹/10g,Precious metal
2013-06-10,1386.199951171875,1386.9000244140625,1375.5999755859375,1378.800048828125,367,56.8380012512207,25195.96,25343.97,25137.48,25331.18,0.0023139593316108265,206.4900000000016,Gold,GC=F,₹/10g,Precious metal
2013-06-11,1377.0,1384.4000244140625,1366.0,1384.199951171875,482,56.8380012512207,25294.63,25298.29,24962.05,25163.06,-0.006636879924267203,336.2400000000016,Gold,GC=F,₹/10g,Precious metal
2013-06-12,1391.800048828125,1393.5,1373.699951171875,1375.0,514,56.8380012512207,25126.51,25464.58,25102.76,25433.51,0.010747897910667437,361.82000000000335,Gold,GC=F,₹/10g,Precious metal
2013-06-13,1377.5999755859375,1390.9000244140625,1373.4000244140625,1386.800048828125,458,57.82799911499024,25783.55,25859.78,25534.42,25612.5,0.007037565794103973,325.3600000000006,Gold,GC=F,₹/10g,Precious metal
2013-06-14,1387.300048828125,1389.5999755859375,1377.800048828125,1383.9000244140625,90,57.99800109863281,25805.27,25911.56,25691.53,25868.67,0.010001756954612029,220.03000000000247,Gold,GC=F,₹/10g,Precious metal
2013-06-17,1382.800048828125,1390.5,1380.0,1390.300048828125,114,57.49800109863281,25701.12,25704.81,25510.71,25562.47,-0.011836712130928961,194.10000000000218,Gold,GC=F,₹/10g,Precious metal
2013-06-18,1366.5999755859375,1383.5,1363.0,1383.0999755859375,346,58.10300064086914,25837.05,25844.52,25461.57,25528.82,-0.0013163829629923018,382.9500000000007,Gold,GC=F,₹/10g,Precious metal
2013-06-19,1373.5999755859375,1373.5999755859375,1348.0999755859375,1368.0999755859375,198,58.8380012512207,25880.13,25984.17,25501.79,25984.17,0.017836703772442286,482.3799999999974,Gold,GC=F,₹/10g,Precious metal
2013-06-20,1285.9000244140625,1348.0999755859375,1275.4000244140625,1348.0999755859375,712,58.7130012512207,25447.62,25447.62,24075.29,24273.49,-0.06583546828703768,1372.329999999998,Gold,GC=F,₹/10g,Precious metal
2013-06-21,1291.5999755859375,1300.0,1268.9000244140625,1280.4000244140625,456,59.56800079345703,24521.64,24897.01,24301.39,24736.13,0.01905947599624125,595.619999999999,Gold,GC=F,₹/10g,Precious metal
2013-06-24,1276.800048828125,1297.300048828125,1275.699951171875,1297.300048828125,321,59.26800155639648,24720.17,24720.17,24308.58,24329.54,-0.016437090199639126,411.5899999999965,Gold,GC=F,₹/10g,Precious metal
2013-06-25,1274.800048828125,1286.0,1273.199951171875,1281.300048828125,953,59.80799865722656,24637.74,24728.11,24481.98,24512.75,0.007530351991858364,246.13000000000102,Gold,GC=F,₹/10g,Precious metal
2013-06-26,1229.5999755859375,1273.9000244140625,1228.800048828125,1273.9000244140625,981,59.65800094604492,24434.01,24434.01,23568.97,23584.32,-0.03787539137795637,865.0399999999972,Gold,GC=F,₹/10g,Precious metal
2013-06-27,1211.4000244140625,1241.4000244140625,1198.300048828125,1224.699951171875,533,60.7130012512207,23905.74,24231.72,23390.42,23646.13,0.002620809079931119,841.3000000000029,Gold,GC=F,₹/10g,Precious metal
2013-06-28,1223.800048828125,1232.300048828125,1183.199951171875,1200.9000244140625,232,60.1879997253418,23238.47,23846.09,22895.96,23681.6,0.001500034043625531,950.130000000001,Gold,GC=F,₹/10g,Precious metal
2013-07-01,1255.9000244140625,1261.0,1234.199951171875,1234.699951171875,150,59.5260009765625,23629.74,24133.07,23620.17,24035.46,0.014942402540368827,512.9000000000015,Gold,GC=F,₹/10g,Precious metal
2013-07-02,1243.5999755859375,1266.300048828125,1241.199951171875,1254.0999755859375,107,59.37799835205078,23941.34,24174.24,23695.07,23740.89,-0.01225564228851872,479.1700000000019,Gold,GC=F,₹/10g,Precious metal
2013-07-03,1252.0999755859375,1258.199951171875,1240.300048828125,1243.800048828125,19,59.54800033569336,23812.69,24088.38,23745.68,23971.59,0.009717411605040915,342.7000000000007,Gold,GC=F,₹/10g,Precious metal
2013-07-05,1212.9000244140625,1254.0999755859375,1208.9000244140625,1252.699951171875,72,60.17499923706055,24235.61,24262.69,23388.22,23465.61,-0.021107485986536556,874.4699999999975,Gold,GC=F,₹/10g,Precious metal
2013-07-08,1234.9000244140625,1235.199951171875,1215.4000244140625,1218.800048828125,58,60.22299957275391,23598.56,23916.1,23532.73,23910.29,0.01895028511937258,383.369999999999,Gold,GC=F,₹/10g,Precious metal
2013-07-09,1245.9000244140625,1254.5,1234.4000244140625,1234.699951171875,33,60.6879997253418,24091.01,24477.34,24085.16,24309.54,0.016697831770338123,392.1800000000003,Gold,GC=F,₹/10g,Precious metal
2013-07-10,1247.4000244140625,1263.9000244140625,1244.5999755859375,1244.5999755859375,58,60.095001220703125,24046.89,24419.78,24046.89,24100.99,-0.008578936499826773,372.8899999999994,Gold,GC=F,₹/10g,Precious metal
2013-07-11,1280.0999755859375,1285.0,1278.9000244140625,1284.5999755859375,18,59.88800048828125,24734.23,24741.94,24624.48,24647.59,0.022679566275078278,117.45999999999913,Gold,GC=F,₹/10g,Precious metal
2013-07-12,1277.800048828125,1282.300048828125,1274.300048828125,1282.300048828125,6,59.82699966430664,24664.8,24664.8,24510.92,24578.24,-0.002813662512237469,153.88000000000102,Gold,GC=F,₹/10g,Precious metal
2013-07-15,1283.800048828125,1292.4000244140625,1281.5999755859375,1292.0999755859375,19,59.88399887084961,24876.98,24882.76,24674.82,24717.18,0.005652967828453148,207.9399999999987,Gold,GC=F,₹/10g,Precious metal
2013-07-16,1290.800048828125,1291.4000244140625,1279.4000244140625,1279.4000244140625,13,59.80799865722656,24601.2,24831.95,24601.2,24820.41,0.004176447313164244,230.75,Gold,GC=F,₹/10g,Precious metal
2013-07-17,1277.9000244140625,1294.4000244140625,1272.9000244140625,1286.199951171875,11,59.292999267578125,24518.99,24675.31,24265.46,24360.77,-0.018518630433582706,409.8500000000022,Gold,GC=F,₹/10g,Precious metal
2013-07-18,1284.5999755859375,1286.4000244140625,1275.199951171875,1275.300048828125,26,59.323001861572266,24323.51,24535.22,24321.6,24500.88,0.005751460237094275,213.62000000000262,Gold,GC=F,₹/10g,Precious metal
2013-07-19,1293.300048828125,1293.300048828125,1290.0,1291.699951171875,9,59.73799896240234,24808.65,24839.38,24776.0,24839.38,0.013815830288544717,63.38000000000102,Gold,GC=F,₹/10g,Precious metal
2013-07-22,1336.4000244140625,1336.4000244140625,1317.0,1317.0,18,59.33300018310547,25123.08,25493.15,25123.08,25493.15,0.02631990009412477,370.0699999999997,Gold,GC=F,₹/10g,Precious metal
2013-07-23,1335.0999755859375,1342.300048828125,1327.9000244140625,1334.800048828125,10,59.71799850463867,25627.85,25771.85,25495.37,25633.61,0.005509715354909073,276.47999999999956,Gold,GC=F,₹/10g,Precious metal
2013-07-24,1319.699951171875,1343.5,1318.5999755859375,1342.199951171875,42,59.757999420166016,25787.19,25812.17,25333.77,25354.91,-0.010872444419650629,478.3999999999978,Gold,GC=F,₹/10g,Precious metal
2013-07-25,1329.0,1336.800048828125,1318.5,1318.5,55,59.12699890136719,25064.37,25412.24,25064.37,25263.97,-0.0035866820272680844,347.8700000000026,Gold,GC=F,₹/10g,Precious metal
2013-07-26,1321.699951171875,1326.5,1321.699951171875,1326.5,66,58.95800018310547,25144.37,25144.37,25053.38,25053.38,-0.008335586212301571,90.98999999999796,Gold,GC=F,₹/10g,Precious metal
2013-07-29,1328.4000244140625,1328.4000244140625,1328.4000244140625,1328.4000244140625,134359,59.060001373291016,25223.95,25223.95,25223.95,25223.95,0.006808262996849113,0.0,Gold,GC=F,₹/10g,Precious metal
2013-07-30,1324.0,1329.5999755859375,1316.199951171875,1327.199951171875,44769,59.4119987487793,25351.36,25397.2,25141.24,25290.24,0.0026280578577106972,255.95999999999913,Gold,GC=F,₹/10g,Precious metal
2013-07-31,1312.4000244140625,1338.4000244140625,1304.9000244140625,1325.5,6252,60.80799865722656,25913.8,26166.0,25511.07,25657.7,0.014529715811316901,654.9300000000003,Gold,GC=F,₹/10g,Precious metal
2013-08-01,1311.0,1328.5,1306.9000244140625,1323.0,1562,60.630001068115234,25789.22,25896.43,25475.38,25555.3,-0.0039910046496763885,421.0499999999993,Gold,GC=F,₹/10g,Precious metal
2013-08-02,1310.5999755859375,1317.0,1283.0,1306.699951171875,1451,60.43299865722656,25388.72,25588.84,24928.24,25464.49,-0.003553470317311791,660.5999999999985,Gold,GC=F,₹/10g,Precious metal
2013-08-05,1302.5999755859375,1318.300048828125,1297.5,1311.199951171875,904,61.09799957275391,25756.49,25895.96,25487.37,25587.56,0.004833004705768751,408.59000000000015,Gold,GC=F,₹/10g,Precious metal
2013-08-06,1283.199951171875,1305.9000244140625,1279.300048828125,1303.0,1314,60.87699890136719,25502.83,25559.59,25038.97,25115.3,-0.01845662501621892,520.619999999999,Gold,GC=F,₹/10g,Precious metal
2013-08-07,1286.0999755859375,1288.4000244140625,1274.0,1282.5,989,60.78300094604492,25062.84,25178.14,24896.73,25133.19,0.0007123148041232596,281.40999999999985,Gold,GC=F,₹/10g,Precious metal
2013-08-08,1310.699951171875,1312.800048828125,1283.699951171875,1283.9000244140625,482,61.20299911499024,25263.57,25832.24,25259.63,25790.91,0.026169380011053178,572.6100000000006,Gold,GC=F,₹/10g,Precious metal
2013-08-09,1312.9000244140625,1315.800048828125,1306.699951171875,1315.0999755859375,449,60.7239990234375,25674.97,25688.63,25510.97,25632.02,-0.006160697703182949,177.65999999999985,Gold,GC=F,₹/10g,Precious metal
2013-08-12,1334.699951171875,1342.4000244140625,1317.199951171875,1317.199951171875,312,60.672000885009766,25693.94,26185.51,25693.94,26035.31,0.015733836037893356,491.5699999999997,Gold,GC=F,₹/10g,Precious metal
2013-08-13,1321.199951171875,1339.0999755859375,1320.199951171875,1331.9000244140625,209,61.369998931884766,26279.58,26421.65,26048.73,26068.46,0.0012732708003091453,372.9200000000019,Gold,GC=F,₹/10g,Precious metal
2013-08-14,1334.0,1336.300048828125,1317.699951171875,1317.699951171875,333,61.45000076293945,26033.3,26400.77,26033.3,26355.33,0.01100448588063907,367.47000000000116,Gold,GC=F,₹/10g,Precious metal
2013-08-15,1361.5999755859375,1369.5999755859375,1319.9000244140625,1340.0999755859375,235,61.290000915527344,26406.91,26988.21,26008.87,26830.57,0.01803202615941446,979.3400000000001,Gold,GC=F,₹/10g,Precious metal
2013-08-16,1371.699951171875,1378.9000244140625,1361.0,1366.800048828125,175,61.2599983215332,26919.85,27158.17,26805.62,27016.36,0.00692456403274333,352.5499999999993,Gold,GC=F,₹/10g,Precious metal
2013-08-19,1366.199951171875,1384.4000244140625,1363.9000244140625,1379.0,139,62.4900016784668,27705.47,27813.96,27402.1,27448.31,0.01598846032552137,411.8600000000006,Gold,GC=F,₹/10g,Precious metal
2013-08-20,1373.0999755859375,1377.0,1355.0,1355.0,123,63.84999847412109,27815.76,28267.38,27815.76,28187.32,0.02692369767027536,451.6200000000026,Gold,GC=F,₹/10g,Precious metal
2013-08-21,1370.5999755859375,1377.300048828125,1360.9000244140625,1372.5,109,63.36000061035156,27958.78,28056.56,27722.48,27920.08,-0.009480858769120193,334.08000000000175,Gold,GC=F,₹/10g,Precious metal
2013-08-22,1371.199951171875,1380.4000244140625,1362.0,1362.0,79,64.69000244140625,28327.29,28709.98,28327.29,28518.63,0.021437975822418798,382.6899999999987,Gold,GC=F,₹/10g,Precious metal
2013-08-23,1395.699951171875,1398.199951171875,1373.9000244140625,1376.800048828125,178,64.41000366210938,28511.16,28954.32,28451.11,28902.55,0.013462077245645965,503.2099999999991,Gold,GC=F,₹/10g,Precious metal
2013-08-26,1393.0,1402.800048828125,1391.300048828125,1398.5999755859375,203,64.06999969482422,28809.72,28896.23,28659.34,28694.36,-0.007203170654492386,236.88999999999942,Gold,GC=F,₹/10g,Precious metal
2013-08-27,1420.5999755859375,1421.0999755859375,1398.699951171875,1403.800048828125,397,64.29299926757812,29017.48,29375.08,28912.06,29364.74,0.02336277930575914,463.02000000000044,Gold,GC=F,₹/10g,Precious metal
2013-08-28,1419.0,1428.0,1417.300048828125,1417.300048828125,489,66.86000061035156,30466.24,30696.25,30466.24,30502.79,0.03875566410599918,230.0099999999984,Gold,GC=F,₹/10g,Precious metal
2013-08-29,1412.9000244140625,1417.4000244140625,1404.5,1417.4000244140625,375,67.3499984741211,30691.69,30691.69,30412.36,30594.25,0.0029984142434182903,279.3299999999981,Gold,GC=F,₹/10g,Precious metal
2013-08-30,1396.0999755859375,1409.800048828125,1392.300048828125,1407.199951171875,0,67.38999938964844,30488.92,30545.25,30166.09,30248.42,-0.011303758059112434,379.15999999999985,Gold,GC=F,₹/10g,Precious metal
2013-09-03,1412.0,1414.4000244140625,1382.300048828125,1393.0,139,66.51000213623047,29787.14,30244.75,29558.34,30193.43,-0.0018179461935531327,686.4099999999999,Gold,GC=F,₹/10g,Precious metal
2013-09-04,1389.9000244140625,1413.0,1387.0999755859375,1413.0,104,68.61000061035156,31168.82,31168.82,30597.5,30659.26,0.01542819083489344,571.3199999999997,Gold,GC=F,₹/10g,Precious metal
2013-09-05,1373.0999755859375,1397.5,1367.0999755859375,1393.5,37,66.2699966430664,29690.31,29775.53,29127.82,29255.66,-0.045780622232891366,647.7099999999991,Gold,GC=F,₹/10g,Precious metal
2013-09-06,1386.699951171875,1390.0999755859375,1368.9000244140625,1371.0,52,66.00800323486328,29095.43,29500.77,29050.86,29428.62,0.005912018392338458,449.90999999999985,Gold,GC=F,₹/10g,Precious metal
2013-09-09,1386.800048828125,1389.800048828125,1386.5,1389.800048828125,44,65.23799896240234,29150.34,29150.34,29081.13,29087.42,-0.01159415562129662,69.20999999999913,Gold,GC=F,₹/10g,Precious metal
2013-09-10,1364.0999755859375,1377.5,1357.5999755859375,1377.5,21,64.05999755859375,28370.65,28370.65,27960.79,28094.66,-0.03413021849308051,409.8600000000006,Gold,GC=F,₹/10g,Precious metal
2013-09-11,1363.9000244140625,1365.800048828125,1356.699951171875,1365.800048828125,60,63.619998931884766,27936.47,27936.47,27750.33,27897.61,-0.007013788385408448,186.13999999999942,Gold,GC=F,₹/10g,Precious metal
2013-09-12,1330.4000244140625,1360.0,1322.4000244140625,1360.0,120,63.15999984741211,27616.7,27616.7,26853.18,27015.63,-0.03161489460925149,763.5200000000004,Gold,GC=F,₹/10g,Precious metal
2013-09-13,1308.4000244140625,1323.0,1305.300048828125,1322.9000244140625,38,63.619998931884766,27058.98,27061.02,26698.98,26762.39,-0.009373832851575226,362.0400000000009,Gold,GC=F,₹/10g,Precious metal
2013-09-16,1317.9000244140625,1329.5999755859375,1310.800048828125,1328.4000244140625,107,63.290000915527344,27030.54,27054.96,26672.41,26816.88,0.0020360662855598566,382.5499999999993,Gold,GC=F,₹/10g,Precious metal
2013-09-17,1309.5,1313.0999755859375,1309.5,1313.0,24,63.290000915527344,26717.18,26719.21,26645.96,26645.96,-0.006373597525140995,73.25,Gold,GC=F,₹/10g,Precious metal
2013-09-18,1307.800048828125,1347.699951171875,1292.0999755859375,1292.0999755859375,29,63.18000030517578,26246.2,27375.6,26246.2,26565.12,-0.0030338557890201567,1129.3999999999978,Gold,GC=F,₹/10g,Precious metal
2013-09-19,1369.4000244140625,1373.0,1362.9000244140625,1362.9000244140625,35,63.58000183105469,27859.63,28066.08,27859.63,27992.49,0.053730982581671194,206.45000000000073,Gold,GC=F,₹/10g,Precious metal
2013-09-20,1332.5,1347.5,1330.699951171875,1347.5,2,62.18999862670898,26942.63,26942.63,26606.73,26642.72,-0.048219004454409076,335.90000000000146,Gold,GC=F,₹/10g,Precious metal
2013-09-23,1326.9000244140625,1327.800048828125,1317.5999755859375,1327.0999755859375,78,62.720001220703125,26760.88,26775.0,26569.32,26756.85,0.004283721782160299,205.6800000000003,Gold,GC=F,₹/10g,Precious metal
2013-09-24,1316.0,1324.9000244140625,1309.4000244140625,1321.199951171875,61,62.68000030517578,26624.92,26699.48,26387.12,26520.13,-0.008847080280376729,312.3600000000006,Gold,GC=F,₹/10g,Precious metal
2013-09-25,1335.9000244140625,1335.9000244140625,1322.699951171875,1322.699951171875,51,62.720001220703125,26672.16,26938.34,26672.16,26938.34,0.015769530541516863,266.1800000000003,Gold,GC=F,₹/10g,Precious metal
2013-09-26,1323.5999755859375,1338.300048828125,1323.5999755859375,1335.199951171875,13170,62.43000030517578,26799.73,26861.95,26566.9,26566.9,-0.01378852594480573,295.0499999999993,Gold,GC=F,₹/10g,Precious metal
2013-09-27,1338.4000244140625,1343.800048828125,1319.699951171875,1321.5,2990,61.72999954223633,26227.34,26669.92,26191.61,26562.74,-0.00015658582672417598,478.3099999999977,Gold,GC=F,₹/10g,Precious metal
2013-09-30,1326.5,1350.9000244140625,1322.0,1345.800048828125,597,62.90999984741211,27220.18,27323.33,26738.8,26829.81,0.010054309156359631,584.5300000000025,Gold,GC=F,₹/10g,Precious metal
2013-10-01,1286.0,1334.0,1284.5,1328.0,815,62.58000183105469,26719.26,26839.98,25844.04,25874.22,-0.0356167263204622,995.9399999999987,Gold,GC=F,₹/10g,Precious metal
2013-10-02,1320.5999755859375,1321.0,1280.0,1288.5,152,62.61000061035156,25936.95,26591.16,25765.85,26583.11,0.02739754087272961,825.3100000000013,Gold,GC=F,₹/10g,Precious metal
2013-10-03,1317.4000244140625,1319.5,1302.5,1312.0,217,62.06999969482422,26182.21,26331.88,25992.63,26289.97,-0.011027302674517792,339.25,Gold,GC=F,₹/10g,Precious metal
2013-10-04,1309.699951171875,1318.0999755859375,1305.699951171875,1316.199951171875,38,61.959999084472656,26219.48,26257.33,26010.31,26089.99,-0.0076067032408176916,247.02000000000044,Gold,GC=F,₹/10g,Precious metal
2013-10-07,1324.800048828125,1325.4000244140625,1311.800048828125,1313.800048828125,84,61.380001068115234,25926.68,26155.6,25887.21,26143.76,0.00206094367993237,268.3899999999994,Gold,GC=F,₹/10g,Precious metal
2013-10-08,1324.199951171875,1330.0,1321.199951171875,1326.5,57,61.380001068115234,26177.3,26246.37,26072.71,26131.91,-0.00045326303485027086,173.65999999999985,Gold,GC=F,₹/10g,Precious metal
2013-10-09,1306.9000244140625,1319.0,1295.300048828125,1317.5999755859375,140,62.02999877929688,26277.02,26304.94,25832.29,26063.63,-0.0026128974116319537,472.6499999999978,Gold,GC=F,₹/10g,Precious metal
2013-10-10,1296.5999755859375,1310.800048828125,1285.0,1303.4000244140625,89,61.810001373291016,25901.64,26048.69,25535.99,25766.5,-0.011400177181766336,512.6999999999971,Gold,GC=F,₹/10g,Precious metal
2013-10-11,1268.0,1291.5999755859375,1263.800048828125,1286.9000244140625,210,61.61000061035156,25490.99,25584.09,25033.43,25116.62,-0.02522189664874941,550.6599999999999,Gold,GC=F,₹/10g,Precious metal
2013-10-14,1276.4000244140625,1285.800048828125,1273.9000244140625,1275.800048828125,61,60.9900016784668,25016.81,25212.9,24979.56,25028.58,-0.003505248715790499,233.34000000000015,Gold,GC=F,₹/10g,Precious metal
2013-10-15,1273.0,1283.5999755859375,1254.0999755859375,1270.5,208,61.380001068115234,25072.19,25330.71,24748.55,25121.53,0.0037137544359286956,582.1599999999999,Gold,GC=F,₹/10g,Precious metal
2013-10-16,1282.0,1284.0,1269.199951171875,1282.800048828125,86,61.83000183105469,25500.52,25524.37,25230.16,25484.61,0.014452941361453808,294.2099999999991,Gold,GC=F,₹/10g,Precious metal
2013-10-17,1322.699951171875,1322.699951171875,1307.0,1307.0,72,61.45000076293945,25821.9,26132.08,25821.9,26132.08,0.025406313849809736,310.1800000000003,Gold,GC=F,₹/10g,Precious metal
2013-10-18,1314.4000244140625,1326.0,1312.5999755859375,1318.800048828125,65,61.09999847412109,25906.63,26048.06,25784.83,25820.19,-0.011935138726041017,263.22999999999956,Gold,GC=F,₹/10g,Precious metal
2013-10-21,1315.699951171875,1317.699951171875,1315.699951171875,1316.800048828125,23,61.2400016784668,25926.61,25944.33,25904.95,25904.95,0.0032827024123371906,39.38000000000102,Gold,GC=F,₹/10g,Precious metal
2013-10-22,1342.5,1342.5999755859375,1313.9000244140625,1313.9000244140625,55,60.619998931884766,25607.61,26166.96,25607.61,26165.01,0.010039007988820625,559.3499999999985,Gold,GC=F,₹/10g,Precious metal
2013-10-23,1333.9000244140625,1333.9000244140625,1331.9000244140625,1331.9000244140625,13,61.18999862670898,26202.5,26241.85,26202.5,26241.85,0.002936746441144056,39.349999999998545,Gold,GC=F,₹/10g,Precious metal
2013-10-24,1350.199951171875,1350.199951171875,1334.5,1334.5,18,61.52000045776367,26395.24,26705.77,26395.24,26705.77,0.017678631651350862,310.52999999999884,Gold,GC=F,₹/10g,Precious metal
2013-10-25,1352.4000244140625,1353.0,1346.199951171875,1346.199951171875,23,61.45000076293945,26596.36,26730.71,26596.36,26718.85,0.0004897817962183915,134.34999999999854,Gold,GC=F,₹/10g,Precious metal
2013-10-28,1352.0,1359.199951171875,1349.0,1351.4000244140625,23,61.43999862670898,26694.75,26848.83,26647.34,26706.6,-0.00045847781622332384,201.4900000000016,Gold,GC=F,₹/10g,Precious metal
2013-10-29,1345.199951171875,1359.699951171875,1345.199951171875,1359.5999755859375,168,61.5099983215332,26887.33,26889.3,26602.55,26602.55,-0.0038960406790830016,286.75,Gold,GC=F,₹/10g,Precious metal
2013-10-30,1349.0,1355.800048828125,1335.5999755859375,1340.800048828125,44,61.45000076293945,26489.68,26786.03,26386.94,26651.68,0.001846815436866045,399.09000000000015,Gold,GC=F,₹/10g,Precious metal
2013-10-31,1323.5999755859375,1334.0,1321.699951171875,1334.0,62,61.31999969482422,26299.57,26299.57,26057.08,26094.54,-0.020904498328060295,242.48999999999796,Gold,GC=F,₹/10g,Precious metal
2013-11-01,1313.0999755859375,1325.699951171875,1308.0,1325.699951171875,21,62.220001220703125,26519.54,26519.54,26165.47,26267.49,0.0066278232917691415,354.0699999999997,Gold,GC=F,₹/10g,Precious metal
2013-11-04,1314.5999755859375,1320.5,1312.0999755859375,1314.5999755859375,39,62.20000076293945,26289.04,26407.03,26239.05,26289.04,0.000820405756317033,167.97999999999956,Gold,GC=F,₹/10g,Precious metal
2013-11-05,1308.0,1317.5,1306.9000244140625,1313.300048828125,98,61.97999954223633,26170.15,26253.85,26042.62,26064.54,-0.008539680414347606,211.22999999999956,Gold,GC=F,₹/10g,Precious metal
2013-11-06,1317.699951171875,1318.5999755859375,1312.5,1313.5,11,62.15999984741211,26250.15,26352.07,26230.17,26334.09,0.010341636568303114,121.90000000000146,Gold,GC=F,₹/10g,Precious metal
2013-11-07,1308.4000244140625,1323.5999755859375,1298.0,1323.5999755859375,129,62.470001220703125,26583.92,26583.92,26069.75,26278.63,-0.002106015434746311,514.1699999999983,Gold,GC=F,₹/10g,Precious metal
2013-11-08,1284.5,1308.0999755859375,1281.300048828125,1308.0,22,62.84999847412109,26430.4,26432.42,25890.88,25955.54,-0.012294780968414298,541.5399999999972,Gold,GC=F,₹/10g,Precious metal
2013-11-11,1281.0,1281.800048828125,1281.0,1281.5999755859375,5,63.34000015258789,26098.85,26102.92,26086.63,26086.63,0.005050559533725796,16.289999999997235,Gold,GC=F,₹/10g,Precious metal
2013-11-12,1271.0999755859375,1282.300048828125,1271.0999755859375,1282.300048828125,3,63.47999954223633,26170.82,26170.82,25942.23,25942.23,-0.005535402618122798,228.59000000000015,Gold,GC=F,₹/10g,Precious metal
2013-11-13,1268.300048828125,1280.5,1268.300048828125,1274.0,17,63.959999084472656,26198.03,26331.69,26080.82,26080.82,0.005342254694372883,250.86999999999898,Gold,GC=F,₹/10g,Precious metal
2013-11-14,1286.199951171875,1293.300048828125,1278.0999755859375,1280.199951171875,29,63.369998931884766,26082.68,26349.58,26039.9,26204.93,0.004758669397664672,309.6800000000003,Gold,GC=F,₹/10g,Precious metal
2013-11-15,1287.300048828125,1288.5,1281.5,1287.699951171875,16,63.040000915527344,26098.87,26115.08,25973.21,26090.76,-0.004356813775117985,141.87000000000262,Gold,GC=F,₹/10g,Precious metal
2013-11-18,1272.199951171875,1284.800048828125,1272.199951171875,1284.699951171875,10,62.709999084472656,25901.76,25903.78,25649.74,25649.74,-0.016903302165210854,254.03999999999724,Gold,GC=F,₹/10g,Precious metal
2013-11-19,1273.4000244140625,1275.199951171875,1271.0,1274.199951171875,10,62.20000076293945,25481.13,25501.13,25417.14,25465.13,-0.007197343910698484,83.9900000000016,Gold,GC=F,₹/10g,Precious metal
2013-11-20,1257.9000244140625,1269.0,1241.9000244140625,1269.0,120,62.11000061035156,25340.42,25340.42,24799.27,25118.77,-0.013601344269595361,541.1499999999978,Gold,GC=F,₹/10g,Precious metal
2013-11-21,1243.5,1247.0999755859375,1236.5,1245.699951171875,90,62.7599983215332,25135.48,25163.73,24949.84,25091.09,-0.00110196478569613,213.88999999999942,Gold,GC=F,₹/10g,Precious metal
2013-11-22,1244.0,1247.0,1241.4000244140625,1243.199951171875,77,62.9900016784668,25176.96,25253.92,25140.51,25193.17,0.004068376463517431,113.40999999999985,Gold,GC=F,₹/10g,Precious metal
2013-11-25,1241.0999755859375,1241.0999755859375,1229.0,1231.0999755859375,19,62.2400016784668,24635.06,24835.17,24593.04,24835.17,-0.0142102006218352,242.12999999999738,Gold,GC=F,₹/10g,Precious metal
2013-11-26,1241.4000244140625,1243.0,1241.4000244140625,1243.0,178417,62.50299835205078,24978.29,24978.29,24946.14,24946.14,0.004468260132707069,32.150000000001455,Gold,GC=F,₹/10g,Precious metal
2013-11-27,1237.800048828125,1254.800048828125,1235.5,1241.5999755859375,82331,62.459999084472656,24932.99,25198.07,24810.5,24856.68,-0.003586125949746055,387.5699999999997,Gold,GC=F,₹/10g,Precious metal
2013-11-29,1250.5999755859375,1254.5,1233.699951171875,1237.800048828125,9203,62.41299819946289,24837.98,25173.09,24755.71,25094.83,0.00958092552987777,417.380000000001,Gold,GC=F,₹/10g,Precious metal
2013-12-02,1222.300048828125,1251.5,1217.800048828125,1251.4000244140625,4979,62.459999084472656,25129.79,25131.8,24455.06,24545.42,-0.021893354129117526,676.739999999998,Gold,GC=F,₹/10g,Precious metal
2013-12-03,1221.699951171875,1225.699951171875,1215.5999755859375,1219.199951171875,1932,62.31800079345703,24427.51,24557.74,24355.38,24477.6,-0.0027630409257612953,202.36000000000058,Gold,GC=F,₹/10g,Precious metal
2013-12-04,1248.199951171875,1250.4000244140625,1212.9000244140625,1225.0999755859375,1823,62.36299896240234,24563.44,25070.71,24318.83,25026.6,0.022428669477399854,751.8799999999974,Gold,GC=F,₹/10g,Precious metal
2013-12-05,1233.199951171875,1241.5,1218.5999755859375,1240.0,446,61.70000076293945,24597.88,24627.63,24173.36,24462.98,-0.02252083782855041,454.27000000000044,Gold,GC=F,₹/10g,Precious metal
2013-12-06,1230.300048828125,1242.0,1213.0,1228.699951171875,1032,61.58000183105469,24326.31,24589.63,24015.48,24357.99,-0.004291791106398213,574.1500000000015,Gold,GC=F,₹/10g,Precious metal
2013-12-09,1235.300048828125,1243.199951171875,1229.0,1230.199951171875,352,61.150001525878906,24185.94,24441.52,24162.35,24286.21,-0.002946876979586621,279.1700000000019,Gold,GC=F,₹/10g,Precious metal
2013-12-10,1262.4000244140625,1267.0,1239.0,1239.0,882,60.869998931884766,24247.41,24795.37,24247.41,24705.35,0.017258353608899935,547.9599999999991,Gold,GC=F,₹/10g,Precious metal
2013-12-11,1258.5,1261.9000244140625,1252.0999755859375,1261.9000244140625,147,60.97999954223633,24740.19,24740.19,24548.06,24673.53,-0.001287980133857669,192.12999999999738,Gold,GC=F,₹/10g,Precious metal
2013-12-12,1226.0,1255.4000244140625,1225.9000244140625,1253.5,609,61.59000015258789,24821.34,24858.97,24274.82,24276.8,-0.016079174726923884,584.1500000000015,Gold,GC=F,₹/10g,Precious metal
2013-12-13,1235.699951171875,1239.0,1222.199951171875,1226.699951171875,446,62.15999984741211,24515.46,24761.28,24425.53,24695.33,0.017239916298688485,335.75,Gold,GC=F,₹/10g,Precious metal
2013-12-16,1245.5,1250.5999755859375,1228.9000244140625,1238.4000244140625,242,62.1879997253418,24760.44,25004.36,24570.49,24902.39,0.008384581214342823,433.869999999999,Gold,GC=F,₹/10g,Precious metal
2013-12-17,1231.199951171875,1240.4000244140625,1231.199951171875,1237.0,22,61.77999877929688,24570.18,24637.71,24454.97,24454.97,-0.01796695016020544,182.73999999999796,Gold,GC=F,₹/10g,Precious metal
2013-12-18,1236.0999755859375,1245.0999755859375,1217.0,1231.5,114,61.709999084472656,24433.22,24703.05,24145.54,24524.48,0.002842367011695268,557.5099999999984,Gold,GC=F,₹/10g,Precious metal
2013-12-19,1195.0,1226.5999755859375,1188.699951171875,1226.5999755859375,124,62.02999877929688,24462.2,24462.2,23706.35,23832.0,-0.028236276569370666,755.8500000000022,Gold,GC=F,₹/10g,Precious metal
2013-12-20,1205.0999755859375,1207.800048828125,1190.9000244140625,1190.9000244140625,204,62.459999084472656,23914.87,24254.24,23914.87,24200.02,0.015442262504196114,339.3700000000026,Gold,GC=F,₹/10g,Precious metal
2013-12-23,1198.4000244140625,1205.199951171875,1195.9000244140625,1205.199951171875,123,62.02000045776367,24031.54,24031.54,23846.1,23895.95,-0.012564865648871382,185.44000000000233,Gold,GC=F,₹/10g,Precious metal
2013-12-24,1205.0999755859375,1205.5999755859375,1197.699951171875,1199.800048828125,184,61.84000015258789,23854.43,23969.75,23812.68,23959.81,0.0026724193848748357,157.0699999999997,Gold,GC=F,₹/10g,Precious metal
2013-12-26,1214.0999755859375,1215.9000244140625,1207.0999755859375,1207.0999755859375,140,61.790000915527344,23980.17,24154.99,23980.17,24119.23,0.006653642078130018,174.82000000000335,Gold,GC=F,₹/10g,Precious metal
2013-12-27,1216.0999755859375,1218.5,1212.9000244140625,1213.4000244140625,278,61.88999938964844,24144.33,24245.81,24134.38,24198.06,0.0032683464604799095,111.43000000000029,Gold,GC=F,₹/10g,Precious metal
2013-12-30,1203.0999755859375,1215.0,1194.4000244140625,1215.0,351,61.66999816894531,24090.23,24090.23,23681.79,23854.28,-0.014206924026140988,408.4399999999987,Gold,GC=F,₹/10g,Precious metal
2013-12-31,1201.9000244140625,1212.4000244140625,1182.0,1196.4000244140625,124,61.77999877929688,23763.75,24081.56,23477.73,23873.0,0.0007847648304624144,603.8300000000017,Gold,GC=F,₹/10g,Precious metal
2014-01-02,1225.0,1227.300048828125,1204.300048828125,1204.300048828125,209,61.84000015258789,23943.9,24401.19,23943.9,24355.46,0.02020944162861804,457.28999999999724,Gold,GC=F,₹/10g,Precious metal
2014-01-03,1238.4000244140625,1239.0,1221.699951171875,1221.699951171875,142,62.060001373291016,24376.26,24721.44,24376.26,24709.47,0.014535139143337927,345.1800000000003,Gold,GC=F,₹/10g,Precious metal
2014-01-06,1237.800048828125,1247.0,1221.9000244140625,1232.800048828125,127,62.22999954223633,24665.12,24949.22,24447.04,24765.15,0.0022533870617216234,502.1800000000003,Gold,GC=F,₹/10g,Precious metal
2014-01-07,1229.4000244140625,1242.4000244140625,1226.300048828125,1239.300048828125,73,62.310001373291016,24827.04,24889.14,24566.61,24628.71,-0.005509354879740358,322.52999999999884,Gold,GC=F,₹/10g,Precious metal
2014-01-08,1225.300048828125,1227.5,1218.5999755859375,1227.5,189,62.08000183105469,24499.88,24499.88,24322.24,24455.97,-0.00701376564180578,177.63999999999942,Gold,GC=F,₹/10g,Precious metal
2014-01-09,1229.300048828125,1229.300048828125,1225.800048828125,1225.800048828125,7,62.119998931884766,24481.71,24551.62,24481.71,24551.62,0.0039111104568740895,69.90999999999985,Gold,GC=F,₹/10g,Precious metal
2014-01-10,1246.699951171875,1246.800048828125,1234.0,1235.0,58,61.77999877929688,24530.45,24764.84,24510.59,24762.85,0.008603505593520966,254.25,Gold,GC=F,₹/10g,Precious metal
2014-01-13,1250.9000244140625,1252.699951171875,1245.5,1250.5999755859375,46,61.43999862670898,24703.61,24745.09,24602.86,24709.53,-0.002153225497065203,142.22999999999956,Gold,GC=F,₹/10g,Precious metal
2014-01-14,1245.199951171875,1251.300048828125,1242.0,1251.0,37,61.470001220703125,24723.58,24729.5,24545.71,24608.95,-0.0040704942586927695,183.79000000000087,Gold,GC=F,₹/10g,Precious metal
2014-01-15,1238.0999755859375,1243.199951171875,1238.0999755859375,1243.0999755859375,68,61.470001220703125,24567.45,24569.42,24468.63,24468.63,-0.0057019905359635414,100.78999999999724,Gold,GC=F,₹/10g,Precious metal
2014-01-16,1240.0,1242.800048828125,1239.0,1239.300048828125,48,61.540000915527344,24520.24,24589.49,24514.3,24534.09,0.002675262162205261,75.19000000000233,Gold,GC=F,₹/10g,Precious metal
2014-01-17,1251.699951171875,1254.300048828125,1239.699951171875,1239.699951171875,101,61.41999816894531,24480.32,24768.63,24480.32,24717.29,0.007467160999246492,288.3100000000013,Gold,GC=F,₹/10g,Precious metal
2014-01-21,1242.300048828125,1257.5,1240.0,1256.4000244140625,224,61.61800003051758,24890.08,24911.87,24565.18,24610.75,-0.004310343083728019,346.6899999999987,Gold,GC=F,₹/10g,Precious metal
2014-01-22,1239.0,1242.0,1239.0,1241.699951171875,58,61.970001220703125,24739.39,24745.36,24685.59,24685.59,0.003040947553406559,59.77000000000044,Gold,GC=F,₹/10g,Precious metal
2014-01-23,1262.5999755859375,1264.199951171875,1235.199951171875,1235.199951171875,40,61.869998931884766,24570.17,25147.03,24570.17,25115.2,0.017403270491002987,576.8600000000006,Gold,GC=F,₹/10g,Precious metal
2014-01-24,1264.5,1269.4000244140625,1258.300048828125,1258.300048828125,38,62.130001068115234,25134.85,25356.58,25134.85,25258.7,0.0057136714021788215,221.7300000000032,Gold,GC=F,₹/10g,Precious metal
2014-01-27,1263.5999755859375,1264.4000244140625,1254.4000244140625,1259.800048828125,92,62.72999954223633,25407.83,25500.61,25298.93,25484.47,0.008938306405317897,201.6800000000003,Gold,GC=F,₹/10g,Precious metal
2014-01-28,1251.0,1258.4000244140625,1251.0,1257.9000244140625,20,63.380001068115234,25632.39,25642.58,25491.79,25491.79,0.00028723375451789046,150.79000000000087,Gold,GC=F,₹/10g,Precious metal
2014-01-29,1262.199951171875,1262.199951171875,1262.199951171875,1262.199951171875,137028,62.380001068115234,25314.2,25314.2,25314.2,25314.2,-0.006966556683543956,0.0,Gold,GC=F,₹/10g,Precious metal
2014-01-30,1242.199951171875,1267.699951171875,1237.5,1267.0,45276,62.46799850463867,25446.32,25460.38,24853.84,24948.24,-0.014456708092691062,606.5400000000009,Gold,GC=F,₹/10g,Precious metal
2014-01-31,1240.0999755859375,1254.5,1238.4000244140625,1243.5999755859375,5820,62.310001373291016,24913.18,25131.54,24809.01,24843.07,-0.004215527828816845,322.5300000000025,Gold,GC=F,₹/10g,Precious metal
2014-02-03,1260.4000244140625,1266.300048828125,1241.199951171875,1242.4000244140625,2914,62.5,24965.04,25445.29,24940.92,25326.73,0.0194686083483242,504.3700000000026,Gold,GC=F,₹/10g,Precious metal
2014-02-04,1251.699951171875,1260.699951171875,1247.800048828125,1258.4000244140625,1745,62.869998931884766,25436.24,25482.73,25221.98,25300.81,-0.00102342465845362,260.75,Gold,GC=F,₹/10g,Precious metal
2014-02-05,1257.300048828125,1273.699951171875,1253.0999755859375,1254.0,1616,62.130001068115234,25048.96,25442.47,25030.98,25114.88,-0.0073487765806707905,411.4900000000016,Gold,GC=F,₹/10g,Precious metal
2014-02-06,1257.5999755859375,1267.0,1253.5,1258.0,274,62.22999954223633,25169.3,25349.37,25079.27,25161.3,0.001848306661230259,270.09999999999854,Gold,GC=F,₹/10g,Precious metal
2014-02-07,1263.300048828125,1271.4000244140625,1257.9000244140625,1258.300048828125,436,62.22999954223633,25175.31,25437.4,25167.3,25275.34,0.004532357231144646,270.1000000000022,Gold,GC=F,₹/10g,Precious metal
2014-02-10,1274.800048828125,1277.300048828125,1265.699951171875,1269.5999755859375,742,62.09000015258789,25344.24,25497.95,25266.39,25448.05,0.006833142501742717,231.5600000000013,Gold,GC=F,₹/10g,Precious metal
2014-02-11,1290.0999755859375,1292.0,1273.800048828125,1274.0,562,62.448001861572266,25578.71,25940.11,25574.7,25901.96,0.01783673012274023,365.40999999999985,Gold,GC=F,₹/10g,Precious metal
2014-02-12,1295.300048828125,1296.199951171875,1285.5,1290.5,140,62.02999877929688,25736.56,25850.24,25636.85,25832.29,-0.0026897578407193423,213.39000000000306,Gold,GC=F,₹/10g,Precious metal
2014-02-13,1300.4000244140625,1303.5,1287.5,1293.300048828125,877,61.68000030517578,25646.87,25849.14,25531.85,25787.67,-0.001727295566904985,317.2900000000009,Gold,GC=F,₹/10g,Precious metal
2014-02-14,1319.0,1320.699951171875,1301.699951171875,1301.699951171875,308,62.150001525878906,26010.14,26389.8,26010.14,26355.83,0.02203223478507388,379.65999999999985,Gold,GC=F,₹/10g,Precious metal
2014-02-18,1324.699951171875,1330.5999755859375,1313.9000244140625,1322.9000244140625,373,61.790000915527344,26280.64,26433.61,26101.85,26316.4,-0.001496063679269466,331.76000000000204,Gold,GC=F,₹/10g,Precious metal
2014-02-19,1320.5999755859375,1321.5999755859375,1309.0999755859375,1318.300048828125,193,62.209999084472656,26367.27,26433.27,26183.26,26413.27,0.0036809746013892752,250.01000000000204,Gold,GC=F,₹/10g,Precious metal
2014-02-20,1317.0999755859375,1323.5,1309.5999755859375,1310.699951171875,116,62.2599983215332,26236.33,26492.55,26214.31,26364.44,-0.001848691964304372,278.23999999999796,Gold,GC=F,₹/10g,Precious metal
2014-02-21,1323.9000244140625,1328.300048828125,1317.4000244140625,1320.0,171,62.130001068115234,26367.32,26533.12,26315.39,26445.23,0.0030643548658724207,217.72999999999956,Gold,GC=F,₹/10g,Precious metal
2014-02-24,1338.300048828125,1339.0,1321.4000244140625,1324.300048828125,93,62.0099983215332,26402.12,26695.19,26344.31,26681.24,0.008924482789523847,350.8799999999974,Gold,GC=F,₹/10g,Precious metal
2014-02-25,1343.0,1343.9000244140625,1333.0999755859375,1336.4000244140625,290,62.06800079345703,26668.28,26817.94,26602.42,26799.98,0.004450317901266931,215.52000000000044,Gold,GC=F,₹/10g,Precious metal
2014-02-26,1328.199951171875,1342.0,1325.5999755859375,1341.199951171875,485,61.97800064086914,26725.25,26741.2,26414.4,26466.21,-0.012454113771726671,326.7999999999993,Gold,GC=F,₹/10g,Precious metal
2014-02-27,1331.5999755859375,1335.0,1324.5999755859375,1329.300048828125,369,62.150001525878906,26561.64,26675.54,26467.73,26607.6,0.005342283613709586,207.8100000000013,Gold,GC=F,₹/10g,Precious metal
2014-02-28,1321.4000244140625,1332.5999755859375,1321.0999755859375,1329.800048828125,239,62.02000045776367,26516.05,26571.88,26342.57,26348.56,-0.009735564274868769,229.3100000000013,Gold,GC=F,₹/10g,Precious metal
2014-03-03,1350.0999755859375,1354.0999755859375,1332.9000244140625,1335.9000244140625,232,61.81999969482422,26551.78,26913.52,26492.16,26834.02,0.018424536293444538,421.3600000000006,Gold,GC=F,₹/10g,Precious metal
2014-03-04,1337.800048828125,1350.4000244140625,1332.199951171875,1350.4000244140625,80,62.16999816894531,26991.94,26991.94,26628.15,26740.09,-0.0035004073187692164,363.78999999999724,Gold,GC=F,₹/10g,Precious metal
2014-03-05,1340.199951171875,1341.0,1334.800048828125,1334.800048828125,32,61.59999847412109,26435.51,26558.3,26435.51,26542.45,-0.0073911493940371775,122.79000000000087,Gold,GC=F,₹/10g,Precious metal
2014-03-06,1351.699951171875,1351.699951171875,1333.300048828125,1338.0,59,61.74800109863281,26562.55,26834.53,26469.24,26834.53,0.011004259214955514,365.28999999999724,Gold,GC=F,₹/10g,Precious metal
2014-03-07,1338.0999755859375,1352.699951171875,1329.199951171875,1349.5,97,60.79999923706055,26379.54,26442.09,25982.72,26156.7,-0.0252596188567491,459.369999999999,Gold,GC=F,₹/10g,Precious metal
2014-03-10,1341.4000244140625,1344.699951171875,1330.5,1336.0,97,61.22999954223633,26300.35,26471.61,26192.07,26406.65,0.009555869050759558,279.5400000000009,Gold,GC=F,₹/10g,Precious metal
2014-03-11,1346.5,1352.4000244140625,1338.0999755859375,1340.0,53,60.810001373291016,26198.15,26440.58,26161.0,26325.23,-0.003083314240920454,279.58000000000175,Gold,GC=F,₹/10g,Precious metal
2014-03-12,1370.300048828125,1370.5,1348.699951171875,1349.0999755859375,58,61.040000915527344,26475.82,26895.79,26467.97,26891.87,0.021524598265618256,427.8199999999997,Gold,GC=F,₹/10g,Precious metal
2014-03-13,1372.199951171875,1374.5,1366.5,1366.800048828125,23,60.77000045776367,26704.53,26854.97,26698.67,26810.03,-0.003043298959871543,156.3000000000029,Gold,GC=F,₹/10g,Precious metal
2014-03-14,1379.0,1386.5999755859375,1371.0999755859375,1376.0999755859375,91,61.459999084472656,27191.51,27398.99,27092.71,27248.81,0.016366262924733865,306.2800000000025,Gold,GC=F,₹/10g,Precious metal
2014-03-17,1372.9000244140625,1391.4000244140625,1372.199951171875,1386.0999755859375,29,60.97999954223633,27175.2,27279.11,26902.68,26916.41,-0.012198697851392493,376.4300000000003,Gold,GC=F,₹/10g,Precious metal
2014-03-18,1359.0,1361.800048828125,1353.4000244140625,1359.300048828125,35,61.040000915527344,26675.99,26725.06,26560.21,26670.11,-0.00915055165231915,164.85000000000218,Gold,GC=F,₹/10g,Precious metal
2014-03-19,1341.4000244140625,1358.0,1332.699951171875,1357.0999755859375,57,61.108001708984375,26662.49,26680.17,26183.11,26354.04,-0.011851094727393319,497.0599999999977,Gold,GC=F,₹/10g,Precious metal
2014-03-20,1330.5,1333.699951171875,1325.800048828125,1333.699951171875,72,60.95000076293945,26135.01,26135.01,25980.2,26072.3,-0.010690581026666202,154.80999999999767,Gold,GC=F,₹/10g,Precious metal
2014-03-21,1336.0,1339.0999755859375,1335.800048828125,1339.0999755859375,3,61.33300018310547,26405.72,26405.72,26340.64,26344.59,0.010443650924544468,65.08000000000175,Gold,GC=F,₹/10g,Precious metal
2014-03-24,1311.199951171875,1333.0,1310.5,1333.0,103,61.02000045776367,26151.29,26151.29,25709.88,25723.61,-0.023571442941416,441.40999999999985,Gold,GC=F,₹/10g,Precious metal
2014-03-25,1311.4000244140625,1315.5,1307.5,1315.5,46,60.59000015258789,25626.1,25626.1,25470.26,25546.23,-0.006895610686058484,155.84000000000015,Gold,GC=F,₹/10g,Precious metal
2014-03-26,1303.4000244140625,1315.199951171875,1303.4000244140625,1315.199951171875,4,60.220001220703125,25463.8,25463.8,25235.34,25235.34,-0.012169701752469897,228.45999999999913,Gold,GC=F,₹/10g,Precious metal
2014-03-27,1294.699951171875,1294.699951171875,1294.699951171875,1294.699951171875,185016,60.15999984741211,25041.92,25041.92,25041.92,25041.92,-0.007664648068938296,0.0,Gold,GC=F,₹/10g,Precious metal
2014-03-28,1293.800048828125,1299.4000244140625,1285.9000244140625,1292.199951171875,65486,60.23799896240234,25025.97,25165.42,24903.96,25056.96,0.000600592925782184,261.4599999999991,Gold,GC=F,₹/10g,Precious metal
2014-03-31,1283.4000244140625,1298.800048828125,1282.4000244140625,1294.300048828125,4121,59.84000015258789,24901.03,24987.6,24672.08,24691.32,-0.014592352783418194,315.5199999999968,Gold,GC=F,₹/10g,Precious metal
2014-04-01,1279.5999755859375,1287.9000244140625,1277.300048828125,1285.0999755859375,884,59.9900016784668,24786.0,24840.01,24635.57,24679.92,-0.0004617007110191418,204.4399999999987,Gold,GC=F,₹/10g,Precious metal
2014-04-02,1290.5,1294.0999755859375,1280.199951171875,1280.199951171875,1099,59.77999877929688,24605.06,24872.22,24605.06,24803.02,0.004987860576533665,267.15999999999985,Gold,GC=F,₹/10g,Precious metal
2014-04-03,1284.4000244140625,1293.5,1282.699951171875,1290.800048828125,775,59.89799880981445,24857.76,24909.76,24701.77,24734.51,-0.002762163639750348,207.98999999999796,Gold,GC=F,₹/10g,Precious metal
2014-04-04,1303.199951171875,1306.0999755859375,1284.4000244140625,1285.5,976,60.38999938964844,24959.04,25359.0,24937.68,25302.7,0.022971548658129892,421.3199999999997,Gold,GC=F,₹/10g,Precious metal
2014-04-07,1298.0,1304.0,1296.300048828125,1301.4000244140625,361,59.66999816894531,24966.49,25016.37,24868.66,24901.27,-0.01586510530496743,147.70999999999913,Gold,GC=F,₹/10g,Precious metal
2014-04-08,1308.699951171875,1314.0999755859375,1296.5999755859375,1296.5999755859375,264,60.119998931884766,25062.0,25400.26,25062.0,25295.88,0.015846982904887952,338.2599999999984,Gold,GC=F,₹/10g,Precious metal
2014-04-09,1305.5,1313.5999755859375,1301.0999755859375,1309.5,191,60.09000015258789,25298.71,25377.92,25136.43,25221.44,-0.00294277170827828,241.48999999999796,Gold,GC=F,₹/10g,Precious metal
2014-04-10,1320.0999755859375,1323.800048828125,1311.199951171875,1311.800048828125,127,59.959999084472656,25288.32,25519.65,25276.75,25448.32,0.00899552127079195,242.90000000000146,Gold,GC=F,₹/10g,Precious metal
2014-04-11,1318.699951171875,1322.800048828125,1316.300048828125,1319.0,76,60.29999923706055,25571.3,25644.97,25518.96,25565.48,0.004603840253502023,126.01000000000204,Gold,GC=F,₹/10g,Precious metal
2014-04-14,1327.199951171875,1330.0,1320.0999755859375,1320.0999755859375,328,60.34000015258789,25609.6,25801.66,25609.6,25747.34,0.00711349835794195,192.0600000000013,Gold,GC=F,₹/10g,Precious metal
2014-04-15,1300.0,1322.699951171875,1291.5,1322.699951171875,238,60.34000015258789,25660.04,25660.04,25054.77,25219.67,-0.020494155901153333,605.2700000000004,Gold,GC=F,₹/10g,Precious metal
2014-04-16,1303.0999755859375,1303.5,1295.0,1302.699951171875,177,60.29999923706055,25255.29,25270.81,25106.02,25263.05,0.0017200859487851439,164.79000000000087,Gold,GC=F,₹/10g,Precious metal
2014-04-17,1293.4000244140625,1303.0,1292.5,1300.0999755859375,124,60.25,25183.99,25240.17,25036.77,25054.21,-0.00826661863868372,203.39999999999782,Gold,GC=F,₹/10g,Precious metal
2014-04-21,1288.0,1299.199951171875,1283.800048828125,1290.0,100,60.150001525878906,24946.87,25124.79,24826.97,24908.19,-0.005828162213057264,297.8199999999997,Gold,GC=F,₹/10g,Precious metal
2014-04-22,1280.5999755859375,1291.5999755859375,1276.0,1289.199951171875,100,60.47999954223633,25068.18,25114.85,24811.51,24900.96,-0.0002902659727583856,303.34000000000015,Gold,GC=F,₹/10g,Precious metal
2014-04-23,1284.199951171875,1287.699951171875,1282.4000244140625,1284.300048828125,176,60.757999420166016,25087.69,25154.11,25050.58,25085.74,0.007420597438813736,103.52999999999884,Gold,GC=F,₹/10g,Precious metal
2014-04-24,1290.5,1297.9000244140625,1272.4000244140625,1284.5999755859375,522,61.0099983215332,25197.63,25458.51,24958.32,25313.36,0.00907368090397176,500.1899999999987,Gold,GC=F,₹/10g,Precious metal
2014-04-25,1300.699951171875,1304.5999755859375,1293.800048828125,1293.800048828125,274,61.119998931884766,25423.85,25636.07,25423.85,25559.43,0.009720953678215682,212.22000000000116,Gold,GC=F,₹/10g,Precious metal
2014-04-28,1298.9000244140625,1305.4000244140625,1293.0,1305.4000244140625,388,60.63800048828125,25449.5,25449.5,25207.75,25322.78,-0.009258813674639876,241.75,Gold,GC=F,₹/10g,Precious metal
2014-04-29,1296.0,1300.5,1289.0999755859375,1295.5,904,60.64300155639648,25258.57,25356.06,25133.79,25268.32,-0.0021506327504325906,222.27000000000044,Gold,GC=F,₹/10g,Precious metal
2014-04-30,1295.5999755859375,1296.5,1286.5999755859375,1296.0,181,60.417999267578125,25174.57,25184.28,24991.98,25166.8,-0.004017679054246548,192.29999999999927,Gold,GC=F,₹/10g,Precious metal
2014-05-01,1283.0999755859375,1288.699951171875,1278.0,1288.699951171875,25,60.119998931884766,24909.3,24909.3,24702.48,24801.06,-0.014532638237678142,206.8199999999997,Gold,GC=F,₹/10g,Precious metal
2014-05-02,1302.5999755859375,1302.699951171875,1276.699951171875,1276.699951171875,90,60.13999938964844,24685.56,25188.28,24685.56,25186.35,0.015535223091271089,502.7199999999975,Gold,GC=F,₹/10g,Precious metal
2014-05-05,1309.0,1314.199951171875,1305.5,1305.5999755859375,31,60.02000045776367,25193.98,25359.94,25192.06,25259.59,0.0029079243320291326,167.87999999999738,Gold,GC=F,₹/10g,Precious metal
2014-05-06,1308.300048828125,1309.4000244140625,1306.9000244140625,1309.4000244140625,14,60.11000061035156,25305.2,25305.2,25256.89,25283.94,0.0009639903102147684,48.31000000000131,Gold,GC=F,₹/10g,Precious metal
2014-05-07,1288.5999755859375,1312.0,1288.0,1310.300048828125,21,59.97800064086914,25266.99,25299.77,24836.97,24848.54,-0.017220417387479925,462.7999999999993,Gold,GC=F,₹/10g,Precious metal
2014-05-08,1287.4000244140625,1291.5,1285.5,1291.5,65,59.88999938964844,24867.92,24867.92,24752.39,24788.97,-0.002397323947402885,115.52999999999884,Gold,GC=F,₹/10g,Precious metal
2014-05-09,1287.300048828125,1287.300048828125,1287.300048828125,1287.300048828125,3,59.93000030517578,24803.6,24803.6,24803.6,24803.6,0.0005901818429727701,0.0,Gold,GC=F,₹/10g,Precious metal
2014-05-12,1295.5999755859375,1295.9000244140625,1281.199951171875,1282.0999755859375,19,59.84999847412109,24670.43,24935.98,24653.11,24930.2,0.005104097792256068,282.869999999999,Gold,GC=F,₹/10g,Precious metal
2014-05-13,1294.5999755859375,1295.5,1292.0,1295.5,20,59.41999816894531,24749.18,24749.18,24682.31,24731.98,-0.00795099918973774,66.86999999999898,Gold,GC=F,₹/10g,Precious metal
2014-05-14,1305.699951171875,1306.9000244140625,1292.800048828125,1292.800048828125,25,59.310001373291016,24651.88,24920.75,24651.88,24897.86,0.006707105537041569,268.869999999999,Gold,GC=F,₹/10g,Precious metal
2014-05-15,1293.5,1302.5,1292.800048828125,1302.5,27,59.400001525878906,24874.53,24874.53,24689.29,24702.65,-0.00784043287254399,185.23999999999796,Gold,GC=F,₹/10g,Precious metal
2014-05-16,1293.300048828125,1293.300048828125,1293.300048828125,1293.300048828125,8,59.33000183105469,24669.73,24669.73,24669.73,24669.73,-0.0013326505455892868,0.0,Gold,GC=F,₹/10g,Precious metal
2014-05-19,1293.699951171875,1293.699951171875,1293.699951171875,1293.699951171875,44,58.560001373291016,24357.09,24357.09,24357.09,24357.09,-0.012673020742424046,0.0,Gold,GC=F,₹/10g,Precious metal
2014-05-20,1294.5,1294.5,1290.0999755859375,1290.699951171875,8,58.36800003051758,24220.93,24292.24,24209.67,24292.24,-0.0026624691209006235,82.57000000000335,Gold,GC=F,₹/10g,Precious metal
2014-05-21,1288.0,1288.0,1287.4000244140625,1287.4000244140625,2,58.58300018310547,24248.0,24259.3,24248.0,24259.3,-0.001355988579068934,11.299999999999272,Gold,GC=F,₹/10g,Precious metal
2014-05-22,1294.9000244140625,1295.0,1294.199951171875,1294.199951171875,4,58.6879997253418,24419.76,24434.86,24419.76,24432.97,0.0071589040079476085,15.100000000002183,Gold,GC=F,₹/10g,Precious metal
2014-05-23,1291.5999755859375,1293.4000244140625,1291.5999755859375,1293.199951171875,3,58.27799987792969,24230.43,24234.18,24200.45,24200.45,-0.009516649019746692,33.72999999999956,Gold,GC=F,₹/10g,Precious metal
2014-05-27,1265.4000244140625,1291.9000244140625,1265.4000244140625,1291.9000244140625,25,58.650001525878906,24360.58,24360.58,23860.89,23860.89,-0.01403114404897432,499.6900000000023,Gold,GC=F,₹/10g,Precious metal
2014-05-28,1259.300048828125,1259.300048828125,1259.300048828125,1259.300048828125,168825,59.03799819946289,23902.95,23902.95,23902.95,23902.95,0.0017627171492764493,0.0,Gold,GC=F,₹/10g,Precious metal
2014-05-29,1256.300048828125,1260.5999755859375,1250.9000244140625,1258.300048828125,38045,58.83000183105469,23799.83,23843.33,23659.86,23762.0,-0.005896761696777997,183.47000000000116,Gold,GC=F,₹/10g,Precious metal
2014-05-30,1245.5999755859375,1259.5999755859375,1241.800048828125,1255.0999755859375,3839,58.900001525878906,23767.55,23852.76,23515.69,23587.65,-0.007337345341301149,337.0699999999997,Gold,GC=F,₹/10g,Precious metal
2014-06-02,1243.699951171875,1250.699951171875,1240.9000244140625,1250.0,774,59.1879997253418,23786.71,23800.03,23613.55,23666.83,0.0033568413979350176,186.47999999999956,Gold,GC=F,₹/10g,Precious metal
2014-06-03,1244.300048828125,1247.5,1240.5,1244.0999755859375,654,59.15999984741211,23663.24,23727.91,23594.77,23667.04,8.87317819908695e-06,133.13999999999942,Gold,GC=F,₹/10g,Precious metal
2014-06-04,1244.0,1248.800048828125,1242.699951171875,1245.0999755859375,604,59.29999923706055,23738.3,23808.85,23692.54,23717.33,0.00212489605797761,116.30999999999767,Gold,GC=F,₹/10g,Precious metal
2014-06-05,1253.0,1256.5999755859375,1241.199951171875,1244.0,1317,59.2599983215332,23701.33,23941.39,23647.98,23872.8,0.0065551223514619394,293.40999999999985,Gold,GC=F,₹/10g,Precious metal
2014-06-06,1252.0999755859375,1256.5999755859375,1246.300048828125,1253.4000244140625,381,59.16299819946289,23841.34,23902.2,23706.29,23816.61,-0.0023537247411279383,195.90999999999985,Gold,GC=F,₹/10g,Precious metal
2014-06-09,1253.5,1256.0999755859375,1252.5999755859375,1252.699951171875,97,59.167999267578125,23830.04,23894.71,23828.13,23845.25,0.0012025221053710844,66.57999999999811,Gold,GC=F,₹/10g,Precious metal
2014-06-10,1259.800048828125,1262.300048828125,1251.0,1252.4000244140625,1007,59.198001861572266,23836.41,24024.83,23809.76,23977.25,0.005535693691615773,215.07000000000335,Gold,GC=F,₹/10g,Precious metal
2014-06-11,1260.800048828125,1264.4000244140625,1259.0999755859375,1259.9000244140625,128,59.119998931884766,23947.56,24033.09,23932.35,23964.67,-0.0005246640044209716,100.7400000000016,Gold,GC=F,₹/10g,Precious metal
2014-06-12,1273.5999755859375,1274.5,1260.0,1260.0,129,59.33300018310547,24035.75,24312.35,24035.75,24295.18,0.013791552314302846,276.59999999999854,Gold,GC=F,₹/10g,Precious metal
2014-06-13,1273.699951171875,1274.699951171875,1271.300048828125,1272.5,145,59.28799819946289,24255.78,24297.72,24232.91,24278.66,-0.0006799702657070972,64.81000000000131,Gold,GC=F,₹/10g,Precious metal
2014-06-16,1274.9000244140625,1282.0999755859375,1270.800048828125,1279.800048828125,334,59.70299911499024,24565.69,24609.84,24392.94,24471.64,0.007948544112401645,216.90000000000146,Gold,GC=F,₹/10g,Precious metal
2014-06-17,1271.699951171875,1272.800048828125,1260.9000244140625,1272.800048828125,819,60.09000015258789,24589.69,24589.69,24359.79,24568.44,0.0039555992160720255,229.89999999999782,Gold,GC=F,₹/10g,Precious metal
2014-06-18,1272.4000244140625,1272.699951171875,1267.4000244140625,1269.9000244140625,143,60.323001861572266,24628.8,24683.1,24580.31,24677.28,0.004430073704313253,102.78999999999724,Gold,GC=F,₹/10g,Precious metal
2014-06-19,1313.699951171875,1321.0,1277.199951171875,1277.199951171875,601,59.810001373291016,24559.72,25401.97,24559.72,25261.59,0.023678055279998445,842.25,Gold,GC=F,₹/10g,Precious metal
2014-06-20,1316.199951171875,1321.4000244140625,1306.800048828125,1321.4000244140625,254,60.15999984741211,25558.35,25558.35,25275.96,25457.77,0.007765940307003616,282.3899999999994,Gold,GC=F,₹/10g,Precious metal
2014-06-23,1318.0,1318.0,1312.300048828125,1312.300048828125,142,60.167999267578125,25385.72,25495.98,25385.72,25495.98,0.0015009170088347012,110.2599999999984,Gold,GC=F,₹/10g,Precious metal
2014-06-24,1320.9000244140625,1325.5999755859375,1315.5999755859375,1315.5999755859375,223,60.15299987792969,25443.21,25636.61,25443.21,25545.71,0.0019505035695823736,193.40000000000146,Gold,GC=F,₹/10g,Precious metal
2014-06-25,1322.199951171875,1323.4000244140625,1312.0,1315.300048828125,294,60.18999862670898,25453.05,25609.8,25389.19,25586.58,0.0015998772396619287,220.61000000000058,Gold,GC=F,₹/10g,Precious metal
2014-06-26,1316.0999755859375,1319.5999755859375,1312.4000244140625,1319.5999755859375,1204,59.95000076293945,25434.44,25434.44,25295.67,25366.98,-0.00858262417251554,138.77000000000044,Gold,GC=F,₹/10g,Precious metal
2014-06-27,1319.0,1320.9000244140625,1313.300048828125,1317.4000244140625,625,60.08000183105469,25447.1,25514.71,25367.91,25478.01,0.004376949877360259,146.79999999999927,Gold,GC=F,₹/10g,Precious metal
2014-06-30,1321.800048828125,1328.699951171875,1311.800048828125,1315.300048828125,744,60.03799819946289,25388.78,25647.43,25321.22,25514.24,0.0014220105887392531,326.2099999999991,Gold,GC=F,₹/10g,Precious metal
2014-07-01,1326.4000244140625,1331.4000244140625,1326.199951171875,1326.699951171875,51,59.970001220703125,25579.82,25670.44,25570.18,25574.04,0.002343789193799184,100.2599999999984,Gold,GC=F,₹/10g,Precious metal
2014-07-02,1330.699951171875,1330.699951171875,1326.800048828125,1326.800048828125,226,60.02799987792969,25606.49,25681.76,25606.49,25681.76,0.004212083816244716,75.2699999999968,Gold,GC=F,₹/10g,Precious metal
2014-07-03,1320.4000244140625,1327.699951171875,1313.0,1327.300048828125,40,59.43999862670898,25365.22,25372.86,25091.94,25233.36,-0.01745986256393639,280.9200000000019,Gold,GC=F,₹/10g,Precious metal
2014-07-07,1316.5,1320.300048828125,1313.199951171875,1318.699951171875,93,59.71799850463867,25318.73,25349.45,25213.13,25276.49,0.0017092452214053644,136.3199999999997,Gold,GC=F,₹/10g,Precious metal
2014-07-08,1316.0,1323.5,1316.0,1318.4000244140625,6,59.948001861572266,25410.47,25508.76,25364.21,25364.21,0.003470418558905841,144.54999999999927,Gold,GC=F,₹/10g,Precious metal
2014-07-09,1323.800048828125,1330.4000244140625,1323.800048828125,1324.0,16,59.74800109863281,25433.26,25556.2,25429.42,25429.42,0.002570945438474137,126.78000000000247,Gold,GC=F,₹/10g,Precious metal
2014-07-10,1338.699951171875,1343.699951171875,1328.0,1330.5,28,59.757999420166016,25562.4,25816.01,25514.37,25719.94,0.011424562573586039,301.6399999999994,Gold,GC=F,₹/10g,Precious metal
2014-07-11,1337.0,1339.0,1336.199951171875,1337.9000244140625,112,60.1879997253418,25889.54,25910.82,25856.64,25872.12,0.0059168100703190785,54.18000000000029,Gold,GC=F,₹/10g,Precious metal
2014-07-14,1306.300048828125,1332.800048828125,1304.699951171875,1332.800048828125,103,60.0880012512207,25748.0,25748.0,25205.14,25236.05,-0.024585151893234847,542.8600000000006,Gold,GC=F,₹/10g,Precious metal
2014-07-15,1296.9000244140625,1311.9000244140625,1294.0999755859375,1307.4000244140625,368,60.060001373291016,25245.53,25332.43,24988.71,25042.78,-0.007658488551100517,343.72000000000116,Gold,GC=F,₹/10g,Precious metal
2014-07-16,1299.5999755859375,1303.0999755859375,1296.9000244140625,1298.4000244140625,34,60.16999816894531,25117.66,25208.59,25088.65,25140.88,0.003917296721849706,119.93999999999869,Gold,GC=F,₹/10g,Precious metal
2014-07-17,1316.699951171875,1323.800048828125,1303.0999755859375,1303.0999755859375,16,60.08000183105469,25170.88,25570.73,25170.88,25433.58,0.01164239278816015,399.84999999999854,Gold,GC=F,₹/10g,Precious metal
2014-07-18,1309.199951171875,1322.699951171875,1306.199951171875,1322.699951171875,27,60.59999847412109,25770.61,25770.61,25449.13,25507.58,0.0029095392783871077,321.47999999999956,Gold,GC=F,₹/10g,Precious metal
2014-07-21,1313.699951171875,1315.5,1311.0,1311.0,18,60.27799987792969,25406.93,25494.14,25406.93,25459.26,-0.001894338859272593,87.20999999999913,Gold,GC=F,₹/10g,Precious metal
2014-07-22,1306.0999755859375,1306.0999755859375,1306.0999755859375,1306.0999755859375,2,60.25,25300.21,25300.21,25300.21,25300.21,-0.006247235779830218,0.0,Gold,GC=F,₹/10g,Precious metal
2014-07-23,1304.5,1304.5,1304.5,1304.5,0,60.09799957275391,25205.47,25205.47,25205.47,25205.47,-0.0037446329496868547,0.0,Gold,GC=F,₹/10g,Precious metal
2014-07-24,1290.5999755859375,1297.5,1290.5999755859375,1297.5,1,59.86000061035156,24970.94,24970.94,24838.14,24838.14,-0.014573423943294972,132.79999999999927,Gold,GC=F,₹/10g,Precious metal
2014-07-25,1303.0999755859375,1303.0999755859375,1294.800048828125,1294.800048828125,8,60.060001373291016,25002.23,25162.5,25002.23,25162.5,0.01305894885848935,160.27000000000044,Gold,GC=F,₹/10g,Precious metal
2014-07-28,1303.300048828125,1308.0,1303.300048828125,1307.4000244140625,52,60.053001403808594,25242.59,25254.18,25163.43,25163.43,3.69597615499373e-05,90.75,Gold,GC=F,₹/10g,Precious metal
2014-07-29,1298.300048828125,1310.9000244140625,1298.300048828125,1310.9000244140625,181554,60.04999923706055,25308.9,25308.9,25065.64,25065.64,-0.0038861951649675763,243.26000000000204,Gold,GC=F,₹/10g,Precious metal
2014-07-30,1294.9000244140625,1303.0,1291.0,1298.5999755859375,36189,60.040000915527344,25067.26,25152.19,24920.55,24995.84,-0.0027846885218171247,231.63999999999942,Gold,GC=F,₹/10g,Precious metal
2014-07-31,1281.300048828125,1297.300048828125,1280.5999755859375,1295.0999755859375,5663,60.25,25087.14,25129.75,24806.26,24819.82,-0.007041971784104928,323.4900000000016,Gold,GC=F,₹/10g,Precious metal
2014-08-01,1293.5999755859375,1296.5999755859375,1279.699951171875,1284.0999755859375,1985,60.77000045776367,25088.74,25332.96,25002.77,25274.35,0.018313186799904235,330.1899999999987,Gold,GC=F,₹/10g,Precious metal
2014-08-04,1287.699951171875,1295.0,1285.9000244140625,1294.4000244140625,917,61.20800018310547,25472.26,25484.06,25304.99,25340.41,0.0026137170688860234,179.0699999999997,Gold,GC=F,₹/10g,Precious metal
2014-08-05,1284.0,1292.699951171875,1282.5999755859375,1288.0,825,60.900001525878906,25218.77,25310.79,25113.04,25140.45,-0.007890953619140273,197.75,Gold,GC=F,₹/10g,Precious metal
2014-08-06,1306.699951171875,1309.0,1287.800048828125,1288.0999755859375,706,60.84299850463867,25197.12,25605.96,25191.25,25560.96,0.016726430911141232,414.7099999999991,Gold,GC=F,₹/10g,Precious metal
2014-08-07,1310.800048828125,1313.0999755859375,1302.5,1305.300048828125,225,61.18999862670898,25679.2,25832.65,25624.12,25787.4,0.008858822203861028,208.53000000000247,Gold,GC=F,₹/10g,Precious metal
2014-08-08,1308.9000244140625,1321.4000244140625,1308.0,1310.800048828125,586,61.23799896240234,25807.63,26016.33,25752.5,25770.22,-0.0006662168345781261,263.83000000000175,Gold,GC=F,₹/10g,Precious metal
2014-08-11,1308.5,1309.699951171875,1305.300048828125,1308.4000244140625,194,61.13800048828125,25718.32,25743.87,25657.38,25720.28,-0.0019378957571958288,86.48999999999796,Gold,GC=F,₹/10g,Precious metal
2014-08-12,1308.800048828125,1315.800048828125,1305.800048828125,1306.199951171875,438,61.119998931884766,25667.51,25856.16,25659.65,25718.6,-6.531810695686868e-05,196.5099999999984,Gold,GC=F,₹/10g,Precious metal
2014-08-13,1312.800048828125,1312.800048828125,1305.0,1308.800048828125,238,61.220001220703125,25760.68,25839.41,25685.89,25839.41,0.0046973785509321075,153.52000000000044,Gold,GC=F,₹/10g,Precious metal
2014-08-14,1313.9000244140625,1316.4000244140625,1309.699951171875,1311.800048828125,320,61.02000045776367,25735.38,25825.62,25694.18,25776.58,-0.0024315570672859277,131.4399999999987,Gold,GC=F,₹/10g,Precious metal
2014-08-15,1304.5,1312.800048828125,1292.0,1311.699951171875,199,60.63999938964844,25573.16,25594.61,25189.09,25432.79,-0.013337300759061144,405.52000000000044,Gold,GC=F,₹/10g,Precious metal
2014-08-18,1297.699951171875,1302.0999755859375,1295.699951171875,1301.4000244140625,100,60.77299880981445,25428.0,25441.68,25316.63,25355.71,-0.003030733159830379,125.04999999999927,Gold,GC=F,₹/10g,Precious metal
2014-08-19,1295.0999755859375,1301.5999755859375,1294.0,1298.800048828125,144,60.81999969482422,25396.83,25451.58,25302.97,25324.47,-0.0012320696206100656,148.61000000000058,Gold,GC=F,₹/10g,Precious metal
2014-08-20,1293.4000244140625,1295.800048828125,1288.4000244140625,1295.4000244140625,332,60.7400016784668,25297.02,25304.84,25160.33,25257.97,-0.0026259187260384564,144.5099999999984,Gold,GC=F,₹/10g,Precious metal
2014-08-21,1273.699951171875,1290.0,1272.0,1290.0,264,60.608001708984375,25136.82,25136.82,24786.08,24819.2,-0.01737154648611905,350.73999999999796,Gold,GC=F,₹/10g,Precious metal
2014-08-22,1278.5999755859375,1280.0,1275.0,1276.0,119,60.43999862670898,24795.1,24872.83,24775.67,24845.62,0.0010644984528107582,97.16000000000349,Gold,GC=F,₹/10g,Precious metal
2014-08-25,1277.300048828125,1277.5999755859375,1273.699951171875,1277.300048828125,251,60.4630012512207,24829.81,24835.64,24759.83,24829.81,-0.000636329461691787,75.80999999999767,Gold,GC=F,₹/10g,Precious metal
2014-08-26,1283.800048828125,1289.5,1281.0999755859375,1289.4000244140625,74,60.5099983215332,25084.51,25086.45,24923.03,24975.56,0.005869960342024472,163.4200000000019,Gold,GC=F,₹/10g,Precious metal
2014-08-27,1281.9000244140625,1282.300048828125,1281.5,1281.5,783,60.428001403808594,24897.03,24912.58,24897.03,24904.8,-0.0028331697067053296,15.55000000000291,Gold,GC=F,₹/10g,Precious metal
2014-08-28,1288.699951171875,1293.699951171875,1284.300048828125,1284.5,817,60.448001861572266,24963.58,25142.37,24959.69,25045.2,0.005637467476149238,182.6800000000003,Gold,GC=F,₹/10g,Precious metal
2014-08-29,1285.800048828125,1289.699951171875,1284.800048828125,1289.5,116,60.61000061035156,25127.91,25131.81,25036.32,25055.81,0.00042363406960221894,95.4900000000016,Gold,GC=F,₹/10g,Precious metal
2014-09-02,1263.699951171875,1286.4000244140625,1262.5,1284.5,280,60.52299880981445,24994.55,25031.52,24566.46,24589.81,-0.018598480751570223,465.0600000000013,Gold,GC=F,₹/10g,Precious metal
2014-09-03,1268.9000244140625,1271.0999755859375,1263.0999755859375,1266.300048828125,279,60.678001403808594,24703.51,24797.15,24641.08,24754.23,0.006686509574494348,156.0699999999997,Gold,GC=F,₹/10g,Precious metal
2014-09-04,1265.0999755859375,1272.699951171875,1260.4000244140625,1268.699951171875,290,60.38999938964844,24632.85,24710.51,24471.7,24562.95,-0.007727164205875048,238.80999999999767,Gold,GC=F,₹/10g,Precious metal
2014-09-05,1265.800048828125,1268.0999755859375,1263.199951171875,1263.199951171875,123,60.369998931884766,24517.94,24613.05,24517.94,24568.41,0.00022228600392049103,95.11000000000058,Gold,GC=F,₹/10g,Precious metal
2014-09-08,1252.699951171875,1268.4000244140625,1252.699951171875,1268.4000244140625,2,60.38800048828125,24626.21,24626.21,24321.39,24321.39,-0.010054374703124869,304.8199999999997,Gold,GC=F,₹/10g,Precious metal
2014-09-09,1246.800048828125,1246.800048828125,1246.800048828125,1246.800048828125,0,60.380001068115234,24203.64,24203.64,24203.64,24203.64,-0.004841417369648715,0.0,Gold,GC=F,₹/10g,Precious metal
2014-09-10,1243.5,1256.699951171875,1243.5,1256.699951171875,95,60.790000915527344,24561.48,24561.48,24303.49,24303.49,0.004125412541254203,257.98999999999796,Gold,GC=F,₹/10g,Precious metal
2014-09-11,1237.4000244140625,1237.4000244140625,1237.4000244140625,1237.4000244140625,0,60.79999923706055,24188.25,24188.25,24188.25,24188.25,-0.004741705820851316,0.0,Gold,GC=F,₹/10g,Precious metal
2014-09-12,1229.9000244140625,1229.9000244140625,1227.0,1227.0,47,60.810001373291016,23988.9,24045.6,23988.9,24045.6,-0.0058974915506496695,56.69999999999709,Gold,GC=F,₹/10g,Precious metal
2014-09-15,1233.5999755859375,1235.0,1226.699951171875,1226.699951171875,21,60.64799880981445,23919.14,24080.98,23919.14,24053.68,0.0003360282130620007,161.84000000000015,Gold,GC=F,₹/10g,Precious metal
2014-09-16,1235.199951171875,1238.300048828125,1235.199951171875,1238.300048828125,3,60.970001220703125,24273.52,24273.52,24212.76,24212.76,0.006613541046525784,60.76000000000204,Gold,GC=F,₹/10g,Precious metal
2014-09-17,1234.4000244140625,1236.199951171875,1221.9000244140625,1236.199951171875,10,61.053001403808594,24265.35,24265.35,23984.65,24230.01,0.0007124342701947395,280.6999999999971,Gold,GC=F,₹/10g,Precious metal
2014-09-18,1225.699951171875,1225.699951171875,1216.199951171875,1216.199951171875,5,60.90800094604492,23816.07,24002.1,23816.07,24002.1,-0.009406104248409264,186.02999999999884,Gold,GC=F,₹/10g,Precious metal
2014-09-19,1215.300048828125,1218.300048828125,1215.300048828125,1218.300048828125,4,60.68999862670898,23771.8,23771.8,23713.27,23713.27,-0.012033530399423342,58.529999999998836,Gold,GC=F,₹/10g,Precious metal
2014-09-22,1216.800048828125,1216.800048828125,1212.4000244140625,1214.9000244140625,7,60.85300064086914,23769.13,23806.3,23720.22,23806.3,0.00392311983965099,86.07999999999811,Gold,GC=F,₹/10g,Precious metal
2014-09-23,1221.0,1221.0,1221.0,1221.0,5,61.0,23946.18,23946.18,23946.18,23946.18,0.005875755577305242,0.0,Gold,GC=F,₹/10g,Precious metal
2014-09-24,1218.5999755859375,1218.5999755859375,1216.800048828125,1218.5999755859375,2,60.97999954223633,23891.27,23891.27,23855.99,23891.27,-0.002293058851140395,35.279999999998836,Gold,GC=F,₹/10g,Precious metal
2014-09-25,1221.199951171875,1221.199951171875,1209.5,1209.5,11,60.810001373291016,23646.76,23875.5,23646.76,23875.5,-0.0006600737424172776,228.7400000000016,Gold,GC=F,₹/10g,Precious metal
2014-09-26,1214.0999755859375,1214.0999755859375,1214.0999755859375,1214.0999755859375,19497,61.4900016784668,24002.13,24002.13,24002.13,24002.13,0.005303763271973461,0.0,Gold,GC=F,₹/10g,Precious metal
2014-09-29,1217.5,1222.199951171875,1214.800048828125,1216.300048828125,6344,61.13800048828125,23907.97,24023.94,23878.49,23931.56,-0.0029401557278457835,145.4499999999971,Gold,GC=F,₹/10g,Precious metal
2014-09-30,1210.5,1218.199951171875,1204.0,1214.800048828125,680,61.553001403808594,24040.57,24107.85,23826.84,23955.47,0.0009990990975932146,281.0099999999984,Gold,GC=F,₹/10g,Precious metal
2014-10-01,1214.5999755859375,1217.800048828125,1205.5,1207.699951171875,178,61.81999969482422,24003.73,24204.48,23960.01,24140.87,0.007739359737045426,244.47000000000116,Gold,GC=F,₹/10g,Precious metal
2014-10-02,1214.199951171875,1219.5,1210.300048828125,1215.300048828125,176,61.7130012512207,24112.98,24196.31,24013.78,24091.15,-0.0020595778031197165,182.53000000000247,Gold,GC=F,₹/10g,Precious metal
2014-10-03,1192.199951171875,1212.4000244140625,1191.0,1212.4000244140625,499,61.43999862670898,23949.03,23949.03,23526.3,23550.01,-0.02246219047243503,422.72999999999956,Gold,GC=F,₹/10g,Precious metal
2014-10-06,1206.699951171875,1208.0,1182.800048828125,1187.699951171875,415,61.53799819946289,23498.54,23900.17,23401.59,23874.45,0.013776639585291184,498.5799999999981,Gold,GC=F,₹/10g,Precious metal
2014-10-07,1211.699951171875,1211.699951171875,1205.300048828125,1209.0999755859375,272,61.209999084472656,23794.43,23845.6,23719.65,23845.6,-0.001208404800948415,125.94999999999709,Gold,GC=F,₹/10g,Precious metal
2014-10-08,1205.300048828125,1217.9000244140625,1205.300048828125,1210.199951171875,9,61.27000045776367,23839.42,23991.11,23742.9,23742.9,-0.0043068742241754165,248.20999999999913,Gold,GC=F,₹/10g,Precious metal
2014-10-09,1224.5999755859375,1229.0,1223.9000244140625,1223.9000244140625,19,60.880001068115234,23955.84,24055.66,23955.84,23969.54,0.009545590471256693,99.81999999999971,Gold,GC=F,₹/10g,Precious metal
2014-10-10,1221.0,1223.5,1217.0,1223.5,186,61.02000045776367,24003.08,24003.08,23875.56,23954.03,-0.0006470712412504076,127.52000000000044,Gold,GC=F,₹/10g,Precious metal
2014-10-13,1229.300048828125,1234.0,1227.0,1229.800048828125,103,61.27799987792969,24228.68,24311.43,24173.52,24218.83,0.011054507320897633,137.90999999999985,Gold,GC=F,₹/10g,Precious metal
2014-10-14,1233.5999755859375,1235.9000244140625,1233.5999755859375,1235.9000244140625,73,61.00299835205078,24239.59,24239.59,24194.48,24194.48,-0.001005416033722617,45.11000000000058,Gold,GC=F,₹/10g,Precious metal
2014-10-15,1244.0999755859375,1247.0,1243.699951171875,1243.699951171875,250,61.39300155639648,24548.51,24613.65,24548.51,24556.41,0.01495919730450912,65.14000000000306,Gold,GC=F,₹/10g,Precious metal
2014-10-16,1240.5,1243.0,1236.699951171875,1242.0999755859375,6,61.37300109863281,24508.95,24526.71,24402.39,24477.38,-0.0032183043042528503,124.31999999999971,Gold,GC=F,₹/10g,Precious metal
2014-10-17,1238.300048828125,1238.300048828125,1232.5999755859375,1237.4000244140625,356,61.72299957275391,24555.45,24573.31,24460.2,24573.31,0.003919128599547905,113.11000000000058,Gold,GC=F,₹/10g,Precious metal
2014-10-20,1244.0,1244.0,1235.4000244140625,1237.300048828125,105,61.358001708984375,24408.27,24540.44,24370.79,24540.44,-0.001337630136111212,169.64999999999782,Gold,GC=F,₹/10g,Precious metal
2014-10-21,1251.0,1251.0,1251.0,1251.0,48,61.22800064086914,24626.24,24626.24,24626.24,24626.24,0.003496269830532972,0.0,Gold,GC=F,₹/10g,Precious metal
2014-10-22,1244.800048828125,1244.800048828125,1244.800048828125,1244.800048828125,2,61.14300155639648,24470.18,24470.18,24470.18,24470.18,-0.006337142820016406,0.0,Gold,GC=F,₹/10g,Precious metal
2014-10-23,1228.5,1228.5,1227.9000244140625,1228.0,2,61.09999847412109,24122.94,24132.77,24120.98,24132.77,-0.013788619454372597,11.790000000000873,Gold,GC=F,₹/10g,Precious metal
2014-10-24,1231.199951171875,1232.699951171875,1229.4000244140625,1229.4000244140625,71,61.130001068115234,24162.3,24227.16,24162.3,24197.68,0.0026897036684971898,64.86000000000058,Gold,GC=F,₹/10g,Precious metal
2014-10-27,1229.0999755859375,1230.199951171875,1227.300048828125,1230.199951171875,282,61.16299819946289,24191.08,24191.08,24134.05,24169.45,-0.0011666407688670777,57.030000000002474,Gold,GC=F,₹/10g,Precious metal
2014-10-28,1229.199951171875,1231.0,1224.699951171875,1224.9000244140625,46,61.29800033569336,24140.02,24260.24,24136.08,24224.77,0.0022888398370670693,124.15999999999985,Gold,GC=F,₹/10g,Precious metal
2014-10-29,1224.300048828125,1224.300048828125,1224.300048828125,1224.300048828125,631,61.180999755859375,24082.15,24082.15,24082.15,24082.15,-0.005887362398074303,0.0,Gold,GC=F,₹/10g,Precious metal
2014-10-30,1198.0999755859375,1214.699951171875,1195.800048828125,1213.699951171875,521,61.28300094604492,23913.44,23933.15,23560.76,23606.08,-0.019768583785085614,372.39000000000306,Gold,GC=F,₹/10g,Precious metal
2014-10-31,1171.0999755859375,1199.699951171875,1161.4000244140625,1199.5999755859375,260,61.43299865722656,23693.48,23695.46,22938.99,23130.57,-0.02014353929157242,756.4699999999975,Gold,GC=F,₹/10g,Precious metal
2014-11-03,1169.4000244140625,1172.300048828125,1163.0999755859375,1166.4000244140625,60,61.39799880981445,23024.62,23141.09,22959.48,23083.84,-0.002020270144661329,181.61000000000058,Gold,GC=F,₹/10g,Precious metal
2014-11-04,1167.4000244140625,1171.0,1165.0,1166.9000244140625,40,61.41299819946289,23040.12,23121.07,23002.6,23049.99,-0.0014663938062297044,118.47000000000116,Gold,GC=F,₹/10g,Precious metal
2014-11-05,1145.4000244140625,1168.699951171875,1137.800048828125,1168.0999755859375,157,61.28799819946289,23016.87,23028.69,22419.82,22569.57,-0.020842525311290938,608.869999999999,Gold,GC=F,₹/10g,Precious metal
2014-11-06,1142.300048828125,1147.5,1137.9000244140625,1141.0999755859375,137,61.369998931884766,22514.93,22641.21,22451.79,22538.61,-0.0013717585226479256,189.41999999999825,Gold,GC=F,₹/10g,Precious metal
2014-11-07,1169.5999755859375,1169.699951171875,1133.0,1139.9000244140625,97,61.49300003051758,22536.33,23125.49,22399.91,23123.51,0.02595102359905943,725.5800000000017,Gold,GC=F,₹/10g,Precious metal
2014-11-10,1159.5999755859375,1171.0,1150.699951171875,1171.0,40,61.51300048828125,23158.72,23158.72,22757.25,22933.26,-0.00822755714854706,401.47000000000116,Gold,GC=F,₹/10g,Precious metal
2014-11-11,1162.800048828125,1170.5,1151.5999755859375,1155.0,22,61.52999877929688,22848.6,23155.23,22781.34,23002.91,0.0030370736650611185,373.8899999999994,Gold,GC=F,₹/10g,Precious metal
2014-11-12,1158.9000244140625,1168.0999755859375,1157.5,1162.5,17,61.4900016784668,22982.02,23092.73,22883.17,22910.85,-0.004002102342703706,209.5600000000013,Gold,GC=F,₹/10g,Precious metal
2014-11-13,1161.0999755859375,1164.5,1155.0,1163.699951171875,1047,61.36800003051758,22960.1,22975.88,22788.45,22908.8,-8.947725640906512e-05,187.4300000000003,Gold,GC=F,₹/10g,Precious metal
2014-11-14,1185.0,1191.0,1148.0,1155.199951171875,486,61.59299850463867,22875.96,23584.89,22733.38,23466.07,0.02432558667411655,851.5099999999984,Gold,GC=F,₹/10g,Precious metal
2014-11-17,1183.0,1186.9000244140625,1180.5999755859375,1183.0999755859375,17,61.70800018310547,23472.19,23547.58,23422.59,23470.21,0.00017642494034997291,124.9900000000016,Gold,GC=F,₹/10g,Precious metal
2014-11-18,1196.699951171875,1197.0999755859375,1193.9000244140625,1197.0999755859375,2,61.823001861572266,23794.21,23794.21,23730.6,23786.26,0.013466006482259818,63.61000000000058,Gold,GC=F,₹/10g,Precious metal
2014-11-19,1193.5999755859375,1198.300048828125,1190.5999755859375,1196.5,23,61.71799850463867,23741.89,23777.61,23624.82,23684.34,-0.004284826618392246,152.79000000000087,Gold,GC=F,₹/10g,Precious metal
2014-11-20,1190.699951171875,1191.9000244140625,1190.699951171875,1191.800048828125,3,61.9379997253418,23732.93,23734.92,23711.02,23711.02,0.001126482730783307,23.899999999997817,Gold,GC=F,₹/10g,Precious metal
2014-11-21,1197.5,1202.4000244140625,1189.0,1191.0,20,61.92300033569336,23711.25,23938.21,23671.43,23840.66,0.005467499921977259,266.77999999999884,Gold,GC=F,₹/10g,Precious metal
2014-11-24,1195.5,1197.9000244140625,1195.5,1197.699951171875,17,61.7599983215332,23781.87,23785.85,23738.19,23738.19,-0.004298119263476785,47.659999999999854,Gold,GC=F,₹/10g,Precious metal
2014-11-25,1197.0999755859375,1197.0999755859375,1197.0999755859375,1197.0999755859375,210753,61.85300064086914,23805.75,23805.75,23805.75,23805.75,0.002846046813173242,0.0,Gold,GC=F,₹/10g,Precious metal
2014-11-26,1196.5999755859375,1201.0,1193.699951171875,1200.5,75297,61.84000015258789,23868.35,23878.29,23733.15,23790.81,-0.0006275794713461735,145.13999999999942,Gold,GC=F,₹/10g,Precious metal
2014-11-28,1175.199951171875,1198.199951171875,1163.800048828125,1197.0,11175,61.85300064086914,23803.77,23827.63,23143.54,23370.25,-0.017677414093929644,684.0900000000001,Gold,GC=F,₹/10g,Precious metal
2014-12-01,1218.0,1220.4000244140625,1141.699951171875,1160.0,5524,62.20299911499024,23198.51,24406.43,22832.53,24358.43,0.04228367261796517,1573.9000000000015,Gold,GC=F,₹/10g,Precious metal
2014-12-02,1199.199951171875,1212.300048828125,1191.300048828125,1212.300048828125,1236,61.948001861572266,24145.05,24145.05,23726.8,23884.14,-0.019471287763620282,418.25,Gold,GC=F,₹/10g,Precious metal
2014-12-03,1208.5,1213.699951171875,1196.0999755859375,1198.0999755859375,440,61.78799819946289,23800.6,24110.5,23760.87,24007.2,0.005152373081048767,349.630000000001,Gold,GC=F,₹/10g,Precious metal
2014-12-04,1207.5,1213.0,1201.5999755859375,1208.199951171875,358,61.85599899291992,24027.65,24123.11,23896.4,24013.73,0.00027200173281349826,226.70999999999913,Gold,GC=F,₹/10g,Precious metal
2014-12-05,1190.0999755859375,1206.0,1186.699951171875,1203.0999755859375,560,61.78300094604492,23897.99,23955.6,23572.23,23639.77,-0.015572757751502908,383.369999999999,Gold,GC=F,₹/10g,Precious metal
2014-12-08,1194.699951171875,1207.0,1187.199951171875,1190.5999755859375,183,61.9109992980957,23698.69,24025.13,23631.02,23780.3,0.005944643285446416,394.1100000000006,Gold,GC=F,₹/10g,Precious metal
2014-12-09,1231.5,1238.0,1202.0,1202.0,314,61.81800079345703,23889.67,24605.17,23889.67,24475.98,0.029254466932713274,715.5,Gold,GC=F,₹/10g,Precious metal
2014-12-10,1228.9000244140625,1234.5999755859375,1226.5999755859375,1231.199951171875,306,61.87300109863281,24491.79,24559.42,24400.28,24446.04,-0.0012232400908972485,159.13999999999942,Gold,GC=F,₹/10g,Precious metal
2014-12-11,1225.0999755859375,1231.199951171875,1216.199951171875,1226.5999755859375,264,62.00299835205078,24451.55,24543.25,24244.23,24421.65,-0.00099770760417639,299.02000000000044,Gold,GC=F,₹/10g,Precious metal
2014-12-12,1222.0,1227.800048828125,1216.199951171875,1227.800048828125,203,62.47299957275391,24661.0,24661.0,24428.01,24544.51,0.005030782113411458,232.9900000000016,Gold,GC=F,₹/10g,Precious metal
2014-12-15,1207.199951171875,1223.0999755859375,1198.4000244140625,1223.0999755859375,77,62.51800155639648,24584.3,24584.3,24087.83,24264.71,-0.011399697936524289,496.4699999999975,Gold,GC=F,₹/10g,Precious metal
2014-12-16,1193.9000244140625,1222.0,1192.699951171875,1197.199951171875,223,63.167999267578125,24313.9,24817.56,24222.51,24246.88,-0.0007348119965167044,595.0500000000029,Gold,GC=F,₹/10g,Precious metal
2014-12-17,1194.300048828125,1199.5999755859375,1184.0,1198.199951171875,94,63.65299987792969,24521.04,24549.69,24230.44,24441.23,0.008015464257669302,319.25,Gold,GC=F,₹/10g,Precious metal
2014-12-18,1194.699951171875,1207.300048828125,1189.699951171875,1189.699951171875,197,63.51800155639648,24295.45,24654.87,24295.45,24397.56,-0.0017867349556466294,359.41999999999825,Gold,GC=F,₹/10g,Precious metal
2014-12-19,1195.9000244140625,1200.800048828125,1195.9000244140625,1198.0,96,62.983001708984375,24258.89,24315.59,24216.37,24216.37,-0.007426562328364028,99.22000000000116,Gold,GC=F,₹/10g,Precious metal
2014-12-22,1179.699951171875,1198.0,1172.699951171875,1198.0,223,63.2400016784668,24357.88,24357.88,23843.47,23985.8,-0.00952124533941301,514.4099999999999,Gold,GC=F,₹/10g,Precious metal
2014-12-23,1177.9000244140625,1180.300048828125,1175.0,1179.300048828125,232,63.22299957275391,23971.22,23991.55,23883.82,23942.76,-0.0017943950170518086,107.72999999999956,Gold,GC=F,₹/10g,Precious metal
2014-12-24,1173.5,1179.300048828125,1173.5,1177.0,23,63.43299865722656,24003.94,24050.84,23932.56,23932.56,-0.00042601604827496864,118.27999999999884,Gold,GC=F,₹/10g,Precious metal
2014-12-26,1195.300048828125,1195.300048828125,1177.199951171875,1177.199951171875,124,63.51300048828125,24038.29,24407.89,24038.29,24407.89,0.01986122671373214,369.59999999999854,Gold,GC=F,₹/10g,Precious metal
2014-12-29,1181.699951171875,1186.5,1181.300048828125,1186.5,180,63.59000015258789,24257.57,24257.57,24151.26,24159.44,-0.010179085533407517,106.31000000000131,Gold,GC=F,₹/10g,Precious metal
2014-12-30,1200.199951171875,1210.300048828125,1181.4000244140625,1181.4000244140625,191,63.66299819946289,24181.03,24772.56,24181.03,24565.83,0.016821168040318968,591.5300000000025,Gold,GC=F,₹/10g,Precious metal
2014-12-31,1183.9000244140625,1199.199951171875,1182.699951171875,1199.199951171875,92,63.37799835205078,24435.48,24435.48,24099.27,24123.72,-0.01799694942120822,336.2099999999991,Gold,GC=F,₹/10g,Precious metal
2015-01-02,1186.0,1194.5,1169.5,1184.0,138,63.02799987792969,23992.53,24205.3,23698.7,24033.05,-0.0037585413858228778,506.59999999999854,Gold,GC=F,₹/10g,Precious metal
2015-01-05,1203.9000244140625,1206.9000244140625,1180.0999755859375,1180.300048828125,470,63.27799987792969,24012.42,24553.58,24008.35,24492.54,0.01911908808911078,545.2300000000032,Gold,GC=F,₹/10g,Precious metal
2015-01-06,1219.300048828125,1220.0,1203.5,1203.5,97,63.3380012512207,24507.62,24843.62,24507.62,24829.37,0.013752350715768857,336.0,Gold,GC=F,₹/10g,Precious metal
2015-01-07,1210.5999755859375,1219.199951171875,1210.5999755859375,1219.199951171875,29,63.56800079345703,24917.49,24917.49,24741.72,24741.72,-0.003530093594803163,175.77000000000044,Gold,GC=F,₹/10g,Precious metal
2015-01-08,1208.4000244140625,1215.699951171875,1206.300048828125,1207.0,92,63.27299880981445,24553.67,24730.65,24539.43,24582.15,-0.006449430354882324,191.22000000000116,Gold,GC=F,₹/10g,Precious metal
2015-01-09,1216.0,1220.199951171875,1210.300048828125,1211.0999755859375,43,62.667999267578125,24401.5,24584.85,24385.39,24500.23,-0.0033324993948862236,199.45999999999913,Gold,GC=F,₹/10g,Precious metal
2015-01-12,1232.699951171875,1234.4000244140625,1219.0999755859375,1224.199951171875,100,62.34799957275391,24539.49,24743.96,24437.26,24709.88,0.008557062525535564,306.7000000000007,Gold,GC=F,₹/10g,Precious metal
2015-01-13,1234.300048828125,1239.300048828125,1230.300048828125,1239.199951171875,20,62.06800079345703,24728.62,24730.62,24551.02,24630.84,-0.003198720511795372,179.59999999999854,Gold,GC=F,₹/10g,Precious metal
2015-01-14,1234.4000244140625,1243.800048828125,1225.5999755859375,1229.5999755859375,21,61.97299957275391,24499.49,24782.43,24419.79,24595.13,-0.0014498084515184306,362.6399999999994,Gold,GC=F,₹/10g,Precious metal
2015-01-15,1264.699951171875,1265.0,1227.300048828125,1231.5,130,62.0880012512207,24582.88,25251.6,24499.05,25245.61,0.026447512170092224,752.5499999999993,Gold,GC=F,₹/10g,Precious metal
2015-01-16,1276.9000244140625,1279.699951171875,1256.0999755859375,1256.0999755859375,44,62.05799865722656,25061.83,25532.69,25061.83,25476.83,0.009158820087928232,470.85999999999694,Gold,GC=F,₹/10g,Precious metal
2015-01-20,1294.199951171875,1297.300048828125,1273.800048828125,1278.9000244140625,157,61.63800048828125,25344.04,25708.68,25242.98,25647.24,0.006688822746000911,465.7000000000007,Gold,GC=F,₹/10g,Precious metal
2015-01-21,1293.699951171875,1303.5,1286.699951171875,1295.199951171875,78,61.64799880981445,25671.22,25835.73,25502.75,25641.49,-0.00022419566393894197,332.97999999999956,Gold,GC=F,₹/10g,Precious metal
2015-01-22,1300.699951171875,1302.0999755859375,1283.5,1293.199951171875,131,61.553001403808594,25592.08,25768.21,25400.12,25740.51,0.003861710064430701,368.09000000000015,Gold,GC=F,₹/10g,Precious metal
2015-01-23,1292.5999755859375,1299.800048828125,1292.5999755859375,1299.800048828125,23,61.59799957275391,25741.5,25741.5,25598.91,25598.91,-0.005501056505873403,142.59000000000015,Gold,GC=F,₹/10g,Precious metal
2015-01-26,1279.4000244140625,1290.5999755859375,1279.4000244140625,1289.5,26,61.43299865722656,25469.11,25490.84,25269.63,25269.63,-0.012863047684452122,221.20999999999913,Gold,GC=F,₹/10g,Precious metal
2015-01-27,1291.699951171875,1291.699951171875,1277.199951171875,1277.199951171875,20,61.47299957275391,25242.6,25529.18,25242.6,25529.18,0.010271222807773484,286.58000000000175,Gold,GC=F,₹/10g,Precious metal
2015-01-28,1285.9000244140625,1286.800048828125,1285.9000244140625,1285.9000244140625,180387,61.40299987792969,25385.61,25403.37,25385.61,25385.61,-0.005623760731837013,17.7599999999984,Gold,GC=F,₹/10g,Precious metal
2015-01-29,1254.5999755859375,1285.4000244140625,1251.0,1283.300048828125,67983,61.35100173950195,25312.82,25354.25,24675.71,24746.72,-0.025167407834596034,678.5400000000009,Gold,GC=F,₹/10g,Precious metal
2015-01-30,1278.5,1284.300048828125,1257.0,1258.0,8626,61.79600143432617,24993.77,25516.29,24973.9,25401.06,0.026441483962319046,542.3899999999994,Gold,GC=F,₹/10g,Precious metal
2015-02-02,1276.199951171875,1284.0999755859375,1266.0,1284.0999755859375,1654,62.01300048828125,25601.91,25601.91,25241.04,25444.4,0.0017062280078075087,360.869999999999,Gold,GC=F,₹/10g,Precious metal
2015-02-03,1259.699951171875,1284.699951171875,1255.300048828125,1273.5,2380,61.72800064086914,25273.88,25496.15,24912.68,25000.0,-0.017465532690886798,583.4700000000012,Gold,GC=F,₹/10g,Precious metal
2015-02-04,1263.800048828125,1271.5999755859375,1256.800048828125,1262.0,668,61.61399841308594,24999.39,25189.56,24896.39,25035.05,0.0014019999999999033,293.1700000000019,Gold,GC=F,₹/10g,Precious metal
2015-02-05,1262.0,1272.5999755859375,1257.800048828125,1271.800048828125,133,61.86000061035156,25294.12,25310.02,25015.68,25099.21,0.002562806944663487,294.34000000000015,Gold,GC=F,₹/10g,Precious metal
2015-02-06,1233.9000244140625,1267.5999755859375,1228.0,1265.0,432,61.733001708984375,25107.22,25158.83,24372.86,24489.96,-0.02427367235861211,785.9700000000012,Gold,GC=F,₹/10g,Precious metal
2015-02-09,1240.800048828125,1242.300048828125,1235.4000244140625,1237.5,319,61.9630012512207,24652.92,24748.55,24611.09,24718.66,0.00933852076524433,137.45999999999913,Gold,GC=F,₹/10g,Precious metal
2015-02-10,1231.5999755859375,1245.0,1231.199951171875,1237.5,231,62.130001068115234,24719.36,24869.18,24593.52,24601.51,-0.0047393345755798455,275.65999999999985,Gold,GC=F,₹/10g,Precious metal
2015-02-11,1219.0,1237.4000244140625,1219.0,1233.300048828125,102,62.34199905395508,24719.53,24801.71,24432.91,24432.91,-0.0068532378703582975,368.7999999999993,Gold,GC=F,₹/10g,Precious metal
2015-02-12,1220.0999755859375,1229.800048828125,1217.9000244140625,1217.9000244140625,99,62.38199996948242,24426.52,24665.19,24426.52,24470.65,0.0015446379493888607,238.66999999999825,Gold,GC=F,₹/10g,Precious metal
2015-02-13,1226.5,1232.800048828125,1222.199951171875,1222.199951171875,65,62.16999816894531,24429.46,24641.34,24429.46,24515.41,0.0018291299985899734,211.88000000000102,Gold,GC=F,₹/10g,Precious metal
2015-02-17,1208.0999755859375,1234.0,1203.0,1227.699951171875,204,62.18600082397461,24545.71,24671.67,24051.88,24153.84,-0.014748682563334614,619.7899999999972,Gold,GC=F,₹/10g,Precious metal
2015-02-18,1199.699951171875,1210.199951171875,1197.800048828125,1207.0999755859375,147,62.11199951171875,24105.13,24167.04,23919.42,23957.36,-0.008134524365483897,247.62000000000262,Gold,GC=F,₹/10g,Precious metal
2015-02-19,1207.0999755859375,1220.0,1205.0,1216.5,65,62.07400131225586,24277.98,24347.83,24048.47,24090.38,0.005552364701286061,299.3600000000006,Gold,GC=F,₹/10g,Precious metal
2015-02-20,1204.4000244140625,1213.0999755859375,1199.0999755859375,1206.5,51,62.165000915527344,24113.71,24245.62,23965.81,24071.74,-0.0007737528424208717,279.8099999999977,Gold,GC=F,₹/10g,Precious metal
2015-02-23,1200.300048828125,1203.300048828125,1191.5999755859375,1201.300048828125,268,62.10100173950195,23985.06,24024.99,23791.39,23965.1,-0.0044300910528281,233.60000000000218,Gold,GC=F,₹/10g,Precious metal
2015-02-24,1196.9000244140625,1203.5,1193.800048828125,1203.4000244140625,151,62.17100143432617,24054.07,24056.07,23862.18,23924.15,-0.0017087347851666435,193.88999999999942,Gold,GC=F,₹/10g,Precious metal
2015-02-25,1201.0,1204.5999755859375,1201.0,1204.300048828125,570,62.233001708984375,24096.07,24102.07,24030.04,24030.04,0.00442607156367103,72.02999999999884,Gold,GC=F,₹/10g,Precious metal
2015-02-26,1209.5999755859375,1219.0,1204.800048828125,1204.800048828125,560,61.87699890136719,23968.17,24250.67,23968.17,24063.66,0.0013990821488436556,282.5,Gold,GC=F,₹/10g,Precious metal
2015-02-27,1212.5999755859375,1217.800048828125,1204.5,1207.699951171875,195,61.75400161743164,23978.11,24178.64,23914.57,24075.39,0.0004874570202537676,264.0699999999997,Gold,GC=F,₹/10g,Precious metal
2015-03-02,1207.699951171875,1222.699951171875,1204.9000244140625,1214.300048828125,124,61.6510009765625,24068.94,24235.43,23882.62,23938.11,-0.005702088315080234,352.8100000000013,Gold,GC=F,₹/10g,Precious metal
2015-03-03,1204.0,1212.0,1195.0,1201.5,51,61.9010009765625,23911.8,24120.76,23782.43,23961.55,0.0009791917574111242,338.3299999999981,Gold,GC=F,₹/10g,Precious metal
2015-03-04,1200.5999755859375,1206.9000244140625,1198.0,1204.800048828125,27,61.8129997253418,23943.38,23985.12,23808.24,23859.91,-0.004241795710210661,176.87999999999738,Gold,GC=F,₹/10g,Precious metal
2015-03-05,1195.9000244140625,1205.4000244140625,1195.9000244140625,1201.699951171875,29,62.30500030517578,24071.86,24145.98,23955.68,23955.68,0.004013845819200501,190.29999999999927,Gold,GC=F,₹/10g,Precious metal
2015-03-06,1164.0999755859375,1195.699951171875,1163.699951171875,1195.0,168,62.44300079345703,23990.67,24004.72,23362.3,23370.33,-0.024434706090580516,642.4200000000019,Gold,GC=F,₹/10g,Precious metal
2015-03-09,1166.4000244140625,1174.199951171875,1166.300048828125,1169.4000244140625,45,62.45299911499024,23480.49,23576.87,23418.24,23420.25,0.002136041724699611,158.62999999999738,Gold,GC=F,₹/10g,Precious metal
2015-03-10,1160.0999755859375,1168.4000244140625,1156.5,1166.4000244140625,94,62.67300033569336,23502.75,23543.05,23303.27,23375.81,-0.0018975032290431404,239.77999999999884,Gold,GC=F,₹/10g,Precious metal
2015-03-11,1150.699951171875,1162.0,1147.699951171875,1162.0,74,62.7130012512207,23429.04,23429.04,23140.71,23201.2,-0.007469687681410875,288.33000000000175,Gold,GC=F,₹/10g,Precious metal
2015-03-12,1152.0999755859375,1160.5,1149.699951171875,1155.4000244140625,63,62.755001068115234,23311.57,23414.46,23196.56,23244.98,0.001886971363550094,217.89999999999782,Gold,GC=F,₹/10g,Precious metal
2015-03-13,1152.5999755859375,1159.199951171875,1152.5999755859375,1158.199951171875,44,62.53499984741211,23286.14,23306.24,23173.55,23173.55,-0.0030729215512338426,132.69000000000233,Gold,GC=F,₹/10g,Precious metal
2015-03-16,1153.300048828125,1162.300048828125,1150.0999755859375,1159.699951171875,56,63.07600021362305,23518.01,23570.74,23323.33,23388.22,0.009263578519475901,247.40999999999985,Gold,GC=F,₹/10g,Precious metal
2015-03-17,1148.300048828125,1158.199951171875,1144.300048828125,1153.5999755859375,71,62.78900146484375,23287.86,23380.72,23100.12,23180.87,-0.008865574207870597,280.6000000000022,Gold,GC=F,₹/10g,Precious metal
2015-03-18,1151.4000244140625,1174.300048828125,1147.0,1148.699951171875,112,62.61600112915039,23125.05,23640.42,23090.83,23179.41,-6.29829682837757e-05,549.5899999999965,Gold,GC=F,₹/10g,Precious metal
2015-03-19,1169.0999755859375,1171.5999755859375,1159.300048828125,1171.5999755859375,39,62.69300079345703,23615.07,23615.07,23367.14,23564.67,0.016620785429827478,247.9300000000003,Gold,GC=F,₹/10g,Precious metal
2015-03-20,1184.800048828125,1185.4000244140625,1171.0,1171.0,54,62.483001708984375,23523.91,23813.19,23523.91,23801.14,0.010034937896435725,289.27999999999884,Gold,GC=F,₹/10g,Precious metal
2015-03-23,1188.0,1188.0,1181.199951171875,1181.5999755859375,5,62.40299987792969,23706.46,23834.86,23698.43,23834.86,0.0014167388620882626,136.4300000000003,Gold,GC=F,₹/10g,Precious metal
2015-03-24,1191.699951171875,1193.0,1186.0,1188.0,411,62.22299957275391,23766.11,23866.14,23726.1,23840.13,0.0002211047180473713,140.04000000000087,Gold,GC=F,₹/10g,Precious metal
2015-03-25,1197.300048828125,1199.199951171875,1192.5,1192.5,11,62.27799987792969,23877.22,24011.37,23877.22,23973.33,0.005587217854936322,134.14999999999782,Gold,GC=F,₹/10g,Precious metal
2015-03-26,1205.0999755859375,1213.699951171875,1198.199951171875,1198.199951171875,68,62.46200180053711,24062.23,24373.5,24062.23,24200.8,0.009488460718640068,311.27000000000044,Gold,GC=F,₹/10g,Precious metal
2015-03-27,1199.800048828125,1199.800048828125,1196.300048828125,1197.0,172260,62.82899856567383,24179.37,24235.93,24165.23,24235.93,0.0014516049056230163,70.70000000000073,Gold,GC=F,₹/10g,Precious metal
2015-03-30,1184.800048828125,1198.5,1181.5999755859375,1198.0,37990,62.51499938964844,24078.63,24088.68,23749.01,23813.32,-0.017437333743743344,339.6700000000019,Gold,GC=F,₹/10g,Precious metal
2015-03-31,1183.0999755859375,1190.0999755859375,1178.199951171875,1185.800048828125,3409,62.50899887084961,23831.14,23917.55,23678.4,23776.87,-0.001530655952215021,239.14999999999782,Gold,GC=F,₹/10g,Precious metal
2015-04-01,1208.0999755859375,1208.199951171875,1181.0,1182.9000244140625,1632,62.305999755859375,23695.65,24202.45,23657.59,24200.45,0.01781479227501359,544.8600000000006,Gold,GC=F,₹/10g,Precious metal
2015-04-02,1200.9000244140625,1205.699951171875,1194.800048828125,1204.0,1684,62.16899871826172,24065.29,24099.27,23881.4,24003.33,-0.008145303083207045,217.86999999999898,Gold,GC=F,₹/10g,Precious metal
2015-04-06,1218.5999755859375,1224.199951171875,1209.9000244140625,1209.9000244140625,343,62.060001373291016,24140.82,24426.14,24140.82,24314.41,0.012959868484914372,285.3199999999997,Gold,GC=F,₹/10g,Precious metal
2015-04-07,1210.5999755859375,1214.800048828125,1208.199951171875,1214.800048828125,406,62.060001373291016,24238.59,24238.59,24106.9,24154.79,-0.006564831307854013,131.6899999999987,Gold,GC=F,₹/10g,Precious metal
2015-04-08,1203.0999755859375,1211.4000244140625,1197.5999755859375,1208.9000244140625,236,62.30899810791016,24217.64,24267.73,23991.27,24101.45,-0.002208257658211865,276.4599999999991,Gold,GC=F,₹/10g,Precious metal
2015-04-09,1193.5999755859375,1202.5,1193.0,1201.699951171875,521,62.18199920654297,24024.34,24040.33,23850.41,23862.41,-0.009918075468488441,189.9200000000019,Gold,GC=F,₹/10g,Precious metal
2015-04-10,1204.5999755859375,1209.5999755859375,1195.800048828125,1195.800048828125,202,62.31399917602539,23957.14,24233.61,23957.14,24133.44,0.011358031313685402,276.47000000000116,Gold,GC=F,₹/10g,Precious metal
2015-04-13,1199.300048828125,1208.0999755859375,1198.300048828125,1208.0999755859375,424,62.26900100708008,24186.08,24186.08,23989.89,24009.91,-0.0051186237850882055,196.19000000000233,Gold,GC=F,₹/10g,Precious metal
2015-04-14,1192.800048828125,1200.5999755859375,1184.0999755859375,1198.800048828125,546,62.39099884033203,24046.92,24083.02,23752.05,23926.56,-0.0034714832333815338,330.97000000000116,Gold,GC=F,₹/10g,Precious metal
2015-04-15,1201.5,1203.0999755859375,1188.5999755859375,1194.5999755859375,196,62.31399917602539,23933.09,24103.39,23812.89,24071.33,0.006050598163714227,290.5,Gold,GC=F,₹/10g,Precious metal
2015-04-16,1198.0,1208.5,1194.5999755859375,1204.300048828125,199,62.38999938964844,24156.86,24241.1,23962.28,24030.49,-0.0016966241582828667,278.8199999999997,Gold,GC=F,₹/10g,Precious metal
2015-04-17,1202.9000244140625,1206.0,1200.199951171875,1200.199951171875,21,62.32600021362305,24049.92,24166.14,24049.92,24104.02,0.003059862699428928,116.22000000000116,Gold,GC=F,₹/10g,Precious metal
2015-04-20,1193.5,1206.9000244140625,1191.0,1205.699951171875,67,62.542999267578125,24244.25,24268.38,23948.66,23998.93,-0.00435985366756253,319.72000000000116,Gold,GC=F,₹/10g,Precious metal
2015-04-21,1202.9000244140625,1202.9000244140625,1192.800048828125,1193.199951171875,33,63.14500045776367,24223.84,24420.76,24215.72,24420.76,0.017577033642749873,205.03999999999724,Gold,GC=F,₹/10g,Precious metal
2015-04-22,1186.9000244140625,1202.5999755859375,1185.199951171875,1199.0999755859375,93,62.87799835205078,24240.68,24311.44,23959.68,23994.05,-0.017473248170818523,351.7599999999984,Gold,GC=F,₹/10g,Precious metal
2015-04-23,1194.4000244140625,1197.0,1186.0999755859375,1187.199951171875,331,62.935001373291016,24021.87,24220.17,23999.62,24167.56,0.007231376111994425,220.54999999999927,Gold,GC=F,₹/10g,Precious metal
2015-04-24,1175.199951171875,1194.699951171875,1174.5999755859375,1192.300048828125,52,63.2869987487793,24260.0,24308.83,23899.85,23912.06,-0.010572022992805241,408.9800000000032,Gold,GC=F,₹/10g,Precious metal
2015-04-27,1203.300048828125,1206.699951171875,1181.4000244140625,1182.300048828125,194,63.65499877929688,24196.41,24695.77,24177.99,24626.19,0.029864846441502557,517.7799999999988,Gold,GC=F,₹/10g,Precious metal
2015-04-28,1214.0,1214.0,1199.699951171875,1199.699951171875,401,63.13999938964844,24353.87,24644.16,24353.87,24644.16,0.0007297109297053073,290.2900000000009,Gold,GC=F,₹/10g,Precious metal
2015-04-29,1209.800048828125,1212.5999755859375,1201.9000244140625,1211.199951171875,114,63.03300094604492,24545.65,24574.02,24357.18,24517.28,-0.005148481425213958,216.84000000000015,Gold,GC=F,₹/10g,Precious metal
2015-04-30,1182.4000244140625,1205.9000244140625,1176.699951171875,1203.0999755859375,143,63.44200134277344,24539.7,24596.82,24001.22,24117.49,-0.016306458138912516,595.5999999999985,Gold,GC=F,₹/10g,Precious metal
2015-05-01,1174.5,1178.0999755859375,1170.0,1178.0999755859375,23,63.52299880981445,24060.46,24060.46,23895.03,23986.93,-0.005413498668393801,165.4300000000003,Gold,GC=F,₹/10g,Precious metal
2015-05-04,1186.800048828125,1189.4000244140625,1177.5,1177.5,38,63.52299880981445,24048.2,24291.24,24048.2,24238.14,0.01047278663839002,243.04000000000087,Gold,GC=F,₹/10g,Precious metal
2015-05-05,1193.199951171875,1198.699951171875,1186.9000244140625,1187.5,48,63.59299850463867,24279.16,24508.15,24266.89,24395.7,0.0065004988006505116,241.26000000000204,Gold,GC=F,₹/10g,Precious metal
2015-05-06,1190.300048828125,1194.5999755859375,1189.9000244140625,1194.5,14,63.34400177001953,24326.65,24328.69,24232.97,24241.12,-0.006336362555696362,95.71999999999753,Gold,GC=F,₹/10g,Precious metal
2015-05-07,1182.4000244140625,1186.0,1179.699951171875,1181.5,44,63.65999984741211,24181.94,24274.04,24145.1,24200.36,-0.0016814404614967637,128.94000000000233,Gold,GC=F,₹/10g,Precious metal
2015-05-08,1189.0999755859375,1189.0999755859375,1182.9000244140625,1183.300048828125,51,64.08200073242188,24379.33,24498.82,24371.08,24498.82,0.012332874386992598,127.73999999999796,Gold,GC=F,₹/10g,Precious metal
2015-05-11,1183.199951171875,1190.5,1179.300048828125,1189.699951171875,26,63.70399856567383,24366.6,24382.98,24153.59,24233.47,-0.010831133907673873,229.38999999999942,Gold,GC=F,₹/10g,Precious metal
2015-05-12,1192.5999755859375,1194.800048828125,1189.699951171875,1194.5999755859375,10,64.0199966430664,24588.32,24592.44,24487.47,24547.16,0.012944493710558058,104.96999999999753,Gold,GC=F,₹/10g,Precious metal
2015-05-13,1218.4000244140625,1218.4000244140625,1191.0,1192.699951171875,34,64.21099853515625,24622.46,25153.02,24587.36,25153.02,0.024681470280065065,565.6599999999999,Gold,GC=F,₹/10g,Precious metal
2015-05-14,1225.4000244140625,1225.5999755859375,1214.5,1214.5,35,64.04399871826172,25007.29,25235.85,25007.29,25231.73,0.0031292465079739706,228.55999999999767,Gold,GC=F,₹/10g,Precious metal
2015-05-15,1225.5,1225.5,1214.800048828125,1218.5,12,63.40800094604492,24840.5,24983.2,24765.07,24983.2,-0.009849899313285282,218.13000000000102,Gold,GC=F,₹/10g,Precious metal
2015-05-18,1227.800048828125,1228.0999755859375,1222.5999755859375,1224.5,8,63.43299865722656,24972.66,25046.08,24933.91,25039.96,0.002271926734765728,112.17000000000189,Gold,GC=F,₹/10g,Precious metal
2015-05-19,1206.9000244140625,1223.9000244140625,1206.0,1223.9000244140625,9,63.729000091552734,25076.9,25076.9,24710.14,24728.58,-0.012435323379110685,366.76000000000204,Gold,GC=F,₹/10g,Precious metal
2015-05-20,1208.9000244140625,1210.800048828125,1205.0999755859375,1205.0999755859375,11,63.78499984741211,24713.39,24830.29,24713.39,24791.32,0.0025371452788633952,116.90000000000146,Gold,GC=F,₹/10g,Precious metal
2015-05-21,1204.4000244140625,1204.5,1203.699951171875,1204.5,43,63.625,24639.13,24639.13,24622.76,24637.08,-0.006221532375040861,16.37000000000262,Gold,GC=F,₹/10g,Precious metal
2015-05-22,1204.300048828125,1211.9000244140625,1204.300048828125,1211.5999755859375,8,63.6259994506836,24784.75,24790.89,24635.43,24635.43,-6.697222235763078e-05,155.45999999999913,Gold,GC=F,₹/10g,Precious metal
2015-05-26,1187.199951171875,1193.5999755859375,1186.0,1193.5999755859375,40,63.57099914550781,24395.44,24395.44,24240.1,24264.63,-0.015051492910819864,155.34000000000015,Gold,GC=F,₹/10g,Precious metal
2015-05-27,1185.9000244140625,1185.9000244140625,1185.9000244140625,1185.9000244140625,200216,63.97600173950195,24392.48,24392.48,24392.48,24392.48,0.005268986174526313,0.0,Gold,GC=F,₹/10g,Precious metal
2015-05-28,1188.0999755859375,1192.0,1179.5999755859375,1187.0999755859375,52705,63.874000549316406,24378.23,24478.86,24224.21,24398.76,0.00025745639639751516,254.65000000000146,Gold,GC=F,₹/10g,Precious metal
2015-05-29,1189.4000244140625,1193.300048828125,1185.699951171875,1187.800048828125,4748,63.82500076293945,24373.89,24486.75,24330.8,24406.73,0.0003266559448102946,155.95000000000073,Gold,GC=F,₹/10g,Precious metal
2015-06-01,1188.300048828125,1204.0,1184.300048828125,1190.5999755859375,1236,63.73600006103516,24397.28,24671.87,24268.18,24350.15,-0.0023182130502528153,403.6899999999987,Gold,GC=F,₹/10g,Precious metal
2015-06-02,1194.0999755859375,1194.300048828125,1186.0,1189.0,1003,63.61000061035156,24316.33,24424.72,24254.97,24420.63,0.002894438021942447,169.75,Gold,GC=F,₹/10g,Precious metal
2015-06-03,1184.699951171875,1193.9000244140625,1179.0999755859375,1193.9000244140625,630,63.6619987487793,24436.5,24436.5,24133.57,24248.19,-0.007061242891768238,302.9300000000003,Gold,GC=F,₹/10g,Precious metal
2015-06-04,1174.9000244140625,1185.300048828125,1173.0,1184.9000244140625,447,64.05899810791016,24403.53,24411.77,24158.44,24197.57,-0.0020875784955495247,253.33000000000175,Gold,GC=F,₹/10g,Precious metal
2015-06-05,1167.800048828125,1177.300048828125,1164.0,1176.4000244140625,390,64.0009994506836,24206.53,24225.05,23951.38,24029.57,-0.006942845913866513,273.66999999999825,Gold,GC=F,₹/10g,Precious metal
2015-06-08,1173.199951171875,1176.0999755859375,1169.0999755859375,1169.5,173,63.762001037597656,23974.68,24109.98,23966.48,24050.53,0.0008722586380029984,143.5,Gold,GC=F,₹/10g,Precious metal
2015-06-09,1177.300048828125,1180.300048828125,1172.699951171875,1172.9000244140625,144,63.97600173950195,24125.08,24277.29,24120.97,24215.59,0.006863050419263272,156.3199999999997,Gold,GC=F,₹/10g,Precious metal
2015-06-10,1186.0999755859375,1190.0999755859375,1175.5999755859375,1176.0999755859375,295,64.03800201416016,24214.35,24502.59,24204.05,24420.23,0.008450754245508785,298.5400000000009,Gold,GC=F,₹/10g,Precious metal
2015-06-11,1179.9000244140625,1183.199951171875,1174.4000244140625,1183.199951171875,69,63.79899978637695,24269.61,24269.61,24089.1,24201.92,-0.008939719240973587,180.51000000000204,Gold,GC=F,₹/10g,Precious metal
2015-06-12,1178.800048828125,1181.199951171875,1176.199951171875,1180.4000244140625,141,63.999000549316406,24288.08,24304.54,24201.66,24255.16,0.002199825468392591,102.88000000000102,Gold,GC=F,₹/10g,Precious metal
2015-06-15,1185.300048828125,1188.5,1172.699951171875,1179.9000244140625,102,64.09200286865234,24313.07,24490.28,24164.7,24424.34,0.006975010678140325,325.5799999999981,Gold,GC=F,₹/10g,Precious metal
2015-06-16,1180.5,1186.5,1175.9000244140625,1186.5,29,64.052001953125,24433.81,24433.81,24215.52,24310.25,-0.004671159998591579,218.29000000000087,Gold,GC=F,₹/10g,Precious metal
2015-06-17,1176.4000244140625,1186.300048828125,1174.9000244140625,1177.5999755859375,168,64.18199920654297,24299.75,24479.27,24244.03,24274.99,-0.0014504170051726772,235.2400000000016,Gold,GC=F,₹/10g,Precious metal
2015-06-18,1201.5,1202.0,1183.4000244140625,1183.4000244140625,130,64.00299835205078,24351.33,24734.07,24351.33,24723.78,0.018487752209166652,382.73999999999796,Gold,GC=F,₹/10g,Precious metal
2015-06-19,1201.5,1203.0999755859375,1199.699951171875,1199.699951171875,142,63.64500045776367,24548.65,24618.23,24548.65,24585.49,-0.005593400361918688,69.57999999999811,Gold,GC=F,₹/10g,Precious metal
2015-06-22,1183.699951171875,1197.800048828125,1182.699951171875,1197.800048828125,30,63.492000579833984,24450.86,24450.86,24142.62,24163.03,-0.017183306088266015,308.2400000000016,Gold,GC=F,₹/10g,Precious metal
2015-06-23,1176.199951171875,1186.0,1176.199951171875,1183.800048828125,60,63.50699996948242,24170.78,24215.7,24015.6,24015.6,-0.006101469890158695,200.10000000000218,Gold,GC=F,₹/10g,Precious metal
2015-06-24,1172.5999755859375,1176.5999755859375,1170.699951171875,1176.5999755859375,263,63.59999847412109,24058.95,24058.95,23938.31,23977.16,-0.0016006262595978926,120.63999999999942,Gold,GC=F,₹/10g,Precious metal
2015-06-25,1171.5,1175.9000244140625,1171.5,1175.800048828125,95,63.5620002746582,24028.23,24030.27,23940.36,23940.36,-0.0015347939455715442,89.90999999999985,Gold,GC=F,₹/10g,Precious metal
2015-06-26,1172.9000244140625,1172.9000244140625,1170.5,1170.5,308,63.51100158691406,23900.73,23949.73,23900.73,23949.73,0.00039138926900017523,49.0,Gold,GC=F,₹/10g,Precious metal
2015-06-29,1178.5,1186.0,1173.800048828125,1185.0999755859375,174,63.44400024414063,24173.32,24191.68,23942.83,24038.69,0.0037144468852048362,248.84999999999854,Gold,GC=F,₹/10g,Precious metal
2015-06-30,1171.5,1176.4000244140625,1166.5999755859375,1176.300048828125,223,63.7239990234375,24099.71,24101.76,23900.98,24001.37,-0.00155249724506612,200.77999999999884,Gold,GC=F,₹/10g,Precious metal
2015-07-01,1169.0,1173.0999755859375,1166.5999755859375,1173.0999755859375,455,63.59000015258789,23983.61,23983.61,23850.72,23899.79,-0.004232258408582434,132.88999999999942,Gold,GC=F,₹/10g,Precious metal
2015-07-02,1163.0,1168.0999755859375,1155.5,1166.4000244140625,316,63.57400131225586,23840.63,23875.38,23617.84,23771.14,-0.0053828924856662574,257.5400000000009,Gold,GC=F,₹/10g,Precious metal
2015-07-06,1172.9000244140625,1173.0,1162.199951171875,1171.0999755859375,634,63.40399932861328,23872.69,23911.42,23691.26,23909.38,0.005815455211655829,220.15999999999985,Gold,GC=F,₹/10g,Precious metal
2015-07-07,1152.4000244140625,1166.800048828125,1149.5,1166.800048828125,469,63.3650016784668,23770.41,23770.41,23417.97,23477.05,-0.018082024711640443,352.4399999999987,Gold,GC=F,₹/10g,Precious metal
2015-07-08,1163.300048828125,1163.300048828125,1146.4000244140625,1152.5999755859375,65,63.51800155639648,23537.82,23756.33,23411.2,23756.33,0.011895872777883287,345.130000000001,Gold,GC=F,₹/10g,Precious metal
2015-07-09,1159.0,1163.5999755859375,1154.800048828125,1154.800048828125,65,63.5620002746582,23599.08,23778.91,23599.08,23684.91,-0.003006356621582662,179.8299999999981,Gold,GC=F,₹/10g,Precious metal
2015-07-10,1157.699951171875,1161.4000244140625,1157.5,1160.0999755859375,27,63.36399841308594,23633.54,23660.02,23580.57,23584.64,-0.004233497192938529,79.45000000000073,Gold,GC=F,₹/10g,Precious metal
2015-07-13,1155.199951171875,1159.0,1151.199951171875,1159.0,14,63.35200119018555,23606.66,23606.66,23447.79,23529.26,-0.0023481384494314916,158.86999999999898,Gold,GC=F,₹/10g,Precious metal
2015-07-14,1153.300048828125,1157.199951171875,1153.0,1157.199951171875,39,63.51399993896485,23630.27,23630.27,23544.5,23550.63,0.0009082308580892207,85.77000000000044,Gold,GC=F,₹/10g,Precious metal
2015-07-15,1147.199951171875,1154.0,1144.800048828125,1154.0,15,63.32400131225586,23494.43,23494.43,23307.13,23355.99,-0.008264747057721955,187.29999999999927,Gold,GC=F,₹/10g,Precious metal
2015-07-16,1143.800048828125,1146.199951171875,1142.9000244140625,1146.199951171875,14,63.52399826049805,23409.33,23409.33,23341.93,23360.31,0.00018496325781947043,67.40000000000146,Gold,GC=F,₹/10g,Precious metal
2015-07-17,1131.800048828125,1144.0,1130.199951171875,1144.0,120,63.48199844360352,23348.95,23348.95,23067.29,23099.95,-0.01114540003963993,281.65999999999985,Gold,GC=F,₹/10g,Precious metal
2015-07-20,1106.699951171875,1130.699951171875,1095.0999755859375,1130.4000244140625,189,63.48400115966797,23072.1,23078.22,22351.61,22588.37,-0.022146368282182527,726.6100000000006,Gold,GC=F,₹/10g,Precious metal
2015-07-21,1103.4000244140625,1106.4000244140625,1097.0999755859375,1097.0999755859375,118,63.625,22442.16,22632.41,22442.16,22571.04,-0.0007672089663839365,190.25,Gold,GC=F,₹/10g,Precious metal
2015-07-22,1091.4000244140625,1095.0,1086.0,1093.0,46,63.58300018310547,22343.54,22384.42,22200.44,22310.83,-0.011528489604377912,183.97999999999956,Gold,GC=F,₹/10g,Precious metal
2015-07-23,1094.0,1097.5999755859375,1087.800048828125,1097.4000244140625,64,63.66400146484375,22462.06,22466.16,22265.57,22392.47,0.0036592094511946893,200.59000000000015,Gold,GC=F,₹/10g,Precious metal
2015-07-24,1085.5999755859375,1100.699951171875,1078.5999755859375,1078.5999755859375,52,63.84799957275391,22141.06,22594.72,22141.06,22284.75,-0.004810545687903178,453.65999999999985,Gold,GC=F,₹/10g,Precious metal
2015-07-27,1096.5,1102.5,1093.9000244140625,1100.0,19,64.0999984741211,22669.47,22721.0,22543.76,22597.34,0.014027081299992084,177.2400000000016,Gold,GC=F,₹/10g,Precious metal
2015-07-28,1096.300048828125,1097.699951171875,1096.300048828125,1097.199951171875,31,64.21700286865234,22653.04,22663.37,22634.46,22634.46,0.0016426712170547475,28.909999999999854,Gold,GC=F,₹/10g,Precious metal
2015-07-29,1092.699951171875,1096.9000244140625,1092.699951171875,1096.4000244140625,159142,63.8390007019043,22503.28,22513.54,22427.34,22427.34,-0.009150649054583071,86.20000000000073,Gold,GC=F,₹/10g,Precious metal
2015-07-30,1088.4000244140625,1097.5,1081.0,1096.0999755859375,49298,63.882999420166016,22512.63,22541.38,22202.49,22354.48,-0.003248713400697545,338.8899999999994,Gold,GC=F,₹/10g,Precious metal
2015-07-31,1094.9000244140625,1102.800048828125,1079.0999755859375,1087.699951171875,5700,64.11799621582031,22422.28,22733.56,22245.0,22570.71,0.0096727814737807,488.5600000000013,Gold,GC=F,₹/10g,Precious metal
2015-08-03,1089.4000244140625,1097.0999755859375,1085.0,1095.5,2418,63.97999954223633,22534.47,22567.38,22318.48,22408.99,-0.007165038228748588,248.90000000000146,Gold,GC=F,₹/10g,Precious metal
2015-08-04,1090.699951171875,1093.9000244140625,1080.5,1085.0999755859375,1139,64.1240005493164,22370.78,22552.2,22275.94,22486.23,0.0034468309370478956,276.26000000000204,Gold,GC=F,₹/10g,Precious metal
2015-08-05,1085.699951171875,1090.5999755859375,1082.5,1086.5,1207,63.81900024414063,22293.1,22377.22,22211.03,22276.68,-0.009319036583722573,166.19000000000233,Gold,GC=F,₹/10g,Precious metal
2015-08-06,1090.199951171875,1092.199951171875,1083.5999755859375,1084.4000244140625,269,63.69599914550781,22207.13,22366.86,22190.74,22325.9,0.002209485434992997,176.11999999999898,Gold,GC=F,₹/10g,Precious metal
2015-08-07,1094.0999755859375,1098.300048828125,1081.699951171875,1088.9000244140625,614,63.733001708984375,22312.24,22504.85,22164.7,22418.79,0.00416063854088744,340.1499999999978,Gold,GC=F,₹/10g,Precious metal
2015-08-10,1104.199951171875,1107.5999755859375,1089.5,1093.199951171875,900,63.733001708984375,22400.35,22695.41,22324.53,22625.74,0.009231095879840057,370.880000000001,Gold,GC=F,₹/10g,Precious metal
2015-08-11,1107.5999755859375,1116.699951171875,1094.0,1103.800048828125,997,63.8380012512207,22654.81,22919.57,22453.67,22732.8,0.004731778938500852,465.90000000000146,Gold,GC=F,₹/10g,Precious metal
2015-08-12,1123.199951171875,1124.5,1101.5,1106.0,797,64.32599639892578,22873.49,23256.09,22780.42,23229.2,0.0218362894144144,475.6700000000019,Gold,GC=F,₹/10g,Precious metal
2015-08-13,1115.699951171875,1124.300048828125,1113.0,1124.300048828125,441,64.79900360107422,23422.93,23422.93,23187.52,23243.77,0.0006272277994936459,235.40999999999985,Gold,GC=F,₹/10g,Precious metal
2015-08-14,1112.9000244140625,1118.800048828125,1112.5,1113.9000244140625,908,65.26899719238281,23374.58,23477.41,23345.21,23353.6,0.004725137101253329,132.20000000000073,Gold,GC=F,₹/10g,Precious metal
2015-08-17,1118.5999755859375,1122.0,1113.800048828125,1113.800048828125,399,65.12200164794922,23319.85,23491.53,23319.85,23420.34,0.002857803507810397,171.6800000000003,Gold,GC=F,₹/10g,Precious metal
2015-08-18,1117.0999755859375,1118.4000244140625,1110.0,1118.199951171875,475,65.44300079345703,23527.37,23531.58,23354.84,23504.23,0.0035819292119585455,176.7400000000016,Gold,GC=F,₹/10g,Precious metal
2015-08-19,1128.0999755859375,1134.300048828125,1116.800048828125,1117.0,348,65.44599914550781,23503.2,23867.22,23498.99,23736.76,0.00989311285670702,368.22999999999956,Gold,GC=F,₹/10g,Precious metal
2015-08-20,1153.0,1153.300048828125,1132.800048828125,1132.800048828125,409,65.05400085449219,23692.89,24121.65,23692.89,24115.38,0.015950786880770673,428.76000000000204,Gold,GC=F,₹/10g,Precious metal
2015-08-21,1159.5999755859375,1166.5,1150.5,1154.0999755859375,261,65.46099853515625,24289.4,24550.37,24213.63,24405.15,0.012015983160953647,336.73999999999796,Gold,GC=F,₹/10g,Precious metal
2015-08-24,1153.4000244140625,1169.0,1147.5,1164.0,299,66.0260009765625,24709.2,24815.34,24358.94,24484.19,0.0032386606925176586,456.40000000000146,Gold,GC=F,₹/10g,Precious metal
2015-08-25,1138.199951171875,1155.5,1134.0,1151.5,217,66.80699920654297,24732.99,24818.91,24357.11,24447.32,-0.0015058697061246518,461.7999999999993,Gold,GC=F,₹/10g,Precious metal
2015-08-26,1124.5999755859375,1143.0,1119.5999755859375,1139.199951171875,116,66.28299713134766,24276.88,24357.86,23859.19,23965.75,-0.01969827367580579,498.6700000000019,Gold,GC=F,₹/10g,Precious metal
2015-08-27,1122.4000244140625,1127.4000244140625,1118.4000244140625,1127.199951171875,564,66.05599975585938,23938.89,23943.14,23752.0,23836.95,-0.005374336292417237,191.13999999999942,Gold,GC=F,₹/10g,Precious metal
2015-08-28,1133.0999755859375,1139.0,1123.5999755859375,1125.300048828125,279,66.05500030517578,23898.18,24189.13,23862.07,24063.83,0.009517996220154146,327.0600000000013,Gold,GC=F,₹/10g,Precious metal
2015-08-31,1131.5999755859375,1134.0,1124.800048828125,1131.0999755859375,194,66.14299774169922,24053.35,24115.02,23919.38,24063.98,6.233421695478469e-06,195.63999999999942,Gold,GC=F,₹/10g,Precious metal
2015-09-01,1138.699951171875,1144.699951171875,1133.5,1133.5,375,66.3499984741211,24179.83,24418.74,24179.83,24290.75,0.00942362817788256,238.90999999999985,Gold,GC=F,₹/10g,Precious metal
2015-09-02,1132.5,1140.4000244140625,1130.800048828125,1137.300048828125,201,66.4229965209961,24287.58,24353.78,24148.77,24185.07,-0.004350627296398901,205.0099999999984,Gold,GC=F,₹/10g,Precious metal
2015-09-03,1123.699951171875,1132.9000244140625,1120.300048828125,1130.300048828125,122,66.22599792480469,24066.5,24121.86,23853.58,23925.97,-0.01071322100783656,268.27999999999884,Gold,GC=F,₹/10g,Precious metal
2015-09-04,1120.5999755859375,1125.199951171875,1116.199951171875,1123.4000244140625,51,66.16000366210938,23895.75,23934.04,23742.6,23836.19,-0.0037524079483507444,191.44000000000233,Gold,GC=F,₹/10g,Precious metal
2015-09-08,1120.4000244140625,1124.300048828125,1116.4000244140625,1119.800048828125,138,66.8030014038086,24050.67,24147.32,23977.65,24063.56,0.009538856671305274,169.66999999999825,Gold,GC=F,₹/10g,Precious metal
2015-09-09,1102.199951171875,1123.5,1102.0999755859375,1123.5,150,66.40599822998047,23986.73,23986.73,23529.84,23531.98,-0.022090663226887575,456.8899999999994,Gold,GC=F,₹/10g,Precious metal
2015-09-10,1109.5,1113.5,1105.5,1107.300048828125,56,66.59700012207031,23708.86,23841.61,23670.32,23755.97,0.009518536051789983,171.29000000000087,Gold,GC=F,₹/10g,Precious metal
2015-09-11,1103.5,1111.699951171875,1098.199951171875,1110.800048828125,81,66.31900024414062,23684.52,23703.71,23415.86,23528.87,-0.009559702255896196,287.84999999999854,Gold,GC=F,₹/10g,Precious metal
2015-09-14,1107.699951171875,1108.5999755859375,1104.0999755859375,1107.800048828125,19,66.23400115966797,23590.28,23607.31,23511.49,23588.15,0.002519458010520781,95.81999999999971,Gold,GC=F,₹/10g,Precious metal
2015-09-15,1102.800048828125,1104.5,1102.800048828125,1104.5,8,66.31500244140625,23548.77,23548.77,23512.53,23512.53,-0.003205847003686313,36.2400000000016,Gold,GC=F,₹/10g,Precious metal
2015-09-16,1119.199951171875,1119.9000244140625,1109.800048828125,1109.800048828125,31,66.43000030517578,23702.8,23918.52,23702.8,23903.56,0.01663070711658854,215.72000000000116,Gold,GC=F,₹/10g,Precious metal
2015-09-17,1117.300048828125,1130.5,1117.0999755859375,1118.5999755859375,14,66.19599914550781,23806.6,24059.86,23774.67,23778.93,-0.005213867725142207,285.1900000000023,Gold,GC=F,₹/10g,Precious metal
2015-09-18,1138.0999755859375,1141.199951171875,1127.800048828125,1128.300048828125,59,66.12200164794922,23986.19,24260.43,23975.56,24194.53,0.01747765774153831,284.869999999999,Gold,GC=F,₹/10g,Precious metal
2015-09-21,1133.0999755859375,1138.5,1130.800048828125,1137.5999755859375,17,65.86100006103516,24088.44,24107.5,23944.45,23993.15,-0.008323368959843314,163.04999999999927,Gold,GC=F,₹/10g,Precious metal
2015-09-22,1125.0,1135.0,1122.5,1132.5999755859375,43,65.73899841308594,23938.14,23988.86,23724.67,23777.51,-0.00898756520090127,264.1900000000023,Gold,GC=F,₹/10g,Precious metal
2015-09-23,1131.5999755859375,1132.199951171875,1128.300048828125,1128.5999755859375,33,65.875,23902.94,23979.19,23896.59,23966.48,0.007947425949983877,82.59999999999854,Gold,GC=F,₹/10g,Precious metal
2015-09-24,1153.800048828125,1155.9000244140625,1133.0,1133.0,37,66.16200256347656,24100.68,24587.8,24100.68,24543.13,0.024060688094371896,487.119999999999,Gold,GC=F,₹/10g,Precious metal
2015-09-25,1146.0,1149.800048828125,1143.4000244140625,1149.800048828125,56,66.22100067138672,24479.85,24479.85,24343.59,24398.95,-0.005874556342243209,136.2599999999984,Gold,GC=F,₹/10g,Precious metal
2015-09-28,1132.0,1133.199951171875,1132.0,1133.199951171875,4346,66.16300201416016,24105.3,24105.3,24079.77,24079.77,-0.013081710483442976,25.529999999998836,Gold,GC=F,₹/10g,Precious metal
2015-09-29,1127.0999755859375,1134.4000244140625,1124.300048828125,1132.199951171875,2417,66.26000213623047,24119.33,24166.2,23951.04,24010.69,-0.0028687981654310635,215.15999999999985,Gold,GC=F,₹/10g,Precious metal
2015-09-30,1115.5,1126.0,1112.0999755859375,1124.300048828125,865,65.91999816894531,23828.14,23864.17,23569.58,23641.63,-0.015370653654684596,294.5899999999965,Gold,GC=F,₹/10g,Precious metal
2015-10-01,1114.199951171875,1119.0,1113.300048828125,1115.199951171875,1181,65.5270004272461,23494.37,23574.43,23454.34,23473.3,-0.007120067440358424,120.09000000000015,Gold,GC=F,₹/10g,Precious metal
2015-10-02,1137.0999755859375,1141.199951171875,1105.800048828125,1112.199951171875,323,65.61799621582031,23463.7,24075.51,23328.69,23989.01,0.02197006811994906,746.8199999999997,Gold,GC=F,₹/10g,Precious metal
2015-10-05,1138.0999755859375,1141.699951171875,1132.5,1137.0999755859375,226,65.35700225830078,23893.6,23990.25,23796.94,23914.61,-0.003101420191996107,193.3100000000013,Gold,GC=F,₹/10g,Precious metal
2015-10-06,1146.800048828125,1150.0,1136.300048828125,1136.300048828125,145,65.12300109863281,23791.3,24078.14,23791.3,24011.14,0.004036444667088412,286.84000000000015,Gold,GC=F,₹/10g,Precious metal
2015-10-07,1149.0,1152.9000244140625,1143.0,1147.5999755859375,104,65.18399810791016,24050.4,24161.47,23954.0,24079.74,0.0028570072058220486,207.47000000000116,Gold,GC=F,₹/10g,Precious metal
2015-10-08,1144.699951171875,1146.699951171875,1138.699951171875,1142.699951171875,138,64.93900299072266,23857.7,23941.21,23774.19,23899.46,-0.007486791800908277,167.02000000000044,Gold,GC=F,₹/10g,Precious metal
2015-10-09,1156.300048828125,1157.199951171875,1151.5999755859375,1151.5999755859375,22,64.99500274658203,24064.25,24181.27,24064.25,24162.47,0.011004851155632878,117.02000000000044,Gold,GC=F,₹/10g,Precious metal
2015-10-12,1164.9000244140625,1166.800048828125,1155.9000244140625,1155.9000244140625,40,64.77200317382812,24071.23,24298.22,24071.23,24258.66,0.003980967177610539,226.9900000000016,Gold,GC=F,₹/10g,Precious metal
2015-10-13,1165.800048828125,1166.199951171875,1154.9000244140625,1163.5,132,64.78199768066406,24233.24,24289.47,24054.12,24281.14,0.0009266793796525175,235.35000000000218,Gold,GC=F,₹/10g,Precious metal
2015-10-14,1180.0999755859375,1189.0,1167.300048828125,1172.4000244140625,143,65.08499908447266,24532.82,24880.18,24426.1,24693.94,0.017000849218776315,454.08000000000175,Gold,GC=F,₹/10g,Precious metal
2015-10-15,1187.9000244140625,1188.300048828125,1177.800048828125,1184.199951171875,143,64.8489990234375,24689.88,24775.37,24556.45,24767.03,0.0029598354900028934,218.91999999999825,Gold,GC=F,₹/10g,Precious metal
2015-10-16,1183.5999755859375,1184.0999755859375,1176.199951171875,1182.5,243,64.78399658203125,24629.73,24663.05,24498.51,24652.64,-0.004618640184148037,164.54000000000087,Gold,GC=F,₹/10g,Precious metal
2015-10-19,1173.300048828125,1177.800048828125,1169.300048828125,1176.5,62,64.69499969482422,24471.09,24498.13,24321.34,24404.54,-0.010063830891944958,176.79000000000087,Gold,GC=F,₹/10g,Precious metal
2015-10-20,1178.0,1179.0999755859375,1168.699951171875,1168.699951171875,19,64.95099639892578,24405.04,24622.22,24405.04,24599.25,0.007978433520976047,217.1800000000003,Gold,GC=F,₹/10g,Precious metal
2015-10-21,1167.5999755859375,1176.4000244140625,1164.9000244140625,1175.9000244140625,41,64.99400329589844,24571.66,24582.1,24341.8,24398.22,-0.008172200371962535,240.29999999999927,Gold,GC=F,₹/10g,Precious metal
2015-10-22,1166.5999755859375,1168.5999755859375,1163.5,1166.199951171875,48,65.15899658203125,24430.83,24481.1,24374.26,24439.21,0.0016800405931252094,106.84000000000015,Gold,GC=F,₹/10g,Precious metal
2015-10-23,1163.300048828125,1178.699951171875,1163.300048828125,1166.199951171875,38,65.05000305175781,24389.96,24651.39,24329.31,24329.31,-0.004496872034734256,322.0799999999981,Gold,GC=F,₹/10g,Precious metal
2015-10-26,1167.0,1170.0,1163.800048828125,1165.0999755859375,176,64.88500213623047,24305.15,24407.37,24278.03,24344.78,0.0006358585590795496,129.34000000000015,Gold,GC=F,₹/10g,Precious metal
2015-10-27,1166.800048828125,1166.800048828125,1162.0,1164.5,302,64.9010009765625,24298.62,24346.61,24246.46,24346.61,7.517011860458389e-05,100.15000000000146,Gold,GC=F,₹/10g,Precious metal
2015-10-28,1177.0999755859375,1182.699951171875,1175.0999755859375,1175.0999755859375,217,65.06700134277344,24582.52,24741.5,24582.52,24624.36,0.011408159082517022,158.97999999999956,Gold,GC=F,₹/10g,Precious metal
2015-10-29,1147.199951171875,1162.0,1144.9000244140625,1158.0,329,64.94599914550781,24179.74,24263.27,23906.21,23954.23,-0.0272141083057591,357.0600000000013,Gold,GC=F,₹/10g,Precious metal
2015-10-30,1141.5,1147.5999755859375,1139.199951171875,1147.5,249,65.44400024414062,24144.23,24146.33,23969.59,24017.98,0.002661325369256229,176.7400000000016,Gold,GC=F,₹/10g,Precious metal
2015-11-02,1135.800048828125,1138.699951171875,1132.5999755859375,1137.9000244140625,180,65.41500091552734,23931.63,23948.45,23820.16,23887.46,-0.005434262165261217,128.29000000000087,Gold,GC=F,₹/10g,Precious metal
2015-11-03,1114.199951171875,1134.699951171875,1114.199951171875,1133.300048828125,185,65.54100036621094,23880.79,23910.29,23478.32,23478.32,-0.017127815180014938,431.97000000000116,Gold,GC=F,₹/10g,Precious metal
2015-11-04,1106.5,1121.9000244140625,1106.5,1119.0,141,65.53099822998047,23575.86,23636.96,23312.5,23312.5,-0.007062685916198408,324.4599999999991,Gold,GC=F,₹/10g,Precious metal
2015-11-05,1104.4000244140625,1110.699951171875,1104.4000244140625,1107.9000244140625,84,65.58499908447266,23361.24,23420.28,23287.44,23287.44,-0.0010749597855228554,132.84000000000015,Gold,GC=F,₹/10g,Precious metal
2015-11-06,1087.5999755859375,1109.5,1084.800048828125,1105.199951171875,78,65.86000061035156,23402.02,23493.07,22970.06,23029.35,-0.011082798280961814,523.0099999999984,Gold,GC=F,₹/10g,Precious metal
2015-11-09,1087.9000244140625,1088.5999755859375,1087.9000244140625,1088.5999755859375,5,66.13300323486328,23146.07,23146.07,23131.19,23131.19,0.004422182996914881,14.880000000001019,Gold,GC=F,₹/10g,Precious metal
2015-11-10,1088.199951171875,1091.300048828125,1085.0,1090.0999755859375,18,66.46800231933594,23295.37,23321.02,23186.39,23254.77,0.0053425699239857405,134.63000000000102,Gold,GC=F,₹/10g,Precious metal
2015-11-11,1084.699951171875,1091.4000244140625,1084.199951171875,1091.4000244140625,15,66.19300079345703,23226.66,23226.66,23073.43,23084.07,-0.007340429511880853,153.22999999999956,Gold,GC=F,₹/10g,Precious metal
2015-11-12,1080.800048828125,1086.5999755859375,1080.800048828125,1086.0,4,66.06300354003906,23066.35,23079.09,22955.9,22955.9,-0.005552313781755025,123.18999999999869,Gold,GC=F,₹/10g,Precious metal
2015-11-13,1080.800048828125,1085.9000244140625,1080.800048828125,1083.0999755859375,23,66.0479965209961,22999.53,23058.99,22950.69,22950.69,-0.00022695690432539273,108.30000000000291,Gold,GC=F,₹/10g,Precious metal
2015-11-16,1083.699951171875,1092.4000244140625,1083.699951171875,1092.0,11,66.0510025024414,23189.58,23198.07,23013.32,23013.32,0.0027288939896796816,184.75,Gold,GC=F,₹/10g,Precious metal
2015-11-17,1068.699951171875,1075.800048828125,1065.0999755859375,1075.5,6,65.89700317382812,22785.93,22792.29,22565.59,22641.86,-0.016141086987883524,226.70000000000073,Gold,GC=F,₹/10g,Precious metal
2015-11-18,1068.800048828125,1071.9000244140625,1064.0,1064.0,5,66.03700256347656,22590.18,22757.91,22590.18,22692.09,0.002218457317552547,167.72999999999956,Gold,GC=F,₹/10g,Precious metal
2015-11-19,1078.0,1082.4000244140625,1077.4000244140625,1077.4000244140625,10,66.07499694824219,22887.84,22994.06,22887.84,22900.59,0.00918822373787509,106.22000000000116,Gold,GC=F,₹/10g,Precious metal
2015-11-20,1076.4000244140625,1082.9000244140625,1076.4000244140625,1082.9000244140625,5,66.08499908447266,23008.17,23008.17,22870.06,22870.06,-0.0013331534253047117,138.10999999999694,Gold,GC=F,₹/10g,Precious metal
2015-11-23,1066.800048828125,1071.5,1066.800048828125,1070.0,57,66.05000305175781,22722.04,22753.9,22654.09,22654.09,-0.009443350826364272,99.81000000000131,Gold,GC=F,₹/10g,Precious metal
2015-11-24,1074.300048828125,1079.4000244140625,1073.199951171875,1073.199951171875,222,66.37100219726562,22900.75,23033.05,22900.75,22924.23,0.011924557552300596,132.29999999999927,Gold,GC=F,₹/10g,Precious metal
2015-11-25,1070.5,1072.0,1068.5,1070.199951171875,148662,66.30000305175781,22812.31,22850.68,22776.07,22818.7,-0.0046034261565164325,74.61000000000058,Gold,GC=F,₹/10g,Precious metal
2015-11-27,1056.199951171875,1074.199951171875,1051.0999755859375,1070.699951171875,52133,66.55799865722656,22911.78,22986.67,22492.36,22601.49,-0.00951894717928714,494.3099999999977,Gold,GC=F,₹/10g,Precious metal
2015-11-30,1065.800048828125,1068.4000244140625,1052.0999755859375,1056.5,4601,66.9000015258789,22724.08,22980.04,22629.44,22924.12,0.014274722595722489,350.6000000000022,Gold,GC=F,₹/10g,Precious metal
2015-12-01,1063.800048828125,1074.5999755859375,1063.4000244140625,1064.5999755859375,3441,66.50800323486328,22764.13,22977.96,22738.47,22747.03,-0.007725051168812613,239.48999999999796,Gold,GC=F,₹/10g,Precious metal
2015-12-02,1054.199951171875,1069.5,1049.5999755859375,1068.699951171875,503,66.46099853515625,22835.65,22852.75,22427.53,22525.82,-0.009724786048991851,425.22000000000116,Gold,GC=F,₹/10g,Precious metal
2015-12-03,1061.699951171875,1064.5999755859375,1046.199951171875,1054.4000244140625,1161,66.55699920654297,22562.64,22780.9,22387.17,22718.85,0.008569277389235852,393.7300000000032,Gold,GC=F,₹/10g,Precious metal
2015-12-04,1084.5,1088.800048828125,1058.699951171875,1063.0,889,66.8030014038086,22830.74,23384.86,22738.38,23292.51,0.025250397797423663,646.4799999999996,Gold,GC=F,₹/10g,Precious metal
2015-12-07,1076.4000244140625,1086.5,1067.4000244140625,1084.9000244140625,656,66.63600158691406,23242.85,23277.13,22867.93,23060.75,-0.009949979628644523,409.2000000000007,Gold,GC=F,₹/10g,Precious metal
2015-12-08,1076.300048828125,1078.4000244140625,1069.5999755859375,1071.0,306,66.76799774169922,22990.51,23149.36,22960.45,23104.28,0.0018876229090554197,188.90999999999985,Gold,GC=F,₹/10g,Precious metal
2015-12-09,1077.5999755859375,1086.0,1070.5999755859375,1075.0999755859375,386,66.83300018310547,23100.99,23335.2,23004.29,23154.71,0.0021827124671274234,330.90999999999985,Gold,GC=F,₹/10g,Precious metal
2015-12-10,1073.0999755859375,1076.300048828125,1071.699951171875,1073.0,226,66.88999938964844,23075.53,23146.5,23047.57,23077.68,-0.0033267529586852307,98.93000000000029,Gold,GC=F,₹/10g,Precious metal
2015-12-11,1076.9000244140625,1079.4000244140625,1064.4000244140625,1067.800048828125,410,66.78600311279297,22928.0,23177.07,22854.99,23123.39,0.001980701699650922,322.0799999999981,Gold,GC=F,₹/10g,Precious metal
2015-12-14,1064.699951171875,1076.699951171875,1060.0,1074.0,509,67.14099884033203,23183.7,23241.99,22881.5,22982.95,-0.006073503928273438,360.4900000000016,Gold,GC=F,₹/10g,Precious metal
2015-12-15,1062.9000244140625,1066.199951171875,1061.800048828125,1064.5999755859375,220,67.07099914550781,22956.83,22991.33,22896.46,22920.18,-0.0027311550518971384,94.87000000000262,Gold,GC=F,₹/10g,Precious metal
2015-12-16,1078.0,1078.699951171875,1064.300048828125,1064.800048828125,81,66.90299987792969,22903.63,23202.62,22892.88,23187.56,0.0116657024508533,309.73999999999796,Gold,GC=F,₹/10g,Precious metal
2015-12-17,1050.800048828125,1072.5999755859375,1050.5,1072.5999755859375,56,66.4280014038086,22907.61,22907.61,22435.62,22442.02,-0.03215258526554765,471.9900000000016,Gold,GC=F,₹/10g,Precious metal
2015-12-18,1066.199951171875,1070.300048828125,1052.699951171875,1053.699951171875,253,66.45899963378906,22514.46,22869.15,22493.09,22781.55,0.01512920851153332,376.0600000000013,Gold,GC=F,₹/10g,Precious metal
2015-12-21,1081.9000244140625,1081.9000244140625,1070.199951171875,1070.199951171875,26,66.24800109863281,22794.41,23043.62,22794.41,23043.62,0.01150360708555831,249.20999999999913,Gold,GC=F,₹/10g,Precious metal
2015-12-22,1074.800048828125,1078.5999755859375,1073.800048828125,1078.5999755859375,106,66.26899719238281,22980.61,22980.61,22878.34,22899.65,-0.006247716287631766,102.27000000000044,Gold,GC=F,₹/10g,Precious metal
2015-12-23,1069.4000244140625,1074.800048828125,1069.4000244140625,1074.5,202,66.24299621582031,22884.27,22890.66,22775.66,22775.66,-0.005414493234612849,115.0,Gold,GC=F,₹/10g,Precious metal
2015-12-24,1077.199951171875,1077.800048828125,1073.5,1074.300048828125,24,66.15399932861328,22849.28,22923.72,22832.26,22910.95,0.005940113261262203,91.46000000000276,Gold,GC=F,₹/10g,Precious metal
2015-12-28,1070.5,1098.800048828125,1070.5,1077.9000244140625,361,65.94000244140625,22851.68,23294.77,22694.8,22694.8,-0.009434353442349663,599.9700000000012,Gold,GC=F,₹/10g,Precious metal
2015-12-29,1077.5,1079.699951171875,1077.5,1079.0999755859375,252,66.13400268554688,22944.43,22957.18,22910.41,22910.41,0.009500414191797368,46.77000000000044,Gold,GC=F,₹/10g,Precious metal
2015-12-30,1060.0999755859375,1070.199951171875,1059.699951171875,1068.5999755859375,71,66.26000213623047,22764.46,22798.54,22574.86,22583.38,-0.014274297142652603,223.6800000000003,Gold,GC=F,₹/10g,Precious metal
2015-12-31,1060.300048828125,1062.0,1058.5,1061.9000244140625,10,66.45500183105469,22688.3,22690.44,22615.66,22654.12,0.0031323920511454606,74.77999999999884,Gold,GC=F,₹/10g,Precious metal
2016-01-04,1075.0999755859375,1082.5,1063.199951171875,1063.4000244140625,143,66.19300079345703,22630.78,23037.25,22626.52,22879.77,0.009960660577413849,410.72999999999956,Gold,GC=F,₹/10g,Precious metal
2016-01-05,1078.4000244140625,1081.5,1075.300048828125,1075.5999755859375,82,66.60099792480469,23031.5,23157.84,23025.08,23091.46,0.009252278322727792,132.7599999999984,Gold,GC=F,₹/10g,Precious metal
2016-01-06,1091.9000244140625,1093.699951171875,1081.5999755859375,1081.5999755859375,52,66.52400207519531,23133.2,23392.0,23133.2,23353.5,0.011347918234706711,258.7999999999993,Gold,GC=F,₹/10g,Precious metal
2016-01-07,1107.699951171875,1109.4000244140625,1091.5999755859375,1091.5999755859375,122,66.7239990234375,23417.27,23799.12,23417.27,23762.65,0.01751985783715515,381.84999999999854,Gold,GC=F,₹/10g,Precious metal
2016-01-08,1097.800048828125,1111.0999755859375,1093.0,1111.0999755859375,98,66.9209976196289,23905.97,23905.97,23516.53,23619.81,-0.00601111408028987,389.4400000000023,Gold,GC=F,₹/10g,Precious metal
2016-01-11,1096.5,1107.9000244140625,1096.5,1105.699951171875,43,66.83999633789062,23760.99,23808.26,23563.28,23563.28,-0.002393330005618255,244.97999999999956,Gold,GC=F,₹/10g,Precious metal
2016-01-12,1085.5999755859375,1098.5,1084.0,1093.800048828125,87,66.79299926757812,23488.73,23589.66,23278.28,23312.64,-0.010636889261596782,311.380000000001,Gold,GC=F,₹/10g,Precious metal
2016-01-13,1087.5,1093.9000244140625,1081.5,1081.5,50,66.91999816894531,23268.76,23535.55,23268.76,23397.85,0.003655098693241099,266.7900000000009,Gold,GC=F,₹/10g,Precious metal
2016-01-14,1073.9000244140625,1091.5,1073.699951171875,1091.5,59,66.93599700927734,23489.52,23489.52,23106.46,23110.77,-0.01226950339454258,383.0600000000013,Gold,GC=F,₹/10g,Precious metal
2016-01-15,1091.5,1095.800048828125,1081.800048828125,1085.0,44,67.30400085449219,23478.01,23711.71,23408.77,23618.67,0.021976766676315762,302.9399999999987,Gold,GC=F,₹/10g,Precious metal
2016-01-19,1089.9000244140625,1094.4000244140625,1084.9000244140625,1089.800048828125,17,67.71099853515625,23724.48,23824.62,23617.81,23726.66,0.0045722303584410096,206.80999999999767,Gold,GC=F,₹/10g,Precious metal
2016-01-20,1107.0999755859375,1109.800048828125,1099.800048828125,1099.800048828125,30,67.76699829101562,23961.98,24179.86,23961.98,24121.03,0.016621387081030337,217.88000000000102,Gold,GC=F,₹/10g,Precious metal
2016-01-21,1099.0999755859375,1103.5999755859375,1094.0999755859375,1103.5999755859375,16,67.9489974975586,24109.35,24109.35,23901.81,24011.04,-0.00455992136322525,207.53999999999724,Gold,GC=F,₹/10g,Precious metal
2016-01-22,1097.199951171875,1103.199951171875,1097.199951171875,1098.0,4,67.80799865722656,23937.24,24050.6,23919.79,23919.79,-0.0038003351791509044,130.80999999999767,Gold,GC=F,₹/10g,Precious metal
2016-01-25,1106.199951171875,1109.300048828125,1099.300048828125,1099.300048828125,8,67.54100036621094,23871.21,24088.36,23871.21,24021.04,0.004232896693491028,217.15000000000146,Gold,GC=F,₹/10g,Precious metal
2016-01-26,1121.699951171875,1121.699951171875,1114.300048828125,1115.0999755859375,181,67.74099731445312,24286.01,24429.75,24268.59,24429.75,0.01701466714180566,161.15999999999985,Gold,GC=F,₹/10g,Precious metal
2016-01-27,1116.0999755859375,1117.800048828125,1115.800048828125,1117.800048828125,168706,67.7699966430664,24355.24,24355.24,24311.66,24318.19,-0.004566563309080118,43.580000000001746,Gold,GC=F,₹/10g,Precious metal
2016-01-28,1115.5999755859375,1125.699951171875,1109.800048828125,1125.4000244140625,52861,68.19599914550781,24674.97,24681.54,24332.93,24460.09,0.00583513822369186,348.6100000000006,Gold,GC=F,₹/10g,Precious metal
2016-01-29,1116.4000244140625,1118.5999755859375,1108.800048828125,1114.4000244140625,6955,68.09300231933594,24396.88,24488.83,24274.29,24440.67,-0.0007939463836805771,214.54000000000087,Gold,GC=F,₹/10g,Precious metal
2016-02-01,1127.9000244140625,1130.0,1115.300048828125,1116.699951171875,1682,67.87000274658203,24367.17,24657.39,24336.62,24611.56,0.006992034179095885,320.77000000000044,Gold,GC=F,₹/10g,Precious metal
2016-02-02,1127.300048828125,1131.4000244140625,1123.0,1128.300048828125,1230,67.88200378417969,24624.65,24692.3,24508.97,24602.82,-0.0003551176764090558,183.3299999999981,Gold,GC=F,₹/10g,Precious metal
2016-02-03,1141.300048828125,1146.0,1125.0,1128.5,1630,67.98600006103516,24666.74,25049.26,24590.24,24946.53,0.013970349740395571,459.0199999999968,Gold,GC=F,₹/10g,Precious metal
2016-02-04,1157.5999755859375,1157.5999755859375,1141.0,1142.5,771,67.927001953125,24951.08,25280.85,24918.32,25280.85,0.013401463049169449,362.52999999999884,Gold,GC=F,₹/10g,Precious metal
2016-02-05,1157.800048828125,1174.800048828125,1146.0,1155.5999755859375,877,67.56400299072266,25102.31,25519.38,24893.77,25150.1,-0.005171898887893378,625.6100000000006,Gold,GC=F,₹/10g,Precious metal
2016-02-08,1197.9000244140625,1200.4000244140625,1165.0,1173.5,931,67.802001953125,25580.93,26167.32,25395.64,26112.82,0.03827897304583283,771.6800000000003,Gold,GC=F,₹/10g,Precious metal
2016-02-09,1198.699951171875,1199.199951171875,1186.699951171875,1188.699951171875,700,68.07599639892578,26016.99,26246.8,25973.21,26235.86,0.0047118618364465625,273.59000000000015,Gold,GC=F,₹/10g,Precious metal
2016-02-10,1194.699951171875,1197.699951171875,1182.0999755859375,1189.800048828125,671,67.9280014038086,25984.45,26156.98,25816.29,26091.46,-0.005503917157661409,340.6899999999987,Gold,GC=F,₹/10g,Precious metal
2016-02-11,1247.9000244140625,1260.800048828125,1204.5999755859375,1205.5999755859375,995,67.89299774169922,26315.94,27520.86,26294.12,27239.27,0.043991788884178984,1226.7400000000016,Gold,GC=F,₹/10g,Precious metal
2016-02-12,1239.0999755859375,1247.800048828125,1233.5,1247.800048828125,250,68.4739990234375,27470.18,27470.18,27155.36,27278.64,0.0014453397613078955,314.8199999999997,Gold,GC=F,₹/10g,Precious metal
2016-02-16,1207.9000244140625,1233.5999755859375,1193.5999755859375,1233.0999755859375,422,68.13700103759766,27012.95,27023.9,26147.64,26460.91,-0.02997693433396975,876.260000000002,Gold,GC=F,₹/10g,Precious metal
2016-02-17,1211.0999755859375,1212.9000244140625,1196.5,1196.5,53,68.50599670410156,26353.12,26714.33,26353.12,26674.69,0.008079087227158777,361.21000000000276,Gold,GC=F,₹/10g,Precious metal
2016-02-18,1226.0999755859375,1239.199951171875,1201.5999755859375,1209.5999755859375,315,68.35600280761719,26583.32,27233.83,26407.5,26945.94,0.010168815457649139,826.3300000000017,Gold,GC=F,₹/10g,Precious metal
2016-02-19,1230.4000244140625,1232.800048828125,1221.800048828125,1230.800048828125,76,68.56600189208984,27132.33,27176.42,26933.93,27123.51,0.006589861032868072,242.48999999999796,Gold,GC=F,₹/10g,Precious metal
2016-02-22,1209.5,1226.0999755859375,1203.0,1226.0999755859375,280,68.53800201416016,27017.68,27017.68,26508.66,26651.89,-0.017387867573186444,509.02000000000044,Gold,GC=F,₹/10g,Precious metal
2016-02-23,1222.300048828125,1226.0999755859375,1207.4000244140625,1207.4000244140625,351,68.5739974975586,26619.59,27031.87,26619.59,26948.09,0.011113658355936584,412.27999999999884,Gold,GC=F,₹/10g,Precious metal
2016-02-24,1238.699951171875,1250.0999755859375,1230.0,1230.0,111,68.60299682617188,27129.32,27572.65,27129.32,27321.21,0.013845879244131831,443.33000000000175,Gold,GC=F,₹/10g,Precious metal
2016-02-25,1238.199951171875,1241.5,1235.0,1239.4000244140625,1349,68.3759994506836,27246.2,27292.36,27149.47,27219.82,-0.0037110362242375183,142.88999999999942,Gold,GC=F,₹/10g,Precious metal
2016-02-26,1219.800048828125,1239.0999755859375,1212.199951171875,1232.4000244140625,656,68.7969970703125,27259.13,27407.32,26812.33,26980.43,-0.00879469445426162,594.989999999998,Gold,GC=F,₹/10g,Precious metal
2016-02-29,1233.9000244140625,1241.0,1218.5999755859375,1218.5999755859375,580,68.7300033569336,26927.64,27422.62,26927.64,27265.73,0.010574331098503587,494.97999999999956,Gold,GC=F,₹/10g,Precious metal
2016-03-01,1230.300048828125,1248.4000244140625,1229.0,1240.5,477,68.21800231933594,27207.37,27380.63,26955.14,26983.66,-0.010345220905510266,425.4900000000016,Gold,GC=F,₹/10g,Precious metal
2016-03-02,1241.0999755859375,1242.5999755859375,1226.0,1232.800048828125,267,67.74600219726562,26851.41,27064.86,26703.3,27032.19,0.0017984958304395615,361.5600000000013,Gold,GC=F,₹/10g,Precious metal
2016-03-03,1257.4000244140625,1267.9000244140625,1238.0,1238.4000244140625,123,67.38800048828125,26830.84,27469.98,26822.17,27242.49,0.007779613860364298,647.8100000000013,Gold,GC=F,₹/10g,Precious metal
2016-03-04,1269.9000244140625,1279.9000244140625,1250.9000244140625,1263.0,268,67.14299774169922,27264.33,27629.15,27003.13,27413.28,0.006269250718271335,626.0200000000004,Gold,GC=F,₹/10g,Precious metal
2016-03-07,1263.199951171875,1272.300048828125,1259.699951171875,1259.800048828125,67,66.93000030517578,27108.98,27377.96,27106.83,27182.14,-0.008431679828170835,271.1299999999974,Gold,GC=F,₹/10g,Precious metal
2016-03-08,1262.0999755859375,1276.300048828125,1261.0,1268.699951171875,43,67.0459976196289,27347.81,27511.63,27181.83,27205.54,0.0008608593731032066,329.7999999999993,Gold,GC=F,₹/10g,Precious metal
2016-03-09,1256.5999755859375,1260.0,1244.800048828125,1254.5,79,67.35700225830078,27167.15,27286.26,26957.09,27212.63,0.0002606086848486733,329.16999999999825,Gold,GC=F,₹/10g,Precious metal
2016-03-10,1272.0,1273.0,1237.5,1250.0,119,67.1449966430664,26984.5,27481.02,26714.66,27459.43,0.009069318180565444,766.3600000000006,Gold,GC=F,₹/10g,Precious metal
2016-03-11,1258.699951171875,1280.699951171875,1249.4000244140625,1270.0,87,67.30899810791016,27483.22,27714.77,27037.43,27238.68,-0.008039132640408009,677.3400000000001,Gold,GC=F,₹/10g,Precious metal
2016-03-14,1244.4000244140625,1258.0,1234.5,1256.0,58,66.91300201416016,27020.35,27063.37,26557.82,26770.79,-0.017177410946492278,505.5499999999993,Gold,GC=F,₹/10g,Precious metal
2016-03-15,1230.4000244140625,1236.0,1228.0,1228.300048828125,37,67.17400360107422,26527.51,26693.8,26521.03,26572.86,-0.0073935061311227734,172.77000000000044,Gold,GC=F,₹/10g,Precious metal
2016-03-16,1229.300048828125,1263.800048828125,1228.9000244140625,1229.5,45,67.35900115966797,26626.55,27369.37,26613.56,26622.22,0.0018575343414295453,755.8099999999977,Gold,GC=F,₹/10g,Precious metal
2016-03-17,1264.5,1270.0999755859375,1255.9000244140625,1261.5,27,66.83000183105469,27105.0,27289.79,26984.68,27169.46,0.020555761315171894,305.1100000000006,Gold,GC=F,₹/10g,Precious metal
2016-03-18,1253.800048828125,1264.4000244140625,1251.5,1257.0999755859375,542,66.61199951171875,26922.35,27078.69,26802.42,26851.68,-0.011696220683075742,276.27000000000044,Gold,GC=F,₹/10g,Precious metal
2016-03-21,1243.800048828125,1256.199951171875,1243.4000244140625,1256.199951171875,1061,66.3759994506836,26807.76,26807.76,26534.61,26543.15,-0.01149015629562089,273.1499999999978,Gold,GC=F,₹/10g,Precious metal
2016-03-22,1248.199951171875,1252.4000244140625,1243.800048828125,1244.0,20,66.5199966430664,26605.0,26784.65,26600.73,26694.83,0.00571446870473169,183.9200000000019,Gold,GC=F,₹/10g,Precious metal
2016-03-23,1223.699951171875,1247.699951171875,1218.5999755859375,1247.699951171875,28,66.76399993896484,26782.01,26782.01,26157.38,26266.85,-0.016032317868291512,624.6299999999974,Gold,GC=F,₹/10g,Precious metal
2016-03-24,1221.4000244140625,1221.4000244140625,1214.199951171875,1214.199951171875,13,66.9020004272461,26116.81,26271.68,26116.81,26271.68,0.0001838819652908441,154.86999999999898,Gold,GC=F,₹/10g,Precious metal
2016-03-28,1219.9000244140625,1222.199951171875,1210.0,1211.5,33,66.90699768066406,26060.68,26290.84,26028.41,26241.37,-0.0011537138089380283,262.4300000000003,Gold,GC=F,₹/10g,Precious metal
2016-03-29,1235.5999755859375,1235.5999755859375,1217.699951171875,1217.800048828125,189732,66.90699768066406,26196.2,26579.09,26194.04,26579.09,0.012869754894656804,385.0499999999993,Gold,GC=F,₹/10g,Precious metal
2016-03-30,1226.9000244140625,1245.0,1223.4000244140625,1241.4000244140625,48248,66.36799621582031,26488.73,26565.55,26104.65,26179.34,-0.015040018300099822,460.8999999999978,Gold,GC=F,₹/10g,Precious metal
2016-03-31,1234.199951171875,1239.5999755859375,1224.5,1225.5999755859375,3377,66.36799621582031,26151.6,26450.32,26128.12,26335.1,0.005949729825121652,322.2000000000007,Gold,GC=F,₹/10g,Precious metal
2016-04-01,1222.199951171875,1235.199951171875,1209.199951171875,1232.300048828125,1602,66.24800109863281,26247.02,26308.78,25755.0,26031.89,-0.011513531370680119,553.7799999999988,Gold,GC=F,₹/10g,Precious metal
2016-04-04,1218.0,1222.300048828125,1215.0,1221.699951171875,2038,66.35800170898438,26064.45,26077.25,25921.51,25985.51,-0.0017816608782535992,155.7400000000016,Gold,GC=F,₹/10g,Precious metal
2016-04-05,1228.4000244140625,1236.699951171875,1215.4000244140625,1215.4000244140625,477,66.13300323486328,25842.13,26295.01,25842.13,26118.53,0.005119006707969165,452.8799999999974,Gold,GC=F,₹/10g,Precious metal
2016-04-06,1222.5,1230.4000244140625,1217.5999755859375,1230.4000244140625,248,66.46800231933594,26293.58,26293.58,26020.04,26124.76,0.0002385279722862954,273.5400000000009,Gold,GC=F,₹/10g,Precious metal
2016-04-07,1236.199951171875,1242.9000244140625,1224.5999755859375,1224.800048828125,375,66.53299713134766,26199.5,26586.67,26195.22,26443.35,0.0121949445659979,391.4499999999971,Gold,GC=F,₹/10g,Precious metal
2016-04-08,1242.5,1242.800048828125,1232.0,1241.0,409,66.77899932861328,26644.18,26682.83,26450.95,26676.39,0.008812801706289175,231.88000000000102,Gold,GC=F,₹/10g,Precious metal
2016-04-11,1256.699951171875,1258.699951171875,1241.5,1241.5,437,66.54399871826172,26561.12,26929.1,26561.12,26886.31,0.007869130718211936,367.97999999999956,Gold,GC=F,₹/10g,Precious metal
2016-04-12,1259.4000244140625,1261.699951171875,1253.699951171875,1260.0,185,66.29000091552734,26854.02,26890.25,26719.75,26841.23,-0.0016766897354081323,170.5,Gold,GC=F,₹/10g,Precious metal
2016-04-13,1246.800048828125,1256.9000244140625,1241.300048828125,1256.5,203,66.31500244140625,26789.53,26798.05,26465.45,26582.72,-0.009631078754587574,332.59999999999854,Gold,GC=F,₹/10g,Precious metal
2016-04-14,1225.0,1243.699951171875,1224.5,1231.4000244140625,264,66.5250015258789,26337.51,26600.59,26189.94,26200.63,-0.014373623165725657,410.65000000000146,Gold,GC=F,₹/10g,Precious metal
2016-04-15,1233.0999755859375,1235.0,1225.699951171875,1225.699951171875,97,66.63700103759766,26259.74,26458.98,26259.74,26418.28,0.008307052158669448,199.23999999999796,Gold,GC=F,₹/10g,Precious metal
2016-04-18,1233.5999755859375,1241.0999755859375,1232.199951171875,1238.699951171875,304,66.65299987792969,26544.62,26596.05,26405.33,26435.33,0.0006453864521083208,190.71999999999753,Gold,GC=F,₹/10g,Precious metal
2016-04-19,1253.0,1256.199951171875,1228.800048828125,1231.5999755859375,386,66.40899658203125,26295.86,26821.09,26236.08,26752.77,0.012008172396561712,585.0099999999984,Gold,GC=F,₹/10g,Precious metal
2016-04-20,1253.199951171875,1256.0999755859375,1243.0,1256.0999755859375,180,66.22200012207031,26743.44,26743.44,26464.53,26681.69,-0.002656921133774248,278.90999999999985,Gold,GC=F,₹/10g,Precious metal
2016-04-21,1249.0,1270.5999755859375,1247.5999755859375,1247.699951171875,124,66.2040023803711,26557.37,27044.8,26555.25,26585.05,-0.0036219594785786846,489.5499999999993,Gold,GC=F,₹/10g,Precious metal
2016-04-22,1228.699951171875,1248.5,1228.0,1248.5,188,66.51200103759766,26698.04,26698.04,26259.66,26274.63,-0.011676487349092768,438.380000000001,Gold,GC=F,₹/10g,Precious metal
2016-04-25,1238.9000244140625,1240.9000244140625,1231.5999755859375,1231.5999755859375,442,66.65299987792969,26392.47,26591.77,26392.47,26548.91,0.010438967170993463,199.29999999999927,Gold,GC=F,₹/10g,Precious metal
2016-04-26,1242.199951171875,1244.199951171875,1233.0,1239.800048828125,97,66.70500183105469,26588.93,26683.29,26443.09,26640.39,0.003445715850481257,240.20000000000073,Gold,GC=F,₹/10g,Precious metal
2016-04-27,1249.199951171875,1249.5,1248.5999755859375,1248.5999755859375,547,66.45700073242188,26678.09,26697.32,26678.09,26690.91,0.0018963686342430286,19.229999999999563,Gold,GC=F,₹/10g,Precious metal
2016-04-28,1265.5,1270.0999755859375,1238.5,1245.9000244140625,887,66.3550033569336,26579.55,27095.82,26421.68,26997.69,0.011493800698439971,674.1399999999994,Gold,GC=F,₹/10g,Precious metal
2016-04-29,1289.199951171875,1295.5,1267.199951171875,1267.300048828125,464,66.43800354003906,27069.91,27672.27,27067.77,27537.7,0.020002081659579174,604.5,Gold,GC=F,₹/10g,Precious metal
2016-05-02,1294.699951171875,1304.4000244140625,1290.4000244140625,1292.0999755859375,192,66.41799926757812,27591.33,27853.98,27555.03,27646.85,0.003963657095545248,298.9500000000007,Gold,GC=F,₹/10g,Precious metal
2016-05-03,1290.699951171875,1301.5,1284.5,1292.699951171875,151,66.37100219726562,27584.61,27772.39,27409.63,27541.93,-0.0037950073878216806,362.7599999999984,Gold,GC=F,₹/10g,Precious metal
2016-05-04,1273.300048828125,1290.0,1273.0,1286.9000244140625,109,66.59200286865234,27552.29,27618.66,27254.69,27261.11,-0.010196090106975086,363.97000000000116,Gold,GC=F,₹/10g,Precious metal
2016-05-05,1271.4000244140625,1286.0,1270.800048828125,1282.9000244140625,330,66.62000274658203,27478.19,27544.59,27219.03,27231.88,-0.0010722233980934304,325.5600000000013,Gold,GC=F,₹/10g,Precious metal
2016-05-06,1292.9000244140625,1295.5999755859375,1276.9000244140625,1278.5999755859375,305,66.60199737548828,27378.69,27742.71,27342.29,27684.9,0.01663564909951143,400.41999999999825,Gold,GC=F,₹/10g,Precious metal
2016-05-09,1265.5999755859375,1286.5,1262.300048828125,1286.5,341,66.59400177001953,27544.55,27544.55,27026.42,27097.07,-0.021232874238303223,518.130000000001,Gold,GC=F,₹/10g,Precious metal
2016-05-10,1263.9000244140625,1267.4000244140625,1258.699951171875,1265.0999755859375,23,66.72100067138672,27138.02,27187.36,27000.73,27112.28,0.0005613153008794391,186.63000000000102,Gold,GC=F,₹/10g,Precious metal
2016-05-11,1274.5999755859375,1279.199951171875,1266.9000244140625,1266.9000244140625,50,66.66600036621094,27154.23,27417.86,27154.23,27319.27,0.007634547887525489,263.630000000001,Gold,GC=F,₹/10g,Precious metal
2016-05-12,1270.300048828125,1281.199951171875,1264.0,1267.0,101,66.59100341796875,27125.82,27429.84,27061.59,27196.47,-0.004494995656911693,368.25,Gold,GC=F,₹/10g,Precious metal
2016-05-13,1271.9000244140625,1275.699951171875,1264.5999755859375,1271.4000244140625,66,66.7509994506836,27285.43,27377.71,27139.49,27296.16,0.0036655492422361657,238.21999999999753,Gold,GC=F,₹/10g,Precious metal
2016-05-16,1273.4000244140625,1287.800048828125,1272.800048828125,1272.800048828125,44,66.9000015258789,27376.44,27699.08,27376.44,27389.35,0.0034140333292300706,322.64000000000306,Gold,GC=F,₹/10g,Precious metal
2016-05-17,1276.199951171875,1281.5999755859375,1270.800048828125,1272.5,16,66.875,27359.76,27555.42,27323.21,27439.31,0.0018240666536446515,232.20999999999913,Gold,GC=F,₹/10g,Precious metal
2016-05-18,1273.699951171875,1276.4000244140625,1256.800048828125,1276.4000244140625,17,66.86799621582031,27440.74,27440.74,27019.37,27382.69,-0.0020634629660878367,421.3700000000026,Gold,GC=F,₹/10g,Precious metal
2016-05-19,1254.199951171875,1255.5,1247.5,1248.0,69,67.16000366210938,26947.35,27109.29,26936.55,27081.22,-0.011009510022572555,172.7400000000016,Gold,GC=F,₹/10g,Precious metal
2016-05-20,1252.4000244140625,1256.5999755859375,1252.4000244140625,1256.5999755859375,44,67.47699737548828,27261.11,27261.11,27169.99,27169.99,0.003277917316871326,91.11999999999898,Gold,GC=F,₹/10g,Precious metal
2016-05-23,1251.0999755859375,1251.5999755859375,1247.5,1251.5999755859375,56,67.4229965209961,27130.91,27130.91,27042.03,27120.07,-0.0018373212503943748,88.88000000000102,Gold,GC=F,₹/10g,Precious metal
2016-05-24,1228.9000244140625,1240.0,1228.199951171875,1240.0,20,67.447998046875,26889.42,26889.42,26633.54,26648.72,-0.017380117381702864,255.87999999999738,Gold,GC=F,₹/10g,Precious metal
2016-05-25,1223.5,1223.5,1218.5999755859375,1219.300048828125,5,67.6510009765625,26520.12,26611.47,26504.9,26611.47,-0.001397815729986318,106.56999999999971,Gold,GC=F,₹/10g,Precious metal
2016-05-26,1220.0999755859375,1232.5999755859375,1220.0999755859375,1232.5999755859375,199778,67.30400085449219,26671.89,26671.89,26401.4,26401.4,-0.007893964519810392,270.48999999999796,Gold,GC=F,₹/10g,Precious metal
2016-05-27,1213.800048828125,1223.199951171875,1206.4000244140625,1220.300048828125,63739,66.9540023803711,26268.42,26330.84,25969.2,26128.5,-0.010336573060519605,361.6399999999994,Gold,GC=F,₹/10g,Precious metal
2016-05-31,1214.800048828125,1217.5999755859375,1199.0,1212.5,6432,67.13300323486328,26170.29,26280.37,25878.91,26219.94,0.0034996268442504253,401.4599999999991,Gold,GC=F,₹/10g,Precious metal
2016-06-01,1211.9000244140625,1219.800048828125,1205.4000244140625,1215.699951171875,2717,67.23100280761719,26277.66,26366.29,26055.03,26195.53,-0.0009309708565313768,311.26000000000204,Gold,GC=F,₹/10g,Precious metal
2016-06-02,1209.800048828125,1217.0,1209.5999755859375,1212.4000244140625,1627,67.4260025024414,26282.34,26382.06,26221.64,26225.98,0.0011624120603783705,160.4200000000019,Gold,GC=F,₹/10g,Precious metal
2016-06-03,1240.0999755859375,1244.5,1206.4000244140625,1209.0999755859375,1622,67.29199981689453,26158.71,26924.59,26100.3,26829.39,0.023008101127202973,824.2900000000009,Gold,GC=F,₹/10g,Precious metal
2016-06-06,1244.5999755859375,1247.300048828125,1240.0,1244.4000244140625,1135,66.99199676513672,26802.4,26864.86,26707.63,26806.71,-0.0008453416197684582,157.22999999999956,Gold,GC=F,₹/10g,Precious metal
2016-06-07,1244.4000244140625,1244.9000244140625,1236.5,1244.0,281,66.8010025024414,26717.39,26736.72,26556.32,26725.99,-0.0030111863783357506,180.40000000000146,Gold,GC=F,₹/10g,Precious metal
2016-06-08,1259.800048828125,1264.0,1247.300048828125,1247.5999755859375,406,66.76300048828125,26779.47,27131.49,26773.03,27041.34,0.011799375813580593,358.46000000000276,Gold,GC=F,₹/10g,Precious metal
2016-06-09,1270.199951171875,1271.4000244140625,1258.0999755859375,1262.5,381,66.51000213623047,26996.6,27186.91,26902.51,27161.25,0.00443432167192892,284.40000000000146,Gold,GC=F,₹/10g,Precious metal
2016-06-10,1273.4000244140625,1278.0,1265.300048828125,1267.5999755859375,397,66.74099731445312,27199.8,27422.96,27150.45,27324.25,0.0060011965575959,272.5099999999984,Gold,GC=F,₹/10g,Precious metal
2016-06-13,1284.4000244140625,1287.300048828125,1273.0,1276.199951171875,328,66.94499969482422,27468.04,27706.95,27399.16,27644.53,0.011721456215632697,307.7900000000009,Gold,GC=F,₹/10g,Precious metal
2016-06-14,1285.5999755859375,1289.699951171875,1277.800048828125,1281.800048828125,554,67.15399932861328,27674.7,27845.26,27588.34,27756.74,0.004059030846247147,256.91999999999825,Gold,GC=F,₹/10g,Precious metal
2016-06-15,1285.800048828125,1296.199951171875,1278.800048828125,1284.5999755859375,162,67.2979965209961,27794.62,28045.61,27669.13,27820.59,0.0023003421871587992,376.47999999999956,Gold,GC=F,₹/10g,Precious metal
2016-06-16,1296.0999755859375,1316.4000244140625,1281.0999755859375,1296.300048828125,251,67.072998046875,27954.0,28387.45,27626.22,27949.69,0.004640447955992277,761.2299999999996,Gold,GC=F,₹/10g,Precious metal
2016-06-17,1292.5,1300.0999755859375,1280.300048828125,1280.300048828125,129,67.30699920654297,27705.29,28133.76,27705.29,27969.29,0.0007012600139750802,428.4699999999975,Gold,GC=F,₹/10g,Precious metal
2016-06-20,1290.0,1291.199951171875,1280.300048828125,1288.9000244140625,153,67.06600189208984,27791.53,27841.12,27606.09,27815.24,-0.005507826619839062,235.02999999999884,Gold,GC=F,₹/10g,Precious metal
2016-06-21,1270.5,1293.9000244140625,1266.300048828125,1293.9000244140625,134,67.12999725341797,27925.96,27925.96,27330.27,27420.92,-0.014176401138368822,595.6899999999987,Gold,GC=F,₹/10g,Precious metal
2016-06-22,1268.0,1269.199951171875,1264.9000244140625,1267.0,53,67.60600280761719,27539.28,27587.1,27493.64,27561.02,0.005109237764451491,93.45999999999913,Gold,GC=F,₹/10g,Precious metal
2016-06-23,1261.199951171875,1270.5,1255.199951171875,1263.4000244140625,218,67.4219970703125,27386.29,27540.2,27208.54,27338.6,-0.008070093196841155,331.65999999999985,Gold,GC=F,₹/10g,Precious metal
2016-06-24,1320.0,1355.5999755859375,1253.699951171875,1253.699951171875,694,67.24199676513672,27103.47,29306.43,27103.47,28536.8,0.04382814043147776,2202.959999999999,Gold,GC=F,₹/10g,Precious metal
2016-06-27,1322.5,1331.699951171875,1320.0,1330.0,92,67.87699890136719,29024.52,29061.62,28806.29,28860.85,0.011355512881612517,255.3299999999981,Gold,GC=F,₹/10g,Precious metal
2016-06-28,1315.300048828125,1315.5999755859375,1314.0999755859375,1314.800048828125,1072,67.9209976196289,28711.41,28728.88,28696.12,28722.33,-0.004799581439908995,32.76000000000204,Gold,GC=F,₹/10g,Precious metal
2016-06-29,1323.9000244140625,1327.4000244140625,1311.5999755859375,1311.5999755859375,414,67.70500183105469,28550.45,28894.38,28550.45,28818.19,0.0033374729696371563,343.9300000000003,Gold,GC=F,₹/10g,Precious metal
2016-06-30,1318.4000244140625,1323.5,1314.5,1315.800048828125,560,67.41600036621094,28519.61,28686.51,28491.43,28575.97,-0.008405108023786245,195.0799999999981,Gold,GC=F,₹/10g,Precious metal
2016-07-01,1336.699951171875,1344.199951171875,1321.9000244140625,1324.5,137,67.5009994506836,28744.38,29171.91,28687.95,29009.14,0.015158540549979449,483.9599999999991,Gold,GC=F,₹/10g,Precious metal
2016-07-05,1356.4000244140625,1356.800048828125,1339.699951171875,1342.199951171875,90,67.23699951171875,29014.58,29330.19,28960.54,29321.55,0.010769364414112248,369.6499999999978,Gold,GC=F,₹/10g,Precious metal
2016-07-06,1364.9000244140625,1374.9000244140625,1359.0,1359.0,130,67.4260025024414,29460.33,29805.01,29460.33,29588.23,0.009095017146092177,344.67999999999665,Gold,GC=F,₹/10g,Precious metal
2016-07-07,1360.0999755859375,1368.5999755859375,1350.5,1366.800048828125,207,67.4010009765625,29618.43,29657.44,29265.21,29473.24,-0.0038863426436794857,392.22999999999956,Gold,GC=F,₹/10g,Precious metal
2016-07-08,1356.5999755859375,1365.800048828125,1335.0,1361.300048828125,249,67.49700164794922,29541.26,29638.92,28970.53,29439.27,-0.001152570942319242,668.3899999999994,Gold,GC=F,₹/10g,Precious metal
2016-07-11,1355.0,1371.800048828125,1353.0,1371.699951171875,26,67.13200378417969,29605.98,29608.14,29202.37,29245.54,-0.006580665892870319,405.77000000000044,Gold,GC=F,₹/10g,Precious metal
2016-07-12,1334.0999755859375,1356.0,1330.300048828125,1353.5999755859375,252,67.1449966430664,29220.98,29272.79,28717.99,28800.02,-0.015233775816757,554.7999999999993,Gold,GC=F,₹/10g,Precious metal
2016-07-13,1342.4000244140625,1342.4000244140625,1336.699951171875,1341.5,7,66.87000274658203,28841.16,28860.51,28737.96,28860.51,0.0021003457636488143,122.54999999999927,Gold,GC=F,₹/10g,Precious metal
2016-07-14,1331.300048828125,1341.4000244140625,1322.699951171875,1341.4000244140625,20,67.00599670410156,28897.66,28897.66,28494.81,28680.08,-0.006251795273194971,402.84999999999854,Gold,GC=F,₹/10g,Precious metal
2016-07-15,1326.5,1333.699951171875,1322.9000244140625,1333.699951171875,52,66.83799743652344,28659.74,28659.74,28427.67,28505.02,-0.006103888134203261,232.07000000000335,Gold,GC=F,₹/10g,Precious metal
2016-07-18,1328.4000244140625,1335.0,1326.199951171875,1327.5,54,67.13300323486328,28652.42,28814.3,28624.36,28671.85,0.005852653322116597,189.9399999999987,Gold,GC=F,₹/10g,Precious metal
2016-07-19,1331.5,1333.199951171875,1326.4000244140625,1328.5,322,67.13899993896484,28676.57,28778.02,28631.24,28741.32,0.0024229339927490656,146.77999999999884,Gold,GC=F,₹/10g,Precious metal
2016-07-20,1318.800048828125,1337.5,1315.5,1331.0,751,67.20600128173828,28759.2,28899.65,28424.29,28495.6,-0.008549363773132201,475.3600000000006,Gold,GC=F,₹/10g,Precious metal
2016-07-21,1330.5,1330.5,1312.800048828125,1312.800048828125,318,67.16400146484375,28348.23,28730.43,28348.23,28730.43,0.008240921405409996,382.2000000000007,Gold,GC=F,₹/10g,Precious metal
2016-07-22,1323.0999755859375,1330.699951171875,1320.4000244140625,1330.699951171875,55,67.15399932861328,28730.47,28730.47,28508.09,28566.38,-0.005709973710800731,222.38000000000102,Gold,GC=F,₹/10g,Precious metal
2016-07-25,1319.300048828125,1319.300048828125,1313.800048828125,1315.699951171875,548,67.14600372314453,28403.23,28480.95,28362.22,28480.95,-0.0029905784352095566,118.72999999999956,Gold,GC=F,₹/10g,Precious metal
2016-07-26,1320.699951171875,1320.699951171875,1315.199951171875,1315.199951171875,63,67.40499877929688,28501.95,28621.15,28501.95,28621.15,0.004922588607472633,119.20000000000073,Gold,GC=F,₹/10g,Precious metal
2016-07-27,1326.5999755859375,1326.5999755859375,1326.0,1326.0,215388,67.28399658203125,28684.42,28697.4,28684.42,28697.4,0.0026641137760012867,12.980000000003201,Gold,GC=F,₹/10g,Precious metal
2016-07-28,1332.300048828125,1344.300048828125,1330.0999755859375,1339.5,56908,67.06300354003906,28881.28,28984.78,28678.61,28726.04,0.0009979998187990002,306.16999999999825,Gold,GC=F,₹/10g,Precious metal
2016-07-29,1349.0,1353.300048828125,1325.800048828125,1333.199951171875,6076,67.00700378417969,28721.44,29154.46,28562.02,29061.83,0.011689394013236765,592.4399999999987,Gold,GC=F,₹/10g,Precious metal
2016-08-01,1351.4000244140625,1353.5,1345.5999755859375,1348.800048828125,1257,66.64800262451172,28901.84,29002.55,28833.27,28957.55,-0.0035882117540431135,169.27999999999884,Gold,GC=F,₹/10g,Precious metal
2016-08-02,1364.4000244140625,1366.0,1346.5999755859375,1352.0999755859375,2941,66.7509994506836,29017.32,29315.63,28899.29,29281.29,0.011179813209335698,416.34000000000015,Gold,GC=F,₹/10g,Precious metal
2016-08-03,1356.0999755859375,1364.699951171875,1353.300048828125,1362.4000244140625,715,66.6760025024414,29205.52,29254.82,29010.44,29070.47,-0.007199819406863539,244.38000000000102,Gold,GC=F,₹/10g,Precious metal
2016-08-04,1358.800048828125,1361.5999755859375,1347.0,1354.4000244140625,381,66.76000213623047,29070.6,29225.14,28911.77,29165.04,0.0032531293783690796,313.369999999999,Gold,GC=F,₹/10g,Precious metal
2016-08-05,1336.4000244140625,1360.800048828125,1333.699951171875,1357.5999755859375,1107,66.84100341796875,29174.64,29243.41,28661.03,28719.06,-0.015291595691279691,582.380000000001,Gold,GC=F,₹/10g,Precious metal
2016-08-08,1333.4000244140625,1335.4000244140625,1327.800048828125,1330.0,587,66.83499908447266,28578.95,28694.99,28531.68,28652.01,-0.002334686441687217,163.3100000000013,Gold,GC=F,₹/10g,Precious metal
2016-08-09,1339.0,1339.4000244140625,1328.5,1331.800048828125,620,66.79399871826172,28600.08,28763.29,28529.21,28754.69,0.0035836927322028256,234.08000000000175,Gold,GC=F,₹/10g,Precious metal
2016-08-10,1344.300048828125,1354.199951171875,1344.300048828125,1344.800048828125,110,66.78299713134766,28874.49,29076.32,28863.76,28863.76,0.0037931203570618077,212.5600000000013,Gold,GC=F,₹/10g,Precious metal
2016-08-11,1342.5,1350.4000244140625,1334.800048828125,1341.5999755859375,666,66.75800323486328,28795.0,28983.88,28649.05,28814.32,-0.0017128745527262845,334.83000000000175,Gold,GC=F,₹/10g,Precious metal
2016-08-12,1335.800048828125,1351.800048828125,1333.199951171875,1336.800048828125,113,66.73999786376953,28684.24,29006.1,28606.99,28662.78,-0.005259190569133709,399.10999999999694,Gold,GC=F,₹/10g,Precious metal
2016-08-15,1340.300048828125,1340.5999755859375,1333.5999755859375,1336.5,62,66.89959716796875,28746.38,28834.57,28684.01,28828.12,0.005768456513987941,150.5600000000013,Gold,GC=F,₹/10g,Precious metal
2016-08-16,1350.5,1355.0,1341.0,1342.199951171875,338,66.86489868164062,28854.01,29129.18,28828.21,29032.44,0.007087524264502765,300.97000000000116,Gold,GC=F,₹/10g,Precious metal
2016-08-17,1342.699951171875,1347.300048828125,1338.5999755859375,1345.5,135,66.85769653320312,28921.84,28960.53,28773.52,28861.65,-0.005882729801559794,187.0099999999984,Gold,GC=F,₹/10g,Precious metal
2016-08-18,1351.199951171875,1354.4000244140625,1348.199951171875,1351.300048828125,140,66.90550231933594,29067.28,29133.96,29000.59,29065.12,0.0070498394928910635,133.36999999999898,Gold,GC=F,₹/10g,Precious metal
2016-08-19,1340.4000244140625,1350.0999755859375,1338.5999755859375,1350.0999755859375,197,66.81999969482422,29004.35,29004.35,28757.29,28795.96,-0.00926058450816647,247.05999999999767,Gold,GC=F,₹/10g,Precious metal
2016-08-22,1337.699951171875,1337.699951171875,1333.300048828125,1334.4000244140625,117,67.12750244140625,28798.99,28870.21,28775.25,28870.21,0.0025784867043849857,94.95999999999913,Gold,GC=F,₹/10g,Precious metal
2016-08-23,1340.5999755859375,1341.199951171875,1334.300048828125,1337.0,551,67.1874008178711,28880.85,28971.58,28822.53,28958.61,0.003061979805481174,149.0500000000029,Gold,GC=F,₹/10g,Precious metal
2016-08-24,1324.4000244140625,1337.199951171875,1322.9000244140625,1337.199951171875,262,67.12999725341797,28860.49,28860.49,28551.86,28584.23,-0.012928106701253994,308.630000000001,Gold,GC=F,₹/10g,Precious metal
2016-08-25,1320.0999755859375,1324.0,1317.0,1321.4000244140625,58,67.16000366210938,28532.23,28588.37,28437.23,28504.16,-0.002801194924614059,151.13999999999942,Gold,GC=F,₹/10g,Precious metal
2016-08-26,1321.5,1340.5,1320.0999755859375,1323.800048828125,141,67.00559997558594,28518.34,28878.1,28438.63,28468.79,-0.0012408715078781052,439.4699999999975,Gold,GC=F,₹/10g,Precious metal
2016-08-29,1322.9000244140625,1323.0,1315.0,1315.0,437,67.12899780273438,28380.93,28553.59,28380.93,28551.43,0.002902827974072597,172.65999999999985,Gold,GC=F,₹/10g,Precious metal
2016-08-30,1311.699951171875,1322.0999755859375,1308.0,1322.0,705,67.08999633789062,28515.43,28517.59,28213.45,28293.26,-0.00904227914328637,304.1399999999994,Gold,GC=F,₹/10g,Precious metal
2016-08-31,1306.9000244140625,1313.699951171875,1306.300048828125,1310.300048828125,214,67.12660217285156,28278.49,28351.86,28192.16,28205.11,-0.0031155830045741517,159.70000000000073,Gold,GC=F,₹/10g,Precious metal
2016-09-01,1312.199951171875,1313.0999755859375,1301.5,1305.300048828125,225,66.97470092773438,28106.83,28274.79,28025.0,28255.41,0.0017833647874445635,249.79000000000087,Gold,GC=F,₹/10g,Precious metal
2016-09-02,1322.0999755859375,1326.699951171875,1309.199951171875,1309.5999755859375,55,66.79299926757812,28122.92,28490.13,28114.33,28391.35,0.0048111140486015724,375.7999999999993,Gold,GC=F,₹/10g,Precious metal
2016-09-06,1349.4000244140625,1349.4000244140625,1323.199951171875,1323.300048828125,46,66.45999908447266,28275.44,28833.13,28273.3,28833.13,0.015560373141819683,559.8300000000017,Gold,GC=F,₹/10g,Precious metal
2016-09-07,1344.300048828125,1350.5,1343.9000244140625,1348.4000244140625,14,66.25520324707031,28722.98,28767.71,28627.12,28635.64,-0.006849412464064786,140.59000000000015,Gold,GC=F,₹/10g,Precious metal
2016-09-08,1336.800048828125,1345.4000244140625,1335.699951171875,1344.800048828125,30,66.47160339355469,28739.86,28752.68,28545.38,28568.89,-0.0023310112852376053,207.29999999999927,Gold,GC=F,₹/10g,Precious metal
2016-09-09,1330.0999755859375,1338.5,1328.0,1338.5,35,66.44999694824219,28595.92,28595.92,28371.6,28416.46,-0.00533552406131288,224.3199999999997,Gold,GC=F,₹/10g,Precious metal
2016-09-12,1321.0,1329.300048828125,1319.9000244140625,1327.0,177,66.77799987792969,28490.17,28539.55,28337.74,28361.35,-0.0019393689432111172,201.80999999999767,Gold,GC=F,₹/10g,Precious metal
2016-09-13,1319.0,1324.5999755859375,1315.0,1324.5999755859375,79,66.7229995727539,28415.22,28415.22,28209.28,28295.09,-0.00233627806856862,205.94000000000233,Gold,GC=F,₹/10g,Precious metal
2016-09-14,1321.5,1322.300048828125,1319.199951171875,1319.199951171875,73,66.99500274658203,28414.75,28481.52,28414.75,28464.29,0.0059798360775669135,66.77000000000044,Gold,GC=F,₹/10g,Precious metal
2016-09-15,1313.5,1320.699951171875,1310.800048828125,1320.699951171875,37,66.75810241699219,28346.46,28346.46,28133.98,28191.93,-0.009568480366100807,212.47999999999956,Gold,GC=F,₹/10g,Precious metal
2016-09-16,1305.800048828125,1312.5999755859375,1305.800048828125,1312.199951171875,4,66.85030364990234,28202.92,28211.52,28065.37,28065.37,-0.004489227945727814,146.15000000000146,Gold,GC=F,₹/10g,Precious metal
2016-09-19,1313.5,1313.5,1313.5,1313.5,20,67.06529998779297,28321.66,28321.66,28321.66,28321.66,0.009131894573276567,0.0,Gold,GC=F,₹/10g,Precious metal
2016-09-20,1313.699951171875,1313.699951171875,1313.699951171875,1313.699951171875,97,66.9552001953125,28279.47,28279.47,28279.47,28279.47,-0.0014896725686276424,0.0,Gold,GC=F,₹/10g,Precious metal
2016-09-21,1326.9000244140625,1326.9000244140625,1324.0,1326.300048828125,76,66.9749984741211,28559.15,28572.07,28509.62,28572.07,0.010346728563159102,62.45000000000073,Gold,GC=F,₹/10g,Precious metal
2016-09-22,1340.4000244140625,1340.4000244140625,1338.199951171875,1338.5999755859375,23,66.76119995117188,28731.99,28770.63,28723.4,28770.63,0.006949443984982651,47.22999999999956,Gold,GC=F,₹/10g,Precious metal
2016-09-23,1337.199951171875,1337.199951171875,1337.199951171875,1337.199951171875,40,66.62259674072266,28642.35,28642.35,28642.35,28642.35,-0.0044587136256663,0.0,Gold,GC=F,₹/10g,Precious metal
2016-09-26,1339.699951171875,1341.800048828125,1335.199951171875,1335.199951171875,24,66.69650268554688,28631.24,28772.77,28631.24,28727.73,0.0029809006593384257,141.52999999999884,Gold,GC=F,₹/10g,Precious metal
2016-09-27,1325.9000244140625,1328.699951171875,1325.9000244140625,1328.0,48,66.60649871826172,28438.42,28453.41,28393.45,28393.45,-0.011636143893025919,59.95999999999913,Gold,GC=F,₹/10g,Precious metal
2016-09-28,1319.4000244140625,1319.4000244140625,1319.4000244140625,1319.4000244140625,10551,66.44129943847656,28184.18,28184.18,28184.18,28184.18,-0.007370361826407157,0.0,Gold,GC=F,₹/10g,Precious metal
2016-09-29,1321.699951171875,1325.0,1314.699951171875,1321.199951171875,6108,66.33280181884766,28176.54,28257.58,28037.92,28187.2,0.00010715231026758865,219.6600000000035,Gold,GC=F,₹/10g,Precious metal
2016-09-30,1313.300048828125,1327.699951171875,1312.9000244140625,1320.5999755859375,868,66.81629943847656,28369.03,28521.55,28203.62,28212.21,0.000887282170630499,317.9300000000003,Gold,GC=F,₹/10g,Precious metal
2016-10-03,1309.0,1316.800048828125,1308.199951171875,1313.5,299,66.54650115966797,28102.57,28173.18,27989.17,28006.29,-0.007298967362003861,184.01000000000204,Gold,GC=F,₹/10g,Precious metal
2016-10-04,1266.300048828125,1310.199951171875,1266.300048828125,1307.5999755859375,1893,66.38030242919922,27906.47,27961.96,27025.06,27025.06,-0.03503605797126286,936.8999999999978,Gold,GC=F,₹/10g,Precious metal
2016-10-05,1265.199951171875,1274.0,1261.300048828125,1272.0999755859375,246,66.5780029296875,27229.69,27270.36,26998.52,27082.0,0.0021069333426086967,271.84000000000015,Gold,GC=F,₹/10g,Precious metal
2016-10-06,1249.800048828125,1265.300048828125,1249.800048828125,1265.300048828125,114,66.56320190429688,27078.12,27078.12,26746.41,26746.41,-0.012391625433867515,331.7099999999991,Gold,GC=F,₹/10g,Precious metal
2016-10-07,1248.9000244140625,1263.5999755859375,1248.9000244140625,1253.9000244140625,169,66.68710327148438,26884.1,27092.07,26776.9,26776.9,0.0011399660739517259,315.16999999999825,Gold,GC=F,₹/10g,Precious metal
2016-10-11,1253.0,1258.9000244140625,1253.0,1258.9000244140625,26,66.48509979248047,26909.54,26909.54,26783.43,26783.43,0.0002438669151394457,126.11000000000058,Gold,GC=F,₹/10g,Precious metal
2016-10-12,1251.0999755859375,1254.0,1251.0999755859375,1251.699951171875,127,66.79850006103516,26881.76,26931.16,26868.87,26868.87,0.0031900320459328224,62.29000000000087,Gold,GC=F,₹/10g,Precious metal
2016-10-13,1255.0,1259.0,1255.0,1258.699951171875,315,66.81809997558594,27040.02,27046.47,26960.54,26960.54,0.003411754941685441,85.93000000000029,Gold,GC=F,₹/10g,Precious metal
2016-10-14,1253.0999755859375,1253.9000244140625,1250.5999755859375,1253.9000244140625,311,66.78399658203125,26923.16,26923.16,26852.3,26905.98,-0.002023698338386448,70.86000000000058,Gold,GC=F,₹/10g,Precious metal
2016-10-17,1254.4000244140625,1255.0,1249.9000244140625,1249.9000244140625,41,66.7052993774414,26805.65,26915.03,26805.65,26902.16,-0.00014197587302156034,109.37999999999738,Gold,GC=F,₹/10g,Precious metal
2016-10-18,1260.800048828125,1261.699951171875,1260.800048828125,1260.9000244140625,11,66.78359985351562,27073.3,27090.48,27071.15,27071.15,0.006281651733541116,19.32999999999811,Gold,GC=F,₹/10g,Precious metal
2016-10-19,1267.9000244140625,1271.5,1262.9000244140625,1262.9000244140625,219,66.73799896240234,27097.73,27282.26,27097.73,27205.01,0.004944747452546139,184.52999999999884,Gold,GC=F,₹/10g,Precious metal
2016-10-20,1265.5999755859375,1270.5,1265.5,1270.0,415,66.63639831542969,27208.59,27219.3,27112.18,27114.32,-0.0033335771609713793,107.11999999999898,Gold,GC=F,₹/10g,Precious metal
2016-10-21,1265.9000244140625,1265.9000244140625,1265.9000244140625,1265.9000244140625,224,66.84130096435547,27204.14,27204.14,27204.14,27204.14,0.003312640700559699,0.0,Gold,GC=F,₹/10g,Precious metal
2016-10-24,1262.0,1269.199951171875,1261.800048828125,1269.199951171875,42,66.91120147705078,27303.58,27303.58,27144.39,27148.69,-0.002038292701037392,159.19000000000233,Gold,GC=F,₹/10g,Precious metal
2016-10-25,1271.9000244140625,1274.0999755859375,1264.0999755859375,1264.0999755859375,61,66.83399963378906,27162.49,27377.37,27162.49,27330.1,0.006682090369737992,214.87999999999738,Gold,GC=F,₹/10g,Precious metal
2016-10-26,1264.800048828125,1274.0,1264.800048828125,1274.0,279,66.78130340576172,27353.64,27353.64,27156.11,27156.11,-0.006366240884592367,197.52999999999884,Gold,GC=F,₹/10g,Precious metal
2016-10-27,1267.9000244140625,1269.4000244140625,1267.9000244140625,1269.4000244140625,338,66.86399841308594,27288.62,27288.62,27256.37,27256.37,0.0036919868125442346,32.25,Gold,GC=F,₹/10g,Precious metal
2016-10-28,1275.5,1281.5,1262.0,1270.300048828125,560,66.90299987792969,27323.9,27564.81,27145.36,27435.75,0.00658121385936572,419.4500000000007,Gold,GC=F,₹/10g,Precious metal
2016-10-31,1271.5,1276.5999755859375,1271.5,1276.5999755859375,58,66.78140258789062,27409.5,27409.5,27300.0,27300.0,-0.0049479237855717395,109.5,Gold,GC=F,₹/10g,Precious metal
2016-11-01,1286.4000244140625,1290.699951171875,1279.0,1279.300048828125,49,66.66549682617188,27419.8,27664.14,27413.37,27571.98,0.009962637362637361,250.77000000000044,Gold,GC=F,₹/10g,Precious metal
2016-11-02,1306.800048828125,1307.0,1288.300048828125,1288.300048828125,30,66.67849731445312,27618.09,28018.97,27618.09,28014.68,0.016056155560826735,400.880000000001,Gold,GC=F,₹/10g,Precious metal
2016-11-03,1302.0999755859375,1303.0999755859375,1287.300048828125,1296.4000244140625,73,66.77749633789062,27832.99,27976.84,27637.62,27955.37,-0.0021171043181646976,339.22000000000116,Gold,GC=F,₹/10g,Precious metal
2016-11-04,1303.300048828125,1303.300048828125,1296.699951171875,1300.0,11,66.68450164794922,27871.41,27942.17,27800.66,27942.17,-0.00047218119452541174,141.5099999999984,Gold,GC=F,₹/10g,Precious metal
2016-11-07,1278.300048828125,1294.5,1278.300048828125,1292.0,34,66.7853012084961,27741.77,27795.45,27447.6,27447.6,-0.017699770633418987,347.8500000000022,Gold,GC=F,₹/10g,Precious metal
2016-11-08,1273.4000244140625,1289.4000244140625,1273.199951171875,1284.0999755859375,50,66.73500061035156,27551.37,27665.09,27317.5,27321.8,-0.004583278683746417,347.59000000000015,Gold,GC=F,₹/10g,Precious metal
2016-11-09,1272.5999755859375,1318.5999755859375,1270.0,1272.199951171875,108,66.22949981689453,27089.29,28077.3,27042.44,27097.81,-0.008198215344523363,1034.8600000000006,Gold,GC=F,₹/10g,Precious metal
2016-11-10,1265.5,1287.5,1253.300048828125,1274.4000244140625,63,66.50749969482422,27250.04,27530.15,26798.87,27059.73,-0.0014052796148471547,731.2800000000025,Gold,GC=F,₹/10g,Precious metal
2016-11-14,1221.199951171875,1229.5,1210.4000244140625,1227.800048828125,216,67.54679870605469,26663.87,26700.79,26286.0,26520.54,-0.01992591943822053,414.7900000000009,Gold,GC=F,₹/10g,Precious metal
2016-11-15,1224.0,1226.0,1222.5,1224.300048828125,20,67.77549743652344,26677.88,26714.92,26638.66,26671.34,0.005686158728291257,76.2599999999984,Gold,GC=F,₹/10g,Precious metal
2016-11-16,1223.4000244140625,1229.300048828125,1223.0,1229.300048828125,66,67.74800109863281,26775.96,26775.96,26638.74,26647.45,-0.0008957180254159924,137.21999999999753,Gold,GC=F,₹/10g,Precious metal
2016-11-17,1216.5,1225.0,1211.0,1224.5999755859375,1139,67.98149871826172,26765.52,26774.27,26468.27,26588.48,-0.002212969721305469,306.0,Gold,GC=F,₹/10g,Precious metal
2016-11-18,1208.5,1211.9000244140625,1207.199951171875,1211.9000244140625,607,67.97480010986328,26485.34,26485.34,26382.62,26411.03,-0.006673943000878646,102.72000000000116,Gold,GC=F,₹/10g,Precious metal
2016-11-21,1209.5999755859375,1209.5999755859375,1209.5999755859375,1209.5999755859375,19,68.16999816894531,26510.98,26510.98,26510.98,26510.98,0.00378440371314559,0.0,Gold,GC=F,₹/10g,Precious metal
2016-11-22,1211.0,1211.0999755859375,1207.5999755859375,1210.4000244140625,19,68.21549987792969,26546.22,26561.57,26484.81,26559.38,0.0018256586516229856,76.7599999999984,Gold,GC=F,₹/10g,Precious metal
2016-11-23,1189.0999755859375,1213.800048828125,1186.800048828125,1212.800048828125,309,68.385498046875,26665.15,26687.13,26093.5,26144.07,-0.01563703670793526,593.630000000001,Gold,GC=F,₹/10g,Precious metal
2016-11-25,1178.199951171875,1189.300048828125,1177.0,1177.0,14,68.74549865722656,26014.26,26286.12,26014.26,26040.78,-0.003950800315329683,271.8600000000006,Gold,GC=F,₹/10g,Precious metal
2016-11-28,1190.5999755859375,1190.5999755859375,1188.0,1188.0,189914,68.50849914550781,26166.86,26224.13,26166.86,26224.13,0.0070408797278731505,57.27000000000044,Gold,GC=F,₹/10g,Precious metal
2016-11-29,1187.9000244140625,1194.800048828125,1179.4000244140625,1193.199951171875,42124,68.55549621582031,26299.42,26334.69,25995.26,26182.61,-0.0015832746405696208,339.4300000000003,Gold,GC=F,₹/10g,Precious metal
2016-11-30,1170.800048828125,1193.300048828125,1167.9000244140625,1187.0999755859375,7158,68.60800170898438,26185.01,26321.77,25761.5,25825.47,-0.013640351362984804,560.2700000000004,Gold,GC=F,₹/10g,Precious metal
2016-12-01,1166.9000244140625,1174.5999755859375,1160.0,1172.699951171875,1588,68.58799743652344,25859.84,25901.73,25579.78,25731.94,-0.0036216185029740444,321.9500000000007,Gold,GC=F,₹/10g,Precious metal
2016-12-02,1175.0999755859375,1177.300048828125,1166.4000244140625,1172.300048828125,1521,68.21649932861328,25711.0,25820.66,25581.6,25772.41,0.001572753550645567,239.0600000000013,Gold,GC=F,₹/10g,Precious metal
2016-12-05,1174.0,1186.699951171875,1157.0,1181.800048828125,358,68.0114974975586,25841.46,25948.6,25299.18,25670.9,-0.003938708099087251,649.4199999999983,Gold,GC=F,₹/10g,Precious metal
2016-12-06,1167.5999755859375,1174.5,1167.0999755859375,1170.9000244140625,652,68.01249694824219,25603.5,25682.22,25520.4,25531.34,-0.005436505926944557,161.8199999999997,Gold,GC=F,₹/10g,Precious metal
2016-12-07,1175.0,1178.5,1166.4000244140625,1167.699951171875,182,67.72200012207031,25424.46,25659.61,25396.16,25583.41,0.0020394542550450367,263.4500000000007,Gold,GC=F,₹/10g,Precious metal
2016-12-08,1169.800048828125,1177.800048828125,1169.0999755859375,1173.800048828125,322,67.43150329589844,25447.65,25534.37,25345.75,25360.93,-0.008696260584495907,188.61999999999898,Gold,GC=F,₹/10g,Precious metal
2016-12-09,1159.4000244140625,1168.800048828125,1156.0,1166.5999755859375,365,67.40599822998047,25281.99,25329.67,25052.27,25125.96,-0.00926503878209517,277.3999999999978,Gold,GC=F,₹/10g,Precious metal
2016-12-12,1163.5,1163.9000244140625,1153.0,1158.300048828125,331,67.46050262451172,25122.41,25243.87,25007.46,25235.2,0.004347694575650207,236.40999999999985,Gold,GC=F,₹/10g,Precious metal
2016-12-13,1156.699951171875,1164.0,1155.4000244140625,1163.5,637,67.41799926757812,25219.3,25230.14,25043.73,25071.9,-0.006471119705807715,186.40999999999985,Gold,GC=F,₹/10g,Precious metal
2016-12-14,1161.300048828125,1164.0,1142.0,1159.800048828125,487,67.3864974975586,25127.35,25218.35,24741.71,25159.85,0.003507911247252693,476.6399999999994,Gold,GC=F,₹/10g,Precious metal
2016-12-15,1127.800048828125,1143.300048828125,1123.9000244140625,1139.800048828125,244,67.81999969482422,24852.91,24929.22,24506.21,24591.25,-0.02259949880464307,423.01000000000204,Gold,GC=F,₹/10g,Precious metal
2016-12-16,1135.300048828125,1140.9000244140625,1126.9000244140625,1126.9000244140625,146,67.84500122070312,24580.68,24886.06,24580.68,24763.91,0.007021196563818499,305.380000000001,Gold,GC=F,₹/10g,Precious metal
2016-12-19,1140.5,1140.699951171875,1137.9000244140625,1139.4000244140625,249,67.83499908447266,24849.68,24878.03,24816.97,24873.67,0.00443225645707801,61.05999999999767,Gold,GC=F,₹/10g,Precious metal
2016-12-20,1131.5,1133.5,1126.5,1133.5,46,67.84020233154297,24722.9,24722.9,24570.22,24679.28,-0.007815091218947523,152.6800000000003,Gold,GC=F,₹/10g,Precious metal
2016-12-21,1131.0999755859375,1136.0999755859375,1130.0,1136.0999755859375,50,67.89700317382812,24800.35,24800.35,24667.2,24691.21,0.00048340146065850575,133.14999999999782,Gold,GC=F,₹/10g,Precious metal
2016-12-22,1128.800048828125,1132.800048828125,1128.300048828125,1131.199951171875,104,67.82550048828125,24667.39,24702.28,24604.15,24615.05,-0.0030844984915684437,98.12999999999738,Gold,GC=F,₹/10g,Precious metal
2016-12-23,1131.9000244140625,1132.800048828125,1130.300048828125,1130.9000244140625,70,67.83799743652344,24665.39,24706.83,24652.3,24687.2,0.002931133595097446,54.530000000002474,Gold,GC=F,₹/10g,Precious metal
2016-12-27,1137.300048828125,1142.199951171875,1134.300048828125,1134.300048828125,84,67.77200317382812,24715.48,24887.61,24715.48,24780.85,0.003793463819307119,172.13000000000102,Gold,GC=F,₹/10g,Precious metal
2016-12-28,1139.4000244140625,1141.199951171875,1138.0,1141.199951171875,1570,67.96800231933594,24937.73,24937.73,24867.81,24898.4,0.004743582241932831,69.91999999999825,Gold,GC=F,₹/10g,Precious metal
2016-12-29,1156.4000244140625,1158.800048828125,1143.5999755859375,1143.800048828125,950,68.20500183105469,25081.71,25410.63,25077.32,25358.0,0.018459017446904147,333.3100000000013,Gold,GC=F,₹/10g,Precious metal
2016-12-30,1150.0,1162.0,1150.0,1162.0,16,67.93299865722656,25379.18,25379.18,25117.09,25117.09,-0.009500354917580278,262.09000000000015,Gold,GC=F,₹/10g,Precious metal
2017-01-03,1160.4000244140625,1160.800048828125,1146.5,1155.199951171875,52,68.13390350341797,25305.28,25427.95,25114.7,25419.19,0.01202766721781856,313.25,Gold,GC=F,₹/10g,Precious metal
2017-01-04,1163.800048828125,1165.0,1156.300048828125,1156.300048828125,36,68.2697982788086,25379.9,25570.86,25379.9,25544.52,0.004930526897198639,190.95999999999913,Gold,GC=F,₹/10g,Precious metal
2017-01-05,1179.699951171875,1183.300048828125,1171.5,1172.0,500,67.885498046875,25579.69,25826.33,25568.78,25747.75,0.007955913832007777,257.5500000000029,Gold,GC=F,₹/10g,Precious metal
2017-01-06,1171.9000244140625,1176.5,1171.9000244140625,1176.5,16,67.73300170898438,25620.23,25620.23,25520.06,25520.06,-0.008843102795389801,100.16999999999825,Gold,GC=F,₹/10g,Precious metal
2017-01-09,1183.5,1183.5999755859375,1173.0,1173.9000244140625,62,68.1426010131836,25718.2,25930.71,25698.48,25928.52,0.016005448263052724,232.22999999999956,Gold,GC=F,₹/10g,Precious metal
2017-01-10,1184.199951171875,1188.9000244140625,1182.300048828125,1184.300048828125,8,68.09700012207031,25928.68,26029.39,25884.9,25926.49,-7.829216630950153e-05,144.48999999999796,Gold,GC=F,₹/10g,Precious metal
2017-01-11,1195.5999755859375,1197.0,1176.5,1187.5,20,68.31800079345703,26083.12,26291.78,25841.51,26261.03,0.012903404973060306,450.27000000000044,Gold,GC=F,₹/10g,Precious metal
2017-01-12,1198.9000244140625,1204.300048828125,1192.300048828125,1192.699951171875,110,68.13999938964844,26129.08,26383.21,26120.32,26264.9,0.00014736664936609856,262.8899999999994,Gold,GC=F,₹/10g,Precious metal
2017-01-13,1195.300048828125,1196.0,1187.699951171875,1195.699951171875,65,68.12950134277344,26190.76,26197.34,26015.53,26182.0,-0.003156303660017845,181.8100000000013,Gold,GC=F,₹/10g,Precious metal
2017-01-17,1212.0,1214.5999755859375,1200.800048828125,1205.5,79,68.09459686279297,26391.9,26591.12,26289.0,26534.2,0.013451989916736684,302.119999999999,Gold,GC=F,₹/10g,Precious metal
2017-01-18,1211.300048828125,1214.699951171875,1203.0999755859375,1213.5999755859375,114,67.89949798583984,26493.1,26517.12,26263.89,26442.9,-0.0034408423845452285,253.22999999999956,Gold,GC=F,₹/10g,Precious metal
2017-01-19,1200.9000244140625,1204.0,1195.800048828125,1200.5,26,68.197998046875,26322.34,26399.08,26219.29,26331.11,-0.004227599847217989,179.79000000000087,Gold,GC=F,₹/10g,Precious metal
2017-01-20,1204.300048828125,1212.0999755859375,1202.800048828125,1202.800048828125,38,68.09030151367188,26331.13,26534.72,26331.13,26363.96,0.0012475736875505739,203.59000000000015,Gold,GC=F,₹/10g,Precious metal
2017-01-23,1215.0,1215.0,1210.0,1212.0,16,68.07720184326172,26527.42,26593.08,26483.65,26593.08,0.00869065193544527,109.43000000000029,Gold,GC=F,₹/10g,Precious metal
2017-01-24,1210.300048828125,1219.0,1207.699951171875,1219.0,24,68.05139923095703,26670.52,26670.52,26423.29,26480.17,-0.004245841399341588,247.22999999999956,Gold,GC=F,₹/10g,Precious metal
2017-01-25,1197.300048828125,1202.800048828125,1194.9000244140625,1202.0,403,68.16449737548828,26342.28,26359.82,26186.69,26239.28,-0.009096995978500111,173.13000000000102,Gold,GC=F,₹/10g,Precious metal
2017-01-26,1189.5,1199.699951171875,1185.5999755859375,1199.699951171875,19,67.9729995727539,26218.02,26218.02,25909.88,25995.11,-0.009305514480580146,308.1399999999994,Gold,GC=F,₹/10g,Precious metal
2017-01-27,1188.0999755859375,1188.300048828125,1187.9000244140625,1187.9000244140625,234352,68.14900207519531,26027.36,26036.13,26027.36,26031.74,0.0014091111751401986,8.770000000000437,Gold,GC=F,₹/10g,Precious metal
2017-01-30,1193.199951171875,1198.5,1187.0999755859375,1191.699951171875,50503,68.11000061035156,26095.68,26244.58,25994.95,26128.52,0.0037177691541172564,249.63000000000102,Gold,GC=F,₹/10g,Precious metal
2017-01-31,1208.5999755859375,1214.699951171875,1193.5,1194.9000244140625,3212,67.82099914550781,26054.72,26486.46,26024.2,26353.45,0.008608600869854044,462.2599999999984,Gold,GC=F,₹/10g,Precious metal
2017-02-01,1205.5999755859375,1211.9000244140625,1197.9000244140625,1211.9000244140625,1145,67.50160217285156,26300.96,26300.96,25997.13,26164.24,-0.0071797051239970155,303.8299999999981,Gold,GC=F,₹/10g,Precious metal
2017-02-02,1216.699951171875,1224.199951171875,1208.9000244140625,1209.699951171875,1512,67.39540100097656,26211.91,26526.1,26194.58,26363.59,0.007619177931405652,331.5199999999968,Gold,GC=F,₹/10g,Precious metal
2017-02-03,1218.5,1220.5999755859375,1206.199951171875,1214.9000244140625,865,67.2656021118164,26273.89,26397.16,26085.74,26351.74,-0.0004494835490916893,311.41999999999825,Gold,GC=F,₹/10g,Precious metal
2017-02-06,1230.0,1235.4000244140625,1218.5,1221.9000244140625,908,67.15730285644531,26382.73,26674.21,26309.31,26557.62,0.007812766822987705,364.8999999999978,Gold,GC=F,₹/10g,Precious metal
2017-02-07,1234.199951171875,1236.199951171875,1228.5,1234.199951171875,1177,67.19529724121094,26663.38,26706.58,26540.24,26663.38,0.0039822845571253485,166.34000000000015,Gold,GC=F,₹/10g,Precious metal
2017-02-08,1237.5999755859375,1243.9000244140625,1231.0,1232.0999755859375,288,67.34049987792969,26675.53,26931.0,26651.71,26794.61,0.004921731603420021,279.2900000000009,Gold,GC=F,₹/10g,Precious metal
2017-02-09,1235.0999755859375,1243.5,1226.9000244140625,1239.4000244140625,885,66.96430206298828,26683.67,26771.94,26414.55,26591.09,-0.0075955574647289525,357.3899999999994,Gold,GC=F,₹/10g,Precious metal
2017-02-10,1234.4000244140625,1234.4000244140625,1221.5,1227.5999755859375,391,66.74530029296875,26343.19,26489.11,26212.29,26489.11,-0.0038351192072231255,276.8199999999997,Gold,GC=F,₹/10g,Precious metal
2017-02-13,1224.4000244140625,1231.0999755859375,1219.0,1230.5,398,66.84369659423828,26444.35,26457.24,26197.2,26313.25,-0.006638954649665463,260.0400000000009,Gold,GC=F,₹/10g,Precious metal
2017-02-14,1223.9000244140625,1233.5,1222.0999755859375,1225.9000244140625,159,66.91539764404297,26373.75,26537.25,26291.99,26330.72,0.0006639240686727721,245.2599999999984,Gold,GC=F,₹/10g,Precious metal
2017-02-15,1231.699951171875,1231.699951171875,1217.300048828125,1225.5,175,66.7759017944336,26310.18,26443.29,26134.14,26443.29,0.004275234403009032,309.15000000000146,Gold,GC=F,₹/10g,Precious metal
2017-02-16,1240.0,1240.699951171875,1233.199951171875,1234.5,87,66.8655014038086,26538.96,26672.25,26511.01,26657.2,0.008089386759363215,161.2400000000016,Gold,GC=F,₹/10g,Precious metal
2017-02-17,1237.5999755859375,1241.199951171875,1234.800048828125,1240.699951171875,301,67.16480255126953,26791.64,26802.43,26664.23,26724.7,0.0025321489128640184,138.20000000000073,Gold,GC=F,₹/10g,Precious metal
2017-02-21,1237.5,1237.5,1228.0999755859375,1237.300048828125,119,66.96499633789062,26638.74,26643.04,26440.66,26643.04,-0.003055600249955992,202.38000000000102,Gold,GC=F,₹/10g,Precious metal
2017-02-22,1232.0,1238.5999755859375,1231.800048828125,1236.0999755859375,36,66.96510314941406,26612.94,26666.77,26520.37,26524.67,-0.004442811330839236,146.40000000000146,Gold,GC=F,₹/10g,Precious metal
2017-02-23,1250.199951171875,1250.300048828125,1236.0999755859375,1236.0999755859375,112,66.91429901123047,26592.75,26898.24,26592.75,26896.09,0.014002813230098665,305.4900000000016,Gold,GC=F,₹/10g,Precious metal
2017-02-24,1256.9000244140625,1258.800048828125,1250.0,1250.0,1264,66.68280029296875,26798.75,26987.42,26798.75,26946.68,0.0018809425459238582,188.66999999999825,Gold,GC=F,₹/10g,Precious metal
2017-02-27,1257.4000244140625,1263.0999755859375,1250.4000244140625,1254.699951171875,544,66.63500213623047,26880.23,27060.19,26788.11,26938.08,-0.0003191487782538971,272.0799999999981,Gold,GC=F,₹/10g,Precious metal
2017-02-28,1252.5999755859375,1257.300048828125,1247.199951171875,1253.5999755859375,721,66.69319915771484,26880.12,26959.46,26742.89,26858.68,-0.002947500341524023,216.5699999999997,Gold,GC=F,₹/10g,Precious metal
2017-03-01,1248.9000244140625,1248.9000244140625,1236.9000244140625,1247.800048828125,138,66.7051010131836,26760.53,26784.12,26526.77,26784.12,-0.0027760113304153844,257.34999999999854,Gold,GC=F,₹/10g,Precious metal
2017-03-02,1231.9000244140625,1247.5999755859375,1230.699951171875,1247.199951171875,79,66.85800170898438,26808.98,26817.57,26454.3,26480.1,-0.011350755596973183,363.27000000000044,Gold,GC=F,₹/10g,Precious metal
2017-03-03,1225.5,1235.199951171875,1222.9000244140625,1231.699951171875,121,66.84510040283203,26470.69,26545.91,26281.57,26337.44,-0.00538744189032514,264.34000000000015,Gold,GC=F,₹/10g,Precious metal
2017-03-06,1224.5,1235.199951171875,1224.5,1235.199951171875,29,66.77300262451172,26517.28,26517.28,26287.57,26287.57,-0.0018935021778881955,229.70999999999913,Gold,GC=F,₹/10g,Precious metal
2017-03-07,1215.0999755859375,1225.4000244140625,1213.699951171875,1224.300048828125,53,66.66470336914062,26240.65,26264.22,26013.45,26043.46,-0.009286137897112634,250.77000000000044,Gold,GC=F,₹/10g,Precious metal
2017-03-08,1208.5,1212.199951171875,1206.699951171875,1212.199951171875,24,66.61620330810547,25962.4,25962.4,25844.61,25883.16,-0.0061550961354597256,117.79000000000087,Gold,GC=F,₹/10g,Precious metal
2017-03-09,1202.4000244140625,1205.5999755859375,1202.300048828125,1204.5,37,66.76499938964844,25855.11,25878.72,25807.89,25810.03,-0.00282538917195585,70.83000000000175,Gold,GC=F,₹/10g,Precious metal
2017-03-10,1200.699951171875,1203.300048828125,1196.199951171875,1196.199951171875,3,66.68049621582031,25644.45,25796.66,25644.45,25740.92,-0.0026776412115755432,152.20999999999913,Gold,GC=F,₹/10g,Precious metal
2017-03-13,1202.4000244140625,1210.0,1202.300048828125,1206.199951171875,35,66.48500061035156,25783.02,25864.24,25699.65,25701.79,-0.0015201476870289055,164.59000000000015,Gold,GC=F,₹/10g,Precious metal
2017-03-14,1201.9000244140625,1205.9000244140625,1196.800048828125,1203.0999755859375,22,66.17009735107422,25594.95,25654.52,25460.92,25569.42,-0.005150224945422166,193.60000000000218,Gold,GC=F,₹/10g,Precious metal
2017-03-15,1200.0999755859375,1221.199951171875,1197.699951171875,1198.199951171875,36,65.77510070800781,25338.54,25824.92,25327.96,25378.72,-0.007458127716623908,496.9599999999991,Gold,GC=F,₹/10g,Precious metal
2017-03-16,1226.5,1231.4000244140625,1222.199951171875,1222.199951171875,47,65.62049865722656,25785.32,25979.42,25785.32,25876.04,0.019595944949154287,194.09999999999854,Gold,GC=F,₹/10g,Precious metal
2017-03-17,1229.800048828125,1230.9000244140625,1227.0999755859375,1227.0999755859375,26,65.40450286865234,25803.48,25883.39,25803.48,25860.26,-0.0006098305613997379,79.90999999999985,Gold,GC=F,₹/10g,Precious metal
2017-03-20,1233.5999755859375,1234.4000244140625,1229.300048828125,1229.300048828125,23,65.46810150146484,25874.88,25982.23,25874.88,25965.39,0.004065311021621554,107.34999999999854,Gold,GC=F,₹/10g,Precious metal
2017-03-21,1246.0999755859375,1246.0999755859375,1226.4000244140625,1226.4000244140625,11,65.33529663085938,25761.48,26175.29,25761.48,26175.29,0.008083837754796042,413.8100000000013,Gold,GC=F,₹/10g,Precious metal
2017-03-22,1249.300048828125,1249.5,1247.699951171875,1247.9000244140625,3,65.49500274658203,26277.18,26310.87,26272.96,26306.66,0.00501885556950854,37.909999999999854,Gold,GC=F,₹/10g,Precious metal
2017-03-23,1246.9000244140625,1247.5,1244.800048828125,1246.4000244140625,16,65.36499786376953,26193.49,26216.61,26159.87,26204.0,-0.00390243383234512,56.7400000000016,Gold,GC=F,₹/10g,Precious metal
2017-03-24,1248.199951171875,1248.300048828125,1247.5999755859375,1248.0,3,65.44439697265625,26258.98,26265.29,26250.56,26263.18,0.002258433826896722,14.729999999999563,Gold,GC=F,₹/10g,Precious metal
2017-03-27,1255.4000244140625,1257.699951171875,1253.800048828125,1255.800048828125,72,65.39309692382812,26402.38,26442.33,26360.34,26393.97,0.00497997576835707,81.9900000000016,Gold,GC=F,₹/10g,Precious metal
2017-03-28,1255.300048828125,1255.9000244140625,1255.300048828125,1255.9000244140625,19,65.04499816894531,26263.93,26263.93,26251.38,26251.38,-0.005402370314128602,12.549999999999272,Gold,GC=F,₹/10g,Precious metal
2017-03-29,1253.4000244140625,1253.4000244140625,1252.0999755859375,1252.199951171875,190678,65.11000061035156,26212.72,26237.84,26210.63,26237.84,-0.000515782408391563,27.209999999999127,Gold,GC=F,₹/10g,Precious metal
2017-03-30,1245.0,1253.5999755859375,1241.0999755859375,1253.0999755859375,51328,64.77999877929688,26098.61,26109.02,25848.68,25929.91,-0.011736103276794085,260.34000000000015,Gold,GC=F,₹/10g,Precious metal
2017-03-31,1247.300048828125,1248.800048828125,1238.699951171875,1242.0999755859375,8223,64.79000091552734,25873.51,26013.07,25802.68,25981.83,0.0020023208719197605,210.38999999999942,Gold,GC=F,₹/10g,Precious metal
2017-04-03,1250.800048828125,1252.4000244140625,1243.5999755859375,1247.5,1160,64.79669952392578,25988.68,26090.76,25907.43,26057.43,0.002909725758347248,183.3299999999981,Gold,GC=F,₹/10g,Precious metal
2017-04-04,1255.0,1260.300048828125,1253.0,1253.0999755859375,724,64.87750244140625,26137.89,26288.08,26135.81,26177.53,0.004609050086673783,152.27000000000044,Gold,GC=F,₹/10g,Precious metal
2017-04-05,1245.4000244140625,1255.4000244140625,1243.0,1255.4000244140625,907,65.05000305175781,26255.49,26255.49,25996.16,26046.35,-0.005011167974977027,259.33000000000175,Gold,GC=F,₹/10g,Precious metal
2017-04-06,1250.300048828125,1257.5,1249.0,1256.0999755859375,169,65.04000091552734,26266.09,26295.37,26117.63,26144.81,0.003780184171678691,177.73999999999796,Gold,GC=F,₹/10g,Precious metal
2017-04-07,1254.300048828125,1269.0999755859375,1249.5,1249.5,445,64.58000183105469,25943.29,26350.24,25943.29,26042.95,-0.003895993124447994,406.9500000000007,Gold,GC=F,₹/10g,Precious metal
2017-04-10,1251.0999755859375,1255.199951171875,1246.800048828125,1252.699951171875,182,64.26000213623047,25880.85,25932.5,25758.96,25847.79,-0.0074937747067824745,173.54000000000087,Gold,GC=F,₹/10g,Precious metal
2017-04-11,1271.199951171875,1273.5,1254.5,1254.5,401,64.57499694824219,26045.09,26439.55,26045.09,26391.8,0.021046673622773904,394.4599999999991,Gold,GC=F,₹/10g,Precious metal
2017-04-12,1275.300048828125,1285.0999755859375,1272.0,1275.0,492,64.62999725341797,26493.24,26703.11,26430.9,26499.47,0.0040796762630817,272.2099999999991,Gold,GC=F,₹/10g,Precious metal
2017-04-13,1285.9000244140625,1287.5999755859375,1282.0,1285.300048828125,915,64.5,26653.54,26701.24,26585.11,26665.99,0.006283899262890857,116.13000000000102,Gold,GC=F,₹/10g,Precious metal
2017-04-17,1289.4000244140625,1294.800048828125,1284.300048828125,1291.800048828125,73,64.45369720458984,26769.11,26831.27,26613.69,26719.37,0.002001800795695008,217.58000000000175,Gold,GC=F,₹/10g,Precious metal
2017-04-18,1291.699951171875,1291.699951171875,1278.5999755859375,1283.9000244140625,394,64.4083023071289,26586.66,26748.18,26476.91,26748.18,0.0010782439855430148,271.27000000000044,Gold,GC=F,₹/10g,Precious metal
2017-04-19,1281.4000244140625,1288.0,1274.0,1288.0,194,64.56999969482422,26738.52,26738.52,26447.89,26601.51,-0.005483363727924684,290.630000000001,Gold,GC=F,₹/10g,Precious metal
2017-04-20,1281.9000244140625,1281.9000244140625,1276.199951171875,1279.699951171875,127,64.64669799804688,26597.77,26643.5,26525.03,26643.5,0.0015784818230244468,118.47000000000116,Gold,GC=F,₹/10g,Precious metal
2017-04-21,1287.4000244140625,1287.4000244140625,1279.199951171875,1279.800048828125,474,64.66000366210938,26605.33,26763.32,26592.85,26763.32,0.004497156905061361,170.47000000000116,Gold,GC=F,₹/10g,Precious metal
2017-04-24,1275.800048828125,1276.4000244140625,1265.0,1275.0,605,64.63999938964844,26497.34,26526.43,26289.52,26513.97,-0.009316856055227807,236.90999999999985,Gold,GC=F,₹/10g,Precious metal
2017-04-25,1265.5999755859375,1276.9000244140625,1262.0999755859375,1275.5999755859375,356,64.38999938964844,26407.28,26434.19,26127.8,26200.26,-0.011831875799814262,306.3899999999994,Gold,GC=F,₹/10g,Precious metal
2017-04-26,1262.0999755859375,1266.0,1262.0999755859375,1266.0,1156,64.3499984741211,26192.26,26192.26,26111.57,26111.57,-0.003385080911410765,80.68999999999869,Gold,GC=F,₹/10g,Precious metal
2017-04-27,1263.699951171875,1267.199951171875,1262.199951171875,1266.699951171875,206,64.0199966430664,26072.35,26082.64,25979.72,26010.6,-0.0038668682120608366,102.91999999999825,Gold,GC=F,₹/10g,Precious metal
2017-04-28,1266.0999755859375,1267.199951171875,1264.699951171875,1265.9000244140625,85,64.05999755859375,26072.16,26098.94,26047.45,26076.28,0.002525124372371179,51.48999999999796,Gold,GC=F,₹/10g,Precious metal
2017-05-01,1253.300048828125,1269.300048828125,1253.300048828125,1268.699951171875,34,64.25830078125,26210.72,26223.11,25892.56,25892.56,-0.0070454834815394385,330.5499999999993,Gold,GC=F,₹/10g,Precious metal
2017-05-02,1255.0999755859375,1256.199951171875,1251.199951171875,1256.199951171875,90,64.18000030517578,25920.85,25920.85,25817.68,25898.15,0.0002158921327206631,103.16999999999825,Gold,GC=F,₹/10g,Precious metal
2017-05-03,1246.4000244140625,1255.800048828125,1238.699951171875,1255.0999755859375,195,64.06999969482422,25853.76,25868.18,25515.94,25674.55,-0.008633821334728675,352.2400000000016,Gold,GC=F,₹/10g,Precious metal
2017-05-04,1226.5,1239.800048828125,1224.199951171875,1239.800048828125,72,64.20999908447266,25594.41,25594.41,25272.36,25319.84,-0.01381562675879422,322.0499999999993,Gold,GC=F,₹/10g,Precious metal
2017-05-05,1224.800048828125,1233.699951171875,1224.800048828125,1227.0,16,64.16999816894531,25314.38,25452.61,25268.99,25268.99,-0.0020083065295830593,183.61999999999898,Gold,GC=F,₹/10g,Precious metal
2017-05-08,1225.300048828125,1234.0,1224.0,1224.0,43,64.30799865722656,25306.8,25513.55,25306.8,25333.67,0.002559659092033151,206.75,Gold,GC=F,₹/10g,Precious metal
2017-05-09,1214.300048828125,1226.199951171875,1214.0,1226.0999755859375,55,64.41179656982422,25391.13,25393.2,25140.55,25146.77,-0.007377533535409486,252.65000000000146,Gold,GC=F,₹/10g,Precious metal
2017-05-10,1217.300048828125,1220.199951171875,1217.300048828125,1219.800048828125,23,64.63999938964844,25350.16,25358.47,25298.21,25298.21,0.006022244606364913,60.26000000000204,Gold,GC=F,₹/10g,Precious metal
2017-05-11,1222.699951171875,1222.699951171875,1218.300048828125,1218.5,13,64.55000305175781,25287.89,25375.05,25283.74,25375.05,0.003037369047059091,91.30999999999767,Gold,GC=F,₹/10g,Precious metal
2017-05-12,1226.199951171875,1229.5,1226.0999755859375,1228.0,29,64.36000061035156,25410.03,25441.07,25370.71,25372.78,-8.945795180703708e-05,70.36000000000058,Gold,GC=F,₹/10g,Precious metal
2017-05-15,1228.5999755859375,1232.699951171875,1227.5,1227.5,13,64.16549682617188,25322.92,25430.19,25322.92,25345.61,-0.0010708326009211122,107.27000000000044,Gold,GC=F,₹/10g,Precious metal
2017-05-16,1235.0,1237.300048828125,1230.4000244140625,1230.4000244140625,20,64.03829956054688,25332.43,25474.49,25332.43,25427.14,0.0032167306290911135,142.0600000000013,Gold,GC=F,₹/10g,Precious metal
2017-05-17,1257.5,1259.199951171875,1240.699951171875,1241.0,26,63.900001525878906,25495.49,25869.4,25489.33,25834.47,0.01601949727731866,380.0699999999997,Gold,GC=F,₹/10g,Precious metal
2017-05-18,1251.699951171875,1260.0,1245.800048828125,1254.800048828125,43,64.2300033569336,25912.14,26019.52,25726.28,25848.12,0.0005283638487647568,293.2400000000016,Gold,GC=F,₹/10g,Precious metal
2017-05-19,1252.699951171875,1252.699951171875,1252.699951171875,1252.699951171875,14,64.87110137939453,26126.97,26126.97,26126.97,26126.97,0.010788018625726092,0.0,Gold,GC=F,₹/10g,Precious metal
2017-05-22,1260.699951171875,1260.699951171875,1251.699951171875,1251.699951171875,14,64.44850158691406,25936.05,26122.53,25936.05,26122.53,-0.00016993933854569931,186.47999999999956,Gold,GC=F,₹/10g,Precious metal
2017-05-23,1254.800048828125,1261.5999755859375,1250.5999755859375,1261.5,20,64.50019836425781,26160.08,26162.15,25934.04,26021.14,-0.003881323899331268,228.11000000000058,Gold,GC=F,₹/10g,Precious metal
2017-05-24,1252.4000244140625,1257.800048828125,1249.699951171875,1251.9000244140625,14,64.88520050048828,26115.96,26239.04,26070.07,26126.39,0.004044788199133453,168.97000000000116,Gold,GC=F,₹/10g,Precious metal
2017-05-25,1255.800048828125,1258.300048828125,1255.800048828125,1257.0999755859375,11,64.76010131835938,26173.88,26198.86,26146.81,26146.81,0.0007815852094377185,52.04999999999927,Gold,GC=F,₹/10g,Precious metal
2017-05-26,1267.5999755859375,1267.5999755859375,1267.5999755859375,1267.5999755859375,271457,64.54540252685547,26305.0,26305.0,26305.0,26305.0,0.006050068822927024,0.0,Gold,GC=F,₹/10g,Precious metal
2017-05-30,1262.0999755859375,1270.0,1258.4000244140625,1267.4000244140625,129819,64.50859832763672,26285.85,26339.78,26099.19,26175.93,-0.004906671735411483,240.59000000000015,Gold,GC=F,₹/10g,Precious metal
2017-05-31,1272.0,1273.199951171875,1258.5,1262.4000244140625,2712,64.61859893798828,26226.8,26451.17,26145.77,26426.24,0.009562601978229557,305.3999999999978,Gold,GC=F,₹/10g,Precious metal
2017-06-01,1267.0,1269.199951171875,1260.800048828125,1268.0,825,64.5000991821289,26294.83,26319.71,26145.52,26274.09,-0.005757534934973774,174.1899999999987,Gold,GC=F,₹/10g,Precious metal
2017-06-02,1276.800048828125,1279.0,1259.0,1265.199951171875,1732,64.37229919433594,26184.78,26470.39,26056.46,26424.86,0.005738352879205433,413.9300000000003,Gold,GC=F,₹/10g,Precious metal
2017-06-05,1279.300048828125,1282.0,1277.0,1279.199951171875,433,64.40499877929688,26487.97,26545.95,26442.42,26490.05,0.002466995094770663,103.53000000000247,Gold,GC=F,₹/10g,Precious metal
2017-06-06,1294.4000244140625,1295.199951171875,1279.4000244140625,1279.4000244140625,942,64.34400177001953,26467.03,26793.88,26467.03,26777.33,0.01084482664245634,326.8500000000022,Gold,GC=F,₹/10g,Precious metal
2017-06-07,1290.0999755859375,1293.0999755859375,1284.300048828125,1291.5999755859375,641,64.42050170898438,26751.18,26782.24,26599.98,26720.11,-0.002136882205955648,182.26000000000204,Gold,GC=F,₹/10g,Precious metal
2017-06-08,1276.300048828125,1287.5999755859375,1268.0999755859375,1285.4000244140625,319,64.41829681396484,26621.85,26667.42,26263.55,26433.38,-0.010730868997171017,403.869999999999,Gold,GC=F,₹/10g,Precious metal
2017-06-09,1268.5,1277.9000244140625,1264.5999755859375,1277.9000244140625,467,64.243896484375,26394.87,26394.87,26120.16,26200.71,-0.008802128218184824,274.7099999999991,Gold,GC=F,₹/10g,Precious metal
2017-06-12,1266.0999755859375,1269.300048828125,1263.199951171875,1266.4000244140625,255,64.37699890136719,26211.53,26271.55,26145.3,26205.32,0.0001759494303781306,126.25,Gold,GC=F,₹/10g,Precious metal
2017-06-13,1265.800048828125,1266.9000244140625,1259.699951171875,1264.0999755859375,150,64.46910095214844,26201.36,26259.39,26110.16,26236.59,0.0011932691529812356,149.22999999999956,Gold,GC=F,₹/10g,Precious metal
2017-06-14,1272.800048828125,1278.0,1256.800048828125,1269.4000244140625,336,64.35749816894531,26265.66,26443.61,26004.95,26336.02,0.003789745542389422,438.65999999999985,Gold,GC=F,₹/10g,Precious metal
2017-06-15,1252.199951171875,1264.199951171875,1250.300048828125,1263.199951171875,743,64.16580200195312,26059.52,26080.15,25793.4,25832.6,-0.01911526494891791,286.75,Gold,GC=F,₹/10g,Precious metal
2017-06-16,1254.0,1255.300048828125,1251.300048828125,1252.800048828125,34,64.55999755859375,26003.75,26055.64,25972.62,26028.66,0.0075896348025363825,83.02000000000044,Gold,GC=F,₹/10g,Precious metal
2017-06-19,1244.199951171875,1252.199951171875,1241.9000244140625,1252.0999755859375,108,64.3949966430664,25922.8,25924.87,25711.62,25759.24,-0.010350897818020566,213.25,Gold,GC=F,₹/10g,Precious metal
2017-06-20,1241.0,1245.5,1240.5,1242.199951171875,75,64.48760223388672,25754.82,25823.24,25719.57,25729.94,-0.001137455918730601,103.67000000000189,Gold,GC=F,₹/10g,Precious metal
2017-06-21,1243.4000244140625,1245.0,1240.0,1244.0999755859375,205,64.53050231933594,25811.37,25830.04,25726.31,25796.85,0.0026004724457189266,103.72999999999956,Gold,GC=F,₹/10g,Precious metal
2017-06-22,1247.5999755859375,1252.699951171875,1246.300048828125,1251.0,156,64.5416030883789,25958.99,25994.27,25861.46,25888.44,0.0035504334831577555,132.8100000000013,Gold,GC=F,₹/10g,Precious metal
2017-06-23,1256.199951171875,1273.5999755859375,1249.800048828125,1250.0,269,64.59100341796875,25958.09,26448.18,25953.94,26086.84,0.007663652193797832,494.2400000000016,Gold,GC=F,₹/10g,Precious metal
2017-06-26,1246.300048828125,1260.199951171875,1241.5999755859375,1260.199951171875,194,64.49800109863281,26132.23,26132.23,25746.53,25843.99,-0.009309291581502288,385.7000000000007,Gold,GC=F,₹/10g,Precious metal
2017-06-27,1246.4000244140625,1251.800048828125,1245.9000244140625,1251.5999755859375,111,64.42130279541016,25923.03,25927.18,25804.97,25815.33,-0.0011089618901725107,122.20999999999913,Gold,GC=F,₹/10g,Precious metal
2017-06-28,1248.0,1248.5,1248.0,1248.5,370,64.5248031616211,25900.37,25900.37,25890.0,25890.0,0.002892467382752839,10.369999999998981,Gold,GC=F,₹/10g,Precious metal
2017-06-29,1244.199951171875,1250.699951171875,1238.0999755859375,1248.199951171875,540,64.51190185546875,25888.97,25940.82,25679.48,25806.0,-0.0032444959443800325,261.34000000000015,Gold,GC=F,₹/10g,Precious metal
2017-06-30,1240.699951171875,1243.699951171875,1239.0999755859375,1243.699951171875,43,64.78510284423828,25904.88,25904.88,25809.06,25842.39,0.0014101371774006832,95.81999999999971,Gold,GC=F,₹/10g,Precious metal
2017-07-03,1217.9000244140625,1236.0,1217.9000244140625,1236.0,33,64.60679626464844,25673.64,25673.64,25297.67,25297.67,-0.021078545753701605,375.97000000000116,Gold,GC=F,₹/10g,Precious metal
2017-07-05,1220.4000244140625,1225.0,1217.0999755859375,1222.5,40,64.7688980102539,25456.94,25508.99,25344.49,25413.21,0.00456721903637769,164.5,Gold,GC=F,₹/10g,Precious metal
2017-07-06,1222.199951171875,1225.0999755859375,1222.199951171875,1225.0999755859375,5,64.79139709472656,25519.94,25519.94,25459.53,25459.53,0.0018226741131874835,60.409999999999854,Gold,GC=F,₹/10g,Precious metal
2017-07-07,1208.5999755859375,1220.4000244140625,1208.5999755859375,1219.0999755859375,116,64.71330261230469,25364.34,25391.39,25145.88,25145.88,-0.01231955185347089,245.5099999999984,Gold,GC=F,₹/10g,Precious metal
2017-07-10,1212.0999755859375,1212.0999755859375,1209.5999755859375,1211.4000244140625,28,64.61170196533203,25164.57,25179.11,25127.18,25179.11,0.001321488848272434,51.93000000000029,Gold,GC=F,₹/10g,Precious metal
2017-07-11,1213.5999755859375,1214.9000244140625,1208.699951171875,1208.699951171875,12,64.61170196533203,25108.48,25237.27,25108.48,25210.27,0.0012375338127519342,128.79000000000087,Gold,GC=F,₹/10g,Precious metal
2017-07-12,1218.0999755859375,1219.4000244140625,1217.9000244140625,1218.300048828125,7,64.52559661865234,25274.18,25297.0,25265.88,25270.03,0.002370462513888061,31.11999999999898,Gold,GC=F,₹/10g,Precious metal
2017-07-13,1216.300048828125,1221.4000244140625,1216.300048828125,1221.4000244140625,7,64.36499786376953,25275.42,25275.42,25169.88,25169.88,-0.003963192762335366,105.53999999999724,Gold,GC=F,₹/10g,Precious metal
2017-07-14,1226.5999755859375,1227.5,1214.800048828125,1214.9000244140625,23,64.42579650878906,25164.66,25425.65,25162.59,25407.01,0.009421181189580352,263.0600000000013,Gold,GC=F,₹/10g,Precious metal
2017-07-17,1232.800048828125,1233.4000244140625,1229.9000244140625,1229.9000244140625,7,64.26730346679688,25412.69,25485.01,25412.69,25472.61,0.0025819645837901195,72.31999999999971,Gold,GC=F,₹/10g,Precious metal
2017-07-18,1241.0999755859375,1241.199951171875,1236.199951171875,1236.199951171875,29,64.33000183105469,25567.78,25671.19,25567.78,25669.13,0.007714953434296623,103.40999999999985,Gold,GC=F,₹/10g,Precious metal
2017-07-19,1241.199951171875,1241.199951171875,1240.0999755859375,1240.4000244140625,3,64.3062973022461,25645.2,25661.73,25638.99,25661.73,-0.0002882840205337134,22.739999999997963,Gold,GC=F,₹/10g,Precious metal
2017-07-20,1244.800048828125,1244.800048828125,1236.5999755859375,1236.5999755859375,5,64.26329803466797,25549.53,25718.96,25549.53,25718.96,0.002230169205271748,169.4300000000003,Gold,GC=F,₹/10g,Precious metal
2017-07-21,1254.300048828125,1254.300048828125,1250.5,1250.699951171875,16,64.32499694824219,25865.66,25940.12,25861.53,25940.12,0.008599103540734232,78.59000000000015,Gold,GC=F,₹/10g,Precious metal
2017-07-24,1253.9000244140625,1256.0,1253.9000244140625,1256.0,8,64.46109771728516,26030.23,26030.23,25986.71,25986.71,0.0017960595402026769,43.52000000000044,Gold,GC=F,₹/10g,Precious metal
2017-07-25,1251.699951171875,1253.5999755859375,1249.199951171875,1252.699951171875,18,64.36509704589844,25923.18,25941.8,25850.75,25902.48,-0.003241272173353238,91.04999999999927,Gold,GC=F,₹/10g,Precious metal
2017-07-26,1249.0,1249.0,1244.800048828125,1244.800048828125,7,64.4469985961914,25792.48,25879.5,25792.48,25879.5,-0.0008871737378042255,87.02000000000044,Gold,GC=F,₹/10g,Precious metal
2017-07-27,1259.5999755859375,1259.5999755859375,1259.5999755859375,1259.5999755859375,220309,64.3447036743164,26057.71,26057.71,26057.71,26057.71,0.006886145404663813,0.0,Gold,GC=F,₹/10g,Precious metal
2017-07-28,1268.4000244140625,1270.0,1256.9000244140625,1258.4000244140625,64180,64.18499755859375,25968.27,26207.64,25937.31,26174.63,0.004486963743168593,270.3299999999981,Gold,GC=F,₹/10g,Precious metal
2017-07-31,1266.5999755859375,1270.800048828125,1265.800048828125,1268.9000244140625,7780,64.12349700927734,26159.86,26199.03,26095.95,26112.44,-0.0023759648178408588,103.07999999999811,Gold,GC=F,₹/10g,Precious metal
2017-08-01,1272.5999755859375,1273.300048828125,1262.0,1268.4000244140625,1061,64.18949890136719,26176.46,26277.59,26044.38,26263.14,0.005771195644681315,233.20999999999913,Gold,GC=F,₹/10g,Precious metal
2017-08-02,1271.800048828125,1272.0999755859375,1262.9000244140625,1268.5,393,64.05580139160156,26124.0,26198.14,26008.67,26191.96,-0.002710262367713878,189.47000000000116,Gold,GC=F,₹/10g,Precious metal
2017-08-03,1267.800048828125,1269.800048828125,1256.5999755859375,1265.9000244140625,878,63.64059829711914,25901.47,25981.27,25711.18,25940.35,-0.009606383027463417,270.09000000000015,Gold,GC=F,₹/10g,Precious metal
2017-08-04,1258.300048828125,1269.5999755859375,1253.9000244140625,1269.0,521,63.696998596191406,25987.91,26000.2,25678.68,25768.78,-0.006614020242595053,321.52000000000044,Gold,GC=F,₹/10g,Precious metal
2017-08-07,1258.199951171875,1259.0999755859375,1255.300048828125,1258.699951171875,260,63.66510009765625,25764.06,25772.25,25694.47,25753.83,-0.0005801594021912493,77.77999999999884,Gold,GC=F,₹/10g,Precious metal
2017-08-08,1256.4000244140625,1264.0999755859375,1251.4000244140625,1256.9000244140625,555,63.8301010131836,25793.9,25941.66,25681.03,25783.64,0.001157497739171065,260.630000000001,Gold,GC=F,₹/10g,Precious metal
2017-08-09,1273.0,1277.800048828125,1260.199951171875,1260.199951171875,574,63.70289993286133,25810.08,26170.55,25810.08,26072.24,0.011193144179797887,360.4699999999975,Gold,GC=F,₹/10g,Precious metal
2017-08-10,1283.699951171875,1287.4000244140625,1274.9000244140625,1276.5999755859375,608,63.88769912719727,26221.82,26443.66,26186.9,26367.66,0.011330825429652247,256.7599999999984,Gold,GC=F,₹/10g,Precious metal
2017-08-11,1287.699951171875,1291.0999755859375,1282.0,1286.300048828125,139,64.13860321044922,26524.82,26623.8,26436.15,26553.69,0.007055233570214314,187.64999999999782,Gold,GC=F,₹/10g,Precious metal
2017-08-14,1284.199951171875,1288.4000244140625,1278.800048828125,1288.4000244140625,338,64.08100128173828,26544.27,26544.27,26346.48,26457.74,-0.003613433763819507,197.79000000000087,Gold,GC=F,₹/10g,Precious metal
2017-08-15,1273.699951171875,1280.5,1267.4000244140625,1280.5,188,64.17430114746094,26419.92,26419.92,26149.63,26279.62,-0.0067322454601187465,270.28999999999724,Gold,GC=F,₹/10g,Precious metal
2017-08-16,1276.9000244140625,1282.5999755859375,1269.4000244140625,1271.300048828125,110,64.26300048828125,26266.35,26499.82,26227.1,26382.06,0.0038980776738781753,272.72000000000116,Gold,GC=F,₹/10g,Precious metal
2017-08-17,1286.4000244140625,1288.5,1283.199951171875,1283.800048828125,43,64.1604995727539,26482.31,26579.26,26469.93,26535.94,0.00583275149855611,109.32999999999811,Gold,GC=F,₹/10g,Precious metal
2017-08-18,1285.699951171875,1300.699951171875,1284.300048828125,1288.5999755859375,358,64.18890380859375,26593.09,26842.8,26504.35,26533.24,-0.00010174879804514259,338.4500000000007,Gold,GC=F,₹/10g,Precious metal
2017-08-21,1290.800048828125,1290.800048828125,1284.699951171875,1285.199951171875,18,64.07589721679688,26476.23,26591.6,26465.93,26591.6,0.0021995052243901636,125.66999999999825,Gold,GC=F,₹/10g,Precious metal
2017-08-22,1285.0999755859375,1288.4000244140625,1283.199951171875,1287.199951171875,100,64.15750122070312,26551.2,26575.96,26468.69,26507.89,-0.0031479865822289232,107.27000000000044,Gold,GC=F,₹/10g,Precious metal
2017-08-23,1288.9000244140625,1289.4000244140625,1286.9000244140625,1289.4000244140625,250,64.05750274658203,26555.13,26555.13,26503.64,26544.83,0.0013935473551460742,51.4900000000016,Gold,GC=F,₹/10g,Precious metal
2017-08-24,1286.5,1288.699951171875,1284.0,1288.699951171875,550,64.00499725341797,26518.96,26518.96,26422.24,26473.69,-0.002679994560146115,96.71999999999753,Gold,GC=F,₹/10g,Precious metal
2017-08-25,1292.5,1292.699951171875,1280.300048828125,1285.4000244140625,280,64.03500366210938,26463.45,26613.74,26358.45,26609.62,0.005134531680321075,255.29000000000087,Gold,GC=F,₹/10g,Precious metal
2017-08-28,1309.699951171875,1311.300048828125,1293.5,1293.5,145,63.99549865722656,26613.78,26980.02,26613.78,26947.1,0.012682631319049342,366.2400000000016,Gold,GC=F,₹/10g,Precious metal
2017-08-29,1313.0999755859375,1323.800048828125,1313.0999755859375,1318.800048828125,1178,63.78929901123047,27046.9,27149.45,26930.0,26930.0,-0.0006345766334781011,219.45000000000073,Gold,GC=F,₹/10g,Precious metal
2017-08-30,1308.0999755859375,1312.5,1304.9000244140625,1308.199951171875,1178,63.98680114746094,26912.58,27001.04,26844.69,26910.52,-0.0007233568510953692,156.35000000000218,Gold,GC=F,₹/10g,Precious metal
2017-08-31,1316.199951171875,1322.300048828125,1301.699951171875,1306.5999755859375,373,63.976200103759766,26875.21,27198.14,26774.42,27072.67,0.00602552459038308,423.72000000000116,Gold,GC=F,₹/10g,Precious metal
2017-09-01,1324.5,1327.699951171875,1316.9000244140625,1320.199951171875,313,63.91189956665039,27127.65,27281.76,27059.84,27216.01,0.005294638467502555,221.91999999999825,Gold,GC=F,₹/10g,Precious metal
2017-09-05,1339.199951171875,1339.199951171875,1328.5999755859375,1335.199951171875,39,64.02629852294922,27484.98,27567.32,27349.12,27567.32,0.012908211012562232,218.20000000000073,Gold,GC=F,₹/10g,Precious metal
2017-09-06,1333.9000244140625,1340.300048828125,1332.5999755859375,1340.0,20,64.0999984741211,27615.54,27621.72,27463.04,27489.83,-0.002810937008022485,158.6800000000003,Gold,GC=F,₹/10g,Precious metal
2017-09-07,1345.0999755859375,1349.0,1336.4000244140625,1336.4000244140625,26,64.0154037475586,27505.0,27764.33,27505.0,27684.06,0.007065522049426898,259.33000000000175,Gold,GC=F,₹/10g,Precious metal
2017-09-08,1346.0,1355.800048828125,1345.5999755859375,1351.0,37,63.95009994506836,27777.13,27875.82,27666.1,27674.32,-0.0003518270080328234,209.72000000000116,Gold,GC=F,₹/10g,Precious metal
2017-09-11,1331.0,1331.0,1327.300048828125,1331.0,9,63.930999755859375,27357.74,27357.74,27281.69,27357.74,-0.011439486137328703,76.05000000000291,Gold,GC=F,₹/10g,Precious metal
2017-09-12,1328.0,1328.0,1325.199951171875,1327.0,15,63.97999954223633,27296.43,27317.0,27259.41,27317.0,-0.0014891580956614137,57.590000000000146,Gold,GC=F,₹/10g,Precious metal
2017-09-13,1323.4000244140625,1323.4000244140625,1323.4000244140625,1323.4000244140625,16,63.98759841918945,27225.61,27225.61,27225.61,27225.61,-0.003345535746970718,0.0,Gold,GC=F,₹/10g,Precious metal
2017-09-14,1324.699951171875,1329.300048828125,1319.5999755859375,1319.5999755859375,316,64.11509704589844,27201.53,27401.48,27201.53,27306.66,0.00297697645709305,199.95000000000073,Gold,GC=F,₹/10g,Precious metal
2017-09-15,1320.4000244140625,1321.199951171875,1319.800048828125,1320.5999755859375,15,64.15499877929688,27239.09,27251.46,27222.59,27234.96,-0.00262573306292313,28.86999999999898,Gold,GC=F,₹/10g,Precious metal
2017-09-18,1306.300048828125,1310.4000244140625,1306.0,1309.800048828125,129,64.12020111083984,27001.67,27014.04,26923.33,26929.52,-0.011214997194781917,90.70999999999913,Gold,GC=F,₹/10g,Precious metal
2017-09-19,1306.199951171875,1310.300048828125,1305.0999755859375,1307.9000244140625,20,64.2146987915039,27002.24,27051.79,26944.43,26967.14,0.0013969799684510065,107.36000000000058,Gold,GC=F,₹/10g,Precious metal
2017-09-20,1312.0,1312.0,1298.699951171875,1312.0,12,64.29869842529297,27122.31,27122.31,26847.37,27122.31,0.005754039916728404,274.9400000000023,Gold,GC=F,₹/10g,Precious metal
2017-09-21,1290.5999755859375,1304.0999755859375,1290.300048828125,1299.0999755859375,336,64.28369903564453,26849.37,26952.71,26667.5,26673.7,-0.016540257817272974,285.2099999999991,Gold,GC=F,₹/10g,Precious metal
2017-09-22,1293.300048828125,1295.699951171875,1293.300048828125,1295.0,209,64.80229949951172,26980.56,26995.14,26945.14,26945.14,0.010176315996655916,50.0,Gold,GC=F,₹/10g,Precious metal
2017-09-25,1306.800048828125,1309.199951171875,1291.0,1293.0999755859375,51,64.89099884033203,26977.85,27313.74,26934.04,27263.67,0.011821426795332934,379.7000000000007,Gold,GC=F,₹/10g,Precious metal
2017-09-26,1297.0,1305.5999755859375,1297.0,1304.5,39,65.26509857177734,27372.59,27395.67,27215.21,27215.21,-0.0017774569601231027,180.45999999999913,Gold,GC=F,₹/10g,Precious metal
2017-09-27,1283.4000244140625,1283.4000244140625,1283.4000244140625,1283.4000244140625,19488,65.3499984741211,26964.87,26964.87,26964.87,26964.87,-0.00919853273224791,0.0,Gold,GC=F,₹/10g,Precious metal
2017-09-28,1285.5,1288.0,1277.0,1283.0999755859375,5226,65.5250015258789,27030.76,27133.99,26902.25,27081.32,0.004318581917880593,231.7400000000016,Gold,GC=F,₹/10g,Precious metal
2017-09-29,1281.5,1289.4000244140625,1281.5,1284.199951171875,492,65.36000061035156,26985.81,27095.08,26929.07,26929.07,-0.005621956389127214,166.01000000000204,Gold,GC=F,₹/10g,Precious metal
2017-10-02,1272.699951171875,1276.0999755859375,1270.4000244140625,1275.0,136,65.29329681396484,26765.14,26788.23,26668.58,26716.86,-0.007880331552482134,119.64999999999782,Gold,GC=F,₹/10g,Precious metal
2017-10-03,1271.5,1273.300048828125,1268.5999755859375,1269.699951171875,192,65.57170104980469,26767.53,26843.43,26744.34,26805.48,0.0033170065643941538,99.09000000000015,Gold,GC=F,₹/10g,Precious metal
2017-10-04,1273.699951171875,1280.800048828125,1270.0,1273.800048828125,218,65.44309997558594,26801.3,26948.58,26721.35,26799.19,-0.00023465351114770883,227.2300000000032,Gold,GC=F,₹/10g,Precious metal
2017-10-05,1269.9000244140625,1277.800048828125,1267.5999755859375,1277.800048828125,36,65.01950073242188,26711.44,26711.44,26498.21,26546.29,-0.0094368523824786,213.22999999999956,Gold,GC=F,₹/10g,Precious metal
2017-10-06,1271.5999755859375,1272.0,1260.5,1267.5999755859375,46,65.20999908447266,26575.85,26668.1,26426.99,26659.71,0.00427253676502426,241.10999999999694,Gold,GC=F,₹/10g,Precious metal
2017-10-09,1281.800048828125,1284.0,1279.0,1280.5999755859375,19,65.41419982910156,26932.47,27003.98,26898.83,26957.71,0.011177916038846547,105.14999999999782,Gold,GC=F,₹/10g,Precious metal
2017-10-10,1290.5999755859375,1293.0,1281.699951171875,1282.5999755859375,18,65.41459655761719,26974.7,27193.43,26955.77,27142.95,0.006871503551303171,237.65999999999985,Gold,GC=F,₹/10g,Precious metal
2017-10-11,1285.800048828125,1292.0,1284.9000244140625,1287.300048828125,21,65.23889923095703,27000.83,27099.41,26950.49,26969.37,-0.006395030753842179,148.91999999999825,Gold,GC=F,₹/10g,Precious metal
2017-10-12,1293.300048828125,1294.5,1289.300048828125,1291.5,14,65.20539855957031,27075.01,27137.91,27028.89,27112.75,0.005316401532553527,109.02000000000044,Gold,GC=F,₹/10g,Precious metal
2017-10-13,1301.5,1301.699951171875,1291.699951171875,1293.300048828125,74,65.0459976196289,27046.47,27222.14,27013.01,27217.95,0.0038800933140312743,209.13000000000102,Gold,GC=F,₹/10g,Precious metal
2017-10-16,1299.9000244140625,1303.800048828125,1291.9000244140625,1302.0,173,64.6729965209961,27072.27,27109.7,26862.26,27028.61,-0.0069564386737428485,247.44000000000233,Gold,GC=F,₹/10g,Precious metal
2017-10-17,1283.0,1295.0999755859375,1283.0,1295.0999755859375,571,64.6946029663086,26937.8,26937.8,26686.12,26686.12,-0.01267138783681443,251.6800000000003,Gold,GC=F,₹/10g,Precious metal
2017-10-18,1279.9000244140625,1279.9000244140625,1279.9000244140625,1279.9000244140625,163,64.92870330810547,26717.97,26717.97,26717.97,26717.97,0.0011935043385851163,0.0,Gold,GC=F,₹/10g,Precious metal
2017-10-19,1286.9000244140625,1286.9000244140625,1285.0999755859375,1286.4000244140625,134,65.04010009765625,26899.73,26910.19,26872.55,26910.19,0.007194408856660894,37.63999999999942,Gold,GC=F,₹/10g,Precious metal
2017-10-20,1277.4000244140625,1279.5999755859375,1277.4000244140625,1279.5999755859375,304,64.90460205078125,26701.79,26701.79,26655.89,26655.89,-0.009449951858385264,45.900000000001455,Gold,GC=F,₹/10g,Precious metal
2017-10-23,1277.699951171875,1280.800048828125,1271.5,1274.699951171875,115,65.1041030883789,26681.31,26808.99,26614.33,26744.1,0.003309212335435019,194.65999999999985,Gold,GC=F,₹/10g,Precious metal
2017-10-24,1275.0,1275.5,1273.699951171875,1275.5,111,65.03489685058594,26669.67,26669.67,26632.03,26659.22,-0.0031737841243488774,37.63999999999942,Gold,GC=F,₹/10g,Precious metal
2017-10-25,1275.4000244140625,1275.4000244140625,1269.9000244140625,1269.9000244140625,105,65.07949829101562,26570.79,26685.87,26570.79,26685.87,0.0009996541534222914,115.07999999999811,Gold,GC=F,₹/10g,Precious metal
2017-10-26,1266.300048828125,1273.5,1264.699951171875,1273.5,39,64.83999633789062,26548.05,26548.05,26364.6,26397.96,-0.010788855675306852,183.45000000000073,Gold,GC=F,₹/10g,Precious metal
2017-10-27,1268.5,1268.5,1267.0999755859375,1268.4000244140625,567,64.5999984741211,26343.86,26345.94,26316.86,26345.94,-0.001970606819617915,29.07999999999811,Gold,GC=F,₹/10g,Precious metal
2017-10-30,1274.0999755859375,1274.0999755859375,1267.9000244140625,1270.0,222,64.87339782714844,26488.73,26574.24,26444.93,26574.24,0.008665471795654467,129.3100000000013,Gold,GC=F,₹/10g,Precious metal
2017-10-31,1267.0,1274.5999755859375,1266.0999755859375,1273.0999755859375,235,64.84239959716797,26540.7,26571.97,26394.77,26413.53,-0.00604758593284338,177.20000000000073,Gold,GC=F,₹/10g,Precious metal
2017-11-01,1274.0999755859375,1274.800048828125,1270.300048828125,1272.199951171875,78,64.67009735107422,26451.46,26505.52,26411.96,26490.96,0.0029314521762142665,93.56000000000131,Gold,GC=F,₹/10g,Precious metal
2017-11-02,1274.9000244140625,1274.9000244140625,1274.9000244140625,1274.9000244140625,70,64.55509948730469,26460.46,26460.46,26460.46,26460.46,-0.0011513361539181588,0.0,Gold,GC=F,₹/10g,Precious metal
2017-11-03,1266.5,1267.9000244140625,1265.300048828125,1265.300048828125,75,64.50050354003906,26239.01,26292.92,26239.01,26263.89,-0.0074288202094747735,53.909999999999854,Gold,GC=F,₹/10g,Precious metal
2017-11-06,1279.4000244140625,1280.5,1269.0,1269.0,128,64.69339752197266,26394.43,26633.63,26394.43,26610.75,0.013206726040963401,239.20000000000073,Gold,GC=F,₹/10g,Precious metal
2017-11-07,1273.699951171875,1276.800048828125,1270.4000244140625,1276.800048828125,11,64.59089660644531,26514.59,26514.59,26381.69,26450.21,-0.006032900237685879,132.90000000000146,Gold,GC=F,₹/10g,Precious metal
2017-11-08,1281.5999755859375,1284.9000244140625,1274.699951171875,1275.9000244140625,15,65.16449737548828,26731.2,26919.76,26706.06,26850.62,0.015138254100818038,213.6999999999971,Gold,GC=F,₹/10g,Precious metal
2017-11-09,1285.5999755859375,1286.9000244140625,1279.699951171875,1279.699951171875,18,64.9104995727539,26706.31,26856.57,26706.31,26829.44,-0.0007888086010676698,150.2599999999984,Gold,GC=F,₹/10g,Precious metal
2017-11-10,1272.4000244140625,1283.5,1272.4000244140625,1283.5,10,64.96800231933594,26809.34,26809.34,26577.49,26577.49,-0.009390803535220926,231.84999999999854,Gold,GC=F,₹/10g,Precious metal
2017-11-13,1277.300048828125,1277.300048828125,1277.0,1277.300048828125,3,65.1603012084961,26758.81,26758.81,26752.52,26758.81,0.00682231467305594,6.290000000000873,Gold,GC=F,₹/10g,Precious metal
2017-11-14,1281.5,1281.5,1276.9000244140625,1276.9000244140625,4,65.43840026855469,26864.6,26961.37,26864.6,26961.37,0.007569843352525751,96.77000000000044,Gold,GC=F,₹/10g,Precious metal
2017-11-15,1276.5,1284.699951171875,1275.9000244140625,1281.4000244140625,13,65.41339874267578,26948.97,27018.37,26833.3,26845.92,-0.004282052432795558,185.0699999999997,Gold,GC=F,₹/10g,Precious metal
2017-11-16,1277.4000244140625,1277.5,1277.4000244140625,1277.5,43,65.41339874267578,26866.95,26866.95,26864.85,26864.85,0.0007051350819788915,2.100000000002183,Gold,GC=F,₹/10g,Precious metal
2017-11-17,1295.800048828125,1295.800048828125,1288.300048828125,1288.300048828125,1,65.20999908447266,27009.84,27167.08,27009.84,27167.08,0.011250016285220488,157.2400000000016,Gold,GC=F,₹/10g,Precious metal
2017-11-20,1274.5999755859375,1275.9000244140625,1274.5999755859375,1274.5999755859375,1,64.90499877929688,26597.62,26624.75,26597.62,26597.62,-0.020961398869514203,27.13000000000102,Gold,GC=F,₹/10g,Precious metal
2017-11-21,1281.0999755859375,1281.0999755859375,1281.0999755859375,1281.0999755859375,4,65.0250015258789,26782.69,26782.69,26782.69,26782.69,0.006958141367535919,0.0,Gold,GC=F,₹/10g,Precious metal
2017-11-22,1291.5999755859375,1291.5999755859375,1282.9000244140625,1284.699951171875,4,64.76129913330078,26749.03,26892.69,26711.55,26892.69,0.004107130389068514,181.13999999999942,Gold,GC=F,₹/10g,Precious metal
2017-11-24,1286.699951171875,1286.699951171875,1286.699951171875,1286.699951171875,0,64.57939910888672,26715.42,26715.42,26715.42,26715.42,-0.006591754116081372,0.0,Gold,GC=F,₹/10g,Precious metal
2017-11-27,1293.800048828125,1293.800048828125,1293.800048828125,1293.800048828125,1,64.54499816894531,26848.53,26848.53,26848.53,26848.53,0.004982515715642899,0.0,Gold,GC=F,₹/10g,Precious metal
2017-11-28,1294.699951171875,1294.699951171875,1294.699951171875,1294.699951171875,275442,64.43389892578125,26820.96,26820.96,26820.96,26820.96,-0.0010268718622583606,0.0,Gold,GC=F,₹/10g,Precious metal
2017-11-29,1282.0999755859375,1296.199951171875,1281.0999755859375,1293.4000244140625,47244,64.47000122070312,26809.04,26867.08,26554.09,26574.82,-0.009177151004289175,312.9900000000016,Gold,GC=F,₹/10g,Precious metal
2017-11-30,1273.199951171875,1284.5,1269.699951171875,1283.0999755859375,3049,64.41480255126953,26572.78,26601.77,26295.26,26367.75,-0.007791962466725977,306.51000000000204,Gold,GC=F,₹/10g,Precious metal
2017-12-01,1278.800048828125,1288.5999755859375,1271.0,1274.0999755859375,823,64.49939727783203,26421.04,26721.73,26356.76,26518.51,0.005717590617326129,364.97000000000116,Gold,GC=F,₹/10g,Precious metal
2017-12-04,1274.300048828125,1276.0999755859375,1270.300048828125,1272.5,850,64.50900268554688,26391.79,26466.45,26346.16,26429.12,-0.0033708530381231228,120.29000000000087,Gold,GC=F,₹/10g,Precious metal
2017-12-05,1261.5999755859375,1275.800048828125,1260.0,1275.4000244140625,1499,64.35140228271484,26387.31,26395.59,26068.7,26101.8,-0.012384824012301565,326.8899999999994,Gold,GC=F,₹/10g,Precious metal
2017-12-06,1262.800048828125,1267.800048828125,1261.5999755859375,1264.9000244140625,373,64.35690307617188,26172.31,26232.32,26104.03,26128.86,0.0010367101119463928,128.29000000000087,Gold,GC=F,₹/10g,Precious metal
2017-12-07,1249.800048828125,1262.4000244140625,1243.9000244140625,1262.300048828125,358,64.51519775390625,26182.76,26184.83,25801.1,25923.48,-0.00786027404180667,383.7300000000032,Gold,GC=F,₹/10g,Precious metal
2017-12-08,1245.199951171875,1249.300048828125,1241.5,1246.300048828125,157,64.54239654541016,25861.78,25924.03,25762.18,25838.95,-0.003260750485660102,161.84999999999854,Gold,GC=F,₹/10g,Precious metal
2017-12-11,1243.699951171875,1249.199951171875,1239.9000244140625,1248.4000244140625,146,64.4729995727539,25877.5,25894.09,25701.31,25780.08,-0.002278343353735335,192.77999999999884,Gold,GC=F,₹/10g,Precious metal
2017-12-12,1238.5,1244.4000244140625,1236.5,1241.300048828125,692,64.3499984741211,25681.24,25745.38,25581.94,25623.31,-0.006081051726759545,163.44000000000233,Gold,GC=F,₹/10g,Precious metal
2017-12-13,1245.4000244140625,1254.5,1239.800048828125,1241.9000244140625,349,64.55000305175781,25773.51,26035.01,25729.93,25846.15,0.008696768684451683,305.0799999999981,Gold,GC=F,₹/10g,Precious metal
2017-12-14,1253.800048828125,1257.699951171875,1250.300048828125,1252.9000244140625,139,64.31999969482422,25909.15,26008.41,25855.39,25927.76,0.0031575302317752296,153.02000000000044,Gold,GC=F,₹/10g,Precious metal
2017-12-15,1254.300048828125,1260.300048828125,1253.0999755859375,1253.0999755859375,578,64.2750015258789,25895.16,26043.95,25895.16,25919.96,-0.00030083586086881997,148.79000000000087,Gold,GC=F,₹/10g,Precious metal
2017-12-18,1262.199951171875,1262.4000244140625,1255.699951171875,1256.199951171875,45,64.07230377197266,25877.35,26005.07,25867.05,26000.95,0.0031246190194738066,138.02000000000044,Gold,GC=F,₹/10g,Precious metal
2017-12-19,1260.699951171875,1264.300048828125,1259.5,1261.0999755859375,329,64.20010375976562,26030.11,26096.16,25997.08,26021.85,0.000803816783617517,99.07999999999811,Gold,GC=F,₹/10g,Precious metal
2017-12-20,1266.0999755859375,1266.5999755859375,1261.300048828125,1261.300048828125,63,64.04759979248047,25972.4,26081.53,25972.4,26071.23,0.001897636025109728,109.12999999999738,Gold,GC=F,₹/10g,Precious metal
2017-12-21,1267.300048828125,1267.4000244140625,1264.300048828125,1266.4000244140625,226,63.96500015258789,26043.78,26064.35,26000.6,26062.29,-0.0003429067213168713,63.75,Gold,GC=F,₹/10g,Precious metal
2017-12-22,1275.4000244140625,1276.300048828125,1266.300048828125,1266.300048828125,119,64.00969696044922,26059.92,26265.72,26059.92,26247.2,0.007094925273258834,205.8000000000029,Gold,GC=F,₹/10g,Precious metal
2017-12-26,1284.0999755859375,1284.0999755859375,1281.800048828125,1282.4000244140625,84,64.010498046875,26391.58,26426.57,26379.24,26426.57,0.006833871803468616,47.32999999999811,Gold,GC=F,₹/10g,Precious metal
2017-12-27,1287.0,1287.0,1284.0,1284.0,456,64.0281982421875,26431.82,26493.58,26431.82,26493.58,0.0025357055418089303,61.76000000000204,Gold,GC=F,₹/10g,Precious metal
2017-12-28,1294.0999755859375,1294.0999755859375,1288.199951171875,1288.199951171875,245,64.11499786376953,26554.23,26675.85,26554.23,26675.85,0.006879779931590946,121.61999999999898,Gold,GC=F,₹/10g,Precious metal
2017-12-29,1306.300048828125,1306.300048828125,1294.0,1294.199951171875,65,64.06199645996094,26655.85,26905.07,26651.73,26905.07,0.008592790857648414,253.34000000000015,Gold,GC=F,₹/10g,Precious metal
2018-01-02,1313.699951171875,1317.5999755859375,1302.300048828125,1302.300048828125,68,63.86759948730469,26741.29,27055.46,26741.29,26975.38,0.002613262110078285,314.16999999999825,Gold,GC=F,₹/10g,Precious metal
2018-01-03,1316.199951171875,1320.0999755859375,1312.0999755859375,1320.0,42,63.459999084472656,26931.76,26933.8,26770.58,26854.23,-0.004491132284327515,163.21999999999753,Gold,GC=F,₹/10g,Precious metal
2018-01-04,1319.4000244140625,1322.0,1319.4000244140625,1319.4000244140625,2,63.41910171508789,26902.17,26955.18,26902.17,26902.17,0.0017851936175417027,53.01000000000204,Gold,GC=F,₹/10g,Precious metal
2018-01-05,1320.300048828125,1320.300048828125,1320.300048828125,1320.300048828125,1,63.36959838867188,26899.51,26899.51,26899.51,26899.51,-9.887678205888761e-05,0.0,Gold,GC=F,₹/10g,Precious metal
2018-01-08,1318.5999755859375,1319.9000244140625,1314.5999755859375,1319.9000244140625,41,63.26499938964844,26846.97,26846.97,26739.17,26820.53,-0.002936112962652504,107.80000000000291,Gold,GC=F,₹/10g,Precious metal
2018-01-09,1311.699951171875,1311.699951171875,1309.5999755859375,1309.5999755859375,16,63.45199966430664,26716.2,26759.04,26716.2,26759.04,-0.0022926467150350405,42.840000000000146,Gold,GC=F,₹/10g,Precious metal
2018-01-10,1317.4000244140625,1320.699951171875,1315.300048828125,1320.300048828125,70,63.63610076904297,27012.63,27020.82,26910.34,26953.3,0.007259602736122028,110.47999999999956,Gold,GC=F,₹/10g,Precious metal
2018-01-11,1320.5999755859375,1320.5999755859375,1316.300048828125,1317.0999755859375,9,63.7599983215332,26999.63,27071.38,26983.23,27071.38,0.004380910686261119,88.15000000000146,Gold,GC=F,₹/10g,Precious metal
2018-01-12,1333.4000244140625,1338.199951171875,1327.800048828125,1327.800048828125,14,63.67210006713867,27181.45,27394.35,27181.45,27296.09,0.008300648138366062,212.89999999999782,Gold,GC=F,₹/10g,Precious metal
2018-01-16,1335.4000244140625,1335.4000244140625,1331.0,1331.0999755859375,13,63.52119827270508,27184.42,27272.24,27182.38,27272.24,-0.0008737515153268705,89.86000000000058,Gold,GC=F,₹/10g,Precious metal
2018-01-17,1338.0,1338.0,1326.800048828125,1334.4000244140625,27,63.99430084228516,27454.79,27528.86,27298.42,27528.86,0.009409568117616951,230.44000000000233,Gold,GC=F,₹/10g,Precious metal
2018-01-18,1326.0,1328.9000244140625,1326.0,1328.9000244140625,211,63.82500076293945,27269.29,27269.29,27209.78,27209.78,-0.011590745130746538,59.51000000000204,Gold,GC=F,₹/10g,Precious metal
2018-01-19,1331.9000244140625,1333.0,1330.0999755859375,1330.0999755859375,50,63.86759948730469,27312.13,27371.68,27312.13,27349.09,0.005119850289124095,59.54999999999927,Gold,GC=F,₹/10g,Precious metal
2018-01-22,1330.9000244140625,1330.9000244140625,1328.4000244140625,1328.4000244140625,162,63.83209991455078,27262.06,27313.37,27262.06,27313.37,-0.0013060763630526884,51.30999999999767,Gold,GC=F,₹/10g,Precious metal
2018-01-23,1335.699951171875,1335.9000244140625,1335.699951171875,1335.800048828125,47,63.88010025024414,27434.55,27436.6,27432.49,27432.49,0.004361234076937448,4.109999999996944,Gold,GC=F,₹/10g,Precious metal
2018-01-24,1355.9000244140625,1357.199951171875,1355.9000244140625,1355.9000244140625,18,63.7504997253418,27790.86,27817.5,27790.86,27790.86,0.013063706575669798,26.639999999999418,Gold,GC=F,₹/10g,Precious metal
2018-01-25,1362.4000244140625,1362.4000244140625,1346.699951171875,1356.300048828125,4,63.57789993286133,27723.8,27848.48,27527.56,27848.48,0.0020733435381272702,320.91999999999825,Gold,GC=F,₹/10g,Precious metal
2018-01-26,1351.5999755859375,1352.0,1350.9000244140625,1351.5999755859375,280546,63.57310104370117,27625.64,27633.81,27611.33,27625.64,-0.008001872992709158,22.479999999999563,Gold,GC=F,₹/10g,Precious metal
2018-01-30,1335.4000244140625,1347.800048828125,1332.800048828125,1338.699951171875,52100,63.66939926147461,27403.42,27589.7,27282.65,27335.87,-0.010489168757719325,307.0499999999993,Gold,GC=F,₹/10g,Precious metal
2018-01-31,1339.0,1346.9000244140625,1331.800048828125,1337.5,4881,63.769901275634766,27422.07,27614.8,27305.21,27452.83,0.0042786273127579655,309.59000000000015,Gold,GC=F,₹/10g,Precious metal
2018-02-01,1344.300048828125,1350.5999755859375,1336.800048828125,1343.800048828125,1680,63.665000915527344,27505.92,27645.1,27362.64,27516.15,0.002306501734065325,282.4599999999991,Gold,GC=F,₹/10g,Precious metal
2018-02-02,1333.699951171875,1352.0999755859375,1327.699951171875,1348.5,2841,63.97499847412109,27736.52,27810.57,27308.7,27432.11,-0.003054206347908428,501.869999999999,Gold,GC=F,₹/10g,Precious metal
2018-02-05,1333.0,1340.199951171875,1329.0,1331.0999755859375,641,64.13249969482422,27446.03,27633.67,27402.73,27485.21,0.001935687776113415,230.9399999999987,Gold,GC=F,₹/10g,Precious metal
2018-02-06,1326.0999755859375,1343.699951171875,1319.5,1338.199951171875,529,64.314697265625,27670.82,27784.54,27284.15,27420.62,-0.0023499911406899,500.3899999999994,Gold,GC=F,₹/10g,Precious metal
2018-02-07,1311.5999755859375,1331.0999755859375,1310.5,1325.4000244140625,491,63.97999954223633,27263.52,27380.77,26957.03,26979.65,-0.01608169326587061,423.7400000000016,Gold,GC=F,₹/10g,Precious metal
2018-02-08,1316.9000244140625,1321.0999755859375,1307.0,1317.0999755859375,459,64.19999694824219,27185.95,27268.51,26977.48,27181.82,0.007493425600406223,291.02999999999884,Gold,GC=F,₹/10g,Precious metal
2018-02-09,1313.0999755859375,1322.0,1311.9000244140625,1320.9000244140625,451,64.44049835205078,27366.52,27389.31,27180.06,27204.92,0.0008498327190746835,209.25,Gold,GC=F,₹/10g,Precious metal
2018-02-12,1324.199951171875,1325.5,1318.0,1323.800048828125,140,64.2113037109375,27329.06,27364.15,27209.32,27337.31,0.004866399166033375,154.83000000000175,Gold,GC=F,₹/10g,Precious metal
2018-02-13,1328.0999755859375,1329.5999755859375,1323.4000244140625,1324.5,71,64.28350067138672,27374.25,27479.65,27351.52,27448.65,0.0040728220882011446,128.13000000000102,Gold,GC=F,₹/10g,Precious metal
2018-02-14,1355.5,1355.5,1324.0,1332.800048828125,400,64.2500991821289,27531.48,28000.39,27349.7,28000.39,0.020100806414887318,650.6899999999987,Gold,GC=F,₹/10g,Precious metal
2018-02-15,1352.0999755859375,1355.9000244140625,1349.699951171875,1352.0,111,64.02519989013672,27830.33,27910.61,27782.99,27832.39,-0.005999916429735408,127.61999999999898,Gold,GC=F,₹/10g,Precious metal
2018-02-16,1353.199951171875,1361.4000244140625,1344.9000244140625,1354.0,110,63.890899658203125,27813.04,27965.04,27626.11,27796.6,-0.0012859118458745655,338.9300000000003,Gold,GC=F,₹/10g,Precious metal
2018-02-20,1328.800048828125,1350.199951171875,1328.5,1348.4000244140625,283,64.50499725341797,27964.23,28001.56,27551.53,27557.75,-0.008592777533942941,450.0300000000025,Gold,GC=F,₹/10g,Precious metal
2018-02-21,1330.0,1331.5,1324.4000244140625,1326.800048828125,119,64.86499786376953,27669.84,27767.85,27619.79,27736.57,0.006488918725222392,148.05999999999767,Gold,GC=F,₹/10g,Precious metal
2018-02-22,1330.5999755859375,1331.4000244140625,1322.0,1322.0,70,64.8949966430664,27582.49,27778.61,27582.49,27761.92,0.0009139558352022625,196.11999999999898,Gold,GC=F,₹/10g,Precious metal
2018-02-23,1328.199951171875,1332.0999755859375,1327.699951171875,1328.0,427,64.95140075683594,27731.75,27817.37,27725.49,27735.93,-0.0009361744432661023,91.87999999999738,Gold,GC=F,₹/10g,Precious metal
2018-02-26,1330.699951171875,1340.5,1330.699951171875,1335.0,652,64.7030029296875,27771.31,27885.73,27681.86,27681.86,-0.0019494568958026148,203.86999999999898,Gold,GC=F,₹/10g,Precious metal
2018-02-27,1315.5,1332.5999755859375,1312.699951171875,1331.699951171875,710,64.78040313720703,27735.8,27754.55,27340.08,27398.4,-0.010239918849383689,414.4699999999975,Gold,GC=F,₹/10g,Precious metal
2018-02-28,1315.5,1321.0,1315.4000244140625,1315.4000244140625,58,64.91000366210938,27451.13,27568.0,27451.13,27453.22,0.002000846764774522,116.86999999999898,Gold,GC=F,₹/10g,Precious metal
2018-03-01,1302.9000244140625,1318.0999755859375,1301.800048828125,1310.4000244140625,43,65.23999786376953,27485.81,27647.32,27305.43,27328.5,-0.004543000784607454,341.8899999999994,Gold,GC=F,₹/10g,Precious metal
2018-03-02,1321.0999755859375,1323.199951171875,1314.300048828125,1314.300048828125,155,65.1500015258789,27529.59,27716.01,27529.59,27672.02,0.012570027626836566,186.41999999999825,Gold,GC=F,₹/10g,Precious metal
2018-03-05,1318.0999755859375,1325.9000244140625,1318.0999755859375,1323.5,18,65.18669891357422,27737.91,27788.21,27624.73,27624.73,-0.0017089464375928953,163.47999999999956,Gold,GC=F,₹/10g,Precious metal
2018-03-06,1333.5999755859375,1333.5999755859375,1321.4000244140625,1321.5999755859375,18,65.00370025634766,27620.33,27871.12,27616.15,27871.12,0.00891918219653176,254.96999999999753,Gold,GC=F,₹/10g,Precious metal
2018-03-07,1326.0,1338.0999755859375,1326.0,1338.0999755859375,27,64.88999938964844,27916.25,27916.25,27663.81,27663.81,-0.007438165384096473,252.4399999999987,Gold,GC=F,₹/10g,Precious metal
2018-03-08,1319.9000244140625,1326.800048828125,1319.300048828125,1324.800048828125,62,64.89119720458984,27639.29,27681.01,27524.54,27537.06,-0.004581798385688729,156.46999999999753,Gold,GC=F,₹/10g,Precious metal
2018-03-09,1322.4000244140625,1322.4000244140625,1313.0,1316.800048828125,88,65.09040069580078,27556.72,27673.91,27477.2,27673.91,0.004969666333297651,196.70999999999913,Gold,GC=F,₹/10g,Precious metal
2018-03-12,1319.4000244140625,1319.4000244140625,1319.4000244140625,1319.4000244140625,0,64.96489715576172,27557.89,27557.89,27557.89,27557.89,-0.004192396376225815,0.0,Gold,GC=F,₹/10g,Precious metal
2018-03-13,1325.9000244140625,1325.9000244140625,1325.300048828125,1325.9000244140625,13,64.94550323486328,27685.39,27685.39,27672.86,27685.39,0.004626624171879534,12.529999999998836,Gold,GC=F,₹/10g,Precious metal
2018-03-14,1324.4000244140625,1324.4000244140625,1322.199951171875,1322.199951171875,19,64.8281021118164,27558.22,27604.08,27558.22,27604.08,-0.0029369281054013596,45.86000000000058,Gold,GC=F,₹/10g,Precious metal
2018-03-15,1316.800048828125,1316.800048828125,1316.800048828125,1316.800048828125,0,64.83679962158203,27449.35,27449.35,27449.35,27449.35,-0.005605330806170761,0.0,Gold,GC=F,₹/10g,Precious metal
2018-03-16,1311.300048828125,1311.300048828125,1310.0999755859375,1310.0999755859375,34,65.01439666748047,27384.49,27409.58,27384.49,27409.58,-0.0014488503370753136,25.090000000000146,Gold,GC=F,₹/10g,Precious metal
2018-03-19,1316.800048828125,1316.9000244140625,1307.300048828125,1309.4000244140625,6,65.06500244140625,27391.17,27548.06,27347.24,27545.97,0.0049759974432297405,200.8199999999997,Gold,GC=F,₹/10g,Precious metal
2018-03-20,1311.0999755859375,1311.0999755859375,1311.0999755859375,1311.0999755859375,4,65.21009826660156,27487.89,27487.89,27487.89,27487.89,-0.0021084753958565683,0.0,Gold,GC=F,₹/10g,Precious metal
2018-03-21,1320.699951171875,1328.800048828125,1312.4000244140625,1312.4000244140625,34,65.2323989868164,27524.56,27868.51,27524.56,27698.63,0.007666648840634949,343.9499999999971,Gold,GC=F,₹/10g,Precious metal
2018-03-22,1326.5999755859375,1326.5999755859375,1326.5999755859375,1326.5999755859375,0,65.06559753417969,27751.22,27751.22,27751.22,27751.22,0.0018986498610220615,0.0,Gold,GC=F,₹/10g,Precious metal
2018-03-23,1349.300048828125,1349.300048828125,1343.199951171875,1343.199951171875,8,65.16000366210938,28139.25,28267.04,28139.25,28267.04,0.018587290937119194,127.79000000000087,Gold,GC=F,₹/10g,Precious metal
2018-03-26,1354.4000244140625,1354.4000244140625,1345.0999755859375,1348.5,10,65.01499938964844,28187.42,28310.74,28116.35,28310.74,0.0015459701475641907,194.39000000000306,Gold,GC=F,₹/10g,Precious metal
2018-03-27,1341.300048828125,1341.300048828125,1341.0,1341.0,290889,64.69499969482422,27892.68,27898.92,27892.68,27898.92,-0.014546423018261034,6.239999999997963,Gold,GC=F,₹/10g,Precious metal
2018-03-28,1324.199951171875,1346.4000244140625,1322.4000244140625,1345.0,59284,64.89550018310547,28062.58,28091.79,27591.05,27628.6,-0.009689263957171068,500.7400000000016,Gold,GC=F,₹/10g,Precious metal
2018-03-29,1322.800048828125,1327.0999755859375,1321.699951171875,1324.0,5585,65.14920043945312,27732.42,27797.35,27684.25,27707.29,0.0028481356275744663,113.09999999999854,Gold,GC=F,₹/10g,Precious metal
2018-04-02,1342.0999755859375,1344.199951171875,1324.699951171875,1327.0,649,65.10549926757812,27776.62,28136.64,27728.47,28092.69,0.01390969668993236,408.16999999999825,Gold,GC=F,₹/10g,Precious metal
2018-04-03,1332.800048828125,1341.5,1328.5,1340.4000244140625,702,65.13999938964844,28071.97,28095.01,27822.75,27912.81,-0.006403089202208778,272.2599999999984,Gold,GC=F,₹/10g,Precious metal
2018-04-04,1335.800048828125,1347.300048828125,1331.5999755859375,1331.800048828125,718,64.90499877929688,27791.24,28114.68,27787.06,27874.71,-0.0013649646882560873,327.619999999999,Gold,GC=F,₹/10g,Precious metal
2018-04-05,1324.300048828125,1333.699951171875,1322.5999755859375,1333.5,258,64.99500274658203,27865.3,27869.48,27637.53,27673.05,-0.007234514726789931,231.95000000000073,Gold,GC=F,₹/10g,Precious metal
2018-04-06,1331.9000244140625,1333.0,1319.0,1326.5,348,64.86150360107422,27662.09,27797.64,27505.69,27774.7,0.003673248882938518,291.9500000000007,Gold,GC=F,₹/10g,Precious metal
2018-04-09,1336.300048828125,1337.5,1327.0,1333.0,290,64.90450286865234,27816.07,27909.97,27690.86,27884.93,0.003968719734146475,219.11000000000058,Gold,GC=F,₹/10g,Precious metal
2018-04-10,1342.0,1342.0,1333.0,1335.199951171875,105,64.87000274658203,27847.16,27988.99,27801.28,27988.99,0.003731764791950365,187.71000000000276,Gold,GC=F,₹/10g,Precious metal
2018-04-11,1356.5,1365.4000244140625,1340.0999755859375,1340.0999755859375,118,64.92530059814453,27973.18,28501.3,27973.18,28315.52,0.011666373098850658,528.119999999999,Gold,GC=F,₹/10g,Precious metal
2018-04-12,1338.4000244140625,1351.5,1334.5999755859375,1351.199951171875,34,65.19000244140625,28319.88,28326.17,27971.96,28051.6,-0.009320683497954563,354.2099999999991,Gold,GC=F,₹/10g,Precious metal
2018-04-13,1344.800048828125,1346.0,1335.9000244140625,1335.9000244140625,67,65.27570343017578,28036.01,28247.98,28036.01,28222.79,0.006102682199945919,211.97000000000116,Gold,GC=F,₹/10g,Precious metal
2018-04-16,1347.5,1348.800048828125,1341.0,1341.0,60,65.19560241699219,28108.51,28272.01,28108.51,28244.76,0.000778448906008089,163.5,Gold,GC=F,₹/10g,Precious metal
2018-04-17,1347.199951171875,1348.0999755859375,1339.0,1348.0,409,65.4292984008789,28356.52,28358.62,28167.19,28339.69,0.0033609773989937697,191.4300000000003,Gold,GC=F,₹/10g,Precious metal
2018-04-18,1351.199951171875,1354.199951171875,1343.5,1343.5,45,65.67500305175781,28367.99,28593.92,28367.99,28530.57,0.006735430062925873,225.92999999999665,Gold,GC=F,₹/10g,Precious metal
2018-04-19,1346.800048828125,1355.199951171875,1341.5999755859375,1348.5999755859375,387,66.01000213623047,28620.92,28760.99,28472.36,28582.72,0.0018278639368229932,288.630000000001,Gold,GC=F,₹/10g,Precious metal
2018-04-20,1336.699951171875,1343.4000244140625,1335.300048828125,1342.5,310,66.11479949951172,28536.7,28555.83,28383.65,28413.41,-0.005923509029231666,172.1800000000003,Gold,GC=F,₹/10g,Precious metal
2018-04-23,1322.5,1334.4000244140625,1322.5,1334.0,68,66.1968994140625,28391.23,28399.74,28146.48,28146.48,-0.009394507734200142,253.26000000000204,Gold,GC=F,₹/10g,Precious metal
2018-04-24,1331.4000244140625,1331.699951171875,1326.199951171875,1326.4000244140625,28,66.54499816894531,28377.93,28491.32,28373.65,28484.9,0.01202352834173226,117.66999999999825,Gold,GC=F,₹/10g,Precious metal
2018-04-25,1321.199951171875,1325.0,1320.0,1324.0,278,66.41410064697266,28270.86,28292.21,28185.45,28211.07,-0.009613163465555519,106.7599999999984,Gold,GC=F,₹/10g,Precious metal
2018-04-26,1316.300048828125,1316.300048828125,1315.699951171875,1315.699951171875,569,66.90769958496094,28302.43,28315.34,28302.43,28315.34,0.0036960668276673214,12.909999999999854,Gold,GC=F,₹/10g,Precious metal
2018-04-27,1320.300048828125,1321.699951171875,1312.800048828125,1315.300048828125,622,66.9000015258789,28290.57,28428.22,28236.8,28398.11,0.002923150490158344,191.4200000000019,Gold,GC=F,₹/10g,Precious metal
2018-04-30,1316.199951171875,1316.199951171875,1309.5999755859375,1309.5999755859375,49,66.61000061035156,28045.86,28187.21,28045.86,28187.21,-0.007426550569738621,141.34999999999854,Gold,GC=F,₹/10g,Precious metal
2018-05-01,1303.800048828125,1313.800048828125,1303.4000244140625,1313.199951171875,28,66.44999694824219,28055.41,28068.23,27846.04,27854.59,-0.011800387480704888,222.1899999999987,Gold,GC=F,₹/10g,Precious metal
2018-05-02,1302.5999755859375,1309.300048828125,1302.5999755859375,1309.0,23,66.7886962890625,28108.22,28114.66,27970.79,27970.79,0.004171664346881432,143.86999999999898,Gold,GC=F,₹/10g,Precious metal
2018-05-03,1310.699951171875,1310.699951171875,1310.699951171875,1310.699951171875,4,67.08000183105469,28267.48,28267.48,28267.48,28267.48,0.010607136945363305,0.0,Gold,GC=F,₹/10g,Precious metal
2018-05-04,1312.699951171875,1312.699951171875,1312.699951171875,1312.699951171875,0,66.66000366210938,28133.36,28133.36,28133.36,28133.36,-0.004744674799451509,0.0,Gold,GC=F,₹/10g,Precious metal
2018-05-07,1312.199951171875,1312.5,1310.199951171875,1310.5999755859375,4,66.81050109863281,28151.76,28192.58,28143.17,28186.13,0.0018757091225505285,49.41000000000349,Gold,GC=F,₹/10g,Precious metal
2018-05-08,1312.0,1312.0,1308.5,1310.0999755859375,337,67.1187973022461,28270.88,28311.88,28236.35,28311.88,0.004461414177824308,75.53000000000247,Gold,GC=F,₹/10g,Precious metal
2018-05-09,1311.300048828125,1311.300048828125,1311.300048828125,1311.300048828125,70,67.1624984741211,28315.2,28315.2,28315.2,28315.2,0.00011726526108479796,0.0,Gold,GC=F,₹/10g,Precious metal
2018-05-10,1320.800048828125,1320.800048828125,1312.199951171875,1312.199951171875,8,67.62000274658203,28527.65,28714.62,28527.65,28714.62,0.014106204441430625,186.96999999999753,Gold,GC=F,₹/10g,Precious metal
2018-05-11,1319.0,1319.0,1319.0,1319.0,3,67.38999938964844,28577.94,28577.94,28577.94,28577.94,-0.004759944585719711,0.0,Gold,GC=F,₹/10g,Precious metal
2018-05-14,1316.5,1319.9000244140625,1316.5,1319.9000244140625,4,67.3822021484375,28594.14,28594.14,28520.48,28520.48,-0.00201064177473953,73.65999999999985,Gold,GC=F,₹/10g,Precious metal
2018-05-15,1288.9000244140625,1304.699951171875,1288.9000244140625,1304.5999755859375,8,67.6780014038086,28386.75,28388.92,28045.13,28045.13,-0.016666970541870163,343.78999999999724,Gold,GC=F,₹/10g,Precious metal
2018-05-16,1290.199951171875,1294.0,1285.4000244140625,1290.9000244140625,26,68.45999908447266,28413.21,28481.44,28292.15,28397.8,0.012575088794382516,189.28999999999724,Gold,GC=F,₹/10g,Precious metal
2018-05-17,1288.199951171875,1291.300048828125,1288.199951171875,1291.300048828125,2,68.05999755859375,28255.94,28255.94,28188.11,28188.11,-0.007384022705984261,67.82999999999811,Gold,GC=F,₹/10g,Precious metal
2018-05-18,1290.199951171875,1290.199951171875,1285.199951171875,1285.199951171875,2,68.13999938964844,28155.52,28265.06,28155.52,28265.06,0.0027298744044919054,109.54000000000087,Gold,GC=F,₹/10g,Precious metal
2018-05-21,1290.199951171875,1292.0999755859375,1287.4000244140625,1287.4000244140625,52,67.9749984741211,28135.42,28238.14,28135.42,28196.61,-0.0024217178382073268,102.72000000000116,Gold,GC=F,₹/10g,Precious metal
2018-05-22,1291.699951171875,1291.699951171875,1291.699951171875,1291.699951171875,50,68.4000015258789,28405.9,28405.9,28405.9,28405.9,0.007422523487752741,0.0,Gold,GC=F,₹/10g,Precious metal
2018-05-23,1289.300048828125,1289.300048828125,1289.300048828125,1289.300048828125,10,68.43000030517578,28365.55,28365.55,28365.55,28365.55,-0.001420479548262965,0.0,Gold,GC=F,₹/10g,Precious metal
2018-05-24,1303.699951171875,1303.699951171875,1303.699951171875,1303.699951171875,0,68.6500015258789,28774.58,28774.58,28774.58,28774.58,0.01441995660228712,0.0,Gold,GC=F,₹/10g,Precious metal
2018-05-25,1303.300048828125,1303.300048828125,1303.300048828125,1303.300048828125,1,68.26010131835938,28602.37,28602.37,28602.37,28602.37,-0.005984796302847983,0.0,Gold,GC=F,₹/10g,Precious metal
2018-05-29,1298.699951171875,1298.699951171875,1298.699951171875,1298.699951171875,386334,67.40280151367188,28143.46,28143.46,28143.46,28143.46,-0.01604447463619274,0.0,Gold,GC=F,₹/10g,Precious metal
2018-05-30,1301.5,1303.699951171875,1295.199951171875,1298.0,50845,68.12999725341797,28431.76,28556.62,28370.43,28508.43,0.0129681993614148,186.1899999999987,Gold,GC=F,₹/10g,Precious metal
2018-05-31,1300.0999755859375,1306.800048828125,1296.5999755859375,1301.0,4082,67.43000030517578,28204.68,28330.42,28109.29,28185.17,-0.011339102153292924,221.12999999999738,Gold,GC=F,₹/10g,Precious metal
2018-06-01,1294.800048828125,1299.5,1288.9000244140625,1298.5999755859375,663,67.43499755859375,28154.74,28174.25,27944.43,28072.35,-0.0040028142459314076,229.8199999999997,Gold,GC=F,₹/10g,Precious metal
2018-06-04,1293.0999755859375,1297.0999755859375,1290.0,1293.9000244140625,144,66.92500305175781,27840.68,27909.53,27756.76,27823.47,-0.008865663188154849,152.77000000000044,Gold,GC=F,₹/10g,Precious metal
2018-06-05,1297.5,1299.800048828125,1289.9000244140625,1292.0999755859375,357,67.05999755859375,27858.03,28024.04,27810.6,27974.46,0.005426713490445323,213.44000000000233,Gold,GC=F,₹/10g,Precious metal
2018-06-06,1297.0999755859375,1300.4000244140625,1294.0999755859375,1296.0999755859375,373,67.08999633789062,27956.77,28049.52,27913.63,27978.34,0.000138697940907484,135.88999999999942,Gold,GC=F,₹/10g,Precious metal
2018-06-07,1298.699951171875,1302.800048828125,1296.199951171875,1298.4000244140625,79,66.8301010131836,27897.89,27992.43,27850.62,27904.34,-0.0026449031643764886,141.8100000000013,Gold,GC=F,₹/10g,Precious metal
2018-06-08,1298.0999755859375,1299.4000244140625,1294.800048828125,1295.300048828125,650,67.41000366210938,28072.78,28161.64,28061.95,28133.47,0.008211267494590446,99.68999999999869,Gold,GC=F,₹/10g,Precious metal
2018-06-11,1298.9000244140625,1302.0,1295.199951171875,1299.300048828125,71,67.51000213623047,28201.25,28259.85,28112.25,28192.56,0.00210034524713798,147.59999999999854,Gold,GC=F,₹/10g,Precious metal
2018-06-12,1295.0999755859375,1298.0999755859375,1292.699951171875,1297.800048828125,153,67.48999786376953,28160.34,28166.85,28049.68,28101.76,-0.003220707874701745,117.16999999999825,Gold,GC=F,₹/10g,Precious metal
2018-06-13,1296.9000244140625,1299.4000244140625,1290.9000244140625,1294.0,135,67.91000366210938,28252.62,28370.52,28184.94,28315.94,0.007621586690655713,185.58000000000175,Gold,GC=F,₹/10g,Precious metal
2018-06-14,1304.0,1307.699951171875,1297.199951171875,1297.199951171875,42,67.77999877929688,28268.27,28497.08,28268.27,28416.45,0.003549590795855595,228.8100000000013,Gold,GC=F,₹/10g,Precious metal
2018-06-15,1274.5999755859375,1307.699951171875,1274.0,1297.199951171875,589,68.12999725341797,28414.24,28644.23,27906.06,27919.2,-0.017498667145262714,738.1699999999983,Gold,GC=F,₹/10g,Precious metal
2018-06-18,1276.199951171875,1280.699951171875,1276.199951171875,1280.699951171875,35,68.05000305175781,28019.88,28019.88,27921.43,27921.43,7.987334880654728e-05,98.45000000000073,Gold,GC=F,₹/10g,Precious metal
2018-06-19,1275.5999755859375,1281.800048828125,1269.9000244140625,1278.699951171875,34,68.01000213623047,27959.68,28027.46,27767.26,27891.9,-0.0010576105879963604,260.2000000000007,Gold,GC=F,₹/10g,Precious metal
2018-06-20,1271.199951171875,1274.4000244140625,1271.199951171875,1274.4000244140625,7,68.05000305175781,27882.05,27882.05,27812.03,27812.03,-0.0028635553691216398,70.02000000000044,Gold,GC=F,₹/10g,Precious metal
2018-06-21,1267.199951171875,1268.9000244140625,1260.0,1262.699951171875,46,68.3499984741211,27747.85,27884.1,27688.52,27846.74,0.0012480210901542055,195.5799999999981,Gold,GC=F,₹/10g,Precious metal
2018-06-22,1267.4000244140625,1270.199951171875,1267.0,1268.0999755859375,74,67.83000183105469,27654.52,27700.31,27630.53,27639.25,-0.007451141498071245,69.78000000000247,Gold,GC=F,₹/10g,Precious metal
2018-06-25,1265.5999755859375,1271.199951171875,1265.5999755859375,1270.5999755859375,37,67.85489654541016,27719.21,27732.29,27610.13,27610.13,-0.0010535741744077676,122.15999999999985,Gold,GC=F,₹/10g,Precious metal
2018-06-26,1256.5999755859375,1267.199951171875,1256.5999755859375,1267.199951171875,89,68.33999633789062,27842.67,27842.67,27609.77,27609.77,-1.3038692682765252e-05,232.89999999999782,Gold,GC=F,₹/10g,Precious metal
2018-06-27,1252.800048828125,1255.5,1252.300048828125,1255.5,1162,68.36499786376953,27595.69,27595.69,27525.36,27536.35,-0.002659203607998206,70.32999999999811,Gold,GC=F,₹/10g,Precious metal
2018-06-28,1247.800048828125,1251.699951171875,1244.800048828125,1251.699951171875,378,69.23999786376953,27864.29,27864.29,27710.69,27777.48,0.008756788753774503,153.60000000000218,Gold,GC=F,₹/10g,Precious metal
2018-06-29,1251.300048828125,1253.300048828125,1249.0999755859375,1250.300048828125,48,68.79669952392578,27654.93,27721.29,27628.39,27677.05,-0.0036155187583610804,92.90000000000146,Gold,GC=F,₹/10g,Precious metal
2018-07-02,1239.800048828125,1249.9000244140625,1239.800048828125,1249.9000244140625,29,68.43499755859375,27500.73,27500.73,27278.51,27278.51,-0.014399656032705876,222.22000000000116,Gold,GC=F,₹/10g,Precious metal
2018-07-03,1251.5999755859375,1254.0999755859375,1237.0,1238.0999755859375,36,68.6948013305664,27344.52,27697.9,27320.23,27642.68,0.013350069340297699,377.6700000000019,Gold,GC=F,₹/10g,Precious metal
2018-07-05,1257.300048828125,1257.300048828125,1253.5999755859375,1255.5,9,68.9800033569336,27843.94,27883.86,27801.8,27883.86,0.008724913792729216,82.06000000000131,Gold,GC=F,₹/10g,Precious metal
2018-07-06,1254.300048828125,1255.5,1254.300048828125,1255.5,7,69.06999969482422,27880.27,27880.27,27853.62,27853.62,-0.0010844983442034328,26.650000000001455,Gold,GC=F,₹/10g,Precious metal
2018-07-09,1258.0999755859375,1262.300048828125,1257.699951171875,1258.199951171875,37,68.75499725341797,27812.8,27903.43,27801.74,27810.59,-0.0015448620322959794,101.68999999999869,Gold,GC=F,₹/10g,Precious metal
2018-07-10,1253.800048828125,1256.9000244140625,1249.300048828125,1256.199951171875,65,68.65979766845703,27730.14,27745.59,27577.83,27677.16,-0.004797812631806786,167.7599999999984,Gold,GC=F,₹/10g,Precious metal
2018-07-11,1242.800048828125,1253.199951171875,1242.800048828125,1253.199951171875,30,68.9000015258789,27760.7,27760.7,27530.32,27530.32,-0.005305457640885081,230.38000000000102,Gold,GC=F,₹/10g,Precious metal
2018-07-12,1245.0,1246.699951171875,1240.9000244140625,1240.9000244140625,7,68.72000122070312,27416.42,27544.56,27416.42,27507.0,-0.0008470660711535904,128.14000000000306,Gold,GC=F,₹/10g,Precious metal
2018-07-13,1239.5999755859375,1247.0,1239.5999755859375,1244.699951171875,2,68.54000091552734,27428.34,27479.02,27315.96,27315.96,-0.006945141236776142,163.0600000000013,Gold,GC=F,₹/10g,Precious metal
2018-07-16,1238.0999755859375,1243.800048828125,1238.0999755859375,1242.699951171875,2,68.48670196533203,27362.97,27387.2,27261.69,27261.69,-0.001986750602944176,125.51000000000204,Gold,GC=F,₹/10g,Precious metal
2018-07-17,1225.699951171875,1225.699951171875,1225.699951171875,1225.699951171875,0,68.72000122070312,27080.59,27080.59,27080.59,27080.59,-0.006643021764241253,0.0,Gold,GC=F,₹/10g,Precious metal
2018-07-18,1226.300048828125,1226.699951171875,1222.199951171875,1226.699951171875,67,68.35600280761719,26959.12,26959.12,26860.23,26950.33,-0.004810087224835113,98.88999999999942,Gold,GC=F,₹/10g,Precious metal
2018-07-19,1222.4000244140625,1228.0,1211.699951171875,1227.199951171875,33,68.6155014038086,27072.5,27090.15,26730.56,26966.61,0.0006040742358255358,359.59000000000015,Gold,GC=F,₹/10g,Precious metal
2018-07-20,1229.5,1229.5,1229.5,1229.5,0,68.93509674072266,27249.57,27249.57,27249.57,27249.57,0.010492976314041558,0.0,Gold,GC=F,₹/10g,Precious metal
2018-07-23,1224.0,1224.0,1222.0,1222.0,1,68.7332992553711,27004.06,27048.26,27004.06,27048.26,-0.0073876395113757765,44.19999999999709,Gold,GC=F,₹/10g,Precious metal
2018-07-24,1223.9000244140625,1223.9000244140625,1223.9000244140625,1223.9000244140625,0,69.19999694824219,27229.69,27229.69,27229.69,27229.69,0.00670764034359328,0.0,Gold,GC=F,₹/10g,Precious metal
2018-07-25,1231.4000244140625,1231.4000244140625,1231.4000244140625,1231.4000244140625,0,68.80999755859375,27242.15,27242.15,27242.15,27242.15,0.0004575887569782111,0.0,Gold,GC=F,₹/10g,Precious metal
2018-07-26,1225.300048828125,1227.800048828125,1225.300048828125,1227.800048828125,1,68.83999633789062,27174.35,27174.35,27119.02,27119.02,-0.004519834154059099,55.32999999999811,Gold,GC=F,₹/10g,Precious metal
2018-07-27,1222.5999755859375,1222.5999755859375,1222.5999755859375,1222.5999755859375,254428,68.73999786376953,27019.96,27019.96,27019.96,27019.96,-0.003652786863242108,0.0,Gold,GC=F,₹/10g,Precious metal
2018-07-30,1221.300048828125,1223.9000244140625,1218.0999755859375,1222.5,62239,68.61499786376953,26968.62,26999.5,26871.55,26942.14,-0.0028800930867403096,127.95000000000073,Gold,GC=F,₹/10g,Precious metal
2018-07-31,1223.699951171875,1228.0999755859375,1213.0,1220.4000244140625,2722,68.68499755859375,26949.76,27119.79,26786.34,27022.63,0.002987513241338613,333.4500000000007,Gold,GC=F,₹/10g,Precious metal
2018-08-01,1217.9000244140625,1223.699951171875,1214.4000244140625,1222.9000244140625,1026,68.4968032836914,26930.97,26948.59,26743.78,26820.86,-0.007466704758197107,204.8100000000013,Gold,GC=F,₹/10g,Precious metal
2018-08-02,1210.5999755859375,1219.300048828125,1205.800048828125,1214.699951171875,411,68.30709838867188,26676.3,26777.32,26480.85,26586.26,-0.008746923103882698,296.47000000000116,Gold,GC=F,₹/10g,Precious metal
2018-08-03,1214.199951171875,1218.5999755859375,1205.0999755859375,1206.5,784,68.6155014038086,26615.85,26882.78,26584.96,26785.71,0.007501995391604455,297.8199999999997,Gold,GC=F,₹/10g,Precious metal
2018-08-06,1208.5999755859375,1214.4000244140625,1206.5999755859375,1214.4000244140625,297,68.50499725341797,26746.98,26746.98,26575.19,26619.24,-0.006214880994380834,171.79000000000087,Gold,GC=F,₹/10g,Precious metal
2018-08-07,1209.5999755859375,1214.800048828125,1207.800048828125,1207.800048828125,715,68.80999755859375,26720.05,26874.91,26720.05,26759.87,0.005283020852586251,154.86000000000058,Gold,GC=F,₹/10g,Precious metal
2018-08-08,1212.5999755859375,1215.199951171875,1205.9000244140625,1212.0,209,68.59600067138672,26729.58,26800.15,26595.05,26742.81,-0.0006375217816827483,205.10000000000218,Gold,GC=F,₹/10g,Precious metal
2018-08-09,1211.9000244140625,1215.300048828125,1211.5999755859375,1214.5,44,68.45500183105469,26729.66,26747.27,26665.83,26672.44,-0.0026313614762248916,81.43999999999869,Gold,GC=F,₹/10g,Precious metal
2018-08-10,1211.0999755859375,1216.4000244140625,1205.5999755859375,1212.5,75,69.0999984741211,26937.08,27023.72,26783.79,26905.98,0.008755854357531678,239.9300000000003,Gold,GC=F,₹/10g,Precious metal
2018-08-13,1191.300048828125,1207.4000244140625,1191.300048828125,1207.0,78,69.08499908447266,26809.07,26817.96,26460.35,26460.35,-0.016562489082352694,357.6100000000006,Gold,GC=F,₹/10g,Precious metal
2018-08-14,1193.0,1197.5,1192.800048828125,1193.0999755859375,92,69.9490966796875,26831.79,26930.75,26825.05,26829.54,0.01395257432346897,105.70000000000073,Gold,GC=F,₹/10g,Precious metal
2018-08-15,1177.5,1188.0999755859375,1174.5999755859375,1187.800048828125,71,69.94999694824219,26712.95,26719.69,26416.08,26481.3,-0.012979723096258833,303.60999999999694,Gold,GC=F,₹/10g,Precious metal
2018-08-16,1176.199951171875,1180.199951171875,1161.4000244140625,1173.199951171875,123,70.66000366210938,26652.41,26811.43,26384.34,26720.56,0.009035054925551345,427.09000000000015,Gold,GC=F,₹/10g,Precious metal
2018-08-17,1176.5,1181.199951171875,1174.699951171875,1174.699951171875,66,70.00499725341797,26439.1,26585.4,26439.1,26479.62,-0.009017026589263177,146.3000000000029,Gold,GC=F,₹/10g,Precious metal
2018-08-20,1186.800048828125,1190.0,1184.4000244140625,1184.800048828125,68,69.78500366210938,26582.63,26699.3,26573.65,26627.5,0.005584672287593184,125.64999999999782,Gold,GC=F,₹/10g,Precious metal
2018-08-21,1192.5999755859375,1192.5999755859375,1189.800048828125,1189.800048828125,22,69.73999786376953,26677.59,26740.37,26677.59,26740.37,0.004238850812130268,62.779999999998836,Gold,GC=F,₹/10g,Precious metal
2018-08-22,1196.300048828125,1196.300048828125,1194.699951171875,1194.699951171875,17,69.80999755859375,26814.35,26850.26,26814.35,26850.26,0.004109516809228886,35.909999999999854,Gold,GC=F,₹/10g,Precious metal
2018-08-23,1187.0,1190.300048828125,1184.9000244140625,1189.300048828125,95,69.79000091552734,26685.5,26707.94,26586.77,26633.89,-0.008058394965262838,121.16999999999825,Gold,GC=F,₹/10g,Precious metal
2018-08-24,1206.300048828125,1208.0,1185.300048828125,1185.300048828125,12,70.2750015258789,26780.58,27293.46,26780.58,27255.05,0.023322165857109223,512.8799999999974,Gold,GC=F,₹/10g,Precious metal
2018-08-27,1209.0,1211.4000244140625,1205.199951171875,1210.300048828125,154,69.76499938964844,27146.97,27171.64,27032.58,27117.81,-0.005035397109893314,139.05999999999767,Gold,GC=F,₹/10g,Precious metal
2018-08-28,1207.4000244140625,1217.0,1202.300048828125,1209.699951171875,136,69.94499969482422,27203.52,27367.68,27037.11,27151.8,0.001253419800492761,330.5699999999997,Gold,GC=F,₹/10g,Precious metal
2018-08-29,1204.5,1205.199951171875,1202.4000244140625,1205.199951171875,817,70.54000091552734,27332.87,27332.87,27269.37,27317.0,0.006084311169056944,63.5,Gold,GC=F,₹/10g,Precious metal
2018-08-30,1197.699951171875,1205.5999755859375,1196.0,1205.4000244140625,493,70.91000366210938,27480.8,27485.36,27266.5,27305.26,-0.0004297690083099326,218.86000000000058,Gold,GC=F,₹/10g,Precious metal
2018-08-31,1200.300048828125,1208.199951171875,1199.0999755859375,1207.0999755859375,191,71.40499877929688,27711.66,27736.92,27528.01,27555.56,0.00916673197764828,208.90999999999985,Gold,GC=F,₹/10g,Precious metal
2018-09-04,1192.699951171875,1193.800048828125,1189.9000244140625,1193.800048828125,26,71.06999969482422,27277.76,27277.76,27188.64,27252.62,-0.010993788549389039,89.11999999999898,Gold,GC=F,₹/10g,Precious metal
2018-09-05,1194.9000244140625,1196.0,1192.5,1192.5,21,71.75,27508.76,27589.5,27508.76,27564.13,0.01143046063094122,80.7400000000016,Gold,GC=F,₹/10g,Precious metal
2018-09-06,1197.9000244140625,1202.0,1197.9000244140625,1202.0,7,71.88999938964844,27782.01,27782.01,27687.25,27687.25,0.004466674623867961,94.7599999999984,Gold,GC=F,₹/10g,Precious metal
2018-09-07,1193.5999755859375,1198.300048828125,1193.0999755859375,1198.300048828125,29,71.93890380859375,27715.33,27715.33,27595.06,27606.63,-0.002911809587445413,120.27000000000044,Gold,GC=F,₹/10g,Precious metal
2018-09-10,1193.0,1193.0,1193.0,1193.0,11,72.09500122070312,27652.62,27652.62,27652.62,27652.62,0.0016659041686724052,0.0,Gold,GC=F,₹/10g,Precious metal
2018-09-11,1195.4000244140625,1196.300048828125,1190.4000244140625,1190.4000244140625,21,72.44499969482422,27726.31,27863.73,27726.31,27842.77,0.006876382780365953,137.41999999999825,Gold,GC=F,₹/10g,Precious metal
2018-09-12,1204.699951171875,1205.0,1204.699951171875,1205.0,37,72.98999786376953,28277.51,28277.51,28270.47,28270.47,0.015361258955197465,7.039999999997235,Gold,GC=F,₹/10g,Precious metal
2018-09-13,1202.0,1203.4000244140625,1200.0,1203.4000244140625,22,71.92520141601562,27827.99,27827.99,27749.37,27795.62,-0.016796678654440567,78.62000000000262,Gold,GC=F,₹/10g,Precious metal
2018-09-14,1195.0,1195.0,1195.0,1195.0,1,72.02749633789062,27673.05,27673.05,27673.05,27673.05,-0.004409687569480347,0.0,Gold,GC=F,₹/10g,Precious metal
2018-09-17,1199.699951171875,1199.699951171875,1199.699951171875,1199.699951171875,0,72.09500122070312,27807.92,27807.92,27807.92,27807.92,0.0048736948041505634,0.0,Gold,GC=F,₹/10g,Precious metal
2018-09-18,1196.800048828125,1198.699951171875,1196.800048828125,1198.699951171875,2,72.53479766845703,27954.24,27954.24,27909.93,27909.93,0.003668379368179986,44.31000000000131,Gold,GC=F,₹/10g,Precious metal
2018-09-19,1202.199951171875,1202.199951171875,1202.199951171875,1202.199951171875,0,73.12000274658203,28262.05,28262.05,28262.05,28262.05,0.012616298213574906,0.0,Gold,GC=F,₹/10g,Precious metal
2018-09-20,1206.199951171875,1206.199951171875,1206.199951171875,1206.199951171875,0,72.34500122070312,28055.54,28055.54,28055.54,28055.54,-0.007306971716488975,0.0,Gold,GC=F,₹/10g,Precious metal
2018-09-21,1196.199951171875,1196.199951171875,1196.199951171875,1196.199951171875,0,71.72000122070312,27582.57,27582.57,27582.57,27582.57,-0.016858345980865108,0.0,Gold,GC=F,₹/10g,Precious metal
2018-09-24,1199.300048828125,1199.300048828125,1199.300048828125,1199.300048828125,0,72.2300033569336,27850.71,27850.71,27850.71,27850.71,0.009721356639355916,0.0,Gold,GC=F,₹/10g,Precious metal
2018-09-25,1200.0,1202.800048828125,1200.0,1202.0999755859375,21,73.30000305175781,28329.27,28345.76,28279.78,28279.78,0.01540607043770148,65.97999999999956,Gold,GC=F,₹/10g,Precious metal
2018-09-26,1194.0,1194.0,1194.0,1194.0,17857,73.08999633789062,28057.76,28057.76,28057.76,28057.76,-0.007850839009355792,0.0,Gold,GC=F,₹/10g,Precious metal
2018-09-27,1182.300048828125,1197.300048828125,1180.5,1194.5999755859375,4947,72.7699966430664,27948.96,28012.13,27619.07,27661.19,-0.014134057743739992,393.0600000000013,Gold,GC=F,₹/10g,Precious metal
2018-09-28,1191.5,1191.9000244140625,1180.0,1181.699951171875,404,72.94999694824219,27715.53,27954.76,27675.66,27945.38,0.01027396146008197,279.09999999999854,Gold,GC=F,₹/10g,Precious metal
2018-10-01,1187.0999755859375,1191.5999755859375,1185.800048828125,1191.5999755859375,180,72.50499725341797,27777.24,27777.24,27642.04,27672.35,-0.009770130161049995,135.20000000000073,Gold,GC=F,₹/10g,Precious metal
2018-10-02,1202.4000244140625,1206.0,1190.300048828125,1193.0,451,73.75499725341797,28289.33,28597.59,28225.3,28512.23,0.03035087370606404,372.2900000000009,Gold,GC=F,₹/10g,Precious metal
2018-10-03,1198.300048828125,1202.5999755859375,1196.5999755859375,1202.5999755859375,76,73.27999877929688,28333.31,28333.31,28191.95,28232.01,-0.009828063255662656,141.36000000000058,Gold,GC=F,₹/10g,Precious metal
2018-10-04,1197.199951171875,1204.5999755859375,1197.199951171875,1199.300048828125,496,73.8499984741211,28475.35,28601.19,28425.49,28425.49,0.0068532137810946026,175.6999999999971,Gold,GC=F,₹/10g,Precious metal
2018-10-05,1201.199951171875,1205.300048828125,1196.9000244140625,1197.0999755859375,34,74.22000122070312,28565.52,28761.19,28560.75,28663.35,0.008367841680125832,200.4399999999987,Gold,GC=F,₹/10g,Precious metal
2018-10-08,1184.4000244140625,1201.0,1183.699951171875,1201.0,250,73.76300048828125,28482.12,28482.12,28071.84,28088.45,-0.020056971707773097,410.27999999999884,Gold,GC=F,₹/10g,Precious metal
2018-10-09,1187.199951171875,1189.0999755859375,1185.5999755859375,1185.5999755859375,9,73.88999938964844,28165.31,28248.46,28165.31,28203.32,0.004089581304771217,83.14999999999782,Gold,GC=F,₹/10g,Precious metal
2018-10-10,1189.300048828125,1192.0,1189.300048828125,1189.300048828125,1078,74.55000305175781,28505.58,28570.29,28505.58,28505.58,0.010717177977628278,64.70999999999913,Gold,GC=F,₹/10g,Precious metal
2018-10-11,1223.5,1224.5999755859375,1196.300048828125,1198.0999755859375,126,74.5999984741211,28735.76,29371.34,28692.59,29344.96,0.02944616457549709,678.75,Gold,GC=F,₹/10g,Precious metal
2018-10-12,1218.0999755859375,1221.5999755859375,1216.0,1221.5999755859375,122,74.16000366210938,29126.58,29126.58,28993.06,29043.13,-0.010285582260122328,133.52000000000044,Gold,GC=F,₹/10g,Precious metal
2018-10-15,1226.4000244140625,1232.300048828125,1222.4000244140625,1222.4000244140625,136,73.6760025024414,28955.44,29189.94,28955.44,29050.19,0.00024308674719275558,234.5,Gold,GC=F,₹/10g,Precious metal
2018-10-16,1227.300048828125,1230.5,1227.0999755859375,1227.0999755859375,426,74.08000183105469,29226.15,29307.13,29226.15,29230.92,0.006221301822810776,80.97999999999956,Gold,GC=F,₹/10g,Precious metal
2018-10-17,1223.699951171875,1225.9000244140625,1223.699951171875,1225.9000244140625,1,73.45549774169922,28951.44,28951.44,28899.48,28899.48,-0.011338678358395748,51.95999999999913,Gold,GC=F,₹/10g,Precious metal
2018-10-18,1226.5,1226.5,1226.5,1226.5,165,73.91999816894531,29148.77,29148.77,29148.77,29148.77,0.008626106767319008,0.0,Gold,GC=F,₹/10g,Precious metal
2018-10-19,1225.300048828125,1225.300048828125,1225.300048828125,1225.300048828125,55,74.16000366210938,29214.8,29214.8,29214.8,29214.8,0.002265275687447499,0.0,Gold,GC=F,₹/10g,Precious metal
2018-10-22,1221.199951171875,1224.5,1219.5999755859375,1224.5,18,73.46499633789062,28922.11,28922.11,28806.37,28844.17,-0.0126863781371086,115.7400000000016,Gold,GC=F,₹/10g,Precious metal
2018-10-23,1233.4000244140625,1237.800048828125,1224.800048828125,1224.800048828125,33,73.8594970703125,29084.55,29393.25,29084.55,29288.76,0.015413513372026344,308.7000000000007,Gold,GC=F,₹/10g,Precious metal
2018-10-24,1227.800048828125,1231.5999755859375,1227.800048828125,1231.5999755859375,36,73.22129821777344,28993.31,28993.31,28903.86,28903.86,-0.013141560107017058,89.45000000000073,Gold,GC=F,₹/10g,Precious metal
2018-10-25,1229.0999755859375,1238.5999755859375,1229.0999755859375,1238.5999755859375,7,73.22049713134766,29157.78,29157.78,28934.14,28934.14,0.001047610941929511,223.63999999999942,Gold,GC=F,₹/10g,Precious metal
2018-10-26,1232.5,1234.800048828125,1232.5,1234.300048828125,20,73.22019958496094,29056.44,29068.21,29014.06,29014.06,0.0027621349727346978,54.14999999999782,Gold,GC=F,₹/10g,Precious metal
2018-10-29,1224.5,1224.5,1224.5,1224.5,214,73.125,28788.26,28788.26,28788.26,28788.26,-0.007782433757978158,0.0,Gold,GC=F,₹/10g,Precious metal
2018-10-30,1222.5999755859375,1227.699951171875,1219.800048828125,1227.699951171875,72,73.5905990600586,29047.27,29047.27,28860.36,28926.6,0.004805431102817614,186.90999999999985,Gold,GC=F,₹/10g,Precious metal
2018-10-31,1212.300048828125,1216.5999755859375,1212.0,1216.0,121,73.6500015258789,28793.67,28807.88,28698.96,28706.06,-0.007624124508238017,108.92000000000189,Gold,GC=F,₹/10g,Precious metal
2018-11-01,1236.0,1236.0,1215.4000244140625,1215.4000244140625,14,74.06999969482422,28943.58,29434.15,28943.58,29434.15,0.025363634020133752,490.5699999999997,Gold,GC=F,₹/10g,Precious metal
2018-11-02,1230.9000244140625,1233.300048828125,1230.9000244140625,1233.300048828125,18,73.30999755859375,29068.5,29068.5,29011.94,29011.94,-0.014344222612169943,56.56000000000131,Gold,GC=F,₹/10g,Precious metal
2018-11-05,1229.800048828125,1231.5,1226.699951171875,1230.5999755859375,15,72.90499877929688,28844.63,28865.72,28753.21,28825.88,-0.0064132215908345724,112.51000000000204,Gold,GC=F,₹/10g,Precious metal
2018-11-06,1223.800048828125,1233.800048828125,1223.800048828125,1230.699951171875,4,72.86000061035156,28829.17,28901.79,28667.54,28667.54,-0.005492980613254428,234.25,Gold,GC=F,₹/10g,Precious metal
2018-11-07,1226.199951171875,1228.5999755859375,1226.199951171875,1228.5999755859375,1,73.2300033569336,28926.13,28926.13,28869.62,28869.62,0.007049087574308777,56.51000000000204,Gold,GC=F,₹/10g,Precious metal
2018-11-08,1222.9000244140625,1222.9000244140625,1222.9000244140625,1222.9000244140625,2,72.37999725341797,28457.73,28457.73,28457.73,28457.73,-0.014267247022995089,0.0,Gold,GC=F,₹/10g,Precious metal
2018-11-09,1206.4000244140625,1207.9000244140625,1206.4000244140625,1207.9000244140625,14,72.9000015258789,28310.61,28310.61,28275.46,28275.46,-0.00640493813104559,35.150000000001455,Gold,GC=F,₹/10g,Precious metal
2018-11-12,1201.300048828125,1201.5999755859375,1201.300048828125,1201.5999755859375,1,72.47000122070312,27996.83,27996.83,27989.85,27989.85,-0.010100985094495418,6.980000000003201,Gold,GC=F,₹/10g,Precious metal
2018-11-13,1199.199951171875,1201.300048828125,1196.300048828125,1196.300048828125,5,73.18000030517578,28146.43,28264.07,28146.43,28214.66,0.008031840113469801,117.63999999999942,Gold,GC=F,₹/10g,Precious metal
2018-11-14,1207.9000244140625,1207.9000244140625,1207.9000244140625,1207.9000244140625,0,72.55000305175781,28174.69,28174.69,28174.69,28174.69,-0.0014166394349603983,0.0,Gold,GC=F,₹/10g,Precious metal
2018-11-15,1212.800048828125,1212.800048828125,1212.800048828125,1212.800048828125,0,72.4000015258789,28230.5,28230.5,28230.5,28230.5,0.0019808558674470067,0.0,Gold,GC=F,₹/10g,Precious metal
2018-11-16,1220.800048828125,1223.800048828125,1216.699951171875,1216.699951171875,5,71.8917007446289,28122.44,28286.55,28122.44,28217.21,-0.00047076743238694263,164.11000000000058,Gold,GC=F,₹/10g,Precious metal
2018-11-19,1223.0999755859375,1223.0999755859375,1223.0999755859375,1223.0999755859375,0,71.7750015258789,28224.48,28224.48,28224.48,28224.48,0.0002576441823978204,0.0,Gold,GC=F,₹/10g,Precious metal
2018-11-20,1219.0,1228.800048828125,1219.0,1225.300048828125,12,71.69000244140625,28241.76,28322.43,28096.55,28096.55,-0.0045325901486936715,225.88000000000102,Gold,GC=F,₹/10g,Precious metal
2018-11-21,1225.800048828125,1225.800048828125,1225.800048828125,1225.800048828125,0,71.41500091552734,28144.91,28144.91,28144.91,28144.91,0.0017212077639425782,0.0,Gold,GC=F,₹/10g,Precious metal
2018-11-23,1221.0,1224.800048828125,1221.0,1224.800048828125,1,70.83499908447266,27893.55,27893.55,27807.01,27807.01,-0.012005723237345611,86.54000000000087,Gold,GC=F,₹/10g,Precious metal
2018-11-26,1220.199951171875,1222.0,1220.199951171875,1220.199951171875,2,70.66999816894531,27724.06,27764.96,27724.06,27724.06,-0.0029830607461930336,40.89999999999782,Gold,GC=F,₹/10g,Precious metal
2018-11-27,1211.199951171875,1222.0,1211.199951171875,1221.9000244140625,5,70.80999755859375,27817.69,27819.96,27574.09,27574.09,-0.0054093808771153995,245.86999999999898,Gold,GC=F,₹/10g,Precious metal
2018-11-28,1221.4000244140625,1221.4000244140625,1211.5,1211.5,247168,70.87999725341797,27608.18,27833.79,27608.18,27833.79,0.009418261853791021,225.61000000000058,Gold,GC=F,₹/10g,Precious metal
2018-11-29,1224.0999755859375,1228.699951171875,1220.5,1221.0,55478,70.5999984741211,27714.76,27889.53,27703.41,27785.12,-0.0017485940649836218,186.11999999999898,Gold,GC=F,₹/10g,Precious metal
2018-11-30,1220.199951171875,1225.0,1216.0999755859375,1224.0999755859375,2060,69.91999816894531,27517.5,27537.74,27337.67,27429.83,-0.01278706012426789,200.07000000000335,Gold,GC=F,₹/10g,Precious metal
2018-12-03,1233.9000244140625,1234.0999755859375,1221.300048828125,1222.5,751,69.76000213623047,27418.65,27678.82,27391.74,27674.34,0.00891401805990033,287.0799999999981,Gold,GC=F,₹/10g,Precious metal
2018-12-04,1241.0999755859375,1241.4000244140625,1230.4000244140625,1231.0,474,70.48500061035156,27896.23,28131.91,27882.63,28125.11,0.01628837399554972,249.27999999999884,Gold,GC=F,₹/10g,Precious metal
2018-12-06,1238.0999755859375,1244.4000244140625,1234.800048828125,1237.5,434,70.87000274658203,28196.71,28353.93,28135.19,28210.38,0.003031810364475085,218.7400000000016,Gold,GC=F,₹/10g,Precious metal
2018-12-07,1246.800048828125,1249.800048828125,1237.5999755859375,1238.300048828125,211,70.75,28167.16,28428.75,28151.24,28360.51,0.005321799989932652,277.5099999999984,Gold,GC=F,₹/10g,Precious metal
2018-12-10,1243.699951171875,1249.5999755859375,1241.699951171875,1249.5999755859375,131,71.36499786376953,28671.27,28671.27,28490.01,28535.9,0.006184303455756046,181.26000000000204,Gold,GC=F,₹/10g,Precious metal
2018-12-11,1241.9000244140625,1248.699951171875,1241.5,1245.800048828125,117,72.7300033569336,29130.82,29198.63,29030.27,29039.62,0.017652150449083415,168.36000000000058,Gold,GC=F,₹/10g,Precious metal
2018-12-12,1244.4000244140625,1245.5999755859375,1244.0999755859375,1245.300048828125,84,72.62000274658203,29075.09,29082.09,29047.07,29054.07,0.0004975960429234316,35.02000000000044,Gold,GC=F,₹/10g,Precious metal
2018-12-13,1242.699951171875,1243.5,1241.0,1243.5,194,72.1500015258789,28845.15,28845.15,28787.16,28826.6,-0.007829195703046077,57.9900000000016,Gold,GC=F,₹/10g,Precious metal
2018-12-14,1237.0,1241.699951171875,1234.0999755859375,1241.699951171875,33,71.5469970703125,28562.67,28562.67,28387.85,28454.56,-0.012906135305585709,174.8199999999997,Gold,GC=F,₹/10g,Precious metal
2018-12-17,1247.4000244140625,1247.4000244140625,1239.300048828125,1239.300048828125,10,71.91000366210938,28652.1,28839.37,28652.1,28839.37,0.013523667208348966,187.27000000000044,Gold,GC=F,₹/10g,Precious metal
2018-12-18,1249.199951171875,1249.199951171875,1245.5999755859375,1248.199951171875,31,71.58999633789062,28729.45,28752.46,28669.6,28752.46,-0.0030135887157035635,82.86000000000058,Gold,GC=F,₹/10g,Precious metal
2018-12-19,1252.0999755859375,1255.800048828125,1252.0999755859375,1255.800048828125,268,70.56999969482422,28492.55,28492.55,28408.6,28408.6,-0.011959324523884263,83.95000000000073,Gold,GC=F,₹/10g,Precious metal
2018-12-20,1263.5999755859375,1263.5999755859375,1243.199951171875,1243.199951171875,49,70.68550109863281,28252.84,28716.45,28252.84,28716.45,0.010836507254845529,463.6100000000006,Gold,GC=F,₹/10g,Precious metal
2018-12-21,1253.800048828125,1261.300048828125,1253.800048828125,1260.300048828125,96,70.30000305175781,28485.25,28507.85,28338.34,28338.34,-0.013167017510869239,169.5099999999984,Gold,GC=F,₹/10g,Precious metal
2018-12-24,1267.5,1268.5,1260.300048828125,1260.300048828125,27,70.13999938964844,28420.42,28605.33,28420.42,28582.78,0.008625769893366941,184.9100000000035,Gold,GC=F,₹/10g,Precious metal
2018-12-26,1269.199951171875,1277.4000244140625,1269.199951171875,1269.300048828125,63,70.23999786376953,28664.18,28847.1,28661.92,28661.92,0.002768799955777501,185.1800000000003,Gold,GC=F,₹/10g,Precious metal
2018-12-27,1277.300048828125,1277.300048828125,1276.699951171875,1276.699951171875,480,70.1500015258789,28794.35,28807.88,28794.35,28807.88,0.005092471125451636,13.530000000002474,Gold,GC=F,₹/10g,Precious metal
2018-12-28,1279.9000244140625,1280.0999755859375,1273.5,1273.5,805,69.98999786376953,28656.67,28805.18,28656.67,28800.68,-0.0002499316159328968,148.51000000000204,Gold,GC=F,₹/10g,Precious metal
2018-12-31,1278.300048828125,1281.300048828125,1277.5999755859375,1278.0,19,69.92250061035156,28730.19,28804.38,28721.2,28736.94,-0.0022131421896983694,83.18000000000029,Gold,GC=F,₹/10g,Precious metal
2019-01-02,1281.0,1286.0,1277.5999755859375,1286.0,149,69.70999908447266,28822.18,28822.18,28633.91,28710.12,-0.0009332935239451112,188.27000000000044,Gold,GC=F,₹/10g,Precious metal
2019-01-03,1291.800048828125,1292.0,1286.699951171875,1286.800048828125,10,69.95999908447266,28943.54,29060.5,28941.29,29056.0,0.012047319899742615,119.20999999999913,Gold,GC=F,₹/10g,Precious metal
2019-01-04,1282.699951171875,1294.199951171875,1275.300048828125,1294.199951171875,34,70.30000305175781,29251.45,29251.45,28824.28,28991.53,-0.002218818832599112,427.1700000000019,Gold,GC=F,₹/10g,Precious metal
2019-01-07,1286.800048828125,1286.800048828125,1286.5999755859375,1286.800048828125,2,69.5250015258789,28763.57,28763.57,28759.1,28763.57,-0.007862986189414611,4.470000000001164,Gold,GC=F,₹/10g,Precious metal
2019-01-08,1283.199951171875,1283.199951171875,1278.199951171875,1280.5,54,69.80999755859375,28740.08,28800.68,28688.45,28800.68,0.0012901736467343383,112.22999999999956,Gold,GC=F,₹/10g,Precious metal
2019-01-09,1289.300048828125,1289.300048828125,1279.199951171875,1279.4000244140625,102,70.33000183105469,28929.29,29153.14,28924.76,29153.14,0.012237905493898138,228.38000000000102,Gold,GC=F,₹/10g,Precious metal
2019-01-10,1284.699951171875,1284.699951171875,1284.699951171875,1284.699951171875,0,70.55049896240234,29140.2,29140.2,29140.2,29140.2,-0.0004438629938318117,0.0,Gold,GC=F,₹/10g,Precious metal
2019-01-11,1287.0999755859375,1291.199951171875,1286.300048828125,1291.199951171875,11,70.72000122070312,29358.0,29358.0,29246.59,29264.78,0.004275193718642933,111.40999999999985,Gold,GC=F,₹/10g,Precious metal
2019-01-14,1289.0999755859375,1293.9000244140625,1289.0999755859375,1292.4000244140625,7,70.37000274658203,29239.86,29273.79,29165.2,29165.2,-0.0034027250503847473,108.59000000000015,Gold,GC=F,₹/10g,Precious metal
2019-01-15,1286.199951171875,1292.699951171875,1286.199951171875,1290.0999755859375,3,71.08499908447266,29484.38,29543.81,29395.25,29395.25,0.007887825216353672,148.5600000000013,Gold,GC=F,₹/10g,Precious metal
2019-01-16,1291.5999755859375,1291.5999755859375,1291.5999755859375,1291.5999755859375,2,71.09249877929688,29521.78,29521.78,29521.78,29521.78,0.0043044369413425265,0.0,Gold,GC=F,₹/10g,Precious metal
2019-01-17,1291.0,1292.699951171875,1288.5,1291.5999755859375,10,71.36499786376953,29634.94,29660.18,29563.81,29621.17,0.003366666915070926,96.36999999999898,Gold,GC=F,₹/10g,Precious metal
2019-01-18,1281.300048828125,1281.300048828125,1281.300048828125,1281.300048828125,3,71.03019714355469,29260.69,29260.69,29260.69,29260.69,-0.012169674594217583,0.0,Gold,GC=F,₹/10g,Precious metal
2019-01-22,1282.5,1283.300048828125,1282.5,1282.5,7,71.5,29481.81,29500.2,29481.81,29481.81,0.007556896300121574,18.389999999999418,Gold,GC=F,₹/10g,Precious metal
2019-01-23,1283.0999755859375,1283.9000244140625,1278.699951171875,1281.699951171875,14,71.2302017211914,29352.24,29402.63,29283.54,29384.3,-0.003307463144223588,119.09000000000015,Gold,GC=F,₹/10g,Precious metal
2019-01-24,1279.0999755859375,1279.0999755859375,1278.5,1279.0999755859375,1,71.15730285644531,29262.72,29262.72,29249.0,29262.72,-0.004137583675636214,13.720000000001164,Gold,GC=F,₹/10g,Precious metal
2019-01-25,1297.4000244140625,1297.4000244140625,1297.4000244140625,1297.4000244140625,0,70.98999786376953,29611.6,29611.6,29611.6,29611.6,0.011922336679570433,0.0,Gold,GC=F,₹/10g,Precious metal
2019-01-28,1302.4000244140625,1307.0999755859375,1298.4000244140625,1300.800048828125,54,70.9749984741211,29682.92,29826.68,29628.16,29719.43,0.003641478339569737,198.52000000000044,Gold,GC=F,₹/10g,Precious metal
2019-01-29,1308.199951171875,1308.199951171875,1308.199951171875,1308.199951171875,213607,71.09010314941406,29900.19,29900.19,29900.19,29900.19,0.0060822162470814956,0.0,Gold,GC=F,₹/10g,Precious metal
2019-01-30,1309.9000244140625,1323.4000244140625,1308.0999755859375,1310.4000244140625,54958,71.62000274658203,30173.73,30473.07,30120.77,30162.21,0.008763155016740631,352.2999999999993,Gold,GC=F,₹/10g,Precious metal
2019-01-31,1319.699951171875,1325.4000244140625,1316.699951171875,1320.0,1970,71.12000274658203,30182.59,30306.06,30107.13,30175.72,0.00044791147598277625,198.9300000000003,Gold,GC=F,₹/10g,Precious metal
2019-02-01,1316.9000244140625,1320.699951171875,1315.4000244140625,1320.300048828125,878,71.19999694824219,30223.4,30232.56,30111.23,30145.57,-0.0009991476591114656,121.33000000000175,Gold,GC=F,₹/10g,Precious metal
2019-02-04,1314.300048828125,1318.0999755859375,1308.300048828125,1318.0999755859375,675,71.45169830322266,30279.71,30279.71,30054.58,30192.41,0.001553793807846482,225.12999999999738,Gold,GC=F,₹/10g,Precious metal
2019-02-05,1314.199951171875,1315.0999755859375,1311.0,1311.0999755859375,362,71.68499755859375,30217.24,30309.43,30214.94,30288.69,0.0031888809141105146,94.4900000000016,Gold,GC=F,₹/10g,Precious metal
2019-02-06,1309.5,1313.5,1305.0,1312.5,358,71.7699966430664,30285.38,30308.45,30112.32,30216.15,-0.002394953363780261,196.13000000000102,Gold,GC=F,₹/10g,Precious metal
2019-02-07,1309.4000244140625,1310.4000244140625,1302.199951171875,1302.9000244140625,203,71.54049682617188,29967.73,30140.23,29951.62,30117.23,-0.0032737459934505386,188.61000000000058,Gold,GC=F,₹/10g,Precious metal
2019-02-08,1313.699951171875,1314.0,1307.800048828125,1309.5,122,71.58000183105469,30136.16,30239.72,30097.04,30232.82,0.003838002366087556,142.6800000000003,Gold,GC=F,₹/10g,Precious metal
2019-02-11,1307.0,1313.4000244140625,1304.699951171875,1313.4000244140625,119,71.1500015258789,30044.34,30044.34,29845.32,29897.94,-0.011076704058701758,199.02000000000044,Gold,GC=F,₹/10g,Precious metal
2019-02-12,1309.199951171875,1312.0,1307.5999755859375,1310.0,109,71.2300033569336,30000.26,30046.06,29945.3,29981.94,0.002809558116713129,100.76000000000204,Gold,GC=F,₹/10g,Precious metal
2019-02-13,1310.800048828125,1316.0,1308.0999755859375,1311.5999755859375,143,70.80999755859375,29859.79,29959.96,29780.11,29841.58,-0.00468148492058873,179.84999999999854,Gold,GC=F,₹/10g,Precious metal
2019-02-14,1309.800048828125,1311.800048828125,1301.5999755859375,1305.0,858,70.86509704589844,29732.65,29887.58,29655.19,29842.01,1.4409424701877782e-05,232.39000000000306,Gold,GC=F,₹/10g,Precious metal
2019-02-15,1318.0999755859375,1318.800048828125,1313.5999755859375,1313.5999755859375,190,71.01000213623047,29989.79,30108.51,29989.79,30092.52,0.008394541788572685,118.71999999999753,Gold,GC=F,₹/10g,Precious metal
2019-02-19,1340.0999755859375,1340.0999755859375,1320.5,1320.9000244140625,390,71.69999694824219,30449.48,30892.07,30440.25,30892.07,0.02656972563281501,451.8199999999997,Gold,GC=F,₹/10g,Precious metal
2019-02-20,1343.300048828125,1344.0,1338.0,1342.199951171875,581,71.5999984741211,30897.33,30938.77,30800.65,30922.66,0.000990221762413368,138.11999999999898,Gold,GC=F,₹/10g,Precious metal
2019-02-21,1323.5,1334.9000244140625,1320.9000244140625,1331.300048828125,414,71.30000305175781,30518.01,30600.54,30279.61,30339.21,-0.01886804045964996,320.9300000000003,Gold,GC=F,₹/10g,Precious metal
2019-02-22,1329.199951171875,1331.300048828125,1321.0,1324.199951171875,718,71.18499755859375,30306.29,30468.79,30233.05,30420.72,0.00268662236096473,235.7400000000016,Gold,GC=F,₹/10g,Precious metal
2019-02-25,1325.9000244140625,1331.5999755859375,1325.5999755859375,1329.199951171875,185,71.03099822998047,30354.91,30409.72,30272.7,30279.55,-0.004640587073547309,137.02000000000044,Gold,GC=F,₹/10g,Precious metal
2019-02-26,1325.0999755859375,1325.5,1323.300048828125,1323.300048828125,939,71.08999633789062,30245.28,30295.56,30245.28,30286.42,0.00022688580246410517,50.280000000002474,Gold,GC=F,₹/10g,Precious metal
2019-02-27,1317.699951171875,1327.9000244140625,1316.5,1327.699951171875,604,70.94000244140625,30281.81,30286.38,30026.37,30053.74,-0.007682651168411381,260.01000000000204,Gold,GC=F,₹/10g,Precious metal
2019-02-28,1312.800048828125,1323.699951171875,1311.5,1321.0999755859375,141,71.19000244140625,30237.47,30296.98,30017.74,30047.5,-0.00020762806891927443,279.23999999999796,Gold,GC=F,₹/10g,Precious metal
2019-03-01,1296.4000244140625,1312.199951171875,1288.9000244140625,1312.199951171875,110,70.81600189208984,29875.98,29875.98,29345.49,29516.25,-0.01768033946251768,530.489999999998,Gold,GC=F,₹/10g,Precious metal
2019-03-04,1284.800048828125,1287.0,1281.9000244140625,1285.5,28,70.98999786376953,29339.99,29374.23,29257.83,29324.02,-0.006512683691187071,116.39999999999782,Gold,GC=F,₹/10g,Precious metal
2019-03-05,1282.0,1287.0,1282.0,1287.0,114,70.9000015258789,29336.99,29336.99,29223.01,29223.01,-0.003444616392977551,113.9800000000032,Gold,GC=F,₹/10g,Precious metal
2019-03-06,1284.9000244140625,1287.0999755859375,1282.5999755859375,1287.0999755859375,14,70.74250030517578,29274.09,29274.09,29171.74,29224.06,3.593059031237189e-05,102.34999999999854,Gold,GC=F,₹/10g,Precious metal
2019-03-07,1283.800048828125,1284.5999755859375,1281.0,1281.0,11,70.36499786376953,28979.88,29061.32,28979.88,29043.22,-0.006188051899701841,81.43999999999869,Gold,GC=F,₹/10g,Precious metal
2019-03-08,1297.0,1297.4000244140625,1291.5999755859375,1292.0999755859375,10,70.48750305175781,29281.88,29401.99,29270.55,29392.93,0.012041020245000311,131.44000000000233,Gold,GC=F,₹/10g,Precious metal
2019-03-11,1288.800048828125,1291.0,1288.800048828125,1291.0,9,69.98690032958984,29049.17,29049.17,28999.67,28999.67,-0.013379407905234397,49.5,Gold,GC=F,₹/10g,Precious metal
2019-03-12,1296.300048828125,1296.300048828125,1294.699951171875,1294.699951171875,1,69.79010009765625,29050.51,29086.41,29050.51,29086.41,0.0029910685190555064,35.900000000001455,Gold,GC=F,₹/10g,Precious metal
2019-03-13,1307.5,1307.5,1307.5,1307.5,0,69.84500122070312,29360.79,29360.79,29360.79,29360.79,0.009433271414382105,0.0,Gold,GC=F,₹/10g,Precious metal
2019-03-14,1293.4000244140625,1293.4000244140625,1293.4000244140625,1293.4000244140625,1,69.72630310058594,28994.81,28994.81,28994.81,28994.81,-0.01246492345744099,0.0,Gold,GC=F,₹/10g,Precious metal
2019-03-15,1301.800048828125,1304.699951171875,1300.5,1300.9000244140625,26,69.3373031616211,29000.24,29084.95,28991.32,29020.3,0.000879122849916758,93.63000000000102,Gold,GC=F,₹/10g,Precious metal
2019-03-18,1300.300048828125,1302.199951171875,1297.300048828125,1297.300048828125,8,68.9530029296875,28759.7,28868.33,28759.7,28826.21,-0.006688076966812839,108.63000000000102,Gold,GC=F,₹/10g,Precious metal
2019-03-19,1305.0,1306.9000244140625,1304.800048828125,1306.9000244140625,20,68.61799621582031,28831.76,28831.76,28785.43,28789.84,-0.0012616989885246843,46.32999999999811,Gold,GC=F,₹/10g,Precious metal
2019-03-20,1300.5,1300.699951171875,1300.5,1300.699951171875,2,69.31749725341797,28987.5,28987.5,28983.04,28983.04,0.0067107007194204815,4.459999999999127,Gold,GC=F,₹/10g,Precious metal
2019-03-21,1306.0999755859375,1306.0999755859375,1306.0999755859375,1306.0999755859375,0,68.82499694824219,28901.03,28901.03,28901.03,28901.03,-0.0028295858543480046,0.0,Gold,GC=F,₹/10g,Precious metal
2019-03-22,1311.5999755859375,1311.5999755859375,1311.5999755859375,1311.5999755859375,0,68.93000030517578,29067.01,29067.01,29067.01,29067.01,0.005743047912133203,0.0,Gold,GC=F,₹/10g,Precious metal
2019-03-25,1321.9000244140625,1322.9000244140625,1320.699951171875,1320.699951171875,19,69.1604995727539,29366.56,29415.48,29366.56,29393.24,0.011223376604611257,48.919999999998254,Gold,GC=F,₹/10g,Precious metal
2019-03-26,1314.300048828125,1315.5999755859375,1314.300048828125,1315.5999755859375,1,68.92340087890625,29152.87,29152.87,29124.06,29124.06,-0.009157888004180603,28.80999999999767,Gold,GC=F,₹/10g,Precious metal
2019-03-27,1309.9000244140625,1309.9000244140625,1309.9000244140625,1309.9000244140625,206263,69.42749786376953,29238.86,29238.86,29238.86,29238.86,0.0039417581202620955,0.0,Gold,GC=F,₹/10g,Precious metal
2019-03-28,1289.800048828125,1311.0999755859375,1287.699951171875,1308.4000244140625,87798,69.37000274658203,29181.19,29241.41,28719.52,28766.36,-0.016160000766103688,521.8899999999994,Gold,GC=F,₹/10g,Precious metal
2019-03-29,1293.0,1298.5,1286.0999755859375,1289.5999755859375,1265,69.5,28815.79,29014.66,28737.59,28891.76,0.0043592585228022784,277.0699999999997,Gold,GC=F,₹/10g,Precious metal
2019-04-01,1288.4000244140625,1295.9000244140625,1285.699951171875,1291.800048828125,675,69.43000030517578,28835.88,28927.4,28699.71,28759.98,-0.004561162075276792,227.69000000000233,Gold,GC=F,₹/10g,Precious metal
2019-04-02,1290.0,1290.9000244140625,1284.5,1286.300048828125,525,69.19529724121094,28616.04,28718.38,28576.0,28698.36,-0.0021425605998335318,142.38000000000102,Gold,GC=F,₹/10g,Precious metal
2019-04-03,1289.9000244140625,1293.0999755859375,1287.5,1291.4000244140625,172,68.91020202636719,28611.13,28648.8,28524.73,28577.9,-0.004197452397976753,124.06999999999971,Gold,GC=F,₹/10g,Precious metal
2019-04-04,1289.0,1292.5999755859375,1279.5,1290.5999755859375,269,68.8499984741211,28568.43,28612.7,28322.72,28533.01,-0.001570794215110416,289.97999999999956,Gold,GC=F,₹/10g,Precious metal
2019-04-05,1290.4000244140625,1292.0,1283.5999755859375,1292.0,181,68.97039794921875,28649.43,28649.43,28463.16,28613.95,0.0028367143880019263,186.27000000000044,Gold,GC=F,₹/10g,Precious metal
2019-04-08,1297.0999755859375,1302.0999755859375,1291.800048828125,1292.199951171875,63,69.16000366210938,28732.64,28952.77,28723.74,28841.59,0.007955560137625106,229.02999999999884,Gold,GC=F,₹/10g,Precious metal
2019-04-09,1303.5,1304.9000244140625,1298.5,1298.5,30,69.55249786376953,29036.58,29179.69,29036.58,29148.39,0.010637416314426495,143.10999999999694,Gold,GC=F,₹/10g,Precious metal
2019-04-10,1309.0999755859375,1309.0999755859375,1301.5,1304.0,66,69.26180267333984,29037.69,29151.26,28982.02,29151.26,9.846169891369883e-05,169.23999999999796,Gold,GC=F,₹/10g,Precious metal
2019-04-11,1288.5999755859375,1307.0999755859375,1288.5999755859375,1307.0,420,69.14019775390625,29053.4,29055.62,28644.38,28644.38,-0.017387927657329327,411.23999999999796,Gold,GC=F,₹/10g,Precious metal
2019-04-12,1290.5999755859375,1293.4000244140625,1289.199951171875,1293.4000244140625,607,69.43000030517578,28871.59,28871.59,28777.84,28809.09,0.005750168095800978,93.75,Gold,GC=F,₹/10g,Precious metal
2019-04-15,1286.800048828125,1287.300048828125,1282.300048828125,1284.800048828125,523,69.16100311279297,28568.51,28624.1,28512.92,28612.98,-0.006807226469145666,111.18000000000029,Gold,GC=F,₹/10g,Precious metal
2019-04-16,1272.5999755859375,1285.199951171875,1272.199951171875,1285.199951171875,643,69.80999755859375,28845.57,28845.57,28553.79,28562.77,-0.001754797997272517,291.77999999999884,Gold,GC=F,₹/10g,Precious metal
2019-04-17,1272.199951171875,1273.5,1271.5999755859375,1273.5,308,69.88500213623047,28613.68,28613.68,28570.99,28584.47,0.0007597302362480907,42.68999999999869,Gold,GC=F,₹/10g,Precious metal
2019-04-18,1271.9000244140625,1273.5999755859375,1270.0999755859375,1270.800048828125,27,69.4010009765625,28355.26,28417.74,28339.64,28379.81,-0.007159831894731683,78.10000000000218,Gold,GC=F,₹/10g,Precious metal
2019-04-22,1273.5,1273.5,1273.5,1273.5,147,69.36000061035156,28398.72,28398.72,28398.72,28398.72,0.0006663187667570458,0.0,Gold,GC=F,₹/10g,Precious metal
2019-04-23,1269.300048828125,1269.800048828125,1266.0,1266.4000244140625,206,70.0625,28526.42,28603.01,28517.41,28591.75,0.006797137335767145,85.59999999999854,Gold,GC=F,₹/10g,Precious metal
2019-04-24,1275.5,1275.5,1267.800048828125,1268.4000244140625,518,69.75800323486328,28447.3,28606.53,28433.84,28606.53,0.0005169323318789942,172.6899999999987,Gold,GC=F,₹/10g,Precious metal
2019-04-25,1275.800048828125,1280.800048828125,1275.800048828125,1280.5999755859375,95,70.0958023071289,28859.99,28864.5,28751.82,28751.82,0.0050789103047450546,112.68000000000029,Gold,GC=F,₹/10g,Precious metal
2019-04-26,1284.9000244140625,1284.9000244140625,1284.9000244140625,1284.9000244140625,804,70.16000366210938,28983.42,28983.42,28983.42,28983.42,0.008055142248386327,0.0,Gold,GC=F,₹/10g,Precious metal
2019-04-29,1278.5999755859375,1284.9000244140625,1277.0999755859375,1284.800048828125,568,69.84200286865234,28849.81,28852.06,28676.91,28710.59,-0.00941331285265845,175.15000000000146,Gold,GC=F,₹/10g,Precious metal
2019-04-30,1282.800048828125,1283.300048828125,1280.800048828125,1281.699951171875,114,69.81179809570312,28767.75,28803.67,28747.55,28792.44,0.00285086443712923,56.11999999999898,Gold,GC=F,₹/10g,Precious metal
2019-05-01,1281.4000244140625,1283.300048828125,1278.699951171875,1278.699951171875,70,69.55599975585938,28595.26,28698.13,28595.26,28655.64,-0.004751247202390618,102.87000000000262,Gold,GC=F,₹/10g,Precious metal
2019-05-02,1269.699951171875,1270.800048828125,1266.5999755859375,1269.199951171875,63,69.63289642333984,28414.19,28450.01,28355.98,28425.38,-0.008035416413662344,94.02999999999884,Gold,GC=F,₹/10g,Precious metal
2019-05-03,1279.199951171875,1279.199951171875,1270.0999755859375,1270.0999755859375,15,69.42440032958984,28349.2,28552.31,28349.2,28552.31,0.004465375660765103,203.11000000000058,Gold,GC=F,₹/10g,Precious metal
2019-05-06,1281.699951171875,1282.199951171875,1280.300048828125,1282.199951171875,12,69.16799926757812,28513.58,28513.58,28471.33,28502.46,-0.0017459182812179508,42.25,Gold,GC=F,₹/10g,Precious metal
2019-05-07,1283.5,1283.5,1280.5,1280.5,8,69.40029907226562,28571.41,28638.35,28571.41,28638.35,0.004767658651218198,66.93999999999869,Gold,GC=F,₹/10g,Precious metal
2019-05-08,1279.4000244140625,1279.4000244140625,1279.4000244140625,1279.4000244140625,5,69.91000366210938,28756.53,28756.53,28756.53,28756.53,0.004126634390598571,0.0,Gold,GC=F,₹/10g,Precious metal
2019-05-09,1283.5,1285.0,1278.800048828125,1278.9000244140625,38,70.01000213623047,28786.4,28923.71,28784.15,28889.94,0.004639294101200564,139.55999999999767,Gold,GC=F,₹/10g,Precious metal
2019-05-10,1285.699951171875,1286.5,1283.300048828125,1285.4000244140625,6,70.41000366210938,29098.02,29122.92,29050.48,29104.81,0.00743753708038164,72.43999999999869,Gold,GC=F,₹/10g,Precious metal
2019-05-13,1300.0999755859375,1300.0999755859375,1281.800048828125,1286.699951171875,56,69.92250061035156,28925.77,29227.01,28815.62,29227.01,0.004198618716287683,411.3899999999994,Gold,GC=F,₹/10g,Precious metal
2019-05-14,1294.699951171875,1297.800048828125,1294.699951171875,1297.800048828125,6,70.61699676513672,29465.09,29465.09,29394.71,29394.71,0.005737843179989932,70.38000000000102,Gold,GC=F,₹/10g,Precious metal
2019-05-15,1296.300048828125,1296.9000244140625,1296.0,1296.9000244140625,55,70.30699920654297,29315.4,29315.4,29295.05,29301.84,-0.00315941201665193,20.350000000002183,Gold,GC=F,₹/10g,Precious metal
2019-05-16,1285.0,1285.4000244140625,1285.0,1285.199951171875,3,70.20919799804688,29010.52,29015.03,29006.0,29006.0,-0.010096294294146713,9.029999999998836,Gold,GC=F,₹/10g,Precious metal
2019-05-17,1274.5,1280.0,1274.5,1280.0,1,70.23500061035156,28903.76,28903.76,28779.56,28779.56,-0.0078066606908915315,124.19999999999709,Gold,GC=F,₹/10g,Precious metal
2019-05-20,1276.0999755859375,1276.0999755859375,1276.0999755859375,1276.0999755859375,20,70.28150177001953,28834.77,28834.77,28834.77,28834.77,0.0019183754025426936,0.0,Gold,GC=F,₹/10g,Precious metal
2019-05-21,1272.0,1272.0,1272.0,1272.0,0,70.12750244140625,28679.15,28679.15,28679.15,28679.15,-0.005396956521588336,0.0,Gold,GC=F,₹/10g,Precious metal
2019-05-22,1273.5999755859375,1273.5999755859375,1273.5999755859375,1273.5999755859375,0,70.12750244140625,28715.22,28715.22,28715.22,28715.22,0.0012577081259381728,0.0,Gold,GC=F,₹/10g,Precious metal
2019-05-23,1284.800048828125,1284.800048828125,1284.800048828125,1284.800048828125,0,69.97250366210938,28903.72,28903.72,28903.72,28903.72,0.006564463026924372,0.0,Gold,GC=F,₹/10g,Precious metal
2019-05-24,1283.0,1283.0,1283.0,1283.0,9,69.94499969482422,28851.88,28851.88,28851.88,28851.88,-0.0017935407622271526,0.0,Gold,GC=F,₹/10g,Precious metal
2019-05-28,1276.5,1276.5,1276.5,1276.5,0,69.72000122070312,28613.37,28613.37,28613.37,28613.37,-0.008266705670479824,0.0,Gold,GC=F,₹/10g,Precious metal
2019-05-29,1280.5999755859375,1280.5999755859375,1280.5999755859375,1280.5999755859375,189694,69.875,28769.08,28769.08,28769.08,28769.08,0.00544186161923621,0.0,Gold,GC=F,₹/10g,Precious metal
2019-05-30,1287.0999755859375,1288.300048828125,1273.9000244140625,1279.4000244140625,55573,69.81500244140625,28717.45,28917.22,28594.0,28890.28,0.004212856302669321,323.22000000000116,Gold,GC=F,₹/10g,Precious metal
2019-05-31,1305.800048828125,1306.4000244140625,1287.5,1287.699951171875,2814,69.9800033569336,28972.06,29392.79,28967.56,29379.3,0.016926800294078115,425.22999999999956,Gold,GC=F,₹/10g,Precious metal
2019-06-03,1322.699951171875,1327.800048828125,1307.0,1307.0,812,69.5696029663086,29233.84,29699.08,29233.84,29585.0,0.007001528286923131,465.2400000000016,Gold,GC=F,₹/10g,Precious metal
2019-06-04,1323.4000244140625,1328.5999755859375,1320.800048828125,1324.300048828125,302,69.16190338134766,29447.2,29542.82,29369.38,29427.19,-0.005334122021294574,173.4399999999987,Gold,GC=F,₹/10g,Precious metal
2019-06-05,1328.300048828125,1343.300048828125,1326.300048828125,1328.9000244140625,622,69.55999755859375,29719.58,30041.62,29661.43,29706.16,0.009480008114943983,380.1899999999987,Gold,GC=F,₹/10g,Precious metal
2019-06-06,1337.5999755859375,1338.699951171875,1326.199951171875,1330.800048828125,161,69.625,29789.88,29966.72,29686.91,29942.1,0.007942460418983721,279.8100000000013,Gold,GC=F,₹/10g,Precious metal
2019-06-07,1341.199951171875,1347.699951171875,1329.800048828125,1333.0999755859375,240,69.36000061035156,29727.78,30053.36,29654.2,29908.41,-0.0011251715811515517,399.15999999999985,Gold,GC=F,₹/10g,Precious metal
2019-06-10,1324.699951171875,1336.5,1324.0999755859375,1335.800048828125,268,69.34500122070312,29781.55,29797.16,29520.7,29534.08,-0.012515877641104844,276.4599999999991,Gold,GC=F,₹/10g,Precious metal
2019-06-11,1326.4000244140625,1328.4000244140625,1319.0999755859375,1328.4000244140625,201,69.52349853515625,29692.81,29692.81,29484.93,29648.1,0.0038606247426700158,207.88000000000102,Gold,GC=F,₹/10g,Precious metal
2019-06-12,1331.9000244140625,1334.5,1326.9000244140625,1326.9000244140625,139,69.3864974975586,29600.83,29770.37,29600.83,29712.37,0.0021677611718795564,169.53999999999724,Gold,GC=F,₹/10g,Precious metal
2019-06-13,1339.199951171875,1341.0999755859375,1331.5999755859375,1331.5999755859375,157,69.69999694824219,29839.89,30052.78,29839.89,30010.2,0.010023771244098034,212.88999999999942,Gold,GC=F,₹/10g,Precious metal
2019-06-14,1340.0999755859375,1355.4000244140625,1339.300048828125,1345.4000244140625,914,69.80000305175781,30192.4,30416.81,30055.51,30073.46,0.0021079499636789123,361.3000000000029,Gold,GC=F,₹/10g,Precious metal
2019-06-17,1338.699951171875,1340.300048828125,1335.0,1339.0,76,69.77050018310547,30036.07,30065.24,29946.35,30029.34,-0.001467074290753323,118.89000000000306,Gold,GC=F,₹/10g,Precious metal
2019-06-18,1346.5999755859375,1349.300048828125,1341.5999755859375,1349.300048828125,29,70.11250305175781,30415.49,30415.49,30241.91,30354.62,0.010832072899370937,173.58000000000175,Gold,GC=F,₹/10g,Precious metal
2019-06-19,1344.5999755859375,1344.5999755859375,1344.0,1344.0,129,69.76499938964844,30145.85,30159.31,30145.85,30159.31,-0.006434275902646669,13.460000000002765,Gold,GC=F,₹/10g,Precious metal
2019-06-20,1392.9000244140625,1392.9000244140625,1379.5,1381.5,76,69.87000274658203,31033.62,31289.7,30988.69,31289.7,0.037480632017111715,301.01000000000204,Gold,GC=F,₹/10g,Precious metal
2019-06-21,1396.199951171875,1406.0,1390.300048828125,1406.0,35,69.77999877929688,31543.29,31543.29,31191.07,31323.43,0.0010779905208422313,352.22000000000116,Gold,GC=F,₹/10g,Precious metal
2019-06-24,1414.300048828125,1420.5999755859375,1402.0999755859375,1406.0,125,69.56990051269531,31448.32,31774.88,31361.09,31633.97,0.009913984515744323,413.7900000000009,Gold,GC=F,₹/10g,Precious metal
2019-06-25,1414.9000244140625,1433.300048828125,1414.9000244140625,1418.0999755859375,105,69.60250091552734,31733.83,32073.97,31662.22,31662.22,0.0008930273373843889,411.75,Gold,GC=F,₹/10g,Precious metal
2019-06-26,1411.5999755859375,1413.300048828125,1405.800048828125,1407.199951171875,1333,69.63749694824219,31505.74,31642.32,31474.4,31604.25,-0.0018308886742622876,167.91999999999825,Gold,GC=F,₹/10g,Precious metal
2019-06-27,1408.4000244140625,1410.800048828125,1399.800048828125,1407.0,437,69.60250091552734,31485.43,31570.47,31324.32,31516.76,-0.002768298567439542,246.15000000000146,Gold,GC=F,₹/10g,Precious metal
2019-06-28,1409.699951171875,1422.0,1408.300048828125,1408.300048828125,356,69.32499694824219,31388.88,31694.23,31388.88,31420.08,-0.00306757420496262,305.34999999999854,Gold,GC=F,₹/10g,Precious metal
2019-07-01,1385.5999755859375,1395.800048828125,1382.800048828125,1386.5999755859375,214,68.94049835205078,30733.81,30937.72,30649.58,30711.64,-0.022547364615239762,288.1399999999994,Gold,GC=F,₹/10g,Precious metal
2019-07-02,1404.5999755859375,1418.4000244140625,1390.800048828125,1391.0999755859375,38,69.1675033569336,30935.08,31542.17,30928.41,31235.29,0.01705053849289717,613.7599999999984,Gold,GC=F,₹/10g,Precious metal
2019-07-03,1417.699951171875,1434.0,1413.0999755859375,1431.0,46,69.0824966430664,31783.26,31849.89,31385.69,31487.86,0.008086046263697133,464.2000000000007,Gold,GC=F,₹/10g,Precious metal
2019-07-05,1396.699951171875,1418.300048828125,1390.199951171875,1418.300048828125,20,68.73999786376953,31345.01,31345.01,30723.98,30867.64,-0.01969711501512017,621.0299999999988,Gold,GC=F,₹/10g,Precious metal
2019-07-08,1397.0,1397.0,1393.5999755859375,1395.9000244140625,14,68.44000244140625,30715.32,30739.53,30664.71,30739.53,-0.004150301092017417,74.81999999999971,Gold,GC=F,₹/10g,Precious metal
2019-07-09,1397.5,1397.5,1386.199951171875,1394.5,53,68.8499984741211,30868.33,30934.74,30684.61,30934.74,0.006350454935387884,250.13000000000102,Gold,GC=F,₹/10g,Precious metal
2019-07-10,1410.0999755859375,1410.0999755859375,1409.9000244140625,1409.9000244140625,50,68.76499938964844,31170.7,31175.12,31170.7,31175.12,0.007770551813268689,4.419999999998254,Gold,GC=F,₹/10g,Precious metal
2019-07-11,1404.300048828125,1424.0,1404.300048828125,1424.0,6,68.36759948730469,31300.48,31300.48,30867.47,30867.47,-0.009868446376469331,433.0099999999984,Gold,GC=F,₹/10g,Precious metal
2019-07-12,1409.9000244140625,1410.0999755859375,1405.5999755859375,1405.5999755859375,8,68.66999816894531,31032.7,31132.05,31032.7,31127.63,0.008428290365229074,99.34999999999854,Gold,GC=F,₹/10g,Precious metal
2019-07-15,1411.4000244140625,1415.0,1411.4000244140625,1414.4000244140625,25,68.55030059814453,31172.55,31185.78,31106.43,31106.43,-0.0006810669492023358,79.34999999999854,Gold,GC=F,₹/10g,Precious metal
2019-07-16,1409.199951171875,1413.699951171875,1405.0,1413.5999755859375,13,68.74749755859375,31244.54,31246.75,31054.46,31147.29,0.0013135547859397523,192.29000000000087,Gold,GC=F,₹/10g,Precious metal
2019-07-17,1421.300048828125,1421.300048828125,1404.5999755859375,1404.5999755859375,6,68.8949966430664,31112.23,31482.14,31112.23,31482.14,0.010750533995092404,369.90999999999985,Gold,GC=F,₹/10g,Precious metal
2019-07-18,1426.0999755859375,1444.199951171875,1419.5,1422.300048828125,66,68.78600311279297,31454.45,31938.77,31392.52,31538.48,0.0017895860954815213,546.25,Gold,GC=F,₹/10g,Precious metal
2019-07-19,1425.0999755859375,1442.0,1425.0999755859375,1440.5,22,68.8499984741211,31886.58,31919.78,31545.69,31545.69,0.00022860962227722048,374.09000000000015,Gold,GC=F,₹/10g,Precious metal
2019-07-22,1425.300048828125,1425.300048828125,1424.0,1425.300048828125,1,68.83000183105469,31540.95,31540.95,31512.18,31540.95,-0.00015025824447012504,28.770000000000437,Gold,GC=F,₹/10g,Precious metal
2019-07-23,1420.0999755859375,1421.300048828125,1416.300048828125,1418.5999755859375,5,69.16000366210938,31543.2,31603.23,31492.06,31576.55,0.0011286914312980123,111.16999999999825,Gold,GC=F,₹/10g,Precious metal
2019-07-24,1422.800048828125,1422.800048828125,1422.800048828125,1422.800048828125,20,69.0199966430664,31572.54,31572.54,31572.54,31572.54,-0.00012699297421658873,0.0,Gold,GC=F,₹/10g,Precious metal
2019-07-25,1413.9000244140625,1413.9000244140625,1413.9000244140625,1413.9000244140625,4,69.18499755859375,31450.05,31450.05,31450.05,31450.05,-0.003879637178383577,0.0,Gold,GC=F,₹/10g,Precious metal
2019-07-26,1418.5,1423.0,1418.5,1422.800048828125,5,69.15049743652344,31632.24,31636.68,31536.64,31536.64,0.002753254764300772,100.04000000000087,Gold,GC=F,₹/10g,Precious metal
2019-07-29,1419.5999755859375,1419.5999755859375,1419.5999755859375,1419.5999755859375,224267,68.87000274658203,31433.07,31433.07,31433.07,31433.07,-0.0032841165070216505,0.0,Gold,GC=F,₹/10g,Precious metal
2019-07-30,1429.699951171875,1433.9000244140625,1422.0999755859375,1426.300048828125,73874,68.94999694824219,31618.11,31786.58,31525.0,31693.48,0.008284586901629476,261.58000000000175,Gold,GC=F,₹/10g,Precious metal
2019-07-31,1426.0999755859375,1435.800048828125,1411.199951171875,1431.300048828125,3294,69.07749938964844,31787.62,31887.56,31341.22,31672.13,-0.0006736401303990558,546.3400000000001,Gold,GC=F,₹/10g,Precious metal
2019-08-01,1420.9000244140625,1445.199951171875,1400.9000244140625,1411.300048828125,2431,69.40499877929688,31492.04,32248.49,31259.98,31706.26,0.0010776035587123367,988.510000000002,Gold,GC=F,₹/10g,Precious metal
2019-08-02,1445.5999755859375,1448.0,1432.300048828125,1448.0,1873,69.29720306396484,32260.79,32260.79,31911.0,32207.32,0.015803188392450096,349.7900000000009,Gold,GC=F,₹/10g,Precious metal
2019-08-05,1464.5999755859375,1469.699951171875,1440.4000244140625,1440.4000244140625,1008,69.65689849853516,32258.04,32914.22,32258.04,32800.0,0.01840202786198919,656.1800000000003,Gold,GC=F,₹/10g,Precious metal
2019-08-06,1472.4000244140625,1475.0,1457.699951171875,1469.699951171875,460,71.5199966430664,33794.57,33916.44,33518.64,33856.65,0.03221493902439021,397.8000000000029,Gold,GC=F,₹/10g,Precious metal
2019-08-07,1507.300048828125,1509.9000244140625,1473.199951171875,1473.5,824,71.2300033569336,33744.57,34578.16,33737.69,34518.62,0.019552141159860703,840.4700000000012,Gold,GC=F,₹/10g,Precious metal
2019-08-08,1497.699951171875,1508.5,1492.0,1498.4000244140625,367,71.16510009765625,34283.53,34514.62,34137.1,34267.52,-0.007274334837256147,377.5200000000041,Gold,GC=F,₹/10g,Precious metal
2019-08-09,1496.5999755859375,1507.5,1495.5999755859375,1506.199951171875,74,70.47090148925781,34125.83,34155.28,33885.67,33908.32,-0.0104822292363147,269.6100000000006,Gold,GC=F,₹/10g,Precious metal
2019-08-12,1505.300048828125,1514.9000244140625,1488.0999755859375,1496.0,257,71.03500366210938,34166.05,34597.69,33985.62,34378.44,0.013864443888697675,612.0699999999997,Gold,GC=F,₹/10g,Precious metal
2019-08-13,1502.199951171875,1531.4000244140625,1483.699951171875,1510.4000244140625,672,71.58000183105469,34759.57,35242.86,34145.11,34570.86,0.0055971126089491285,1097.75,Gold,GC=F,₹/10g,Precious metal
2019-08-14,1515.9000244140625,1520.5,1497.0,1500.0,328,71.08000183105469,34279.1,34747.58,34210.54,34642.46,0.002071108442196712,537.0400000000009,Gold,GC=F,₹/10g,Precious metal
2019-08-15,1519.5999755859375,1522.699951171875,1510.5999755859375,1519.800048828125,87,71.63520050048828,35002.87,35069.66,34790.98,34998.26,0.010270633205609725,278.6800000000003,Gold,GC=F,₹/10g,Precious metal
2019-08-16,1512.5,1524.5999755859375,1504.699951171875,1524.5999755859375,1815,71.72000122070312,35154.99,35154.99,34696.12,34875.98,-0.003493887981859678,458.86999999999534,Gold,GC=F,₹/10g,Precious metal
2019-08-19,1500.4000244140625,1507.5999755859375,1492.9000244140625,1507.199951171875,205,71.13200378417969,34468.84,34477.99,34141.81,34313.33,-0.016132879993623117,336.1800000000003,Gold,GC=F,₹/10g,Precious metal
2019-08-20,1504.5999755859375,1506.0999755859375,1497.5,1497.5,486,71.99500274658203,34662.5,34861.57,34662.5,34826.85,0.014965612489373559,199.0699999999997,Gold,GC=F,₹/10g,Precious metal
2019-08-21,1504.5999755859375,1505.0,1498.800048828125,1504.9000244140625,350,71.80999755859375,34744.28,34746.59,34603.45,34737.35,-0.0025698563033981214,143.13999999999942,Gold,GC=F,₹/10g,Precious metal
2019-08-22,1497.300048828125,1497.300048828125,1493.800048828125,1495.0999755859375,686,71.43779754638672,34339.11,34389.64,34309.25,34389.64,-0.010009686979576715,80.38999999999942,Gold,GC=F,₹/10g,Precious metal
2019-08-23,1526.5999755859375,1527.5999755859375,1493.5,1493.5,983,71.92040252685547,34534.09,35322.59,34534.09,35299.46,0.026456223444037308,788.5,Gold,GC=F,₹/10g,Precious metal
2019-08-26,1526.300048828125,1543.300048828125,1524.300048828125,1543.199951171875,334,71.50250244140625,35475.96,35478.26,35041.48,35087.46,-0.006005757595158645,436.77999999999884,Gold,GC=F,₹/10g,Precious metal
2019-08-27,1541.0,1542.0999755859375,1528.5,1530.5,166,72.16000366210938,35507.54,35776.66,35461.14,35751.14,0.01891501978199628,315.5200000000041,Gold,GC=F,₹/10g,Precious metal
2019-08-28,1537.800048828125,1538.0999755859375,1537.800048828125,1538.0999755859375,2756,71.53500366210938,35374.79,35374.79,35367.89,35367.89,-0.010719937881701114,6.900000000001455,Gold,GC=F,₹/10g,Precious metal
2019-08-29,1526.5,1549.300048828125,1519.5999755859375,1537.5,704,72.08499908447266,35632.87,35906.34,35218.02,35377.93,0.00028387330994306126,688.3199999999997,Gold,GC=F,₹/10g,Precious metal
2019-08-30,1519.0999755859375,1530.4000244140625,1516.699951171875,1524.5999755859375,276,71.6801986694336,35135.48,35269.14,34953.41,35008.73,-0.010435884745093826,315.7299999999959,Gold,GC=F,₹/10g,Precious metal
2019-09-03,1545.9000244140625,1547.300048828125,1521.0,1522.9000244140625,139,71.96209716796875,35234.32,35798.85,35190.36,35766.46,0.02164402993196246,608.489999999998,Gold,GC=F,₹/10g,Precious metal
2019-09-04,1550.300048828125,1553.199951171875,1534.800048828125,1549.0,46,72.45999908447266,36086.14,36183.99,35755.34,36116.43,0.009784865485709338,428.65000000000146,Gold,GC=F,₹/10g,Precious metal
2019-09-05,1515.4000244140625,1551.0999755859375,1511.0999755859375,1551.0,125,71.95570373535156,35881.27,35883.58,34958.21,35057.69,-0.02931463602576434,925.3700000000026,Gold,GC=F,₹/10g,Precious metal
2019-09-06,1506.199951171875,1526.0,1504.5,1517.300048828125,54,72.22000122070312,35230.57,35432.58,34933.37,34972.84,-0.002420296374347708,499.2099999999991,Gold,GC=F,₹/10g,Precious metal
2019-09-09,1502.199951171875,1513.0,1498.0,1509.0,69,71.66999816894531,34771.02,34863.18,34517.55,34614.33,-0.010251097708964818,345.6299999999974,Gold,GC=F,₹/10g,Precious metal
2019-09-10,1490.300048828125,1498.5,1486.9000244140625,1498.5,23,72.09249877929688,34732.62,34732.62,34463.75,34542.56,-0.0020734187257128722,268.8700000000026,Gold,GC=F,₹/10g,Precious metal
2019-09-11,1494.4000244140625,1496.5999755859375,1490.199951171875,1491.699951171875,8,71.85900115966797,34463.02,34576.23,34428.37,34525.4,-0.0004967784669114295,147.86000000000058,Gold,GC=F,₹/10g,Precious metal
2019-09-12,1498.699951171875,1515.4000244140625,1498.699951171875,1499.5,27,71.56009674072266,34499.13,34864.94,34480.72,34480.72,-0.0012941196915894349,384.22000000000116,Gold,GC=F,₹/10g,Precious metal
2019-09-13,1490.9000244140625,1490.9000244140625,1486.9000244140625,1490.9000244140625,1,71.28500366210938,34169.41,34169.41,34077.73,34169.41,-0.009028523766325014,91.68000000000029,Gold,GC=F,₹/10g,Precious metal
2019-09-16,1503.0999755859375,1506.800048828125,1496.9000244140625,1506.5999755859375,21,71.02069854736328,34401.2,34405.77,34179.72,34321.29,0.004444911398821194,226.04999999999563,Gold,GC=F,₹/10g,Precious metal
2019-09-17,1505.0999755859375,1505.0999755859375,1497.9000244140625,1497.9000244140625,3,71.74909973144531,34553.34,34719.43,34553.34,34719.43,0.011600379822553242,166.09000000000378,Gold,GC=F,₹/10g,Precious metal
2019-09-18,1507.5,1509.4000244140625,1489.300048828125,1508.9000244140625,8,71.70999908447266,34788.12,34799.64,34336.23,34755.84,0.001048692331642398,463.4099999999962,Gold,GC=F,₹/10g,Precious metal
2019-09-19,1498.4000244140625,1502.4000244140625,1496.0999755859375,1496.0999755859375,10,71.5425033569336,34412.44,34557.35,34412.44,34465.35,-0.008358019832062746,144.90999999999622,Gold,GC=F,₹/10g,Precious metal
2019-09-20,1507.300048828125,1507.300048828125,1503.0,1503.0,2,71.71749877929688,34655.71,34754.86,34655.71,34754.86,0.008400030755526977,99.15000000000146,Gold,GC=F,₹/10g,Precious metal
2019-09-23,1523.699951171875,1523.699951171875,1515.5,1515.5,5,71.19159698486328,34687.69,34875.38,34687.69,34875.38,0.0034677164574967723,187.68999999999505,Gold,GC=F,₹/10g,Precious metal
2019-09-24,1532.0999755859375,1533.0,1515.0999755859375,1515.0999755859375,25,70.78959655761719,34482.72,34890.11,34482.72,34869.63,-0.00016487275550836067,407.3899999999994,Gold,GC=F,₹/10g,Precious metal
2019-09-25,1504.5999755859375,1527.9000244140625,1504.5999755859375,1527.5999755859375,25,71.28500366210938,35010.52,35017.4,34483.39,34483.39,-0.011076687650542816,534.010000000002,Gold,GC=F,₹/10g,Precious metal
2019-09-26,1507.5,1507.5,1507.5,1507.5,8178,71.30999755859375,34561.97,34561.97,34561.97,34561.97,0.0022787782755697705,0.0,Gold,GC=F,₹/10g,Precious metal
2019-09-27,1499.0999755859375,1506.0999755859375,1485.5999755859375,1504.199951171875,7827,71.21499633789062,34440.37,34483.87,34014.5,34323.6,-0.006896886954071313,469.3700000000026,Gold,GC=F,₹/10g,Precious metal
2019-09-30,1465.699951171875,1495.9000244140625,1463.5,1495.9000244140625,1078,70.49870300292969,33905.83,33905.83,33171.46,33221.32,-0.03211434697992044,734.3700000000026,Gold,GC=F,₹/10g,Precious metal
2019-10-01,1482.0,1485.5,1458.300048828125,1468.699951171875,219,70.92250061035156,33489.44,33872.51,33252.3,33792.71,0.017199497190358404,620.2099999999991,Gold,GC=F,₹/10g,Precious metal
2019-10-02,1501.0,1503.699951171875,1474.0999755859375,1476.5999755859375,205,71.0999984741211,33753.84,34373.32,33696.69,34311.6,0.015355086940348928,676.6299999999974,Gold,GC=F,₹/10g,Precious metal
2019-10-03,1507.0999755859375,1518.199951171875,1496.5999755859375,1497.4000244140625,1213,71.1416015625,34249.34,34725.09,34231.04,34471.2,0.0046514881264645425,494.04999999999563,Gold,GC=F,₹/10g,Precious metal
2019-10-04,1506.199951171875,1508.699951171875,1497.0999755859375,1505.5999755859375,233,71.0199966430664,34378.03,34448.81,34183.95,34391.73,-0.0023054027710086578,264.8600000000006,Gold,GC=F,₹/10g,Precious metal
2019-10-07,1497.699951171875,1505.800048828125,1489.0999755859375,1504.800048828125,121,70.81500244140625,34260.59,34283.36,33903.14,34098.94,-0.008513383886184278,380.22000000000116,Gold,GC=F,₹/10g,Precious metal
2019-10-08,1497.199951171875,1506.300048828125,1489.300048828125,1489.4000244140625,46,71.36000061035156,34170.94,34558.67,34168.65,34349.89,0.007359466305990603,390.0199999999968,Gold,GC=F,₹/10g,Precious metal
2019-10-09,1506.0999755859375,1507.699951171875,1498.4000244140625,1507.699951171875,120,71.20999908447266,34518.08,34518.08,34305.16,34481.45,0.003829997708871824,212.91999999999825,Gold,GC=F,₹/10g,Precious metal
2019-10-10,1494.800048828125,1511.199951171875,1490.5999755859375,1511.199951171875,78,71.41000366210938,34695.39,34695.39,34222.43,34318.86,-0.004715288945215335,472.9599999999991,Gold,GC=F,₹/10g,Precious metal
2019-10-11,1482.699951171875,1494.9000244140625,1476.9000244140625,1491.9000244140625,57,70.9800033569336,34046.03,34114.49,33703.72,33836.08,-0.014067483593569241,410.7699999999968,Gold,GC=F,₹/10g,Precious metal
2019-10-14,1491.699951171875,1493.5,1481.300048828125,1484.4000244140625,400,70.91400146484375,33843.38,34050.85,33772.7,34009.81,0.005134460020191245,278.15000000000146,Gold,GC=F,₹/10g,Precious metal
2019-10-15,1477.5999755859375,1495.4000244140625,1476.5999755859375,1488.9000244140625,367,71.45249938964844,34203.75,34353.07,33921.19,33944.16,-0.0019303253972896561,431.8799999999974,Gold,GC=F,₹/10g,Precious metal
2019-10-16,1488.0,1488.0,1480.0,1482.0,383,71.76000213623047,34191.75,34330.18,34145.61,34330.18,0.011372206588703193,184.5699999999997,Gold,GC=F,₹/10g,Precious metal
2019-10-17,1492.300048828125,1493.199951171875,1485.800048828125,1486.199951171875,271,71.62000274658203,34221.76,34382.94,34212.55,34362.22,0.0009332896011613467,170.38999999999942,Gold,GC=F,₹/10g,Precious metal
2019-10-18,1488.199951171875,1489.0999755859375,1486.5999755859375,1487.300048828125,82,71.42250061035156,34152.65,34193.98,34136.57,34173.31,-0.005497607546893213,57.41000000000349,Gold,GC=F,₹/10g,Precious metal
2019-10-21,1482.4000244140625,1489.9000244140625,1481.5,1489.9000244140625,72,71.02999877929688,34024.34,34024.34,33832.51,33853.06,-0.009371348575832994,191.82999999999447,Gold,GC=F,₹/10g,Precious metal
2019-10-22,1481.699951171875,1483.5,1481.699951171875,1483.4000244140625,99,71.1050033569336,33911.67,33913.96,33872.81,33872.81,0.0005834036864023062,41.150000000001455,Gold,GC=F,₹/10g,Precious metal
2019-10-23,1489.9000244140625,1490.300048828125,1486.4000244140625,1486.4000244140625,67,71.07499694824219,33965.91,34055.03,33965.91,34045.89,0.005109703033199908,89.11999999999534,Gold,GC=F,₹/10g,Precious metal
2019-10-24,1498.9000244140625,1501.199951171875,1485.9000244140625,1490.5,115,70.71499633789062,33887.09,34130.35,33782.51,34078.07,0.0009451948531820076,347.8399999999965,Gold,GC=F,₹/10g,Precious metal
2019-10-25,1499.5,1514.300048828125,1499.0,1501.4000244140625,93,71.19000244140625,34364.19,34659.45,34309.26,34320.71,0.007120121532704138,350.18999999999505,Gold,GC=F,₹/10g,Precious metal
2019-10-28,1490.0,1504.0999755859375,1490.0,1504.0999755859375,37,70.83000183105469,34251.9,34251.9,33930.81,33930.81,-0.011360487588980561,321.0900000000038,Gold,GC=F,₹/10g,Precious metal
2019-10-29,1487.0,1487.0,1485.9000244140625,1485.9000244140625,425,70.73500061035156,33792.06,33817.08,33792.06,33817.08,-0.003351820955644569,25.020000000004075,Gold,GC=F,₹/10g,Precious metal
2019-10-30,1493.199951171875,1495.4000244140625,1481.0,1487.199951171875,320,70.88459777832031,33893.15,34080.03,33751.86,34029.89,0.00629297384635219,328.16999999999825,Gold,GC=F,₹/10g,Precious metal
2019-10-31,1511.4000244140625,1513.0999755859375,1496.0999755859375,1496.0999755859375,210,70.98999786376953,34146.68,34534.69,34146.68,34495.89,0.013693843853153753,388.01000000000204,Gold,GC=F,₹/10g,Precious metal
2019-11-01,1508.0,1511.5999755859375,1503.0,1511.0,235,70.97000122070312,34477.04,34490.73,34294.5,34408.59,-0.0025307362703209657,196.2300000000032,Gold,GC=F,₹/10g,Precious metal
2019-11-04,1508.0,1511.5999755859375,1508.0,1511.5999755859375,101,70.51210021972656,34268.2,34268.2,34186.59,34186.59,-0.006451877278319196,81.61000000000058,Gold,GC=F,₹/10g,Precious metal
2019-11-05,1480.800048828125,1507.0999755859375,1480.800048828125,1507.0999755859375,31,71.0,34402.59,34402.59,33802.24,33802.24,-0.01124271242027941,600.3499999999985,Gold,GC=F,₹/10g,Precious metal
2019-11-06,1490.199951171875,1491.0,1483.199951171875,1483.199951171875,567,70.8949966430664,33806.95,33984.74,33806.95,33966.51,0.00485973710618004,177.79000000000087,Gold,GC=F,₹/10g,Precious metal
2019-11-07,1464.199951171875,1489.0999755859375,1464.199951171875,1489.0999755859375,581,71.0,33991.7,33991.7,33423.31,33423.31,-0.015992222927819322,568.3899999999994,Gold,GC=F,₹/10g,Precious metal
2019-11-08,1461.300048828125,1469.0999755859375,1461.300048828125,1469.0999755859375,21,71.37650299072266,33713.0,33713.0,33534.0,33534.0,0.003311760564707722,179.0,Gold,GC=F,₹/10g,Precious metal
2019-11-11,1455.5,1461.0,1449.300048828125,1461.0,22,71.37650299072266,33527.12,33527.12,33258.63,33400.9,-0.003969105981988408,268.49000000000524,Gold,GC=F,₹/10g,Precious metal
2019-11-12,1452.0999755859375,1454.9000244140625,1447.0999755859375,1454.9000244140625,6,71.5739974975586,33479.52,33479.52,33300.02,33415.08,0.0004245394585176143,179.5,Gold,GC=F,₹/10g,Precious metal
2019-11-13,1461.699951171875,1463.300048828125,1456.800048828125,1456.800048828125,56,71.77999877929688,33619.72,33769.73,33619.72,33732.8,0.009508281889494263,150.01000000000204,Gold,GC=F,₹/10g,Precious metal
2019-11-14,1471.800048828125,1471.800048828125,1463.699951171875,1463.800048828125,83,72.1415023803711,33951.4,34136.95,33949.08,34136.95,0.011980920646966542,187.86999999999534,Gold,GC=F,₹/10g,Precious metal
2019-11-15,1467.300048828125,1469.0999755859375,1467.300048828125,1469.0999755859375,13,71.95580291748047,33986.62,33986.62,33944.98,33944.98,-0.005623525241710059,41.63999999999942,Gold,GC=F,₹/10g,Precious metal
2019-11-18,1470.9000244140625,1472.0,1469.699951171875,1472.0,141,71.70580291748047,33935.39,33935.39,33882.37,33910.03,-0.0010296073233805325,53.0199999999968,Gold,GC=F,₹/10g,Precious metal
2019-11-19,1473.300048828125,1474.300048828125,1467.699951171875,1467.699951171875,18,71.93509674072266,33944.46,34097.1,33944.46,34073.97,0.0048345577989756805,152.63999999999942,Gold,GC=F,₹/10g,Precious metal
2019-11-20,1473.300048828125,1474.5,1467.300048828125,1472.5999755859375,31,71.85099792480469,34017.97,34061.86,33895.53,34034.14,-0.0011689274833546204,166.33000000000175,Gold,GC=F,₹/10g,Precious metal
2019-11-21,1463.0999755859375,1463.0999755859375,1463.0999755859375,1463.0999755859375,16,71.76820373535156,33759.56,33759.56,33759.56,33759.56,-0.008067781351313807,0.0,Gold,GC=F,₹/10g,Precious metal
2019-11-22,1463.0999755859375,1468.5999755859375,1463.0999755859375,1468.5999755859375,19,71.7405014038086,33873.39,33873.39,33746.53,33746.53,-0.0003859647459859561,126.86000000000058,Gold,GC=F,₹/10g,Precious metal
2019-11-25,1456.5999755859375,1457.0999755859375,1455.5,1457.0999755859375,14,71.78260040283203,33627.86,33627.86,33590.94,33616.32,-0.003858470782032941,36.919999999998254,Gold,GC=F,₹/10g,Precious metal
2019-11-26,1459.800048828125,1459.800048828125,1459.800048828125,1459.800048828125,346362,71.67949676513672,33641.79,33641.79,33641.79,33641.79,0.0007576677042580027,0.0,Gold,GC=F,₹/10g,Precious metal
2019-11-27,1453.4000244140625,1461.9000244140625,1452.0,1461.0999755859375,88364,71.42839813232422,33553.79,33572.16,33344.81,33376.96,-0.007872054370472004,227.35000000000582,Gold,GC=F,₹/10g,Precious metal
2019-11-29,1465.5999755859375,1465.5999755859375,1452.0999755859375,1453.5999755859375,7020,71.54740142822266,33437.17,33713.21,33402.67,33713.21,0.01007431473687248,310.5400000000009,Gold,GC=F,₹/10g,Precious metal
2019-12-02,1462.300048828125,1464.4000244140625,1453.300048828125,1462.800048828125,2172,71.7229995727539,33731.38,33768.28,33512.32,33719.85,0.0001969554367560189,255.95999999999913,Gold,GC=F,₹/10g,Precious metal
2019-12-03,1478.199951171875,1480.4000244140625,1459.5,1461.5999755859375,1460,71.625,33657.66,34090.59,33609.3,34039.92,0.009492035106917651,481.2899999999936,Gold,GC=F,₹/10g,Precious metal
2019-12-04,1474.0,1483.4000244140625,1471.199951171875,1477.5,613,71.95999908447266,34182.94,34319.44,34037.18,34101.96,0.001822565975478252,282.26000000000204,Gold,GC=F,₹/10g,Precious metal
2019-12-05,1476.9000244140625,1478.0,1472.300048828125,1474.699951171875,907,71.4801025390625,33890.62,33966.46,33835.47,33941.19,-0.004714391782759564,130.98999999999796,Gold,GC=F,₹/10g,Precious metal
2019-12-06,1459.0999755859375,1476.0,1458.199951171875,1475.0,899,71.38500213623047,33852.42,33875.37,33466.85,33487.5,-0.013366944411789983,408.5200000000041,Gold,GC=F,₹/10g,Precious metal
2019-12-09,1459.300048828125,1464.199951171875,1458.5999755859375,1458.800048828125,1461,71.28679656982422,33434.56,33558.32,33429.97,33446.02,-0.0012386711459501099,128.34999999999854,Gold,GC=F,₹/10g,Precious metal
2019-12-10,1462.5999755859375,1467.199951171875,1460.699951171875,1460.699951171875,367,70.96019744873047,33324.72,33473.02,33324.72,33368.07,-0.0023306211023014223,148.29999999999563,Gold,GC=F,₹/10g,Precious metal
2019-12-11,1469.4000244140625,1475.4000244140625,1463.0999755859375,1463.0999755859375,393,71.01000213623047,33402.91,33683.72,33402.91,33546.74,0.00535452005465098,280.8099999999977,Gold,GC=F,₹/10g,Precious metal
2019-12-12,1466.699951171875,1483.9000244140625,1463.699951171875,1475.0999755859375,955,70.72930145263672,33543.75,33743.86,33284.51,33352.73,-0.005783274321141008,459.34999999999854,Gold,GC=F,₹/10g,Precious metal
2019-12-13,1475.5999755859375,1475.9000244140625,1463.0999755859375,1463.0999755859375,468,70.55989837646484,33191.18,33481.56,33191.18,33474.75,0.003658471135645991,290.3799999999974,Gold,GC=F,₹/10g,Precious metal
2019-12-16,1475.0,1475.300048828125,1473.800048828125,1473.800048828125,99,70.68900299072266,33495.09,33529.18,33495.09,33522.36,0.001422266036340769,34.09000000000378,Gold,GC=F,₹/10g,Precious metal
2019-12-17,1474.5999755859375,1476.9000244140625,1474.0,1474.0999755859375,410,70.92050170898438,33611.62,33675.47,33609.34,33623.02,0.003002771881215782,66.13000000000466,Gold,GC=F,₹/10g,Precious metal
2019-12-18,1472.5999755859375,1472.5999755859375,1472.5999755859375,1472.5999755859375,250,71.21499633789062,33716.85,33716.85,33716.85,33716.85,0.0027906475979850853,0.0,Gold,GC=F,₹/10g,Precious metal
2019-12-19,1478.199951171875,1478.9000244140625,1473.300048828125,1475.9000244140625,319,70.98989868164062,33685.6,33754.07,33626.25,33738.09,0.0006299520862713681,127.81999999999971,Gold,GC=F,₹/10g,Precious metal
2019-12-20,1474.699951171875,1478.0999755859375,1474.699951171875,1476.699951171875,118,71.22270202636719,33814.38,33846.44,33768.58,33768.58,0.0009037263223852232,77.86000000000058,Gold,GC=F,₹/10g,Precious metal
2019-12-23,1482.5,1482.5,1479.9000244140625,1482.300048828125,391,71.02400207519531,33847.92,33852.49,33793.12,33852.49,0.0024848542639339666,59.36999999999534,Gold,GC=F,₹/10g,Precious metal
2019-12-24,1499.0999755859375,1499.0999755859375,1488.699951171875,1488.699951171875,52,71.21070098876953,34083.42,34321.53,34083.42,34321.53,0.013855406204979381,238.11000000000058,Gold,GC=F,₹/10g,Precious metal
2019-12-26,1509.300048828125,1512.300048828125,1505.0,1505.199951171875,126,71.54000091552734,34620.54,34783.85,34615.94,34714.85,0.01145986207491334,167.90999999999622,Gold,GC=F,₹/10g,Precious metal
2019-12-27,1513.800048828125,1513.800048828125,1513.800048828125,1513.800048828125,839,71.30030059814453,34701.69,34701.69,34701.69,34701.69,-0.00037908848806766926,0.0,Gold,GC=F,₹/10g,Precious metal
2019-12-30,1514.5,1515.0999755859375,1510.0,1512.5999755859375,446,71.31300354003906,34680.36,34737.68,34620.75,34723.92,0.0006406028063761227,116.93000000000029,Gold,GC=F,₹/10g,Precious metal
2019-12-31,1519.5,1523.4000244140625,1513.800048828125,1513.800048828125,301,71.31099700927734,34706.89,34926.99,34706.89,34837.58,0.0032732479512682655,220.09999999999854,Gold,GC=F,₹/10g,Precious metal
2020-01-02,1524.5,1528.699951171875,1518.0,1518.0999755859375,214,71.0250015258789,34665.89,34907.94,34663.61,34812.04,-0.0007331163645695193,244.33000000000175,Gold,GC=F,₹/10g,Precious metal
2020-01-03,1549.199951171875,1552.699951171875,1530.0999755859375,1530.0999755859375,107,71.41500091552734,35131.77,35650.67,35131.77,35570.31,0.021781831803019847,518.9000000000015,Gold,GC=F,₹/10g,Precious metal
2020-01-06,1566.199951171875,1580.0,1560.4000244140625,1580.0,416,71.73100280761719,36438.02,36438.02,35986.0,36119.76,0.01544687128113309,452.0199999999968,Gold,GC=F,₹/10g,Precious metal
2020-01-07,1571.800048828125,1576.300048828125,1558.300048828125,1558.300048828125,47,71.78700256347656,35965.63,36381.07,35965.63,36277.21,0.004359109805823547,415.4400000000023,Gold,GC=F,₹/10g,Precious metal
2020-01-08,1557.4000244140625,1604.199951171875,1552.300048828125,1579.699951171875,236,72.16000366210938,36648.98,37217.38,36013.3,36131.62,-0.0040132634235101605,1204.0799999999945,Gold,GC=F,₹/10g,Precious metal
2020-01-09,1551.699951171875,1555.699951171875,1543.300048828125,1555.699951171875,54,71.41190338134766,35718.0,35718.0,35433.31,35626.17,-0.013989131956995138,284.6900000000023,Gold,GC=F,₹/10g,Precious metal
2020-01-10,1557.5,1558.800048828125,1545.4000244140625,1551.199951171875,16,71.19429779052734,35506.16,35680.12,35373.4,35650.37,0.0006792759367624246,306.72000000000116,Gold,GC=F,₹/10g,Precious metal
2020-01-13,1548.4000244140625,1558.0,1548.4000244140625,1557.4000244140625,48,70.9530029296875,35527.26,35540.95,35321.95,35321.95,-0.009212246605014407,219.0,Gold,GC=F,₹/10g,Precious metal
2020-01-14,1542.4000244140625,1546.699951171875,1534.9000244140625,1546.699951171875,32,70.71890258789062,35166.76,35166.76,34898.47,35068.99,-0.007161552519042713,268.2900000000009,Gold,GC=F,₹/10g,Precious metal
2020-01-15,1552.0999755859375,1553.9000244140625,1545.5999755859375,1548.0,11,70.84510040283203,35259.12,35393.51,35204.46,35352.51,0.008084635457137557,189.0500000000029,Gold,GC=F,₹/10g,Precious metal
2020-01-16,1549.0,1556.0999755859375,1548.5,1555.699951171875,98,70.71800231933594,35370.94,35380.03,35207.24,35218.6,-0.0037878498584684728,172.79000000000087,Gold,GC=F,₹/10g,Precious metal
2020-01-17,1558.800048828125,1558.800048828125,1553.5999755859375,1554.0999755859375,108,70.94560241699219,35448.28,35555.49,35436.88,35555.49,0.009565684041955125,118.61000000000058,Gold,GC=F,₹/10g,Precious metal
2020-01-21,1556.4000244140625,1566.199951171875,1551.0,1559.300048828125,45,71.03099822998047,35609.7,35767.28,35420.15,35543.47,-0.00033806312330375565,347.1299999999974,Gold,GC=F,₹/10g,Precious metal
2020-01-22,1555.300048828125,1557.0999755859375,1549.800048828125,1549.800048828125,42,71.16999816894531,35462.01,35629.05,35462.01,35587.86,0.0012488932566234734,167.04000000000087,Gold,GC=F,₹/10g,Precious metal
2020-01-23,1564.5999755859375,1564.5999755859375,1552.199951171875,1553.0999755859375,15,71.0781021118164,35491.63,35754.43,35471.06,35754.43,0.004680528697145636,283.3700000000026,Gold,GC=F,₹/10g,Precious metal
2020-01-24,1571.0999755859375,1571.0999755859375,1556.300048828125,1556.300048828125,43,71.32099914550781,35686.3,36025.66,35686.3,36025.66,0.00758591313020518,339.3600000000006,Gold,GC=F,₹/10g,Precious metal
2020-01-27,1576.800048828125,1584.5,1576.800048828125,1584.300048828125,22,71.32499694824219,36330.38,36334.96,36158.39,36158.39,0.003684318344202353,176.5699999999997,Gold,GC=F,₹/10g,Precious metal
2020-01-28,1569.199951171875,1576.4000244140625,1569.199951171875,1576.4000244140625,3,71.44000244140625,36207.51,36207.51,36042.13,36042.13,-0.003215298026267299,165.38000000000466,Gold,GC=F,₹/10g,Precious metal
2020-01-29,1569.800048828125,1569.800048828125,1569.800048828125,1569.800048828125,251274,71.23040008544922,35950.13,35950.13,35950.13,35950.13,-0.002552568341549155,0.0,Gold,GC=F,₹/10g,Precious metal
2020-01-30,1583.5,1585.0,1571.4000244140625,1576.800048828125,62336,71.30000305175781,36145.72,36333.69,36021.94,36299.31,0.009712899508291128,311.75,Gold,GC=F,₹/10g,Precious metal
2020-01-31,1582.9000244140625,1589.0,1570.0,1573.4000244140625,1095,71.63999938964844,36239.77,36599.08,36161.46,36458.58,0.004387686708094529,437.6200000000026,Gold,GC=F,₹/10g,Precious metal
2020-02-03,1577.199951171875,1593.300048828125,1568.199951171875,1592.9000244140625,1062,71.49649810791016,36615.42,36624.62,36047.65,36254.53,-0.005596762133906585,576.9700000000012,Gold,GC=F,₹/10g,Precious metal
2020-02-04,1550.4000244140625,1577.699951171875,1547.800048828125,1577.699951171875,978,71.31410217285156,36173.5,36173.5,35487.96,35547.57,-0.01949990801149537,685.5400000000009,Gold,GC=F,₹/10g,Precious metal
2020-02-05,1557.800048828125,1560.699951171875,1547.699951171875,1553.199951171875,1305,71.0999984741211,35504.85,35676.29,35379.13,35610.01,0.0017565195033022452,297.1600000000035,Gold,GC=F,₹/10g,Precious metal
2020-02-06,1565.0999755859375,1565.5999755859375,1551.5999755859375,1553.5999755859375,110,71.18000030517578,35553.96,35828.57,35508.19,35817.13,0.005816342090327886,320.3799999999974,Gold,GC=F,₹/10g,Precious metal
2020-02-07,1568.5999755859375,1571.9000244140625,1560.5,1564.9000244140625,431,71.47000122070312,35958.46,36119.31,35857.36,36043.48,0.006319601821809906,261.9499999999971,Gold,GC=F,₹/10g,Precious metal
2020-02-10,1574.699951171875,1574.699951171875,1568.5999755859375,1569.300048828125,128,71.5155029296875,36082.53,36206.68,36066.43,36206.68,0.004527864678993243,140.25,Gold,GC=F,₹/10g,Precious metal
2020-02-11,1565.5999755859375,1571.0999755859375,1561.9000244140625,1570.9000244140625,440,71.27999877929688,36000.37,36004.95,35794.12,35878.91,-0.009052749382158165,210.82999999999447,Gold,GC=F,₹/10g,Precious metal
2020-02-12,1567.4000244140625,1568.699951171875,1561.0,1565.199951171875,36,71.27529907226562,35867.38,35947.58,35771.13,35917.79,0.0010836449602287246,176.45000000000437,Gold,GC=F,₹/10g,Precious metal
2020-02-13,1575.0999755859375,1575.0999755859375,1570.199951171875,1570.199951171875,74,71.29620361328125,35992.51,36104.83,35992.51,36104.83,0.005207447340162208,112.31999999999971,Gold,GC=F,₹/10g,Precious metal
2020-02-14,1582.699951171875,1582.699951171875,1574.800048828125,1575.800048828125,68,71.26850128173828,36106.84,36264.94,36083.93,36264.94,0.004434586729808787,181.01000000000204,Gold,GC=F,₹/10g,Precious metal
2020-02-18,1600.0,1604.300048828125,1579.800048828125,1579.800048828125,310,71.34919738769531,36239.48,36801.49,36239.48,36702.85,0.012075299173250897,562.0099999999948,Gold,GC=F,₹/10g,Precious metal
2020-02-19,1607.5,1610.5,1599.699951171875,1600.5999755859375,542,71.57499694824219,36832.81,37060.63,36812.1,36991.6,0.007867236468012795,248.52999999999884,Gold,GC=F,₹/10g,Precious metal
2020-02-20,1616.5999755859375,1621.0,1603.0,1606.5,117,71.82749938964844,37099.0,37433.85,37018.18,37332.24,0.009208577082364666,415.66999999999825,Gold,GC=F,₹/10g,Precious metal
2020-02-21,1644.5999755859375,1645.0,1619.300048828125,1619.300048828125,186,72.11000061035156,37541.67,38137.49,37541.67,38128.22,0.021321517273005908,595.8199999999997,Gold,GC=F,₹/10g,Precious metal
2020-02-24,1672.4000244140625,1686.5999755859375,1650.0,1657.0,435,71.88680267333984,38296.79,38980.91,38135.01,38652.72,0.013756215212774148,845.9000000000015,Gold,GC=F,₹/10g,Precious metal
2020-02-25,1646.9000244140625,1653.699951171875,1632.300048828125,1645.0999755859375,409,72.04669952392578,38106.33,38305.54,37809.84,38148.03,-0.013057037124424964,495.70000000000437,Gold,GC=F,₹/10g,Precious metal
2020-02-26,1640.0,1648.0999755859375,1636.4000244140625,1644.0,1990,71.87000274658203,37987.46,38082.19,37811.85,37895.03,-0.006632059375018873,270.3400000000038,Gold,GC=F,₹/10g,Precious metal
2020-02-27,1640.0,1658.0,1638.5,1641.0999755859375,707,71.66339874267578,37811.44,38200.82,37751.53,37786.09,-0.0028747833159125102,449.2900000000009,Gold,GC=F,₹/10g,Precious metal
2020-02-28,1564.0999755859375,1642.5,1564.0999755859375,1640.300048828125,289,71.93000030517578,37933.6,37984.48,36171.4,36171.4,-0.04273239173463028,1813.0800000000017,Gold,GC=F,₹/10g,Precious metal
2020-03-02,1592.300048828125,1608.300048828125,1574.300048828125,1583.9000244140625,537,72.1500015258789,36741.33,37307.33,36518.64,36936.18,0.021143223651835408,788.6900000000023,Gold,GC=F,₹/10g,Precious metal
2020-03-03,1642.0999755859375,1645.300048828125,1594.0,1594.5,610,72.82499694824219,37333.24,38522.66,37321.54,38447.74,0.040923560584770646,1201.1200000000026,Gold,GC=F,₹/10g,Precious metal
2020-03-04,1641.0999755859375,1645.9000244140625,1631.300048828125,1645.4000244140625,83,73.34200286865234,38798.51,38810.3,38466.03,38697.11,0.0064859468983093915,344.2700000000041,Gold,GC=F,₹/10g,Precious metal
2020-03-05,1666.4000244140625,1672.9000244140625,1637.199951171875,1637.300048828125,154,74.0425033569336,38976.25,39823.72,38973.87,39668.99,0.02511505381151191,849.8499999999985,Gold,GC=F,₹/10g,Precious metal
2020-03-06,1670.800048828125,1686.199951171875,1647.199951171875,1670.800048828125,175,73.8551025390625,39673.06,40038.73,39112.68,39673.06,0.0001025990326448678,926.0500000000029,Gold,GC=F,₹/10g,Precious metal
2020-03-09,1674.5,1701.5999755859375,1657.699951171875,1696.0999755859375,161,73.99530029296875,40350.26,40481.1,39436.72,39836.39,0.0041168994778824075,1044.3799999999974,Gold,GC=F,₹/10g,Precious metal
2020-03-10,1659.0999755859375,1674.5999755859375,1643.0,1671.5999755859375,48,74.40599822998047,39988.13,40059.89,39303.95,39689.1,-0.003697373180652219,755.9400000000023,Gold,GC=F,₹/10g,Precious metal
2020-03-11,1641.4000244140625,1666.5,1635.0,1656.5999755859375,47,74.20500183105469,39522.24,39758.43,39006.92,39159.61,-0.013340942475389972,751.510000000002,Gold,GC=F,₹/10g,Precious metal
2020-03-12,1589.300048828125,1647.5,1566.4000244140625,1637.0,256,74.76000213623047,39346.74,39599.11,37649.8,38200.23,-0.024499222540775967,1949.3099999999977,Gold,GC=F,₹/10g,Precious metal
2020-03-13,1515.699951171875,1589.800048828125,1513.800048828125,1574.9000244140625,89,75.30000305175781,38127.53,38488.26,36648.33,36694.33,-0.03942122861563924,1839.9300000000003,Gold,GC=F,₹/10g,Precious metal
2020-03-16,1485.9000244140625,1569.0999755859375,1452.0999755859375,1569.0999755859375,193,73.90399932861328,37282.87,37282.87,34502.87,35305.98,-0.03783554570965042,2780.0,Gold,GC=F,₹/10g,Precious metal
2020-03-17,1524.9000244140625,1537.699951171875,1469.300048828125,1469.300048828125,122,75.15499877929688,35502.51,37155.25,35502.51,36845.97,0.043618389859168216,1652.739999999998,Gold,GC=F,₹/10g,Precious metal
2020-03-18,1477.300048828125,1542.0,1477.300048828125,1537.5,333,74.01239776611328,36585.61,36692.69,35153.12,35153.12,-0.045943966192232066,1539.5699999999997,Gold,GC=F,₹/10g,Precious metal
2020-03-19,1478.5999755859375,1491.5999755859375,1471.0,1481.5,262,74.98200225830078,35714.9,35958.38,35461.77,35644.99,0.01399221463130429,496.6100000000006,Gold,GC=F,₹/10g,Precious metal
2020-03-20,1484.0,1484.0,1483.5,1483.5,14,75.15969848632812,35847.87,35859.95,35847.87,35859.95,0.006030581015733283,12.07999999999447,Gold,GC=F,₹/10g,Precious metal
2020-03-23,1567.0,1567.0,1490.199951171875,1505.300048828125,51,75.62210083007812,36598.44,38098.55,36231.31,38098.55,0.06242618854739068,1867.2400000000052,Gold,GC=F,₹/10g,Precious metal
2020-03-24,1660.199951171875,1685.5,1592.699951171875,1592.699951171875,442,76.50599670410156,39176.01,41458.63,39176.01,40836.32,0.07186021515254515,2282.6199999999953,Gold,GC=F,₹/10g,Precious metal
2020-03-25,1632.300048828125,1676.5,1631.0999755859375,1676.5,476,77.26000213623047,41643.67,41643.67,40515.95,40545.76,-0.007115234673447546,1127.7200000000012,Gold,GC=F,₹/10g,Precious metal
2020-03-26,1650.0999755859375,1660.5,1650.0999755859375,1660.5,3,75.84549713134766,40491.09,40491.09,40237.48,40237.48,-0.007603261105476822,253.6099999999933,Gold,GC=F,₹/10g,Precious metal
2020-03-27,1623.9000244140625,1623.9000244140625,1623.9000244140625,1623.9000244140625,100638,74.72560119628906,39013.91,39013.91,39013.91,39013.91,-0.03040871346813967,0.0,Gold,GC=F,₹/10g,Precious metal
2020-03-30,1622.0,1652.800048828125,1607.199951171875,1641.199951171875,16389,75.46499633789062,39819.68,40101.13,38994.76,39353.84,0.008713046193011387,1106.3699999999953,Gold,GC=F,₹/10g,Precious metal
2020-03-31,1583.4000244140625,1621.0,1576.0,1618.699951171875,2874,75.4000015258789,39239.95,39295.71,38204.83,38384.22,-0.024638510498594224,1090.8799999999974,Gold,GC=F,₹/10g,Precious metal
2020-04-01,1578.199951171875,1600.0,1570.0,1570.0,2158,75.32499694824219,38021.52,38748.05,38021.52,38220.11,-0.0042754548613987975,726.5300000000061,Gold,GC=F,₹/10g,Precious metal
2020-04-02,1625.699951171875,1631.199951171875,1586.0,1590.9000244140625,1294,77.56999969482422,39675.96,40681.01,39553.75,40543.84,0.06079862145870307,1127.260000000002,Gold,GC=F,₹/10g,Precious metal
2020-04-03,1633.699951171875,1636.0,1619.800048828125,1624.5,643,77.13999938964844,40289.33,40574.55,40172.77,40517.5,-0.000649667125758091,401.7800000000061,Gold,GC=F,₹/10g,Precious metal
2020-04-06,1677.0,1696.699951171875,1625.9000244140625,1629.0999755859375,1063,76.2300033569336,39926.79,41583.57,39848.37,41100.75,0.014395014499907433,1735.199999999997,Gold,GC=F,₹/10g,Precious metal
2020-04-07,1664.800048828125,1724.4000244140625,1658.0,1695.699951171875,1144,75.96489715576172,41414.53,42115.48,40493.77,40659.85,-0.010727298163658805,1621.7100000000064,Gold,GC=F,₹/10g,Precious metal
2020-04-08,1665.4000244140625,1677.0,1662.5,1669.699951171875,747,76.66000366210938,41152.67,41332.59,40975.21,41046.69,0.009514053790164123,357.3799999999974,Gold,GC=F,₹/10g,Precious metal
2020-04-09,1736.199951171875,1736.199951171875,1662.699951171875,1662.699951171875,825,75.95899963378906,40605.41,42400.38,40605.41,42400.38,0.032979273115566476,1794.969999999994,Gold,GC=F,₹/10g,Precious metal
2020-04-13,1744.800048828125,1756.800048828125,1710.699951171875,1722.0,696,76.16649627685547,42168.47,43020.66,41891.76,42726.8,0.007698515909527304,1128.9000000000015,Gold,GC=F,₹/10g,Precious metal
2020-04-14,1756.699951171875,1775.0,1739.5,1756.800048828125,675,76.91000366210938,43440.61,43890.64,43012.83,43438.13,0.016648333130494075,877.8099999999977,Gold,GC=F,₹/10g,Precious metal
2020-04-15,1727.199951171875,1744.9000244140625,1722.699951171875,1739.4000244140625,642,75.93099975585938,42462.87,42597.14,42055.18,42165.04,-0.029308121689400446,541.9599999999991,Gold,GC=F,₹/10g,Precious metal
2020-04-16,1720.4000244140625,1750.5999755859375,1715.0,1731.0,162,77.2125015258789,42971.0,43457.55,42573.81,42707.86,0.01287369821065032,883.7400000000052,Gold,GC=F,₹/10g,Precious metal
2020-04-17,1689.199951171875,1725.0,1684.9000244140625,1715.699951171875,223,77.56999969482422,42788.38,43020.32,42020.25,42127.49,-0.013589301828750067,1000.0699999999997,Gold,GC=F,₹/10g,Precious metal
2020-04-20,1701.5999755859375,1701.5999755859375,1680.0,1686.0,106,76.55999755859375,41500.2,41884.19,41352.52,41884.19,-0.005775326277449588,531.6700000000055,Gold,GC=F,₹/10g,Precious metal
2020-04-21,1678.199951171875,1707.0999755859375,1659.9000244140625,1697.0,666,77.20999908447266,42125.6,42376.32,41204.65,41658.92,-0.005378401731058968,1171.6699999999983,Gold,GC=F,₹/10g,Precious metal
2020-04-22,1728.699951171875,1728.699951171875,1684.800048828125,1696.0,453,76.96939849853516,41969.59,42778.79,41692.43,42778.79,0.026881877878735194,1086.3600000000006,Gold,GC=F,₹/10g,Precious metal
2020-04-23,1733.300048828125,1745.0999755859375,1733.300048828125,1734.0,482,76.4000015258789,42592.51,42865.16,42575.31,42575.31,-0.004756562773280959,289.8500000000058,Gold,GC=F,₹/10g,Precious metal
2020-04-24,1723.5,1744.0,1714.5,1744.0,221,76.42250061035156,42850.75,42850.75,42125.93,42347.06,-0.00536108838667293,724.8199999999997,Gold,GC=F,₹/10g,Precious metal
2020-04-27,1711.9000244140625,1731.9000244140625,1711.9000244140625,1731.9000244140625,169,76.27149963378906,42469.37,42469.37,41978.94,41978.94,-0.008692929332048016,490.4300000000003,Gold,GC=F,₹/10g,Precious metal
2020-04-28,1710.5,1716.5999755859375,1707.0999755859375,1716.5999755859375,1255,76.1863021850586,42047.17,42047.17,41814.47,41897.75,-0.0019340650335620824,232.6999999999971,Gold,GC=F,₹/10g,Precious metal
2020-04-29,1703.4000244140625,1713.5,1702.0,1710.0,373,76.46499633789062,42038.72,42124.77,41842.05,41876.47,-0.0005079031690246039,282.7199999999939,Gold,GC=F,₹/10g,Precious metal
2020-04-30,1684.199951171875,1719.300048828125,1680.800048828125,1719.300048828125,327,75.25849914550781,41600.44,41600.44,40668.89,40751.16,-0.026872131294734203,931.5500000000029,Gold,GC=F,₹/10g,Precious metal
2020-05-01,1694.5,1701.5,1670.5,1686.5999755859375,337,75.72000122070312,41059.48,41422.21,40667.53,41251.8,0.012285294455421703,754.6800000000003,Gold,GC=F,₹/10g,Precious metal
2020-05-04,1706.9000244140625,1709.0,1699.5999755859375,1702.5999755859375,320,75.60050201416016,41383.58,41539.14,41310.66,41488.1,0.00572823488914409,228.47999999999593,Gold,GC=F,₹/10g,Precious metal
2020-05-05,1704.4000244140625,1704.4000244140625,1697.199951171875,1701.5,82,75.8499984741211,41493.33,41564.05,41388.47,41564.05,0.0018306454139862538,175.58000000000175,Gold,GC=F,₹/10g,Precious metal
2020-05-06,1684.199951171875,1704.0,1684.199951171875,1704.0,469,76.16999816894531,41729.6,41729.6,41244.72,41244.72,-0.007682841301557497,484.8799999999974,Gold,GC=F,₹/10g,Precious metal
2020-05-07,1721.800048828125,1721.800048828125,1685.5999755859375,1686.199951171875,853,76.15129852294922,41283.56,42155.16,41268.87,42155.16,0.022074098211843918,886.2900000000009,Gold,GC=F,₹/10g,Precious metal
2020-05-08,1709.9000244140625,1728.9000244140625,1703.800048828125,1726.199951171875,330,76.08000183105469,42223.32,42289.36,41675.41,41824.62,-0.007841032983862517,613.9499999999971,Gold,GC=F,₹/10g,Precious metal
2020-05-11,1695.300048828125,1704.5,1690.199951171875,1702.300048828125,749,75.5250015258789,41334.97,41388.39,41041.15,41164.99,-0.015771332770028845,347.23999999999796,Gold,GC=F,₹/10g,Precious metal
2020-05-12,1704.4000244140625,1713.0999755859375,1699.300048828125,1699.300048828125,324,76.30999755859375,41690.99,42029.56,41690.99,41816.12,0.015817567306587677,338.5699999999997,Gold,GC=F,₹/10g,Precious metal
2020-05-13,1713.9000244140625,1721.300048828125,1701.9000244140625,1702.0,431,75.68000030517578,41412.5,41882.1,41410.06,41702.04,-0.0027281345088927544,472.0400000000009,Gold,GC=F,₹/10g,Precious metal
2020-05-14,1738.0999755859375,1743.0999755859375,1720.5,1724.300048828125,672,75.42620086669922,41814.39,42270.29,41722.24,42149.04,0.010718900082585803,548.0500000000029,Gold,GC=F,₹/10g,Precious metal
2020-05-15,1753.4000244140625,1753.4000244140625,1739.699951171875,1739.699951171875,719,75.48500061035156,42220.73,42553.22,42220.73,42553.22,0.009589304999591874,332.48999999999796,Gold,GC=F,₹/10g,Precious metal
2020-05-18,1731.800048828125,1770.5,1731.800048828125,1755.699951171875,229,75.81999969482422,42798.13,43158.91,42215.53,42215.53,-0.007935709683074554,943.3800000000047,Gold,GC=F,₹/10g,Precious metal
2020-05-19,1744.199951171875,1749.5,1744.199951171875,1744.199951171875,167,75.60009765625,42394.49,42523.31,42394.49,42394.49,0.004239198228708663,128.8199999999997,Gold,GC=F,₹/10g,Precious metal
2020-05-20,1750.5999755859375,1752.0999755859375,1745.5999755859375,1751.5999755859375,16,76.0,42799.56,42811.77,42652.95,42775.12,0.008978289395626726,158.8199999999997,Gold,GC=F,₹/10g,Precious metal
2020-05-21,1720.5,1746.800048828125,1720.5,1746.800048828125,528,75.77999877929688,42558.72,42558.72,41917.95,41917.95,-0.020038985279293375,640.7700000000041,Gold,GC=F,₹/10g,Precious metal
2020-05-22,1734.5999755859375,1734.5999755859375,1726.5999755859375,1726.5999755859375,6,75.625,41980.52,42175.04,41980.52,42175.04,0.006133172065905024,194.52000000000407,Gold,GC=F,₹/10g,Precious metal
2020-05-26,1704.800048828125,1726.4000244140625,1704.800048828125,1726.4000244140625,39,76.11000061035156,42244.86,42244.86,41716.31,41716.31,-0.01087681244641392,528.5500000000029,Gold,GC=F,₹/10g,Precious metal
2020-05-27,1710.300048828125,1710.300048828125,1685.5999755859375,1685.5999755859375,137416,75.81999969482422,41089.33,41691.43,41089.33,41691.43,-0.0005964094139677689,602.0999999999985,Gold,GC=F,₹/10g,Precious metal
2020-05-28,1713.300048828125,1727.800048828125,1705.0,1709.300048828125,23355,76.12999725341797,41837.42,42290.23,41732.17,41935.32,0.005849883297358804,558.060000000005,Gold,GC=F,₹/10g,Precious metal
2020-05-29,1736.9000244140625,1738.300048828125,1715.0999755859375,1718.800048828125,1526,75.95999908447266,41976.0,42452.22,41885.64,42418.03,0.011510821903827129,566.5800000000017,Gold,GC=F,₹/10g,Precious metal
2020-06-01,1737.800048828125,1747.0,1727.0999755859375,1740.4000244140625,871,75.51319885253906,42253.5,42413.73,41930.6,42190.38,-0.005366821608641437,483.13000000000466,Gold,GC=F,₹/10g,Precious metal
2020-06-02,1725.199951171875,1745.5,1721.800048828125,1743.0,741,75.7300033569336,42438.12,42498.99,41921.95,42004.73,-0.004400292199311595,577.0400000000009,Gold,GC=F,₹/10g,Precious metal
2020-06-03,1697.800048828125,1726.300048828125,1684.5,1726.300048828125,2755,75.06580352783203,41662.87,41662.87,40654.06,40975.04,-0.02451366786549991,1008.810000000005,Gold,GC=F,₹/10g,Precious metal
2020-06-04,1718.9000244140625,1718.9000244140625,1694.5,1694.5,807,75.54499816894531,41156.46,41749.1,41156.46,41749.1,0.018891012675033236,592.6399999999994,Gold,GC=F,₹/10g,Precious metal
2020-06-05,1676.199951171875,1711.800048828125,1668.5999755859375,1711.800048828125,1502,75.49089813232422,41546.88,41546.88,40498.37,40682.83,-0.025539951759439017,1048.5099999999948,Gold,GC=F,₹/10g,Precious metal
2020-06-08,1698.300048828125,1699.4000244140625,1675.9000244140625,1679.0999755859375,587,75.5177001953125,40767.68,41260.56,40689.99,41233.85,0.013544288831430773,570.5699999999997,Gold,GC=F,₹/10g,Precious metal
2020-06-09,1714.699951171875,1720.9000244140625,1692.0,1694.5999755859375,690,75.625,41202.48,41841.94,41139.26,41691.19,0.011091372743510686,702.6800000000003,Gold,GC=F,₹/10g,Precious metal
2020-06-10,1713.300048828125,1740.800048828125,1711.9000244140625,1716.0999755859375,718,75.50980377197266,41661.67,42261.31,41559.71,41593.7,-0.0023383837208773572,701.5999999999985,Gold,GC=F,₹/10g,Precious metal
2020-06-11,1732.0,1744.0999755859375,1720.0,1737.199951171875,347,75.875,42377.88,42546.2,41958.3,42251.03,0.01580359525601227,587.8999999999942,Gold,GC=F,₹/10g,Precious metal
2020-06-12,1729.300048828125,1743.0,1724.9000244140625,1724.9000244140625,318,76.38999938964844,42363.44,42807.97,42363.44,42471.5,0.005218097641643382,444.52999999999884,Gold,GC=F,₹/10g,Precious metal
2020-06-15,1720.300048828125,1730.0,1703.300048828125,1730.0,188,75.95680236816406,42247.74,42247.74,41595.71,42010.86,-0.010845861342311913,652.0299999999988,Gold,GC=F,₹/10g,Precious metal
2020-06-16,1729.5999755859375,1729.5999755859375,1722.4000244140625,1726.300048828125,22,75.97799682617188,42169.15,42249.76,42073.88,42249.76,0.005686624839386756,175.88000000000466,Gold,GC=F,₹/10g,Precious metal
2020-06-17,1729.199951171875,1729.199951171875,1714.699951171875,1714.699951171875,51,76.65499877929688,42259.01,42616.37,42259.01,42616.37,0.008677209053968626,357.3600000000006,Gold,GC=F,₹/10g,Precious metal
2020-06-18,1724.800048828125,1734.0999755859375,1717.300048828125,1730.5,110,76.55000305175781,42589.99,42678.59,42265.12,42449.71,-0.003910703797625259,413.4699999999939,Gold,GC=F,₹/10g,Precious metal
2020-06-19,1745.9000244140625,1750.699951171875,1723.5,1723.699951171875,1329,76.40039825439453,42339.72,43002.93,42334.81,42885.03,0.010254958161080463,668.1200000000026,Gold,GC=F,₹/10g,Precious metal
2020-06-22,1756.699951171875,1767.5999755859375,1750.5,1755.199951171875,1356,76.2520980834961,43029.78,43333.77,42914.56,43066.55,0.004232712440681574,419.2099999999991,Gold,GC=F,₹/10g,Precious metal
2020-06-23,1772.0999755859375,1776.300048828125,1754.199951171875,1755.4000244140625,666,75.78980255126953,42773.78,43283.05,42744.54,43180.71,0.002650781174716732,538.510000000002,Gold,GC=F,₹/10g,Precious metal
2020-06-24,1765.800048828125,1783.0999755859375,1764.5,1778.300048828125,961,75.60780334472656,43227.73,43344.41,42892.27,42923.87,-0.005948026329349321,452.1400000000067,Gold,GC=F,₹/10g,Precious metal
2020-06-25,1762.0999755859375,1764.800048828125,1759.800048828125,1761.699951171875,207,75.97000122070312,43029.35,43105.07,42982.95,43039.12,0.002684986232601938,122.12000000000262,Gold,GC=F,₹/10g,Precious metal
2020-06-26,1772.5,1772.5,1764.699951171875,1766.0,640,75.53980255126953,42890.12,43047.98,42858.55,43047.98,0.00020585922760507636,189.4300000000003,Gold,GC=F,₹/10g,Precious metal
2020-06-29,1774.800048828125,1780.199951171875,1774.300048828125,1779.800048828125,584,75.61979675292969,43271.05,43280.77,43137.33,43149.49,0.0023580665109024235,143.43999999999505,Gold,GC=F,₹/10g,Precious metal
2020-06-30,1793.0,1793.199951171875,1774.4000244140625,1777.300048828125,986,75.69999694824219,43256.1,43643.07,43185.52,43638.21,0.011326205709499826,457.5500000000029,Gold,GC=F,₹/10g,Precious metal
2020-07-01,1773.199951171875,1798.0,1765.800048828125,1793.5999755859375,331,75.75,43681.64,43788.8,43004.6,43184.82,-0.010389747883792655,784.2000000000044,Gold,GC=F,₹/10g,Precious metal
2020-07-02,1784.0,1784.0,1768.699951171875,1773.4000244140625,215,75.45490264892578,43021.44,43278.58,42907.42,43278.58,0.002171133282482085,371.1600000000035,Gold,GC=F,₹/10g,Precious metal
2020-07-06,1788.5,1790.0999755859375,1788.199951171875,1788.199951171875,172,74.6792984008789,42934.56,42980.18,42934.56,42941.77,-0.007782371787614206,45.62000000000262,Gold,GC=F,₹/10g,Precious metal
2020-07-07,1804.199951171875,1804.199951171875,1783.300048828125,1789.300048828125,751,74.60759735107422,42919.73,43277.13,42775.81,43277.13,0.007809645480379546,501.3199999999997,Gold,GC=F,₹/10g,Precious metal
2020-07-08,1815.5,1817.9000244140625,1801.5,1801.5,209,75.125,43512.04,43908.16,43512.04,43850.19,0.013241635940276275,396.1200000000026,Gold,GC=F,₹/10g,Precious metal
2020-07-09,1799.199951171875,1819.800048828125,1799.199951171875,1816.0999755859375,396,74.93990325927734,43756.61,43845.75,43349.42,43349.42,-0.011420018932643217,496.33000000000175,Gold,GC=F,₹/10g,Precious metal
2020-07-10,1798.199951171875,1805.5,1797.699951171875,1805.5,236,75.33999633789062,43733.46,43733.46,43544.52,43556.63,0.004779994749641414,188.94000000000233,Gold,GC=F,₹/10g,Precious metal
2020-07-13,1811.0,1811.0,1805.0,1805.0,164,75.15850067138672,43616.02,43761.01,43616.02,43761.01,0.004692282208242471,144.99000000000524,Gold,GC=F,₹/10g,Precious metal
2020-07-14,1810.5999755859375,1811.5,1791.0,1791.0,339,75.44999694824219,43445.58,43942.86,43445.58,43921.03,0.0036566797704165044,497.27999999999884,Gold,GC=F,₹/10g,Precious metal
2020-07-15,1811.4000244140625,1813.5,1806.0999755859375,1806.0999755859375,167,75.57499694824219,43884.45,44064.26,43884.45,44013.23,0.002099222172157633,179.81000000000495,Gold,GC=F,₹/10g,Precious metal
2020-07-16,1798.699951171875,1810.9000244140625,1794.300048828125,1810.9000244140625,146,75.1249008178711,43739.03,43739.03,43338.09,43444.36,-0.012924977330679988,400.9400000000023,Gold,GC=F,₹/10g,Precious metal
2020-07-17,1808.300048828125,1810.0999755859375,1798.5,1798.5,24,75.17449951171875,43468.21,43748.57,43468.21,43705.07,0.006001009106820776,280.3600000000006,Gold,GC=F,₹/10g,Precious metal
2020-07-20,1815.9000244140625,1817.300048828125,1807.0,1807.0,89,74.89730072021484,43512.6,43760.63,43512.6,43726.92,0.00049994199757597,248.02999999999884,Gold,GC=F,₹/10g,Precious metal
2020-07-21,1842.4000244140625,1842.4000244140625,1822.0,1822.0,117,74.98999786376953,43928.1,44419.94,43928.1,44419.94,0.015848818073626036,491.8400000000038,Gold,GC=F,₹/10g,Precious metal
2020-07-22,1864.0999755859375,1867.0,1854.699951171875,1858.0999755859375,213,74.7699966430664,44667.04,44880.99,44585.31,44811.27,0.008809782273456301,295.6800000000003,Gold,GC=F,₹/10g,Precious metal
2020-07-23,1889.0999755859375,1890.300048828125,1868.5,1868.699951171875,133,74.81999969482422,44951.9,45471.49,44947.09,45442.62,0.014089089641958541,524.4000000000015,Gold,GC=F,₹/10g,Precious metal
2020-07-24,1897.300048828125,1897.300048828125,1884.300048828125,1884.300048828125,474,74.80729675292969,45319.46,45632.13,45319.46,45632.13,0.00417031412361335,312.66999999999825,Gold,GC=F,₹/10g,Precious metal
2020-07-27,1931.0,1938.0,1901.5,1901.699951171875,364,74.75980377197266,45708.91,46581.41,45704.11,46413.16,0.017115791000770875,877.3000000000029,Gold,GC=F,₹/10g,Precious metal
2020-07-28,1944.699951171875,1944.699951171875,1928.5999755859375,1931.5,825,75.0,46574.34,46892.63,46504.41,46892.63,0.010330475235902803,388.2199999999939,Gold,GC=F,₹/10g,Precious metal
2020-07-29,1953.5,1953.5,1952.5999755859375,1953.199951171875,209835,75.08999633789062,47154.11,47161.35,47139.62,47161.35,0.00573053803977297,21.729999999995925,Gold,GC=F,₹/10g,Precious metal
2020-07-30,1942.300048828125,1965.0999755859375,1930.0,1963.4000244140625,28853,74.8311996459961,47236.99,47277.89,46433.43,46729.35,-0.009160043128536355,844.4599999999991,Gold,GC=F,₹/10g,Precious metal
2020-07-31,1962.800048828125,1981.0999755859375,1948.0,1948.5999755859375,2914,74.98999786376953,46980.41,47763.98,46965.94,47322.77,0.012699085264400223,798.0400000000009,Gold,GC=F,₹/10g,Precious metal
2020-08-03,1966.0,1984.300048828125,1955.5,1984.300048828125,683,74.91780090332031,47795.07,47795.07,47101.37,47354.28,0.0006658528230703009,693.6999999999971,Gold,GC=F,₹/10g,Precious metal
2020-08-04,2001.199951171875,2016.199951171875,1968.800048828125,1971.0,2010,75.33000183105469,47735.92,48830.63,47682.64,48467.34,0.0235049503445095,1147.989999999998,Gold,GC=F,₹/10g,Precious metal
2020-08-05,2031.0999755859375,2050.199951171875,2011.0,2024.0,1422,75.25,48967.48,49601.35,48652.97,49139.25,0.013863149906720773,948.3799999999974,Gold,GC=F,₹/10g,Precious metal
2020-08-06,2051.5,2063.0,2040.0,2045.5,294,74.8822021484375,49245.76,49667.07,49113.34,49390.21,0.005107119054523546,553.7300000000032,Gold,GC=F,₹/10g,Precious metal
2020-08-07,2010.0999755859375,2055.0,2009.5999755859375,2040.0999755859375,808,74.8998031616211,49127.3,49486.1,48392.83,48404.87,-0.019950107521308325,1093.2699999999968,Gold,GC=F,₹/10g,Precious metal
2020-08-10,2024.4000244140625,2043.800048828125,2017.5,2026.4000244140625,233,75.0248031616211,48878.83,49298.53,48664.15,48830.59,0.008794982818877362,634.3799999999974,Gold,GC=F,₹/10g,Precious metal
2020-08-11,1932.5999755859375,2016.0,1904.0,2012.4000244140625,971,75.0999984741211,48589.79,48676.71,45972.45,46663.0,-0.04439000225063827,2704.260000000002,Gold,GC=F,₹/10g,Precious metal
2020-08-12,1934.9000244140625,1946.5999755859375,1871.5999755859375,1923.0,404,74.9000015258789,46307.55,46875.86,45069.8,46594.12,-0.0014761159805413149,1806.0599999999977,Gold,GC=F,₹/10g,Precious metal
2020-08-13,1956.699951171875,1957.4000244140625,1916.9000244140625,1921.5,71,74.77210235595703,46192.42,47055.45,46081.84,47038.62,0.009539830347691902,973.6100000000006,Gold,GC=F,₹/10g,Precious metal
2020-08-14,1937.0,1947.4000244140625,1937.0,1938.699951171875,201,75.02999877929688,46766.65,46976.52,46725.64,46725.64,-0.006653681591849536,250.87999999999738,Gold,GC=F,₹/10g,Precious metal
2020-08-17,1985.0,1985.0,1949.5999755859375,1949.5999755859375,97,74.90280151367188,46949.86,47802.36,46949.86,47802.36,0.023043451090236644,852.5,Gold,GC=F,₹/10g,Precious metal
2020-08-18,1999.4000244140625,2002.800048828125,1972.0999755859375,2001.0999755859375,92,75.0,48252.61,48293.6,47553.33,48211.62,0.00856150198442096,740.2699999999968,Gold,GC=F,₹/10g,Precious metal
2020-08-19,1958.699951171875,1980.0,1938.699951171875,1980.0,347,74.79499816894531,47613.32,47613.32,46620.17,47101.12,-0.02303386610945657,993.1500000000015,Gold,GC=F,₹/10g,Precious metal
2020-08-20,1933.800048828125,1948.300048828125,1922.300048828125,1941.199951171875,106,74.966796875,46787.51,46958.64,46331.98,46609.16,-0.010444762247691752,626.6599999999962,Gold,GC=F,₹/10g,Precious metal
2020-08-21,1934.5999755859375,1945.0,1908.9000244140625,1941.0,184,74.9999008178711,46803.35,46899.8,46029.33,46649.03,0.0008554112539251868,870.4700000000012,Gold,GC=F,₹/10g,Precious metal
2020-08-24,1927.699951171875,1940.0,1922.199951171875,1930.199951171875,85,74.92179870605469,46494.46,46730.53,46301.76,46434.24,-0.004604382985026745,428.7699999999968,Gold,GC=F,₹/10g,Precious metal
2020-08-25,1911.800048828125,1928.5,1911.800048828125,1927.5,176,74.4000015258789,46106.07,46129.99,45730.52,45730.52,-0.015155195821014877,399.47000000000116,Gold,GC=F,₹/10g,Precious metal
2020-08-26,1940.699951171875,1950.800048828125,1909.699951171875,1909.699951171875,287,74.45249938964844,45712.52,46696.33,45712.52,46454.57,0.015832971066150225,983.810000000005,Gold,GC=F,₹/10g,Precious metal
2020-08-27,1921.5999755859375,1972.5,1921.5999755859375,1948.9000244140625,2303,74.24009704589844,46517.76,47081.07,45866.15,45866.15,-0.012666568649758236,1214.9199999999983,Gold,GC=F,₹/10g,Precious metal
2020-08-28,1964.5999755859375,1971.300048828125,1922.5,1927.0999755859375,778,73.77449798583984,45708.95,46757.33,45599.84,46598.41,0.015965150770230307,1157.4900000000052,Gold,GC=F,₹/10g,Precious metal
2020-08-31,1967.5999755859375,1971.300048828125,1953.300048828125,1970.0,158,73.12830352783203,46317.22,46347.78,45924.58,46260.79,-0.0072453115889576925,423.1999999999971,Gold,GC=F,₹/10g,Precious metal
2020-09-01,1968.199951171875,1986.300048828125,1961.699951171875,1961.699951171875,186,73.66999816894531,46463.72,47046.38,46463.72,46617.68,0.007714740712382984,582.6599999999962,Gold,GC=F,₹/10g,Precious metal
2020-09-02,1934.4000244140625,1967.300048828125,1934.4000244140625,1967.300048828125,71,73.2699966430664,46343.36,46343.36,45568.34,45568.34,-0.02250948567153066,775.0200000000041,Gold,GC=F,₹/10g,Precious metal
2020-09-03,1927.5999755859375,1938.800048828125,1923.0,1937.0999755859375,179,73.24849700927734,45618.55,45658.59,45286.5,45394.83,-0.0038076875304212665,372.0899999999965,Gold,GC=F,₹/10g,Precious metal
2020-09-04,1923.9000244140625,1939.699951171875,1917.699951171875,1927.9000244140625,607,73.4478988647461,45525.49,45804.13,45284.62,45431.03,0.0007974476388610263,519.5099999999948,Gold,GC=F,₹/10g,Precious metal
2020-09-08,1933.0,1937.9000244140625,1903.0999755859375,1930.9000244140625,271,73.6500015258789,45721.8,45887.55,45063.52,45771.52,0.007494657286000406,824.0300000000061,Gold,GC=F,₹/10g,Precious metal
2020-09-09,1944.699951171875,1946.199951171875,1924.5999755859375,1926.9000244140625,219,73.78679656982422,45711.83,46169.68,45657.26,46134.09,0.007921301280796378,512.4199999999983,Gold,GC=F,₹/10g,Precious metal
2020-09-10,1954.199951171875,1962.699951171875,1944.0999755859375,1944.0999755859375,722,73.55000305175781,45971.85,46411.69,45971.85,46210.69,0.0016603773912091668,439.8400000000038,Gold,GC=F,₹/10g,Precious metal
2020-09-11,1937.800048828125,1949.5,1937.800048828125,1944.0,73,73.52729797363281,45955.3,46085.32,45808.74,45808.74,-0.008698203813879535,276.58000000000175,Gold,GC=F,₹/10g,Precious metal
2020-09-14,1953.0999755859375,1953.0999755859375,1943.0,1946.300048828125,55,73.47859954833984,45979.2,46139.84,45901.24,46139.84,0.007227878348105676,238.59999999999854,Gold,GC=F,₹/10g,Precious metal
2020-09-15,1956.300048828125,1968.5,1955.800048828125,1955.800048828125,74,73.61499786376953,46289.39,46589.97,46289.39,46301.23,0.0034978448126392614,300.58000000000175,Gold,GC=F,₹/10g,Precious metal
2020-09-16,1960.199951171875,1961.4000244140625,1956.699951171875,1961.300048828125,124,73.80000305175781,46536.23,46538.6,46427.08,46510.12,0.004511543213862712,111.5199999999968,Gold,GC=F,₹/10g,Precious metal
2020-09-17,1940.0,1946.0,1933.699951171875,1939.0,67,73.55069732666016,45851.69,46017.22,45726.36,45875.34,-0.013648212475048549,290.8600000000006,Gold,GC=F,₹/10g,Precious metal
2020-09-18,1952.0999755859375,1952.0999755859375,1949.0,1950.5,38,73.58360290527344,46144.27,46182.12,46108.78,46182.12,0.006687252890114959,73.34000000000378,Gold,GC=F,₹/10g,Precious metal
2020-09-21,1901.199951171875,1946.199951171875,1883.4000244140625,1946.199951171875,52,73.53479766845703,46012.0,46012.0,44527.28,44948.11,-0.026720514346244895,1484.7200000000012,Gold,GC=F,₹/10g,Precious metal
2020-09-22,1898.5999755859375,1913.0999755859375,1898.5999755859375,1913.0999755859375,331,73.57980346679688,45257.13,45257.13,44914.11,44914.11,-0.0007564278008574954,343.0199999999968,Gold,GC=F,₹/10g,Precious metal
2020-09-23,1859.9000244140625,1875.5,1859.9000244140625,1875.5,5,73.50299835205078,44321.34,44321.34,43952.68,43952.68,-0.021405967968640582,368.6599999999962,Gold,GC=F,₹/10g,Precious metal
2020-09-24,1868.300048828125,1868.300048828125,1851.5,1851.5,365,73.77839660644531,43918.11,44316.61,43918.11,44316.61,0.0082800411715509,398.5,Gold,GC=F,₹/10g,Precious metal
2020-09-25,1857.699951171875,1857.699951171875,1856.300048828125,1856.300048828125,4,73.68240356445312,43974.68,44007.84,43974.68,44007.84,-0.006967365057932051,33.15999999999622,Gold,GC=F,₹/10g,Precious metal
2020-09-28,1872.800048828125,1872.800048828125,1872.800048828125,1872.800048828125,10455,73.69930267333984,44375.73,44375.73,44375.73,44375.73,0.008359646826565648,0.0,Gold,GC=F,₹/10g,Precious metal
2020-09-29,1894.300048828125,1895.4000244140625,1872.4000244140625,1876.5,3283,73.9749984741211,44629.73,45079.24,44532.22,45053.08,0.015263974248987067,547.0199999999968,Gold,GC=F,₹/10g,Precious metal
2020-09-30,1887.5,1899.699951171875,1879.800048828125,1893.0,600,73.84500122070312,44943.04,45102.11,44629.65,44812.46,-0.005340811327438688,472.4599999999991,Gold,GC=F,₹/10g,Precious metal
2020-10-01,1908.4000244140625,1909.5999755859375,1882.5,1884.0999755859375,730,73.70500183105469,44646.93,45251.2,44609.02,45222.77,0.009156158800476488,642.1800000000003,Gold,GC=F,₹/10g,Precious metal
2020-10-02,1900.199951171875,1913.0,1893.9000244140625,1893.9000244140625,530,73.21700286865234,44582.02,45031.63,44582.02,44730.32,-0.010889425835701738,449.6100000000006,Gold,GC=F,₹/10g,Precious metal
2020-10-05,1912.5,1915.5999755859375,1884.699951171875,1898.9000244140625,1360,73.32240295410156,44764.07,45157.75,44429.32,45084.67,0.007921919628565144,728.4300000000003,Gold,GC=F,₹/10g,Precious metal
2020-10-06,1901.0999755859375,1918.0,1874.4000244140625,1906.5999755859375,968,73.1082992553711,44814.34,45082.3,44057.48,44685.06,-0.008863544969942128,1024.8199999999997,Gold,GC=F,₹/10g,Precious metal
2020-10-07,1883.5999755859375,1889.800048828125,1873.0999755859375,1874.0999755859375,50,73.81500244140625,44476.25,44848.84,44452.51,44701.7,0.00037238396904903937,396.32999999999447,Gold,GC=F,₹/10g,Precious metal
2020-10-08,1888.5999755859375,1893.0,1882.699951171875,1893.0,348,73.5425033569336,44758.94,44758.94,44515.4,44654.9,-0.0010469400492597591,243.54000000000087,Gold,GC=F,₹/10g,Precious metal
2020-10-09,1919.5,1929.0999755859375,1905.0999755859375,1909.300048828125,580,73.28050231933594,44983.51,45450.0,44884.56,45223.83,0.01274059509706671,565.4400000000023,Gold,GC=F,₹/10g,Precious metal
2020-10-12,1922.5,1926.5,1921.5999755859375,1924.0,96,73.01480102539062,45165.49,45224.18,45109.15,45130.28,-0.0020685996741098833,115.02999999999884,Gold,GC=F,₹/10g,Precious metal
2020-10-13,1888.5,1922.199951171875,1887.0,1921.9000244140625,191,73.35079956054688,45323.81,45330.88,44500.77,44536.14,-0.01316499698207052,830.1100000000006,Gold,GC=F,₹/10g,Precious metal
2020-10-14,1901.300048828125,1910.800048828125,1882.5,1889.699951171875,33,73.62000274658203,44727.99,45227.42,44557.58,45002.56,0.010472842954059258,669.8399999999965,Gold,GC=F,₹/10g,Precious metal
2020-10-15,1903.199951171875,1906.300048828125,1889.5999755859375,1897.300048828125,254,73.29620361328125,44710.37,44922.45,44528.91,44849.4,-0.003403361942076133,393.5399999999936,Gold,GC=F,₹/10g,Precious metal
2020-10-16,1900.800048828125,1900.800048828125,1898.5,1898.5,53,73.37100219726562,44784.3,44838.56,44784.3,44838.56,-0.0002416977707617729,54.25999999999476,Gold,GC=F,₹/10g,Precious metal
2020-10-19,1906.4000244140625,1907.800048828125,1899.5,1907.300048828125,43,73.44380187988281,45036.53,45048.34,44852.35,45015.28,0.003941250566476651,195.98999999999796,Gold,GC=F,₹/10g,Precious metal
2020-10-20,1910.4000244140625,1910.4000244140625,1896.0999755859375,1901.300048828125,329,73.57499694824219,44975.05,45190.31,44852.04,45190.31,0.0038882352836635548,338.2699999999968,Gold,GC=F,₹/10g,Precious metal
2020-10-21,1924.5999755859375,1927.300048828125,1913.5999755859375,1913.5999755859375,1202,73.64749908447266,45310.61,45635.0,45310.61,45571.07,0.008425700111373446,324.3899999999994,Gold,GC=F,₹/10g,Precious metal
2020-10-22,1901.0999755859375,1924.300048828125,1898.199951171875,1924.300048828125,899,73.6812973022461,45584.88,45584.88,44966.59,45035.29,-0.011757020407903496,618.2900000000009,Gold,GC=F,₹/10g,Precious metal
2020-10-23,1902.0,1913.300048828125,1896.199951171875,1899.9000244140625,287,73.72000122070312,45030.51,45348.11,44942.81,45080.28,0.0009989943442130222,405.3000000000029,Gold,GC=F,₹/10g,Precious metal
2020-10-26,1902.699951171875,1907.0,1893.5,1895.5,242,73.8228988647461,44988.93,45261.87,44941.46,45159.81,0.0017641860254637987,320.4100000000035,Gold,GC=F,₹/10g,Precious metal
2020-10-27,1908.800048828125,1908.800048828125,1904.4000244140625,1904.5999755859375,176,73.94850158691406,45281.82,45381.68,45277.07,45381.68,0.004912996755300769,104.61000000000058,Gold,GC=F,₹/10g,Precious metal
2020-10-28,1876.199951171875,1876.199951171875,1870.9000244140625,1870.9000244140625,277,73.80500030517578,44394.29,44520.05,44394.29,44520.05,-0.018986295791605712,125.76000000000204,Gold,GC=F,₹/10g,Precious metal
2020-10-29,1865.5999755859375,1879.800048828125,1858.800048828125,1876.0999755859375,240,74.44000244140625,44900.7,44989.25,44486.66,44649.4,0.002905432496145055,502.5899999999965,Gold,GC=F,₹/10g,Precious metal
2020-10-30,1877.4000244140625,1886.5999755859375,1862.800048828125,1862.800048828125,725,74.26399993896484,44476.98,45045.24,44476.98,44825.58,0.003945853695682455,568.2599999999948,Gold,GC=F,₹/10g,Precious metal
2020-11-02,1890.4000244140625,1894.699951171875,1872.9000244140625,1872.9000244140625,190,74.55049896240234,44890.65,45413.16,44890.65,45310.1,0.010809006821551392,522.510000000002,Gold,GC=F,₹/10g,Precious metal
2020-11-03,1908.5,1908.5,1891.5,1891.5,712,74.45680236816406,45279.48,45686.44,45279.48,45686.44,0.008305874407692926,406.9599999999991,Gold,GC=F,₹/10g,Precious metal
2020-11-04,1894.5999755859375,1907.0,1885.300048828125,1893.800048828125,782,74.65560150146484,45455.59,45772.42,45251.57,45474.79,-0.004632665622447352,520.8499999999985,Gold,GC=F,₹/10g,Precious metal
2020-11-05,1945.300048828125,1948.0,1901.699951171875,1901.699951171875,135,74.37999725341797,45476.69,46583.9,45476.69,46519.33,0.02296964977738214,1107.2099999999991,Gold,GC=F,₹/10g,Precious metal
2020-11-06,1950.300048828125,1958.800048828125,1940.800048828125,1940.800048828125,304,74.12000274658203,46249.49,46678.43,46249.49,46475.88,-0.0009340203309033956,428.9400000000023,Gold,GC=F,₹/10g,Precious metal
2020-11-09,1853.199951171875,1963.199951171875,1847.0999755859375,1955.5999755859375,745,73.97979736328125,46514.02,46694.79,43933.35,44078.43,-0.05158482206254078,2761.4400000000023,Gold,GC=F,₹/10g,Precious metal
2020-11-10,1875.4000244140625,1885.300048828125,1871.199951171875,1879.300048828125,276,73.95320129394531,44683.16,44825.82,44490.56,44590.43,0.01161565872468695,335.26000000000204,Gold,GC=F,₹/10g,Precious metal
2020-11-11,1860.699951171875,1878.800048828125,1855.5,1878.800048828125,222,74.28160095214844,44869.64,44869.64,44313.18,44437.37,-0.003432575106362412,556.4599999999991,Gold,GC=F,₹/10g,Precious metal
2020-11-12,1872.5999755859375,1878.5,1866.5999755859375,1869.0,220,74.56999969482422,44808.89,45036.65,44751.35,44895.2,0.010302814950569728,285.3000000000029,Gold,GC=F,₹/10g,Precious metal
2020-11-13,1885.699951171875,1890.0999755859375,1876.800048828125,1877.0,240,74.86499786376953,45178.71,45494.02,45173.9,45388.11,0.010979124717119149,320.11999999999534,Gold,GC=F,₹/10g,Precious metal
2020-11-16,1887.300048828125,1887.300048828125,1871.0,1874.5999755859375,6,74.48770141601562,44893.55,45197.69,44807.33,45197.69,-0.004195371871620113,390.3600000000006,Gold,GC=F,₹/10g,Precious metal
2020-11-17,1884.5,1888.4000244140625,1884.5,1888.4000244140625,59,74.41809844970703,45181.78,45181.78,45088.46,45088.46,-0.002416716429534449,93.31999999999971,Gold,GC=F,₹/10g,Precious metal
2020-11-18,1873.5,1873.5,1873.5,1873.5,152,74.47969818115234,44862.38,44862.38,44862.38,44862.38,-0.005014143308509578,0.0,Gold,GC=F,₹/10g,Precious metal
2020-11-19,1861.0999755859375,1865.800048828125,1856.0,1865.800048828125,59,74.41999816894531,44642.19,44642.19,44407.71,44529.73,-0.007414898629987898,234.4800000000032,Gold,GC=F,₹/10g,Precious metal
2020-11-20,1872.5999755859375,1872.5999755859375,1871.199951171875,1871.199951171875,1900,74.09960174560547,44578.64,44611.99,44578.64,44611.99,0.0018473051599459112,33.349999999998545,Gold,GC=F,₹/10g,Precious metal
2020-11-23,1837.800048828125,1837.800048828125,1829.199951171875,1834.800048828125,843,74.16239929199219,43748.51,43820.04,43614.98,43820.04,-0.017751954127130376,205.05999999999767,Gold,GC=F,₹/10g,Precious metal
2020-11-24,1804.800048828125,1829.300048828125,1799.300048828125,1829.300048828125,1041,74.24490356445312,43665.89,43665.89,42949.78,43081.07,-0.01686374544614755,716.1100000000006,Gold,GC=F,₹/10g,Precious metal
2020-11-25,1805.699951171875,1805.699951171875,1801.4000244140625,1801.4000244140625,205754,73.96080017089844,42835.37,42937.62,42835.37,42937.62,-0.0033297687360132056,102.25,Gold,GC=F,₹/10g,Precious metal
2020-11-27,1781.9000244140625,1817.0,1770.699951171875,1806.0999755859375,71804,74.04879760742188,42998.23,43257.73,42155.45,42422.09,-0.012006487551010192,1102.280000000006,Gold,GC=F,₹/10g,Precious metal
2020-11-30,1775.699951171875,1787.199951171875,1762.300048828125,1785.0,3145,73.94090270996094,42433.97,42486.27,41894.34,42212.89,-0.004931393054891875,591.9300000000003,Gold,GC=F,₹/10g,Precious metal
2020-12-01,1814.0999755859375,1815.9000244140625,1774.9000244140625,1775.0,1859,74.02519989013672,42244.36,43217.76,42241.98,43174.92,0.022789958233136787,975.7799999999988,Gold,GC=F,₹/10g,Precious metal
2020-12-02,1825.699951171875,1830.0,1807.800048828125,1811.300048828125,771,73.65499877929688,42892.7,43335.52,42809.82,43233.7,0.0013614385388553973,525.6999999999971,Gold,GC=F,₹/10g,Precious metal
2020-12-03,1836.800048828125,1842.0,1825.300048828125,1829.199951171875,1765,73.66259765625,43321.05,43624.19,43228.69,43501.04,0.006183602143698286,395.5,Gold,GC=F,₹/10g,Precious metal
2020-12-04,1835.9000244140625,1847.5999755859375,1828.199951171875,1840.699951171875,1213,73.86489868164062,43713.12,43876.99,43416.27,43599.13,0.00225488861875478,460.72000000000116,Gold,GC=F,₹/10g,Precious metal
2020-12-07,1861.800048828125,1866.9000244140625,1820.800048828125,1836.5,1427,73.79029846191406,43569.34,44290.55,43196.87,44169.56,0.013083517950931656,1093.6800000000003,Gold,GC=F,₹/10g,Precious metal
2020-12-08,1870.800048828125,1875.800048828125,1861.800048828125,1863.0,121,74.0199966430664,44335.61,44640.22,44307.05,44521.23,0.007961818048447977,333.16999999999825,Gold,GC=F,₹/10g,Precious metal
2020-12-09,1834.5999755859375,1867.0999755859375,1827.0,1867.0999755859375,215,73.72640228271484,44256.94,44256.94,43306.42,43486.57,-0.023239699352421428,950.5200000000041,Gold,GC=F,₹/10g,Precious metal
2020-12-10,1833.5999755859375,1849.0999755859375,1828.0,1833.199951171875,177,73.93499755859375,43576.33,43954.28,43452.72,43585.84,0.0022827737391106773,501.5599999999977,Gold,GC=F,₹/10g,Precious metal
2020-12-11,1839.800048828125,1846.0,1829.0999755859375,1838.5,109,73.72669982910156,43579.19,43756.97,43356.38,43610.01,0.0005545378957938496,400.5900000000038,Gold,GC=F,₹/10g,Precious metal
2020-12-14,1828.699951171875,1835.699951171875,1822.699951171875,1835.5,258,73.73799896240234,43514.75,43519.49,43211.29,43353.54,-0.005880989249945179,308.1999999999971,Gold,GC=F,₹/10g,Precious metal
2020-12-15,1852.300048828125,1853.5999755859375,1833.199951171875,1833.5,961,73.86000061035156,43539.25,44016.56,43532.13,43985.69,0.014581277561186434,484.4300000000003,Gold,GC=F,₹/10g,Precious metal
2020-12-16,1856.0999755859375,1864.699951171875,1850.5,1856.5,1090,73.75980377197266,44025.62,44220.07,43883.33,44016.13,0.0006920432531578591,336.73999999999796,Gold,GC=F,₹/10g,Precious metal
2020-12-17,1887.199951171875,1896.199951171875,1874.199951171875,1874.199951171875,414,73.6166000366211,44359.07,44879.77,44359.07,44666.76,0.014781626644596146,520.6999999999971,Gold,GC=F,₹/10g,Precious metal
2020-12-18,1885.699951171875,1889.5,1882.300048828125,1882.4000244140625,276,73.52980041503906,44500.62,44668.46,44498.25,44578.63,-0.001973055578689986,170.20999999999913,Gold,GC=F,₹/10g,Precious metal
2020-12-21,1879.199951171875,1908.0,1869.0999755859375,1884.800048828125,136,73.60359954833984,44602.08,45151.08,44230.55,44469.56,-0.0024466880206951425,920.5299999999988,Gold,GC=F,₹/10g,Precious metal
2020-12-22,1866.5999755859375,1882.199951171875,1861.0,1882.199951171875,233,73.935302734375,44741.27,44741.27,44237.34,44370.45,-0.0022287155528410985,503.9300000000003,Gold,GC=F,₹/10g,Precious metal
2020-12-23,1874.699951171875,1878.800048828125,1864.5,1867.0,82,74.2699966430664,44580.86,44862.63,44521.17,44764.72,0.00888586886091991,341.4599999999991,Gold,GC=F,₹/10g,Precious metal
2020-12-24,1879.9000244140625,1879.9000244140625,1875.699951171875,1877.300048828125,46,73.83979797363281,44567.16,44628.88,44529.17,44628.88,-0.0030345325515273025,99.70999999999913,Gold,GC=F,₹/10g,Precious metal
2020-12-28,1877.199951171875,1895.800048828125,1873.699951171875,1895.5,75,73.68900299072266,44907.33,44914.44,44390.85,44473.77,-0.0034755521536726786,523.5900000000038,Gold,GC=F,₹/10g,Precious metal
2020-12-29,1879.699951171875,1881.300048828125,1879.699951171875,1881.300048828125,343,73.5448989868164,44483.75,44483.75,44445.91,44445.91,-0.0006264366614296968,37.83999999999651,Gold,GC=F,₹/10g,Precious metal
2020-12-30,1891.0,1895.800048828125,1877.300048828125,1879.9000244140625,444,73.45359802246094,44395.46,44770.95,44334.06,44657.6,0.004762867944429372,436.8899999999994,Gold,GC=F,₹/10g,Precious metal
2020-12-31,1893.0999755859375,1901.300048828125,1892.699951171875,1897.0,127,73.13400268554688,44604.37,44705.48,44503.26,44512.67,-0.0032453602522303227,202.22000000000116,Gold,GC=F,₹/10g,Precious metal
2021-01-04,1944.699951171875,1945.0999755859375,1912.199951171875,1912.199951171875,154,73.09200286865234,44935.95,45709.09,44935.95,45699.68,0.026666789478141828,773.1399999999994,Gold,GC=F,₹/10g,Precious metal
2021-01-05,1952.699951171875,1952.699951171875,1941.300048828125,1941.699951171875,113,73.31999969482422,45771.52,46030.82,45762.09,46030.82,0.007246002597830037,268.7300000000032,Gold,GC=F,₹/10g,Precious metal
2021-01-06,1906.9000244140625,1959.9000244140625,1901.5,1952.0,331,73.37480163574219,46048.71,46235.08,44857.39,44984.78,-0.022724774401151282,1377.6900000000023,Gold,GC=F,₹/10g,Precious metal
2021-01-07,1912.300048828125,1926.699951171875,1912.0,1922.5999755859375,122,73.36000061035156,45346.0,45442.7,45095.99,45103.07,0.002629556040954384,346.7099999999991,Gold,GC=F,₹/10g,Precious metal
2021-01-08,1834.0999755859375,1908.0,1834.0999755859375,1908.0,60,73.44599914550781,45054.4,45054.4,43309.37,43309.37,-0.03976891151755291,1745.0299999999988,Gold,GC=F,₹/10g,Precious metal
2021-01-11,1849.5999755859375,1849.5999755859375,1826.5,1826.5,20,73.37339782714844,43087.28,43632.21,43087.28,43632.21,0.00745427606081539,544.9300000000003,Gold,GC=F,₹/10g,Precious metal
2021-01-12,1842.9000244140625,1859.699951171875,1839.4000244140625,1849.0,176,73.51349639892578,43701.34,43954.23,43474.44,43557.16,-0.0017200595615027847,479.7900000000009,Gold,GC=F,₹/10g,Precious metal
2021-01-13,1853.5999755859375,1858.5999755859375,1853.5999755859375,1858.0,189,73.16500091552734,43705.88,43719.99,43602.37,43602.37,0.0010379464593190946,117.61999999999534,Gold,GC=F,₹/10g,Precious metal
2021-01-14,1850.300048828125,1850.699951171875,1836.699951171875,1836.699951171875,149,73.1698989868164,43207.73,43537.07,43207.73,43527.66,-0.0017134389713219234,329.3399999999965,Gold,GC=F,₹/10g,Precious metal
2021-01-15,1829.300048828125,1829.4000244140625,1825.0,1829.4000244140625,31,73.08760070800781,42987.59,42987.59,42884.2,42985.24,-0.012461501491235816,103.38999999999942,Gold,GC=F,₹/10g,Precious metal
2021-01-19,1839.5,1842.9000244140625,1802.0,1802.0,13,73.1886978149414,42402.31,43364.72,42402.31,43284.71,0.006966810002689394,962.4100000000035,Gold,GC=F,₹/10g,Precious metal
2021-01-20,1865.9000244140625,1866.5999755859375,1844.4000244140625,1847.800048828125,16,73.19190216064453,43481.92,43924.32,43401.91,43907.85,0.014396307610701209,522.4099999999962,Gold,GC=F,₹/10g,Precious metal
2021-01-21,1865.300048828125,1868.0,1865.300048828125,1865.300048828125,6,72.91089630126953,43725.21,43788.5,43725.21,43725.21,-0.004159620660087016,63.29000000000087,Gold,GC=F,₹/10g,Precious metal
2021-01-22,1855.699951171875,1855.699951171875,1852.699951171875,1854.9000244140625,8,72.95490264892578,43507.66,43526.42,43456.06,43526.42,-0.0045463475189713165,70.36000000000058,Gold,GC=F,₹/10g,Precious metal
2021-01-25,1854.9000244140625,1864.699951171875,1851.800048828125,1864.699951171875,26,72.99590301513672,43762.1,43762.1,43459.36,43532.11,0.00013072520092394235,302.73999999999796,Gold,GC=F,₹/10g,Precious metal
2021-01-26,1850.699951171875,1855.800048828125,1850.699951171875,1855.800048828125,59,72.97000122070312,43537.78,43537.78,43418.13,43418.13,-0.0026182971604179484,119.65000000000146,Gold,GC=F,₹/10g,Precious metal
2021-01-27,1844.9000244140625,1844.9000244140625,1844.9000244140625,1844.9000244140625,195540,72.91999816894531,43252.4,43252.4,43252.4,43252.4,-0.0038170690446593936,0.0,Gold,GC=F,₹/10g,Precious metal
2021-01-28,1837.9000244140625,1862.9000244140625,1831.5,1843.4000244140625,27283,73.03710174560547,43286.64,43744.54,43007.2,43157.49,-0.002194329100812964,737.3400000000038,Gold,GC=F,₹/10g,Precious metal
2021-01-29,1847.300048828125,1876.0,1838.699951171875,1842.0,1634,72.93879699707031,43195.55,43992.86,43118.16,43319.83,0.003761571861570445,874.6999999999971,Gold,GC=F,₹/10g,Precious metal
2021-02-01,1860.800048828125,1871.9000244140625,1850.0,1866.5999755859375,1494,72.90660095214844,43753.1,43877.33,43364.0,43617.15,0.006863369500757388,513.3300000000017,Gold,GC=F,₹/10g,Precious metal
2021-02-02,1830.5,1861.300048828125,1827.5999755859375,1859.5999755859375,1293,73.11979675292969,43716.49,43756.45,42964.21,43032.39,-0.013406653116950551,792.239999999998,Gold,GC=F,₹/10g,Precious metal
2021-02-03,1832.199951171875,1842.4000244140625,1829.800048828125,1834.800048828125,1195,72.91629791259766,43013.43,43191.6,42896.22,42952.48,-0.001856973317075683,295.3799999999974,Gold,GC=F,₹/10g,Precious metal
2021-02-04,1788.9000244140625,1832.199951171875,1782.800048828125,1832.199951171875,2375,72.85800170898438,42918.14,42918.14,41760.98,41903.86,-0.024413491374654095,1157.1599999999962,Gold,GC=F,₹/10g,Precious metal
2021-02-05,1810.9000244140625,1813.5,1790.9000244140625,1794.300048828125,1278,72.9457015991211,42080.95,42531.24,42001.21,42470.26,0.0135166545516332,530.0299999999988,Gold,GC=F,₹/10g,Precious metal
2021-02-08,1831.9000244140625,1836.699951171875,1809.0,1816.300048828125,254,72.78479766845703,42502.94,42980.32,42332.12,42868.0,0.009365141630872875,648.1999999999971,Gold,GC=F,₹/10g,Precious metal
2021-02-09,1835.300048828125,1843.300048828125,1830.699951171875,1841.9000244140625,184,72.92990112304688,43187.93,43220.76,42925.32,43033.18,0.0038532238499580096,295.4400000000023,Gold,GC=F,₹/10g,Precious metal
2021-02-10,1840.5999755859375,1851.0999755859375,1837.0,1842.5999755859375,543,72.85489654541016,43159.91,43359.01,43028.74,43113.06,0.0018562420904055799,330.2700000000041,Gold,GC=F,₹/10g,Precious metal
2021-02-11,1824.9000244140625,1845.0,1820.9000244140625,1840.5,602,72.80729675292969,43082.56,43187.89,42623.76,42717.39,-0.009177497491479336,564.1299999999974,Gold,GC=F,₹/10g,Precious metal
2021-02-12,1821.5999755859375,1827.5,1809.199951171875,1825.0,259,72.70950317382812,42662.35,42720.79,42293.0,42582.87,-0.0031490687984447874,427.7900000000009,Gold,GC=F,₹/10g,Precious metal
2021-02-16,1797.199951171875,1823.4000244140625,1787.300048828125,1820.9000244140625,1141,72.63870239257812,42525.06,42583.44,41740.37,41971.57,-0.014355537801937768,843.0699999999997,Gold,GC=F,₹/10g,Precious metal
2021-02-17,1771.0999755859375,1789.699951171875,1768.800048828125,1785.800048828125,614,72.93499755859375,41875.46,41966.9,41476.82,41530.75,-0.010502823697088326,490.08000000000175,Gold,GC=F,₹/10g,Precious metal
2021-02-18,1773.4000244140625,1784.5999755859375,1766.0,1776.0999755859375,587,72.79730224609375,41569.37,41768.31,41332.98,41506.18,-0.0005916098312696016,435.32999999999447,Gold,GC=F,₹/10g,Precious metal
2021-02-19,1775.800048828125,1787.5999755859375,1764.300048828125,1764.300048828125,118,72.60540008544922,41184.34,41728.23,41184.34,41452.79,-0.001286314471724448,543.8900000000067,Gold,GC=F,₹/10g,Precious metal
2021-02-22,1806.699951171875,1807.800048828125,1784.0,1784.0,165,72.5530014038086,41614.14,42169.31,41614.14,42143.65,0.01666618821073329,555.1699999999983,Gold,GC=F,₹/10g,Precious metal
2021-02-23,1804.4000244140625,1811.300048828125,1796.4000244140625,1809.5999755859375,569,72.44400024414062,42147.88,42187.48,41840.44,42026.77,-0.0027733715518234447,347.0400000000009,Gold,GC=F,₹/10g,Precious metal
2021-02-24,1796.4000244140625,1805.800048828125,1796.4000244140625,1805.800048828125,1500,72.37699890136719,42020.48,42020.48,41801.74,41801.74,-0.00535444432203569,218.74000000000524,Gold,GC=F,₹/10g,Precious metal
2021-02-25,1774.4000244140625,1802.0,1766.699951171875,1801.5,1049,72.4000015258789,41933.74,41945.38,41123.69,41302.93,-0.011932756866101735,821.689999999995,Gold,GC=F,₹/10g,Precious metal
2021-02-26,1728.0999755859375,1768.199951171875,1718.800048828125,1768.0999755859375,1593,73.1509017944336,41583.14,41585.49,40423.67,40642.39,-0.015992570018640295,1161.8199999999997,Gold,GC=F,₹/10g,Precious metal
2021-03-01,1722.5,1747.0,1720.300048828125,1737.0999755859375,407,73.59590148925781,41102.59,41336.84,40705.08,40757.13,0.0028231607442377182,631.7599999999948,Gold,GC=F,₹/10g,Precious metal
2021-03-02,1733.0999755859375,1733.0999755859375,1708.699951171875,1709.4000244140625,867,73.30940246582031,40289.71,40848.3,40273.21,40848.3,0.0022369092229999055,575.0900000000038,Gold,GC=F,₹/10g,Precious metal
2021-03-03,1715.300048828125,1732.4000244140625,1703.5,1730.0,501,73.27749633789062,40757.49,40814.04,40133.17,40411.17,-0.010701302134972668,680.8700000000026,Gold,GC=F,₹/10g,Precious metal
2021-03-04,1700.199951171875,1717.4000244140625,1700.199951171875,1706.5,521,72.88069915771484,39986.15,40241.55,39838.53,39838.53,-0.01417033953731106,403.0200000000041,Gold,GC=F,₹/10g,Precious metal
2021-03-05,1698.0,1701.0,1685.0,1690.5999755859375,302,73.13179779052734,39750.07,39994.59,39618.4,39924.06,0.0021469165654455225,376.18999999999505,Gold,GC=F,₹/10g,Precious metal
2021-03-08,1677.699951171875,1705.4000244140625,1673.699951171875,1704.699951171875,1290,73.1333999633789,40082.47,40098.93,39353.57,39447.62,-0.01193365604600316,745.3600000000006,Gold,GC=F,₹/10g,Precious metal
2021-03-09,1716.5999755859375,1717.5,1685.199951171875,1686.199951171875,335,73.33000183105469,39754.06,40492.0,39730.49,40470.78,0.025937179480029382,761.510000000002,Gold,GC=F,₹/10g,Precious metal
2021-03-10,1721.5,1722.9000244140625,1711.0,1713.5999755859375,412,72.7759017944336,40094.78,40312.38,40033.94,40279.62,-0.0047234078512941036,278.43999999999505,Gold,GC=F,₹/10g,Precious metal
2021-03-11,1722.300048828125,1737.5,1720.199951171875,1725.5999755859375,18,72.70600128173828,40336.77,40614.94,40210.54,40259.63,-0.0004962807494213184,404.40000000000146,Gold,GC=F,₹/10g,Precious metal
2021-03-12,1719.5,1722.5,1699.0,1715.9000244140625,80,72.63899993896484,40073.07,40227.2,39678.38,40157.14,-0.0025457263268440222,548.8199999999997,Gold,GC=F,₹/10g,Precious metal
2021-03-15,1728.9000244140625,1731.9000244140625,1722.800048828125,1729.5,147,72.68299865722656,40415.14,40471.23,40258.58,40401.12,0.006075631880158916,212.65000000000146,Gold,GC=F,₹/10g,Precious metal
2021-03-16,1730.5999755859375,1733.9000244140625,1726.0,1732.300048828125,729,72.51529693603516,40387.18,40424.48,40240.3,40347.54,-0.001326200857797999,184.1800000000003,Gold,GC=F,₹/10g,Precious metal
2021-03-17,1726.800048828125,1750.0999755859375,1725.5999755859375,1735.300048828125,488,72.5156021118164,40457.29,40802.34,40231.14,40259.12,-0.002191459504098603,571.1999999999971,Gold,GC=F,₹/10g,Precious metal
2021-03-18,1732.199951171875,1750.300048828125,1721.800048828125,1745.800048828125,138,72.29560089111328,40578.6,40683.2,40020.76,40262.49,8.370774125210367e-05,662.439999999995,Gold,GC=F,₹/10g,Precious metal
2021-03-19,1741.4000244140625,1742.199951171875,1733.5999755859375,1742.199951171875,13,72.6688003540039,40703.97,40703.97,40503.04,40685.28,0.010500840857085691,200.9300000000003,Gold,GC=F,₹/10g,Precious metal
2021-03-22,1737.800048828125,1737.800048828125,1737.800048828125,1737.800048828125,51,72.40499877929688,40453.78,40453.78,40453.78,40453.78,-0.005690018601322122,0.0,Gold,GC=F,₹/10g,Precious metal
2021-03-23,1724.699951171875,1724.699951171875,1724.699951171875,1724.699951171875,6,72.38050079345703,40135.24,40135.24,40135.24,40135.24,-0.007874171461851098,0.0,Gold,GC=F,₹/10g,Precious metal
2021-03-24,1732.9000244140625,1732.9000244140625,1727.5,1727.5,26,72.61219787597656,40329.09,40455.15,40329.09,40455.15,0.007970800722756355,126.06000000000495,Gold,GC=F,₹/10g,Precious metal
2021-03-25,1724.9000244140625,1733.199951171875,1724.5,1732.699951171875,15,72.64559936523438,40469.09,40480.77,40277.57,40286.91,-0.004158679426475964,203.1999999999971,Gold,GC=F,₹/10g,Precious metal
2021-03-26,1732.199951171875,1732.199951171875,1721.300048828125,1721.300048828125,33,72.61280059814453,40184.68,40439.14,40184.68,40439.14,0.0037786467117979505,254.45999999999913,Gold,GC=F,₹/10g,Precious metal
2021-03-29,1712.0999755859375,1712.0999755859375,1712.0999755859375,1712.0999755859375,135457,72.44719696044922,39878.74,39878.74,39878.74,39878.74,-0.013857861467874932,0.0,Gold,GC=F,₹/10g,Precious metal
2021-03-30,1683.9000244140625,1712.5999755859375,1676.5,1711.0,25316,72.74189758300781,40015.24,40052.65,39208.38,39381.45,-0.012470052965565137,844.2700000000041,Gold,GC=F,₹/10g,Precious metal
2021-03-31,1713.800048828125,1713.800048828125,1676.5,1683.699951171875,762,73.44529724121094,39757.53,40468.29,39587.52,40468.29,0.02759776493755317,880.7700000000041,Gold,GC=F,₹/10g,Precious metal
2021-04-01,1726.5,1728.800048828125,1706.4000244140625,1706.800048828125,720,73.20349884033203,40170.31,40688.09,40160.9,40633.96,0.004093822595419683,527.189999999995,Gold,GC=F,₹/10g,Precious metal
2021-04-05,1727.0,1729.699951171875,1721.9000244140625,1727.9000244140625,275,73.3759994506836,40762.74,40805.2,40621.2,40741.51,0.0026468008532765097,184.0,Gold,GC=F,₹/10g,Precious metal
2021-04-06,1741.5,1744.800048828125,1726.9000244140625,1726.9000244140625,890,73.27950286865234,40685.57,41107.3,40685.57,41029.55,0.007069939233965483,421.7300000000032,Gold,GC=F,₹/10g,Precious metal
2021-04-07,1740.0999755859375,1742.699951171875,1733.699951171875,1742.699951171875,557,73.48999786376953,41175.76,41175.76,40963.11,41114.33,0.0020663156188649445,212.65000000000146,Gold,GC=F,₹/10g,Precious metal
2021-04-08,1756.800048828125,1758.0,1734.5999755859375,1736.0,1298,74.40149688720703,41526.19,42052.45,41492.7,42023.74,0.022119051921799526,559.75,Gold,GC=F,₹/10g,Precious metal
2021-04-09,1743.300048828125,1750.800048828125,1733.300048828125,1750.800048828125,484,74.54450225830078,41960.72,41960.72,41541.3,41780.97,-0.0057769727301757445,419.41999999999825,Gold,GC=F,₹/10g,Precious metal
2021-04-12,1731.199951171875,1740.800048828125,1726.699951171875,1740.800048828125,40,74.72949981689453,41824.59,41824.59,41485.82,41593.94,-0.0044764398720278376,338.7699999999968,Gold,GC=F,₹/10g,Precious metal
2021-04-13,1746.199951171875,1746.9000244140625,1722.0999755859375,1733.800048828125,367,74.99099731445312,41802.17,42118.02,41520.08,42101.14,0.012194084042050246,597.939999999995,Gold,GC=F,₹/10g,Precious metal
2021-04-14,1734.9000244140625,1745.9000244140625,1732.699951171875,1741.300048828125,1037,75.18150329589844,42089.65,42200.84,41881.78,41934.96,-0.003947161525792442,319.0599999999977,Gold,GC=F,₹/10g,Precious metal
2021-04-15,1765.4000244140625,1767.9000244140625,1740.0999755859375,1740.0999755859375,368,75.0261001586914,41973.71,42644.28,41973.71,42583.98,0.015476824110479681,670.5699999999997,Gold,GC=F,₹/10g,Precious metal
2021-04-16,1779.0,1779.5,1770.0999755859375,1770.4000244140625,625,74.72740173339844,42534.57,42753.2,42527.36,42741.19,0.003691763898066913,225.8399999999965,Gold,GC=F,₹/10g,Precious metal
2021-04-19,1769.4000244140625,1788.5,1769.4000244140625,1782.0999755859375,144,74.56320190429688,42721.58,42875.01,42417.13,42417.13,-0.007581913372089244,457.88000000000466,Gold,GC=F,₹/10g,Precious metal
2021-04-20,1777.300048828125,1777.300048828125,1765.5,1769.300048828125,1464,74.8781967163086,42593.92,42786.51,42502.44,42786.51,0.00870827422788878,284.0699999999997,Gold,GC=F,₹/10g,Precious metal
2021-04-21,1792.300048828125,1794.0999755859375,1777.699951171875,1783.0,250,75.44920349121094,43251.06,43520.32,43122.49,43476.65,0.01612985027290148,397.83000000000175,Gold,GC=F,₹/10g,Precious metal
2021-04-22,1781.199951171875,1794.199951171875,1779.5,1794.199951171875,159,75.42949676513672,43511.37,43511.37,43154.88,43196.11,-0.006452659071018552,356.49000000000524,Gold,GC=F,₹/10g,Precious metal
2021-04-23,1777.0,1794.5,1772.0,1786.0999755859375,332,75.0916976928711,43120.96,43323.76,42780.55,42901.26,-0.006825846123644008,543.2099999999991,Gold,GC=F,₹/10g,Precious metal
2021-04-26,1779.199951171875,1779.699951171875,1770.800048828125,1778.0,549,74.86810302734375,42797.59,42838.51,42624.28,42826.47,-0.0017433054413786842,214.2300000000032,Gold,GC=F,₹/10g,Precious metal
2021-04-27,1778.0,1782.0,1777.699951171875,1780.0,117,74.81490325927734,42815.29,42863.39,42759.96,42767.18,-0.0013844241657087197,103.43000000000029,Gold,GC=F,₹/10g,Precious metal
2021-04-28,1773.199951171875,1774.0,1764.5999755859375,1768.199951171875,756,74.57499694824219,42395.07,42534.13,42308.76,42514.95,-0.005897746823615768,225.36999999999534,Gold,GC=F,₹/10g,Precious metal
2021-04-29,1768.0999755859375,1789.0,1758.5999755859375,1781.0,196,74.31179809570312,42551.26,42742.39,42016.08,42243.06,-0.006395162172365243,726.3099999999977,Gold,GC=F,₹/10g,Precious metal
2021-04-30,1767.300048828125,1771.800048828125,1763.9000244140625,1771.800048828125,18,74.10579681396484,42214.11,42214.11,42025.89,42106.89,-0.0032234880711766722,188.22000000000116,Gold,GC=F,₹/10g,Precious metal
2021-05-03,1791.4000244140625,1793.0,1788.5,1788.5,18,74.09480285644531,42605.67,42712.87,42605.67,42674.76,0.013486391419551547,107.20000000000437,Gold,GC=F,₹/10g,Precious metal
2021-05-04,1775.800048828125,1788.5,1774.800048828125,1788.199951171875,182,73.8375015258789,42450.6,42457.72,42132.49,42156.23,-0.012150742031120987,325.2300000000032,Gold,GC=F,₹/10g,Precious metal
2021-05-05,1784.0999755859375,1784.0999755859375,1779.199951171875,1781.5,57,73.77890014648438,42257.98,42319.65,42203.42,42319.65,0.0038765326026544145,116.2300000000032,Gold,GC=F,₹/10g,Precious metal
2021-05-06,1815.5,1815.5,1787.5999755859375,1788.9000244140625,13,73.79940032958984,42445.3,43076.44,42414.46,43076.44,0.017882709332426083,661.9800000000032,Gold,GC=F,₹/10g,Precious metal
2021-05-07,1831.0999755859375,1842.9000244140625,1831.0999755859375,1842.9000244140625,2,73.61519622802734,43617.42,43617.42,43338.14,43338.14,0.0060752467009808075,279.27999999999884,Gold,GC=F,₹/10g,Precious metal
2021-05-10,1837.5,1845.5999755859375,1835.4000244140625,1835.5999755859375,13,73.29029846191406,43252.9,43488.54,43248.19,43297.67,-0.0009338194947914324,240.34999999999854,Gold,GC=F,₹/10g,Precious metal
2021-05-11,1835.9000244140625,1838.0999755859375,1831.5999755859375,1837.199951171875,420,73.5,43414.47,43435.74,43282.14,43383.75,0.0019880977429040936,153.59999999999854,Gold,GC=F,₹/10g,Precious metal
2021-05-12,1822.5999755859375,1825.199951171875,1821.699951171875,1825.199951171875,3,73.3750991821289,43057.61,43057.61,42975.04,42996.27,-0.008931454749762424,82.56999999999971,Gold,GC=F,₹/10g,Precious metal
2021-05-13,1823.800048828125,1826.800048828125,1814.0999755859375,1814.699951171875,100,73.68160247802734,42988.73,43275.37,42974.52,43204.31,0.004838559251767682,300.8500000000058,Gold,GC=F,₹/10g,Precious metal
2021-05-14,1837.9000244140625,1842.9000244140625,1824.5,1824.5,41,73.44490051269531,43082.04,43516.52,43082.04,43398.45,0.0044935331683344515,434.4799999999959,Gold,GC=F,₹/10g,Precious metal
2021-05-17,1867.5,1867.5,1847.199951171875,1849.9000244140625,13,73.27890014648438,43583.08,43997.73,43519.47,43997.73,0.013808788101879355,478.26000000000204,Gold,GC=F,₹/10g,Precious metal
2021-05-18,1867.800048828125,1870.5,1867.800048828125,1870.5,3,73.26969909667969,44062.88,44062.88,43999.28,43999.28,3.522909022790621e-05,63.599999999998545,Gold,GC=F,₹/10g,Precious metal
2021-05-19,1881.300048828125,1884.9000244140625,1863.5999755859375,1866.4000244140625,348,73.1281967163086,43881.39,44316.34,43815.55,44231.7,0.005282359165877271,500.7899999999936,Gold,GC=F,₹/10g,Precious metal
2021-05-20,1881.800048828125,1885.0,1864.800048828125,1865.5,85,73.222900390625,43917.03,44376.09,43900.55,44300.76,0.001561323666058545,475.5399999999936,Gold,GC=F,₹/10g,Precious metal
2021-05-21,1876.699951171875,1876.699951171875,1872.0999755859375,1872.0999755859375,5,73.02189636230469,43951.42,44059.41,43951.42,44059.41,-0.0054479877997578585,107.99000000000524,Gold,GC=F,₹/10g,Precious metal
2021-05-24,1884.5999755859375,1884.5999755859375,1882.0999755859375,1882.0999755859375,39,72.90979766845703,44118.36,44176.96,44118.36,44176.96,0.0026679885182301355,58.599999999998545,Gold,GC=F,₹/10g,Precious metal
2021-05-25,1898.0999755859375,1898.0999755859375,1882.5,1882.5,56,72.83660125732422,44083.43,44448.74,44083.43,44448.74,0.006152075652104516,365.3099999999977,Gold,GC=F,₹/10g,Precious metal
2021-05-26,1901.300048828125,1901.300048828125,1901.300048828125,1901.300048828125,170526,72.80490112304688,44504.3,44504.3,44504.3,44504.3,0.0012499791895115298,0.0,Gold,GC=F,₹/10g,Precious metal
2021-05-27,1895.699951171875,1903.9000244140625,1888.199951171875,1896.800048828125,35794,72.67250061035156,44318.23,44484.12,44117.29,44292.53,-0.004758416602440807,366.83000000000175,Gold,GC=F,₹/10g,Precious metal
2021-05-28,1902.5,1905.4000244140625,1881.9000244140625,1897.5,2415,72.68299865722656,44340.99,44525.6,43976.45,44457.83,0.003732006277356481,549.1500000000015,Gold,GC=F,₹/10g,Precious metal
2021-06-01,1902.9000244140625,1916.199951171875,1892.800048828125,1905.0999755859375,640,72.48719787597656,44398.66,44657.34,44112.0,44347.39,-0.0024841518355709358,545.3399999999965,Gold,GC=F,₹/10g,Precious metal
2021-06-02,1907.5,1908.800048828125,1896.0,1899.199951171875,1267,72.8550033569336,44485.74,44710.61,44410.79,44680.15,0.007503485548980393,299.8199999999997,Gold,GC=F,₹/10g,Precious metal
2021-06-03,1871.199951171875,1908.800048828125,1865.0,1908.800048828125,1021,72.96510314941406,44778.17,44778.17,43750.68,43896.12,-0.0175476134256487,1027.489999999998,Gold,GC=F,₹/10g,Precious metal
2021-06-04,1889.800048828125,1895.5,1854.0,1869.300048828125,367,73.04419708251953,43899.09,44514.37,43539.78,44380.51,0.01103491607003071,974.5900000000038,Gold,GC=F,₹/10g,Precious metal
2021-06-07,1896.800048828125,1899.699951171875,1883.199951171875,1890.5,87,72.90969848632812,44315.2,44530.86,44144.08,44462.88,0.0018559948950562788,386.77999999999884,Gold,GC=F,₹/10g,Precious metal
2021-06-08,1892.199951171875,1902.9000244140625,1890.0,1896.5,930,72.80940246582031,44394.69,44544.51,44242.54,44294.03,-0.0037975497763527155,301.97000000000116,Gold,GC=F,₹/10g,Precious metal
2021-06-09,1893.199951171875,1897.699951171875,1889.199951171875,1894.9000244140625,148,72.97530364990234,44458.31,44524.0,44324.57,44418.42,0.0028082791292640685,199.4300000000003,Gold,GC=F,₹/10g,Precious metal
2021-06-10,1894.199951171875,1899.800048828125,1871.5,1887.699951171875,186,72.98529815673828,44295.45,44579.38,43915.31,44447.97,0.0006652645456548534,664.0699999999997,Gold,GC=F,₹/10g,Precious metal
2021-06-11,1877.4000244140625,1902.300048828125,1875.199951171875,1900.9000244140625,349,73.01229858398438,44621.69,44654.56,44018.41,44070.05,-0.008502525537161687,636.1499999999942,Gold,GC=F,₹/10g,Precious metal
2021-06-14,1864.0,1866.5999755859375,1846.5,1866.199951171875,41,73.23159790039062,43938.72,43948.14,43474.9,43886.93,-0.004155202909912781,473.23999999999796,Gold,GC=F,₹/10g,Precious metal
2021-06-15,1854.5,1867.199951171875,1854.4000244140625,1866.4000244140625,78,73.18080139160156,43912.95,43931.77,43630.61,43632.97,-0.005786688656508887,301.1599999999962,Gold,GC=F,₹/10g,Precious metal
2021-06-16,1859.5,1860.0999755859375,1809.199951171875,1859.4000244140625,117,73.3447036743164,43846.24,43862.74,42662.48,43848.59,0.004941675984925897,1200.2599999999948,Gold,GC=F,₹/10g,Precious metal
2021-06-17,1773.800048828125,1823.300048828125,1769.5999755859375,1811.800048828125,1135,73.8240966796875,43003.04,43275.99,42001.42,42101.11,-0.03985259275155706,1274.5699999999997,Gold,GC=F,₹/10g,Precious metal
2021-06-18,1767.9000244140625,1792.4000244140625,1767.9000244140625,1775.699951171875,354,74.25389862060547,42391.58,42790.26,42205.37,42205.37,0.0024764192678055075,584.8899999999994,Gold,GC=F,₹/10g,Precious metal
2021-06-21,1781.800048828125,1785.199951171875,1766.800048828125,1768.800048828125,38,74.1438980102539,42164.3,42555.24,42116.62,42474.19,0.006369331675092571,438.61999999999534,Gold,GC=F,₹/10g,Precious metal
2021-06-22,1776.300048828125,1786.9000244140625,1775.9000244140625,1783.4000244140625,101,74.13520050048828,42507.34,42590.77,42328.58,42338.12,-0.0032035925817537336,262.18999999999505,Gold,GC=F,₹/10g,Precious metal
2021-06-23,1782.300048828125,1793.199951171875,1780.5999755859375,1780.699951171875,136,74.33219909667969,42555.77,42854.5,42553.38,42594.01,0.0060439622732422205,301.1200000000026,Gold,GC=F,₹/10g,Precious metal
2021-06-24,1775.5999755859375,1786.4000244140625,1775.5999755859375,1778.9000244140625,78,74.24690246582031,42463.97,42643.0,42385.2,42385.2,-0.004902332511073859,257.8000000000029,Gold,GC=F,₹/10g,Precious metal
2021-06-25,1776.5999755859375,1788.0,1775.199951171875,1777.699951171875,35,74.19029998779297,42402.97,42648.66,42343.34,42376.74,-0.00019959797287727454,305.320000000007,Gold,GC=F,₹/10g,Precious metal
2021-06-28,1779.5999755859375,1779.5999755859375,1779.5999755859375,1779.5999755859375,888,74.21299743652344,42461.28,42461.28,42461.28,42461.28,0.0019949623307502495,0.0,Gold,GC=F,₹/10g,Precious metal
2021-06-29,1762.800048828125,1777.0999755859375,1752.0999755859375,1776.800048828125,419,74.285400390625,42435.84,42443.0,41845.92,42101.47,-0.00847383781176636,597.0800000000017,Gold,GC=F,₹/10g,Precious metal
2021-06-30,1770.800048828125,1770.800048828125,1759.199951171875,1761.0999755859375,51,74.28759765625,42062.11,42293.79,42016.73,42293.79,0.004568011520737825,277.0599999999977,Gold,GC=F,₹/10g,Precious metal
2021-07-01,1775.9000244140625,1781.199951171875,1768.800048828125,1775.699951171875,44,74.37100219726562,42458.43,42589.94,42293.45,42463.22,0.004006025470878916,296.49000000000524,Gold,GC=F,₹/10g,Precious metal
2021-07-02,1782.5999755859375,1787.9000244140625,1778.300048828125,1778.699951171875,23,74.54499816894531,42629.67,42850.16,42620.08,42723.14,0.006121061944901918,230.08000000000175,Gold,GC=F,₹/10g,Precious metal
2021-07-06,1793.5,1809.800048828125,1786.699951171875,1786.699951171875,332,74.31780242919922,42690.89,43242.84,42690.89,42853.37,0.0030482310054926742,551.9499999999971,Gold,GC=F,₹/10g,Precious metal
2021-07-07,1801.5,1808.4000244140625,1797.199951171875,1798.699951171875,244,74.76290130615234,43235.01,43468.17,43198.96,43302.32,0.010476422274374064,269.2099999999991,Gold,GC=F,₹/10g,Precious metal
2021-07-08,1799.5999755859375,1818.5,1797.0,1797.0,148,74.8218994140625,43228.24,43745.44,43228.24,43290.78,-0.0002664984231791623,517.2000000000044,Gold,GC=F,₹/10g,Precious metal
2021-07-09,1810.0,1810.0999755859375,1798.800048828125,1803.5999755859375,218,74.72139739990234,43328.73,43484.88,43213.42,43482.48,0.0044281946409836515,271.4599999999991,Gold,GC=F,₹/10g,Precious metal
2021-07-12,1805.5,1805.5,1799.5,1802.5999755859375,147,74.4905014038086,43170.89,43240.34,43096.65,43240.34,-0.005568679615330252,143.68999999999505,Gold,GC=F,₹/10g,Precious metal
2021-07-13,1809.4000244140625,1812.0,1800.5999755859375,1808.0999755859375,78,74.54170227050781,43332.37,43425.84,43152.63,43363.53,0.0028489600220535927,273.2099999999991,Gold,GC=F,₹/10g,Precious metal
2021-07-14,1824.300048828125,1829.0,1813.0999755859375,1813.0999755859375,707,74.65910339355469,43520.64,43902.29,43520.64,43789.48,0.009822770424824823,381.65000000000146,Gold,GC=F,₹/10g,Precious metal
2021-07-15,1828.4000244140625,1833.0,1823.4000244140625,1831.5999755859375,99,74.46910095214844,43852.82,43886.33,43656.49,43776.2,-0.0003032691870286097,229.84000000000378,Gold,GC=F,₹/10g,Precious metal
2021-07-16,1814.5,1831.4000244140625,1814.5,1830.0999755859375,78,74.53700256347656,43856.85,43888.01,43483.01,43483.01,-0.0066974748836124975,405.0,Gold,GC=F,₹/10g,Precious metal
2021-07-19,1808.699951171875,1813.4000244140625,1803.300048828125,1803.300048828125,33,74.63179779052734,43269.58,43511.92,43269.58,43399.14,-0.0019287993172506512,242.3399999999965,Gold,GC=F,₹/10g,Precious metal
2021-07-20,1810.9000244140625,1824.0,1810.9000244140625,1812.9000244140625,128,74.99340057373047,43710.69,43978.32,43662.47,43662.47,0.006067631754915093,315.84999999999854,Gold,GC=F,₹/10g,Precious metal
2021-07-21,1802.9000244140625,1807.0,1800.0,1807.0,135,74.5270004272461,43297.47,43297.47,43129.74,43199.23,-0.010609569270817687,167.7300000000032,Gold,GC=F,₹/10g,Precious metal
2021-07-22,1805.0,1805.0,1793.5999755859375,1793.5999755859375,2,74.44020080566406,42926.34,43199.18,42926.34,43199.18,-1.1574280375237223e-06,272.8400000000038,Gold,GC=F,₹/10g,Precious metal
2021-07-23,1801.4000244140625,1801.4000244140625,1800.0,1800.0,1,74.4520034790039,43086.34,43119.85,43086.34,43119.85,-0.001836377449757176,33.51000000000204,Gold,GC=F,₹/10g,Precious metal
2021-07-26,1798.699951171875,1802.5,1797.199951171875,1802.5,17,74.44889831542969,43144.39,43144.39,43017.52,43053.43,-0.0015403578630259762,126.87000000000262,Gold,GC=F,₹/10g,Precious metal
2021-07-27,1799.5,1803.699951171875,1799.5,1803.699951171875,1,74.28949737548828,43080.67,43080.67,42980.36,42980.36,-0.0016971934640283015,100.30999999999767,Gold,GC=F,₹/10g,Precious metal
2021-07-28,1799.5,1799.5,1799.5,1799.5,209783,74.5022964477539,43103.47,43103.47,43103.47,43103.47,0.0028643315225838073,0.0,Gold,GC=F,₹/10g,Precious metal
2021-07-29,1831.199951171875,1832.5999755859375,1806.0999755859375,1806.5999755859375,30496,74.38999938964844,43208.31,43830.15,43196.35,43796.67,0.016082231894555044,633.8000000000029,Gold,GC=F,₹/10g,Precious metal
2021-07-30,1812.5999755859375,1830.5,1808.9000244140625,1828.0,3100,74.25199890136719,43639.03,43698.71,43183.06,43271.39,-0.011993605906567728,515.6500000000015,Gold,GC=F,₹/10g,Precious metal
2021-08-02,1818.0999755859375,1818.699951171875,1804.800048828125,1812.4000244140625,1334,74.37909698486328,43340.68,43491.33,43158.94,43476.98,0.004751176239080834,332.3899999999994,Gold,GC=F,₹/10g,Precious metal
2021-08-03,1810.0999755859375,1813.5,1806.0,1812.300048828125,3341,74.33200073242188,43310.85,43339.52,43160.29,43258.27,-0.005030478197887822,179.22999999999593,Gold,GC=F,₹/10g,Precious metal
2021-08-04,1810.5,1831.300048828125,1806.300048828125,1809.300048828125,2860,74.21440124511719,43170.74,43695.67,43099.16,43199.37,-0.001361589356208559,596.5099999999948,Gold,GC=F,₹/10g,Precious metal
2021-08-05,1805.0999755859375,1813.699951171875,1796.0,1810.800048828125,588,74.18399810791016,43188.83,43258.0,42835.84,43052.88,-0.003391021674621797,422.1600000000035,Gold,GC=F,₹/10g,Precious metal
2021-08-06,1760.0,1800.0999755859375,1758.4000244140625,1799.800048828125,859,74.08200073242188,42867.45,42874.6,41881.39,41919.5,-0.026325300421249365,993.2099999999991,Gold,GC=F,₹/10g,Precious metal
2021-08-09,1723.4000244140625,1753.800048828125,1692.5999755859375,1753.5,1621,74.49140167236328,41995.49,42002.68,40536.96,41274.61,-0.015384009828361522,1465.7200000000012,Gold,GC=F,₹/10g,Precious metal
2021-08-10,1728.800048828125,1735.199951171875,1720.0999755859375,1728.5999755859375,1363,74.46620178222656,41385.14,41543.15,41181.64,41389.93,0.002793969464520707,361.51000000000204,Gold,GC=F,₹/10g,Precious metal
2021-08-11,1750.4000244140625,1752.199951171875,1727.300048828125,1727.300048828125,542,74.43550109863281,41336.97,41932.86,41336.97,41889.79,0.012076850576939968,595.8899999999994,Gold,GC=F,₹/10g,Precious metal
2021-08-12,1749.0,1752.4000244140625,1745.5,1749.699951171875,739,74.10299682617188,41685.99,41750.32,41585.92,41669.31,-0.005263335051333584,164.40000000000146,Gold,GC=F,₹/10g,Precious metal
2021-08-13,1775.199951171875,1777.300048828125,1757.4000244140625,1758.300048828125,436,74.26010131835938,41979.69,42433.32,41958.21,42383.18,0.017131793159042008,475.1100000000006,Gold,GC=F,₹/10g,Precious metal
2021-08-16,1786.9000244140625,1787.800048828125,1771.9000244140625,1776.9000244140625,219,74.216796875,42399.03,42659.12,42279.73,42637.64,0.006003796789197935,379.3899999999994,Gold,GC=F,₹/10g,Precious metal
2021-08-17,1785.0,1794.199951171875,1780.0,1787.699951171875,200,74.13500213623047,42609.72,42764.65,42426.19,42545.37,-0.0021640503555073742,338.4599999999991,Gold,GC=F,₹/10g,Precious metal
2021-08-18,1781.5999755859375,1791.5,1779.0,1787.800048828125,263,74.364501953125,42744.02,42832.48,42533.62,42595.78,0.0011848527818654198,298.8600000000006,Gold,GC=F,₹/10g,Precious metal
2021-08-19,1780.199951171875,1789.300048828125,1775.5,1780.0,245,74.2697982788086,42503.33,42725.4,42395.88,42508.11,-0.002058185106599719,329.5200000000041,Gold,GC=F,₹/10g,Precious metal
2021-08-20,1781.0,1787.5,1778.199951171875,1784.0999755859375,235,74.4292984008789,42692.72,42774.08,42551.54,42618.54,0.002597857208894938,222.54000000000087,Gold,GC=F,₹/10g,Precious metal
2021-08-23,1803.199951171875,1804.800048828125,1776.800048828125,1776.800048828125,32,74.30149841308594,42445.03,43113.91,42445.03,43075.69,0.010726552340835749,668.8800000000047,Gold,GC=F,₹/10g,Precious metal
2021-08-24,1805.5999755859375,1805.5999755859375,1801.0,1801.0,22,74.10590362548828,42909.88,43019.47,42909.88,43019.47,-0.0013051445026185382,109.59000000000378,Gold,GC=F,₹/10g,Precious metal
2021-08-25,1788.199951171875,1792.9000244140625,1784.0,1792.0,812,74.1447982788086,42717.85,42739.31,42527.15,42627.27,-0.009116802229316323,212.15999999999622,Gold,GC=F,₹/10g,Precious metal
2021-08-26,1792.199951171875,1792.199951171875,1781.0,1787.4000244140625,61,74.0999984741211,42582.46,42696.81,42429.98,42696.81,0.001631350072383242,266.82999999999447,Gold,GC=F,₹/10g,Precious metal
2021-08-27,1816.5999755859375,1816.5999755859375,1803.0999755859375,1803.4000244140625,1219,74.15599822998047,42996.1,43310.81,42988.95,43310.81,0.014380465425871458,321.8600000000006,Gold,GC=F,₹/10g,Precious metal
2021-08-30,1809.0,1820.300048828125,1807.800048828125,1818.199951171875,684,73.49659729003906,42963.5,43013.12,42717.75,42746.1,-0.01303854626593215,295.3700000000026,Gold,GC=F,₹/10g,Precious metal
2021-08-31,1815.0,1815.9000244140625,1801.0999755859375,1815.9000244140625,82,73.41120147705078,42859.29,42859.29,42509.98,42838.05,0.0021510734312604196,349.3099999999977,Gold,GC=F,₹/10g,Precious metal
2021-09-01,1813.0999755859375,1815.9000244140625,1809.5,1813.5,114,72.99669647216797,42560.97,42617.29,42467.09,42551.58,-0.006687279182876038,150.20000000000437,Gold,GC=F,₹/10g,Precious metal
2021-09-02,1808.699951171875,1813.9000244140625,1806.800048828125,1813.199951171875,26,72.98509979248047,42547.17,42563.59,42396.99,42441.57,-0.0025853329065572694,166.59999999999854,Gold,GC=F,₹/10g,Precious metal
2021-09-03,1830.9000244140625,1833.9000244140625,1818.9000244140625,1820.9000244140625,53,73.0542984008789,42768.36,43073.7,42721.39,43003.24,0.013233959064191003,352.3099999999977,Gold,GC=F,₹/10g,Precious metal
2021-09-07,1795.9000244140625,1825.699951171875,1792.699951171875,1825.699951171875,48,73.11000061035156,42913.8,42913.8,42138.12,42213.34,-0.018368383405529487,775.6800000000003,Gold,GC=F,₹/10g,Precious metal
2021-09-08,1790.699951171875,1790.699951171875,1781.699951171875,1781.699951171875,69,73.3904037475586,42040.18,42252.54,42040.18,42252.54,0.0009286164041983902,212.36000000000058,Gold,GC=F,₹/10g,Precious metal
2021-09-09,1797.4000244140625,1798.699951171875,1787.9000244140625,1798.699951171875,49,73.78900146484375,42671.81,42671.81,42415.6,42640.97,0.009193056796112042,256.2099999999991,Gold,GC=F,₹/10g,Precious metal
2021-09-10,1789.5999755859375,1789.5999755859375,1789.5999755859375,1789.5999755859375,0,73.53800201416016,42311.51,42311.51,42311.51,42311.51,-0.00772637207830873,0.0,Gold,GC=F,₹/10g,Precious metal
2021-09-13,1792.0,1796.0,1784.0,1789.800048828125,533,73.52429962158203,42308.36,42454.91,42171.25,42360.36,0.001154532182850554,283.6600000000035,Gold,GC=F,₹/10g,Precious metal
2021-09-14,1804.699951171875,1806.199951171875,1783.0,1791.4000244140625,764,73.54080200195312,42355.68,42705.61,42157.07,42670.14,0.007312969011594728,548.5400000000009,Gold,GC=F,₹/10g,Precious metal
2021-09-15,1792.4000244140625,1803.699951171875,1792.4000244140625,1803.699951171875,59,73.65080261230469,42710.29,42710.29,42442.72,42442.72,-0.005329722377287682,267.5699999999997,Gold,GC=F,₹/10g,Precious metal
2021-09-16,1754.5999755859375,1792.9000244140625,1743.9000244140625,1792.9000244140625,1645,73.43800354003906,42331.89,42331.89,41174.96,41427.59,-0.023917647125349273,1156.9300000000003,Gold,GC=F,₹/10g,Precious metal
2021-09-17,1749.4000244140625,1763.0,1749.4000244140625,1758.800048828125,581,73.56490325927734,41598.52,41697.86,41376.19,41376.19,-0.0012407190473786578,321.66999999999825,Gold,GC=F,₹/10g,Precious metal
2021-09-20,1761.800048828125,1761.800048828125,1750.9000244140625,1751.800048828125,185,73.69609832763672,41506.85,41743.79,41485.52,41743.79,0.008884336619683797,258.2700000000041,Gold,GC=F,₹/10g,Precious metal
2021-09-21,1776.0,1776.0,1759.0,1762.199951171875,106,73.65899658203125,41732.24,42059.05,41656.46,42059.05,0.007552261066855692,402.5900000000038,Gold,GC=F,₹/10g,Precious metal
2021-09-22,1776.699951171875,1784.300048828125,1767.0,1776.699951171875,17,73.7927017211914,42152.01,42332.32,41921.88,42152.01,0.0022102258610214864,410.4400000000023,Gold,GC=F,₹/10g,Precious metal
2021-09-23,1747.699951171875,1766.800048828125,1738.199951171875,1766.800048828125,31,73.8749008178711,41963.82,41963.82,41284.53,41510.17,-0.015226794641584163,679.2900000000009,Gold,GC=F,₹/10g,Precious metal
2021-09-24,1749.699951171875,1749.699951171875,1745.0,1749.699951171875,76,73.83999633789062,41538.04,41538.04,41426.46,41538.04,0.0006714017311901799,111.58000000000175,Gold,GC=F,₹/10g,Precious metal
2021-09-27,1750.0,1754.4000244140625,1747.5,1751.699951171875,808,73.81289672851562,41570.26,41634.33,41470.59,41529.91,-0.0001957242084603683,163.74000000000524,Gold,GC=F,₹/10g,Precious metal
2021-09-28,1735.800048828125,1741.699951171875,1726.800048828125,1739.5999755859375,15748,73.82530212402344,41290.05,41339.89,40986.23,41199.85,-0.007947525048814352,353.6599999999962,Gold,GC=F,₹/10g,Precious metal
2021-09-29,1721.5,1744.0999755859375,1721.4000244140625,1732.4000244140625,6634,74.16329956054688,41307.41,41586.38,41045.13,41047.51,-0.0036975862776198465,541.25,Gold,GC=F,₹/10g,Precious metal
2021-09-30,1755.300048828125,1760.300048828125,1724.5,1725.5,997,74.3219985961914,41230.93,42062.47,41207.03,41943.0,0.0218159396270321,855.4400000000023,Gold,GC=F,₹/10g,Precious metal
2021-10-01,1757.0,1762.5999755859375,1748.5,1754.300048828125,2220,74.25440216064453,41880.98,42079.13,41742.51,41945.44,5.817418877995806e-05,336.61999999999534,Gold,GC=F,₹/10g,Precious metal
2021-10-04,1766.199951171875,1768.9000244140625,1749.5,1764.5,417,74.152099609375,42066.45,42171.35,41708.84,42106.98,0.003851193359754923,462.51000000000204,Gold,GC=F,₹/10g,Precious metal
2021-10-05,1759.5999755859375,1764.300048828125,1749.0,1764.300048828125,98,74.57279968261719,42300.32,42300.32,41933.49,42187.63,0.001915359401220229,366.83000000000175,Gold,GC=F,₹/10g,Precious metal
2021-10-06,1760.5,1762.9000244140625,1744.699951171875,1759.300048828125,56,74.56320190429688,42175.01,42261.31,41825.01,42203.78,0.0003828136351817779,436.29999999999563,Gold,GC=F,₹/10g,Precious metal
2021-10-07,1757.9000244140625,1762.4000244140625,1752.800048828125,1762.4000244140625,336,74.76000213623047,42360.84,42360.84,42130.09,42252.68,0.0011586639869698434,230.75,Gold,GC=F,₹/10g,Precious metal
2021-10-08,1756.300048828125,1780.0,1754.199951171875,1757.0,254,74.83000183105469,42270.58,42823.93,42203.22,42253.75,2.5323837446578068e-05,620.7099999999991,Gold,GC=F,₹/10g,Precious metal
2021-10-11,1754.5999755859375,1757.800048828125,1752.199951171875,1756.5999755859375,128,75.30580139160156,42529.67,42558.73,42423.14,42481.25,0.005384137502588482,135.59000000000378,Gold,GC=F,₹/10g,Precious metal
2021-10-12,1758.300048828125,1768.0,1749.800048828125,1751.9000244140625,139,75.40260314941406,42470.4,42860.71,42419.5,42625.56,0.003397028100632582,441.2099999999991,Gold,GC=F,₹/10g,Precious metal
2021-10-13,1793.699951171875,1794.5,1760.800048828125,1760.800048828125,150,75.48390197753906,42732.19,43550.04,42732.19,43530.62,0.02123280022596785,817.8499999999985,Gold,GC=F,₹/10g,Precious metal
2021-10-14,1796.699951171875,1799.9000244140625,1792.0,1792.199951171875,337,75.3062973022461,43391.88,43578.31,43387.04,43500.83,-0.0006843458696430549,191.2699999999968,Gold,GC=F,₹/10g,Precious metal
2021-10-15,1767.199951171875,1795.4000244140625,1766.5999755859375,1794.5,874,74.99500274658203,43267.97,43289.67,42595.26,42609.73,-0.020484666614407065,694.4099999999962,Gold,GC=F,₹/10g,Precious metal
2021-10-18,1764.800048828125,1770.0999755859375,1759.5,1761.5999755859375,266,75.00589752197266,42480.87,42685.85,42430.23,42558.04,-0.001213103204362076,255.61999999999534,Gold,GC=F,₹/10g,Precious metal
2021-10-19,1769.699951171875,1785.0,1767.5,1777.5999755859375,51,75.2354965209961,42997.93,43176.93,42753.63,42806.84,0.005846133891504346,423.3000000000029,Gold,GC=F,₹/10g,Precious metal
2021-10-20,1784.0999755859375,1785.5999755859375,1774.0,1774.5999755859375,127,75.12010192871094,42859.53,43125.2,42845.04,43088.97,0.006590769138763886,280.1599999999962,Gold,GC=F,₹/10g,Precious metal
2021-10-21,1781.199951171875,1785.699951171875,1781.0,1782.0,146,74.80919647216797,42860.12,42949.11,42836.07,42840.88,-0.005757621962186654,113.04000000000087,Gold,GC=F,₹/10g,Precious metal
2021-10-22,1795.5,1806.9000244140625,1784.0,1787.0999755859375,532,74.86540222167969,43015.08,43491.66,42940.47,43217.27,0.008785767239141595,551.1900000000023,Gold,GC=F,₹/10g,Precious metal
2021-10-25,1806.0,1809.0,1794.0,1794.300048828125,140,74.99369812011719,43262.4,43616.83,43255.16,43544.49,0.007571510185627295,361.66999999999825,Gold,GC=F,₹/10g,Precious metal
2021-10-26,1792.699951171875,1808.800048828125,1788.5999755859375,1808.800048828125,359,75.08989715576172,43667.95,43667.95,43180.28,43279.26,-0.006091011744539854,487.66999999999825,Gold,GC=F,₹/10g,Precious metal
2021-10-27,1797.9000244140625,1798.0999755859375,1791.5,1791.5,543,74.88890075683594,43134.52,43293.43,43134.52,43288.62,0.00021626987152734145,158.9100000000035,Gold,GC=F,₹/10g,Precious metal
2021-10-28,1801.5999755859375,1807.300048828125,1795.5,1795.5,452,75.05000305175781,43323.83,43608.56,43323.83,43471.02,0.004213578534034923,284.7299999999959,Gold,GC=F,₹/10g,Precious metal
2021-10-29,1783.0,1797.0,1774.5999755859375,1793.0999755859375,583,74.79720306396484,43120.18,43213.97,42675.3,42877.3,-0.013657834575770078,538.6699999999983,Gold,GC=F,₹/10g,Precious metal
2021-11-01,1795.0999755859375,1795.0999755859375,1786.699951171875,1787.5,142,74.92829895019531,43060.86,43243.94,43041.58,43243.94,0.00855091155459875,202.36000000000058,Gold,GC=F,₹/10g,Precious metal
2021-11-02,1788.699951171875,1795.5,1787.699951171875,1790.5,213,74.82990264892578,43076.48,43196.78,43009.12,43033.18,-0.0048737464717599766,187.65999999999622,Gold,GC=F,₹/10g,Precious metal
2021-11-03,1763.5999755859375,1768.0,1761.800048828125,1768.0,108,74.71199798583984,42468.15,42468.15,42319.23,42362.46,-0.015586112855243361,148.91999999999825,Gold,GC=F,₹/10g,Precious metal
2021-11-04,1793.0,1798.199951171875,1776.199951171875,1776.5999755859375,103,74.43550109863281,42516.79,43033.71,42507.22,42909.27,0.012907890618250262,526.489999999998,Gold,GC=F,₹/10g,Precious metal
2021-11-05,1816.4000244140625,1817.0999755859375,1794.9000244140625,1794.9000244140625,239,74.47810363769531,42979.33,43510.91,42979.33,43494.15,0.01363062107558588,531.5800000000017,Gold,GC=F,₹/10g,Precious metal
2021-11-08,1827.4000244140625,1827.4000244140625,1816.9000244140625,1817.0,261,74.19110107421875,43340.86,43588.93,43338.47,43588.93,0.0021791436319595903,250.45999999999913,Gold,GC=F,₹/10g,Precious metal
2021-11-09,1830.199951171875,1832.699951171875,1820.699951171875,1826.0999755859375,170,73.91850280761719,43397.87,43554.72,43269.54,43495.31,-0.00214779302910173,285.1800000000003,Gold,GC=F,₹/10g,Precious metal
2021-11-10,1847.5999755859375,1865.0,1824.9000244140625,1825.800048828125,795,74.17479705810547,43541.19,44476.02,43519.73,44061.07,0.013007379416309472,956.2899999999936,Gold,GC=F,₹/10g,Precious metal
2021-11-11,1863.199951171875,1866.5,1853.9000244140625,1853.9000244140625,292,74.40489959716797,44348.46,44649.88,44348.46,44570.93,0.011571666325851826,301.41999999999825,Gold,GC=F,₹/10g,Precious metal
2021-11-12,1867.9000244140625,1867.9000244140625,1847.5999755859375,1860.800048828125,210,74.32209777832031,44463.99,44633.64,44148.57,44633.64,0.0014069708664368186,485.0699999999997,Gold,GC=F,₹/10g,Precious metal
2021-11-15,1866.0999755859375,1866.9000244140625,1864.5,1864.5,87,74.33999633789062,44563.13,44620.49,44563.13,44601.37,-0.0007229972729089207,57.36000000000058,Gold,GC=F,₹/10g,Precious metal
2021-11-16,1853.5999755859375,1853.5999755859375,1853.5999755859375,1853.5999755859375,1,74.43509674072266,44359.28,44359.28,44359.28,44359.28,-0.0054278601755956,0.0,Gold,GC=F,₹/10g,Precious metal
2021-11-17,1869.699951171875,1869.699951171875,1862.5999755859375,1862.5999755859375,2,74.45860290527344,44588.74,44758.71,44588.74,44758.71,0.009004429287400528,169.97000000000116,Gold,GC=F,₹/10g,Precious metal
2021-11-18,1861.0,1861.0,1861.0,1861.0,9,74.25980377197266,44431.49,44431.49,44431.49,44431.49,-0.007310755828306981,0.0,Gold,GC=F,₹/10g,Precious metal
2021-11-19,1851.199951171875,1851.199951171875,1851.199951171875,1851.199951171875,21,74.17440032958984,44146.69,44146.69,44146.69,44146.69,-0.006409868316367362,0.0,Gold,GC=F,₹/10g,Precious metal
2021-11-22,1806.0,1841.5999755859375,1805.699951171875,1841.5999755859375,14,74.30259704589844,43993.65,43993.65,43136.04,43143.21,-0.02273058297235886,857.6100000000006,Gold,GC=F,₹/10g,Precious metal
2021-11-23,1783.5,1795.5,1783.5,1795.5,264,74.42980194091797,42965.81,42965.81,42678.65,42678.65,-0.010767858951617137,287.1599999999962,Gold,GC=F,₹/10g,Precious metal
2021-11-24,1784.0999755859375,1793.0,1781.4000244140625,1793.0,188,74.4469985961914,42915.9,42915.9,42638.25,42702.88,0.000567731172377739,277.65000000000146,Gold,GC=F,₹/10g,Precious metal
2021-11-26,1785.300048828125,1791.4000244140625,1785.300048828125,1791.0999755859375,186800,74.50579833984375,42904.28,42911.47,42765.35,42765.35,0.0014628989894827082,146.12000000000262,Gold,GC=F,₹/10g,Precious metal
2021-11-29,1782.300048828125,1798.9000244140625,1779.0999755859375,1791.699951171875,26926,74.98159790039062,43192.74,43366.31,42888.99,42966.13,0.004694922407977531,477.3199999999997,Gold,GC=F,₹/10g,Precious metal
2021-11-30,1773.5999755859375,1808.0999755859375,1768.699951171875,1783.9000244140625,4903,75.05490112304688,43046.74,43630.71,42679.96,42798.2,-0.003908427405493575,950.75,Gold,GC=F,₹/10g,Precious metal
2021-12-01,1781.5999755859375,1790.5,1772.300048828125,1774.800048828125,1128,75.0509033203125,42824.87,43203.7,42764.55,42988.95,0.004456963143309789,439.1499999999942,Gold,GC=F,₹/10g,Precious metal
2021-12-02,1760.699951171875,1780.9000244140625,1760.5999755859375,1780.9000244140625,1557,75.01789855957031,42953.17,42953.17,42463.55,42465.96,-0.012165684437512425,489.61999999999534,Gold,GC=F,₹/10g,Precious metal
2021-12-03,1782.0,1785.0999755859375,1766.5,1767.5,694,74.9834976196289,42610.42,43034.72,42586.32,42959.99,0.011633553085812709,448.40000000000146,Gold,GC=F,₹/10g,Precious metal
2021-12-06,1777.5,1783.0,1777.199951171875,1780.199951171875,381,75.23400115966797,43059.97,43127.69,42987.4,42994.66,0.0008070299830145178,140.29000000000087,Gold,GC=F,₹/10g,Precious metal
2021-12-07,1782.5999755859375,1786.0999755859375,1772.300048828125,1779.5,308,75.39129638671875,43133.03,43293.0,42958.51,43208.17,0.004965965540836725,334.48999999999796,Gold,GC=F,₹/10g,Precious metal
2021-12-08,1783.4000244140625,1789.9000244140625,1779.0,1789.9000244140625,1383,75.40859985351562,43395.07,43395.07,43130.8,43237.48,0.000678343933566472,264.2699999999968,Gold,GC=F,₹/10g,Precious metal
2021-12-09,1774.5999755859375,1783.5,1771.800048828125,1783.5,455,75.38330078125,43225.4,43225.4,42941.83,43009.69,-0.00526834588879832,283.5699999999997,Gold,GC=F,₹/10g,Precious metal
2021-12-10,1782.9000244140625,1785.4000244140625,1769.0999755859375,1773.800048828125,545,75.59919738769531,43113.43,43395.38,42999.19,43334.61,0.007554576654702716,396.18999999999505,Gold,GC=F,₹/10g,Precious metal
2021-12-13,1786.300048828125,1787.0999755859375,1783.800048828125,1784.4000244140625,206,75.70999908447266,43434.64,43500.36,43420.03,43480.89,0.003375592857533416,80.33000000000175,Gold,GC=F,₹/10g,Precious metal
2021-12-14,1770.4000244140625,1787.0,1769.0,1787.0,322,75.82689666748047,43565.09,43565.09,43126.27,43160.4,-0.007370824286255351,438.8199999999997,Gold,GC=F,₹/10g,Precious metal
2021-12-15,1762.5999755859375,1778.699951171875,1753.9000244140625,1767.4000244140625,283,76.04720306396484,43212.45,43488.73,42882.37,43095.09,-0.0015131926488171077,606.3600000000006,Gold,GC=F,₹/10g,Precious metal
2021-12-16,1796.5999755859375,1798.0999755859375,1781.0,1781.0,21,76.2114028930664,43638.98,44057.97,43638.98,44021.22,0.021490383243195632,418.98999999999796,Gold,GC=F,₹/10g,Precious metal
2021-12-17,1803.800048828125,1812.9000244140625,1803.800048828125,1804.0,654,76.1675033569336,44177.08,44395.03,44172.18,44172.18,0.0034292552546248967,222.84999999999854,Gold,GC=F,₹/10g,Precious metal
2021-12-20,1793.699951171875,1799.800048828125,1792.0,1796.800048828125,226,76.00599670410156,43907.46,43980.77,43790.17,43831.71,-0.007707792551782666,190.59999999999854,Gold,GC=F,₹/10g,Precious metal
2021-12-21,1787.9000244140625,1796.5,1787.9000244140625,1791.4000244140625,575,75.75869750976562,43633.07,43757.29,43547.82,43547.82,-0.006476817810667224,209.47000000000116,Gold,GC=F,₹/10g,Precious metal
2021-12-22,1801.5999755859375,1805.199951171875,1785.5,1786.0,567,75.6864013671875,43460.03,43927.24,43447.87,43839.64,0.0067011391155744615,479.36999999999534,Gold,GC=F,₹/10g,Precious metal
2021-12-23,1811.199951171875,1811.199951171875,1800.800048828125,1806.0,193,75.45850372314453,43814.38,43940.53,43688.23,43940.53,0.0023013418905812877,252.29999999999563,Gold,GC=F,₹/10g,Precious metal
2021-12-27,1808.0999755859375,1812.0999755859375,1807.0,1810.0,150,75.31500244140625,43827.91,43878.76,43755.27,43781.91,-0.0036098790797469693,123.49000000000524,Gold,GC=F,₹/10g,Precious metal
2021-12-28,1810.199951171875,1818.0,1805.5,1812.0,146,74.98030090332031,43681.36,43826.0,43524.66,43637.96,-0.0032878876229932574,301.3399999999965,Gold,GC=F,₹/10g,Precious metal
2021-12-29,1805.0999755859375,1805.0999755859375,1791.4000244140625,1803.199951171875,623,74.74500274658203,43332.8,43378.46,43049.24,43378.46,-0.0059466574514482895,329.22000000000116,Gold,GC=F,₹/10g,Precious metal
2021-12-30,1812.699951171875,1816.0,1796.0,1801.699951171875,306,74.57029724121094,43195.56,43538.4,43058.9,43459.28,0.00186313668120075,479.5,Gold,GC=F,₹/10g,Precious metal
2021-12-31,1827.5,1827.800048828125,1821.4000244140625,1825.0999755859375,80,74.43119812011719,43674.95,43739.56,43586.41,43732.38,0.006284043361969971,153.14999999999418,Gold,GC=F,₹/10g,Precious metal
2022-01-03,1799.4000244140625,1830.0999755859375,1798.800048828125,1830.0999755859375,116,74.51380157470703,43843.2,43843.2,43093.36,43107.73,-0.014283466849963178,749.8399999999965,Gold,GC=F,₹/10g,Precious metal
2022-01-04,1814.0,1815.300048828125,1800.0,1800.5,38,74.4032974243164,43070.12,43424.15,43058.16,43393.05,0.00661876651820914,365.98999999999796,Gold,GC=F,₹/10g,Precious metal
2022-01-05,1824.5999755859375,1824.5999755859375,1813.0999755859375,1813.0999755859375,8,74.53489685058594,43448.24,43723.82,43448.24,43723.82,0.0076226492491309195,275.58000000000175,Gold,GC=F,₹/10g,Precious metal
2022-01-06,1788.699951171875,1791.300048828125,1787.0999755859375,1787.0999755859375,30,74.43009948730469,42764.97,42865.48,42764.97,42803.26,-0.021053970124293775,100.51000000000204,Gold,GC=F,₹/10g,Precious metal
2022-01-07,1797.0,1797.0,1784.4000244140625,1791.800048828125,17,74.41929626464844,42871.22,42995.64,42694.16,42995.64,0.004494517473669024,301.4799999999959,Gold,GC=F,₹/10g,Precious metal
2022-01-10,1798.4000244140625,1798.699951171875,1790.4000244140625,1794.9000244140625,534,74.2699966430664,42859.23,42949.97,42751.78,42942.81,-0.0012287292385926296,198.19000000000233,Gold,GC=F,₹/10g,Precious metal
2022-01-11,1818.5999755859375,1822.5,1803.0,1803.9000244140625,743,74.05699920654297,42950.61,43393.47,42929.18,43300.61,0.008332011808263262,464.2900000000009,Gold,GC=F,₹/10g,Precious metal
2022-01-12,1827.199951171875,1827.199951171875,1816.9000244140625,1819.0,1547,73.81529998779297,43168.79,43363.39,43118.95,43363.39,0.0014498641012217206,244.44000000000233,Gold,GC=F,₹/10g,Precious metal
2022-01-13,1821.199951171875,1823.0,1815.4000244140625,1819.800048828125,40,73.79910278320312,43178.3,43254.22,43073.9,43211.51,-0.0035024936934127116,180.3199999999997,Gold,GC=F,₹/10g,Precious metal
2022-01-14,1816.5,1822.0,1816.5,1821.5,816,73.97229766845703,43320.06,43331.95,43201.14,43201.14,-0.00023998235655275924,130.80999999999767,Gold,GC=F,₹/10g,Precious metal
2022-01-18,1812.300048828125,1820.0999755859375,1812.300048828125,1816.800048828125,900,74.25509643554688,43373.47,43452.25,43266.04,43266.04,0.0015022751714421911,186.20999999999913,Gold,GC=F,₹/10g,Precious metal
2022-01-19,1843.0999755859375,1843.0999755859375,1817.4000244140625,1817.4000244140625,4,74.61969757080078,43600.83,44217.39,43600.83,44217.39,0.021988377027340578,616.5599999999977,Gold,GC=F,₹/10g,Precious metal
2022-01-20,1842.5,1843.0,1838.199951171875,1840.5999755859375,20,74.44920349121094,44056.52,44113.97,43999.07,44102.0,-0.0026096067633119002,114.90000000000146,Gold,GC=F,₹/10g,Precious metal
2022-01-21,1831.800048828125,1842.4000244140625,1828.9000244140625,1838.0,19,74.45220184326172,43996.06,44101.38,43778.24,43847.65,-0.005767312140039005,323.1399999999994,Gold,GC=F,₹/10g,Precious metal
2022-01-24,1841.699951171875,1842.0999755859375,1837.9000244140625,1837.9000244140625,8,74.41320037841797,43970.62,44071.1,43970.62,44061.53,0.004877798468104766,100.47999999999593,Gold,GC=F,₹/10g,Precious metal
2022-01-25,1852.699951171875,1852.699951171875,1842.0,1843.0,11,74.6447982788086,44229.87,44462.65,44205.87,44462.65,0.009103633033169745,256.77999999999884,Gold,GC=F,₹/10g,Precious metal
2022-01-26,1829.9000244140625,1829.9000244140625,1829.9000244140625,1829.9000244140625,55,74.77999877929688,43995.02,43995.02,43995.02,43995.02,-0.010517366823614926,0.0,Gold,GC=F,₹/10g,Precious metal
2022-01-27,1793.300048828125,1793.300048828125,1793.300048828125,1793.300048828125,196036,74.8949966430664,43181.38,43181.38,43181.38,43181.38,-0.018493911356330828,0.0,Gold,GC=F,₹/10g,Precious metal
2022-01-28,1784.9000244140625,1798.4000244140625,1778.800048828125,1797.5,28521,75.20929718017578,43464.15,43485.91,43011.98,43159.48,-0.0005071630411069838,473.9300000000003,Gold,GC=F,₹/10g,Precious metal
2022-01-31,1795.0,1798.5,1785.0999755859375,1788.5,1735,75.03900146484375,43148.6,43389.86,43066.57,43305.42,0.0033814123803159735,323.2900000000009,Gold,GC=F,₹/10g,Precious metal
2022-02-01,1800.300048828125,1806.0999755859375,1797.0999755859375,1797.199951171875,223,74.55580139160156,43079.29,43292.63,43076.9,43153.6,-0.003505796733988542,215.72999999999593,Gold,GC=F,₹/10g,Precious metal
2022-02-02,1809.199951171875,1810.0999755859375,1795.0999755859375,1797.800048828125,1690,74.74549865722656,43203.32,43498.91,43138.44,43477.28,0.007500648845055746,360.47000000000116,Gold,GC=F,₹/10g,Precious metal
2022-02-03,1803.0,1808.0999755859375,1787.9000244140625,1805.800048828125,466,74.82240295410156,43440.22,43495.55,43009.62,43372.87,-0.002401484177482982,485.9300000000003,Gold,GC=F,₹/10g,Precious metal
2022-02-04,1806.5999755859375,1813.699951171875,1792.5,1806.0,571,74.6438980102539,43341.39,43526.17,43017.41,43355.78,-0.00039402511293362696,508.75999999999476,Gold,GC=F,₹/10g,Precious metal
2022-02-07,1820.5999755859375,1821.300048828125,1809.0999755859375,1812.199951171875,601,74.64219665527344,43489.18,43707.57,43414.79,43690.77,0.007726536115830518,292.77999999999884,Gold,GC=F,₹/10g,Precious metal
2022-02-08,1826.5999755859375,1827.5999755859375,1815.0,1818.9000244140625,108,74.6583023071289,43659.39,43868.22,43565.78,43844.21,0.003511954584457966,302.4400000000023,Gold,GC=F,₹/10g,Precious metal
2022-02-09,1835.199951171875,1835.199951171875,1825.300048828125,1825.4000244140625,683,74.69519805908203,43837.07,44072.41,43834.66,44072.41,0.005204792149294146,237.75,Gold,GC=F,₹/10g,Precious metal
2022-02-10,1836.199951171875,1842.0999755859375,1820.800048828125,1833.300048828125,365,74.80889892578125,44093.8,44305.45,43793.16,44163.55,0.002067960431480831,512.2899999999936,Gold,GC=F,₹/10g,Precious metal
2022-02-11,1840.800048828125,1864.800048828125,1822.0,1822.0,181,75.53839874267578,44249.35,45288.8,44249.35,44705.93,0.012281168520193564,1039.4500000000044,Gold,GC=F,₹/10g,Precious metal
2022-02-14,1868.0,1870.5999755859375,1854.5999755859375,1861.800048828125,79,75.34100341796875,45097.78,45310.94,44923.38,45247.96,0.012124342341161443,387.56000000000495,Gold,GC=F,₹/10g,Precious metal
2022-02-15,1854.800048828125,1879.699951171875,1847.4000244140625,1872.5999755859375,86,75.6854019165039,45566.73,45739.5,44953.53,45133.6,-0.0025274067604373895,785.9700000000012,Gold,GC=F,₹/10g,Precious metal
2022-02-16,1870.199951171875,1870.199951171875,1856.300048828125,1858.699951171875,34,75.17479705810547,44923.37,45201.31,44865.36,45201.31,0.0015002127018450828,335.9499999999971,Gold,GC=F,₹/10g,Precious metal
2022-02-17,1900.699951171875,1900.699951171875,1876.199951171875,1876.300048828125,393,75.04199981689453,45268.64,45857.32,45266.22,45857.32,0.014513074952916316,591.0999999999985,Gold,GC=F,₹/10g,Precious metal
2022-02-18,1898.5999755859375,1899.4000244140625,1890.699951171875,1899.4000244140625,51,75.06300354003906,45838.79,45838.79,45628.83,45819.48,-0.0008251681519982901,209.95999999999913,Gold,GC=F,₹/10g,Precious metal
2022-02-22,1906.0999755859375,1912.0,1890.800048828125,1908.0999755859375,173,74.51699829101562,45713.79,45807.22,45299.32,45665.87,-0.0033525042187296794,507.90000000000146,Gold,GC=F,₹/10g,Precious metal
2022-02-23,1909.199951171875,1910.5999755859375,1895.699951171875,1896.5999755859375,73,74.62300109863281,45502.91,45838.8,45481.32,45805.21,0.003051294106517499,357.4800000000032,Gold,GC=F,₹/10g,Precious metal
2022-02-24,1925.0999755859375,1972.5,1911.699951171875,1911.9000244140625,2706,74.63300323486328,45876.14,47330.24,45871.34,46192.87,0.008463229401197037,1458.9000000000015,Gold,GC=F,₹/10g,Precious metal
2022-02-25,1886.5,1920.0,1883.5999755859375,1906.9000244140625,586,75.4083023071289,46231.48,46549.08,45666.59,45736.9,-0.009871003901684383,882.4900000000052,Gold,GC=F,₹/10g,Precious metal
2022-02-28,1899.4000244140625,1928.4000244140625,1894.199951171875,1928.300048828125,390,75.06800079345703,46539.34,46541.75,45716.34,45841.84,0.0022944274754082006,825.4100000000035,Gold,GC=F,₹/10g,Precious metal
2022-03-01,1942.4000244140625,1942.4000244140625,1903.800048828125,1908.300048828125,547,75.28479766845703,46189.65,47015.03,46080.73,47015.03,0.0255921228292757,934.2999999999956,Gold,GC=F,₹/10g,Precious metal
2022-03-02,1920.9000244140625,1948.199951171875,1919.800048828125,1945.5999755859375,109,75.80120086669922,47415.5,47478.87,46786.74,46813.55,-0.004285438082247239,692.1300000000047,Gold,GC=F,₹/10g,Precious metal
2022-03-03,1934.4000244140625,1940.300048828125,1924.800048828125,1930.5,122,75.63099670410156,46941.87,47180.17,46803.27,47036.7,0.004766782267099812,376.90000000000146,Gold,GC=F,₹/10g,Precious metal
2022-03-04,1965.0999755859375,1970.9000244140625,1935.5999755859375,1937.0,47,75.8917007446289,47262.28,48089.43,47228.12,47947.91,0.019372319911898694,861.3099999999977,Gold,GC=F,₹/10g,Precious metal
2022-03-07,1993.9000244140625,2001.0999755859375,1963.0,1989.0,2516,76.41799926757812,48867.62,49164.9,48228.83,48988.01,0.021692290654587332,936.0699999999997,Gold,GC=F,₹/10g,Precious metal
2022-03-08,2040.0999755859375,2072.0,1998.0,1999.4000244140625,1813,77.08080291748047,49549.2,51348.38,49514.51,50557.83,0.03204498406855061,1833.8699999999953,Gold,GC=F,₹/10g,Precious metal
2022-03-09,1985.9000244140625,2063.0,1980.800048828125,2053.60009765625,1022,76.91449737548828,50782.59,51015.03,48982.35,49108.46,-0.028667567417351658,2032.6800000000003,Gold,GC=F,₹/10g,Precious metal
2022-03-10,1998.0999755859375,2010.5,1978.0999755859375,1978.0999755859375,670,76.13490295410156,48419.78,49212.86,48419.78,48909.33,-0.004054902149242645,793.0800000000017,Gold,GC=F,₹/10g,Precious metal
2022-03-11,1982.699951171875,1996.0,1959.9000244140625,1985.0,865,76.310302734375,48700.61,48970.49,48084.8,48644.18,-0.005421256026202026,885.689999999995,Gold,GC=F,₹/10g,Precious metal
2022-03-14,1959.5999755859375,1977.699951171875,1959.5999755859375,1976.5,145,76.75370025634766,48773.83,48803.44,48356.79,48356.79,-0.005908003794081851,446.65000000000146,Gold,GC=F,₹/10g,Precious metal
2022-03-15,1928.5,1939.9000244140625,1910.699951171875,1939.800048828125,71,76.49009704589844,47703.79,47706.25,46988.16,47425.9,-0.01925045066060005,718.0899999999965,Gold,GC=F,₹/10g,Precious metal
2022-03-16,1908.0,1922.4000244140625,1907.199951171875,1922.4000244140625,104,76.26589965820312,47137.32,47137.32,46764.61,46784.23,-0.013529948825430793,372.7099999999991,Gold,GC=F,₹/10g,Precious metal
2022-03-17,1942.0999755859375,1947.199951171875,1933.9000244140625,1933.9000244140625,39,76.02420043945312,47269.02,47594.1,47269.02,47469.45,0.014646388323586779,325.08000000000175,Gold,GC=F,₹/10g,Precious metal
2022-03-18,1928.199951171875,1939.300048828125,1928.199951171875,1934.5,28,75.98159790039062,47257.19,47374.45,47103.29,47103.29,-0.007713592636948485,271.1599999999962,Gold,GC=F,₹/10g,Precious metal
2022-03-21,1928.5999755859375,1928.5999755859375,1925.0,1925.4000244140625,5,75.94640350341797,47013.1,47091.24,47003.34,47091.24,-0.00025582077175512197,87.90000000000146,Gold,GC=F,₹/10g,Precious metal
2022-03-22,1920.699951171875,1920.699951171875,1920.699951171875,1920.699951171875,26,76.30709838867188,47121.08,47121.08,47121.08,47121.08,0.0006336635008974412,0.0,Gold,GC=F,₹/10g,Precious metal
2022-03-23,1936.5999755859375,1936.5999755859375,1936.5999755859375,1936.5999755859375,204,76.10189819335938,47383.39,47383.39,47383.39,47383.39,0.005566723003802121,0.0,Gold,GC=F,₹/10g,Precious metal
2022-03-24,1961.5999755859375,1964.0,1961.5999755859375,1963.5999755859375,8,76.55239868164062,48328.42,48338.26,48279.19,48279.19,0.01890535902982049,59.06999999999971,Gold,GC=F,₹/10g,Precious metal
2022-03-25,1953.800048828125,1953.800048828125,1953.800048828125,1953.800048828125,83,76.32350158691406,47943.43,47943.43,47943.43,47943.43,-0.006954549154615131,0.0,Gold,GC=F,₹/10g,Precious metal
2022-03-28,1939.5999755859375,1939.5999755859375,1932.5999755859375,1932.5999755859375,7,76.27850341796875,47395.26,47566.92,47395.26,47566.92,-0.007853213672864068,171.65999999999622,Gold,GC=F,₹/10g,Precious metal
2022-03-29,1912.0,1912.0,1893.5,1893.5,128051,76.03410339355469,46287.58,46739.82,46287.58,46739.82,-0.017388134443012015,452.23999999999796,Gold,GC=F,₹/10g,Precious metal
2022-03-30,1933.5,1937.0,1914.5,1918.4000244140625,17765,75.66670227050781,46669.67,47122.16,46574.79,47037.01,0.0063583899124985965,547.3700000000026,Gold,GC=F,₹/10g,Precious metal
2022-03-31,1949.199951171875,1949.9000244140625,1919.0999755859375,1933.5,3617,75.82779693603516,47137.15,47536.97,46786.09,47519.91,0.010266383853905658,750.8800000000047,Gold,GC=F,₹/10g,Precious metal
2022-04-01,1919.0999755859375,1938.0,1917.0,1935.0,1016,75.9092025756836,47224.37,47297.58,46785.07,46836.32,-0.014385338692771144,512.510000000002,Gold,GC=F,₹/10g,Precious metal
2022-04-04,1929.199951171875,1936.0999755859375,1915.5999755859375,1921.199951171875,371,75.99479675292969,46940.44,47304.49,46803.62,47135.9,0.006396318071103746,500.86999999999534,Gold,GC=F,₹/10g,Precious metal
2022-04-05,1922.9000244140625,1943.5,1918.4000244140625,1927.0999755859375,412,75.47799682617188,46764.4,47162.37,46553.28,46662.48,-0.010043724634514195,609.0900000000038,Gold,GC=F,₹/10g,Precious metal
2022-04-06,1918.4000244140625,1931.800048828125,1916.699951171875,1916.699951171875,138,75.45069885253906,46495.2,46861.5,46495.2,46536.44,-0.0027010994700668034,366.3000000000029,Gold,GC=F,₹/10g,Precious metal
2022-04-07,1933.800048828125,1934.800048828125,1919.5,1919.5,311,75.94509887695312,46868.24,47241.82,46868.24,47217.4,0.014632833968391212,373.58000000000175,Gold,GC=F,₹/10g,Precious metal
2022-04-08,1941.5999755859375,1947.699951171875,1928.800048828125,1928.800048828125,153,75.91320037841797,47075.53,47536.82,47075.53,47387.94,0.0036118041230563946,461.2900000000009,Gold,GC=F,₹/10g,Precious metal
2022-04-11,1944.300048828125,1968.4000244140625,1941.800048828125,1946.5999755859375,163,75.91729736328125,47512.53,48044.63,47395.38,47456.4,0.0014446713657525478,649.25,Gold,GC=F,₹/10g,Precious metal
2022-04-12,1972.0999755859375,1977.0999755859375,1950.5999755859375,1952.5,246,75.83699798583984,47606.13,48205.93,47559.81,48084.02,0.01322519196567784,646.1200000000026,Gold,GC=F,₹/10g,Precious metal
2022-04-13,1981.0,1981.0,1969.5,1969.5,204,76.1498031616211,48218.7,48500.25,48218.7,48500.25,0.008656306190705454,281.5500000000029,Gold,GC=F,₹/10g,Precious metal
2022-04-14,1970.9000244140625,1978.699951171875,1963.0,1977.199951171875,101,76.12169647216797,48389.35,48426.06,48041.82,48235.17,-0.0054655388374287295,384.23999999999796,Gold,GC=F,₹/10g,Precious metal
2022-04-18,1982.9000244140625,1997.0999755859375,1972.800048828125,1973.4000244140625,196,76.3313980102539,48429.4,49011.02,48414.68,48662.54,0.008860132554731281,596.3399999999965,Gold,GC=F,₹/10g,Precious metal
2022-04-19,1955.699951171875,1978.300048828125,1945.699951171875,1973.800048828125,130,76.28019714355469,48406.72,48517.09,47717.58,47962.83,-0.014378821985042256,799.5099999999948,Gold,GC=F,₹/10g,Precious metal
2022-04-20,1952.300048828125,1953.5999755859375,1945.5,1945.5,621,76.44539642333984,47816.01,48015.09,47816.01,47983.14,0.00042345291134826546,199.07999999999447,Gold,GC=F,₹/10g,Precious metal
2022-04-21,1944.9000244140625,1944.9000244140625,1942.5,1942.5,4,76.27619934082031,47636.61,47695.46,47636.61,47695.46,-0.005995439231363364,58.849999999998545,Gold,GC=F,₹/10g,Precious metal
2022-04-22,1931.0,1950.4000244140625,1930.199951171875,1949.5999755859375,178,76.28520202636719,47816.36,47835.99,47340.55,47360.18,-0.007029599882252935,495.43999999999505,Gold,GC=F,₹/10g,Precious metal
2022-04-25,1893.199951171875,1925.0,1889.300048828125,1925.0,748,76.4635009765625,47323.37,47323.37,46445.74,46541.61,-0.017283929241822982,877.6300000000047,Gold,GC=F,₹/10g,Precious metal
2022-04-26,1901.4000244140625,1909.0999755859375,1894.0,1900.5,302,76.52780151367188,46760.36,46971.96,46600.43,46782.5,0.00517579860258377,371.52999999999884,Gold,GC=F,₹/10g,Precious metal
2022-04-27,1885.9000244140625,1900.5999755859375,1882.199951171875,1897.800048828125,1786,76.79409790039062,46856.41,46925.54,46471.25,46562.6,-0.004700475605194265,454.2900000000009,Gold,GC=F,₹/10g,Precious metal
2022-04-28,1888.699951171875,1893.0,1872.9000244140625,1883.800048828125,513,76.47219848632812,46315.79,46541.99,46047.8,46436.27,-0.002713121689939979,494.18999999999505,Gold,GC=F,₹/10g,Precious metal
2022-04-29,1909.300048828125,1918.199951171875,1902.4000244140625,1902.699951171875,132,76.58899688720703,46851.92,47233.59,46844.54,47014.44,0.012450827768897055,389.04999999999563,Gold,GC=F,₹/10g,Precious metal
2022-05-02,1861.800048828125,1896.800048828125,1853.0,1896.699951171875,385,76.52310180664062,46664.0,46666.46,45588.86,45805.36,-0.02571720518206755,1077.5999999999985,Gold,GC=F,₹/10g,Precious metal
2022-05-03,1868.800048828125,1868.800048828125,1868.800048828125,1868.800048828125,466,76.52410125732422,45978.18,45978.18,45978.18,45978.18,0.0037729208983403595,0.0,Gold,GC=F,₹/10g,Precious metal
2022-05-04,1867.0,1867.0,1867.0,1867.0,1,76.46730041503906,45899.8,45899.8,45899.8,45899.8,-0.0017047216744985327,0.0,Gold,GC=F,₹/10g,Precious metal
2022-05-05,1874.0,1904.300048828125,1874.0,1897.0,80,76.00160217285156,46353.32,46531.69,45791.31,45791.31,-0.0023636268567620577,740.3800000000047,Gold,GC=F,₹/10g,Precious metal
2022-05-06,1881.199951171875,1890.300048828125,1871.5,1874.699951171875,214,76.54180145263672,46134.01,46517.91,46055.26,46293.96,0.010976973578611382,462.65000000000146,Gold,GC=F,₹/10g,Precious metal
2022-05-09,1857.0999755859375,1867.5,1854.0,1866.5999755859375,304,76.9574966430664,46184.15,46206.42,45872.39,45949.09,-0.007449567934996293,334.02999999999884,Gold,GC=F,₹/10g,Precious metal
2022-05-10,1839.9000244140625,1839.9000244140625,1839.9000244140625,1839.9000244140625,1540,77.3655014038086,45764.88,45764.88,45764.88,45764.88,-0.004009002136930229,0.0,Gold,GC=F,₹/10g,Precious metal
2022-05-11,1852.5999755859375,1852.5999755859375,1841.0,1841.5,892,77.27140045166016,45748.96,46024.72,45736.54,46024.72,0.005677716187609372,288.1800000000003,Gold,GC=F,₹/10g,Precious metal
2022-05-12,1823.800048828125,1851.9000244140625,1822.199951171875,1849.800048828125,153,77.41840362548828,46042.59,46094.86,45355.61,45395.43,-0.013672869710016688,739.25,Gold,GC=F,₹/10g,Precious metal
2022-05-13,1807.4000244140625,1825.0,1807.4000244140625,1825.0,335,77.44380187988281,45440.2,45440.2,45001.99,45001.99,-0.008666951717386628,438.2099999999991,Gold,GC=F,₹/10g,Precious metal
2022-05-16,1813.5,1813.5,1787.0,1790.5,34,77.48629760742188,44605.66,45178.65,44518.47,45178.65,0.003925604178837583,660.1800000000003,Gold,GC=F,₹/10g,Precious metal
2022-05-17,1818.199951171875,1828.5999755859375,1816.699951171875,1824.9000244140625,121,77.8053970336914,45649.87,45742.42,45444.74,45482.27,0.006720431000040827,297.6800000000003,Gold,GC=F,₹/10g,Precious metal
2022-05-18,1815.9000244140625,1819.699951171875,1805.0,1815.0,311,77.37239837646484,45149.55,45266.47,44900.79,45171.94,-0.0068230983194109696,365.6800000000003,Gold,GC=F,₹/10g,Precious metal
2022-05-19,1841.199951171875,1841.199951171875,1810.699951171875,1810.9000244140625,138,77.81999969482422,45308.16,46066.26,45303.16,46066.26,0.019798131317804835,763.0999999999985,Gold,GC=F,₹/10g,Precious metal
2022-05-20,1841.800048828125,1841.800048828125,1836.300048828125,1839.0999755859375,110,77.42109680175781,45777.85,45845.06,45708.16,45845.06,-0.004801779002680195,136.89999999999418,Gold,GC=F,₹/10g,Precious metal
2022-05-23,1847.800048828125,1863.0,1845.800048828125,1846.300048828125,216,77.81839752197266,46192.91,46610.73,46180.4,46230.44,0.00840614015992136,430.33000000000175,Gold,GC=F,₹/10g,Precious metal
2022-05-24,1865.0999755859375,1867.0,1852.5,1852.5,33,77.52680206298828,46174.35,46535.77,46174.35,46488.41,0.005580089655214282,361.41999999999825,Gold,GC=F,₹/10g,Precious metal
2022-05-25,1846.199951171875,1846.199951171875,1846.199951171875,1846.199951171875,0,77.47879791259766,45988.83,45988.83,45988.83,45988.83,-0.010746334408942015,0.0,Gold,GC=F,₹/10g,Precious metal
2022-05-26,1847.4000244140625,1847.4000244140625,1840.4000244140625,1840.4000244140625,123355,77.49729919433594,45855.3,46029.71,45855.3,46029.71,0.0008889115030759065,174.40999999999622,Gold,GC=F,₹/10g,Precious metal
2022-05-27,1851.300048828125,1860.699951171875,1845.9000244140625,1848.300048828125,30091,77.63020324707031,46131.11,46440.6,46071.21,46205.99,0.003829700426094318,369.3899999999994,Gold,GC=F,₹/10g,Precious metal
2022-05-31,1842.699951171875,1862.0999755859375,1832.800048828125,1850.300048828125,4073,77.5208969116211,46116.01,46410.1,45679.84,45926.58,-0.006047051475360554,730.260000000002,Gold,GC=F,₹/10g,Precious metal
2022-06-01,1843.300048828125,1847.9000244140625,1825.300048828125,1831.0,1623,77.5989990234375,45680.96,46102.59,45538.75,45987.83,0.001333650361076355,563.8399999999965,Gold,GC=F,₹/10g,Precious metal
2022-06-02,1866.5,1868.699951171875,1842.0999755859375,1845.4000244140625,551,77.58409881591797,46031.38,46612.57,45949.06,46557.69,0.012391539239837934,663.510000000002,Gold,GC=F,₹/10g,Precious metal
2022-06-03,1845.4000244140625,1871.800048828125,1845.4000244140625,1867.5999755859375,53,77.3604965209961,46450.87,46555.33,45898.71,45898.71,-0.014154052746173651,656.6200000000026,Gold,GC=F,₹/10g,Precious metal
2022-06-06,1839.199951171875,1854.0999755859375,1839.199951171875,1849.0,142,77.69419860839844,46186.63,46314.02,45941.83,45941.83,0.00093945995432132,372.18999999999505,Gold,GC=F,₹/10g,Precious metal
2022-06-07,1847.5,1851.5999755859375,1835.0,1836.9000244140625,1168,77.82099914550781,45959.26,46327.06,45911.72,46224.48,0.0061523452592116,415.3399999999965,Gold,GC=F,₹/10g,Precious metal
2022-06-08,1851.9000244140625,1855.0,1844.4000244140625,1844.800048828125,218,77.67060089111328,46067.72,46322.43,46057.73,46245.02,0.00044435329505043697,264.6999999999971,Gold,GC=F,₹/10g,Precious metal
2022-06-09,1848.800048828125,1850.0999755859375,1837.9000244140625,1846.0999755859375,159,77.72429656982422,46132.05,46232.01,45927.14,46199.52,-0.0009838897247747003,304.8700000000026,Gold,GC=F,₹/10g,Precious metal
2022-06-10,1871.5,1875.5999755859375,1823.9000244140625,1842.699951171875,1490,77.8187026977539,46103.02,46926.15,45632.66,46823.57,0.013507716097483247,1293.489999999998,Gold,GC=F,₹/10g,Precious metal
2022-06-13,1828.0,1873.800048828125,1818.699951171875,1873.800048828125,127,78.17759704589844,47097.33,47097.33,45712.41,45946.16,-0.018738639535601287,1384.9199999999983,Gold,GC=F,₹/10g,Precious metal
2022-06-14,1809.5,1825.5,1805.300048828125,1825.0,536,78.16059875488281,45860.79,45873.35,45365.74,45471.28,-0.010335575377790063,507.6100000000006,Gold,GC=F,₹/10g,Precious metal
2022-06-15,1815.300048828125,1839.0,1810.800048828125,1814.0999755859375,108,77.9854965209961,45484.75,46109.06,45402.01,45514.84,0.000957967314753283,707.0499999999956,Gold,GC=F,₹/10g,Precious metal
2022-06-16,1845.699951171875,1850.5999755859375,1814.9000244140625,1819.199951171875,136,77.90019989013672,45562.73,46349.16,45455.04,46226.44,0.015634461199907745,894.1200000000026,Gold,GC=F,₹/10g,Precious metal
2022-06-17,1835.5999755859375,1853.699951171875,1833.5999755859375,1853.699951171875,170,77.97769927978516,46472.99,46472.99,45969.07,46019.21,-0.00448293227858354,503.91999999999825,Gold,GC=F,₹/10g,Precious metal
2022-06-21,1834.5999755859375,1838.5999755859375,1830.0999755859375,1835.300048828125,216,77.93399810791016,45985.91,46068.59,45855.61,45968.37,-0.0011047560355772479,212.97999999999593,Gold,GC=F,₹/10g,Precious metal
2022-06-22,1834.300048828125,1842.699951171875,1821.5999755859375,1829.5,115,78.13490295410156,45958.75,46290.35,45760.3,46079.33,0.00241383368607595,530.0499999999956,Gold,GC=F,₹/10g,Precious metal
2022-06-23,1825.699951171875,1841.199951171875,1825.699951171875,1835.5,9,78.19309997558594,46143.82,46287.12,45897.45,45897.45,-0.003947106001758405,389.67000000000553,Gold,GC=F,₹/10g,Precious metal
2022-06-24,1826.5,1826.5,1815.800048828125,1820.5,61,78.14240264892578,45737.05,45887.79,45618.97,45887.79,-0.0002104692090736382,268.8199999999997,Gold,GC=F,₹/10g,Precious metal
2022-06-27,1820.9000244140625,1830.699951171875,1819.9000244140625,1830.5,77,78.2522964477539,46052.96,46057.99,45786.28,45811.44,-0.0016638412963447813,271.7099999999991,Gold,GC=F,₹/10g,Precious metal
2022-06-28,1817.5,1826.0,1817.5,1824.199951171875,391,78.44110107421875,46005.19,46050.59,45836.22,45836.22,0.0005409129248066247,214.36999999999534,Gold,GC=F,₹/10g,Precious metal
2022-06-29,1813.699951171875,1830.300048828125,1812.800048828125,1818.300048828125,173,79.07319641113281,46225.92,46530.99,46086.1,46108.98,0.005950752483516286,444.8899999999994,Gold,GC=F,₹/10g,Precious metal
2022-06-30,1804.0999755859375,1817.300048828125,1801.0,1809.5999755859375,328,78.89830017089844,45902.99,46098.31,45684.84,45763.47,-0.007493334270244123,413.47000000000116,Gold,GC=F,₹/10g,Precious metal
2022-07-01,1798.9000244140625,1806.0999755859375,1791.5999755859375,1795.5,77,78.96299743652344,45582.67,45851.77,45483.66,45668.99,-0.002064528760603257,368.1099999999933,Gold,GC=F,₹/10g,Precious metal
2022-07-05,1761.800048828125,1805.4000244140625,1761.800048828125,1805.4000244140625,64,78.93949890136719,45820.37,45820.37,44713.81,44713.81,-0.020915286280690726,1106.560000000005,Gold,GC=F,₹/10g,Precious metal
2022-07-06,1734.9000244140625,1768.0,1734.0,1762.5,1729,79.36840057373047,44974.62,45114.97,44247.37,44270.34,-0.009917964941927315,867.5999999999985,Gold,GC=F,₹/10g,Precious metal
2022-07-07,1737.9000244140625,1745.199951171875,1737.0,1745.199951171875,1869,79.04389953613281,44351.09,44351.09,44142.7,44165.57,-0.002366595783994341,208.38999999999942,Gold,GC=F,₹/10g,Precious metal
2022-07-08,1740.5999755859375,1749.300048828125,1732.0999755859375,1738.0999755859375,370,79.22160339355469,44269.96,44555.23,44117.14,44333.63,0.003805226559965069,438.0900000000038,Gold,GC=F,₹/10g,Precious metal
2022-07-11,1730.0,1736.699951171875,1730.0,1732.5,75,79.3313980102539,44188.48,44295.61,44124.72,44124.72,-0.004712224106169449,170.88999999999942,Gold,GC=F,₹/10g,Precious metal
2022-07-12,1723.300048828125,1735.5,1723.300048828125,1734.199951171875,451,79.47779846191406,44313.47,44346.69,44034.95,44034.95,-0.002034460501959101,311.74000000000524,Gold,GC=F,₹/10g,Precious metal
2022-07-13,1734.199951171875,1734.199951171875,1710.0,1710.0,368,79.47640228271484,43694.33,44312.69,43694.33,44312.69,0.0063072627537898995,618.3600000000006,Gold,GC=F,₹/10g,Precious metal
2022-07-14,1704.5,1710.5,1704.5,1710.300048828125,1289,79.80750274658203,43884.06,43889.19,43735.24,43735.24,-0.013031255832133049,153.95000000000437,Gold,GC=F,₹/10g,Precious metal
2022-07-15,1702.4000244140625,1709.699951171875,1701.0999755859375,1705.4000244140625,721,79.87830352783203,43797.15,43907.58,43686.72,43720.1,-0.00034617393205116365,220.86000000000058,Gold,GC=F,₹/10g,Precious metal
2022-07-18,1709.199951171875,1712.4000244140625,1709.199951171875,1712.199951171875,264,79.72049713134766,43884.91,43890.04,43808.02,43808.02,0.002010974357332218,82.02000000000407,Gold,GC=F,₹/10g,Precious metal
2022-07-19,1710.0,1714.4000244140625,1706.0999755859375,1712.300048828125,1684,80.0302963256836,44058.03,44112.06,43898.5,43998.84,0.004355823431417383,213.55999999999767,Gold,GC=F,₹/10g,Precious metal
2022-07-20,1699.5,1708.5,1699.5,1707.0999755859375,130,79.85590362548828,43828.51,43864.46,43633.39,43633.39,-0.008305900791929943,231.0699999999997,Gold,GC=F,₹/10g,Precious metal
2022-07-21,1712.699951171875,1715.5,1679.800048828125,1687.0,183,80.00340270996094,43392.46,44125.53,43207.27,44053.51,0.009628406135759882,918.260000000002,Gold,GC=F,₹/10g,Precious metal
2022-07-22,1727.0999755859375,1735.0,1713.0,1713.300048828125,61,79.7759017944336,43943.63,44500.2,43935.93,44297.57,0.005540080688235749,564.2699999999968,Gold,GC=F,₹/10g,Precious metal
2022-07-25,1719.0,1732.0,1719.0,1727.0,67,79.87680053710938,44351.03,44479.44,44145.58,44145.58,-0.00343111371571847,333.8600000000006,Gold,GC=F,₹/10g,Precious metal
2022-07-26,1717.699951171875,1718.0,1717.699951171875,1718.0,1,79.72250366210938,44034.68,44034.68,44026.99,44026.99,-0.002686339153319617,7.690000000002328,Gold,GC=F,₹/10g,Precious metal
2022-07-27,1719.0999755859375,1719.0999755859375,1719.0999755859375,1719.0999755859375,144865,79.84120178222656,44128.48,44128.48,44128.48,44128.48,0.0023051768926289906,0.0,Gold,GC=F,₹/10g,Precious metal
2022-07-28,1750.300048828125,1755.0,1732.0,1732.300048828125,37236,79.84739685058594,44470.77,45053.51,44463.06,44932.85,0.01822791086391362,590.4500000000044,Gold,GC=F,₹/10g,Precious metal
2022-07-29,1762.9000244140625,1765.699951171875,1750.0,1754.0,3485,79.57150268554688,44872.25,45171.57,44769.92,45099.94,0.0037186601784664486,401.65000000000146,Gold,GC=F,₹/10g,Precious metal
2022-08-01,1769.0,1772.5,1756.0999755859375,1763.9000244140625,705,79.1948013305664,44911.89,45130.86,44713.29,45041.75,-0.0012902456189520795,417.5699999999997,Gold,GC=F,₹/10g,Precious metal
2022-08-02,1771.0999755859375,1786.5999755859375,1759.4000244140625,1772.0999755859375,1078,78.95570373535156,44984.46,45352.54,44662.07,44959.07,-0.0018356302763546939,690.4700000000012,Gold,GC=F,₹/10g,Precious metal
2022-08-03,1758.0,1770.5,1753.0,1756.699951171875,399,78.60449981689453,44395.17,44743.92,44301.67,44428.03,-0.011811632224599022,442.25,Gold,GC=F,₹/10g,Precious metal
2022-08-04,1788.5,1792.0999755859375,1767.699951171875,1769.4000244140625,285,79.11830139160156,45008.42,45585.84,44965.17,45494.26,0.023999038444873833,620.6699999999983,Gold,GC=F,₹/10g,Precious metal
2022-08-05,1772.9000244140625,1791.4000244140625,1764.199951171875,1791.199951171875,645,79.15489959716797,45584.02,45589.11,44896.9,45118.31,-0.008263679857634876,692.2099999999991,Gold,GC=F,₹/10g,Precious metal
2022-08-08,1786.800048828125,1786.800048828125,1771.800048828125,1771.800048828125,127,79.41059875488281,45235.97,45618.94,45235.97,45618.94,0.011095938655503845,382.97000000000116,Gold,GC=F,₹/10g,Precious metal
2022-08-09,1794.0,1796.0999755859375,1789.0,1790.0,249,79.60189819335938,45810.73,45966.84,45785.14,45913.1,0.006448198927901272,181.6999999999971,Gold,GC=F,₹/10g,Precious metal
2022-08-10,1795.5999755859375,1804.9000244140625,1787.800048828125,1804.4000244140625,601,79.57839965820312,46165.63,46178.42,45740.92,45940.48,0.000596343962834256,437.5,Gold,GC=F,₹/10g,Precious metal
2022-08-11,1789.699951171875,1794.300048828125,1785.699951171875,1794.300048828125,1235,79.0978012084961,45629.97,45629.97,45411.27,45512.99,-0.009305301120058118,218.70000000000437,Gold,GC=F,₹/10g,Precious metal
2022-08-12,1798.5999755859375,1800.4000244140625,1784.300048828125,1786.300048828125,187,79.61399841308594,45722.99,46083.9,45671.79,46037.82,0.0115314331139309,412.1100000000006,Gold,GC=F,₹/10g,Precious metal
2022-08-15,1781.4000244140625,1799.0,1774.699951171875,1799.0,64,79.62760162353516,46055.93,46055.93,45433.83,45605.35,-0.009393798403139031,622.0999999999985,Gold,GC=F,₹/10g,Precious metal
2022-08-16,1773.199951171875,1777.4000244140625,1771.4000244140625,1777.4000244140625,308,79.55290222167969,45460.26,45460.26,45306.8,45352.84,-0.005536850391456349,153.45999999999913,Gold,GC=F,₹/10g,Precious metal
2022-08-17,1760.300048828125,1769.699951171875,1760.0,1769.699951171875,23,79.14600372314453,45031.81,45031.81,44784.98,44792.62,-0.012352478918629894,246.82999999999447,Gold,GC=F,₹/10g,Precious metal
2022-08-18,1755.300048828125,1762.9000244140625,1753.4000244140625,1762.9000244140625,321,79.35970306396484,44979.9,44979.9,44737.51,44785.99,-0.00014801545433162921,242.38999999999942,Gold,GC=F,₹/10g,Precious metal
2022-08-19,1747.5999755859375,1754.300048828125,1747.5,1753.699951171875,49,79.7667007446289,44974.64,44990.03,44815.63,44818.2,0.0007191981242347101,174.40000000000146,Gold,GC=F,₹/10g,Precious metal
2022-08-22,1734.0,1740.5,1726.5,1740.5,347,79.91790008544922,44720.72,44720.72,44361.01,44553.71,-0.005901397200244518,359.7099999999991,Gold,GC=F,₹/10g,Precious metal
2022-08-23,1746.800048828125,1748.9000244140625,1731.9000244140625,1738.0,509,79.88379669189453,44637.43,44917.38,44480.77,44863.45,0.006952058537885941,436.6100000000006,Gold,GC=F,₹/10g,Precious metal
2022-08-24,1747.800048828125,1751.800048828125,1743.5999755859375,1745.0,187,79.85449981689453,44800.78,44975.36,44764.83,44872.67,0.00020551250516853692,210.52999999999884,Gold,GC=F,₹/10g,Precious metal
2022-08-25,1757.699951171875,1761.800048828125,1755.0,1761.5999755859375,172,79.79679870605469,45194.28,45199.42,45024.96,45094.23,0.004937526561267891,174.45999999999913,Gold,GC=F,₹/10g,Precious metal
2022-08-26,1736.0999755859375,1755.0,1736.0999755859375,1754.0,202,79.88289642333984,45047.86,45073.54,44588.13,44588.13,-0.011223165358406284,485.4100000000035,Gold,GC=F,₹/10g,Precious metal
2022-08-29,1736.5999755859375,1741.199951171875,1732.0999755859375,1732.4000244140625,950,79.95909881591797,44535.55,44761.77,44527.84,44643.52,0.0012422588702418746,233.9300000000003,Gold,GC=F,₹/10g,Precious metal
2022-08-30,1723.199951171875,1739.0,1720.699951171875,1736.4000244140625,385,79.96790313720703,44643.29,44710.14,44239.64,44303.92,-0.007606927052347112,470.5,Gold,GC=F,₹/10g,Precious metal
2022-08-31,1712.800048828125,1720.9000244140625,1708.5,1718.300048828125,2133,79.68229675292969,44020.16,44086.76,43769.09,43879.26,-0.009585156347338919,317.67000000000553,Gold,GC=F,₹/10g,Precious metal
2022-09-01,1696.5999755859375,1707.9000244140625,1693.9000244140625,1707.9000244140625,683,79.54879760742188,43680.42,43680.42,43322.36,43391.42,-0.011117780928848964,358.0599999999977,Gold,GC=F,₹/10g,Precious metal
2022-09-02,1709.800048828125,1715.699951171875,1703.0999755859375,1703.4000244140625,182,79.716796875,43657.34,43972.58,43649.65,43821.37,0.009908640924864986,322.9300000000003,Gold,GC=F,₹/10g,Precious metal
2022-09-06,1700.4000244140625,1717.4000244140625,1699.699951171875,1709.699951171875,697,79.78299713134766,43855.19,44052.7,43598.68,43616.64,-0.004671921484882935,454.0199999999968,Gold,GC=F,₹/10g,Precious metal
2022-09-07,1715.300048828125,1715.300048828125,1694.699951171875,1694.800048828125,651,79.89510345458984,43534.08,44060.66,43531.51,44060.66,0.010180059720326984,529.1500000000015,Gold,GC=F,₹/10g,Precious metal
2022-09-08,1708.0,1718.199951171875,1705.300048828125,1718.199951171875,1193,79.6498031616211,43999.64,43999.64,43669.3,43738.44,-0.007313099712986659,330.3399999999965,Gold,GC=F,₹/10g,Precious metal
2022-09-09,1716.199951171875,1720.0,1712.800048828125,1719.199951171875,635,79.706298828125,44056.48,44076.98,43892.47,43979.6,0.005513685444656913,184.51000000000204,Gold,GC=F,₹/10g,Precious metal
2022-09-12,1728.0999755859375,1728.0999755859375,1727.4000244140625,1727.4000244140625,68,79.65579986572266,44238.57,44256.49,44238.57,44256.49,0.006295873541369179,17.919999999998254,Gold,GC=F,₹/10g,Precious metal
2022-09-13,1705.0,1720.5,1697.300048828125,1720.5,432,79.35530090332031,43895.64,43895.64,43303.73,43500.18,-0.017089244989830776,591.9099999999962,Gold,GC=F,₹/10g,Precious metal
2022-09-14,1696.5,1701.800048828125,1696.5,1698.699951171875,532,79.60240173339844,43474.4,43553.74,43418.1,43418.1,-0.0018868887439086324,135.63999999999942,Gold,GC=F,₹/10g,Precious metal
2022-09-15,1665.4000244140625,1686.0,1662.300048828125,1685.5,1125,79.45369720458984,43055.99,43068.77,42463.35,42542.54,-0.02016578339448294,605.4199999999983,Gold,GC=F,₹/10g,Precious metal
2022-09-16,1671.699951171875,1674.9000244140625,1651.699951171875,1660.4000244140625,464,79.8490982055664,42625.89,42998.14,42402.54,42915.98,0.008778037230499303,595.5999999999985,Gold,GC=F,₹/10g,Precious metal
2022-09-19,1666.199951171875,1669.4000244140625,1658.5,1661.800048828125,580,79.68949890136719,42576.56,42771.28,42492.01,42689.29,-0.00528218160228433,279.2699999999968,Gold,GC=F,₹/10g,Precious metal
2022-09-20,1659.699951171875,1659.699951171875,1659.699951171875,1659.699951171875,2830,79.7074966430664,42532.36,42532.36,42532.36,42532.36,-0.003676097681643342,0.0,Gold,GC=F,₹/10g,Precious metal
2022-09-21,1664.5999755859375,1680.0999755859375,1664.5999755859375,1665.5,2337,79.76270294189453,42710.56,43084.96,42687.48,42687.48,0.0036471054039795003,397.4799999999959,Gold,GC=F,₹/10g,Precious metal
2022-09-22,1670.800048828125,1670.800048828125,1668.300048828125,1668.300048828125,973,80.05069732666016,42936.83,43001.18,42936.83,43001.18,0.007348758933532595,64.34999999999854,Gold,GC=F,₹/10g,Precious metal
2022-09-23,1645.300048828125,1667.0,1645.300048828125,1667.0,1224,81.06220245361328,43445.49,43445.49,42879.95,42879.95,-0.002819224960803446,565.5400000000009,Gold,GC=F,₹/10g,Precious metal
2022-09-26,1623.300048828125,1623.300048828125,1623.300048828125,1623.300048828125,1205,81.25479888916016,42407.1,42407.1,42407.1,42407.1,-0.011027298306084732,0.0,Gold,GC=F,₹/10g,Precious metal
2022-09-27,1626.699951171875,1636.5999755859375,1626.699951171875,1632.199951171875,888,81.61579895019531,42829.04,42944.5,42684.72,42684.72,0.006546545271900239,259.77999999999884,Gold,GC=F,₹/10g,Precious metal
2022-09-28,1660.4000244140625,1660.4000244140625,1620.4000244140625,1620.4000244140625,18311,81.72460174560547,42576.09,43627.09,42576.09,43627.09,0.022077455351704245,1051.0,Gold,GC=F,₹/10g,Precious metal
2022-09-29,1658.5,1662.5999755859375,1640.0,1657.0,6028,81.42870330810547,43380.12,43526.73,42935.06,43419.39,-0.004760803436580252,591.6700000000055,Gold,GC=F,₹/10g,Precious metal
2022-09-30,1662.4000244140625,1672.699951171875,1658.0,1661.699951171875,548,81.48059844970703,43530.89,43819.05,43433.96,43549.23,0.0029903690494039736,385.0900000000038,Gold,GC=F,₹/10g,Precious metal
2022-10-03,1692.9000244140625,1700.0,1661.9000244140625,1667.199951171875,410,81.52130126953125,43696.79,44556.47,43557.88,44370.38,0.018855672075028584,998.5900000000038,Gold,GC=F,₹/10g,Precious metal
2022-10-04,1721.0999755859375,1728.0,1696.0,1701.199951171875,291,81.49500274658203,44573.54,45275.73,44437.29,45094.94,0.016329812816568312,838.4400000000023,Gold,GC=F,₹/10g,Precious metal
2022-10-05,1711.4000244140625,1726.5999755859375,1703.0,1724.0999755859375,418,81.46549987792969,45157.19,45222.67,44604.54,44824.56,-0.0059957946501315584,618.1299999999974,Gold,GC=F,₹/10g,Precious metal
2022-10-06,1711.699951171875,1723.300048828125,1709.0999755859375,1721.0,133,81.6488037109375,45177.42,45237.8,44865.04,44933.29,0.0024256791366161767,372.76000000000204,Gold,GC=F,₹/10g,Precious metal
2022-10-07,1700.5,1710.0999755859375,1693.699951171875,1710.0999755859375,179,82.3489990234375,45276.26,45276.26,44842.06,45022.09,0.0019762630334880793,434.20000000000437,Gold,GC=F,₹/10g,Precious metal
2022-10-10,1667.300048828125,1693.4000244140625,1667.0,1693.4000244140625,195,82.8322982788086,45097.24,45097.24,44394.18,44402.17,-0.01376924083266673,703.0599999999977,Gold,GC=F,₹/10g,Precious metal
2022-10-11,1678.699951171875,1678.699951171875,1661.0,1661.800048828125,167,82.42070007324219,44035.79,44483.62,44014.59,44483.62,0.0018343698067009306,469.0300000000061,Gold,GC=F,₹/10g,Precious metal
2022-10-12,1670.300048828125,1672.699951171875,1668.0,1668.0,149,82.2739028930664,44121.36,44245.68,44121.36,44182.2,-0.006775977314795956,124.31999999999971,Gold,GC=F,₹/10g,Precious metal
2022-10-13,1670.0,1675.300048828125,1641.5,1675.199951171875,729,82.19999694824219,44272.01,44274.65,43381.39,44134.58,-0.001077809615636971,893.260000000002,Gold,GC=F,₹/10g,Precious metal
2022-10-14,1641.699951171875,1667.0,1640.0,1665.300048828125,82,82.19210052490234,44006.14,44051.07,43337.58,43382.5,-0.01704060625477799,713.489999999998,Gold,GC=F,₹/10g,Precious metal
2022-10-17,1657.0,1657.0,1646.800048828125,1650.199951171875,238,82.41280364990234,43724.21,43904.39,43634.13,43904.39,0.0120299660001153,270.26000000000204,Gold,GC=F,₹/10g,Precious metal
2022-10-18,1649.0,1655.199951171875,1649.0,1651.4000244140625,597,82.1947021484375,43640.21,43740.63,43576.79,43576.79,-0.007461668411746447,163.8399999999965,Gold,GC=F,₹/10g,Precious metal
2022-10-19,1627.5,1637.5,1627.5,1637.5,84,82.2863998413086,43321.16,43321.16,43056.61,43056.61,-0.011937088528090278,264.5500000000029,Gold,GC=F,₹/10g,Precious metal
2022-10-20,1630.800048828125,1641.4000244140625,1622.800048828125,1622.800048828125,477,82.99700164794922,43303.02,43799.34,43303.02,43516.49,0.010680822294184322,496.3199999999997,Gold,GC=F,₹/10g,Precious metal
2022-10-21,1651.0,1653.9000244140625,1634.0999755859375,1634.0999755859375,224,82.82569885253906,43514.55,44041.8,43514.55,43964.58,0.010297016142616355,527.25,Gold,GC=F,₹/10g,Precious metal
2022-10-24,1648.699951171875,1662.699951171875,1648.699951171875,1662.699951171875,29,82.54129791259766,44124.11,44124.11,43752.58,43752.58,-0.004822063579363212,371.52999999999884,Gold,GC=F,₹/10g,Precious metal
2022-10-25,1652.800048828125,1652.800048828125,1637.300048828125,1648.199951171875,880,82.7614974975586,43856.0,43978.4,43565.97,43978.4,0.00516129563102341,412.4300000000003,Gold,GC=F,₹/10g,Precious metal
2022-10-26,1664.0,1667.0,1649.800048828125,1649.800048828125,89,82.44529724121094,43730.85,44186.77,43730.85,44107.25,0.002929847379622652,455.91999999999825,Gold,GC=F,₹/10g,Precious metal
2022-10-27,1660.699951171875,1660.699951171875,1660.699951171875,1660.699951171875,2298,82.04959869384766,43808.5,43808.5,43808.5,43808.5,-0.0067732628989565224,0.0,Gold,GC=F,₹/10g,Precious metal
2022-10-28,1639.5999755859375,1661.0,1638.699951171875,1661.0,626,82.44249725341797,44026.23,44026.23,43435.15,43459.01,-0.007977675565244091,591.0800000000017,Gold,GC=F,₹/10g,Precious metal
2022-10-31,1635.9000244140625,1641.800048828125,1633.4000244140625,1641.800048828125,522,82.23919677734375,43410.01,43410.01,43187.91,43254.01,-0.004717088585312945,222.09999999999854,Gold,GC=F,₹/10g,Precious metal
2022-11-01,1645.0,1653.699951171875,1630.800048828125,1630.800048828125,985,82.72899627685547,43375.97,43985.06,43375.97,43753.66,0.011551530135587518,609.0899999999965,Gold,GC=F,₹/10g,Precious metal
2022-11-02,1645.699951171875,1664.699951171875,1634.0,1650.800048828125,612,82.68450164794922,43884.32,44253.83,43437.71,43748.74,-0.00011244773580099121,816.1200000000026,Gold,GC=F,₹/10g,Precious metal
2022-11-03,1627.300048828125,1629.199951171875,1615.0999755859375,1629.199951171875,1427,82.88839721679688,43416.91,43416.91,43041.15,43366.27,-0.008742423210359895,375.76000000000204,Gold,GC=F,₹/10g,Precious metal
2022-11-04,1672.5,1674.5,1629.0,1630.199951171875,159,82.68180084228516,43335.27,44512.89,43303.38,44459.73,0.02521452732734475,1209.510000000002,Gold,GC=F,₹/10g,Precious metal
2022-11-07,1676.5,1677.9000244140625,1672.9000244140625,1676.9000244140625,42,81.9749984741211,44195.63,44221.99,44090.21,44185.09,-0.006177275480530486,131.77999999999884,Gold,GC=F,₹/10g,Precious metal
2022-11-08,1712.0999755859375,1712.0999755859375,1703.199951171875,1703.199951171875,23,81.82599639892578,44807.19,45041.33,44807.19,45041.33,0.019378482651048134,234.13999999999942,Gold,GC=F,₹/10g,Precious metal
2022-11-09,1710.0999755859375,1720.199951171875,1706.0,1707.4000244140625,497,81.40519714355469,44686.69,45021.69,44650.04,44757.35,-0.0063048759883422845,371.65000000000146,Gold,GC=F,₹/10g,Precious metal
2022-11-10,1750.300048828125,1750.300048828125,1708.199951171875,1708.199951171875,325,81.34380340576172,44673.91,45774.93,44673.91,45774.93,0.02273548366916267,1101.0199999999968,Gold,GC=F,₹/10g,Precious metal
2022-11-11,1766.0,1766.0,1757.5999755859375,1763.800048828125,257,80.48290252685547,45639.8,45696.72,45479.37,45696.72,-0.0017085771622151746,217.34999999999854,Gold,GC=F,₹/10g,Precious metal
2022-11-14,1773.5999755859375,1773.5999755859375,1761.5999755859375,1762.0,358,80.49700164794922,45601.21,45901.42,45590.86,45901.42,0.004479533760847643,310.5599999999977,Gold,GC=F,₹/10g,Precious metal
2022-11-15,1773.800048828125,1773.800048828125,1769.9000244140625,1770.800048828125,57,80.99199676513672,46110.77,46188.89,46087.33,46188.89,0.006262769212804331,101.55999999999767,Gold,GC=F,₹/10g,Precious metal
2022-11-16,1773.0,1778.9000244140625,1773.0,1776.5999755859375,303,81.07140350341797,46307.15,46367.1,46213.32,46213.32,0.000528915070268976,153.77999999999884,Gold,GC=F,₹/10g,Precious metal
2022-11-17,1760.800048828125,1763.0,1756.0,1763.0,18,81.49530029296875,46192.94,46192.94,46009.53,46135.3,-0.0016882578442751761,183.4100000000035,Gold,GC=F,₹/10g,Precious metal
2022-11-18,1751.9000244140625,1763.300048828125,1747.5999755859375,1763.300048828125,414,81.52490234375,46217.58,46217.58,45806.07,45918.78,-0.004693152531792477,411.51000000000204,Gold,GC=F,₹/10g,Precious metal
2022-11-21,1737.4000244140625,1744.9000244140625,1736.0999755859375,1739.0,544,81.5198974609375,45577.86,45732.5,45501.85,45535.93,-0.008337547295463876,230.65000000000146,Gold,GC=F,₹/10g,Precious metal
2022-11-22,1738.300048828125,1741.699951171875,1738.300048828125,1741.699951171875,15,81.72769927978516,45764.99,45764.99,45675.65,45675.65,0.0030683462487754998,89.33999999999651,Gold,GC=F,₹/10g,Precious metal
2022-11-23,1744.9000244140625,1750.9000244140625,1736.5,1736.5,39,81.71499633789062,45621.26,45999.58,45621.26,45841.95,0.0036408896206183705,378.3199999999997,Gold,GC=F,₹/10g,Precious metal
2022-11-25,1753.300048828125,1757.9000244140625,1749.199951171875,1753.0,216,81.65540313720703,46021.16,46149.8,45921.4,46029.04,0.004081196371445994,228.40000000000146,Gold,GC=F,₹/10g,Precious metal
2022-11-28,1740.0999755859375,1741.300048828125,1740.0999755859375,1741.300048828125,132767,81.6697006225586,45722.01,45722.01,45690.5,45690.5,-0.007354922023140142,31.510000000002037,Gold,GC=F,₹/10g,Precious metal
2022-11-29,1748.4000244140625,1758.199951171875,1737.9000244140625,1739.5,19416,81.65029907226562,45663.89,46154.79,45621.89,45897.53,0.004531138858187234,532.9000000000015,Gold,GC=F,₹/10g,Precious metal
2022-11-30,1746.0,1769.4000244140625,1745.0999755859375,1748.0999755859375,3339,81.63089752197266,45878.75,46437.77,45800.02,45823.64,-0.0016098905540232744,637.75,Gold,GC=F,₹/10g,Precious metal
2022-12-01,1801.0999755859375,1803.699951171875,1768.699951171875,1768.699951171875,1053,81.3052978515625,46234.24,47149.15,46234.24,47081.19,0.027443258545152727,914.9100000000035,Gold,GC=F,₹/10g,Precious metal
2022-12-02,1795.9000244140625,1802.300048828125,1779.4000244140625,1802.0,1725,81.16220092773438,47021.81,47029.64,46432.08,46862.64,-0.00464198122434889,597.5599999999977,Gold,GC=F,₹/10g,Precious metal
2022-12-05,1767.4000244140625,1808.0,1764.300048828125,1795.699951171875,1713,81.42250061035156,47007.69,47329.68,46185.71,46266.86,-0.012713325583023072,1143.9700000000012,Gold,GC=F,₹/10g,Precious metal
2022-12-06,1769.300048828125,1779.4000244140625,1767.9000244140625,1768.5999755859375,105,81.89900207519531,46569.22,46853.6,46550.79,46587.65,0.006933472468198643,302.8099999999977,Gold,GC=F,₹/10g,Precious metal
2022-12-07,1785.5,1790.300048828125,1769.300048828125,1769.300048828125,422,82.37220001220703,46856.83,47412.98,46856.83,47285.86,0.014987019091969644,556.1500000000015,Gold,GC=F,₹/10g,Precious metal
2022-12-08,1788.699951171875,1790.9000244140625,1782.0,1782.0,713,82.25350189208984,47125.16,47360.52,47125.16,47302.34,0.00034851856347750676,235.3599999999933,Gold,GC=F,₹/10g,Precious metal
2022-12-09,1798.0999755859375,1804.300048828125,1791.0999755859375,1794.9000244140625,125,82.2791976928711,47481.13,47729.79,47380.61,47565.78,0.005569280504939211,349.1800000000003,Gold,GC=F,₹/10g,Precious metal
2022-12-12,1780.5,1793.9000244140625,1777.699951171875,1787.300048828125,85,82.41300201416016,47356.97,47531.85,47102.61,47176.8,-0.008177727769837828,429.23999999999796,Gold,GC=F,₹/10g,Precious metal
2022-12-13,1813.9000244140625,1819.800048828125,1780.5,1780.699951171875,205,82.64469909667969,47314.74,48353.67,47309.43,48196.9,0.021622916348713828,1044.239999999998,Gold,GC=F,₹/10g,Precious metal
2022-12-14,1807.5,1812.800048828125,1797.9000244140625,1810.800048828125,1074,82.40249633789062,47973.52,48026.51,47631.76,47886.09,-0.006448755002915196,394.75,Gold,GC=F,₹/10g,Precious metal
2022-12-15,1777.199951171875,1801.0,1774.800048828125,1801.0,421,82.50800323486328,47774.98,47774.98,47079.98,47143.64,-0.015504502455723546,695.0,Gold,GC=F,₹/10g,Precious metal
2022-12-16,1790.0,1791.4000244140625,1777.9000244140625,1777.9000244140625,206,82.85790252685547,47362.22,47721.85,47362.22,47684.55,0.011473657952589145,359.6299999999974,Gold,GC=F,₹/10g,Precious metal
2022-12-19,1787.699951171875,1796.300048828125,1785.5999755859375,1791.5999755859375,79,82.72599792480469,47651.2,47776.2,47491.61,47547.47,-0.00287472567110314,284.5899999999965,Gold,GC=F,₹/10g,Precious metal
2022-12-20,1815.9000244140625,1821.4000244140625,1786.5,1786.5,51,82.58190155029297,47432.79,48359.41,47432.79,48213.38,0.014005161578523495,926.6200000000026,Gold,GC=F,₹/10g,Precious metal
2022-12-21,1815.9000244140625,1821.4000244140625,1814.4000244140625,1817.4000244140625,35,82.63690185546875,48285.34,48391.61,48205.63,48245.49,0.0006659976960752267,185.9800000000032,Gold,GC=F,₹/10g,Precious metal
2022-12-22,1787.0,1818.0999755859375,1785.0,1818.0999755859375,411,82.87860107421875,48445.22,48445.22,47563.23,47616.53,-0.01303665897061046,881.989999999998,Gold,GC=F,₹/10g,Precious metal
2022-12-23,1795.9000244140625,1802.800048828125,1794.0999755859375,1794.300048828125,49,82.8749008178711,47808.91,48035.39,47803.58,47851.54,0.004935470938348452,231.80999999999767,Gold,GC=F,₹/10g,Precious metal
2022-12-27,1814.800048828125,1826.300048828125,1803.4000244140625,1803.4000244140625,69,82.90290069580078,48067.61,48677.99,48067.61,48371.47,0.010865481027360957,610.3799999999974,Gold,GC=F,₹/10g,Precious metal
2022-12-28,1807.9000244140625,1807.9000244140625,1803.0999755859375,1803.199951171875,434,82.7761001586914,47988.77,48113.85,47986.11,48113.85,-0.005325866673061674,127.73999999999796,Gold,GC=F,₹/10g,Precious metal
2022-12-29,1819.5,1819.5,1805.800048828125,1805.800048828125,277,82.85199737548828,48102.03,48466.96,48102.03,48466.96,0.007339051021691301,364.9300000000003,Gold,GC=F,₹/10g,Precious metal
2022-12-30,1819.699951171875,1822.300048828125,1816.800048828125,1817.0,95,82.83509826660156,48390.49,48531.65,48385.17,48462.4,-9.408471255467621e-05,146.4800000000032,Gold,GC=F,₹/10g,Precious metal
2023-01-03,1839.699951171875,1839.699951171875,1836.199951171875,1836.199951171875,29,82.70600128173828,48825.62,48918.68,48825.62,48918.68,0.009415134207137799,93.05999999999767,Gold,GC=F,₹/10g,Precious metal
2023-01-04,1852.800048828125,1859.0999755859375,1845.5999755859375,1845.5999755859375,25,82.78569793701172,49122.86,49482.18,49122.86,49314.5,0.008091387584456378,359.3199999999997,Gold,GC=F,₹/10g,Precious metal
2023-01-05,1834.800048828125,1855.199951171875,1834.800048828125,1855.199951171875,24,82.66649627685547,49307.27,49307.27,48765.09,48765.09,-0.011140942319196268,542.1800000000003,Gold,GC=F,₹/10g,Precious metal
2023-01-06,1864.199951171875,1868.199951171875,1835.300048828125,1838.4000244140625,26,82.64520263671875,48848.18,49640.0,48765.81,49533.71,0.015761685254759072,874.1900000000023,Gold,GC=F,₹/10g,Precious metal
2023-01-09,1872.699951171875,1880.0,1867.0,1867.0,62,82.27339935302734,49384.94,49728.81,49384.94,49535.71,4.037654356991993e-05,343.86999999999534,Gold,GC=F,₹/10g,Precious metal
2023-01-10,1871.5999755859375,1878.0999755859375,1871.5999755859375,1877.800048828125,101,82.18009948730469,49614.29,49622.21,49450.47,49450.47,-0.0017207788078539288,171.73999999999796,Gold,GC=F,₹/10g,Precious metal
2023-01-11,1874.5999755859375,1877.800048828125,1873.0999755859375,1873.0999755859375,1236,81.63739776611328,49163.28,49286.64,49163.28,49202.65,-0.005011479162887578,123.36000000000058,Gold,GC=F,₹/10g,Precious metal
2023-01-12,1895.5,1897.4000244140625,1877.199951171875,1877.199951171875,59,81.63179779052734,49267.51,49797.67,49267.51,49747.8,0.0110796877810444,530.1599999999962,Gold,GC=F,₹/10g,Precious metal
2023-01-13,1918.4000244140625,1920.9000244140625,1898.300048828125,1899.0,512,81.1156005859375,49524.5,50095.64,49506.24,50030.44,0.005681457270472201,589.4000000000015,Gold,GC=F,₹/10g,Precious metal
2023-01-17,1907.199951171875,1920.0999755859375,1905.199951171875,1920.0999755859375,706,81.65260314941406,50406.28,50406.28,50015.12,50067.63,0.000743347450072207,391.1599999999962,Gold,GC=F,₹/10g,Precious metal
2023-01-18,1904.4000244140625,1911.0999755859375,1903.0999755859375,1911.0999755859375,1027,81.52549743652344,50091.91,50091.91,49882.22,49916.3,-0.0030225117506059718,209.69000000000233,Gold,GC=F,₹/10g,Precious metal
2023-01-19,1922.0999755859375,1931.800048828125,1922.0999755859375,1922.0999755859375,371,81.43599700927734,50324.92,50578.89,50324.92,50324.92,0.00818610353732141,253.97000000000116,Gold,GC=F,₹/10g,Precious metal
2023-01-20,1926.4000244140625,1928.5,1921.4000244140625,1922.0999755859375,1346,81.23979949951172,50203.68,50370.84,50185.4,50315.99,-0.00017744687920018265,185.43999999999505,Gold,GC=F,₹/10g,Precious metal
2023-01-23,1927.0999755859375,1927.0999755859375,1915.0,1926.5,218,80.97599792480469,50155.21,50170.83,49855.82,50170.83,-0.0028849675818759524,315.01000000000204,Gold,GC=F,₹/10g,Precious metal
2023-01-24,1933.9000244140625,1936.800048828125,1931.800048828125,1931.800048828125,201,81.48799896240234,50611.19,50742.19,50611.19,50666.21,0.009873864953001465,131.0,Gold,GC=F,₹/10g,Precious metal
2023-01-25,1941.199951171875,1941.199951171875,1939.800048828125,1941.199951171875,7,81.60189819335938,50928.55,50928.55,50891.82,50928.55,0.0051778098263122185,36.7300000000032,Gold,GC=F,₹/10g,Precious metal
2023-01-26,1929.0999755859375,1937.0999755859375,1927.0999755859375,1936.5999755859375,131,81.50270080566406,50746.1,50759.2,50497.16,50549.57,-0.007441405655570499,262.0399999999936,Gold,GC=F,₹/10g,Precious metal
2023-01-27,1928.5999755859375,1928.5999755859375,1928.5999755859375,1928.5999755859375,150902,81.44509887695312,50500.75,50500.75,50500.75,50500.75,-0.0009657846743305054,0.0,Gold,GC=F,₹/10g,Precious metal
2023-01-30,1922.9000244140625,1933.5999755859375,1920.300048828125,1928.300048828125,27220,81.50800323486328,50531.9,50670.78,50322.25,50390.39,-0.0021853140794938497,348.52999999999884,Gold,GC=F,₹/10g,Precious metal
2023-01-31,1929.5,1930.4000244140625,1900.5999755859375,1923.0,1910,81.57990264892578,50437.46,50631.55,49849.94,50607.95,0.004317489902340377,781.6100000000006,Gold,GC=F,₹/10g,Precious metal
2023-02-01,1927.800048828125,1955.0,1922.0,1927.199951171875,2290,81.76840209960938,50664.41,51395.25,50527.71,50680.19,0.0014274437119070615,867.5400000000009,Gold,GC=F,₹/10g,Precious metal
2023-02-02,1916.300048828125,1959.0999755859375,1911.300048828125,1952.300048828125,748,81.71029663085938,51287.8,51466.44,50210.71,50342.07,-0.006671640339154239,1255.7300000000032,Gold,GC=F,₹/10g,Precious metal
2023-02-03,1862.9000244140625,1917.0,1861.5,1912.4000244140625,992,82.0458984375,50445.96,50567.3,49103.3,49140.23,-0.02387347202846435,1464.0,Gold,GC=F,₹/10g,Precious metal
2023-02-06,1866.199951171875,1880.0,1863.4000244140625,1865.5999755859375,424,82.22599792480469,49319.47,49700.15,49261.31,49335.33,0.003970270387419816,438.8400000000038,Gold,GC=F,₹/10g,Precious metal
2023-02-07,1871.699951171875,1875.699951171875,1868.0,1870.0,297,82.75499725341797,49753.84,49905.49,49700.62,49799.07,0.009399754699117135,204.86999999999534,Gold,GC=F,₹/10g,Precious metal
2023-02-08,1877.4000244140625,1880.4000244140625,1872.0999755859375,1872.0999755859375,230,82.74189758300781,49801.82,50022.62,49801.82,49942.82,0.00288660009112629,220.8000000000029,Gold,GC=F,₹/10g,Precious metal
2023-02-09,1866.199951171875,1884.5999755859375,1859.800048828125,1875.300048828125,223,82.65950012207031,49837.27,50084.43,49425.35,49595.43,-0.00695575460096165,659.0800000000017,Gold,GC=F,₹/10g,Precious metal
2023-02-10,1862.800048828125,1863.5,1852.4000244140625,1861.5999755859375,27,82.533203125,49397.59,49448.01,49153.47,49429.44,-0.0033468809525393217,294.5400000000009,Gold,GC=F,₹/10g,Precious metal
2023-02-13,1851.9000244140625,1861.0,1850.0,1859.0,569,82.51300048828125,49316.53,49369.59,49077.77,49128.18,-0.006094748392860616,291.8199999999997,Gold,GC=F,₹/10g,Precious metal
2023-02-14,1854.0,1862.0,1846.199951171875,1854.0999755859375,656,82.59739685058594,49236.85,49446.64,49027.06,49234.19,0.0021578246945033186,419.58000000000175,Gold,GC=F,₹/10g,Precious metal
2023-02-15,1834.199951171875,1842.0,1828.199951171875,1842.0,368,82.86759948730469,49075.54,49075.54,48707.88,48867.73,-0.007443201563791302,367.6600000000035,Gold,GC=F,₹/10g,Precious metal
2023-02-16,1842.0,1843.699951171875,1827.199951171875,1838.5999755859375,222,82.73770141601562,48908.17,49043.84,48604.92,48998.62,0.00267845467755512,438.91999999999825,Gold,GC=F,₹/10g,Precious metal
2023-02-17,1840.4000244140625,1842.199951171875,1818.4000244140625,1827.4000244140625,35,82.69529724121094,48585.33,48978.82,48346.05,48930.97,-0.0013806511285420209,632.7699999999968,Gold,GC=F,₹/10g,Precious metal
2023-02-21,1833.0,1843.0,1833.0,1842.5999755859375,862,82.69750213623047,48990.76,49001.4,48735.52,48735.52,-0.0039944027269437354,265.88000000000466,Gold,GC=F,₹/10g,Precious metal
2023-02-22,1832.0,1836.199951171875,1825.0999755859375,1835.699951171875,278,82.86119842529297,48903.92,48917.24,48621.53,48805.35,0.0014328358453956636,295.7099999999991,Gold,GC=F,₹/10g,Precious metal
2023-02-23,1818.0,1827.5,1818.0,1826.4000244140625,291,82.83529663085938,48640.95,48670.25,48417.24,48417.24,-0.007952201961465288,253.01000000000204,Gold,GC=F,₹/10g,Precious metal
2023-02-24,1808.800048828125,1808.800048828125,1808.800048828125,1808.800048828125,404,82.6178970336914,48045.8,48045.8,48045.8,48045.8,-0.007671647537116799,0.0,Gold,GC=F,₹/10g,Precious metal
2023-02-27,1817.0,1817.5,1808.9000244140625,1811.5999755859375,829,82.91799926757812,48294.97,48452.25,48222.99,48438.92,0.008182192824346624,229.26000000000204,Gold,GC=F,₹/10g,Precious metal
2023-02-28,1828.9000244140625,1830.0,1808.0999755859375,1808.0999755859375,618,82.6520004272461,48047.03,48628.98,48047.03,48599.75,0.0033202639530360845,581.9500000000044,Gold,GC=F,₹/10g,Precious metal
2023-03-01,1837.699951171875,1841.699951171875,1827.0999755859375,1827.0999755859375,211,82.6353988647461,48542.17,48930.06,48542.17,48823.79,0.004609900256688615,387.8899999999994,Gold,GC=F,₹/10g,Precious metal
2023-03-02,1833.5,1836.300048828125,1830.0,1830.0,154,82.4198989868164,48492.43,48659.37,48492.43,48585.17,-0.004887371504752158,166.94000000000233,Gold,GC=F,₹/10g,Precious metal
2023-03-03,1847.699951171875,1855.4000244140625,1837.300048828125,1837.300048828125,61,82.35569763183594,48647.94,49127.19,48647.94,48923.31,0.006959736890907342,479.25,Gold,GC=F,₹/10g,Precious metal
2023-03-06,1847.9000244140625,1853.800048828125,1844.199951171875,1853.300048828125,5,81.7125015258789,48688.34,48701.48,48449.27,48546.48,-0.007702463304302021,252.2100000000064,Gold,GC=F,₹/10g,Precious metal
2023-03-07,1813.9000244140625,1840.9000244140625,1813.9000244140625,1840.9000244140625,450,81.85440063476562,48446.56,48446.56,47736.01,47736.01,-0.01669472225380708,710.5499999999956,Gold,GC=F,₹/10g,Precious metal
2023-03-08,1812.699951171875,1812.9000244140625,1811.5,1811.5999755859375,75,82.07460021972656,47803.73,47838.04,47801.1,47832.76,0.002026771822781104,36.94000000000233,Gold,GC=F,₹/10g,Precious metal
2023-03-09,1829.300048828125,1829.300048828125,1815.5999755859375,1816.4000244140625,332,81.9645004272461,47866.1,48206.04,47845.02,48206.04,0.007803856603716852,361.0200000000041,Gold,GC=F,₹/10g,Precious metal
2023-03-10,1862.0,1868.5,1852.0,1852.300048828125,248,82.01840209960938,48844.24,49271.43,48836.33,49100.03,0.018545186453813534,435.09999999999854,Gold,GC=F,₹/10g,Precious metal
2023-03-13,1911.699951171875,1913.0999755859375,1875.0999755859375,1890.800048828125,503,81.95800018310547,49822.75,50410.36,49409.05,50373.46,0.025935422035383793,1001.3099999999977,Gold,GC=F,₹/10g,Precious metal
2023-03-14,1906.199951171875,1912.199951171875,1901.0999755859375,1912.199951171875,107,82.41739654541016,50669.07,50669.07,50374.95,50510.08,0.0027121424654967807,294.1200000000026,Gold,GC=F,₹/10g,Precious metal
2023-03-15,1926.5999755859375,1926.5999755859375,1898.5,1903.9000244140625,564,82.30490112304688,50380.28,50980.96,50237.39,50980.96,0.009322495628595329,743.5699999999997,Gold,GC=F,₹/10g,Precious metal
2023-03-16,1919.0,1931.699951171875,1909.9000244140625,1909.9000244140625,394,82.7156982421875,50791.3,51371.04,50791.3,51033.3,0.0010266577953810252,579.739999999998,Gold,GC=F,₹/10g,Precious metal
2023-03-17,1969.800048828125,1985.0999755859375,1946.0,1946.0,82,82.622802734375,51693.21,52731.85,51693.21,52325.43,0.025319350306564514,1038.6399999999994,Gold,GC=F,₹/10g,Precious metal
2023-03-20,1979.199951171875,2003.9000244140625,1968.9000244140625,1988.300048828125,389,82.53299713134766,52759.45,53173.4,52244.67,52517.98,0.0036798550914918238,928.7300000000032,Gold,GC=F,₹/10g,Precious metal
2023-03-21,1938.0,1973.800048828125,1938.0,1973.800048828125,47,82.52909851074219,52372.22,52372.22,51422.31,51422.31,-0.020862759763418226,949.9100000000035,Gold,GC=F,₹/10g,Precious metal
2023-03-22,1946.800048828125,1974.0,1946.800048828125,1946.800048828125,50,82.677001953125,51748.39,52471.39,51748.39,51748.39,0.006341216487551815,723.0,Gold,GC=F,₹/10g,Precious metal
2023-03-23,1993.800048828125,1994.5999755859375,1990.5,1990.5,33,82.52580261230469,52813.22,52922.01,52813.22,52900.78,0.02226909861350279,108.79000000000087,Gold,GC=F,₹/10g,Precious metal
2023-03-24,1982.0999755859375,1995.4000244140625,1982.0999755859375,1991.699951171875,19,82.26529693603516,52678.25,52776.11,52424.34,52424.34,-0.009006294425148442,351.7700000000041,Gold,GC=F,₹/10g,Precious metal
2023-03-27,1952.4000244140625,1957.199951171875,1952.4000244140625,1957.199951171875,877,82.33879852294922,51812.01,51812.01,51684.95,51684.95,-0.014103944846992844,127.06000000000495,Gold,GC=F,₹/10g,Precious metal
2023-03-28,1972.4000244140625,1972.4000244140625,1972.4000244140625,1972.4000244140625,21,82.21489715576172,52135.83,52135.83,52135.83,52135.83,0.00872362264063331,0.0,Gold,GC=F,₹/10g,Precious metal
2023-03-29,1966.0999755859375,1966.0999755859375,1966.0999755859375,1966.0999755859375,88563,82.16429901123047,51937.31,51937.31,51937.31,51937.31,-0.0038077460356918946,0.0,Gold,GC=F,₹/10g,Precious metal
2023-03-30,1980.300048828125,1984.4000244140625,1954.9000244140625,1965.9000244140625,10119,82.25540161132812,51989.61,52478.86,51698.71,52370.43,0.008339284418080295,780.1500000000015,Gold,GC=F,₹/10g,Precious metal
2023-03-31,1969.0,1986.800048828125,1968.0,1981.300048828125,957,82.10050201416016,52298.21,52443.38,51947.14,51973.54,-0.00757851329462067,496.23999999999796,Gold,GC=F,₹/10g,Precious metal
2023-04-03,1983.9000244140625,1991.699951171875,1950.0,1968.0999755859375,737,82.18479919433594,52003.12,52626.7,51524.86,52420.6,0.008601684626446504,1101.8399999999965,Gold,GC=F,₹/10g,Precious metal
2023-04-04,2022.199951171875,2027.0999755859375,1979.0,1984.5999755859375,811,82.14089965820312,52411.09,53533.47,52263.2,53404.06,0.01876094512462667,1270.270000000004,Gold,GC=F,₹/10g,Precious metal
2023-04-05,2020.9000244140625,2033.800048828125,2013.5999755859375,2022.0999755859375,525,82.11479949951172,53384.45,53693.34,53160.05,53352.77,-0.0009604138711550858,533.2899999999936,Gold,GC=F,₹/10g,Precious metal
2023-04-06,2011.9000244140625,2023.300048828125,2005.0,2022.199951171875,0,81.94999694824219,53279.95,53308.93,52826.77,53008.57,-0.006451398868324909,482.1600000000035,Gold,GC=F,₹/10g,Precious metal
2023-04-10,1989.0999755859375,2006.5999755859375,1984.0,2000.0,652,81.88480377197266,52653.11,52826.87,52231.89,52366.15,-0.01211917242815641,594.9800000000032,Gold,GC=F,₹/10g,Precious metal
2023-04-11,2004.800048828125,2006.5,1991.4000244140625,1991.4000244140625,68,81.98390197753906,52490.15,52888.16,52490.15,52843.36,0.009112947963522133,398.01000000000204,Gold,GC=F,₹/10g,Precious metal
2023-04-12,2010.9000244140625,2025.699951171875,2005.199951171875,2005.199951171875,172,82.07009887695312,52909.47,53450.38,52909.47,53059.87,0.004097203508633962,540.9099999999962,Gold,GC=F,₹/10g,Precious metal
2023-04-13,2041.300048828125,2048.60009765625,2015.5999755859375,2015.5999755859375,1043,81.96060180664062,53112.93,53982.51,53112.93,53790.15,0.013763320565994608,869.5800000000017,Gold,GC=F,₹/10g,Precious metal
2023-04-14,2002.199951171875,2047.800048828125,1995.0,2041.0,718,81.68070220947266,53598.57,53777.15,52390.57,52579.64,-0.02250430608577969,1386.5800000000017,Gold,GC=F,₹/10g,Precious metal
2023-04-17,1994.199951171875,2007.5999755859375,1983.199951171875,2002.699951171875,554,81.84480285644531,52698.44,52827.37,52185.32,52474.77,-0.0019944982506536757,642.0500000000029,Gold,GC=F,₹/10g,Precious metal
2023-04-18,2007.4000244140625,2007.4000244140625,1996.9000244140625,1996.9000244140625,72,82.00370025634766,52647.83,52924.66,52647.83,52924.66,0.00857345349012495,276.83000000000175,Gold,GC=F,₹/10g,Precious metal
2023-04-19,1995.199951171875,2006.4000244140625,1969.800048828125,2005.699951171875,61,82.10790252685547,52947.04,52965.52,51999.34,52669.85,-0.004814579819690912,966.1800000000003,Gold,GC=F,₹/10g,Precious metal
2023-04-20,2007.5999755859375,2007.5999755859375,1998.0,1998.0,164,82.34010314941406,52892.93,53147.07,52892.93,53147.07,0.00906059159082484,254.13999999999942,Gold,GC=F,₹/10g,Precious metal
2023-04-21,1979.5,1996.199951171875,1974.0999755859375,1996.199951171875,132,82.14089965820312,52717.43,52717.43,52133.79,52276.4,-0.016382276577053045,583.6399999999994,Gold,GC=F,₹/10g,Precious metal
2023-04-24,1989.0999755859375,1989.800048828125,1977.4000244140625,1981.300048828125,145,82.05480194091797,52269.1,52493.34,52166.21,52474.87,0.0037965506423549567,327.1299999999974,Gold,GC=F,₹/10g,Precious metal
2023-04-25,1994.0,1999.0999755859375,1982.300048828125,1995.699951171875,306,81.85230255126953,52519.05,52608.53,52166.42,52474.32,-1.0481207480927957e-05,442.1100000000006,Gold,GC=F,₹/10g,Precious metal
2023-04-26,1985.699951171875,1998.800048828125,1985.5999755859375,1997.800048828125,615,81.9916000366211,52663.79,52690.15,52342.19,52344.82,-0.002467873809512966,347.9599999999991,Gold,GC=F,₹/10g,Precious metal
2023-04-27,1989.9000244140625,2002.300048828125,1979.9000244140625,1990.5999755859375,355,81.76689910888672,52330.18,52637.76,52048.9,52311.78,-0.0006311990374596732,588.8600000000006,Gold,GC=F,₹/10g,Precious metal
2023-04-28,1990.0999755859375,1990.0999755859375,1977.699951171875,1986.9000244140625,152,81.76509857177734,52231.77,52315.89,51989.91,52315.89,7.856738960132503e-05,325.9799999999959,Gold,GC=F,₹/10g,Precious metal
2023-05-01,1983.4000244140625,2005.0,1976.9000244140625,1980.0999755859375,210,81.74479675292969,52040.08,52694.49,51955.98,52126.81,-0.0036141982866009226,738.5099999999948,Gold,GC=F,₹/10g,Precious metal
2023-05-02,2014.300048828125,2018.0,1994.699951171875,1994.699951171875,1896,81.77469635009766,52442.97,53055.55,52442.97,52958.28,0.015950908946854803,612.5800000000017,Gold,GC=F,₹/10g,Precious metal
2023-05-03,2028.5999755859375,2035.0999755859375,2015.199951171875,2017.0999755859375,1349,81.77870178222656,53034.49,53507.75,52984.53,53336.85,0.00714845723841484,523.2200000000012,Gold,GC=F,₹/10g,Precious metal
2023-05-04,2048.0,2072.0,2040.0,2045.0,930,81.77999877929688,53768.9,54478.81,53637.44,53847.78,0.009579305864519494,841.3699999999953,Gold,GC=F,₹/10g,Precious metal
2023-05-05,2017.4000244140625,2046.4000244140625,2004.300048828125,2046.4000244140625,59,81.71610260009766,53763.67,53763.67,52657.61,53001.77,-0.015711139809292063,1106.0599999999977,Gold,GC=F,₹/10g,Precious metal
2023-05-08,2026.300048828125,2026.300048828125,2022.5,2022.5,3,81.72979736328125,53144.67,53244.52,53144.67,53244.52,0.004580035723335207,99.84999999999854,Gold,GC=F,₹/10g,Precious metal
2023-05-09,2036.199951171875,2037.300048828125,2025.9000244140625,2026.5999755859375,241,81.78710174560547,53289.74,53571.1,53271.33,53542.17,0.0055902466582475885,299.7699999999968,Gold,GC=F,₹/10g,Precious metal
2023-05-10,2030.5,2044.300048828125,2029.5,2032.300048828125,248,82.1050033569336,53647.34,53964.11,53573.43,53599.82,0.001076721395490754,390.6800000000003,Gold,GC=F,₹/10g,Precious metal
2023-05-11,2014.699951171875,2038.300048828125,2014.0,2034.0999755859375,90,81.9198989868164,53573.8,53684.42,53044.41,53062.84,-0.010018317225692241,640.0099999999948,Gold,GC=F,₹/10g,Precious metal
2023-05-12,2014.5,2014.5,2014.5,2014.5,115,82.10030364990234,53174.42,53174.42,53174.42,53174.42,0.002102789824291351,0.0,Gold,GC=F,₹/10g,Precious metal
2023-05-15,2018.0,2018.0,2013.800048828125,2013.800048828125,3,82.20030212402344,53220.69,53331.69,53220.69,53331.69,0.002957625113729545,111.0,Gold,GC=F,₹/10g,Precious metal
2023-05-16,1988.4000244140625,1988.4000244140625,1988.4000244140625,1988.4000244140625,49,82.2667007446289,52591.87,52591.87,52591.87,52591.87,-0.013872052432615578,0.0,Gold,GC=F,₹/10g,Precious metal
2023-05-17,1980.699951171875,1983.5999755859375,1980.699951171875,1983.5999755859375,13,82.2959976196289,52483.59,52483.59,52406.86,52406.86,-0.003517844107844059,76.72999999999593,Gold,GC=F,₹/10g,Precious metal
2023-05-18,1956.5,1956.800048828125,1956.5,1956.5,23,82.45030212402344,51863.62,51871.58,51863.62,51863.62,-0.010365818520705061,7.959999999999127,Gold,GC=F,₹/10g,Precious metal
2023-05-19,1978.699951171875,1978.699951171875,1960.0,1960.0,106,82.72509765625,52129.56,52626.92,52129.56,52626.92,0.014717445484908165,497.3600000000006,Gold,GC=F,₹/10g,Precious metal
2023-05-22,1974.800048828125,1980.5,1974.800048828125,1980.5,8,82.90480041503906,52789.22,52789.22,52637.29,52637.29,0.0001970474426395974,151.9300000000003,Gold,GC=F,₹/10g,Precious metal
2023-05-23,1972.4000244140625,1972.4000244140625,1972.4000244140625,1972.4000244140625,1,82.82499694824219,52522.71,52522.71,52522.71,52522.71,-0.002176783797190218,0.0,Gold,GC=F,₹/10g,Precious metal
2023-05-24,1962.800048828125,1975.4000244140625,1962.800048828125,1975.4000244140625,189,82.8906021118164,52644.27,52644.27,52308.48,52308.48,-0.0040788070531775356,335.7899999999936,Gold,GC=F,₹/10g,Precious metal
2023-05-25,1943.0999755859375,1943.0999755859375,1943.0999755859375,1943.0999755859375,1,82.71369934082031,51672.96,51672.96,51672.96,51672.96,-0.012149464102187757,0.0,Gold,GC=F,₹/10g,Precious metal
2023-05-26,1944.0999755859375,1948.4000244140625,1944.0999755859375,1948.199951171875,166036,82.74210357666016,51826.37,51831.7,51717.31,51717.31,0.0008582825524219295,114.38999999999942,Gold,GC=F,₹/10g,Precious metal
2023-05-30,1958.0,1962.5999755859375,1931.0,1942.699951171875,37838,82.57969665527344,51578.62,52106.97,51267.99,51984.84,0.005172929527850423,838.9800000000032,Gold,GC=F,₹/10g,Precious metal
2023-05-31,1963.9000244140625,1973.0,1953.0,1958.199951171875,5959,82.68389892578125,52055.75,52449.19,51917.52,52207.28,0.004278939783213698,531.6700000000055,Gold,GC=F,₹/10g,Precious metal
2023-06-01,1978.0,1983.0,1954.300048828125,1963.199951171875,750,82.66680145263672,52177.88,52704.12,51941.34,52571.23,0.006971249986591932,762.7800000000061,Gold,GC=F,₹/10g,Precious metal
2023-06-02,1952.4000244140625,1982.5,1947.4000244140625,1977.0999755859375,356,82.27670288085938,52299.34,52442.19,51513.71,51645.97,-0.017600120826543386,928.4800000000032,Gold,GC=F,₹/10g,Precious metal
2023-06-05,1958.0,1961.9000244140625,1937.800048828125,1947.5,713,82.40979766845703,51599.69,51981.22,51342.68,51877.89,0.004490573030189848,638.5400000000009,Gold,GC=F,₹/10g,Precious metal
2023-06-06,1965.5,1965.5,1958.800048828125,1960.800048828125,164,82.51119995117188,52016.0,52140.68,51962.94,52140.68,0.005065549119287693,177.73999999999796,Gold,GC=F,₹/10g,Precious metal
2023-06-07,1942.699951171875,1968.4000244140625,1940.699951171875,1959.0,139,82.51719665527344,51972.03,52221.41,51486.53,51539.59,-0.011528234767939405,734.8800000000047,Gold,GC=F,₹/10g,Precious metal
2023-06-08,1963.5999755859375,1969.0,1943.0999755859375,1943.199951171875,433,82.61810302734375,51615.89,52301.2,51613.24,52157.77,0.011994274692522788,687.9599999999991,Gold,GC=F,₹/10g,Precious metal
2023-06-09,1962.199951171875,1969.800048828125,1960.300048828125,1965.0999755859375,49,82.48829650878906,52115.6,52240.25,51988.3,52038.69,-0.002283073068499508,251.9499999999971,Gold,GC=F,₹/10g,Precious metal
2023-06-12,1955.300048828125,1963.5,1951.4000244140625,1959.699951171875,212,82.4448013305664,51944.98,52045.71,51724.98,51828.36,-0.004041800437328491,320.7299999999959,Gold,GC=F,₹/10g,Precious metal
2023-06-13,1944.5999755859375,1967.5,1940.300048828125,1960.5999755859375,343,82.33719635009766,51901.01,52083.67,51363.63,51477.46,-0.006770424532051567,720.0400000000009,Gold,GC=F,₹/10g,Precious metal
2023-06-14,1955.300048828125,1958.199951171875,1940.300048828125,1946.199951171875,202,82.29039764404297,51490.53,51808.01,51334.44,51731.29,0.0049308959688376675,473.5699999999997,Gold,GC=F,₹/10g,Precious metal
2023-06-15,1957.800048828125,1958.800048828125,1926.0,1941.699951171875,329,82.04499816894531,51218.28,51669.34,50804.14,51642.97,-0.0017072839281603303,865.1999999999971,Gold,GC=F,₹/10g,Precious metal
2023-06-16,1958.4000244140625,1962.9000244140625,1953.5,1961.4000244140625,119,81.9126968383789,51654.5,51694.0,51446.45,51575.49,-0.001306663811163511,247.5500000000029,Gold,GC=F,₹/10g,Precious metal
2023-06-20,1935.5,1958.5999755859375,1931.300048828125,1958.5999755859375,193,81.98139953613281,51624.02,51624.02,50904.46,51015.16,-0.010864269054932763,719.5599999999977,Gold,GC=F,₹/10g,Precious metal
2023-06-21,1933.300048828125,1936.800048828125,1920.0,1935.5999755859375,557,81.9917984008789,51024.27,51055.9,50613.03,50963.64,-0.001009895881930123,442.8700000000026,Gold,GC=F,₹/10g,Precious metal
2023-06-22,1912.699951171875,1921.0,1912.0999755859375,1920.0,237,81.94149780273438,50581.98,50608.33,50373.86,50389.67,-0.011262343113639495,234.47000000000116,Gold,GC=F,₹/10g,Precious metal
2023-06-23,1919.0999755859375,1932.5,1918.699951171875,1918.699951171875,105,81.91929626464844,50534.04,50897.5,50534.04,50544.58,0.0030742412085651427,363.4599999999991,Gold,GC=F,₹/10g,Precious metal
2023-06-26,1923.699951171875,1928.5,1922.5,1922.9000244140625,71,81.98480224609375,50685.16,50832.77,50674.61,50706.24,0.0031983646911299957,158.15999999999622,Gold,GC=F,₹/10g,Precious metal
2023-06-27,1914.0,1929.4000244140625,1914.0,1927.0,49,82.00650024414062,50806.67,50869.95,50463.92,50463.92,-0.004778899007301662,406.02999999999884,Gold,GC=F,₹/10g,Precious metal
2023-06-28,1912.300048828125,1912.300048828125,1912.300048828125,1912.300048828125,628,81.99839782714844,50414.11,50414.11,50414.11,50414.11,-0.0009870418310745643,0.0,Gold,GC=F,₹/10g,Precious metal
2023-06-29,1909.199951171875,1909.9000244140625,1892.5,1909.9000244140625,289,82.02649688720703,50368.1,50368.1,49909.22,50349.63,-0.0012790070081570848,458.8799999999974,Gold,GC=F,₹/10g,Precious metal
2023-06-30,1921.0999755859375,1921.0999755859375,1900.5999755859375,1908.5999755859375,445,82.07540130615234,50363.82,50693.67,50152.72,50693.67,0.006833019428345466,540.9499999999971,Gold,GC=F,₹/10g,Precious metal
2023-07-03,1921.699951171875,1929.5,1917.9000244140625,1917.9000244140625,41,82.09629821777344,50622.11,50928.29,50622.11,50722.41,0.0005669346882954951,306.1800000000003,Gold,GC=F,₹/10g,Precious metal
2023-07-05,1919.5999755859375,1933.9000244140625,1914.699951171875,1923.5,193,82.0071029663086,50714.76,50988.97,50482.74,50611.94,-0.002177932791442738,506.2300000000032,Gold,GC=F,₹/10g,Precious metal
2023-07-06,1908.699951171875,1910.199951171875,1903.199951171875,1909.300048828125,81,82.39409637451172,50577.93,50601.76,50416.33,50562.03,-0.0009861309406437035,185.4300000000003,Gold,GC=F,₹/10g,Precious metal
2023-07-07,1926.199951171875,1934.0999755859375,1913.4000244140625,1913.4000244140625,61,82.76840209960938,50916.8,51467.64,50916.8,51257.41,0.013753007938961392,550.8399999999965,Gold,GC=F,₹/10g,Precious metal
2023-07-10,1925.0,1926.0999755859375,1912.300048828125,1923.5999755859375,269,82.61530303955078,51093.54,51159.94,50793.4,51130.73,-0.002471447542901628,366.5400000000009,Gold,GC=F,₹/10g,Precious metal
2023-07-11,1931.300048828125,1937.0,1924.199951171875,1925.0,142,82.52529907226562,51075.02,51393.41,51053.8,51242.18,0.002179706802543091,339.6100000000006,Gold,GC=F,₹/10g,Precious metal
2023-07-12,1956.199951171875,1958.0,1932.199951171875,1932.300048828125,132,82.39990234375,51190.81,51871.66,51188.16,51823.97,0.011353732413414086,683.5,Gold,GC=F,₹/10g,Precious metal
2023-07-13,1959.199951171875,1961.0999755859375,1953.0,1961.0999755859375,121,82.00180053710938,51702.78,51702.78,51489.23,51652.68,-0.003305227291540924,213.54999999999563,Gold,GC=F,₹/10g,Precious metal
2023-07-14,1960.0999755859375,1960.5999755859375,1952.699951171875,1958.4000244140625,94,82.03079986572266,51649.85,51707.87,51499.52,51694.69,0.0008133169469619617,208.35000000000582,Gold,GC=F,₹/10g,Precious metal
2023-07-17,1952.4000244140625,1956.5,1946.5999755859375,1954.0,29,82.07679748535156,51562.71,51628.68,51367.43,51520.49,-0.0033697851752279018,261.25,Gold,GC=F,₹/10g,Precious metal
2023-07-18,1977.199951171875,1978.4000244140625,1963.4000244140625,1968.800048828125,83,82.06159973144531,51943.63,52196.91,51801.16,52165.25,0.012514632527757419,395.75,Gold,GC=F,₹/10g,Precious metal
2023-07-19,1977.5,1977.5,1973.0,1977.0,35,82.07540130615234,52168.75,52181.94,52063.2,52181.94,0.00031994479083308214,118.74000000000524,Gold,GC=F,₹/10g,Precious metal
2023-07-20,1968.300048828125,1973.699951171875,1965.5999755859375,1973.699951171875,638,82.06169891357422,52072.97,52072.97,51859.27,51930.5,-0.0048185253365437,213.70000000000437,Gold,GC=F,₹/10g,Precious metal
2023-07-21,1964.300048828125,1964.300048828125,1961.800048828125,1961.800048828125,50,82.0823974609375,51772.07,51838.04,51772.07,51838.04,-0.0017804565717641774,65.97000000000116,Gold,GC=F,₹/10g,Precious metal
2023-07-24,1960.300048828125,1965.5,1960.300048828125,1965.300048828125,2,81.99030303955078,51806.24,51811.51,51674.44,51674.44,-0.0031559835209818976,137.0699999999997,Gold,GC=F,₹/10g,Precious metal
2023-07-25,1962.0999755859375,1962.5,1953.0,1953.0,19,81.81420135498047,51371.43,51621.32,51371.43,51610.8,-0.0012315566458001026,249.88999999999942,Gold,GC=F,₹/10g,Precious metal
2023-07-26,1968.9000244140625,1972.0,1966.199951171875,1966.199951171875,51,81.95010375976562,51804.55,51957.37,51804.55,51875.69,0.005132452897455453,152.8199999999997,Gold,GC=F,₹/10g,Precious metal
2023-07-27,1945.4000244140625,1945.4000244140625,1945.4000244140625,1945.4000244140625,194253,81.97550201416016,51272.41,51272.41,51272.41,51272.41,-0.011629339291679752,0.0,Gold,GC=F,₹/10g,Precious metal
2023-07-28,1960.4000244140625,1962.199951171875,1944.199951171875,1945.5,23155,82.3749008178711,51524.87,51967.15,51490.44,51919.48,0.012620237667782641,476.7099999999991,Gold,GC=F,₹/10g,Precious metal
2023-07-31,1970.5,1971.5999755859375,1950.0,1959.199951171875,1025,82.25279998779297,51810.79,52138.7,51567.5,52109.62,0.0036622092517104576,571.1999999999971,Gold,GC=F,₹/10g,Precious metal
2023-08-01,1940.699951171875,1965.4000244140625,1940.699951171875,1964.9000244140625,688,82.2332992553711,51949.21,51962.42,51309.39,51309.39,-0.015356665429531069,653.0299999999988,Gold,GC=F,₹/10g,Precious metal
2023-08-02,1937.4000244140625,1953.5999755859375,1933.199951171875,1948.4000244140625,652,82.30729675292969,51559.32,51696.93,51157.09,51268.24,-0.0008019974511488392,539.8400000000038,Gold,GC=F,₹/10g,Precious metal
2023-08-03,1932.0,1936.5,1928.0,1934.199951171875,773,82.7332992553711,51448.47,51509.65,51283.55,51389.95,0.0023739843614682954,226.09999999999854,Gold,GC=F,₹/10g,Precious metal
2023-08-04,1939.5999755859375,1945.0,1920.0,1934.9000244140625,290,82.7843017578125,51498.82,51767.64,51102.24,51623.91,0.004552641129248247,665.4000000000015,Gold,GC=F,₹/10g,Precious metal
2023-08-07,1933.5,1941.0,1929.800048828125,1941.0,376,82.69529724121094,51605.63,51605.63,51307.86,51406.23,-0.004216650772868591,297.7699999999968,Gold,GC=F,₹/10g,Precious metal
2023-08-08,1924.0999755859375,1933.199951171875,1923.0,1931.699951171875,555,82.74829864501953,51391.29,51431.19,51159.83,51189.09,-0.004224001643380659,271.3600000000006,Gold,GC=F,₹/10g,Precious metal
2023-08-09,1915.4000244140625,1928.800048828125,1913.699951171875,1925.4000244140625,451,82.84500122070312,51283.54,51374.1,50971.91,51017.19,-0.003358137446865972,402.18999999999505,Gold,GC=F,₹/10g,Precious metal
2023-08-10,1914.4000244140625,1927.800048828125,1911.4000244140625,1921.0999755859375,178,82.86630249023438,51182.17,51360.67,50923.74,51003.67,-0.0002650087156897962,436.9300000000003,Gold,GC=F,₹/10g,Precious metal
2023-08-11,1912.9000244140625,1916.5999755859375,1911.800048828125,1913.0,57,82.79989624023438,50925.52,51021.36,50893.58,50922.86,-0.0015843957895578242,127.77999999999884,Gold,GC=F,₹/10g,Precious metal
2023-08-14,1910.5999755859375,1912.5999755859375,1903.300048828125,1909.300048828125,46,82.89730072021484,50886.82,50974.77,50726.91,50921.47,-2.7296188784387e-05,247.8599999999933,Gold,GC=F,₹/10g,Precious metal
2023-08-15,1902.5,1907.699951171875,1895.0,1906.0,73,83.2333984375,51004.82,51050.32,50710.46,50911.16,-0.00020246862472739213,339.8600000000006,Gold,GC=F,₹/10g,Precious metal
2023-08-16,1896.0999755859375,1904.5,1890.300048828125,1904.5,22,83.19419860839844,50940.68,50940.68,50560.87,50716.0,-0.0038333442019392594,379.8099999999977,Gold,GC=F,₹/10g,Precious metal
2023-08-17,1884.0999755859375,1902.4000244140625,1884.0,1893.699951171875,245,83.23699951171875,50677.87,50910.69,50418.28,50420.96,-0.005817493493177728,492.4100000000035,Gold,GC=F,₹/10g,Precious metal
2023-08-18,1886.0999755859375,1891.800048828125,1886.0999755859375,1891.800048828125,19,83.09829711914062,50542.66,50542.66,50390.37,50390.37,-0.0006066921375553758,152.29000000000087,Gold,GC=F,₹/10g,Precious metal
2023-08-21,1893.300048828125,1893.5999755859375,1893.300048828125,1893.5999755859375,876,83.16729736328125,50632.76,50632.76,50624.74,50624.74,0.004651087102555351,8.020000000004075,Gold,GC=F,₹/10g,Precious metal
2023-08-22,1896.4000244140625,1896.800048828125,1892.800048828125,1894.5999755859375,46,83.1135025024414,50626.73,50685.52,50578.63,50674.83,0.000989437180319408,106.88999999999942,Gold,GC=F,₹/10g,Precious metal
2023-08-23,1918.5,1918.5,1909.5999755859375,1909.5999755859375,547,83.07330322265625,51002.87,51240.58,51002.87,51240.58,0.01116431964349962,237.70999999999913,Gold,GC=F,₹/10g,Precious metal
2023-08-24,1918.199951171875,1920.800048828125,1918.199951171875,1920.0,337,82.5447006225586,50954.34,50975.57,50906.57,50906.57,-0.006518466418608093,69.0,Gold,GC=F,₹/10g,Precious metal
2023-08-25,1911.0999755859375,1919.800048828125,1911.0999755859375,1919.800048828125,195,82.64140319824219,51008.72,51008.72,50777.56,50777.56,-0.002534250490653811,231.1600000000035,Gold,GC=F,₹/10g,Precious metal
2023-08-28,1917.9000244140625,1921.5,1915.5,1915.5,99,82.66429901123047,50908.57,51068.03,50908.57,50972.35,0.0038361433672668976,159.45999999999913,Gold,GC=F,₹/10g,Precious metal
2023-08-29,1936.5,1936.5,1916.9000244140625,1917.9000244140625,1674,82.69149780273438,50989.13,51483.62,50962.54,51483.62,0.010030339978439384,521.0800000000017,Gold,GC=F,₹/10g,Precious metal
2023-08-30,1944.300048828125,1946.4000244140625,1934.5999755859375,1936.0,396,82.49469757080078,51347.83,51623.67,51310.7,51567.97,0.0016383851795969129,312.97000000000116,Gold,GC=F,₹/10g,Precious metal
2023-08-31,1938.199951171875,1944.4000244140625,1938.199951171875,1944.4000244140625,491,82.70040130615234,51699.22,51699.22,51534.37,51534.37,-0.0006515672422241492,164.84999999999854,Gold,GC=F,₹/10g,Precious metal
2023-09-01,1939.800048828125,1950.0,1936.5999755859375,1950.0,167,82.68240356445312,51836.83,51836.83,51480.62,51565.69,0.000607749740610064,356.2099999999991,Gold,GC=F,₹/10g,Precious metal
2023-09-05,1926.199951171875,1934.4000244140625,1924.699951171875,1934.4000244140625,113,82.7345962524414,51454.6,51454.6,51196.58,51236.48,-0.006384283813520186,258.0199999999968,Gold,GC=F,₹/10g,Precious metal
2023-09-06,1918.0999755859375,1925.300048828125,1916.300048828125,1924.0999755859375,24,83.08609771728516,51398.06,51430.12,51189.7,51237.78,2.537254706003189e-05,240.42000000000553,Gold,GC=F,₹/10g,Precious metal
2023-09-07,1917.5,1921.5,1917.5,1917.5999755859375,41,83.25740051269531,51330.04,51434.44,51327.36,51327.36,0.0017483193065741531,107.08000000000175,Gold,GC=F,₹/10g,Precious metal
2023-09-08,1918.4000244140625,1924.699951171875,1918.4000244140625,1924.0,105,83.24150085449219,51491.52,51510.25,51341.65,51341.65,0.00027840902006270873,168.59999999999854,Gold,GC=F,₹/10g,Precious metal
2023-09-11,1923.300048828125,1928.300048828125,1921.800048828125,1923.0,50,83.03130340576172,51334.8,51476.29,51302.77,51342.81,2.2593742117660298e-05,173.52000000000407,Gold,GC=F,₹/10g,Precious metal
2023-09-12,1911.300048828125,1920.800048828125,1911.300048828125,1920.800048828125,365,82.94329833984375,51221.72,51221.72,50968.39,50968.39,-0.00729254982343186,253.33000000000175,Gold,GC=F,₹/10g,Precious metal
2023-09-13,1909.0999755859375,1914.5999755859375,1908.9000244140625,1910.300048828125,15,82.84300231933594,50880.12,50994.65,50842.83,50848.16,-0.0023589130439473083,151.8199999999997,Gold,GC=F,₹/10g,Precious metal
2023-09-14,1910.0,1910.0,1903.0,1903.0,169,82.93679809570312,50743.08,50929.73,50743.08,50929.73,0.001604187840818616,186.65000000000146,Gold,GC=F,₹/10g,Precious metal
2023-09-15,1923.699951171875,1927.300048828125,1923.5,1923.5,8,83.0282974243164,51346.29,51447.73,51346.29,51351.63,0.00828396302120571,101.44000000000233,Gold,GC=F,₹/10g,Precious metal
2023-09-18,1931.5,1931.5,1926.4000244140625,1928.199951171875,19,83.08580017089844,51507.4,51595.55,51459.32,51595.55,0.004749995277657293,136.2300000000032,Gold,GC=F,₹/10g,Precious metal
2023-09-19,1932.0,1934.0,1932.0,1934.0,6,83.25489807128906,51767.48,51767.48,51713.94,51713.94,0.0022945777300562575,53.54000000000087,Gold,GC=F,₹/10g,Precious metal
2023-09-20,1945.5999755859375,1945.5999755859375,1929.199951171875,1945.5999755859375,119,83.19499969482422,52040.51,52040.51,51601.84,52040.51,0.0063149317186042,438.67000000000553,Gold,GC=F,₹/10g,Precious metal
2023-09-21,1919.199951171875,1924.0,1919.199951171875,1924.0,9,83.08699798583984,51395.95,51395.95,51267.72,51267.72,-0.014849777605945857,128.22999999999593,Gold,GC=F,₹/10g,Precious metal
2023-09-22,1925.4000244140625,1925.4000244140625,1925.4000244140625,1925.4000244140625,1,82.89129638671875,51312.2,51312.2,51312.2,51312.2,0.0008676024601834698,0.0,Gold,GC=F,₹/10g,Precious metal
2023-09-25,1916.5999755859375,1916.5999755859375,1916.5999755859375,1916.5999755859375,114,82.97480010986328,51129.13,51129.13,51129.13,51129.13,-0.003567767509481179,0.0,Gold,GC=F,₹/10g,Precious metal
2023-09-26,1900.4000244140625,1905.0999755859375,1900.4000244140625,1905.0,161,83.0282974243164,50852.45,50855.12,50729.65,50729.65,-0.00781315856538134,125.47000000000116,Gold,GC=F,₹/10g,Precious metal
2023-09-27,1871.5999755859375,1871.5999755859375,1871.5999755859375,1871.5999755859375,12251,83.29869842529297,50123.57,50123.57,50123.57,50123.57,-0.011947253726371065,0.0,Gold,GC=F,₹/10g,Precious metal
2023-09-28,1860.4000244140625,1878.199951171875,1856.699951171875,1875.5,4654,83.22270202636719,50182.19,50254.43,49679.16,49778.17,-0.006890969657588286,575.2699999999968,Gold,GC=F,₹/10g,Precious metal
2023-09-29,1848.0999755859375,1872.300048828125,1846.0,1864.300048828125,1605,83.19300079345703,49864.71,50078.69,49375.24,49431.41,-0.006966105825103597,703.4500000000044,Gold,GC=F,₹/10g,Precious metal
2023-10-02,1830.0,1845.9000244140625,1826.699951171875,1844.0999755859375,2309,83.03479766845703,49230.62,49278.68,48766.11,48854.21,-0.01167678607589795,512.5699999999997,Gold,GC=F,₹/10g,Precious metal
2023-10-03,1824.5999755859375,1830.9000244140625,1816.800048828125,1825.0,310,83.3593978881836,48911.18,49069.31,48691.42,48900.46,0.0009466942562370573,377.8899999999994,Gold,GC=F,₹/10g,Precious metal
2023-10-04,1818.5,1828.199951171875,1816.4000244140625,1821.800048828125,357,83.22979736328125,48749.51,48920.77,48605.01,48661.21,-0.004892592012426866,315.75999999999476,Gold,GC=F,₹/10g,Precious metal
2023-10-05,1816.5999755859375,1826.300048828125,1815.5999755859375,1826.300048828125,393,83.44979858398438,48999.11,48999.11,48712.03,48738.86,0.0015957268633477462,287.08000000000175,Gold,GC=F,₹/10g,Precious metal
2023-10-06,1830.199951171875,1831.800048828125,1809.4000244140625,1819.0,390,83.22489929199219,48671.72,49014.22,48414.85,48971.4,0.004771141549063662,599.3700000000026,Gold,GC=F,₹/10g,Precious metal
2023-10-09,1849.5,1861.5,1842.5,1842.5,232,83.12460327148438,49241.11,49748.89,49241.11,49428.18,0.009327485021869864,507.77999999999884,Gold,GC=F,₹/10g,Precious metal
2023-10-10,1861.0,1861.4000244140625,1852.800048828125,1857.0,236,83.27030181884766,49715.61,49833.41,49603.17,49822.7,0.00798168170464697,230.24000000000524,Gold,GC=F,₹/10g,Precious metal
2023-10-11,1872.800048828125,1874.5999755859375,1869.0999755859375,1869.5,65,83.25029754638672,50038.24,50174.74,50027.53,50126.56,0.006098826438551086,147.20999999999913,Gold,GC=F,₹/10g,Precious metal
2023-10-12,1869.300048828125,1881.199951171875,1867.0,1874.699951171875,46,83.21800231933594,50157.95,50331.86,49951.94,50013.48,-0.0022558898915064907,379.91999999999825,Gold,GC=F,₹/10g,Precious metal
2023-10-13,1927.4000244140625,1930.0999755859375,1877.5,1877.5,43,83.26239776611328,50259.67,51667.74,50259.67,51595.46,0.031631072262917836,1408.0699999999997,Gold,GC=F,₹/10g,Precious metal
2023-10-16,1921.0999755859375,1921.0999755859375,1910.300048828125,1910.4000244140625,53,83.28230285644531,51152.61,51439.11,51149.93,51439.11,-0.0030303053795818213,289.1800000000003,Gold,GC=F,₹/10g,Precious metal
2023-10-17,1922.699951171875,1925.800048828125,1914.300048828125,1914.300048828125,103,83.19950103759766,51206.07,51513.69,51206.07,51430.76,-0.00016232784742964412,307.6200000000026,Gold,GC=F,₹/10g,Precious metal
2023-10-18,1955.300048828125,1957.9000244140625,1935.0,1935.0,67,83.26429748535156,51800.09,52413.13,51800.09,52343.53,0.017747550298692794,613.0400000000009,Gold,GC=F,₹/10g,Precious metal
2023-10-19,1968.4000244140625,1977.699951171875,1945.699951171875,1950.0999755859375,1945,83.26860046386719,52207.02,52945.91,52089.22,52696.94,0.006751741810306022,856.6900000000023,Gold,GC=F,₹/10g,Precious metal
2023-10-20,1982.5,1988.5999755859375,1980.4000244140625,1981.0999755859375,557,83.12229919433594,52943.75,53144.18,52925.04,52981.16,0.005393482050380927,219.13999999999942,Gold,GC=F,₹/10g,Precious metal
2023-10-23,1976.300048828125,1978.9000244140625,1972.9000244140625,1976.199951171875,127,83.15979766845703,52836.62,52908.81,52748.39,52839.3,-0.002677555568809775,160.41999999999825,Gold,GC=F,₹/10g,Precious metal
2023-10-24,1975.0,1975.0,1970.300048828125,1970.300048828125,10,83.02940368652344,52596.28,52721.74,52596.28,52721.74,-0.0022248591483990943,125.45999999999913,Gold,GC=F,₹/10g,Precious metal
2023-10-25,1984.0999755859375,1985.300048828125,1971.199951171875,1971.199951171875,97,82.98780059814453,52593.94,52970.14,52593.94,52938.12,0.004104189277516435,376.1999999999971,Gold,GC=F,₹/10g,Precious metal
2023-10-26,1987.199951171875,1988.199951171875,1980.4000244140625,1988.199951171875,521,83.1709976196289,53164.62,53164.62,52956.05,53137.88,0.003773462299001107,208.5699999999997,Gold,GC=F,₹/10g,Precious metal
2023-10-27,1988.5999755859375,1988.5999755859375,1988.5999755859375,1988.5999755859375,372,83.28250122070312,53246.61,53246.61,53246.61,53246.61,0.0020461862611005355,0.0,Gold,GC=F,₹/10g,Precious metal
2023-10-30,1996.199951171875,2004.0999755859375,1992.5,2004.0999755859375,157,83.41339874267578,53745.97,53745.97,53434.89,53534.11,0.005399404769618199,311.08000000000175,Gold,GC=F,₹/10g,Precious metal
2023-10-31,1985.199951171875,2001.0,1983.699951171875,1996.5,84,83.29650115966797,53467.12,53587.63,53124.33,53164.5,-0.00690419622181071,463.29999999999563,Gold,GC=F,₹/10g,Precious metal
2023-11-01,1978.800048828125,1990.5,1977.800048828125,1990.5,41,83.2771987915039,53294.09,53294.09,52954.06,52980.83,-0.0034547489396119513,340.02999999999884,Gold,GC=F,₹/10g,Precious metal
2023-11-02,1985.5999755859375,1990.300048828125,1979.5,1989.0999755859375,39,85.19400024414062,54482.42,54515.29,54219.47,54386.55,0.026532615664949022,295.8199999999997,Gold,GC=F,₹/10g,Precious metal
2023-11-03,1991.5,1991.5,1989.0,1989.0,12,83.24729919433594,53234.81,53301.72,53234.81,53301.72,-0.01994665960609754,66.91000000000349,Gold,GC=F,₹/10g,Precious metal
2023-11-06,1981.5999755859375,1981.5999755859375,1977.4000244140625,1981.5999755859375,130,83.15850067138672,52980.17,52980.17,52867.88,52980.17,-0.006032638346379904,112.29000000000087,Gold,GC=F,₹/10g,Precious metal
2023-11-07,1966.800048828125,1966.800048828125,1960.699951171875,1966.5,20,83.2228012084961,52617.11,52625.14,52461.92,52625.14,-0.006701186500534084,163.22000000000116,Gold,GC=F,₹/10g,Precious metal
2023-11-08,1951.5,1967.800048828125,1947.699951171875,1967.800048828125,43,83.23269653320312,52658.16,52658.16,52120.28,52221.97,-0.00766116726720345,537.8800000000047,Gold,GC=F,₹/10g,Precious metal
2023-11-09,1964.199951171875,1964.199951171875,1945.300048828125,1951.699951171875,10,83.21769714355469,52217.91,52552.35,52046.68,52552.35,0.006326456087351717,505.66999999999825,Gold,GC=F,₹/10g,Precious metal
2023-11-10,1932.5999755859375,1959.5999755859375,1932.5999755859375,1959.5999755859375,375,83.31939697265625,52493.35,52493.35,51770.08,51770.08,-0.014885537944544724,723.2699999999968,Gold,GC=F,₹/10g,Precious metal
2023-11-13,1945.5,1947.199951171875,1934.0,1939.9000244140625,191,83.29889678955078,51952.85,52148.35,51794.84,52102.82,0.006427264551261969,353.51000000000204,Gold,GC=F,₹/10g,Precious metal
2023-11-14,1961.800048828125,1965.800048828125,1961.800048828125,1965.800048828125,2,83.19760131835938,52582.46,52582.46,52475.46,52475.46,0.007152012117578321,107.0,Gold,GC=F,₹/10g,Precious metal
2023-11-15,1960.0999755859375,1962.800048828125,1960.0,1962.800048828125,6,82.98159790039062,52365.9,52365.9,52291.2,52293.87,-0.0034604746675873654,74.70000000000437,Gold,GC=F,₹/10g,Precious metal
2023-11-16,1983.9000244140625,1983.9000244140625,1964.5999755859375,1965.300048828125,39,83.18620300292969,52561.88,53059.34,52543.16,53059.34,0.014637853346864516,516.179999999993,Gold,GC=F,₹/10g,Precious metal
2023-11-17,1981.5999755859375,1984.0,1979.800048828125,1982.5,32,83.12030029296875,52979.89,53019.97,52907.74,52955.84,-0.0019506462010270287,112.2300000000032,Gold,GC=F,₹/10g,Precious metal
2023-11-20,1977.699951171875,1979.4000244140625,1969.699951171875,1978.699951171875,182,83.29149627685547,52987.25,53005.99,52746.24,52960.47,8.743133901756295e-05,259.75,Gold,GC=F,₹/10g,Precious metal
2023-11-21,1999.300048828125,2005.5,1988.5,1990.699951171875,16,83.32219696044922,53328.24,53724.71,53269.31,53558.63,0.011294461699452363,455.40000000000146,Gold,GC=F,₹/10g,Precious metal
2023-11-22,1991.4000244140625,1999.4000244140625,1991.0,1999.0999755859375,6075,83.345703125,53568.37,53576.41,53351.33,53362.04,-0.003670556920518653,225.08000000000175,Gold,GC=F,₹/10g,Precious metal
2023-11-24,2002.199951171875,2002.199951171875,1991.5,1991.9000244140625,63,83.34400177001953,53374.35,53650.35,53363.63,53650.35,0.005402904386713869,286.72000000000116,Gold,GC=F,₹/10g,Precious metal
2023-11-27,2011.800048828125,2011.800048828125,2011.699951171875,2011.699951171875,228,83.31449890136719,53885.82,53888.51,53885.82,53888.51,0.004439113631131919,2.6900000000023283,Gold,GC=F,₹/10g,Precious metal
2023-11-28,2039.699951171875,2042.699951171875,2039.699951171875,2040.5999755859375,174665,83.364501953125,54692.75,54749.04,54668.63,54668.63,0.014476555391863544,80.41000000000349,Gold,GC=F,₹/10g,Precious metal
2023-11-29,2047.0999755859375,2052.10009765625,2036.0,2041.699951171875,15290,83.41809844970703,54757.42,55036.34,54604.55,54902.24,0.004273200188115167,431.7899999999936,Gold,GC=F,₹/10g,Precious metal
2023-11-30,2038.0999755859375,2047.0999755859375,2033.0999755859375,2046.0999755859375,2506,83.3302993774414,54817.66,54844.46,54469.38,54603.33,-0.005444404454171603,375.08000000000175,Gold,GC=F,₹/10g,Precious metal
2023-12-01,2071.0,2073.199951171875,2036.0,2038.300048828125,614,83.35269927978516,54623.37,55558.64,54561.74,55499.68,0.01641566549146356,996.9000000000015,Gold,GC=F,₹/10g,Precious metal
2023-12-04,2024.0999755859375,2130.199951171875,2021.0,2075.300048828125,1071,83.21859741210938,55525.44,56994.31,54072.62,54155.56,-0.024218518016680513,2921.689999999995,Gold,GC=F,₹/10g,Precious metal
2023-12-05,2018.5,2037.0,2010.199951171875,2035.0999755859375,289,83.41709899902344,54579.75,54630.71,53911.95,54134.56,-0.00038777181881233247,718.760000000002,Gold,GC=F,₹/10g,Precious metal
2023-12-06,2030.5,2035.800048828125,2019.0,2019.9000244140625,417,83.31590270996094,54106.38,54532.29,54082.28,54390.32,0.004724523483704335,450.01000000000204,Gold,GC=F,₹/10g,Precious metal
2023-12-07,2029.9000244140625,2034.9000244140625,2024.0,2029.199951171875,67,83.28959655761719,54338.34,54490.97,54199.09,54357.08,-0.0006111381584075204,291.88000000000466,Gold,GC=F,₹/10g,Precious metal
2023-12-08,1998.300048828125,2033.0999755859375,1995.0,2031.699951171875,449,83.35489654541016,54447.94,54485.46,53464.41,53552.85,-0.014795312772503677,1021.0499999999956,Gold,GC=F,₹/10g,Precious metal
2023-12-11,1978.0,2004.199951171875,1977.199951171875,2004.0999755859375,651,83.43009948730469,53756.73,53759.42,53035.19,53056.65,-0.00926561331469744,724.2299999999959,Gold,GC=F,₹/10g,Precious metal
2023-12-12,1977.800048828125,1994.199951171875,1977.800048828125,1984.199951171875,95,83.34349822998047,53167.7,53435.66,52996.21,52996.21,-0.001139159747175933,439.45000000000437,Gold,GC=F,₹/10g,Precious metal
2023-12-13,1982.300048828125,2024.800048828125,1975.0,1978.5,2252,83.39600372314453,53048.37,54289.78,52954.53,53150.26,0.0029068116380397413,1335.25,Gold,GC=F,₹/10g,Precious metal
2023-12-14,2030.199951171875,2040.0999755859375,2024.300048828125,2024.699951171875,236,83.2853012084961,54215.04,54627.4,54204.33,54362.31,0.022804215821333518,423.0699999999997,Gold,GC=F,₹/10g,Precious metal
2023-12-15,2021.0999755859375,2043.4000244140625,2018.300048828125,2032.5999755859375,261,83.29660034179688,54433.96,54723.19,54051.0,54125.98,-0.004347313423583299,672.1900000000023,Gold,GC=F,₹/10g,Precious metal
2023-12-18,2026.300048828125,2032.800048828125,2024.0,2024.300048828125,100,83.04170227050781,54045.79,54272.73,54037.78,54099.19,-0.0004949563961705872,234.95000000000437,Gold,GC=F,₹/10g,Precious metal
2023-12-19,2038.4000244140625,2042.699951171875,2025.199951171875,2025.199951171875,498,83.11119842529297,54115.07,54582.68,54115.07,54467.78,0.0068132258542132895,467.6100000000006,Gold,GC=F,₹/10g,Precious metal
2023-12-20,2034.5,2037.0999755859375,2030.300048828125,2037.0999755859375,258,83.09159851074219,54420.21,54420.21,54238.55,54350.75,-0.0021486096918214015,181.65999999999622,Gold,GC=F,₹/10g,Precious metal
2023-12-21,2039.0999755859375,2044.5,2033.0,2035.800048828125,228,83.26719665527344,54500.41,54733.32,54425.45,54588.76,0.00437914840181608,307.8700000000026,Gold,GC=F,₹/10g,Precious metal
2023-12-22,2057.10009765625,2068.699951171875,2052.199951171875,2055.699951171875,202,83.13159942626953,54943.54,55290.99,54849.99,54980.96,0.007184629216710592,441.0,Gold,GC=F,₹/10g,Precious metal
2023-12-26,2058.199951171875,2060.800048828125,2054.199951171875,2060.0,64,83.17230224609375,55085.42,55106.82,54930.33,55037.29,0.0010245364940881796,176.48999999999796,Gold,GC=F,₹/10g,Precious metal
2023-12-27,2081.89990234375,2081.89990234375,2064.800048828125,2067.300048828125,586,83.18280029296875,55287.61,55678.06,55220.75,55678.06,0.01164247004167529,457.3099999999977,Gold,GC=F,₹/10g,Precious metal
2023-12-28,2073.89990234375,2087.300048828125,2066.5,2081.60009765625,338,83.26719665527344,55726.53,55879.12,55322.28,55520.39,-0.0028318156200125566,556.8400000000038,Gold,GC=F,₹/10g,Precious metal
2023-12-29,2062.39990234375,2068.89990234375,2062.10009765625,2068.0,47,82.302001953125,54720.7,54744.52,54564.59,54572.52,-0.01707246652986416,179.9300000000003,Gold,GC=F,₹/10g,Precious metal
2024-01-02,2064.39990234375,2073.699951171875,2057.10009765625,2063.5,61,83.20259857177734,55199.11,55471.96,55027.91,55223.19,0.011923033790633086,444.04999999999563,Gold,GC=F,₹/10g,Precious metal
2024-01-03,2034.199951171875,2044.0,2034.199951171875,2034.199951171875,54,83.25700378417969,54450.91,54713.24,54450.91,54450.91,-0.013984704614130372,262.32999999999447,Gold,GC=F,₹/10g,Precious metal
2024-01-04,2042.300048828125,2044.5,2038.0,2041.5999755859375,88,83.31809997558594,54689.1,54766.78,54592.66,54707.85,0.004718745747316122,174.11999999999534,Gold,GC=F,₹/10g,Precious metal
2024-01-05,2042.4000244140625,2048.10009765625,2042.4000244140625,2044.5,12,83.2406005859375,54715.84,54812.19,54659.64,54659.64,-0.0008812263687935085,152.5500000000029,Gold,GC=F,₹/10g,Precious metal
2024-01-08,2026.5999755859375,2033.699951171875,2019.0999755859375,2019.0999755859375,10,83.19110107421875,54003.94,54394.44,54003.94,54204.54,-0.008326070204633607,390.5,Gold,GC=F,₹/10g,Precious metal
2024-01-09,2026.4000244140625,2035.800048828125,2026.4000244140625,2035.800048828125,27,83.05069732666016,54358.71,54358.71,54107.72,54107.72,-0.0017861972447326124,250.98999999999796,Gold,GC=F,₹/10g,Precious metal
2024-01-10,2021.699951171875,2035.5999755859375,2021.699951171875,2029.0,538,83.131103515625,54229.59,54405.99,54034.48,54034.48,-0.0013535961226974758,371.50999999999476,Gold,GC=F,₹/10g,Precious metal
2024-01-11,2014.300048828125,2025.0999755859375,2014.300048828125,2025.0999755859375,97,83.02559661865234,54056.66,54056.66,53768.37,53768.37,-0.004924818375230067,288.2900000000009,Gold,GC=F,₹/10g,Precious metal
2024-01-12,2046.699951171875,2057.0,2031.0999755859375,2031.0999755859375,390,83.07610321044922,54249.8,54941.58,54249.8,54666.47,0.016703128623761554,691.7799999999988,Gold,GC=F,₹/10g,Precious metal
2024-01-16,2026.0,2054.800048828125,2026.0,2051.699951171875,46,82.8593978881836,54657.07,54739.66,53972.43,53972.43,-0.012695899332808569,767.2300000000032,Gold,GC=F,₹/10g,Precious metal
2024-01-17,2002.5999755859375,2026.5,2002.5999755859375,2026.5,764,83.08899688720703,54135.34,54135.34,53496.88,53496.88,-0.008810979976258349,638.4599999999991,Gold,GC=F,₹/10g,Precious metal
2024-01-18,2018.5999755859375,2018.5999755859375,2009.5,2012.800048828125,1474,83.17759704589844,53826.7,53981.8,53738.45,53981.8,0.009064453852262178,243.35000000000582,Gold,GC=F,₹/10g,Precious metal
2024-01-19,2026.5,2036.0,2019.5,2023.199951171875,50,83.16059875488281,54093.76,54435.99,53994.83,54181.99,0.0037084721146756205,441.1599999999962,Gold,GC=F,₹/10g,Precious metal
2024-01-22,2019.800048828125,2021.300048828125,2019.800048828125,2021.300048828125,12,83.12470245361328,54019.63,54019.63,53979.55,53979.55,-0.003736296876508116,40.07999999999447,Gold,GC=F,₹/10g,Precious metal
2024-01-23,2023.699951171875,2030.300048828125,2022.5,2030.300048828125,15,83.09510040283203,54240.84,54240.84,54032.45,54064.51,0.00157392938622114,208.38999999999942,Gold,GC=F,₹/10g,Precious metal
2024-01-24,2013.9000244140625,2033.199951171875,2013.9000244140625,2023.199951171875,253,83.22139739990234,54133.31,54400.87,53884.47,53884.47,-0.003330095842910663,516.4000000000015,Gold,GC=F,₹/10g,Precious metal
2024-01-25,2016.9000244140625,2022.4000244140625,2012.0999755859375,2012.0999755859375,548,83.09760284423828,53756.23,54031.41,53756.23,53884.47,0.0,275.1800000000003,Gold,GC=F,₹/10g,Precious metal
2024-01-26,2016.800048828125,2022.4000244140625,2016.800048828125,2021.699951171875,49,83.14610290527344,54044.23,54062.94,53913.25,53913.25,0.000534105652333583,149.69000000000233,Gold,GC=F,₹/10g,Precious metal
2024-01-29,2025.199951171875,2025.199951171875,2025.199951171875,2025.199951171875,150708,83.12129974365234,54121.64,54121.64,54121.64,54121.64,0.003865283580566814,0.0,Gold,GC=F,₹/10g,Precious metal
2024-01-30,2031.5,2048.5,2028.0999755859375,2032.5,26907,83.1530990600586,54337.51,54765.26,54219.88,54310.78,0.0034947204112809604,545.3800000000047,Gold,GC=F,₹/10g,Precious metal
2024-01-31,2048.39990234375,2055.0,2030.0,2035.4000244140625,2007,83.10970306396484,54386.64,54910.36,54242.35,54734.0,0.007792559782790809,668.010000000002,Gold,GC=F,₹/10g,Precious metal
2024-02-01,2053.0,2064.5,2029.0,2040.199951171875,947,83.05359649658203,54478.1,55126.96,54179.03,54819.89,0.0015692257097965623,947.9300000000003,Gold,GC=F,₹/10g,Precious metal
2024-02-02,2036.0999755859375,2055.89990234375,2027.699951171875,2054.800048828125,888,82.92759704589844,54784.71,54814.04,54062.17,54286.13,-0.009736612021658653,751.8700000000026,Gold,GC=F,₹/10g,Precious metal
2024-02-05,2025.699951171875,2040.800048828125,2013.800048828125,2038.9000244140625,412,82.99929809570312,54407.79,54458.49,53738.0,54055.55,-0.00424749378892908,720.489999999998,Gold,GC=F,₹/10g,Precious metal
2024-02-06,2034.5,2037.300048828125,2025.9000244140625,2025.9000244140625,249,83.10369873046875,54128.89,54433.48,54128.89,54358.67,0.005607564810643728,304.5900000000038,Gold,GC=F,₹/10g,Precious metal
2024-02-07,2035.199951171875,2039.5,2032.699951171875,2032.800048828125,71,83.07060241699219,54291.61,54470.56,54288.94,54355.71,-5.4453135074794545e-05,181.61999999999534,Gold,GC=F,₹/10g,Precious metal
2024-02-08,2032.199951171875,2036.699951171875,2020.300048828125,2028.0,341,83.01260375976562,54125.6,54357.79,53920.09,54237.69,-0.002171253029350506,437.70000000000437,Gold,GC=F,₹/10g,Precious metal
2024-02-09,2023.300048828125,2032.0,2020.0,2032.0,62,82.98529815673828,54214.52,54214.52,53894.35,53982.4,-0.004706874500001734,320.16999999999825,Gold,GC=F,₹/10g,Precious metal
2024-02-12,2018.199951171875,2025.5,2011.5999755859375,2025.5,317,83.0145034790039,54060.11,54060.11,53689.13,53865.28,-0.0021695960164794803,370.9800000000032,Gold,GC=F,₹/10g,Precious metal
2024-02-13,1992.9000244140625,2025.800048828125,1990.0,2025.0999755859375,198,82.99019622802734,54033.61,54052.29,53097.08,53174.45,-0.01282514450867056,955.2099999999991,Gold,GC=F,₹/10g,Precious metal
2024-02-14,1990.300048828125,1993.5,1984.800048828125,1990.300048828125,1916,83.07460021972656,53159.09,53244.56,53012.19,53159.09,-0.00028886053358334607,232.36999999999534,Gold,GC=F,₹/10g,Precious metal
2024-02-15,2002.0999755859375,2007.199951171875,1993.5999755859375,1993.5999755859375,286,83.04309844970703,53227.04,53590.14,53227.04,53453.98,0.0055473109114547725,363.09999999999854,Gold,GC=F,₹/10g,Precious metal
2024-02-16,2011.5,2011.5,1996.5,2005.0,32,83.00959777832031,53509.81,53683.29,53282.96,53683.29,0.0042898583042834115,400.33000000000175,Gold,GC=F,₹/10g,Precious metal
2024-02-20,2027.5,2029.0,2015.5999755859375,2015.5999755859375,1326,83.02100372314453,53800.1,54157.77,53800.1,54117.73,0.008092648569042682,357.66999999999825,Gold,GC=F,₹/10g,Precious metal
2024-02-21,2022.300048828125,2028.199951171875,2022.300048828125,2028.199951171875,15,82.8291015625,54011.28,54011.28,53854.16,53854.16,-0.004870307753115255,157.11999999999534,Gold,GC=F,₹/10g,Precious metal
2024-02-22,2019.699951171875,2033.199951171875,2019.699951171875,2033.199951171875,964,82.93840026855469,54215.88,54215.88,53855.89,53855.89,3.2123795079108675e-05,359.98999999999796,Gold,GC=F,₹/10g,Precious metal
2024-02-23,2038.5999755859375,2038.5999755859375,2014.9000244140625,2026.0,22,82.87229919433594,53980.83,54316.55,53685.08,54316.55,0.008553567678484253,631.4700000000012,Gold,GC=F,₹/10g,Precious metal
2024-02-26,2028.5,2035.4000244140625,2024.800048828125,2034.0999755859375,143,82.88179779052734,54202.86,54237.5,53955.04,54053.64,-0.00484032951282809,282.4599999999991,Gold,GC=F,₹/10g,Precious metal
2024-02-27,2034.0,2035.9000244140625,2034.0,2035.9000244140625,964,82.85199737548828,54231.32,54231.32,54180.71,54180.71,0.0023508130072276145,50.61000000000058,Gold,GC=F,₹/10g,Precious metal
2024-02-28,2033.0,2037.0,2024.800048828125,2029.5,581,82.94819641113281,54123.61,54323.62,53998.27,54216.95,0.0006688727408703521,325.3500000000058,Gold,GC=F,₹/10g,Precious metal
2024-02-29,2045.699951171875,2049.800048828125,2034.300048828125,2034.300048828125,706,82.91190338134766,54227.88,54641.06,54227.88,54531.77,0.005806671160956123,413.1800000000003,Gold,GC=F,₹/10g,Precious metal
2024-03-01,2086.89990234375,2086.89990234375,2041.800048828125,2043.0999755859375,1210,82.910400390625,54461.47,55629.01,54426.82,55629.01,0.020121114718997912,1202.1900000000023,Gold,GC=F,₹/10g,Precious metal
2024-03-04,2117.699951171875,2119.800048828125,2080.699951171875,2083.60009765625,805,82.84609985351562,55497.98,56462.19,55420.73,56406.25,0.01397184670372531,1041.4599999999991,Gold,GC=F,₹/10g,Precious metal
2024-03-05,2133.5,2133.5,2111.39990234375,2114.89990234375,1287,82.9104995727539,56375.46,56871.27,56282.16,56871.27,0.008244121883656419,589.1099999999933,Gold,GC=F,₹/10g,Precious metal
2024-03-06,2150.300048828125,2150.300048828125,2125.5,2125.5,443,82.88480377197266,56640.46,57301.33,56640.46,57301.33,0.007561990439109323,660.8700000000026,Gold,GC=F,₹/10g,Precious metal
2024-03-07,2158.0,2163.0,2147.0,2147.0,152,82.81909942626953,57168.04,57594.07,57168.04,57460.93,0.0027852756646311594,426.02999999999884,Gold,GC=F,₹/10g,Precious metal
2024-03-08,2178.60009765625,2194.89990234375,2166.300048828125,2167.300048828125,259,82.7522964477539,57662.02,58396.32,57635.41,57962.66,0.008731672111815802,760.9099999999962,Gold,GC=F,₹/10g,Precious metal
2024-03-11,2182.5,2184.0,2177.199951171875,2181.0,738,82.7520980834961,58026.37,58106.19,57925.27,58066.28,0.0017877026347650204,180.92000000000553,Gold,GC=F,₹/10g,Precious metal
2024-03-12,2160.39990234375,2182.699951171875,2160.39990234375,2182.5,550,82.7782974243164,58084.66,58089.99,57496.5,57496.5,-0.009812579693412427,593.489999999998,Gold,GC=F,₹/10g,Precious metal
2024-03-13,2175.39990234375,2175.39990234375,2162.5,2162.5,20,82.83509826660156,57591.88,57935.43,57591.88,57935.43,0.007634029897471972,343.5500000000029,Gold,GC=F,₹/10g,Precious metal
2024-03-14,2163.0,2163.0,2162.300048828125,2163.0,515,82.83110046386719,57602.41,57602.41,57583.77,57602.41,-0.005748123384947679,18.640000000006694,Gold,GC=F,₹/10g,Precious metal
2024-03-15,2157.300048828125,2161.699951171875,2157.300048828125,2161.699951171875,100,82.9655990600586,57661.27,57661.27,57543.91,57543.91,-0.0010155825077458047,117.3599999999933,Gold,GC=F,₹/10g,Precious metal
2024-03-18,2160.699951171875,2160.699951171875,2146.199951171875,2146.199951171875,21,82.88890075683594,57194.9,57581.32,57194.9,57581.32,0.0006501122360298428,386.41999999999825,Gold,GC=F,₹/10g,Precious metal
2024-03-19,2156.300048828125,2156.300048828125,2156.10009765625,2156.10009765625,12,82.86360168457031,57441.19,57446.52,57441.19,57446.52,-0.0023410369890791705,5.32999999999447,Gold,GC=F,₹/10g,Precious metal
2024-03-20,2157.89990234375,2185.89990234375,2150.89990234375,2157.300048828125,17,83.04239654541016,57597.17,58360.75,57426.3,57613.19,0.0029013071636019294,934.4499999999971,Gold,GC=F,₹/10g,Precious metal
2024-03-21,2182.39990234375,2211.60009765625,2182.39990234375,2207.0,63,83.05460357666016,58932.76,59055.59,58275.87,58275.87,0.011502227180963276,779.7199999999939,Gold,GC=F,₹/10g,Precious metal
2024-03-22,2158.10009765625,2179.60009765625,2157.5,2179.199951171875,19,83.22660064697266,58310.93,58321.64,57730.28,57746.34,-0.00908660823081675,591.3600000000006,Gold,GC=F,₹/10g,Precious metal
2024-03-25,2174.800048828125,2179.39990234375,2166.199951171875,2166.199951171875,79,83.59359741210938,58218.67,58573.43,58218.67,58449.81,0.01218207075980926,354.76000000000204,Gold,GC=F,₹/10g,Precious metal
2024-03-26,2175.60009765625,2182.699951171875,2175.60009765625,2182.699951171875,202373,83.41739654541016,58538.48,58538.48,58348.06,58348.06,-0.0017408097648221599,190.42000000000553,Gold,GC=F,₹/10g,Precious metal
2024-03-27,2190.60009765625,2196.199951171875,2172.10009765625,2179.39990234375,31200,83.34549713134766,58399.59,58849.77,58203.98,58699.71,0.0060267642146114575,645.7899999999936,Gold,GC=F,₹/10g,Precious metal
2024-03-28,2217.39990234375,2234.10009765625,2187.10009765625,2193.60009765625,2040,83.36499786376953,58793.86,59879.35,58619.64,59431.75,0.012470930435601879,1259.7099999999991,Gold,GC=F,₹/10g,Precious metal
2024-04-01,2236.5,2264.199951171875,2230.0,2235.699951171875,400,83.36479949951172,59922.09,60685.96,59769.32,59943.53,0.00861122211612475,916.6399999999994,Gold,GC=F,₹/10g,Precious metal
2024-04-02,2261.0,2279.199951171875,2247.60009765625,2252.0,435,83.40969848632812,60391.48,61120.9,60273.49,60632.83,0.011499155955613682,847.4100000000035,Gold,GC=F,₹/10g,Precious metal
2024-04-03,2294.39990234375,2298.800048828125,2267.89990234375,2281.699951171875,285,83.35030364990234,61144.37,61602.61,60774.56,61484.7,0.014049649340134529,828.0500000000029,Gold,GC=F,₹/10g,Precious metal
2024-04-04,2288.800048828125,2302.89990234375,2280.0,2301.699951171875,251,83.37329864501953,61697.34,61729.5,61115.67,61351.56,-0.00216541676221893,613.8300000000017,Gold,GC=F,₹/10g,Precious metal
2024-04-05,2325.699951171875,2328.39990234375,2267.39990234375,2289.199951171875,344,83.47779846191406,61439.19,62491.26,60854.1,62418.8,0.017395482690252706,1637.1600000000035,Gold,GC=F,₹/10g,Precious metal
2024-04-08,2331.699951171875,2341.800048828125,2319.0,2325.60009765625,202,83.29679870605469,62280.79,62714.63,62104.03,62444.14,0.00040596743288867643,610.5999999999985,Gold,GC=F,₹/10g,Precious metal
2024-04-09,2343.5,2364.699951171875,2337.800048828125,2337.800048828125,211,83.26959991455078,62587.06,63307.22,62587.06,62739.66,0.004732549763676763,720.1600000000035,Gold,GC=F,₹/10g,Precious metal
2024-04-10,2329.60009765625,2358.10009765625,2327.699951171875,2346.60009765625,377,83.22429656982422,62788.48,63096.19,62282.76,62333.61,-0.006471982793658793,813.4300000000003,Gold,GC=F,₹/10g,Precious metal
2024-04-11,2354.800048828125,2376.300048828125,2330.60009765625,2341.5,283,83.4126968383789,62793.84,63727.1,62501.53,63150.52,0.013105449852816031,1225.5699999999997,Gold,GC=F,₹/10g,Precious metal
2024-04-12,2356.199951171875,2429.0,2334.300048828125,2377.300048828125,584,83.34929656982422,63705.46,65090.89,62553.17,63140.04,-0.00016595271107822107,2537.720000000001,Gold,GC=F,₹/10g,Precious metal
2024-04-15,2365.800048828125,2384.699951171875,2326.0,2362.10009765625,1801,83.61109924316406,63496.97,64104.48,62526.54,63596.43,0.007228218417346666,1577.9400000000023,Gold,GC=F,₹/10g,Precious metal
2024-04-16,2390.800048828125,2390.800048828125,2371.39990234375,2384.0,41,83.50599670410156,64005.11,64187.68,63666.83,64187.68,0.009296905502400143,520.8499999999985,Gold,GC=F,₹/10g,Precious metal
2024-04-17,2371.699951171875,2391.39990234375,2369.300048828125,2384.199951171875,37,83.6675033569336,64134.28,64327.96,63733.48,63798.03,-0.0060704795686649105,594.4799999999959,Gold,GC=F,₹/10g,Precious metal
2024-04-18,2382.300048828125,2384.39990234375,2368.39990234375,2368.39990234375,128,83.5958023071289,63654.67,64084.69,63654.67,64028.26,0.00360873211915802,430.0200000000041,Gold,GC=F,₹/10g,Precious metal
2024-04-19,2398.39990234375,2399.800048828125,2377.300048828125,2379.300048828125,160,83.54499816894531,63908.76,64459.4,63855.04,64421.79,0.0061461923219527925,604.3600000000006,Gold,GC=F,₹/10g,Precious metal
2024-04-22,2332.199951171875,2383.300048828125,2326.89990234375,2383.300048828125,53,83.38529968261719,63893.83,63893.83,62381.8,62523.89,-0.029460528805548614,1512.0299999999988,Gold,GC=F,₹/10g,Precious metal
2024-04-23,2327.699951171875,2330.800048828125,2294.199951171875,2327.699951171875,171,83.38619995117188,62403.93,62487.04,61505.82,62403.93,-0.0019186266241592032,981.2200000000012,Gold,GC=F,₹/10g,Precious metal
2024-04-24,2324.5,2328.699951171875,2314.60009765625,2321.300048828125,95,83.2833023071289,62155.56,62353.7,61976.16,62241.24,-0.002607047344614366,377.5399999999936,Gold,GC=F,₹/10g,Precious metal
2024-04-25,2329.800048828125,2329.800048828125,2305.0,2315.0,1024,83.3405990600586,62029.51,62426.07,61761.56,62426.07,0.002969574513618234,664.510000000002,Gold,GC=F,₹/10g,Precious metal
2024-04-26,2334.800048828125,2347.89990234375,2332.800048828125,2347.89990234375,717,83.30180358886719,62881.76,62881.76,62477.36,62530.92,0.0016795867495742467,404.40000000000146,Gold,GC=F,₹/10g,Precious metal
2024-04-29,2345.39990234375,2345.5,2327.89990234375,2334.800048828125,405,83.40229797363281,62606.36,62893.27,62421.34,62890.59,0.005751874432680548,471.9300000000003,Gold,GC=F,₹/10g,Precious metal
2024-04-30,2291.39990234375,2322.5,2291.39990234375,2322.5,113,83.45110321044922,62312.98,62312.98,61478.56,61478.56,-0.022452166532385798,834.4200000000055,Gold,GC=F,₹/10g,Precious metal
2024-05-01,2299.89990234375,2327.300048828125,2283.800048828125,2287.699951171875,42,83.49839782714844,61414.08,62477.16,61309.38,61741.59,0.004278402096600908,1167.780000000006,Gold,GC=F,₹/10g,Precious metal
2024-05-02,2299.199951171875,2324.699951171875,2292.300048828125,2321.699951171875,56,83.40640258789062,62258.15,62338.6,61469.77,61654.8,-0.0014056975209092437,868.8300000000017,Gold,GC=F,₹/10g,Precious metal
2024-05-03,2299.0,2301.0,2277.60009765625,2300.0,194,83.40630340576172,61676.18,61702.99,61075.51,61649.36,-8.82331951446158e-05,627.4799999999959,Gold,GC=F,₹/10g,Precious metal
2024-05-06,2321.60009765625,2325.5,2314.199951171875,2322.800048828125,9,83.37999725341797,62267.93,62340.31,62037.39,62235.76,0.009511858679473795,302.91999999999825,Gold,GC=F,₹/10g,Precious metal
2024-05-07,2315.199951171875,2324.300048828125,2315.199951171875,2324.300048828125,25,83.4728012084961,62377.49,62377.49,62133.27,62133.27,-0.0016468024171313322,244.22000000000116,Gold,GC=F,₹/10g,Precious metal
2024-05-08,2313.60009765625,2313.60009765625,2313.60009765625,2313.60009765625,4,83.46990203857422,62088.18,62088.18,62088.18,62088.18,-0.0007256981646064364,0.0,Gold,GC=F,₹/10g,Precious metal
2024-05-09,2332.10009765625,2339.5,2310.699951171875,2310.699951171875,5,83.46430206298828,62006.19,62779.02,62006.19,62580.45,0.007928562248080029,772.8299999999945,Gold,GC=F,₹/10g,Precious metal
2024-05-10,2367.300048828125,2367.300048828125,2367.300048828125,2367.300048828125,126,83.45939636230469,63521.29,63521.29,63521.29,63521.29,0.015034088121769651,0.0,Gold,GC=F,₹/10g,Precious metal
2024-05-13,2336.10009765625,2358.300048828125,2336.10009765625,2358.300048828125,14,83.5248031616211,63329.38,63329.38,62733.23,62733.23,-0.012406234193291676,596.1499999999942,Gold,GC=F,₹/10g,Precious metal
2024-05-14,2353.39990234375,2358.0,2336.0,2336.0,6,83.50550079345703,62716.04,63306.69,62716.04,63183.19,0.007172594173773694,590.6500000000015,Gold,GC=F,₹/10g,Precious metal
2024-05-15,2388.699951171875,2388.699951171875,2356.0,2361.60009765625,29,83.52420043945312,63417.54,64145.27,63267.16,64145.27,0.015226834859081828,878.1099999999933,Gold,GC=F,₹/10g,Precious metal
2024-05-16,2380.0,2392.199951171875,2380.0,2389.5,7,83.40509796142578,64075.26,64147.66,63820.51,63820.51,-0.005062883046559663,327.15000000000146,Gold,GC=F,₹/10g,Precious metal
2024-05-17,2412.199951171875,2415.800048828125,2380.699951171875,2380.699951171875,213,83.47010040283203,63889.04,64830.99,63889.04,64734.38,0.014319377892780816,941.9499999999971,Gold,GC=F,₹/10g,Precious metal
2024-05-20,2433.89990234375,2435.800048828125,2409.699951171875,2415.800048828125,40,83.30039978027344,64699.18,65234.82,64535.81,65183.93,0.0069445324107531015,699.010000000002,Gold,GC=F,₹/10g,Precious metal
2024-05-21,2421.699951171875,2429.5,2421.0,2429.5,6,83.31500244140625,65077.5,65077.5,64849.81,64868.56,-0.004838155661986088,227.69000000000233,Gold,GC=F,₹/10g,Precious metal
2024-05-22,2389.199951171875,2417.60009765625,2375.800048828125,2417.5,180,83.31680297851562,64757.46,64760.14,63640.45,63999.39,-0.01339894087366822,1119.6900000000023,Gold,GC=F,₹/10g,Precious metal
2024-05-23,2335.0,2371.199951171875,2335.0,2371.199951171875,365,83.26709747314453,63479.33,63479.33,62510.22,62510.22,-0.023268503027919496,969.1100000000006,Gold,GC=F,₹/10g,Precious metal
2024-05-24,2332.5,2345.39990234375,2332.5,2342.60009765625,25,83.2863998413086,62728.22,62803.19,62457.77,62457.77,-0.0008390627964516284,345.42000000000553,Gold,GC=F,₹/10g,Precious metal
2024-05-28,2355.199951171875,2359.699951171875,2336.89990234375,2336.89990234375,26,83.14569854736328,62469.87,63079.36,62469.87,62959.07,0.008026223158463797,609.489999999998,Gold,GC=F,₹/10g,Precious metal
2024-05-29,2340.300048828125,2340.300048828125,2340.300048828125,2340.300048828125,119317,83.20649719238281,62606.51,62606.51,62606.51,62606.51,-0.005599828587048661,0.0,Gold,GC=F,₹/10g,Precious metal
2024-05-30,2342.89990234375,2349.5,2320.800048828125,2336.89990234375,32587,83.3656005859375,62635.09,62972.81,62203.58,62795.91,0.0030252444993339456,769.2299999999959,Gold,GC=F,₹/10g,Precious metal
2024-05-31,2322.89990234375,2354.0,2319.0,2344.10009765625,941,83.3208999633789,62794.39,63059.59,62122.0,62226.47,-0.009068106505662588,937.5899999999965,Gold,GC=F,₹/10g,Precious metal
2024-06-03,2346.60009765625,2347.5,2312.0,2322.60009765625,781,83.45079803466797,62315.44,62983.51,62031.04,62959.36,0.011777785241553929,952.4700000000012,Gold,GC=F,₹/10g,Precious metal
2024-06-04,2325.5,2347.699951171875,2313.89990234375,2347.5,890,83.09339904785156,62713.76,62719.11,61816.13,62126.03,-0.013235998587025066,902.9800000000032,Gold,GC=F,₹/10g,Precious metal
2024-06-05,2354.10009765625,2354.300048828125,2326.199951171875,2326.39990234375,295,83.62940216064453,62550.98,63301.14,62545.6,63295.77,0.01882850071057174,755.5400000000009,Gold,GC=F,₹/10g,Precious metal
2024-06-06,2370.300048828125,2375.800048828125,2355.0,2355.0,179,83.38079833984375,63131.73,63689.33,63131.73,63541.89,0.0038884115004842457,557.5999999999985,Gold,GC=F,₹/10g,Precious metal
2024-06-07,2305.199951171875,2385.10009765625,2285.39990234375,2379.89990234375,269,83.47309875488281,63869.86,64009.42,61333.74,61865.12,-0.02638841872660691,2675.6800000000003,Gold,GC=F,₹/10g,Precious metal
2024-06-10,2307.699951171875,2309.300048828125,2290.5,2290.60009765625,69,83.52760314941406,61513.44,62015.62,61510.75,61972.65,0.0017381361258168582,504.8700000000026,Gold,GC=F,₹/10g,Precious metal
2024-06-11,2307.5,2314.10009765625,2300.0,2300.0,871,83.52980041503906,61767.5,62146.16,61767.5,61968.91,-6.0349202430365345e-05,378.6600000000035,Gold,GC=F,₹/10g,Precious metal
2024-06-12,2336.0,2338.699951171875,2310.300048828125,2314.89990234375,132,83.5968017578125,62217.51,62857.18,62093.88,62784.62,0.013163213617925384,763.3000000000029,Gold,GC=F,₹/10g,Precious metal
2024-06-13,2300.199951171875,2317.699951171875,2296.199951171875,2309.39990234375,298,83.5343017578125,62023.28,62246.19,61668.77,61776.2,-0.016061576863888094,577.4200000000055,Gold,GC=F,₹/10g,Precious metal
2024-06-14,2331.39990234375,2331.39990234375,2305.800048828125,2307.0,948,83.52210235595703,61949.78,62604.99,61917.56,62604.99,0.013416008106681865,687.4300000000003,Gold,GC=F,₹/10g,Precious metal
2024-06-17,2312.39990234375,2320.199951171875,2309.60009765625,2320.199951171875,110,83.55180358886719,62326.39,62326.39,62041.65,62116.86,-0.007796982317224144,284.73999999999796,Gold,GC=F,₹/10g,Precious metal
2024-06-18,2330.39990234375,2330.39990234375,2311.800048828125,2311.800048828125,43,83.51010131835938,62069.75,62569.14,62069.75,62569.14,0.0072811149823091,499.3899999999994,Gold,GC=F,₹/10g,Precious metal
2024-06-20,2353.800048828125,2354.0,2328.300048828125,2328.89990234375,183,83.41950225830078,62461.03,63134.22,62444.94,63128.85,0.008945464169716866,689.2799999999988,Gold,GC=F,₹/10g,Precious metal
2024-06-21,2316.39990234375,2331.199951171875,2316.39990234375,2331.199951171875,76,83.60160064697266,62659.2,62659.2,62261.4,62261.4,-0.01374094411667559,397.79999999999563,Gold,GC=F,₹/10g,Precious metal
2024-06-24,2330.0,2332.89990234375,2322.699951171875,2323.300048828125,99,83.5625,62417.66,62675.57,62401.54,62597.66,0.005400778010131502,274.02999999999884,Gold,GC=F,₹/10g,Precious metal
2024-06-25,2316.60009765625,2333.0,2316.60009765625,2324.39990234375,105,83.46040344238281,62370.91,62601.68,62161.61,62161.61,-0.006965915339327444,440.0699999999997,Gold,GC=F,₹/10g,Precious metal
2024-06-26,2299.199951171875,2314.39990234375,2298.0,2307.89990234375,986,83.41459655761719,61894.17,62068.49,61628.67,61660.85,-0.008055775904131202,439.8199999999997,Gold,GC=F,₹/10g,Precious metal
2024-06-27,2324.5,2329.0,2295.0,2296.800048828125,1532,83.58039855957031,61718.93,62584.19,61670.56,62463.27,0.013013443700500282,913.6300000000047,Gold,GC=F,₹/10g,Precious metal
2024-06-28,2327.699951171875,2338.300048828125,2319.0,2325.39990234375,92,83.45089721679688,62390.63,62736.75,62218.92,62452.34,-0.00017498283391181868,517.8300000000017,Gold,GC=F,₹/10g,Precious metal
2024-07-01,2327.60009765625,2329.699951171875,2321.699951171875,2323.800048828125,237,83.36750030517578,62285.4,62443.54,62229.11,62387.26,-0.001042074644440727,214.4300000000003,Gold,GC=F,₹/10g,Precious metal
2024-07-02,2323.0,2334.60009765625,2323.0,2330.699951171875,30,83.44129943847656,62525.64,62630.27,62319.08,62319.08,-0.0010928513289412134,311.18999999999505,Gold,GC=F,₹/10g,Precious metal
2024-07-03,2359.800048828125,2361.60009765625,2330.89990234375,2330.89990234375,59,83.4791030883789,62559.34,63383.3,62559.34,63334.99,0.016301748998861942,823.9600000000064,Gold,GC=F,₹/10g,Precious metal
2024-07-05,2388.5,2388.5,2354.89990234375,2354.89990234375,72,83.49340057373047,63214.3,64116.25,63214.3,64116.25,0.012335361543437617,901.9499999999971,Gold,GC=F,₹/10g,Precious metal
2024-07-08,2355.199951171875,2383.800048828125,2352.800048828125,2381.699951171875,64,83.47209930419922,63917.4,63973.76,63141.82,63206.23,-0.014193281734349639,831.9400000000023,Gold,GC=F,₹/10g,Precious metal
2024-07-09,2360.10009765625,2363.699951171875,2360.10009765625,2363.10009765625,9,83.45760345458984,63407.23,63423.32,63326.73,63326.73,0.0019064576387486376,96.58999999999651,Gold,GC=F,₹/10g,Precious metal
2024-07-10,2372.199951171875,2377.0,2365.800048828125,2366.300048828125,19,83.49299621582031,63520.02,63807.24,63506.59,63678.39,0.005553105300084127,300.65000000000146,Gold,GC=F,₹/10g,Precious metal
2024-07-11,2415.0,2416.699951171875,2378.699951171875,2378.699951171875,72,83.49590301513672,63855.1,64875.19,63855.1,64829.55,0.01807771835939964,1020.0900000000038,Gold,GC=F,₹/10g,Precious metal
2024-07-12,2414.0,2414.0,2391.300048828125,2399.800048828125,355,83.51850128173828,64438.95,64820.25,64210.71,64820.25,-0.00014345310124785904,609.5400000000009,Gold,GC=F,₹/10g,Precious metal
2024-07-15,2422.89990234375,2436.0,2422.89990234375,2430.0,540,83.52030181884766,65251.28,65412.4,65060.63,65060.63,0.003708409023414738,351.7700000000041,Gold,GC=F,₹/10g,Precious metal
2024-07-16,2462.39990234375,2462.39990234375,2427.39990234375,2427.39990234375,93,83.58760070800781,65233.99,66174.58,65233.99,66174.58,0.01712172169251991,940.5900000000038,Gold,GC=F,₹/10g,Precious metal
2024-07-17,2454.800048828125,2473.10009765625,2454.800048828125,2472.89990234375,10,83.52960205078125,66410.64,66416.02,65924.57,65924.57,-0.0037780368232029904,491.4499999999971,Gold,GC=F,₹/10g,Precious metal
2024-07-18,2451.800048828125,2466.0,2451.800048828125,2466.0,2,83.57209777832031,66259.04,66259.04,65877.5,65877.5,-0.0007139978311577755,381.5399999999936,Gold,GC=F,₹/10g,Precious metal
2024-07-19,2395.5,2419.199951171875,2395.5,2418.800048828125,15,83.67430114746094,65070.3,65081.06,64443.48,64443.48,-0.021767978444840796,637.5799999999945,Gold,GC=F,₹/10g,Precious metal
2024-07-22,2392.0,2402.10009765625,2392.0,2402.10009765625,18,83.73030090332031,64664.29,64664.29,64392.39,64392.39,-0.0007927877265474503,271.90000000000146,Gold,GC=F,₹/10g,Precious metal
2024-07-23,2404.60009765625,2404.60009765625,2388.699951171875,2395.800048828125,41,83.67130279541016,64449.25,64685.98,64258.25,64685.98,0.004559389704280381,427.7300000000032,Gold,GC=F,₹/10g,Precious metal
2024-07-24,2413.300048828125,2421.0,2411.60009765625,2421.0,6,83.70680236816406,65154.78,65154.78,64901.81,64947.56,0.004043843812832293,252.97000000000116,Gold,GC=F,₹/10g,Precious metal
2024-07-25,2351.89990234375,2365.5,2351.89990234375,2365.5,31,83.74299621582031,63688.67,63688.67,63322.5,63322.5,-0.02502110933805668,366.16999999999825,Gold,GC=F,₹/10g,Precious metal
2024-07-26,2380.0,2386.89990234375,2368.699951171875,2368.699951171875,95,83.73760223388672,63770.72,64260.7,63770.72,64074.94,0.011882664139918786,489.9799999999959,Gold,GC=F,₹/10g,Precious metal
2024-07-29,2377.300048828125,2377.300048828125,2377.300048828125,2377.300048828125,126409,83.72779846191406,63994.76,63994.76,63994.76,63994.76,-0.0012513472505787382,0.0,Gold,GC=F,₹/10g,Precious metal
2024-07-30,2405.0,2409.300048828125,2373.800048828125,2380.89990234375,25944,83.75050354003906,64109.04,64873.76,63917.87,64757.97,0.011926132702114955,955.8899999999994,Gold,GC=F,₹/10g,Precious metal
2024-07-31,2426.5,2447.60009765625,2402.800048828125,2407.10009765625,1313,83.73899841308594,64805.62,65895.99,64689.85,65327.91,0.008801078847900934,1206.1400000000067,Gold,GC=F,₹/10g,Precious metal
2024-08-01,2435.0,2455.10009765625,2430.39990234375,2446.699951171875,690,83.7177963256836,65855.07,66081.17,65416.34,65540.16,0.0032489941894666696,664.8300000000017,Gold,GC=F,₹/10g,Precious metal
2024-08-02,2425.699951171875,2477.0,2416.0,2444.0,550,83.743896484375,65802.91,66691.41,65049.03,65310.2,-0.003508688413333183,1642.3800000000047,Gold,GC=F,₹/10g,Precious metal
2024-08-05,2401.699951171875,2449.800048828125,2367.39990234375,2442.0,334,83.73529815673828,65742.31,65952.3,63733.96,64657.37,-0.00999583526003589,2218.340000000004,Gold,GC=F,₹/10g,Precious metal
2024-08-06,2389.10009765625,2421.800048828125,2380.0,2414.5,163,84.00260162353516,65209.47,65406.63,64277.72,64523.49,-0.0020706069547834494,1128.9099999999962,Gold,GC=F,₹/10g,Precious metal
2024-08-07,2390.5,2401.0,2384.5,2392.199951171875,130,83.93489837646484,64555.13,64792.61,64347.35,64509.26,-0.0002205398375071388,445.26000000000204,Gold,GC=F,₹/10g,Precious metal
2024-08-08,2422.199951171875,2422.800048828125,2384.300048828125,2384.300048828125,201,83.94239807128906,64347.7,65386.74,64347.7,65370.54,0.013351261508812717,1039.0400000000009,Gold,GC=F,₹/10g,Precious metal
2024-08-09,2432.10009765625,2432.10009765625,2418.5,2422.300048828125,611,83.98899841308594,65409.54,65674.17,65306.92,65674.17,0.004644752819848108,367.25,Gold,GC=F,₹/10g,Precious metal
2024-08-12,2462.39990234375,2469.800048828125,2432.0,2432.699951171875,566,83.94979858398438,65659.71,66661.06,65640.82,66461.32,0.01198568630559027,1020.2399999999907,Gold,GC=F,₹/10g,Precious metal
2024-08-13,2466.699951171875,2470.0,2456.5,2461.0,510,83.88999938964844,66376.22,66618.97,66254.85,66529.96,0.001032781172567665,364.11999999999534,Gold,GC=F,₹/10g,Precious metal
2024-08-14,2439.39990234375,2472.10009765625,2439.39990234375,2468.0,274,83.88200378417969,66558.68,66669.25,65787.37,65787.37,-0.011161738260477061,881.8800000000047,Gold,GC=F,₹/10g,Precious metal
2024-08-15,2453.10009765625,2467.699951171875,2431.199951171875,2451.800048828125,285,83.97149658203125,66192.33,66621.59,65636.18,66227.43,0.0066891258914894,985.4100000000035,Gold,GC=F,₹/10g,Precious metal
2024-08-16,2498.60009765625,2508.0,2451.39990234375,2453.5,197,83.94830322265625,66219.93,67690.89,66163.25,67437.18,0.018266600410132172,1527.6399999999994,Gold,GC=F,₹/10g,Precious metal
2024-08-19,2501.800048828125,2508.5,2487.199951171875,2508.5,88,83.88980102539062,67657.2,67657.2,67082.71,67476.49,0.0005829128679464279,574.4899999999907,Gold,GC=F,₹/10g,Precious metal
2024-08-20,2511.300048828125,2527.300048828125,2500.699951171875,2503.5,187,83.87860107421875,67513.33,68155.16,67437.82,67723.68,0.0036633500053127044,717.3399999999965,Gold,GC=F,₹/10g,Precious metal
2024-08-21,2508.39990234375,2515.39990234375,2503.89990234375,2511.0,96,83.77940368652344,67635.5,67754.02,67444.26,67565.47,-0.002336110500787747,309.7600000000093,Gold,GC=F,₹/10g,Precious metal
2024-08-22,2478.89990234375,2504.10009765625,2471.10009765625,2504.10009765625,210,83.88860321044922,67537.56,67537.56,66647.53,66857.89,-0.01047250910857278,890.0299999999988,Gold,GC=F,₹/10g,Precious metal
2024-08-23,2508.39990234375,2508.39990234375,2486.5,2486.5,94,83.94059753417969,67104.44,67695.46,67104.44,67695.46,0.01252761641146627,591.0200000000041,Gold,GC=F,₹/10g,Precious metal
2024-08-26,2517.699951171875,2523.10009765625,2509.10009765625,2509.89990234375,290,83.81379699707031,67633.62,67989.33,67612.07,67843.81,0.0021914320399032405,377.25999999999476,Gold,GC=F,₹/10g,Precious metal
2024-08-27,2516.0,2523.10009765625,2506.89990234375,2515.199951171875,100,83.88369750976562,67832.97,68046.03,67609.12,67854.54,0.00015815739121949335,436.9100000000035,Gold,GC=F,₹/10g,Precious metal
2024-08-28,2501.0,2501.0,2501.0,2501.0,2353,83.92160034179688,67480.48,67480.48,67480.48,67480.48,-0.005512674612487167,0.0,Gold,GC=F,₹/10g,Precious metal
2024-08-29,2525.699951171875,2525.699951171875,2503.89990234375,2504.10009765625,3966,83.94149780273438,67580.15,68163.08,67574.75,68163.08,0.01011551785049547,588.3300000000017,Gold,GC=F,₹/10g,Precious metal
2024-08-30,2493.800048828125,2525.39990234375,2493.800048828125,2519.5,208,83.89510345458984,67958.18,68117.31,67264.97,67264.97,-0.013175901088976594,852.3399999999965,Gold,GC=F,₹/10g,Precious metal
2024-09-03,2489.89990234375,2501.800048828125,2476.300048828125,2501.60009765625,206,83.92729949951172,67501.26,67506.65,66818.58,67185.55,-0.0011807037154702993,688.0699999999924,Gold,GC=F,₹/10g,Precious metal
2024-09-04,2493.39990234375,2493.39990234375,2483.5,2490.89990234375,470,83.95030212402344,67230.95,67298.43,67031.23,67298.43,0.0016801231812493267,267.1999999999971,Gold,GC=F,₹/10g,Precious metal
2024-09-05,2511.39990234375,2513.300048828125,2493.39990234375,2493.699951171875,54,83.98249816894531,67332.34,67861.56,67324.24,67810.26,0.007605378015504982,537.3199999999924,Gold,GC=F,₹/10g,Precious metal
2024-09-06,2493.5,2517.89990234375,2483.699951171875,2510.300048828125,96,83.98359680175781,67781.45,67986.65,67063.21,67327.82,-0.007114557590547355,923.4399999999878,Gold,GC=F,₹/10g,Precious metal
2024-09-09,2501.800048828125,2504.699951171875,2491.300048828125,2491.300048828125,96,83.98259735107422,67267.62,67629.43,67267.62,67551.13,0.003316756728496406,361.8099999999977,Gold,GC=F,₹/10g,Precious metal
2024-09-10,2512.300048828125,2512.300048828125,2512.300048828125,2512.300048828125,5,83.98090362548828,67833.28,67833.28,67833.28,67833.28,0.004176836123984895,0.0,Gold,GC=F,₹/10g,Precious metal
2024-09-11,2512.10009765625,2525.800048828125,2502.300048828125,2525.800048828125,90,83.98200225830078,68198.67,68198.67,67564.15,67828.76,-6.663395902428704e-05,634.5200000000041,Gold,GC=F,₹/10g,Precious metal
2024-09-12,2551.199951171875,2557.0,2523.39990234375,2529.10009765625,132,83.99259948730469,68296.39,69049.81,68142.47,68893.18,0.01569275333943887,907.3399999999965,Gold,GC=F,₹/10g,Precious metal
2024-09-13,2581.300048828125,2581.800048828125,2565.0,2568.800048828125,31,83.93479919433594,69320.72,69671.54,69218.18,69658.05,0.0111022600495434,453.3600000000006,Gold,GC=F,₹/10g,Precious metal
2024-09-16,2580.39990234375,2580.39990234375,2580.39990234375,2580.39990234375,28,83.88480377197266,69592.28,69592.28,69592.28,69592.28,-0.0009441837662697017,0.0,Gold,GC=F,₹/10g,Precious metal
2024-09-17,2564.300048828125,2581.800048828125,2564.300048828125,2581.199951171875,22,83.88400268554688,69613.19,69629.37,69157.41,69157.41,-0.006248825300737337,471.95999999999185,Gold,GC=F,₹/10g,Precious metal
2024-09-18,2570.699951171875,2570.699951171875,2549.199951171875,2570.699951171875,25,83.77059936523438,69236.28,69236.28,68657.23,69236.28,0.001140441783461732,579.0500000000029,Gold,GC=F,₹/10g,Precious metal
2024-09-19,2588.0,2588.0,2566.0,2566.0,99,83.69170379638672,69044.61,69636.58,69044.61,69636.58,0.00578165089170013,591.9700000000012,Gold,GC=F,₹/10g,Precious metal
2024-09-20,2619.89990234375,2621.800048828125,2590.39990234375,2590.39990234375,17,83.61470031738281,69637.02,70481.14,69637.02,70430.06,0.01139458600637755,844.1199999999953,Gold,GC=F,₹/10g,Precious metal
2024-09-23,2626.5,2626.5,2626.5,2626.5,9,83.48709869384766,70499.74,70499.74,70499.74,70499.74,0.000989350285943269,0.0,Gold,GC=F,₹/10g,Precious metal
2024-09-24,2651.199951171875,2662.300048828125,2625.5,2636.800048828125,35,83.55960083007812,70837.67,71522.73,70534.1,71224.53,0.010280747134670198,988.6299999999901,Gold,GC=F,₹/10g,Precious metal
2024-09-25,2659.199951171875,2664.199951171875,2649.300048828125,2656.300048828125,175,83.56759643554688,71368.37,71580.62,71180.3,71446.28,0.00311339365805563,400.31999999999243,Gold,GC=F,₹/10g,Precious metal
2024-09-26,2669.89990234375,2669.89990234375,2660.800048828125,2662.300048828125,17216,83.62409973144531,71577.94,71782.27,71537.61,71782.27,0.004702694108076777,244.6600000000035,Gold,GC=F,₹/10g,Precious metal
2024-09-27,2644.300048828125,2672.10009765625,2641.699951171875,2670.0,4228,83.61710357666016,71778.95,71835.41,71018.15,71088.05,-0.009671190392836593,817.2600000000093,Gold,GC=F,₹/10g,Precious metal
2024-09-30,2636.10009765625,2662.10009765625,2623.199951171875,2660.89990234375,973,83.71640014648438,71619.26,71651.56,70604.55,70951.76,-0.001917199866925734,1047.0099999999948,Gold,GC=F,₹/10g,Precious metal
2024-10-01,2667.300048828125,2670.89990234375,2631.39990234375,2631.39990234375,153,83.82730102539062,70919.08,71983.64,70919.08,71886.63,0.013176135447521053,1064.5599999999977,Gold,GC=F,₹/10g,Precious metal
2024-10-02,2647.10009765625,2657.199951171875,2640.0,2650.60009765625,72,83.87210083007812,71474.72,71652.69,71188.88,71380.34,-0.007042895180925934,463.8099999999977,Gold,GC=F,₹/10g,Precious metal
2024-10-03,2657.10009765625,2657.10009765625,2640.0,2642.800048828125,354,83.91960144042969,71304.75,71690.58,71229.2,71690.58,0.004346294792095584,461.38000000000466,Gold,GC=F,₹/10g,Precious metal
2024-10-04,2645.800048828125,2667.0,2639.0,2656.0,114,84.0093994140625,71737.57,72034.68,71278.41,71462.08,-0.0031873085696892955,756.2699999999895,Gold,GC=F,₹/10g,Precious metal
2024-10-07,2644.800048828125,2657.39990234375,2639.0,2648.699951171875,284,84.02780151367188,71556.07,71791.11,71294.02,71450.72,-0.0001589654261392459,497.0899999999965,Gold,GC=F,₹/10g,Precious metal
2024-10-08,2615.0,2639.0,2609.300048828125,2639.0,687,83.96410369873047,71239.98,71239.98,70438.23,70592.1,-0.012016953782970963,801.75,Gold,GC=F,₹/10g,Precious metal
2024-10-09,2606.0,2607.699951171875,2603.0,2603.0,152,83.91459655761719,70226.73,70353.53,70226.73,70307.66,-0.004029346059969963,126.80000000000291,Gold,GC=F,₹/10g,Precious metal
2024-10-10,2620.60009765625,2628.300048828125,2602.5,2602.5,320,83.94219970703125,70236.33,70932.62,70236.33,70724.82,0.005933350647710389,696.2899999999936,Gold,GC=F,₹/10g,Precious metal
2024-10-11,2657.60009765625,2658.10009765625,2638.199951171875,2638.300048828125,12,83.94599914550781,71205.73,71740.12,71203.03,71726.62,0.014164758567077218,537.0899999999965,Gold,GC=F,₹/10g,Precious metal
2024-10-14,2647.800048828125,2655.300048828125,2647.800048828125,2655.0,40,84.16829681396484,71846.2,71854.32,71651.36,71651.36,-0.0010492617664124015,202.9600000000064,Gold,GC=F,₹/10g,Precious metal
2024-10-15,2661.39990234375,2661.39990234375,2661.39990234375,2661.39990234375,39,84.04850006103516,71916.88,71916.88,71916.88,71916.88,0.0037057217057709924,0.0,Gold,GC=F,₹/10g,Precious metal
2024-10-16,2674.0,2674.0,2674.0,2674.0,6,84.05619812011719,72263.98,72263.98,72263.98,72263.98,0.0048264051499451455,0.0,Gold,GC=F,₹/10g,Precious metal
2024-10-17,2691.0,2691.699951171875,2677.199951171875,2677.39990234375,30,84.03929901123047,72341.32,72727.69,72335.91,72708.78,0.006155210382821519,391.77999999999884,Gold,GC=F,₹/10g,Precious metal
2024-10-18,2713.699951171875,2719.60009765625,2713.699951171875,2713.699951171875,29,84.05380249023438,73334.77,73494.21,73334.77,73334.77,0.00860955169375699,159.44000000000233,Gold,GC=F,₹/10g,Precious metal
2024-10-21,2723.10009765625,2738.39990234375,2719.5,2721.89990234375,52,84.0687026977539,73569.4,74015.38,73504.54,73601.84,0.003641792290341783,510.84000000001106,Gold,GC=F,₹/10g,Precious metal
2024-10-22,2744.199951171875,2746.0,2728.60009765625,2731.699951171875,93,84.07350158691406,73838.5,74225.03,73754.71,74176.38,0.007806054848628952,470.31999999999243,Gold,GC=F,₹/10g,Precious metal
2024-10-23,2714.39990234375,2742.5,2714.199951171875,2742.5,18,84.08399963378906,74139.68,74139.68,73374.63,73380.04,-0.010735762516316028,765.0499999999884,Gold,GC=F,₹/10g,Precious metal
2024-10-24,2734.89990234375,2736.10009765625,2729.0,2729.0,27,84.06759643554688,73760.34,73952.24,73760.34,73919.8,0.0073556787377058175,191.90000000000873,Gold,GC=F,₹/10g,Precious metal
2024-10-25,2740.89990234375,2742.39990234375,2725.5,2725.5,29,84.08180236816406,73678.19,74135.04,73678.19,74094.49,0.002363236913519806,456.84999999999127,Gold,GC=F,₹/10g,Precious metal
2024-10-28,2742.89990234375,2742.89990234375,2729.5,2736.10009765625,56,84.10199737548828,73982.5,74166.37,73804.04,74166.37,0.0009701126224095358,362.33000000000175,Gold,GC=F,₹/10g,Precious metal
2024-10-29,2768.39990234375,2768.39990234375,2768.39990234375,2768.39990234375,848,84.10279846191406,74856.58,74856.58,74856.58,74856.58,0.009306239472149036,0.0,Gold,GC=F,₹/10g,Precious metal
2024-10-30,2788.5,2789.0,2774.60009765625,2774.60009765625,231,84.08930206298828,75012.2,75401.5,75012.2,75387.98,0.007098908339119969,389.3000000000029,Gold,GC=F,₹/10g,Precious metal
2024-10-31,2738.300048828125,2787.5,2733.5,2787.39990234375,849,84.08910369873047,75358.07,75360.77,73900.87,74030.64,-0.018004727013510635,1459.9000000000087,Gold,GC=F,₹/10g,Precious metal
2024-11-01,2738.60009765625,2756.0,2734.199951171875,2745.5,109,84.09149932861328,74227.41,74511.28,73921.9,74040.86,0.00013805094755370284,589.3800000000047,Gold,GC=F,₹/10g,Precious metal
2024-11-04,2736.10009765625,2737.10009765625,2736.10009765625,2736.5,16,84.13359832763672,74021.12,74037.35,74010.3,74010.3,-0.00041274507076227707,27.05000000000291,Gold,GC=F,₹/10g,Precious metal
2024-11-05,2740.300048828125,2743.89990234375,2740.300048828125,2743.0,23,84.15249633789062,74213.61,74237.96,74140.56,74140.56,0.0017600252937766125,97.40000000000873,Gold,GC=F,₹/10g,Precious metal
2024-11-06,2667.60009765625,2734.5,2659.39990234375,2734.5,427,84.11630249023438,73951.82,73951.82,71920.81,72142.57,-0.02694867694552061,2031.0100000000093,Gold,GC=F,₹/10g,Precious metal
2024-11-07,2698.39990234375,2699.10009765625,2662.5,2662.5,676,84.2511978149414,72120.12,73111.52,72120.12,73092.55,0.013168092015574118,991.4000000000087,Gold,GC=F,₹/10g,Precious metal
2024-11-08,2687.5,2694.60009765625,2682.89990234375,2688.5,1038,84.306396484375,72872.1,73037.45,72720.31,72845.0,-0.0033868020749037164,317.1399999999994,Gold,GC=F,₹/10g,Precious metal
2024-11-11,2611.199951171875,2671.699951171875,2611.199951171875,2671.699951171875,20,84.38289642333984,72482.45,72482.45,70841.1,70841.1,-0.027509094653030308,1641.3499999999913,Gold,GC=F,₹/10g,Precious metal
2024-11-12,2600.0,2605.5,2592.800048828125,2605.5,118,84.39649963378906,70697.86,70697.86,70353.26,70548.62,-0.00412867671450623,344.6000000000058,Gold,GC=F,₹/10g,Precious metal
2024-11-13,2580.800048828125,2611.800048828125,2580.800048828125,2611.10009765625,53,84.39530181884766,70848.81,70867.8,70026.65,70026.65,-0.007398727289066764,841.1500000000087,Gold,GC=F,₹/10g,Precious metal
2024-11-14,2568.199951171875,2576.199951171875,2554.199951171875,2555.10009765625,27,84.4229965209961,69352.07,69924.77,69327.64,69707.63,-0.004555694153582812,597.1300000000047,Gold,GC=F,₹/10g,Precious metal
2024-11-15,2565.699951171875,2565.699951171875,2565.699951171875,2565.699951171875,20,84.47380065917969,69681.68,69681.68,69681.68,69681.68,-0.00037226914758126117,0.0,Gold,GC=F,₹/10g,Precious metal
2024-11-18,2610.60009765625,2610.699951171875,2589.39990234375,2591.699951171875,136,84.47750091552734,70390.9,70906.94,70328.43,70904.23,0.017544783650451645,578.5100000000093,Gold,GC=F,₹/10g,Precious metal
2024-11-19,2627.10009765625,2627.699951171875,2619.300048828125,2621.89990234375,87,84.39849853515625,71144.54,71301.92,71073.99,71285.64,0.005379227727316138,227.92999999999302,Gold,GC=F,₹/10g,Precious metal
2024-11-20,2648.199951171875,2648.199951171875,2638.5,2638.5,27,84.39759826660156,71594.21,71857.42,71594.21,71857.42,0.008020970282373918,263.20999999999185,Gold,GC=F,₹/10g,Precious metal
2024-11-21,2672.10009765625,2672.10009765625,2655.699951171875,2659.300048828125,33,84.38310241699219,72146.22,72493.48,72048.55,72493.48,0.0088516954825264,444.929999999993,Gold,GC=F,₹/10g,Precious metal
2024-11-22,2709.89990234375,2710.5,2685.60009765625,2687.5,41,84.48829650878906,73002.17,73626.93,72950.56,73610.63,0.015410351386083487,676.3699999999953,Gold,GC=F,₹/10g,Precious metal
2024-11-25,2616.800048828125,2689.39990234375,2616.800048828125,2689.39990234375,94,84.43599700927734,73008.56,73008.56,71037.7,71037.7,-0.03495323976985398,1970.8600000000006,Gold,GC=F,₹/10g,Precious metal
2024-11-26,2620.300048828125,2625.60009765625,2620.300048828125,2625.60009765625,177858,84.37750244140625,71227.22,71227.22,71083.44,71083.44,0.0006438834590647424,143.77999999999884,Gold,GC=F,₹/10g,Precious metal
2024-11-27,2639.89990234375,2657.89990234375,2627.199951171875,2633.5,61653,84.33910369873047,71409.01,72070.63,71238.19,71582.55,0.007021466603192028,832.4400000000023,Gold,GC=F,₹/10g,Precious metal
2024-11-29,2657.0,2664.300048828125,2620.699951171875,2636.39990234375,3861,84.47160339355469,71599.96,72357.68,71173.57,72159.42,0.008058807628395392,1184.109999999986,Gold,GC=F,₹/10g,Precious metal
2024-12-02,2634.89990234375,2649.800048828125,2621.699951171875,2649.0,695,84.55699920654297,72014.88,72036.63,71272.71,71631.56,-0.007315191834967649,763.9199999999983,Gold,GC=F,₹/10g,Precious metal
2024-12-03,2644.699951171875,2654.699951171875,2636.0,2639.0,1062,84.73709869384766,71895.83,72323.56,71814.1,72051.12,0.00585719478955915,509.45999999999185,Gold,GC=F,₹/10g,Precious metal
2024-12-04,2653.800048828125,2658.300048828125,2637.0,2639.199951171875,249,84.68309783935547,71855.46,72375.48,71795.56,72252.96,0.0028013443788246217,579.9199999999983,Gold,GC=F,₹/10g,Precious metal
2024-12-05,2626.60009765625,2655.0,2625.699951171875,2652.39990234375,573,84.70700073242188,72235.23,72306.04,71508.08,71532.6,-0.00996997216446216,797.9599999999919,Gold,GC=F,₹/10g,Precious metal
2024-12-06,2638.60009765625,2643.10009765625,2617.5,2620.199951171875,571,84.68379974365234,71338.75,71962.24,71265.24,71839.72,0.004293427052840082,697.0,Gold,GC=F,₹/10g,Precious metal
2024-12-09,2664.89990234375,2677.10009765625,2630.800048828125,2632.10009765625,935,84.66600036621094,71647.69,72872.62,71612.3,72540.52,0.009755049156650486,1260.3199999999924,Gold,GC=F,₹/10g,Precious metal
2024-12-10,2697.60009765625,2698.199951171875,2661.0,2662.300048828125,437,84.84729766845703,72624.93,73604.25,72589.47,73587.89,0.014438413179282295,1014.7799999999988,Gold,GC=F,₹/10g,Precious metal
2024-12-11,2733.800048828125,2733.800048828125,2693.10009765625,2701.800048828125,3387,84.8740005493164,73725.65,74598.85,73488.25,74598.85,0.013738130010250371,1110.6000000000058,Gold,GC=F,₹/10g,Precious metal
2024-12-12,2687.5,2725.10009765625,2677.39990234375,2725.10009765625,2365,84.85710144042969,74346.65,74346.65,73045.28,73320.84,-0.01713176543606243,1301.3699999999953,Gold,GC=F,₹/10g,Precious metal
2024-12-13,2656.0,2689.300048828125,2647.89990234375,2688.199951171875,1125,84.83920288085938,73324.46,73354.47,72225.22,72446.16,-0.011929486896222086,1129.25,Gold,GC=F,₹/10g,Precious metal
2024-12-16,2651.39990234375,2663.300048828125,2651.0,2658.300048828125,877,84.802001953125,72477.11,72613.43,72278.07,72288.98,-0.0021696111981643895,335.35999999998603,Gold,GC=F,₹/10g,Precious metal
2024-12-17,2644.39990234375,2652.300048828125,2632.5,2651.800048828125,705,84.91729736328125,72398.18,72411.84,71871.26,72196.15,-0.0012841514709434065,540.5800000000017,Gold,GC=F,₹/10g,Precious metal
2024-12-18,2636.5,2647.10009765625,2590.199951171875,2644.300048828125,566,84.91539764404297,72191.81,72268.25,70714.83,71978.86,-0.0030097172771677005,1553.4199999999983,Gold,GC=F,₹/10g,Precious metal
2024-12-19,2592.199951171875,2610.300048828125,2582.10009765625,2582.10009765625,238,85.16549682617188,70701.32,71473.47,70701.32,70977.86,-0.013906860986684144,772.1499999999942,Gold,GC=F,₹/10g,Precious metal
2024-12-20,2628.699951171875,2631.60009765625,2604.89990234375,2605.300048828125,592,85.27940368652344,71431.97,72153.07,71421.0,72073.55,0.015437067277035421,732.070000000007,Gold,GC=F,₹/10g,Precious metal
2024-12-23,2612.300048828125,2627.699951171875,2611.10009765625,2620.0,451,84.94499969482422,71553.33,71763.62,71310.27,71343.04,-0.010135618406475144,453.34999999999127,Gold,GC=F,₹/10g,Precious metal
2024-12-24,2620.0,2620.0,2609.5,2613.0,35,85.0988998413086,71491.45,71682.97,71395.69,71682.97,0.004764725472870435,287.27999999999884,Gold,GC=F,₹/10g,Precious metal
2024-12-26,2638.800048828125,2638.800048828125,2627.89990234375,2628.5,84,85.41339874267578,72181.3,72464.15,72164.82,72464.15,0.010897706944899,299.3299999999872,Gold,GC=F,₹/10g,Precious metal
2024-12-27,2617.199951171875,2617.699951171875,2616.39990234375,2617.699951171875,642,85.26090240478516,71756.38,71756.38,71720.74,71742.68,-0.009956233530649339,35.63999999999942,Gold,GC=F,₹/10g,Precious metal
2024-12-30,2606.10009765625,2626.89990234375,2597.0,2620.699951171875,794,85.38600158691406,71944.02,72114.22,71293.41,71543.22,-0.0027802139535348935,820.8099999999977,Gold,GC=F,₹/10g,Precious metal
2024-12-31,2629.199951171875,2629.199951171875,2604.89990234375,2608.39990234375,401,85.7865982055664,71942.31,72515.99,71845.77,72515.99,0.013596955798187427,670.2200000000012,Gold,GC=F,₹/10g,Precious metal
2025-01-02,2658.89990234375,2663.10009765625,2633.0,2633.0,1728,85.78569793701172,72620.04,73450.22,72620.04,73334.38,0.011285648861719899,830.1800000000076,Gold,GC=F,₹/10g,Precious metal
2025-01-03,2645.0,2658.699951171875,2641.800048828125,2658.699951171875,591,85.80400085449219,73344.51,73344.51,72878.3,72966.57,-0.0050155193239513896,466.20999999999185,Gold,GC=F,₹/10g,Precious metal
2025-01-06,2638.39990234375,2647.0,2617.300048828125,2645.5,960,85.75900268554688,72942.09,72983.45,72164.56,72746.33,-0.003018368548775241,818.8899999999994,Gold,GC=F,₹/10g,Precious metal
2025-01-07,2656.699951171875,2657.5,2653.0,2653.39990234375,643,85.68070220947266,73093.11,73206.06,73082.1,73184.02,0.006016660909216931,123.95999999999185,Gold,GC=F,₹/10g,Precious metal
2025-01-08,2664.5,2676.89990234375,2653.5,2655.5,999,85.80650329589844,73258.37,73848.74,73203.19,73506.66,0.0044086126998763575,645.5500000000029,Gold,GC=F,₹/10g,Precious metal
2025-01-09,2683.800048828125,2686.300048828125,2667.89990234375,2669.699951171875,1139,85.90750122070312,73736.8,74195.29,73687.08,74126.24,0.008428896102747663,508.20999999999185,Gold,GC=F,₹/10g,Precious metal
2025-01-10,2708.5,2720.10009765625,2683.699951171875,2686.10009765625,403,85.91999816894531,74200.56,75139.77,74134.26,74819.33,0.00935013026426268,1005.5100000000093,Gold,GC=F,₹/10g,Precious metal
2025-01-13,2673.5,2711.199951171875,2673.5,2711.10009765625,765,86.18800354003906,75124.76,75127.53,74082.86,74082.86,-0.00984331188210319,1044.6699999999983,Gold,GC=F,₹/10g,Precious metal
2025-01-14,2677.5,2688.300048828125,2670.800048828125,2673.60009765625,794,86.65059661865234,74483.27,74892.79,74405.27,74591.92,0.006871494971981251,487.5199999999895,Gold,GC=F,₹/10g,Precious metal
2025-01-15,2712.5,2712.5,2690.800048828125,2690.800048828125,930,86.535400390625,74862.78,75466.51,74862.78,75466.51,0.011724996487555206,603.7299999999959,Gold,GC=F,₹/10g,Precious metal
2025-01-16,2746.39990234375,2749.800048828125,2731.699951171875,2731.699951171875,1721,86.43099975585938,75909.0,76411.97,75909.0,76317.48,0.011276127649205048,502.97000000000116,Gold,GC=F,₹/10g,Precious metal
2025-01-17,2744.300048828125,2751.60009765625,2725.5,2736.0,1214,86.6061019897461,76182.52,76616.89,75890.15,76413.63,0.0012598686434615036,726.7400000000052,Gold,GC=F,₹/10g,Precious metal
2025-01-21,2755.0,2755.0,2724.800048828125,2746.0,1439,86.21109771728516,76112.23,76361.69,75524.62,76361.69,-0.0006797216674564455,837.070000000007,Gold,GC=F,₹/10g,Precious metal
2025-01-22,2767.60009765625,2768.800048828125,2753.5,2754.5,2079,86.45189666748047,76561.08,76958.55,76533.28,76925.19,0.007379354752363287,425.2700000000041,Gold,GC=F,₹/10g,Precious metal
2025-01-23,2763.10009765625,2765.0,2745.39990234375,2760.0,2201,86.47270202636719,76732.41,76871.42,76326.51,76818.6,-0.0013856319366906122,544.9100000000035,Gold,GC=F,₹/10g,Precious metal
2025-01-24,2777.300048828125,2792.0,2759.800048828125,2759.800048828125,1593,86.44020080566406,76698.01,77592.89,76698.01,77184.36,0.004761346861307025,894.8800000000047,Gold,GC=F,₹/10g,Precious metal
2025-01-27,2737.5,2762.199951171875,2737.5,2761.10009765625,984,86.2030029296875,76523.58,76554.06,75869.51,75869.51,-0.017035186921288248,684.5500000000029,Gold,GC=F,₹/10g,Precious metal
2025-01-28,2766.800048828125,2766.800048828125,2738.0,2738.0,2307,86.46839904785156,76116.99,76917.64,76116.99,76917.64,0.013814904037208198,800.6499999999942,Gold,GC=F,₹/10g,Precious metal
2025-01-29,2769.10009765625,2769.10009765625,2769.10009765625,2769.10009765625,125692,86.58460235595703,77085.03,77085.03,77085.03,77085.03,0.002176223815499201,0.0,Gold,GC=F,₹/10g,Precious metal
2025-01-30,2823.0,2829.5,2770.0,2772.5,40141,86.6406021118164,77229.59,78817.36,77159.96,78636.3,0.020124140835127147,1657.3999999999942,Gold,GC=F,₹/10g,Precious metal
2025-01-31,2812.5,2838.0,2804.0,2829.0,3443,86.64700317382812,78809.26,79059.98,78112.82,78349.61,-0.003645771736462744,947.1599999999889,Gold,GC=F,₹/10g,Precious metal
2025-02-03,2833.89990234375,2848.39990234375,2780.89990234375,2818.199951171875,2649,86.55400085449219,78424.13,79264.52,77386.15,78861.02,0.00652728201199726,1878.37000000001,Gold,GC=F,₹/10g,Precious metal
2025-02-04,2853.300048828125,2853.300048828125,2816.10009765625,2827.60009765625,2187,86.94339752197266,79039.71,79758.1,78718.25,79758.1,0.011375455199539752,1039.8500000000058,Gold,GC=F,₹/10g,Precious metal
2025-02-05,2871.60009765625,2880.5,2848.0,2850.0,4519,87.13009643554688,79836.92,80691.32,79780.9,80442.01,0.008574803060754865,910.4200000000128,Gold,GC=F,₹/10g,Precious metal
2025-02-06,2856.0,2871.699951171875,2836.300048828125,2865.199951171875,3116,87.33409881591797,80450.64,80633.15,79639.18,80192.32,-0.003103975149303051,993.9700000000012,Gold,GC=F,₹/10g,Precious metal
2025-02-07,2867.300048828125,2889.5,2857.800048828125,2859.89990234375,1822,87.58830261230469,80535.56,81369.11,80476.43,80743.95,0.0068788382727920094,892.6800000000076,Gold,GC=F,₹/10g,Precious metal
2025-02-10,2914.300048828125,2916.10009765625,2863.800048828125,2864.199951171875,2237,87.51309967041016,80587.4,82047.67,80576.15,81997.02,0.015519057464986608,1471.520000000004,Gold,GC=F,₹/10g,Precious metal
2025-02-11,2912.5,2945.39990234375,2890.0,2925.5,2554,87.49009704589844,82290.51,82850.27,81291.94,81924.83,-0.0008803978486047193,1558.3300000000017,Gold,GC=F,₹/10g,Precious metal
2025-02-12,2909.0,2912.300048828125,2868.60009765625,2902.0,2504,86.81120300292969,80996.07,81283.54,80063.86,81191.44,-0.008951986839643156,1219.679999999993,Gold,GC=F,₹/10g,Precious metal
2025-02-13,2925.89990234375,2937.699951171875,2910.60009765625,2911.300048828125,4670,86.8740005493164,81314.41,82051.78,81294.86,81722.2,0.006537142339143154,756.9199999999983,Gold,GC=F,₹/10g,Precious metal
2025-02-14,2883.60009765625,2944.39990234375,2874.800048828125,2937.300048828125,1992,86.75409698486328,81927.38,82125.41,80184.12,80429.57,-0.015817366639664487,1941.2900000000081,Gold,GC=F,₹/10g,Precious metal
2025-02-18,2931.60009765625,2936.39990234375,2873.800048828125,2879.199951171875,4010,86.85479736328125,80400.06,81997.34,80249.27,81863.31,0.01782603089883472,1748.0699999999924,Gold,GC=F,₹/10g,Precious metal
2025-02-19,2919.39990234375,2946.0,2917.10009765625,2938.699951171875,2630,86.88719940185547,82092.18,82296.1,81488.79,81553.03,-0.0037902205517954535,807.3100000000122,Gold,GC=F,₹/10g,Precious metal
2025-02-20,2940.0,2955.800048828125,2924.199951171875,2949.10009765625,656,86.872802734375,82369.06,82556.19,81673.59,82114.89,0.0068895049025154975,882.6000000000058,Gold,GC=F,₹/10g,Precious metal
2025-02-21,2937.60009765625,2940.0,2917.300048828125,2938.800048828125,570,86.45120239257812,81683.03,81716.38,81085.44,81649.67,-0.005665476748492271,630.9400000000023,Gold,GC=F,₹/10g,Precious metal
2025-02-24,2947.89990234375,2957.89990234375,2933.10009765625,2933.10009765625,415,86.52940368652344,81598.34,82288.27,81598.34,82010.07,0.004413979872790685,689.9300000000076,Gold,GC=F,₹/10g,Precious metal
2025-02-25,2904.5,2943.199951171875,2890.0,2938.699951171875,1854,86.69010162353516,81905.96,82031.38,80548.62,80952.75,-0.012892563071827734,1482.7600000000093,Gold,GC=F,₹/10g,Precious metal
2025-02-26,2916.800048828125,2917.0,2913.0,2913.5,2050,87.0811996459961,81569.94,81667.93,81555.95,81662.34,0.008765483569118881,111.97999999999593,Gold,GC=F,₹/10g,Precious metal
2025-02-27,2883.199951171875,2922.800048828125,2870.39990234375,2918.5,3215,87.16220092773438,81785.94,81906.44,80438.01,80796.71,-0.010600112610047563,1468.4300000000076,Gold,GC=F,₹/10g,Precious metal
2025-02-28,2836.800048828125,2877.10009765625,2834.10009765625,2877.10009765625,990,87.3270034790039,80778.22,80778.22,79570.94,79646.74,-0.014232881512130868,1207.2799999999988,Gold,GC=F,₹/10g,Precious metal
2025-03-03,2890.199951171875,2891.800048828125,2863.39990234375,2872.699951171875,423,87.46399688720703,80781.2,81318.31,80519.68,81273.31,0.020422304792386825,798.6300000000047,Gold,GC=F,₹/10g,Precious metal
2025-03-04,2909.60009765625,2927.89990234375,2886.10009765625,2886.10009765625,885,87.32959747314453,81033.31,82206.93,81033.31,81693.12,0.005165410391184899,1173.6199999999953,Gold,GC=F,₹/10g,Precious metal
2025-03-05,2915.300048828125,2922.0,2893.0,2916.699951171875,551,87.21700286865234,81786.88,81935.5,81122.31,81747.63,0.0006672532521712071,813.1900000000023,Gold,GC=F,₹/10g,Precious metal
2025-03-06,2916.60009765625,2918.60009765625,2903.800048828125,2904.0,870,86.88929748535156,81124.8,81532.66,81119.21,81476.79,-0.003313123573123855,413.4499999999971,Gold,GC=F,₹/10g,Precious metal
2025-03-07,2904.699951171875,2927.300048828125,2900.5,2900.89990234375,531,87.12879943847656,81261.57,82001.11,81250.37,81368.02,-0.001334981410043179,750.7400000000052,Gold,GC=F,₹/10g,Precious metal
2025-03-10,2891.0,2915.10009765625,2880.199951171875,2910.10009765625,55,87.07379913330078,81467.83,81607.81,80630.78,80933.13,-0.005344728801315313,977.0299999999988,Gold,GC=F,₹/10g,Precious metal
2025-03-11,2912.89990234375,2916.699951171875,2880.39990234375,2884.39990234375,197,87.3551025390625,81009.23,81916.38,80896.89,81809.66,0.01083029903823074,1019.4900000000052,Gold,GC=F,₹/10g,Precious metal
2025-03-12,2939.10009765625,2939.10009765625,2910.0,2912.0,213,87.20010375976562,81639.27,82399.03,81583.2,82399.03,0.007204161464550607,815.8300000000017,Gold,GC=F,₹/10g,Precious metal
2025-03-13,2984.300048828125,2988.0,2935.199951171875,2937.10009765625,2366,87.3405990600586,82475.63,83904.93,82422.27,83801.04,0.017014884762599713,1482.659999999989,Gold,GC=F,₹/10g,Precious metal
2025-03-14,2994.5,3004.800048828125,2986.0,2994.39990234375,1800,86.9220962524414,83681.75,83972.39,83447.0,83684.54,-0.0013901975440877568,525.3899999999994,Gold,GC=F,₹/10g,Precious metal
2025-03-17,3000.0,3001.5,2989.0,2991.0,214,86.93900299072266,83602.99,83896.48,83547.09,83854.55,0.0020315580392746835,349.3899999999994,Gold,GC=F,₹/10g,Precious metal
2025-03-18,3035.10009765625,3039.199951171875,3004.39990234375,3006.39990234375,428,86.91639709472656,84011.59,84928.16,83955.7,84813.6,0.011437065728693296,972.4600000000064,Gold,GC=F,₹/10g,Precious metal
2025-03-19,3035.89990234375,3050.89990234375,3030.89990234375,3035.199951171875,175,86.57610321044922,84484.31,84921.32,84364.62,84503.8,-0.0036527160738372144,556.7000000000116,Gold,GC=F,₹/10g,Precious metal
2025-03-20,3040.0,3047.300048828125,3034.39990234375,3047.300048828125,185,86.33709716796875,84586.96,84586.96,84228.87,84384.32,-0.0014139009133317115,358.09000000001106,Gold,GC=F,₹/10g,Precious metal
2025-03-21,3018.199951171875,3037.5,3000.89990234375,3034.5,151,86.33609771728516,84230.68,84313.95,83298.02,83778.23,-0.007182495515754672,1015.929999999993,Gold,GC=F,₹/10g,Precious metal
2025-03-24,3013.10009765625,3024.300048828125,3006.0,3024.300048828125,137,85.98699951171875,83608.11,83608.11,83102.2,83298.48,-0.005726427975382142,505.9100000000035,Gold,GC=F,₹/10g,Precious metal
2025-03-25,3023.699951171875,3028.800048828125,3023.699951171875,3026.39990234375,74,85.53209686279297,83223.54,83289.54,83149.29,83149.29,-0.0017910290800023931,140.25,Gold,GC=F,₹/10g,Precious metal
2025-03-26,3020.89990234375,3033.199951171875,3019.5,3033.199951171875,83,85.59040069580078,83467.39,83467.39,83090.4,83128.92,-0.0002449810455386059,376.99000000000524,Gold,GC=F,₹/10g,Precious metal
2025-03-27,3060.199951171875,3065.0,3025.5,3025.5,124359,86.09539794921875,83746.73,84840.1,83746.73,84707.23,0.01898629261633622,1093.37000000001,Gold,GC=F,₹/10g,Precious metal
2025-03-28,3086.5,3094.89990234375,3066.800048828125,3069.699951171875,31206,85.69490051269531,84574.93,85269.23,84495.03,85037.8,0.0039025004123025564,774.1999999999971,Gold,GC=F,₹/10g,Precious metal
2025-03-31,3122.800048828125,3132.5,3086.0,3091.0,3438,85.53880310058594,85006.65,86147.96,84869.15,85881.2,0.00991794237386201,1278.8100000000122,Gold,GC=F,₹/10g,Precious metal
2025-04-01,3118.89990234375,3149.5,3104.0,3129.699951171875,1721,85.46810150146484,85999.81,86543.89,85293.61,85703.04,-0.0020744936027908834,1250.2799999999988,Gold,GC=F,₹/10g,Precious metal
2025-04-02,3139.89990234375,3168.60009765625,3117.39990234375,3120.699951171875,5946,85.61009979248047,85894.97,87213.39,85804.14,86423.44,0.008405769503625704,1409.25,Gold,GC=F,₹/10g,Precious metal
2025-04-03,3097.0,3166.89990234375,3052.0,3150.0,5516,85.65119934082031,86743.06,87208.44,84044.39,85283.57,-0.013189361589864945,3164.050000000003,Gold,GC=F,₹/10g,Precious metal
2025-04-04,3012.0,3127.699951171875,3011.0,3110.5,3247,85.28289794921875,85287.01,85758.62,82558.81,82586.23,-0.03162789737812344,3199.8099999999977,Gold,GC=F,₹/10g,Precious metal
2025-04-07,2951.300048828125,3050.800048828125,2949.699951171875,3016.39990234375,4424,85.529296875,82945.83,83891.78,81111.7,81155.7,-0.017321652774318408,2780.0800000000017,Gold,GC=F,₹/10g,Precious metal
2025-04-08,2968.39990234375,3014.5,2968.39990234375,2994.0,3213,86.0270004272461,82808.96,83375.95,82100.9,82100.9,0.011646748164330978,1275.050000000003,Gold,GC=F,₹/10g,Precious metal
2025-04-09,3056.5,3090.39990234375,2965.800048828125,2965.800048828125,2175,86.435302734375,82418.32,85880.9,82418.32,84938.83,0.03456636894358045,3462.579999999987,Gold,GC=F,₹/10g,Precious metal
2025-04-10,3155.199951171875,3167.0,3072.10009765625,3073.89990234375,3456,86.20929718017578,85199.01,87779.46,85149.13,87452.4,0.029592708070031115,2630.3300000000017,Gold,GC=F,₹/10g,Precious metal
2025-04-11,3222.199951171875,3235.0,3182.10009765625,3182.10009765625,862,86.2603988647461,88250.27,89717.36,88250.27,89362.37,0.021840109591046097,1467.0899999999965,Gold,GC=F,₹/10g,Precious metal
2025-04-14,3204.800048828125,3228.800048828125,3194.5,3215.5,263,86.19300079345703,89106.88,89475.45,88524.94,88810.37,-0.006177096690698769,950.5099999999948,Gold,GC=F,₹/10g,Precious metal
2025-04-15,3218.699951171875,3218.699951171875,3214.0,3216.0,390,86.0447998046875,88967.5,89042.2,88912.18,89042.2,0.0026103933583432326,130.02000000000407,Gold,GC=F,₹/10g,Precious metal
2025-04-16,3326.60009765625,3334.89990234375,3238.300048828125,3238.300048828125,1874,85.72669982910156,89253.23,91915.69,89253.23,91686.93,0.029701984003090542,2662.4600000000064,Gold,GC=F,₹/10g,Precious metal
2025-04-17,3308.699951171875,3345.0,3287.800048828125,3345.0,824,85.62049865722656,92079.85,92079.85,90505.27,91080.6,-0.00661304724675571,1574.5800000000017,Gold,GC=F,₹/10g,Precious metal
2025-04-21,3406.199951171875,3418.5,3342.199951171875,3342.199951171875,78,85.62049865722656,92002.77,94103.13,92002.77,93764.54,0.02946774615011316,2100.3600000000006,Gold,GC=F,₹/10g,Precious metal
2025-04-22,3400.800048828125,3485.60009765625,3361.699951171875,3422.199951171875,785,85.15889739990234,93697.1,95432.95,92040.66,93111.19,-0.006967985978494573,3392.2899999999936,Gold,GC=F,₹/10g,Precious metal
2025-04-23,3276.300048828125,3370.300048828125,3256.199951171875,3321.199951171875,331,85.2323989868164,91010.28,92355.77,89229.1,89779.9,-0.03577754725291349,3126.6699999999983,Gold,GC=F,₹/10g,Precious metal
2025-04-24,3332.0,3353.89990234375,3304.89990234375,3305.39990234375,560,85.4999008178711,90861.6,92194.8,90847.85,91592.8,0.020192715741496725,1346.949999999997,Gold,GC=F,₹/10g,Precious metal
2025-04-25,3282.39990234375,3355.5,3266.10009765625,3355.5,162,85.2573013305664,91977.07,91977.07,89526.54,89973.33,-0.01768119328156803,2450.5300000000134,Gold,GC=F,₹/10g,Precious metal
2025-04-28,3332.5,3332.5,3284.5,3284.5,1300,85.38490295410156,90165.64,91483.33,90165.64,91483.33,0.01678275106634386,1317.6900000000023,Gold,GC=F,₹/10g,Precious metal
2025-04-29,3318.800048828125,3340.0,3299.89990234375,3340.0,1278,85.1603012084961,91448.04,91448.04,90350.11,90867.59,-0.006730625131376455,1097.929999999993,Gold,GC=F,₹/10g,Precious metal
2025-04-30,3305.0,3318.699951171875,3268.0,3318.699951171875,207,85.1707992553711,90876.05,90876.05,89487.73,90500.91,-0.004035322164921418,1388.320000000007,Gold,GC=F,₹/10g,Precious metal
2025-05-01,3210.0,3275.0,3198.60009765625,3272.89990234375,2131,84.53119659423828,88948.88,89005.95,86929.6,87239.42,-0.03603820116283918,2076.3499999999913,Gold,GC=F,₹/10g,Precious metal
2025-05-02,3231.89990234375,3257.0,3225.0,3239.89990234375,1349,84.69670104980469,88224.42,88690.07,87818.69,88006.58,0.00879373109083037,871.3800000000047,Gold,GC=F,₹/10g,Precious metal
2025-05-05,3311.300048828125,3315.699951171875,3239.699951171875,3242.699951171875,244,84.52629852294922,88123.02,90106.85,88041.49,89987.28,0.022506271690139412,2065.3600000000006,Gold,GC=F,₹/10g,Precious metal
2025-05-06,3411.39990234375,3430.89990234375,3356.800048828125,3365.5,2357,84.2208023071289,91129.65,92900.52,90894.08,92372.51,0.026506301779540387,2006.4400000000023,Gold,GC=F,₹/10g,Precious metal
2025-05-07,3381.39990234375,3418.699951171875,3364.699951171875,3418.699951171875,1080,84.79319763183594,93199.32,93199.32,91727.19,92182.46,-0.0020574302895958185,1472.1300000000047,Gold,GC=F,₹/10g,Precious metal
2025-05-08,3296.60009765625,3390.0,3288.699951171875,3390.0,200,84.81719970703125,92443.07,92443.07,89680.69,89896.12,-0.024802332244116876,2762.3800000000047,Gold,GC=F,₹/10g,Precious metal
2025-05-09,3335.39990234375,3335.5,3299.0,3299.0,216,86.08219909667969,91303.29,92313.46,91303.29,92310.69,0.026859557453647653,1010.1700000000128,Gold,GC=F,₹/10g,Precious metal
2025-05-12,3220.0,3300.699951171875,3205.0,3300.699951171875,886,85.4083023071289,90635.2,90635.2,88007.33,88419.22,-0.042156222643336294,2627.8699999999953,Gold,GC=F,₹/10g,Precious metal
2025-05-13,3240.300048828125,3251.39990234375,3223.5,3232.0,2424,84.9656982421875,88288.82,88818.77,88056.63,88515.55,0.0010894690091136638,762.1399999999994,Gold,GC=F,₹/10g,Precious metal
2025-05-14,3181.39990234375,3233.0,3171.699951171875,3233.0,3518,85.060302734375,88414.47,88414.47,86738.07,87003.34,-0.01708411685856337,1676.3999999999942,Gold,GC=F,₹/10g,Precious metal
2025-05-15,3220.699951171875,3228.10009765625,3125.0,3151.0,652,85.48760223388672,86604.86,88723.95,85890.26,88520.56,0.01743864086137381,2833.6900000000023,Gold,GC=F,₹/10g,Precious metal
2025-05-16,3182.0,3228.10009765625,3173.89990234375,3227.699951171875,199,85.44490051269531,88668.64,88679.63,87190.69,87413.21,-0.012509523211330698,1488.9400000000023,Gold,GC=F,₹/10g,Precious metal
2025-05-19,3228.89990234375,3241.0,3228.300048828125,3234.39990234375,266,85.50029754638672,88910.3,89091.73,88742.62,88759.11,0.015396986336504437,349.1100000000006,Gold,GC=F,₹/10g,Precious metal
2025-05-20,3280.300048828125,3293.199951171875,3207.5,3219.0,356,85.37210083007812,88354.3,90390.92,88038.65,90036.85,0.01439559274535318,2352.270000000004,Gold,GC=F,₹/10g,Precious metal
2025-05-21,3309.300048828125,3317.5,3290.199951171875,3293.39990234375,979,85.53610229492188,90570.06,91232.83,90482.06,91007.32,0.010778586767529186,750.7700000000041,Gold,GC=F,₹/10g,Precious metal
2025-05-22,3292.300048828125,3328.0,3282.699951171875,3327.300048828125,1210,85.60030364990234,91571.01,91590.27,90343.57,90607.77,-0.004390306186359494,1246.699999999997,Gold,GC=F,₹/10g,Precious metal
2025-05-23,3363.60009765625,3363.60009765625,3323.5,3328.0,47,85.97489929199219,91991.08,92975.12,91866.7,92975.12,0.02612745021756946,1108.4199999999983,Gold,GC=F,₹/10g,Precious metal
2025-05-27,3299.10009765625,3341.0,3296.300048828125,3332.5,189,85.158203125,91240.44,91473.16,90249.33,90325.99,-0.028492891431600054,1223.8300000000017,Gold,GC=F,₹/10g,Precious metal
2025-05-28,3293.60009765625,3293.60009765625,3293.60009765625,3293.60009765625,127758,85.3604965209961,90389.62,90389.62,90389.62,90389.62,0.0007044484095883874,0.0,Gold,GC=F,₹/10g,Precious metal
2025-05-29,3317.10009765625,3328.800048828125,3242.39990234375,3283.699951171875,24370,85.38590240478516,90144.74,91382.83,89010.96,91061.64,0.00743470323251727,2371.8699999999953,Gold,GC=F,₹/10g,Precious metal
2025-05-30,3288.89990234375,3318.0,3270.89990234375,3315.10009765625,2213,85.36129760742188,90980.52,91060.1,89767.47,90261.47,-0.008787124853011585,1292.6300000000047,Gold,GC=F,₹/10g,Precious metal
2025-06-02,3370.60009765625,3380.800048828125,3296.89990234375,3296.89990234375,976,85.52429962158203,90653.8,92960.78,90653.8,92680.31,0.026798145432375575,2306.979999999996,Gold,GC=F,₹/10g,Precious metal
2025-06-03,3350.199951171875,3390.0,3331.300048828125,3385.10009765625,6410,85.36370086669922,92904.23,93038.71,91427.69,91946.39,-0.007918834108345152,1611.020000000004,Gold,GC=F,₹/10g,Precious metal
2025-06-04,3373.5,3380.0,3344.0,3355.0,207,85.70880126953125,92450.38,93139.28,92147.26,92960.16,0.011025663976584665,992.0200000000041,Gold,GC=F,₹/10g,Precious metal
2025-06-05,3350.699951171875,3400.0,3343.699951171875,3371.5,731,85.9041976928711,93116.85,93903.99,92349.05,92542.38,-0.004494183314658673,1554.9400000000023,Gold,GC=F,₹/10g,Precious metal
2025-06-06,3322.699951171875,3364.300048828125,3306.0,3364.300048828125,81,85.87750244140625,92889.12,92889.12,91279.45,91740.54,-0.00866457076206606,1609.6699999999983,Gold,GC=F,₹/10g,Precious metal
2025-06-09,3332.10009765625,3334.60009765625,3290.0,3315.60009765625,1887,85.7853012084961,91446.22,91970.25,90740.15,91901.3,0.0017523332650974943,1230.1000000000058,Gold,GC=F,₹/10g,Precious metal
2025-06-10,3320.89990234375,3344.300048828125,3302.0,3302.0,65,85.75599670410156,91040.01,92206.27,91040.01,91561.1,-0.0037017974718529523,1166.2600000000093,Gold,GC=F,₹/10g,Precious metal
2025-06-11,3321.300048828125,3356.0,3321.300048828125,3328.0,2106,85.65280151367188,91646.45,92417.51,91461.94,91461.94,-0.001082992668283822,955.5699999999924,Gold,GC=F,₹/10g,Precious metal
2025-06-12,3380.89990234375,3395.89990234375,3353.39990234375,3363.0,1818,85.46980285644531,92412.41,93316.47,92148.61,92904.29,0.015769947586941502,1167.8600000000006,Gold,GC=F,₹/10g,Precious metal
2025-06-13,3431.199951171875,3444.0,3407.300048828125,3407.300048828125,499,85.68840026855469,93869.21,94880.27,93869.21,94527.64,0.01747335887287882,1011.0599999999977,Gold,GC=F,₹/10g,Precious metal
2025-06-16,3396.39990234375,3442.0,3385.39990234375,3442.0,480,86.24919891357422,95445.77,95445.77,93876.26,94181.29,-0.003664007691295379,1569.5100000000093,Gold,GC=F,₹/10g,Precious metal
2025-06-17,3386.60009765625,3398.300048828125,3376.10009765625,3398.300048828125,1477,86.10420227050781,94075.56,94075.56,93460.99,93751.67,-0.004561627898704623,614.5699999999924,Gold,GC=F,₹/10g,Precious metal
2025-06-18,3389.800048828125,3391.89990234375,3365.10009765625,3385.300048828125,0,86.36270141601562,93997.03,94180.28,93436.15,94121.98,0.0039499029723950585,744.1300000000047,Gold,GC=F,₹/10g,Precious metal
2025-06-20,3368.10009765625,3372.89990234375,3341.0,3350.0,709,86.58380126953125,93255.01,93892.49,93004.48,93758.87,-0.0038578661434873762,888.0100000000093,Gold,GC=F,₹/10g,Precious metal
2025-06-23,3377.699951171875,3387.89990234375,3350.0,3365.89990234375,30,86.5802993774414,93693.84,94306.23,93251.24,94022.3,0.002809654169253717,1054.9899999999907,Gold,GC=F,₹/10g,Precious metal
2025-06-24,3317.39990234375,3358.0,3301.0,3358.0,538,86.23300170898438,93098.98,93098.98,91518.68,91973.36,-0.021792064223062013,1580.300000000003,Gold,GC=F,₹/10g,Precious metal
2025-06-25,3327.10009765625,3331.199951171875,3310.60009765625,3321.60009765625,373,85.90480041503906,91739.32,92004.46,91435.51,91891.22,-0.0008930846932198033,568.9500000000116,Gold,GC=F,₹/10g,Precious metal
2025-06-26,3333.5,3333.5,3332.39990234375,3332.39990234375,2058,86.006103515625,92146.13,92176.55,92146.13,92176.55,0.003105084468352892,30.419999999998254,Gold,GC=F,₹/10g,Precious metal
2025-06-27,3273.699951171875,3318.699951171875,3253.800048828125,3318.699951171875,284,85.66639709472656,91404.85,91404.85,89617.35,90165.44,-0.02181802204573724,1787.5,Gold,GC=F,₹/10g,Precious metal
2025-06-30,3294.39990234375,3306.89990234375,3262.0,3265.89990234375,1242,85.4552993774414,89728.95,90855.41,89621.81,90511.98,0.003843379458914553,1233.6000000000058,Gold,GC=F,₹/10g,Precious metal
2025-07-01,3336.699951171875,3354.10009765625,3310.10009765625,3310.10009765625,371,85.71399688720703,91218.64,92431.18,91218.64,91951.67,0.015906071218417805,1212.5399999999936,Gold,GC=F,₹/10g,Precious metal
2025-07-02,3348.0,3357.5,3329.0,3329.0,39,85.6427993774414,91663.28,92448.02,91663.28,92186.44,0.002553189082917129,784.7400000000052,Gold,GC=F,₹/10g,Precious metal
2025-07-03,3331.60009765625,3362.0,3322.300048828125,3362.0,0,85.69409942626953,92627.38,92627.38,91533.59,91789.82,-0.004302368114008859,1093.7900000000081,Gold,GC=F,₹/10g,Precious metal
2025-07-04,3332.5,3342.0,3332.5,3342.0,0,85.31909942626953,91673.42,91673.42,91412.83,91412.83,-0.00410710032986239,260.5899999999965,Gold,GC=F,₹/10g,Precious metal
2025-07-07,3332.199951171875,3333.300048828125,3299.199951171875,3305.5,254,85.49629974365234,90860.52,91624.68,90687.35,91594.44,0.0019867014291101714,937.3299999999872,Gold,GC=F,₹/10g,Precious metal
2025-07-08,3307.0,3334.5,3287.60009765625,3330.39990234375,909,85.89199829101562,91968.65,92081.88,90786.74,91322.47,-0.002969285035205216,1295.1399999999994,Gold,GC=F,₹/10g,Precious metal
2025-07-09,3311.60009765625,3314.0,3282.0,3289.39990234375,114,85.7073974609375,90641.22,91319.08,90437.31,91252.95,-0.000761258428511713,881.7700000000041,Gold,GC=F,₹/10g,Precious metal
2025-07-10,3317.39990234375,3330.5,3311.60009765625,3323.60009765625,209,85.70850372314453,91584.8,91774.94,91254.13,91413.95,0.001764326523142623,520.8099999999977,Gold,GC=F,₹/10g,Precious metal
2025-07-11,3356.0,3370.0,3330.5,3330.5,776,85.73480224609375,91803.1,92891.89,91803.1,92505.99,0.011946097942381995,1088.7899999999936,Gold,GC=F,₹/10g,Precious metal
2025-07-14,3351.5,3375.5,3350.0,3367.0,583,85.82129669189453,92902.83,93137.36,92433.76,92475.15,-0.00033338381655079186,703.6000000000058,Gold,GC=F,₹/10g,Precious metal
2025-07-15,3329.800048828125,3341.0,3329.800048828125,3341.0,210,85.96839904785156,92343.44,92343.44,92033.88,92033.88,-0.004771768415622879,309.5599999999977,Gold,GC=F,₹/10g,Precious metal
2025-07-16,3352.5,3352.89990234375,3329.5,3341.199951171875,10,85.99310302734375,92375.5,92698.98,92052.03,92687.92,0.00710651338398427,646.9499999999971,Gold,GC=F,₹/10g,Precious metal
2025-07-17,3340.10009765625,3340.800048828125,3313.800048828125,3313.800048828125,667,85.88520050048828,91503.01,92248.55,91503.01,92229.22,-0.004948864965358957,745.5400000000081,Gold,GC=F,₹/10g,Precious metal
2025-07-18,3353.0,3353.0,3338.199951171875,3338.199951171875,602,86.04650115966797,92349.87,92759.31,92349.87,92759.31,0.005747527735787017,409.4400000000023,Gold,GC=F,₹/10g,Precious metal
2025-07-21,3401.89990234375,3411.699951171875,3350.300048828125,3350.300048828125,53,86.14859771728516,92794.59,94495.21,92794.59,94223.77,0.015787741413773038,1700.62000000001,Gold,GC=F,₹/10g,Precious metal
2025-07-22,3439.199951171875,3441.0,3395.60009765625,3411.0,39,86.19529724121094,94527.03,95358.41,94100.27,95308.52,0.011512487772459057,1258.1399999999994,Gold,GC=F,₹/10g,Precious metal
2025-07-23,3394.10009765625,3433.89990234375,3388.10009765625,3430.300048828125,63,86.3427963256836,95224.56,95324.49,94053.09,94219.65,-0.011424686901024272,1271.4000000000087,Gold,GC=F,₹/10g,Precious metal
2025-07-24,3371.0,3371.0,3367.0,3367.0,1175,86.39869689941406,93527.87,93638.98,93527.87,93638.98,-0.006162939471755613,111.11000000000058,Gold,GC=F,₹/10g,Precious metal
2025-07-25,3334.0,3345.0,3326.5,3344.0,67,86.4302978515625,92922.96,92950.74,92436.67,92645.08,-0.010614169440974153,514.070000000007,Gold,GC=F,₹/10g,Precious metal
2025-07-28,3309.10009765625,3326.800048828125,3309.10009765625,3326.60009765625,533,86.506103515625,92520.52,92526.09,92033.81,92033.81,-0.006597975845020643,492.27999999999884,Gold,GC=F,₹/10g,Precious metal
2025-07-29,3323.39990234375,3323.39990234375,3323.39990234375,3323.39990234375,113144,86.77760314941406,92721.62,92721.62,92721.62,92721.62,0.007473449159607792,0.0,Gold,GC=F,₹/10g,Precious metal
2025-07-30,3295.800048828125,3331.800048828125,3263.89990234375,3325.800048828125,19252,87.06320190429688,93093.96,93261.91,91361.29,92254.22,-0.005040895532239298,1900.62000000001,Gold,GC=F,₹/10g,Precious metal
2025-07-31,3293.199951171875,3312.0,3272.89990234375,3272.89990234375,3704,87.714599609375,92298.65,93401.31,92298.65,92871.13,0.006687065372185774,1102.6600000000035,Gold,GC=F,₹/10g,Precious metal
2025-08-01,3347.699951171875,3360.60009765625,3281.0,3286.199951171875,3420,87.4894027709961,92435.79,94528.56,92289.53,94165.69,0.013939315694769805,2239.029999999999,Gold,GC=F,₹/10g,Precious metal
2025-08-04,3374.39990234375,3386.5,3347.39990234375,3367.60009765625,351,87.24530029296875,94461.16,94991.31,93894.55,94651.9,0.0051633455879736,1096.7599999999948,Gold,GC=F,₹/10g,Precious metal
2025-08-05,3381.89990234375,3387.199951171875,3351.199951171875,3378.5,915,87.89330291748047,95470.77,95716.62,94699.32,95566.85,0.009666472622314126,1017.2999999999884,Gold,GC=F,₹/10g,Precious metal
2025-08-06,3380.0,3383.300048828125,3361.300048828125,3380.699951171875,1492,87.72309875488281,95347.94,95421.28,94800.8,95328.2,-0.0024972048361958654,620.4799999999959,Gold,GC=F,₹/10g,Precious metal
2025-08-07,3400.300048828125,3422.89990234375,3384.89990234375,3384.89990234375,5464,87.76249694824219,95509.27,96581.49,95509.27,95943.81,0.006457795279885659,1072.2200000000012,Gold,GC=F,₹/10g,Precious metal
2025-08-08,3439.10009765625,3477.0,3402.5,3438.800048828125,7657,87.43319702148438,96666.06,97739.88,95645.65,96674.5,0.007615811796508831,2094.2300000000105,Gold,GC=F,₹/10g,Precious metal
2025-08-11,3353.10009765625,3383.89990234375,3349.199951171875,3383.89990234375,1488,87.48829650878906,95182.74,95182.74,94206.7,94316.4,-0.02439216132485822,976.0400000000081,Gold,GC=F,₹/10g,Precious metal
2025-08-12,3348.89990234375,3356.199951171875,3330.10009765625,3356.199951171875,1611,87.66449737548828,94593.72,94593.72,93858.1,94387.97,0.0007588287932958071,735.6199999999953,Gold,GC=F,₹/10g,Precious metal
2025-08-13,3358.699951171875,3363.39990234375,3358.699951171875,3358.800048828125,1011,87.59559631347656,94592.6,94722.14,94589.78,94589.78,0.002138090267223669,132.36000000000058,Gold,GC=F,₹/10g,Precious metal
2025-08-14,3335.199951171875,3356.0,3328.89990234375,3346.800048828125,592,87.44999694824219,94097.98,94356.64,93594.7,93771.83,-0.008647340124905645,761.9400000000023,Gold,GC=F,₹/10g,Precious metal
2025-08-15,3336.0,3346.800048828125,3335.89990234375,3346.800048828125,1185,87.69180297851562,94358.17,94358.17,94050.86,94053.68,0.0030057001127097305,307.3099999999977,Gold,GC=F,₹/10g,Precious metal
2025-08-18,3331.699951171875,3347.800048828125,3331.699951171875,3333.5,646,87.51280212402344,93791.35,94193.7,93740.7,93740.7,-0.00332767415373858,453.0,Gold,GC=F,₹/10g,Precious metal
2025-08-19,3313.39990234375,3343.5,3313.39990234375,3330.199951171875,1655,87.29509735107422,93465.41,93838.69,92993.9,92993.9,-0.007966656959037088,844.7900000000081,Gold,GC=F,₹/10g,Precious metal
2025-08-20,3343.39990234375,3343.5,3310.10009765625,3310.60009765625,1213,87.0791015625,92685.42,93606.5,92671.42,93603.7,0.006557419357613892,935.0800000000017,Gold,GC=F,₹/10g,Precious metal
2025-08-21,3336.89990234375,3349.39990234375,3326.5,3349.39990234375,142,87.01820373535156,93706.1,93706.1,93065.43,93356.39,-0.002642096412855399,640.6700000000128,Gold,GC=F,₹/10g,Precious metal
2025-08-22,3374.39990234375,3377.699951171875,3349.39990234375,3349.39990234375,1240,87.29340362548828,94002.45,94796.7,94002.45,94704.09,0.014436076630640837,794.25,Gold,GC=F,₹/10g,Precious metal
2025-08-25,3373.800048828125,3378.0,3366.0,3366.0,1044,87.3301010131836,94508.05,94844.98,94508.05,94727.06,0.00024254496294728867,336.929999999993,Gold,GC=F,₹/10g,Precious metal
2025-08-26,3388.60009765625,3396.5,3371.10009765625,3378.89990234375,905,87.60859680175781,95172.79,95668.53,94953.09,95446.01,0.007589700345392192,715.4400000000023,Gold,GC=F,₹/10g,Precious metal
2025-08-27,3404.60009765625,3404.60009765625,3382.0,3397.0,3222,87.60070037841797,95673.98,95888.04,95251.52,95888.04,0.004631204594094607,636.5199999999895,Gold,GC=F,₹/10g,Precious metal
2025-08-28,3431.800048828125,3434.60009765625,3400.0,3409.0,1035,87.65910339355469,96075.97,96797.46,95822.32,96718.54,0.00866114272436902,975.1399999999994,Gold,GC=F,₹/10g,Precious metal
2025-08-29,3473.699951171875,3475.60009765625,3426.60009765625,3432.5,0,87.5916976928711,96663.88,97877.64,96497.73,97824.13,0.011431003817882424,1379.9100000000035,Gold,GC=F,₹/10g,Precious metal
2025-09-02,3549.39990234375,3559.199951171875,3485.699951171875,3485.699951171875,658,88.00140380859375,98621.21,100700.75,98621.21,100423.48,0.026571664884727175,2079.5399999999936,Gold,GC=F,₹/10g,Precious metal
2025-09-03,3593.199951171875,3593.699951171875,3553.199951171875,3554.800048828125,72,87.99829864501953,100572.72,101673.28,100527.45,101659.13,0.012304393355020204,1145.8300000000017,Gold,GC=F,₹/10g,Precious metal
2025-09-04,3565.800048828125,3573.60009765625,3549.89990234375,3549.89990234375,237,88.072998046875,100519.34,101190.44,100519.34,100969.57,-0.006783060213086611,671.1000000000058,Gold,GC=F,₹/10g,Precious metal
2025-09-05,3613.199951171875,3613.199951171875,3567.800048828125,3567.800048828125,925,88.19290161132812,101163.74,102451.04,101163.74,102451.04,0.01467244041942517,1287.2999999999884,Gold,GC=F,₹/10g,Precious metal
2025-09-08,3638.10009765625,3641.0,3590.0,3594.5,97,88.1863021850586,101913.18,103231.57,101785.59,103149.35,0.006816036225693933,1445.9800000000105,Gold,GC=F,₹/10g,Precious metal
2025-09-09,3643.300048828125,3670.39990234375,3627.800048828125,3647.10009765625,535,87.98049926757812,103163.21,103822.28,102617.28,103055.72,-0.0009077129424470698,1205.0,Gold,GC=F,₹/10g,Precious metal
2025-09-10,3643.60009765625,3655.39990234375,3620.800048828125,3625.0,136,88.21829986572266,102815.23,103677.45,102696.1,103342.78,0.002785483425859381,981.3499999999913,Gold,GC=F,₹/10g,Precious metal
2025-09-11,3636.89990234375,3636.89990234375,3618.39990234375,3632.89990234375,307,88.05339813232422,102846.68,102959.92,102436.19,102959.92,-0.0037047580875994024,523.7299999999959,Gold,GC=F,₹/10g,Precious metal
2025-09-12,3649.39990234375,3656.800048828125,3643.0,3655.5,1300,88.2676010131836,103738.23,103775.13,103383.5,103565.12,0.005878015445233364,391.63000000000466,Gold,GC=F,₹/10g,Precious metal
2025-09-15,3682.199951171875,3686.39990234375,3635.10009765625,3640.0,210,88.27729797363281,103309.71,104626.62,103170.64,104507.42,0.009098623165791686,1455.979999999996,Gold,GC=F,₹/10g,Precious metal
2025-09-16,3688.89990234375,3698.60009765625,3681.39990234375,3681.39990234375,373,88.12349700927734,104302.68,104790.0,104302.68,104515.17,7.415741389471542e-05,487.320000000007,Gold,GC=F,₹/10g,Precious metal
2025-09-17,3681.800048828125,3685.199951171875,3661.60009765625,3669.0,183,87.88459777832031,103669.55,104127.29,103460.46,104031.22,-0.004630428290936073,666.8299999999872,Gold,GC=F,₹/10g,Precious metal
2025-09-18,3643.699951171875,3667.39990234375,3637.0,3654.60009765625,80,87.91069793701172,103293.34,103655.11,102795.89,102985.26,-0.010054289471948974,859.2200000000012,Gold,GC=F,₹/10g,Precious metal
2025-09-19,3671.5,3685.89990234375,3658.199951171875,3659.0,211,88.20690155029297,103766.15,104529.01,103743.46,104120.64,0.011024684503394111,785.5499999999884,Gold,GC=F,₹/10g,Precious metal
2025-09-22,3740.699951171875,3748.199951171875,3688.0,3688.199951171875,410,88.09919738769531,104466.52,106166.0,104460.86,105953.56,0.017603810349225757,1705.1399999999994,Gold,GC=F,₹/10g,Precious metal
2025-09-23,3780.60009765625,3786.0,3740.0,3747.0,627,88.30439758300781,106379.21,107486.44,106180.48,107333.13,0.013020515780687303,1305.9600000000064,Gold,GC=F,₹/10g,Precious metal
2025-09-24,3732.10009765625,3772.5,3732.10009765625,3769.800048828125,588,88.80799865722656,107636.89,107713.98,106560.46,106560.46,-0.007198802457358711,1153.5199999999895,Gold,GC=F,₹/10g,Precious metal
2025-09-25,3736.89990234375,3756.0,3724.699951171875,3742.800048828125,1899,88.77860260009766,106830.6,107207.37,106313.97,106662.19,0.0009546693022908226,893.3999999999942,Gold,GC=F,₹/10g,Precious metal
2025-09-26,3775.300048828125,3775.300048828125,3775.300048828125,3775.300048828125,19308,88.77310180664062,107751.57,107751.57,107751.57,107751.57,0.010213366142210356,0.0,Gold,GC=F,₹/10g,Precious metal
2025-09-29,3820.89990234375,3827.60009765625,3754.800048828125,3754.800048828125,8860,88.67680358886719,107050.22,109125.77,107050.22,108934.75,0.010980628866938957,2075.550000000003,Gold,GC=F,₹/10g,Precious metal
2025-09-30,3840.800048828125,3865.5,3793.39990234375,3827.5,1611,88.70449829101562,109157.0,110240.72,108184.49,109536.3,0.005522113008016305,2056.229999999996,Gold,GC=F,₹/10g,Precious metal
2025-10-01,3867.5,3891.89990234375,3853.300048828125,3863.5,1778,88.8406982421875,110352.87,111164.05,110061.53,110467.12,0.008497822183148429,1102.520000000004,Gold,GC=F,₹/10g,Precious metal
2025-10-02,3839.699951171875,3888.60009765625,3823.699951171875,3856.199951171875,3418,88.68299865722656,109948.84,110872.64,109022.19,109478.39,-0.008950446069382445,1850.449999999997,Gold,GC=F,₹/10g,Precious metal
2025-10-03,3880.800048828125,3886.800048828125,3853.699951171875,3855.199951171875,392,88.72019958496094,109966.44,110867.8,109923.65,110696.66,0.011127949543284332,944.1500000000087,Gold,GC=F,₹/10g,Precious metal
2025-10-06,3948.5,3960.0,3926.800048828125,3931.300048828125,1267,88.73509979248047,112155.96,112974.74,112027.58,112646.66,0.017615707646463807,947.1600000000035,Gold,GC=F,₹/10g,Precious metal
2025-10-07,3976.60009765625,3981.5,3940.0,3959.39990234375,2903,88.72109985351562,112939.8,113570.2,112386.43,113430.43,0.006957773981048243,1183.770000000004,Gold,GC=F,₹/10g,Precious metal
2025-10-08,4043.300048828125,4049.199951171875,3987.199951171875,3987.199951171875,2179,88.74259948730469,113760.34,115529.29,113760.34,115360.96,0.017019507022939306,1768.949999999997,Gold,GC=F,₹/10g,Precious metal
2025-10-09,3946.300048828125,4046.199951171875,3940.0,4011.199951171875,3130,88.7771987915039,114489.72,115488.71,112457.49,112637.31,-0.02360980699189752,3031.220000000001,Gold,GC=F,₹/10g,Precious metal
2025-10-10,3975.89990234375,4012.0,3945.5,3957.0,1697,88.86540222167969,113054.93,114626.33,112726.36,113594.92,0.008501712265678307,1899.9700000000012,Gold,GC=F,₹/10g,Precious metal
2025-10-13,4108.60009765625,4111.0,4016.0,4016.0,1697,88.7573013305664,114601.03,117311.96,114601.03,117243.48,0.0321190419430728,2710.9300000000076,Gold,GC=F,₹/10g,Precious metal
2025-10-14,4138.7001953125,4160.10009765625,4085.800048828125,4131.7001953125,2424,88.66510009765625,117780.19,118589.77,116471.74,117979.73,0.0062796668949096635,2118.029999999999,Gold,GC=F,₹/10g,Precious metal
2025-10-15,4176.89990234375,4210.60009765625,4145.0,4145.0,3287,88.78250122070312,118315.77,120188.28,118315.77,119226.33,0.010566221841667334,1872.5099999999948,Gold,GC=F,₹/10g,Precious metal
2025-10-16,4280.2001953125,4307.0,4196.60009765625,4198.7998046875,4705,87.80950164794922,118537.95,121592.59,118475.85,120836.0,0.01350096073577034,3116.7399999999907,Gold,GC=F,₹/10g,Precious metal
2025-10-17,4189.89990234375,4358.0,4182.2001953125,4354.7001953125,4060,87.9906997680664,123192.93,123286.28,118312.96,118530.78,-0.019077261743189133,4973.319999999992,Gold,GC=F,₹/10g,Precious metal
2025-10-20,4336.39990234375,4356.60009765625,4214.60009765625,4244.10009765625,1750,88.0022964477539,120079.91,123262.92,119245.26,122691.39,0.03510151540384698,4017.6600000000035,Gold,GC=F,₹/10g,Precious metal
2025-10-21,4087.699951171875,4332.7001953125,4087.699951171875,4332.7001953125,2943,87.87999725341797,122416.35,122416.35,115494.1,115494.1,-0.05866173657336504,6922.25,Gold,GC=F,₹/10g,Precious metal
2025-10-22,4044.39990234375,4148.5,4006.0,4109.7001953125,1237,88.00160217285156,116276.37,117374.14,113342.36,114428.82,-0.009223674629266765,4031.779999999999,Gold,GC=F,₹/10g,Precious metal
2025-10-23,4125.5,4136.7998046875,4070.699951171875,4078.39990234375,354,87.74030303955078,115048.16,116695.57,114830.95,116376.81,0.017023595978705286,1864.62000000001,Gold,GC=F,₹/10g,Precious metal
2025-10-24,4118.39990234375,4120.60009765625,4074.89990234375,4117.5,123,87.77899932861328,116202.37,116289.86,115000.12,116227.76,-0.0012807534422021316,1289.7400000000052,Gold,GC=F,₹/10g,Precious metal
2025-10-27,4001.89990234375,4078.60009765625,3971.300048828125,4060.0,220,87.8290023803711,114644.9,115170.12,112140.22,113004.28,-0.027734166089065093,3029.899999999994,Gold,GC=F,₹/10g,Precious metal
2025-10-28,3966.199951171875,3966.199951171875,3923.60009765625,3929.699951171875,219,88.22209930419922,111462.18,112497.46,111289.16,112497.46,-0.004484962870432763,1208.300000000003,Gold,GC=F,₹/10g,Precious metal
2025-10-29,3983.699951171875,3983.699951171875,3983.699951171875,3983.699951171875,1344,88.22550201416016,112998.19,112998.19,112998.19,112998.19,0.0044510338277858885,0.0,Gold,GC=F,₹/10g,Precious metal
2025-10-30,4001.300048828125,4027.199951171875,3913.699951171875,3960.0,935,88.34559631347656,112478.84,114387.57,111163.75,113651.92,0.005785313906355505,3223.820000000007,Gold,GC=F,₹/10g,Precious metal
2025-10-31,3982.199951171875,4034.5,3976.60009765625,4034.5,559,88.6344985961914,114969.66,114969.66,113319.71,113479.29,-0.0015189360637286597,1649.949999999997,Gold,GC=F,₹/10g,Precious metal
2025-11-03,4000.300048828125,4020.0,3959.0,3976.199951171875,0,88.77539825439453,113488.43,114738.57,112997.51,114176.29,0.006142089891468361,1741.0600000000122,Gold,GC=F,₹/10g,Precious metal
2025-11-04,3947.699951171875,3995.39990234375,3927.39990234375,3994.199951171875,657,88.72339630126953,113935.4,113969.63,112029.92,112608.98,-0.013727105688930652,1939.7100000000064,Gold,GC=F,₹/10g,Precious metal
2025-11-05,3980.300048828125,3983.5,3929.89990234375,3929.89990234375,559,88.73200225830078,112112.11,113641.21,112112.11,113549.92,0.00835581673859398,1529.1000000000058,Gold,GC=F,₹/10g,Precious metal
2025-11-06,3979.89990234375,4007.5,3979.89990234375,4004.0,650,88.55690002441406,114000.62,114100.27,113314.45,113314.45,-0.0020737134821406933,785.820000000007,Gold,GC=F,₹/10g,Precious metal
2025-11-07,3999.39990234375,3999.39990234375,3980.800048828125,3980.800048828125,245,88.6729965209961,113488.66,114018.93,113488.66,114018.93,0.00621703586788791,530.2699999999895,Gold,GC=F,₹/10g,Precious metal
2025-11-10,4111.7998046875,4111.7998046875,4060.0,4060.0,189,88.65799713134766,115727.0,117203.51,115727.0,117203.51,0.027930274385139287,1476.5099999999948,Gold,GC=F,₹/10g,Precious metal
2025-11-11,4106.7998046875,4140.10009765625,4106.7998046875,4140.10009765625,569,88.70709991455078,118075.55,118075.55,117125.82,117125.82,-0.0006628641070560715,949.7299999999959,Gold,GC=F,₹/10g,Precious metal
2025-11-12,4204.39990234375,4204.39990234375,4102.89990234375,4115.60009765625,396,88.46649932861328,117058.44,119584.14,116697.22,119584.14,0.020988711114253045,2886.9199999999983,Gold,GC=F,₹/10g,Precious metal
2025-11-13,4186.89990234375,4228.7001953125,4163.7001953125,4228.7001953125,167,88.59400177001953,120448.65,120448.65,118597.22,119258.03,-0.0027270338692070295,1851.429999999993,Gold,GC=F,₹/10g,Precious metal
2025-11-14,4087.60009765625,4197.89990234375,4047.0,4197.7001953125,483,88.81610107421875,119865.41,119871.11,115562.16,116721.5,-0.021269259604573376,4308.949999999997,Gold,GC=F,₹/10g,Precious metal
2025-11-17,4068.300048828125,4099.5,4019.39990234375,4070.0,1552,88.68199920654297,116043.45,116884.55,114600.74,115994.98,-0.006224388822967497,2283.8099999999977,Gold,GC=F,₹/10g,Precious metal
2025-11-18,4061.300048828125,4063.39990234375,4035.60009765625,4037.39990234375,1375,88.63590240478516,115054.12,115795.04,115002.83,115735.2,-0.0022395796783619693,792.2099999999919,Gold,GC=F,₹/10g,Precious metal
2025-11-19,4077.699951171875,4122.7001953125,4072.0,4086.10009765625,486,88.55680084228516,116338.02,117380.08,115936.56,116098.85,0.0031420864179609875,1443.520000000004,Gold,GC=F,₹/10g,Precious metal
2025-11-20,4056.5,4090.39990234375,4040.199951171875,4045.0,202,88.48719787597656,115077.31,116368.91,114940.75,115404.48,-0.005980851662182762,1428.1600000000035,Gold,GC=F,₹/10g,Precious metal
2025-11-21,4076.699951171875,4085.199951171875,4031.800048828125,4031.800048828125,171,88.69219970703125,114967.52,116490.22,114967.52,116247.85,0.007307948530247854,1522.699999999997,Gold,GC=F,₹/10g,Precious metal
2025-11-24,4091.89990234375,4091.89990234375,4060.5,4060.5,591,89.63400268554688,117015.41,117920.29,117015.41,117920.29,0.014386846724476987,904.8799999999901,Gold,GC=F,₹/10g,Precious metal
2025-11-25,4139.2001953125,4139.2001953125,4139.2001953125,4139.2001953125,132704,89.14779663085938,118636.35,118636.35,118636.35,118636.35,0.006072407047167383,0.0,Gold,GC=F,₹/10g,Precious metal
2025-11-26,4165.2001953125,4171.0,4127.5,4128.60009765625,25088,89.15059661865234,118336.25,119551.54,118304.72,119385.3,0.006312989231378019,1246.8199999999924,Gold,GC=F,₹/10g,Precious metal
2025-11-28,4218.2998046875,4223.89990234375,4140.0,4163.39990234375,3615,89.36479949951172,119620.43,121358.68,118948.12,121197.78,0.015181768609703106,2410.5599999999977,Gold,GC=F,₹/10g,Precious metal
2025-12-01,4239.2998046875,4262.10009765625,4214.89990234375,4218.5,913,89.3499984741211,121183.46,122435.94,121080.04,121780.97,0.004811886818388844,1355.9000000000087,Gold,GC=F,₹/10g,Precious metal
2025-12-02,4186.60009765625,4230.5,4167.0,4230.5,366,89.61270141601562,121885.49,121885.49,120055.98,120620.68,-0.009527679078266571,1829.5100000000093,Gold,GC=F,₹/10g,Precious metal
2025-12-03,4199.2998046875,4234.10009765625,4195.7001953125,4215.7001953125,1897,89.91719818115234,121871.8,122403.72,121293.62,121397.68,0.006441681476178074,1110.1000000000058,Gold,GC=F,₹/10g,Precious metal
2025-12-04,4211.7998046875,4211.7998046875,4175.0,4211.0,616,90.17050170898438,122078.86,122102.05,121035.2,122102.05,0.005802170189743494,1066.8500000000058,Gold,GC=F,₹/10g,Precious metal
2025-12-05,4212.89990234375,4255.7001953125,4194.5,4204.10009765625,533,89.8364028930664,121427.24,122917.61,121149.96,121681.41,-0.003444987205374561,1767.6499999999942,Gold,GC=F,₹/10g,Precious metal
2025-12-08,4187.2001953125,4215.7998046875,4175.5,4205.5,318,89.93800354003906,121605.05,121902.88,120737.58,121075.9,-0.004976191515203565,1165.300000000003,Gold,GC=F,₹/10g,Precious metal
2025-12-09,4206.7001953125,4219.7001953125,4177.7001953125,4190.7001953125,660,90.12999725341795,121435.79,122276.13,121059.08,121899.43,0.006801766495231565,1217.050000000003,Gold,GC=F,₹/10g,Precious metal
2025-12-10,4196.39990234375,4234.5,4183.60009765625,4209.0,692,89.91690063476562,121677.7,122414.88,120943.42,121313.44,-0.00480715947564303,1471.4600000000064,Gold,GC=F,₹/10g,Precious metal
2025-12-11,4285.5,4286.89990234375,4214.2998046875,4224.0,528,89.79299926757812,121943.07,123758.93,121663.03,123718.52,0.019825338396141534,2095.899999999994,Gold,GC=F,₹/10g,Precious metal
2025-12-12,4300.10009765625,4355.0,4260.0,4276.39990234375,1531,90.25299835205078,124088.26,126369.0,123612.38,124775.97,0.008547224780897755,2756.6199999999953,Gold,GC=F,₹/10g,Precious metal
2025-12-15,4306.7001953125,4349.2001953125,4292.89990234375,4308.2998046875,854,90.5770034790039,125462.69,126653.76,125014.23,125416.11,0.005130314755317,1639.5299999999988,Gold,GC=F,₹/10g,Precious metal
2025-12-16,4304.5,4321.39990234375,4270.5,4270.5,1796,90.7769012451172,124636.38,126121.91,124636.38,125628.68,0.0016949178219607397,1485.5299999999988,Gold,GC=F,₹/10g,Precious metal
2025-12-17,4347.5,4351.39990234375,4308.5,4308.5,2169,90.94889831542967,125983.68,127238.1,125983.68,127124.06,0.011903173702056069,1254.4200000000128,Gold,GC=F,₹/10g,Precious metal
2025-12-18,4339.5,4348.10009765625,4328.2001953125,4331.0,705,90.4136962890625,125896.35,126393.43,125814.97,126143.44,-0.007713882014152129,578.4599999999919,Gold,GC=F,₹/10g,Precious metal
2025-12-19,4361.39990234375,4361.39990234375,4350.10009765625,4350.10009765625,1065,90.25579833984376,126230.73,126558.63,126230.73,126558.63,0.0032914117452322866,327.90000000000873,Gold,GC=F,₹/10g,Precious metal
2025-12-22,4444.60009765625,4447.60009765625,4371.10009765625,4371.10009765625,449,89.56999969482422,125876.33,128079.33,125876.33,127992.94,0.011333166296126906,2203.0,Gold,GC=F,₹/10g,Precious metal
2025-12-23,4482.7998046875,4503.7998046875,4450.39990234375,4503.2998046875,694,89.60389709472656,129732.41,129746.82,128208.46,129141.84,0.00897627634774234,1538.3600000000006,Gold,GC=F,₹/10g,Precious metal
2025-12-24,4480.60009765625,4503.39990234375,4468.39990234375,4500.7001953125,500,89.50789642333984,129518.61,129596.3,128589.09,128940.18,-0.0015615388475184178,1007.2100000000064,Gold,GC=F,₹/10g,Precious metal
2025-12-26,4529.10009765625,4556.2998046875,4502.0,4512.0,263,90.10590362548828,130711.28,131994.63,130421.59,131206.67,0.01757784113532357,1573.0400000000081,Gold,GC=F,₹/10g,Precious metal
2025-12-29,4325.10009765625,4379.0,4325.10009765625,4371.5,2044,89.82929992675781,126252.28,126468.89,124912.22,124912.22,-0.04797355195433284,1556.6699999999983,Gold,GC=F,₹/10g,Precious metal
2025-12-30,4370.10009765625,4403.60009765625,4338.0,4346.39990234375,1837,89.9000015258789,125626.17,127279.46,125383.38,126311.19,0.011199624824536736,1896.0800000000017,Gold,GC=F,₹/10g,Precious metal
2025-12-31,4325.60009765625,4363.7998046875,4285.0,4333.5,785,89.76940155029297,125071.36,125945.86,123671.58,124843.36,-0.011620743973673298,2274.279999999999,Gold,GC=F,₹/10g,Precious metal
2026-01-02,4314.39990234375,4350.60009765625,4314.39990234375,4350.60009765625,589,89.96189880371094,125834.15,125834.15,124787.12,124787.12,-0.0004504845111507061,1047.0299999999988,Gold,GC=F,₹/10g,Precious metal
2026-01-05,4436.89990234375,4443.5,4384.7998046875,4386.7001953125,618,90.00700378417969,126941.9,128585.57,126886.91,128394.57,0.0289088328987801,1698.6600000000035,Gold,GC=F,₹/10g,Precious metal
2026-01-06,4482.2001953125,4482.2001953125,4449.0,4449.7001953125,459,90.23300170898438,129088.3,130031.15,129067.99,130031.15,0.012746489201217681,963.1599999999889,Gold,GC=F,₹/10g,Precious metal
2026-01-07,4449.2998046875,4450.0,4449.2998046875,4450.0,972,90.16609954833984,129001.28,129001.28,128980.99,128980.99,-0.00807621865991337,20.289999999993597,Gold,GC=F,₹/10g,Precious metal
2026-01-08,4449.7001953125,4461.2998046875,4418.0,4460.2001953125,2423,89.8644027709961,128864.35,128896.12,127645.1,128560.98,-0.0032563713458859667,1251.0199999999895,Gold,GC=F,₹/10g,Precious metal
2026-01-09,4490.2998046875,4490.2998046875,4473.0,4473.0,237,89.90540313720703,129293.12,129793.18,129293.12,129793.18,0.009584556682750822,500.0599999999977,Gold,GC=F,₹/10g,Precious metal
2026-01-12,4604.2998046875,4620.0,4577.7998046875,4579.10009765625,156,90.23600006103516,132846.68,134033.25,132808.96,133577.76,0.029158542844855306,1224.2900000000081,Gold,GC=F,₹/10g,Precious metal
2026-01-13,4589.2001953125,4617.10009765625,4578.60009765625,4578.60009765625,239,90.13269805908205,132680.11,133795.78,132680.11,132987.28,-0.004420496346098424,1115.6700000000128,Gold,GC=F,₹/10g,Precious metal
2026-01-14,4626.2998046875,4635.0,4608.2001953125,4610.2998046875,1313,90.27300262451172,133806.68,134523.56,133745.74,134271.05,0.009653329250737253,777.820000000007,Gold,GC=F,₹/10g,Precious metal
2026-01-15,4616.2998046875,4616.2998046875,4612.89990234375,4612.89990234375,4358,90.18319702148438,133748.95,133847.53,133748.95,133847.53,-0.0031542167876097427,98.5799999999872,Gold,GC=F,₹/10g,Precious metal
2026-01-16,4588.39990234375,4608.0,4588.39990234375,4608.0,352,90.36160278320312,133871.19,133871.19,133301.77,133301.77,-0.0040774753183716594,569.4200000000128,Gold,GC=F,₹/10g,Precious metal
2026-01-20,4759.60009765625,4764.0,4661.7998046875,4662.2001953125,175,90.90450286865234,136259.58,139234.83,136247.88,139106.24,0.04354383291384645,2986.9499999999825,Gold,GC=F,₹/10g,Precious metal
2026-01-21,4831.7998046875,4872.2998046875,4771.5,4863.5,1706,91.11840057373048,142477.32,142735.12,139782.16,141548.66,0.01755794707699687,2952.959999999992,Gold,GC=F,₹/10g,Precious metal
2026-01-22,4908.7998046875,4908.7998046875,4791.89990234375,4791.89990234375,1175,91.53690338134766,141024.54,144464.88,141024.54,144464.88,0.02060224377963027,3440.3399999999965,Gold,GC=F,₹/10g,Precious metal
2026-01-23,4976.2001953125,4976.2001953125,4936.0,4949.60009765625,169,91.55829620361328,145699.66,146482.68,145299.32,146482.68,0.013967408549399707,1183.359999999986,Gold,GC=F,₹/10g,Precious metal
2026-01-26,5079.7001953125,5095.60009765625,5052.2001953125,5081.5,180,91.5009994506836,149488.75,149903.55,148626.8,149435.8,0.020160199144362956,1276.75,Gold,GC=F,₹/10g,Precious metal
2026-01-27,5079.89990234375,5079.89990234375,5079.89990234375,5079.89990234375,34,91.71309661865234,149788.08,149788.08,149788.08,149788.08,0.002357400301667978,0.0,Gold,GC=F,₹/10g,Precious metal
2026-01-28,5301.60009765625,5301.60009765625,5301.60009765625,5301.60009765625,112054,91.5343017578125,156020.47,156020.47,156020.47,156020.47,0.04160805052044214,0.0,Gold,GC=F,₹/10g,Precious metal
2026-01-29,5318.39990234375,5586.2001953125,5097.5,5415.7001953125,23709,92.04080200195312,160260.22,165305.62,150844.11,157380.94,0.008719817341916736,14461.51000000001,Gold,GC=F,₹/10g,Precious metal
2026-01-30,4713.89990234375,5440.5,4700.0,5376.39990234375,8374,91.78189849853516,158649.73,160541.23,138690.15,139100.32,-0.11615523455381571,21851.080000000016,Gold,GC=F,₹/10g,Precious metal
2026-02-02,4622.5,4855.7998046875,4400.0,4807.7001953125,3588,91.68699645996094,141721.54,143139.42,129703.34,136262.2,-0.020403403816756094,13436.080000000016,Gold,GC=F,₹/10g,Precious metal
2026-02-03,4903.7001953125,4984.60009765625,4674.2998046875,4680.0,1213,90.24559783935548,135788.38,144626.24,135622.99,142278.96,0.044155752659211345,9003.25,Gold,GC=F,₹/10g,Precious metal
2026-02-04,4920.39990234375,5082.2001953125,4897.89990234375,4923.2998046875,3886,90.4228973388672,143128.28,147747.77,142389.86,143043.97,0.005376831542766469,5357.9100000000035,Gold,GC=F,₹/10g,Precious metal
2026-02-05,4861.39990234375,5012.2998046875,4786.0,5008.7001953125,793,90.125,145131.29,145235.59,138678.36,140863.14,-0.015245871601578087,6557.2300000000105,Gold,GC=F,₹/10g,Precious metal
2026-02-06,4951.2001953125,4958.5,4655.0,4762.0,1386,90.3147964477539,138273.53,143979.27,135166.58,143767.31,0.020616961967481195,8812.690000000002,Gold,GC=F,₹/10g,Precious metal
2026-02-09,5050.89990234375,5065.7001953125,4979.10009765625,5017.39990234375,170,90.58799743652344,146130.25,147536.98,145014.78,147105.92,0.023222316672684595,2522.2000000000116,Gold,GC=F,₹/10g,Precious metal
2026-02-10,5003.7998046875,5029.0,5002.7001953125,5013.5,281,90.8227996826172,146395.13,146847.74,146079.78,146111.89,-0.006757239953361527,767.9599999999919,Gold,GC=F,₹/10g,Precious metal
2026-02-11,5071.60009765625,5111.2998046875,5041.2998046875,5049.89990234375,2681,90.58789825439452,147076.64,148864.89,146826.16,147708.65,0.010928337180498904,2038.7300000000105,Gold,GC=F,₹/10g,Precious metal
2026-02-12,4923.7001953125,5078.10009765625,4892.0,5060.39990234375,484,90.73570251464844,147622.92,148139.27,142710.32,143635.09,-0.027578344260813403,5428.9499999999825,Gold,GC=F,₹/10g,Precious metal
2026-02-13,5022.0,5043.89990234375,4946.2001953125,4953.0,232,90.56410217285156,144216.57,146863.3,144018.58,146225.64,0.01803563460711466,2844.720000000001,Gold,GC=F,₹/10g,Precious metal
2026-02-17,4882.89990234375,5020.0,4847.7998046875,5020.0,540,90.78299713134766,146520.7,146520.7,141494.62,142519.1,-0.025348085328947834,5026.080000000016,Gold,GC=F,₹/10g,Precious metal
2026-02-18,4986.5,4987.0,4869.5,4872.2001953125,544,90.6261978149414,141961.19,145306.11,141882.51,145291.54,0.019453111898685815,3423.5999999999767,Gold,GC=F,₹/10g,Precious metal
2026-02-19,4975.89990234375,5014.7001953125,4975.89990234375,5014.7001953125,37,90.7935028076172,146382.95,146382.95,145250.34,145250.34,-0.00028356778378157976,1132.6100000000151,Gold,GC=F,₹/10g,Precious metal
2026-02-20,5059.2998046875,5072.7001953125,5039.5,5039.5,134,91.04109954833984,147508.04,148479.82,147508.04,148087.58,0.019533448252169183,971.7799999999988,Gold,GC=F,₹/10g,Precious metal
2026-02-23,5204.7001953125,5211.60009765625,5120.2998046875,5120.2998046875,779,90.72660064697266,149355.34,152018.51,149355.34,151817.24,0.02518550171459344,2663.170000000013,Gold,GC=F,₹/10g,Precious metal
2026-02-24,5155.7998046875,5159.0,5112.7001953125,5158.7998046875,88,91.02010345458984,150965.16,150971.02,149616.12,150877.37,-0.006190798884237347,1354.8999999999942,Gold,GC=F,₹/10g,Precious metal
2026-02-25,5206.39990234375,5206.39990234375,5166.0,5166.0,1772,90.91799926757812,151006.28,152187.2,151006.28,152187.2,0.008681421209820961,1180.9200000000128,Gold,GC=F,₹/10g,Precious metal
2026-02-26,5176.5,5199.2001953125,5143.89990234375,5177.2001953125,1520,90.95099639892578,151388.59,152031.91,150414.85,151368.12,-0.005382055783929363,1617.0599999999977,Gold,GC=F,₹/10g,Precious metal
2026-02-27,5230.5,5280.0,5176.7001953125,5186.7001953125,354,91.00740051269533,151760.45,154490.35,151467.85,153042.01,0.011058405164839247,3022.5,Gold,GC=F,₹/10g,Precious metal
2026-03-02,5294.39990234375,5405.0,5266.2998046875,5346.60009765625,72,91.07959747314452,156563.15,158273.26,154211.73,155034.58,0.013019758431034534,4061.529999999999,Gold,GC=F,₹/10g,Precious metal
2026-03-03,5107.39990234375,5303.7998046875,5023.0,5298.7001953125,1776,91.56340026855467,155984.7,156134.82,147868.55,150353.14,-0.03019610205671519,8266.270000000019,Gold,GC=F,₹/10g,Precious metal
2026-03-04,5120.2001953125,5180.2001953125,5117.2001953125,5130.7001953125,679,92.00859832763672,151773.44,153237.73,151374.1,151462.84,0.007380624042836681,1863.6300000000047,Gold,GC=F,₹/10g,Precious metal
2026-03-05,5065.2998046875,5169.5,5054.7001953125,5169.5,1701,92.1230010986328,153111.34,153111.34,149711.17,150025.12,-0.009492229249101647,3400.1699999999837,Gold,GC=F,₹/10g,Precious metal
2026-03-06,5146.10009765625,5146.10009765625,5076.10009765625,5121.0,148,91.78690338134766,151121.49,151862.2,149796.49,151862.2,0.012245149345656348,2065.710000000021,Gold,GC=F,₹/10g,Precious metal
2026-03-09,5091.5,5160.60009765625,5077.7001953125,5155.0,639,91.93620300292967,152372.28,152537.81,150087.44,150495.34,-0.009000659808695133,2450.3699999999953,Gold,GC=F,₹/10g,Precious metal
2026-03-10,5229.7001953125,5229.7001953125,5137.60009765625,5138.2001953125,4300,91.220703125,150693.73,153377.25,150676.13,153377.25,0.019149496589063952,2701.1199999999953,Gold,GC=F,₹/10g,Precious metal
2026-03-11,5167.39990234375,5191.2998046875,5167.39990234375,5190.7998046875,633,92.16510009765624,153812.46,153827.28,153119.08,153119.08,-0.0016832352907618642,708.2000000000116,Gold,GC=F,₹/10g,Precious metal
2026-03-12,5115.7998046875,5137.2001953125,5115.7998046875,5137.2001953125,410,92.22879791259766,152329.42,152329.42,151694.85,151694.85,-0.00930145348313205,634.570000000007,Gold,GC=F,₹/10g,Precious metal
2026-03-13,5052.5,5117.0,5009.5,5089.60009765625,479,92.38990020751952,151181.59,151995.47,148802.29,150079.56,-0.010648285027474613,3193.179999999993,Gold,GC=F,₹/10g,Precious metal
2026-03-16,4994.0,5010.60009765625,4994.0,5001.60009765625,130,92.5635986328125,148846.95,149114.79,148620.77,148620.77,-0.009720111119728814,494.0200000000186,Gold,GC=F,₹/10g,Precious metal
2026-03-17,5001.0,5017.60009765625,4994.2001953125,5017.60009765625,239,92.28269958496094,148869.96,148869.96,148175.7,148377.44,-0.001637254335312588,694.2599999999802,Gold,GC=F,₹/10g,Precious metal
2026-03-18,4889.89990234375,4949.60009765625,4821.7001953125,4949.60009765625,1461,92.39129638671876,147025.24,147025.24,143226.05,145251.88,-0.02106492739057908,3799.1900000000023,Gold,GC=F,₹/10g,Precious metal
2026-03-19,4600.7001953125,4830.2998046875,4554.0,4830.2998046875,627,93.24659729003906,144809.75,144809.75,136526.44,137926.48,-0.05043239371497288,8283.309999999998,Gold,GC=F,₹/10g,Precious metal
2026-03-20,4570.39990234375,4686.89990234375,4570.39990234375,4686.89990234375,235,93.0822982788086,140263.13,140263.13,136776.67,136776.67,-0.008336397767854331,3486.459999999992,Gold,GC=F,₹/10g,Precious metal
2026-03-23,4404.10009765625,4480.39990234375,4100.7998046875,4353.0,544,93.89530181884766,131408.44,135254.39,123795.02,132951.05,-0.02796982848025198,11459.37000000001,Gold,GC=F,₹/10g,Precious metal
2026-03-24,4399.2998046875,4399.2998046875,4325.2001953125,4338.7001953125,378,93.2436981201172,130067.82,131884.51,129663.11,131884.51,-0.008022050220738985,2221.4000000000087,Gold,GC=F,₹/10g,Precious metal
2026-03-25,4549.7998046875,4551.89990234375,4541.7998046875,4549.0,388,94.29969787597656,137916.74,138004.66,137698.44,137940.99,0.04592260304109996,306.22000000000116,Gold,GC=F,₹/10g,Precious metal
2026-03-26,4375.5,4443.10009765625,4375.5,4441.5,1070,94.6937026977539,135220.18,135268.89,133210.83,133210.83,-0.03429118494799843,2058.060000000027,Gold,GC=F,₹/10g,Precious metal
2026-03-27,4492.0,4492.0,4492.0,4492.0,74348,94.30950164794922,136202.77,136202.77,136202.77,136202.77,0.02246018585726106,0.0,Gold,GC=F,₹/10g,Precious metal
2026-03-30,4526.0,4579.10009765625,4413.39990234375,4482.7998046875,10816,94.78179931640624,136604.51,139539.07,134489.68,137920.95,0.01261486825855318,5049.390000000014,Gold,GC=F,₹/10g,Precious metal
2026-03-31,4647.60009765625,4684.10009765625,4508.60009765625,4510.0,4264,94.35590362548828,136815.83,142097.35,136773.37,140990.08,0.022252819459262607,5323.9800000000105,Gold,GC=F,₹/10g,Precious metal
2026-04-01,4783.2001953125,4789.10009765625,4668.0,4668.39990234375,1637,93.48429870605467,140312.86,143940.61,140300.84,143763.28,0.019669468944198076,3639.7699999999895,Gold,GC=F,₹/10g,Precious metal
2026-04-02,4651.5,4784.39990234375,4558.89990234375,4764.89990234375,0,92.6426010131836,141923.81,142504.62,135788.04,138546.16,-0.0362896561625472,6716.579999999987,Gold,GC=F,₹/10g,Precious metal
2026-04-06,4656.7998046875,4689.60009765625,4605.0,4656.10009765625,148,92.97100067138672,139174.78,140176.13,137647.36,139195.7,0.004688256967930515,2528.7700000000186,Gold,GC=F,₹/10g,Precious metal
2026-04-07,4657.10009765625,4676.2998046875,4608.0,4624.89990234375,327,92.81659698486328,138012.59,139546.43,137508.28,138973.49,-0.001596385520529875,2038.1499999999942,Gold,GC=F,₹/10g,Precious metal
2026-04-08,4749.5,4851.0,4738.7998046875,4760.0,405,92.86019897460938,142110.87,144827.7,141477.93,141797.39,0.020319702700133835,3349.7700000000186,Gold,GC=F,₹/10g,Precious metal
2026-04-09,4792.2001953125,4799.10009765625,4711.0,4711.0,1277,92.2748031616211,139761.31,142374.98,139761.31,142170.28,0.002629738107309265,2613.670000000013,Gold,GC=F,₹/10g,Precious metal
2026-04-10,4761.89990234375,4791.0,4744.89990234375,4745.89990234375,812,92.46980285644533,141094.23,142435.04,141064.5,141569.9,-0.004222964180699451,1370.5400000000081,Gold,GC=F,₹/10g,Precious metal
2026-04-13,4742.39990234375,4742.39990234375,4704.0,4704.0,32,94.50879669189452,142932.27,144099.06,142932.27,144099.06,0.01786509702980643,1166.7900000000081,Gold,GC=F,₹/10g,Precious metal
2026-04-14,4825.0,4841.60009765625,4770.10009765625,4770.10009765625,288,94.9468002319336,145612.47,147795.08,145612.47,147288.35,0.022132621822793297,2182.609999999986,Gold,GC=F,₹/10g,Precious metal
2026-04-15,4800.0,4843.60009765625,4798.0,4843.60009765625,182,93.16539764404295,145082.04,145082.04,143716.17,143776.07,-0.023846285194993322,1365.8699999999953,Gold,GC=F,₹/10g,Precious metal
2026-04-16,4785.39990234375,4810.89990234375,4785.39990234375,4810.89990234375,805,93.38680267333984,144445.02,144445.02,143679.39,143679.39,-0.0006724345713441382,765.6299999999756,Gold,GC=F,₹/10g,Precious metal
2026-04-17,4857.60009765625,4879.7001953125,4767.2001953125,4771.60009765625,1902,93.0478973388672,142745.14,145979.02,142613.52,145317.88,0.011403792847394456,3365.5,Gold,GC=F,₹/10g,Precious metal
2026-04-20,4806.60009765625,4811.0,4770.0,4793.89990234375,724,92.60330200195312,142727.01,143236.13,142015.45,143105.13,-0.015226963123877169,1220.679999999993,Gold,GC=F,₹/10g,Precious metal
2026-04-21,4698.39990234375,4705.0,4676.39990234375,4698.39990234375,1197,93.12359619140624,140669.67,140867.27,140010.99,140669.67,-0.017018677108221025,856.2799999999988,Gold,GC=F,₹/10g,Precious metal
2026-04-22,4732.5,4754.2001953125,4732.5,4754.2001953125,765,93.622802734375,143103.36,143103.36,142450.18,142450.18,0.01265738378429404,653.179999999993,Gold,GC=F,₹/10g,Precious metal
2026-04-23,4705.10009765625,4732.39990234375,4705.10009765625,4711.5,292,93.80049896240234,142087.24,142717.53,141894.24,141894.24,-0.003902697771248853,823.2900000000081,Gold,GC=F,₹/10g,Precious metal
2026-04-24,4722.2998046875,4722.2998046875,4657.5,4695.0,45,94.11289978027344,142061.2,142887.24,140926.53,142887.24,0.006998169904571139,1960.7099999999919,Gold,GC=F,₹/10g,Precious metal
2026-04-27,4675.39990234375,4711.10009765625,4675.39990234375,4707.60009765625,538,94.25029754638672,142650.41,142756.47,141674.68,141674.68,-0.00848613214168037,1081.7900000000081,Gold,GC=F,₹/10g,Precious metal
2026-04-28,4591.5,4680.89990234375,4591.5,4680.89990234375,2660,94.2584991455078,141853.68,141853.68,139144.44,139144.44,-0.01785950742927378,2709.2399999999907,Gold,GC=F,₹/10g,Precious metal
2026-04-29,4545.2001953125,4601.60009765625,4515.7001953125,4598.60009765625,507,94.64550018310548,139931.78,140023.07,137409.2,138306.86,-0.006019500312050008,2613.8699999999953,Gold,GC=F,₹/10g,Precious metal
2026-04-30,4614.7001953125,4636.7001953125,4561.89990234375,4561.89990234375,77,94.9166030883789,139212.64,141495.28,139212.64,140823.92,0.018199097282665777,2282.639999999985,Gold,GC=F,₹/10g,Precious metal
2026-05-01,4629.89990234375,4636.7001953125,4581.7001953125,4636.7001953125,113,94.75910186767578,141260.48,141260.48,139584.87,141053.31,0.0016289136106990565,1675.6100000000151,Gold,GC=F,₹/10g,Precious metal
2026-05-04,4519.5,4581.2001953125,4512.7001953125,4581.2001953125,20,94.90299987792967,139781.58,139781.58,137691.51,137898.98,-0.022362679755618564,2090.069999999978,Gold,GC=F,₹/10g,Precious metal
2026-05-05,4555.7998046875,4580.5,4547.60009765625,4547.60009765625,426,95.2593994140625,139277.46,140285.07,139277.46,139528.59,0.011817418809044078,1007.6100000000151,Gold,GC=F,₹/10g,Precious metal
2026-05-06,4681.89990234375,4712.60009765625,4663.60009765625,4663.60009765625,212,95.18299865722656,142715.59,144215.09,142715.59,143275.6,0.026854782951651668,1499.5,Gold,GC=F,₹/10g,Precious metal
2026-05-07,4699.7998046875,4736.2001953125,4699.7998046875,4704.7998046875,254,94.60800170898438,143106.63,144061.74,142954.54,142954.54,-0.0022408560843576453,1107.1999999999825,Gold,GC=F,₹/10g,Precious metal
2026-05-08,4720.39990234375,4724.7998046875,4713.60009765625,4714.39990234375,120,94.25299835205078,142860.55,143175.7,142836.32,143042.37,0.0006143911204217201,339.38000000000466,Gold,GC=F,₹/10g,Precious metal
2026-05-11,4718.7001953125,4729.5,4718.7001953125,4729.5,36,94.42530059814452,143580.13,143580.13,143252.27,143252.27,0.0014673973872216806,327.86000000001513,Gold,GC=F,₹/10g,Precious metal
2026-05-12,4677.60009765625,4765.2001953125,4677.60009765625,4762.2001953125,93,95.3914031982422,146052.04,146144.05,143457.44,143457.44,0.0014322286132011364,2686.609999999986,Gold,GC=F,₹/10g,Precious metal
2026-05-13,4697.7001953125,4722.7001953125,4679.5,4722.7001953125,228,95.63300323486328,145207.45,145207.45,143879.19,144438.79,0.006840704811127196,1328.2600000000093,Gold,GC=F,₹/10g,Precious metal
2026-05-14,4678.10009765625,4678.10009765625,4650.2998046875,4678.10009765625,5,95.69580078125,143930.6,143930.6,143075.27,143930.6,-0.003518376192434225,855.3300000000163,Gold,GC=F,₹/10g,Precious metal
2026-05-15,4555.7998046875,4615.2001953125,4524.2998046875,4615.2001953125,607,95.70989990234376,142016.28,142016.28,139219.15,140188.45,-0.02599968318064394,2797.1300000000047,Gold,GC=F,₹/10g,Precious metal
2026-05-18,4552.5,4570.2998046875,4538.7001953125,4563.0,38,95.97029876708984,140792.02,141017.26,140042.25,140468.05,0.001994458173979252,975.0100000000093,Gold,GC=F,₹/10g,Precious metal
2026-05-19,4506.2998046875,4552.60009765625,4506.2001953125,4551.7001953125,875,96.27020263671876,140882.25,140910.1,139473.95,139477.03,-0.007055127482726409,1436.1499999999942,Gold,GC=F,₹/10g,Precious metal
2026-05-20,4531.2998046875,4531.2998046875,4465.10009765625,4502.60009765625,981,96.56580352783205,139790.44,140681.47,138626.19,140681.47,0.008635400395319515,2055.279999999999,Gold,GC=F,₹/10g,Precious metal
2026-05-21,4539.7998046875,4539.7998046875,4503.7998046875,4507.2001953125,426,96.5282974243164,139878.91,140890.62,139773.38,140890.62,0.0014866918862874723,1117.2399999999907,Gold,GC=F,₹/10g,Precious metal
2026-05-22,4521.0,4530.2998046875,4519.10009765625,4519.5,40,96.17389678955078,139745.66,140079.6,139733.3,139792.05,-0.007797325329393923,346.30000000001746,Gold,GC=F,₹/10g,Precious metal
2026-05-26,4500.39990234375,4572.7998046875,4500.39990234375,4572.7998046875,1261,95.25279998779295,140039.54,140039.54,137822.33,137822.33,-0.01409035778501,2217.210000000021,Gold,GC=F,₹/10g,Precious metal
2026-05-27,4447.5,4447.5,4439.7001953125,4439.7001953125,81062,95.90499877929688,136894.38,137134.88,136894.38,137134.88,-0.004987943535709971,240.5,Gold,GC=F,₹/10g,Precious metal
2026-05-28,4499.2998046875,4512.60009765625,4363.5,4453.60009765625,16427,96.04889678955078,137529.02,139350.96,134746.69,138940.24,0.013164849088721953,4604.2699999999895,Gold,GC=F,₹/10g,Precious metal
2026-05-29,4560.5,4591.7998046875,4487.89990234375,4494.0,1883,96.04820251464844,138775.58,141795.66,138587.21,140829.11,0.013594837607880939,3208.4500000000116,Gold,GC=F,₹/10g,Precious metal
2026-06-01,4475.2001953125,4541.39990234375,4449.7001953125,4523.5,835,95.00299835205078,138166.46,138713.2,135912.31,136691.19,-0.02938256160249808,2800.890000000014,Gold,GC=F,₹/10g,Precious metal
2026-06-02,4489.10009765625,4529.5,4474.2001953125,4488.0,456,95.55139923095705,137873.45,139148.35,137449.51,137907.24,0.008896330480406167,1698.8399999999965,Gold,GC=F,₹/10g,Precious metal
2026-06-03,4436.7001953125,4471.7001953125,4427.2001953125,4471.2001953125,2913,95.26300048828124,136942.77,136958.08,135595.15,135886.11,-0.014655720758388058,1362.929999999993,Gold,GC=F,₹/10g,Precious metal
2026-06-04,4475.7998046875,4509.89990234375,4447.39990234375,4447.39990234375,480,96.16449737548828,137502.85,139435.19,137502.85,138380.9,0.018359418780918846,1932.3399999999965,Gold,GC=F,₹/10g,Precious metal
2026-06-05,4337.10009765625,4472.2998046875,4319.10009765625,4472.2998046875,4062,95.79029846191406,137734.64,137734.64,133016.51,133570.86,-0.03475942127851461,4718.130000000005,Gold,GC=F,₹/10g,Precious metal
2026-06-08,4335.89990234375,4340.89990234375,4284.60009765625,4324.2001953125,357,94.95030212402344,132005.76,132515.56,130796.88,132362.92,-0.009043439564587419,1718.679999999993,Gold,GC=F,₹/10g,Precious metal
2026-06-09,4260.0,4344.5,4240.2001953125,4332.7998046875,1292,95.68830108642578,133296.33,133656.28,130447.56,131056.69,-0.009868549288577277,3208.720000000001,Gold,GC=F,₹/10g,Precious metal
2026-06-10,4108.2001953125,4206.7001953125,4100.0,4200.0,525,95.36029815673828,128767.9,128973.33,125702.0,125953.41,-0.03893948489008836,3271.3300000000017,Gold,GC=F,₹/10g,Precious metal
2026-06-11,4090.300048828125,4209.7998046875,4031.0,4042.89990234375,1938,95.64450073242188,124320.78,129453.02,123954.85,125778.35,-0.0013898790036728226,5498.169999999998,Gold,GC=F,₹/10g,Precious metal
2026-06-12,4215.0,4225.2998046875,4173.2001953125,4208.2998046875,1167,95.76010131835938,129563.3,130086.69,128482.67,129769.58,0.03173224962801613,1604.020000000004,Gold,GC=F,₹/10g,Precious metal
2026-06-15,4328.0,4362.0,4269.10009765625,4271.2001953125,1666,95.11029815673828,130607.53,133384.06,130543.31,132344.39,0.019841398885624972,2840.75,Gold,GC=F,₹/10g,Precious metal
2026-06-16,4330.89990234375,4345.7998046875,4309.5,4309.5,158,94.74169921875,131267.98,132373.67,131267.98,131919.82,-0.0032080694920276764,1105.6900000000023,Gold,GC=F,₹/10g,Precious metal
2026-06-17,4358.89990234375,4377.0,4296.0,4339.0,1961,94.88860321044922,132371.49,133530.77,131059.67,132978.58,0.008025784146764137,2471.0999999999913,Gold,GC=F,₹/10g,Precious metal
2026-06-18,4224.10009765625,4323.2001953125,4223.7001953125,4279.7998046875,738,94.85890197753906,130524.57,131848.19,128813.66,128825.85,-0.031228563276882504,3034.529999999999,Gold,GC=F,₹/10g,Precious metal
2026-06-22,4181.89990234375,4216.39990234375,4134.7998046875,4138.7998046875,1197,94.3302993774414,125520.99,127874.44,125399.68,126828.13,-0.01550713618423627,2474.7600000000093,Gold,GC=F,₹/10g,Precious metal
2026-06-23,4129.89990234375,4135.2001953125,4118.5,4127.10009765625,252,94.70059967041016,125657.52,125904.14,125395.67,125742.76,-0.008557801806271303,508.47000000000116,Gold,GC=F,₹/10g,Precious metal
2026-06-24,3990.300048828125,4104.7001953125,3963.300048828125,4104.39990234375,353,95.18370056152344,125603.86,125613.05,121285.89,122112.15,-0.028873312467453394,4327.1600000000035,Gold,GC=F,₹/10g,Precious metal
2026-06-25,4030.5,4030.5,3986.699951171875,3988.39990234375,2724,94.4406967163086,121101.25,122379.55,121049.63,122379.55,0.0021897902870435804,1329.9199999999983,Gold,GC=F,₹/10g,Precious metal
2026-06-26,4078.699951171875,4078.699951171875,4078.699951171875,4078.699951171875,1431,94.40039825439452,123790.22,123790.22,123790.22,123790.22,0.011527007576020543,0.0,Gold,GC=F,₹/10g,Precious metal
2026-06-29,4022.300048828125,4070.0,4003.199951171875,4057.5,785,94.36029815673828,123094.48,123473.7,121447.15,122026.6,-0.01424684437914392,2026.550000000003,Gold,GC=F,₹/10g,Precious metal
2026-06-30,4022.89990234375,4049.699951171875,3962.5,4002.60009765625,1108,94.79049682617188,121982.56,123417.97,120760.48,122601.21,0.0047088913400847865,2657.4900000000052,Gold,GC=F,₹/10g,Precious metal
2026-07-01,4068.300048828125,4100.0,3963.0,4013.10009765625,770,94.91799926757812,122467.06,125118.97,120938.17,124151.59,0.01264571532369052,4180.800000000003,Gold,GC=F,₹/10g,Precious metal
2026-07-02,4112.7001953125,4140.10009765625,4062.0,4067.5,228,95.4175033569336,124780.39,127007.58,124611.67,126167.02,0.016233622138870807,2395.9100000000035,Gold,GC=F,₹/10g,Precious metal
2026-07-06,4155.10009765625,4199.7001953125,4134.2001953125,4175.39990234375,1024,95.2147979736328,127818.37,128562.25,126557.15,127196.94,0.008163147548384764,2005.1000000000058,Gold,GC=F,₹/10g,Precious metal
2026-07-07,4145.2998046875,4167.2001953125,4107.2001953125,4126.5,53,95.60350036621094,126837.12,128088.13,126243.9,127414.98,0.0017141921810381877,1844.2300000000105,Gold,GC=F,₹/10g,Precious metal
2026-07-08,4070.89990234375,4120.2998046875,4053.0,4116.2998046875,292,95.60350036621094,126523.6,126646.55,124577.94,125128.13,-0.017948046611159785,2068.6100000000006,Gold,GC=F,₹/10g,Precious metal
2026-07-09,4130.60009765625,4130.60009765625,4064.199951171875,4066.39990234375,13,95.60350036621094,124989.81,126963.15,124922.19,126963.15,0.014665127657545796,2040.9599999999919,Gold,GC=F,₹/10g,Precious metal
2026-07-10,4104.10009765625,4125.7998046875,4090.60009765625,4122.2998046875,389,95.60350036621094,126708.02,126815.6,125733.66,126148.61,-0.00641556231079643,1081.9400000000023,Gold,GC=F,₹/10g,Precious metal
2026-07-13,3997.0,4081.0,3985.89990234375,4081.0,679,95.60350036621094,125438.58,125438.58,122515.47,122856.65,-0.02609588801652274,2923.1100000000006,Gold,GC=F,₹/10g,Precious metal
2026-07-14,4061.10009765625,4091.199951171875,3986.5,3995.699951171875,1281,95.60350036621094,122816.69,125752.1,122533.91,124826.91,0.016037064334734952,3218.1900000000023,Gold,GC=F,₹/10g,Precious metal
2026-07-15,4044.0,4070.10009765625,4019.39990234375,4049.10009765625,374,95.60350036621094,124458.07,125103.55,123545.16,124301.3,-0.004210710655258576,1558.3899999999994,Gold,GC=F,₹/10g,Precious metal
2026-07-16,3985.60009765625,4030.5,3972.60009765625,4030.5,812,95.60350036621094,123886.35,123886.35,122106.67,122506.25,-0.01444112008482612,1779.6800000000076,Gold,GC=F,₹/10g,Precious metal
2026-07-17,4012.699951171875,4017.199951171875,3964.199951171875,3975.5,141,95.60350036621094,122195.8,123477.54,121848.47,123339.23,0.0067994898219478905,1629.0699999999924,Gold,GC=F,₹/10g,Precious metal
2026-07-20,4010.300048828125,4018.89990234375,4002.699951171875,4003.39990234375,231,95.60350036621094,123053.37,123529.8,123031.85,123265.46,-0.0005981065391764684,497.9499999999971,Gold,GC=F,₹/10g,Precious metal
2026-07-21,4071.10009765625,4071.10009765625,3999.699951171875,4002.10009765625,87,95.60350036621094,123013.42,125134.28,122939.64,125134.28,0.01516093802757057,2194.6399999999994,Gold,GC=F,₹/10g,Precious metal
2026-07-22,4146.89990234375,4152.10009765625,4096.2001953125,4096.2001953125,133,95.60350036621094,125905.79,127624.0,125905.79,127464.16,0.01861903868388426,1718.2100000000064,Gold,GC=F,₹/10g,Precious metal
2026-07-23,4046.60009765625,4130.89990234375,4046.60009765625,4129.89990234375,59,95.60350036621094,126941.63,126972.36,124381.22,124381.22,-0.02418672040830927,2591.1399999999994,Gold,GC=F,₹/10g,Precious metal
2026-07-24,4067.60009765625,4068.0,4067.60009765625,4067.60009765625,2,95.60350036621094,125026.7,125039.0,125026.7,125026.7,0.005189529416096628,12.30000000000291,Gold,GC=F,₹/10g,Precious metal
2026-07-27,4074.5,4107.89990234375,4072.699951171875,4090.10009765625,36,95.60350036621094,125718.29,126265.41,125183.46,125238.79,0.0016963576580042439,1081.949999999997,Gold,GC=F,₹/10g,Precious metal
2026-07-28,4036.300048828125,4036.300048828125,4025.699951171875,4025.699951171875,248,95.60350036621094,123738.81,124064.63,123738.81,124064.63,-0.009375370043099185,325.820000000007,Gold,GC=F,₹/10g,Precious metal
2026-07-29,4034.699951171875,4034.699951171875,4017.89990234375,4018.10009765625,89664,95.60350036621094,123505.21,124015.44,123499.06,124015.44,-0.0003964868955801393,516.3800000000047,Gold,GC=F,₹/10g,Precious metal
2026-07-30,4100.10009765625,4118.5,4028.5,4060.699951171875,16985,95.60350036621094,124814.61,126591.22,123824.88,126025.66,0.016209433277017737,2766.3399999999965,Gold,GC=F,₹/10g,Precious metal
2026-07-31,4049.10009765625,4102.39990234375,4022.39990234375,4102.39990234375,1166,95.60350036621094,126096.35,126096.35,123637.38,124458.07,-0.01243865733375249,2458.970000000001,Gold,GC=F,₹/10g,Precious metal
2026-08-03,4033.699951171875,4083.5,4026.5,4083.39990234375,698,95.60350036621094,125512.35,125515.42,123763.4,123984.71,-0.003803369279308244,1752.020000000004,Gold,GC=F,₹/10g,Precious metal
2026-08-04,4095.39990234375,4095.39990234375,4048.800048828125,4050.5,426,95.60350036621094,124501.09,125881.19,124448.84,125881.19,0.015296079653692729,1432.3500000000058,Gold,GC=F,₹/10g,Precious metal
2026-08-05,4245.7998046875,4262.2001953125,4129.5,4130.0,1349,95.60350036621094,126944.7,131008.17,126929.33,130504.07,0.036724152353500905,4078.8399999999965,Gold,GC=F,₹/10g,Precious metal
2026-08-06,4242.0,4297.0,4228.0,4297.0,3101,95.60350036621094,132077.82,132077.82,129956.95,130387.27,-0.0008949912443343422,2120.87000000001,Gold,GC=F,₹/10g,Precious metal
2026-08-07,4340.7001953125,4371.5,4274.0,4277.0,3101,95.60350036621094,131463.07,134367.74,131370.86,133421.04,0.02326737878628804,2996.8800000000047,Gold,GC=F,₹/10g,Precious metal
