date,close_usd,high_usd,low_usd,open_usd,volume,usdinr,open_inr,high_inr,low_inr,close_inr,daily_return,price_range_inr,commodity,ticker,unit,sector
2010-01-04,5.883999824523926,5.894000053405762,5.704999923706055,5.704999923706055,78858,46.28799819946289,264.07,272.82,264.07,272.36,,8.75,Natural Gas,NG=F,₹/kg,Energy
2010-01-05,5.63700008392334,5.857999801635742,5.614999771118164,5.836999893188477,99492,46.119998931884766,269.2,270.17,258.96,259.98,-0.045454545454545414,11.210000000000036,Natural Gas,NG=F,₹/kg,Energy
2010-01-06,6.008999824523926,6.074999809265137,5.650000095367432,5.690000057220459,140611,45.720001220703125,260.15,277.75,258.32,274.73,0.05673513347180559,19.430000000000007,Natural Gas,NG=F,₹/kg,Energy
2010-01-07,5.806000232696533,6.107999801635742,5.763000011444092,6.0329999923706055,135113,45.6879997253418,275.64,279.06,263.3,265.26,-0.034470207112437756,15.759999999999991,Natural Gas,NG=F,₹/kg,Energy
2010-01-08,5.749000072479248,5.853000164031982,5.620999813079834,5.827000141143799,101153,45.51800155639648,265.23,266.42,255.86,261.68,-0.013496192414989006,10.560000000000002,Natural Gas,NG=F,₹/kg,Energy
2010-01-11,5.453999996185303,5.625,5.370999813079834,5.576000213623047,120791,45.358001708984375,252.92,255.14,243.62,247.38,-0.05464689697340264,11.519999999999982,Natural Gas,NG=F,₹/kg,Energy
2010-01-12,5.591000080108643,5.605000019073486,5.354000091552734,5.485000133514404,109931,45.61800003051758,250.21,255.69,244.24,255.05,0.03100493168404883,11.449999999999989,Natural Gas,NG=F,₹/kg,Energy
2010-01-13,5.732999801635742,5.784999847412109,5.432000160217285,5.5879998207092285,158387,45.48799896240234,254.19,263.15,247.09,260.78,0.02246618310135262,16.059999999999974,Natural Gas,NG=F,₹/kg,Energy
2010-01-14,5.5879998207092285,5.803999900817871,5.482999801635742,5.754000186920166,160793,45.5629997253418,262.17,264.45,249.82,254.61,-0.023659789861185554,14.629999999999995,Natural Gas,NG=F,₹/kg,Energy
2010-01-15,5.690999984741211,5.73199987411499,5.519000053405762,5.586999893188477,105406,45.803001403808594,255.9,262.54,252.79,260.66,0.023761831821216717,9.750000000000028,Natural Gas,NG=F,₹/kg,Energy
2010-01-19,5.557000160217285,5.686999797821045,5.443999767303467,5.639999866485596,150327,45.84799957275391,258.58,260.74,249.6,254.78,-0.022558121691091948,11.140000000000015,Natural Gas,NG=F,₹/kg,Energy
2010-01-20,5.495999813079834,5.625,5.464000225067139,5.59499979019165,72278,46.11800003051758,258.03,259.41,251.99,253.46,-0.005180940419185154,7.420000000000016,Natural Gas,NG=F,₹/kg,Energy
2010-01-21,5.614999771118164,5.736000061035156,5.480000019073486,5.486999988555908,115564,46.108001708984375,252.99,264.48,252.67,258.9,0.021462952734159213,11.81000000000003,Natural Gas,NG=F,₹/kg,Energy
2010-01-22,5.818999767303467,5.86899995803833,5.650000095367432,5.6579999923706055,104038,46.22299957275391,261.53,271.28,261.16,268.97,0.038895326380842254,10.119999999999948,Natural Gas,NG=F,₹/kg,Energy
2010-01-25,5.7220001220703125,5.854000091552734,5.671000003814697,5.821000099182129,85294,46.07799911499024,268.22,269.74,261.31,263.66,-0.01974197865933003,8.430000000000007,Natural Gas,NG=F,₹/kg,Energy
2010-01-26,5.485000133514404,5.7210001945495605,5.434000015258789,5.706999778747559,65645,45.84799957275391,261.65,262.3,249.14,251.48,-0.04619585830235928,13.160000000000025,Natural Gas,NG=F,₹/kg,Energy
2010-01-27,5.27400016784668,5.48199987411499,5.2230000495910645,5.460000038146973,109503,46.31800079345703,252.9,253.92,241.92,244.28,-0.028630507396214422,12.0,Natural Gas,NG=F,₹/kg,Energy
2010-01-28,5.138000011444092,5.257999897003174,5.059999942779541,5.230000019073486,107008,46.34799957275391,242.4,243.7,234.52,238.14,-0.025135090879318867,9.179999999999978,Natural Gas,NG=F,₹/kg,Energy
2010-01-29,5.13100004196167,5.284999847412109,5.093999862670898,5.190000057220459,79679,46.09799957275391,239.25,243.63,234.82,236.53,-0.006760728982951103,8.810000000000002,Natural Gas,NG=F,₹/kg,Energy
2010-02-01,5.434000015258789,5.449999809265137,5.236000061035156,5.247000217437744,106102,46.28799819946289,242.87,252.27,242.36,251.53,0.06341690271847122,9.909999999999997,Natural Gas,NG=F,₹/kg,Energy
2010-02-02,5.453999996185303,5.538000106811523,5.377999782562256,5.435999870300293,104917,46.09999847412109,250.6,255.3,247.93,251.43,-0.0003975668906293084,7.3700000000000045,Natural Gas,NG=F,₹/kg,Energy
2010-02-03,5.419000148773193,5.558000087738037,5.360000133514404,5.440999984741211,97203,45.900001525878906,249.74,255.11,246.02,248.73,-0.010738575349003798,9.090000000000003,Natural Gas,NG=F,₹/kg,Energy
2010-02-04,5.415999889373779,5.5,5.2270002365112305,5.406000137329102,132333,46.209999084472656,249.81,254.15,241.54,250.27,0.00619145257910203,12.610000000000014,Natural Gas,NG=F,₹/kg,Energy
2010-02-05,5.514999866485596,5.5980000495910645,5.382999897003174,5.485000133514404,149134,46.619998931884766,255.71,260.98,250.96,257.11,0.027330483078275458,10.02000000000001,Natural Gas,NG=F,₹/kg,Energy
2010-02-08,5.401000022888184,5.679999828338623,5.395999908447266,5.6020002365112305,140790,46.709999084472656,261.67,265.31,252.05,252.28,-0.018785733732643695,13.259999999999991,Natural Gas,NG=F,₹/kg,Energy
2010-02-09,5.289999961853027,5.466000080108643,5.26200008392334,5.420000076293945,148510,46.38999938964844,251.43,253.57,244.1,245.4,-0.027271285872839668,9.469999999999999,Natural Gas,NG=F,₹/kg,Energy
2010-02-10,5.291999816894531,5.380000114440918,5.239999771118164,5.3480000495910645,138424,46.37799835205078,248.03,249.51,243.02,245.43,0.0001222493887531595,6.489999999999981,Natural Gas,NG=F,₹/kg,Energy
2010-02-11,5.395999908447266,5.415999889373779,5.285999774932861,5.296999931335449,135613,46.400001525878906,245.78,251.3,245.27,250.37,0.0201279387197979,6.030000000000001,Natural Gas,NG=F,₹/kg,Energy
2010-02-12,5.4679999351501465,5.556000232696533,5.203999996185303,5.4039998054504395,149081,46.400001525878906,250.75,257.8,241.47,253.72,0.01338019730798412,16.330000000000013,Natural Gas,NG=F,₹/kg,Energy
2010-02-16,5.309999942779541,5.559999942779541,5.304999828338623,5.428999900817871,140885,45.97999954223633,249.63,255.65,243.92,244.15,-0.03771874507330908,11.730000000000018,Natural Gas,NG=F,₹/kg,Energy
2010-02-17,5.386000156402588,5.414000034332275,5.27400016784668,5.349999904632568,91203,46.007999420166016,246.14,249.09,242.65,247.8,0.014949825926684479,6.439999999999998,Natural Gas,NG=F,₹/kg,Energy
2010-02-18,5.171999931335449,5.419000148773193,5.135000228881836,5.386000156402588,118534,46.13999938964844,248.51,250.03,236.93,238.64,-0.03696529459241338,13.099999999999994,Natural Gas,NG=F,₹/kg,Energy
2010-02-19,5.044000148773193,5.166999816894531,5.007999897003174,5.151000022888184,96759,46.18000030517578,237.87,238.61,231.27,232.93,-0.023927254441836965,7.340000000000003,Natural Gas,NG=F,₹/kg,Energy
2010-02-22,4.894999980926514,4.9770002365112305,4.841000080108643,4.949999809265137,78058,46.09999847412109,228.19,229.44,223.17,225.66,-0.03121109346155504,6.27000000000001,Natural Gas,NG=F,₹/kg,Energy
2010-02-23,4.7779998779296875,4.934000015258789,4.765999794006348,4.914999961853027,66648,46.26800155639648,227.41,228.29,220.51,221.07,-0.020340335017282607,7.780000000000001,Natural Gas,NG=F,₹/kg,Energy
2010-02-24,4.815999984741211,4.883999824523926,4.744999885559082,4.7729997634887695,89828,46.28799819946289,220.93,226.07,219.64,222.92,0.00836839010268231,6.430000000000007,Natural Gas,NG=F,₹/kg,Energy
2010-02-25,4.767000198364258,4.894000053405762,4.743000030517578,4.875999927520752,84370,46.29999923706055,225.76,226.59,219.6,220.71,-0.009913870446796924,6.990000000000009,Natural Gas,NG=F,₹/kg,Energy
2010-02-26,4.813000202178955,4.853000164031982,4.738999843597412,4.800000190734863,69232,45.900001525878906,220.32,222.75,217.52,220.92,0.0009514747859180606,5.22999999999999,Natural Gas,NG=F,₹/kg,Energy
2010-03-01,4.678999900817871,4.86899995803833,4.659999847412109,4.771999835968018,89836,46.0,219.51,223.97,214.36,215.23,-0.02575592974832519,9.609999999999985,Natural Gas,NG=F,₹/kg,Energy
2010-03-02,4.708000183105469,4.755000114440918,4.65500020980835,4.692999839782715,85649,46.02799987792969,216.01,218.86,214.26,216.7,0.006829902894577966,4.600000000000023,Natural Gas,NG=F,₹/kg,Energy
2010-03-03,4.756999969482422,4.789999961853027,4.679999828338623,4.71999979019165,66167,45.54999923706055,215.0,218.18,213.17,216.68,-9.229349330863723e-05,5.010000000000019,Natural Gas,NG=F,₹/kg,Energy
2010-03-04,4.574999809265137,4.7870001792907715,4.556000232696533,4.761000156402588,102372,45.66999816894531,217.43,218.62,208.07,208.94,-0.03572087871515606,10.550000000000011,Natural Gas,NG=F,₹/kg,Energy
2010-03-05,4.5929999351501465,4.625999927520752,4.539999961853027,4.59499979019165,64872,45.45000076293945,208.84,210.25,206.34,208.75,-0.0009093519670718697,3.9099999999999966,Natural Gas,NG=F,₹/kg,Energy
2010-03-08,4.5269999504089355,4.574999809265137,4.458000183105469,4.5370001792907715,68080,45.400001525878906,205.98,207.7,202.39,205.53,-0.015425149700598828,5.310000000000002,Natural Gas,NG=F,₹/kg,Energy
2010-03-09,4.515999794006348,4.603000164031982,4.47599983215332,4.515999794006348,74653,45.54999923706055,205.7,209.67,203.88,205.7,0.0008271298593878207,5.789999999999992,Natural Gas,NG=F,₹/kg,Energy
2010-03-10,4.559000015258789,4.59499979019165,4.449999809265137,4.510000228881836,95843,45.310001373291016,204.35,208.2,201.63,206.57,0.0042294603791930285,6.569999999999993,Natural Gas,NG=F,₹/kg,Energy
2010-03-11,4.440000057220459,4.5929999351501465,4.414999961853027,4.576000213623047,98139,45.45000076293945,207.98,208.75,200.66,201.8,-0.023091445998934867,8.090000000000003,Natural Gas,NG=F,₹/kg,Energy
2010-03-12,4.400000095367432,4.468999862670898,4.376999855041504,4.414999961853027,56909,45.49800109863281,200.87,203.33,199.14,200.19,-0.007978196233895063,4.190000000000026,Natural Gas,NG=F,₹/kg,Energy
2010-03-15,4.390999794006348,4.447000026702881,4.334000110626221,4.388999938964844,101163,45.55799865722656,199.95,202.6,197.45,200.05,-0.0006993356311503218,5.150000000000006,Natural Gas,NG=F,₹/kg,Energy
2010-03-16,4.3470001220703125,4.422999858856201,4.322999954223633,4.385000228881836,106939,45.38999938964844,199.04,200.76,196.22,197.31,-0.013696575856036008,4.539999999999992,Natural Gas,NG=F,₹/kg,Energy
2010-03-17,4.302999973297119,4.368000030517578,4.28000020980835,4.334000110626221,80233,45.27999877929688,196.24,197.78,193.8,194.84,-0.01251837210480966,3.9799999999999898,Natural Gas,NG=F,₹/kg,Energy
2010-03-18,4.085000038146973,4.291999816894531,4.053999900817871,4.289000034332275,153905,45.38999938964844,194.68,194.81,184.01,185.42,-0.04834736193800049,10.800000000000011,Natural Gas,NG=F,₹/kg,Energy
2010-03-19,4.169000148773193,4.175000190734863,4.050000190734863,4.091000080108643,74118,45.25,185.12,188.92,183.26,188.65,0.017419911552152056,5.659999999999997,Natural Gas,NG=F,₹/kg,Energy
2010-03-22,4.078999996185303,4.168000221252441,4.035999774932861,4.1579999923706055,81871,45.470001220703125,189.06,189.52,183.52,185.47,-0.016856612774980184,6.0,Natural Gas,NG=F,₹/kg,Energy
2010-03-23,4.130000114440918,4.159999847412109,4.058000087738037,4.116000175476074,76253,45.400001525878906,186.87,188.86,184.23,187.5,0.01094516633417797,4.630000000000024,Natural Gas,NG=F,₹/kg,Energy
2010-03-24,4.105000019073486,4.142000198364258,4.052000045776367,4.142000198364258,75399,45.400001525878906,188.05,188.05,183.96,186.37,-0.006026666666666625,4.090000000000003,Natural Gas,NG=F,₹/kg,Energy
2010-03-25,3.9809999465942383,4.111999988555908,3.940000057220459,4.0920000076293945,86751,45.48799896240234,186.14,187.05,179.22,181.09,-0.028330739925953807,7.8300000000000125,Natural Gas,NG=F,₹/kg,Energy
2010-03-26,3.871999979019165,3.996999979019165,3.86299991607666,3.9739999771118164,67942,45.11000061035156,179.27,180.3,174.26,174.67,-0.03545198520072901,6.0400000000000205,Natural Gas,NG=F,₹/kg,Energy
2010-03-29,3.8420000076293945,3.950000047683716,3.819999933242798,3.865999937057495,87640,44.79999923706055,173.2,176.96,171.14,172.12,-0.014598958035151877,5.820000000000022,Natural Gas,NG=F,₹/kg,Energy
2010-03-30,3.9730000495910645,4.014999866485596,3.8469998836517334,3.884999990463257,80173,44.93999862670898,174.59,180.43,172.88,178.55,0.03735765744829189,7.550000000000011,Natural Gas,NG=F,₹/kg,Energy
2010-03-31,3.86899995803833,4.078999996185303,3.859999895095825,4.002999782562256,114055,44.79999923706055,179.33,182.74,172.93,173.33,-0.029235508260991305,9.810000000000002,Natural Gas,NG=F,₹/kg,Energy
2010-04-01,4.085999965667725,4.1570000648498535,3.809999942779541,3.874000072479248,154510,44.59999847412109,172.78,185.4,169.93,182.24,0.05140483470835977,15.469999999999999,Natural Gas,NG=F,₹/kg,Energy
2010-04-05,4.2769999504089355,4.311999797821045,4.001999855041504,4.0960001945495605,108980,44.36000061035156,181.7,191.28,177.53,189.73,0.0410996488147497,13.75,Natural Gas,NG=F,₹/kg,Energy
2010-04-06,4.0960001945495605,4.334000110626221,4.065999984741211,4.283999919891357,125892,44.34000015258789,189.95,192.17,180.29,181.62,-0.042744953354767246,11.879999999999995,Natural Gas,NG=F,₹/kg,Energy
2010-04-07,4.019000053405762,4.172999858856201,4.010000228881836,4.11899995803833,115381,44.400001525878906,182.88,185.28,178.04,178.44,-0.01750908490254377,7.240000000000009,Natural Gas,NG=F,₹/kg,Energy
2010-04-08,3.9089999198913574,4.098999977111816,3.8570001125335693,4.008999824523926,139300,44.34000015258789,177.76,181.75,171.02,173.33,-0.028637076888589963,10.72999999999999,Natural Gas,NG=F,₹/kg,Energy
2010-04-09,4.070000171661377,4.1020002365112305,3.9070000648498535,3.938999891281128,129795,44.119998931884766,173.79,180.98,172.38,179.57,0.03600069232100611,8.599999999999994,Natural Gas,NG=F,₹/kg,Energy
2010-04-12,4.007999897003174,4.179999828338623,3.936000108718872,4.0929999351501465,168495,44.34000015258789,181.48,185.34,174.52,177.71,-0.010358077629893603,10.819999999999993,Natural Gas,NG=F,₹/kg,Energy
2010-04-13,4.159999847412109,4.166999816894531,3.947000026702881,4.01200008392334,152067,44.57799911499024,178.85,185.76,175.95,185.44,0.043497833549040577,9.810000000000002,Natural Gas,NG=F,₹/kg,Energy
2010-04-14,4.198999881744385,4.269000053405762,4.113999843597412,4.1539998054504395,163603,44.209999084472656,183.65,188.73,181.88,185.64,0.0010785159620361195,6.849999999999994,Natural Gas,NG=F,₹/kg,Energy
2010-04-15,3.984999895095825,4.216000080108643,3.9670000076293945,4.184999942779541,162637,44.290000915527344,185.35,186.73,175.7,176.5,-0.04923507864684329,11.030000000000001,Natural Gas,NG=F,₹/kg,Energy
2010-04-16,4.039000034332275,4.098999977111816,3.984999895095825,4.01200008392334,123292,44.31800079345703,177.8,181.66,176.61,179.0,0.014164305949008416,5.049999999999983,Natural Gas,NG=F,₹/kg,Energy
2010-04-19,3.944000005722046,4.077000141143799,3.9019999504089355,4.038000106811523,117500,44.72800064086914,180.61,182.36,174.53,176.41,-0.014469273743016764,7.8300000000000125,Natural Gas,NG=F,₹/kg,Energy
2010-04-20,3.9749999046325684,3.993000030517578,3.878999948501587,3.9579999446868896,99489,44.38999938964844,175.7,177.25,172.19,176.45,0.0002267445156169945,5.060000000000002,Natural Gas,NG=F,₹/kg,Energy
2010-04-21,3.9549999237060547,4.044000148773193,3.933000087738037,3.9749999046325684,84897,44.400001525878906,176.49,179.55,174.63,175.6,-0.004817228676678886,4.920000000000016,Natural Gas,NG=F,₹/kg,Energy
2010-04-22,4.127999782562256,4.150000095367432,3.930000066757202,3.9820001125335693,125222,44.43999862670898,176.96,184.43,174.65,183.45,0.04470387243735763,9.780000000000001,Natural Gas,NG=F,₹/kg,Energy
2010-04-23,4.256999969482422,4.322000026702881,4.066999912261963,4.117000102996826,109555,44.290000915527344,182.34,191.42,180.13,188.54,0.027745979831016676,11.289999999999992,Natural Gas,NG=F,₹/kg,Energy
2010-04-26,4.26200008392334,4.313000202178955,4.173999786376953,4.289999961853027,84697,44.25,189.83,190.85,184.7,188.59,0.00026519571443728296,6.150000000000006,Natural Gas,NG=F,₹/kg,Energy
2010-04-27,4.216000080108643,4.293000221252441,4.190999984741211,4.238999843597412,65528,44.45000076293945,188.42,190.82,186.29,187.4,-0.006309984622726583,4.530000000000001,Natural Gas,NG=F,₹/kg,Energy
2010-04-28,4.270999908447266,4.326000213623047,4.185999870300293,4.206999778747559,104357,44.5,187.21,192.51,186.28,190.06,0.014194236926360793,6.22999999999999,Natural Gas,NG=F,₹/kg,Energy
2010-04-29,3.9800000190734863,4.386000156402588,3.9670000076293945,4.3480000495910645,191785,44.45000076293945,193.27,194.96,176.33,176.91,-0.0691886772598127,18.629999999999995,Natural Gas,NG=F,₹/kg,Energy
2010-04-30,3.9200000762939453,4.065000057220459,3.884999990463257,4.010000228881836,109368,44.25,177.44,179.88,171.91,173.46,-0.019501441410886833,7.969999999999999,Natural Gas,NG=F,₹/kg,Energy
2010-05-03,4.0,4.014999866485596,3.890000104904175,3.934999942779541,79141,44.400001525878906,174.71,178.27,172.72,177.6,0.023867173988239232,5.550000000000011,Natural Gas,NG=F,₹/kg,Energy
2010-05-04,4.013000011444092,4.046000003814697,3.9630000591278076,4.008999824523926,81142,44.54999923706055,178.6,180.25,176.55,178.78,0.006644144144144271,3.6999999999999886,Natural Gas,NG=F,₹/kg,Energy
2010-05-05,3.990999937057495,4.039999961853027,3.924999952316284,4.03000020980835,70781,44.84999847412109,180.75,181.19,176.04,179.0,0.001230562702763116,5.150000000000006,Natural Gas,NG=F,₹/kg,Energy
2010-05-06,3.928999900817871,4.10099983215332,3.8550000190734863,3.9779999256134033,102828,45.459999084472656,180.84,186.43,175.25,178.61,-0.002178770949720632,11.180000000000007,Natural Gas,NG=F,₹/kg,Energy
2010-05-07,4.014999866485596,4.039000034332275,3.9000000953674316,3.936000108718872,86657,45.417999267578125,178.77,183.44,177.13,182.35,0.020939477072952073,6.310000000000002,Natural Gas,NG=F,₹/kg,Energy
2010-05-10,4.170000076293945,4.235000133514404,4.00600004196167,4.014999866485596,127282,44.76300048828125,179.72,189.57,179.32,186.66,0.023635865094598252,10.25,Natural Gas,NG=F,₹/kg,Energy
2010-05-11,4.13100004196167,4.224999904632568,4.109000205993652,4.1570000648498535,92216,44.9900016784668,187.02,190.08,184.86,185.85,-0.00433944069431047,5.219999999999999,Natural Gas,NG=F,₹/kg,Energy
2010-05-12,4.283999919891357,4.291999816894531,4.132999897003174,4.138000011444092,131549,44.95000076293945,186.0,192.93,185.78,192.57,0.0361581920903955,7.150000000000006,Natural Gas,NG=F,₹/kg,Energy
2010-05-13,4.339000225067139,4.414000034332275,4.1539998054504395,4.2769999504089355,173506,44.93999862670898,192.21,198.37,186.68,194.99,0.01256685880459063,11.689999999999998,Natural Gas,NG=F,₹/kg,Energy
2010-05-14,4.311999797821045,4.349999904632568,4.251999855041504,4.307000160217285,109172,45.25,194.89,196.84,192.4,195.12,0.0006667008564542609,4.439999999999998,Natural Gas,NG=F,₹/kg,Energy
2010-05-17,4.3979997634887695,4.409999847412109,4.2820000648498535,4.324999809265137,116913,45.52799987792969,196.91,200.78,194.95,200.23,0.026189011890118907,5.8300000000000125,Natural Gas,NG=F,₹/kg,Energy
2010-05-18,4.3420000076293945,4.49399995803833,4.296000003814697,4.4120001792907715,107676,45.560001373291016,201.01,204.75,195.73,197.82,-0.012036158417819465,9.02000000000001,Natural Gas,NG=F,₹/kg,Energy
2010-05-19,4.1579999923706055,4.341000080108643,4.13100004196167,4.335999965667725,106976,46.27299880981445,200.64,200.87,191.15,192.4,-0.02739864523304003,9.719999999999999,Natural Gas,NG=F,₹/kg,Energy
2010-05-20,4.105999946594238,4.206999778747559,4.039999961853027,4.1620001792907715,112683,46.7400016784668,194.53,196.64,188.83,191.91,-0.0025467775467775677,7.809999999999974,Natural Gas,NG=F,₹/kg,Energy
2010-05-21,4.034999847412109,4.175000190734863,4.019999980926514,4.117000102996826,84607,46.917999267578125,193.16,195.88,188.61,189.31,-0.01354801729977595,7.269999999999982,Natural Gas,NG=F,₹/kg,Energy
2010-05-24,4.017000198364258,4.067999839782715,3.9860000610351562,4.0370001792907715,62436,46.810001373291016,188.97,190.42,186.58,188.04,-0.0067085732396598985,3.839999999999975,Natural Gas,NG=F,₹/kg,Energy
2010-05-25,4.051000118255615,4.081999778747559,3.9860000610351562,4.045000076293945,46069,47.47999954223633,192.06,193.81,189.26,192.34,0.02286747500531816,4.550000000000011,Natural Gas,NG=F,₹/kg,Energy
2010-05-26,4.15500020980835,4.244999885559082,4.070000171661377,4.0980000495910645,108945,47.09999847412109,193.02,199.94,191.7,195.7,0.01746906519704683,8.240000000000009,Natural Gas,NG=F,₹/kg,Energy
2010-05-27,4.294000148773193,4.329999923706055,4.1539998054504395,4.175000190734863,92962,46.720001220703125,195.06,202.3,194.07,200.62,0.02514052120592747,8.230000000000018,Natural Gas,NG=F,₹/kg,Energy
2010-05-28,4.341000080108643,4.39900016784668,4.260000228881836,4.336999893188477,99760,46.29999923706055,200.8,203.67,197.24,200.99,0.001844282723556967,6.429999999999978,Natural Gas,NG=F,₹/kg,Energy
2010-06-01,4.248000144958496,4.431000232696533,4.2270002365112305,4.349999904632568,98911,47.08300018310547,204.81,208.62,199.02,200.01,-0.0048758644708692955,9.599999999999994,Natural Gas,NG=F,₹/kg,Energy
2010-06-02,4.423999786376953,4.440000057220459,4.2170000076293945,4.2170000076293945,111384,46.79999923706055,197.36,207.79,197.36,207.04,0.03514824258787064,10.429999999999978,Natural Gas,NG=F,₹/kg,Energy
2010-06-03,4.690000057220459,4.703000068664551,4.379000186920166,4.436999797821045,173310,46.5,206.32,218.69,203.62,218.09,0.05337132921174659,15.069999999999993,Natural Gas,NG=F,₹/kg,Energy
2010-06-04,4.796999931335449,4.9770002365112305,4.609000205993652,4.698999881744385,164532,46.86000061035156,220.2,233.22,215.98,224.79,0.030721261864367966,17.24000000000001,Natural Gas,NG=F,₹/kg,Energy
2010-06-07,4.915999889373779,4.943999767303467,4.659999847412109,4.841000080108643,149432,46.790000915527344,226.51,231.33,218.04,230.02,0.02326615952666944,13.29000000000002,Natural Gas,NG=F,₹/kg,Energy
2010-06-08,4.808000087738037,4.994999885559082,4.747000217437744,4.968999862670898,151091,46.83000183105469,232.7,233.92,222.3,225.16,-0.021128597513259795,11.619999999999976,Natural Gas,NG=F,₹/kg,Energy
2010-06-09,4.677000045776367,4.835999965667725,4.666999816894531,4.785999774932861,116519,46.810001373291016,224.03,226.37,218.46,218.93,-0.02766921300408598,7.909999999999997,Natural Gas,NG=F,₹/kg,Energy
2010-06-10,4.646999835968018,4.808000087738037,4.627999782562256,4.675000190734863,146720,46.75,218.56,224.77,216.36,217.25,-0.007673685652948459,8.409999999999997,Natural Gas,NG=F,₹/kg,Energy
2010-06-11,4.781000137329102,4.815000057220459,4.675000190734863,4.698999881744385,100403,46.75,219.68,225.1,218.56,223.51,0.028814729574223152,6.539999999999992,Natural Gas,NG=F,₹/kg,Energy
2010-06-14,5.00600004196167,5.041999816894531,4.861000061035156,4.861000061035156,137618,46.400001525878906,225.55,233.95,225.55,232.28,0.03923761800366887,8.399999999999977,Natural Gas,NG=F,₹/kg,Energy
2010-06-15,5.189000129699707,5.193999767303467,5.02400016784668,5.084000110626221,139488,46.400001525878906,235.9,241.0,233.11,240.77,0.036550714654727035,7.889999999999986,Natural Gas,NG=F,₹/kg,Energy
2010-06-16,4.978000164031982,5.196000099182129,4.965000152587891,5.1519999504089355,118021,46.40999984741211,239.1,241.15,230.43,231.03,-0.04045354487685349,10.719999999999999,Natural Gas,NG=F,₹/kg,Energy
2010-06-17,5.1620001792907715,5.177999973297119,4.980000019073486,5.01200008392334,148765,46.09000015258789,231.0,238.65,229.53,237.92,0.02982296671427953,9.120000000000005,Natural Gas,NG=F,₹/kg,Energy
2010-06-18,4.997000217437744,5.190000057220459,4.986999988555908,5.127999782562256,90592,46.0099983215332,235.94,238.79,229.45,229.91,-0.033666778749159354,9.340000000000003,Natural Gas,NG=F,₹/kg,Energy
2010-06-21,4.873000144958496,5.182000160217285,4.826000213623047,5.044000148773193,126783,45.65999984741211,230.31,236.61,220.36,222.5,-0.03223000304466961,16.25,Natural Gas,NG=F,₹/kg,Energy
2010-06-22,4.75600004196167,4.888000011444092,4.690999984741211,4.869999885559082,109470,46.02000045776367,224.12,224.95,215.88,218.87,-0.016314606741573034,9.069999999999993,Natural Gas,NG=F,₹/kg,Energy
2010-06-23,4.803999900817871,4.877999782562256,4.745999813079834,4.7769999504089355,101329,46.150001525878906,220.46,225.12,219.03,221.7,0.012930049801251897,6.090000000000003,Natural Gas,NG=F,₹/kg,Energy
2010-06-24,4.748000144958496,4.855000019073486,4.697999954223633,4.810999870300293,72922,46.2599983215332,222.56,224.59,217.33,219.64,-0.009291835814163263,7.259999999999991,Natural Gas,NG=F,₹/kg,Energy
2010-06-25,4.861000061035156,4.89300012588501,4.739999771118164,4.769000053405762,66231,46.150001525878906,220.09,225.81,218.75,224.34,0.021398652340193225,7.060000000000002,Natural Gas,NG=F,₹/kg,Energy
2010-06-28,4.7170000076293945,4.841000080108643,4.695000171661377,4.828999996185303,78326,46.09999847412109,222.62,223.17,216.44,217.45,-0.03071231166978705,6.72999999999999,Natural Gas,NG=F,₹/kg,Energy
2010-06-29,4.547999858856201,4.75600004196167,4.525000095367432,4.730000019073486,98804,46.40999984741211,219.52,220.73,210.01,211.07,-0.029340078178891726,10.719999999999999,Natural Gas,NG=F,₹/kg,Energy
2010-06-30,4.616000175476074,4.626999855041504,4.4770002365112305,4.561999797821045,92607,46.400001525878906,211.68,214.69,207.73,214.18,0.014734448287298196,6.960000000000008,Natural Gas,NG=F,₹/kg,Energy
2010-07-01,4.854000091552734,4.922999858856201,4.533999919891357,4.636000156402588,138080,46.40999984741211,215.16,228.48,210.42,225.27,0.051778877579605975,18.060000000000002,Natural Gas,NG=F,₹/kg,Energy
2010-07-02,4.686999797821045,4.870999813079834,4.61299991607666,4.829999923706055,95150,46.560001373291016,224.88,226.79,214.78,218.23,-0.03125138722421994,12.009999999999991,Natural Gas,NG=F,₹/kg,Energy
2010-07-06,4.682000160217285,4.900000095367432,4.639999866485596,4.659999847412109,111455,46.59999847412109,217.16,228.34,216.22,218.18,-0.00022911607020104086,12.120000000000005,Natural Gas,NG=F,₹/kg,Energy
2010-07-07,4.565000057220459,4.78000020980835,4.554999828338623,4.6620001792907715,97657,46.95000076293945,218.88,224.42,213.86,214.33,-0.01764598038316978,10.559999999999974,Natural Gas,NG=F,₹/kg,Energy
2010-07-08,4.39900016784668,4.61899995803833,4.355000019073486,4.5980000495910645,125606,46.650001525878906,214.5,215.48,203.16,205.21,-0.04255120608407592,12.319999999999993,Natural Gas,NG=F,₹/kg,Energy
2010-07-09,4.4019999504089355,4.454999923706055,4.339000225067139,4.413000106811523,72604,46.52000045776367,205.29,207.25,201.85,204.78,-0.0020954144534867103,5.400000000000006,Natural Gas,NG=F,₹/kg,Energy
2010-07-12,4.388000011444092,4.453999996185303,4.3520002365112305,4.421000003814697,67874,46.65999984741211,206.28,207.82,203.06,204.74,-0.0001953315753491225,4.759999999999991,Natural Gas,NG=F,₹/kg,Energy
2010-07-13,4.354000091552734,4.486999988555908,4.334000110626221,4.419000148773193,110325,46.40999984741211,205.09,208.24,201.14,202.07,-0.013040929959949321,7.100000000000023,Natural Gas,NG=F,₹/kg,Energy
2010-07-14,4.306000232696533,4.388999938964844,4.302999973297119,4.373000144958496,91294,46.59999847412109,203.78,204.53,200.52,200.66,-0.0069777799772355875,4.009999999999991,Natural Gas,NG=F,₹/kg,Energy
2010-07-15,4.585999965667725,4.623000144958496,4.288000106811523,4.318999767303467,187328,46.45000076293945,200.62,214.74,199.18,213.02,0.061596730788398446,15.560000000000002,Natural Gas,NG=F,₹/kg,Energy
2010-07-16,4.519000053405762,4.658999919891357,4.4720001220703125,4.613999843597412,113667,46.70000076293945,215.47,217.58,208.84,211.04,-0.009294901887146878,8.740000000000009,Natural Gas,NG=F,₹/kg,Energy
2010-07-19,4.510000228881836,4.554999828338623,4.453999996185303,4.531000137329102,91179,46.09000015258789,208.83,209.94,205.28,207.87,-0.01502084912812729,4.659999999999997,Natural Gas,NG=F,₹/kg,Energy
2010-07-20,4.590000152587891,4.617000102996826,4.466000080108643,4.514999866485596,120798,47.25,213.33,218.15,211.02,216.88,0.04334439794102085,7.1299999999999955,Natural Gas,NG=F,₹/kg,Energy
2010-07-21,4.513000011444092,4.6620001792907715,4.480000019073486,4.616000175476074,120951,47.06999969482422,217.28,219.44,210.87,212.43,-0.02051825894503867,8.569999999999993,Natural Gas,NG=F,₹/kg,Energy
2010-07-22,4.64300012588501,4.718999862670898,4.508999824523926,4.5269999504089355,144101,47.040000915527344,212.95,221.98,212.1,218.41,0.028150449559855018,9.879999999999995,Natural Gas,NG=F,₹/kg,Energy
2010-07-23,4.579999923706055,4.664999961853027,4.552000045776367,4.65500020980835,78012,46.88999938964844,218.27,218.74,213.44,214.76,-0.016711689025227794,5.300000000000011,Natural Gas,NG=F,₹/kg,Energy
2010-07-26,4.611999988555908,4.633999824523926,4.511000156402588,4.560999870300293,77179,47.042999267578125,214.56,218.0,212.21,216.96,0.010243993294840825,5.789999999999992,Natural Gas,NG=F,₹/kg,Energy
2010-07-27,4.675000190734863,4.689000129699707,4.599999904632568,4.611999988555908,65649,46.64799880981445,215.14,218.73,214.58,218.08,0.005162241887905594,4.149999999999977,Natural Gas,NG=F,₹/kg,Energy
2010-07-28,4.77400016784668,4.88100004196167,4.678999900817871,4.684999942779541,159054,46.68999862670898,218.74,227.89,218.46,222.9,0.022101980924431386,9.429999999999978,Natural Gas,NG=F,₹/kg,Energy
2010-07-29,4.827000141143799,4.869999885559082,4.677999973297119,4.684999942779541,129643,46.459999084472656,217.67,226.26,217.34,224.26,0.006101390758187497,8.919999999999987,Natural Gas,NG=F,₹/kg,Energy
2010-07-30,4.922999858856201,4.936999797821045,4.783999919891357,4.828000068664551,89511,46.36000061035156,223.83,228.88,221.79,228.23,0.017702666547757095,7.090000000000003,Natural Gas,NG=F,₹/kg,Energy
2010-08-02,4.701000213623047,5.006999969482422,4.681000232696533,4.98799991607666,117300,46.0880012512207,229.89,230.76,215.74,216.66,-0.050694474871839756,15.019999999999982,Natural Gas,NG=F,₹/kg,Energy
2010-08-03,4.638999938964844,4.824999809265137,4.625,4.718999862670898,127994,46.12799835205078,217.68,222.57,213.34,213.99,-0.012323456106341668,9.22999999999999,Natural Gas,NG=F,₹/kg,Energy
2010-08-04,4.736999988555908,4.75600004196167,4.631999969482422,4.664000034332275,94561,46.12799835205078,215.14,219.38,213.66,218.51,0.021122482358988615,5.719999999999999,Natural Gas,NG=F,₹/kg,Energy
2010-08-05,4.5980000495910645,4.824999809265137,4.556000232696533,4.736000061035156,142432,46.0,217.86,221.95,209.58,211.51,-0.03203514713285438,12.369999999999976,Natural Gas,NG=F,₹/kg,Energy
2010-08-06,4.4670000076293945,4.645999908447266,4.455999851226807,4.610000133514404,119806,46.055999755859375,212.32,213.98,205.23,205.73,-0.02732731312940284,8.75,Natural Gas,NG=F,₹/kg,Energy
2010-08-09,4.309000015258789,4.547999858856201,4.263000011444092,4.452000141143799,181971,45.95800018310547,204.61,209.02,195.92,198.03,-0.03742769649540656,13.100000000000023,Natural Gas,NG=F,₹/kg,Energy
2010-08-10,4.296999931335449,4.369999885559082,4.276000022888184,4.329999923706055,146485,46.07799911499024,199.52,201.36,197.03,198.0,-0.0001514921981518036,4.3300000000000125,Natural Gas,NG=F,₹/kg,Energy
2010-08-11,4.326000213623047,4.375999927520752,4.256999969482422,4.308000087738037,130794,46.310001373291016,199.5,202.65,197.14,200.34,0.011818181818181728,5.510000000000019,Natural Gas,NG=F,₹/kg,Energy
2010-08-12,4.296000003814697,4.36299991607666,4.263999938964844,4.316999912261963,138181,46.59000015258789,201.13,203.27,198.66,200.15,-0.0009483877408406061,4.610000000000014,Natural Gas,NG=F,₹/kg,Energy
2010-08-13,4.328000068664551,4.3420000076293945,4.269000053405762,4.2789998054504395,75810,46.709999084472656,199.87,202.81,199.4,202.16,0.010042468148888206,3.4099999999999966,Natural Gas,NG=F,₹/kg,Energy
2010-08-16,4.228000164031982,4.349999904632568,4.182000160217285,4.335999965667725,111619,46.62799835205078,202.18,202.83,195.0,197.14,-0.024831816383062977,7.8300000000000125,Natural Gas,NG=F,₹/kg,Energy
2010-08-17,4.267000198364258,4.322000026702881,4.185999870300293,4.22599983215332,109255,46.68299865722656,197.28,201.76,195.42,199.2,0.010449426803287087,6.340000000000003,Natural Gas,NG=F,₹/kg,Energy
2010-08-18,4.238999843597412,4.308000087738037,4.196000099182129,4.275000095367432,92050,46.608001708984375,199.25,200.79,195.57,197.57,-0.008182730923694703,5.219999999999999,Natural Gas,NG=F,₹/kg,Energy
2010-08-19,4.171000003814697,4.375,4.140999794006348,4.236999988555908,112691,46.53799819946289,197.18,203.6,192.71,194.11,-0.017512780280406814,10.889999999999986,Natural Gas,NG=F,₹/kg,Energy
2010-08-20,4.117000102996826,4.177000045776367,4.109000205993652,4.160999774932861,60966,46.358001708984375,192.9,193.64,190.49,190.86,-0.016743083818453464,3.1499999999999773,Natural Gas,NG=F,₹/kg,Energy
2010-08-23,4.065999984741211,4.129000186920166,4.0289998054504395,4.065999984741211,76306,46.608001708984375,189.51,192.44,187.78,189.51,-0.00707324740647608,4.659999999999997,Natural Gas,NG=F,₹/kg,Energy
2010-08-24,4.039000034332275,4.091000080108643,4.0269999504089355,4.085000038146973,59469,46.5629997253418,190.21,190.49,187.51,188.07,-0.007598543612474251,2.980000000000018,Natural Gas,NG=F,₹/kg,Energy
2010-08-25,3.871000051498413,4.056000232696533,3.8380000591278076,4.039999961853027,86074,46.858001708984375,189.31,190.06,179.84,181.39,-0.03551868984952411,10.219999999999999,Natural Gas,NG=F,₹/kg,Energy
2010-08-26,3.816999912261963,3.934999942779541,3.7909998893737793,3.9000000953674316,63630,46.87300109863281,182.8,184.45,177.7,178.91,-0.013672198026352,6.75,Natural Gas,NG=F,₹/kg,Energy
2010-08-27,3.6510000228881836,3.8499999046325684,3.609999895095825,3.803999900817871,106037,46.78799819946289,177.98,180.13,168.9,170.82,-0.0452182661673467,11.22999999999999,Natural Gas,NG=F,₹/kg,Energy
2010-08-30,3.812000036239624,3.878000020980835,3.693000078201294,3.746000051498413,89610,46.803001403808594,175.32,181.5,172.84,178.41,0.044432736213558144,8.659999999999997,Natural Gas,NG=F,₹/kg,Energy
2010-08-31,3.815999984741211,3.877000093460083,3.7269999980926514,3.8610000610351562,94533,46.87300109863281,180.98,181.73,174.7,178.87,0.0025783308110531866,7.030000000000001,Natural Gas,NG=F,₹/kg,Energy
2010-09-01,3.76200008392334,3.878000020980835,3.7079999446868896,3.7899999618530273,126166,47.02799987792969,178.24,182.37,174.38,176.92,-0.010901772236820095,7.990000000000009,Natural Gas,NG=F,₹/kg,Energy
2010-09-02,3.750999927520752,3.8440001010894775,3.697000026702881,3.75,100479,46.650001525878906,174.94,179.32,172.47,174.98,-0.010965408094053775,6.849999999999994,Natural Gas,NG=F,₹/kg,Energy
2010-09-03,3.938999891281128,3.946000099182129,3.756999969482422,3.809999942779541,97034,46.59999847412109,177.55,183.88,175.08,183.56,0.04903417533432397,8.799999999999983,Natural Gas,NG=F,₹/kg,Energy
2010-09-07,3.8519999980926514,3.933000087738037,3.7679998874664307,3.933000087738037,111424,46.51300048828125,182.94,182.94,175.26,179.17,-0.023915885813902915,7.680000000000007,Natural Gas,NG=F,₹/kg,Energy
2010-09-08,3.813999891281128,3.9140000343322754,3.7950000762939453,3.871000051498413,81907,46.65999984741211,180.62,182.63,177.07,177.96,-0.006753362728135204,5.560000000000002,Natural Gas,NG=F,₹/kg,Energy
2010-09-09,3.7679998874664307,3.8399999141693115,3.703000068664551,3.822000026702881,133484,46.51800155639648,177.79,178.63,172.26,175.28,-0.015059563946954402,6.3700000000000045,Natural Gas,NG=F,₹/kg,Energy
2010-09-10,3.882999897003174,3.938999891281128,3.7730000019073486,3.805000066757202,108537,46.303001403808594,176.18,182.39,174.7,179.79,0.025730260155180318,7.689999999999998,Natural Gas,NG=F,₹/kg,Energy
2010-09-13,3.937999963760376,3.9749999046325684,3.799999952316284,3.8340001106262207,113058,46.28300094604492,177.45,183.97,175.88,182.26,0.013738250180766354,8.090000000000003,Natural Gas,NG=F,₹/kg,Energy
2010-09-14,3.9660000801086426,4.019999980926514,3.8429999351501465,3.937000036239624,165828,46.22999954223633,182.01,185.84,177.66,183.35,0.0059804674640624444,8.180000000000007,Natural Gas,NG=F,₹/kg,Energy
2010-09-15,3.994999885559082,4.059999942779541,3.931999921798706,3.9639999866485596,137976,46.13999938964844,182.9,187.33,181.42,184.33,0.005344968639214631,5.910000000000025,Natural Gas,NG=F,₹/kg,Energy
2010-09-16,4.061999797821045,4.144000053405762,3.8519999980926514,3.999000072479248,225113,46.20000076293945,184.75,191.45,177.96,187.66,0.01806542613790474,13.48999999999998,Natural Gas,NG=F,₹/kg,Energy
2010-09-17,4.02400016784668,4.105999946594238,3.98799991607666,4.061999797821045,114244,46.09999847412109,187.26,189.29,183.85,185.51,-0.011456890120430607,5.439999999999998,Natural Gas,NG=F,₹/kg,Energy
2010-09-20,3.822000026702881,3.9809999465942383,3.805999994277954,3.9700000286102295,121664,45.87799835205078,182.14,182.64,174.61,175.35,-0.05476793703843452,8.029999999999973,Natural Gas,NG=F,₹/kg,Energy
2010-09-21,3.9189999103546143,3.997999906539917,3.811000108718872,3.8320000171661377,138330,45.619998931884766,174.82,182.39,173.86,178.78,0.019560878243513047,8.529999999999973,Natural Gas,NG=F,₹/kg,Energy
2010-09-22,3.9660000801086426,4.013999938964844,3.9079999923706055,3.931999921798706,98158,45.58000183105469,179.22,182.96,178.13,180.77,0.011130998993176044,4.8300000000000125,Natural Gas,NG=F,₹/kg,Energy
2010-09-23,4.019000053405762,4.132999897003174,3.9719998836517334,3.993000030517578,121109,45.55799865722656,181.91,188.29,180.96,183.1,0.012889306854013238,7.329999999999984,Natural Gas,NG=F,₹/kg,Energy
2010-09-24,3.88100004196167,4.039000034332275,3.872999906539917,4.0279998779296875,71805,45.45000076293945,183.07,183.57,176.03,176.39,-0.036646641179683304,7.539999999999992,Natural Gas,NG=F,₹/kg,Energy
2010-09-27,3.799999952316284,3.8289999961853027,3.7320001125335693,3.818000078201294,71082,45.2400016784668,172.73,173.22,168.84,171.91,-0.025398265207778215,4.3799999999999955,Natural Gas,NG=F,₹/kg,Energy
2010-09-28,3.8369998931884766,3.8949999809265137,3.7839999198913574,3.813999891281128,96919,44.93000030517578,171.36,175.0,170.02,172.4,0.0028503286603456246,4.97999999999999,Natural Gas,NG=F,₹/kg,Energy
2010-09-29,3.9619998931884766,3.9800000190734863,3.9030001163482666,3.9609999656677246,67646,45.04999923706055,178.44,179.3,175.83,178.49,0.035324825986079,3.469999999999999,Natural Gas,NG=F,₹/kg,Energy
2010-09-30,3.871999979019165,4.01200008392334,3.7799999713897705,3.9609999656677246,109155,44.68999862670898,177.02,179.3,168.93,173.04,-0.030533923469101998,10.370000000000005,Natural Gas,NG=F,₹/kg,Energy
2010-10-01,3.796999931335449,3.869999885559082,3.7880001068115234,3.8610000610351562,71496,44.5629997253418,172.06,172.46,168.8,169.21,-0.022133610725843633,3.6599999999999966,Natural Gas,NG=F,₹/kg,Energy
2010-10-04,3.7269999980926514,3.7880001068115234,3.686000108718872,3.752000093460083,82992,44.41299819946289,166.64,168.24,163.71,165.53,-0.021748123633354988,4.530000000000001,Natural Gas,NG=F,₹/kg,Energy
2010-10-05,3.743000030517578,3.7790000438690186,3.690999984741211,3.7320001125335693,67468,44.45000076293945,165.89,167.98,164.06,166.38,0.005135020842143456,3.9199999999999875,Natural Gas,NG=F,₹/kg,Energy
2010-10-06,3.865000009536743,3.888000011444092,3.747999906539917,3.7790000438690186,114999,44.400001525878906,167.79,172.63,166.41,171.61,0.03143406659454273,6.219999999999999,Natural Gas,NG=F,₹/kg,Energy
2010-10-07,3.617000102996826,3.888000011444092,3.609999895095825,3.88100004196167,191724,44.18999862670898,171.5,171.81,159.53,159.84,-0.06858574675135487,12.280000000000001,Natural Gas,NG=F,₹/kg,Energy
2010-10-08,3.6510000228881836,3.683000087738037,3.5829999446868896,3.621999979019165,126255,44.20000076293945,160.09,162.79,158.37,161.37,0.009572072072072002,4.4199999999999875,Natural Gas,NG=F,₹/kg,Energy
2010-10-11,3.6010000705718994,3.6730000972747803,3.5859999656677246,3.6459999084472656,108041,44.40800094604492,161.91,163.11,159.25,159.91,-0.009047530519923241,3.8600000000000136,Natural Gas,NG=F,₹/kg,Energy
2010-10-12,3.628999948501587,3.6670000553131104,3.5450000762939453,3.6010000705718994,144331,44.36000061035156,159.74,162.67,157.26,160.98,0.006691263835907568,5.409999999999997,Natural Gas,NG=F,₹/kg,Energy
2010-10-13,3.696000099182129,3.7769999504089355,3.632999897003174,3.6549999713897705,198554,44.5,162.65,168.08,161.67,164.47,0.021679711765436815,6.410000000000025,Natural Gas,NG=F,₹/kg,Energy
2010-10-14,3.6570000648498535,3.760999917984009,3.5950000286102295,3.684999942779541,169418,44.34000015258789,163.39,166.76,159.4,162.15,-0.014105915972517757,7.359999999999985,Natural Gas,NG=F,₹/kg,Energy
2010-10-15,3.5350000858306885,3.677999973297119,3.5199999809265137,3.638000011444092,130473,44.06800079345703,160.32,162.08,155.12,155.78,-0.03928461301264263,6.960000000000008,Natural Gas,NG=F,₹/kg,Energy
2010-10-18,3.430999994277954,3.5299999713897705,3.4119999408721924,3.4800000190734863,143268,44.15800094604492,153.67,155.88,150.67,151.51,-0.02741045063551173,5.210000000000008,Natural Gas,NG=F,₹/kg,Energy
2010-10-19,3.513000011444092,3.5299999713897705,3.3949999809265137,3.3989999294281006,103710,44.16999816894531,150.13,155.92,149.96,155.17,0.024156821331925205,5.9599999999999795,Natural Gas,NG=F,₹/kg,Energy
2010-10-20,3.5390000343322754,3.61299991607666,3.506999969482422,3.5269999504089355,99915,44.33000183105469,156.35,160.16,155.47,156.88,0.01102017142488898,4.689999999999998,Natural Gas,NG=F,₹/kg,Energy
2010-10-21,3.368000030517578,3.5399999618530273,3.3459999561309814,3.51200008392334,117335,44.20000076293945,155.23,156.47,147.89,148.87,-0.05105813360530331,8.580000000000013,Natural Gas,NG=F,₹/kg,Energy
2010-10-22,3.3320000171661377,3.4030001163482666,3.2899999618530273,3.3910000324249268,76574,44.20000076293945,149.88,150.41,145.42,147.27,-0.010747632162289245,4.990000000000009,Natural Gas,NG=F,₹/kg,Energy
2010-10-25,3.316999912261963,3.369999885559082,3.255000114440918,3.2920000553131104,62748,44.52799987792969,146.59,150.06,144.94,147.7,0.002919807156922527,5.1200000000000045,Natural Gas,NG=F,₹/kg,Energy
2010-10-26,3.3540000915527344,3.4100000858306885,3.263000011444092,3.3519999980926514,72622,44.25,148.33,150.89,144.39,148.41,0.004807041299932369,6.5,Natural Gas,NG=F,₹/kg,Energy
2010-10-27,3.2920000553131104,3.3910000324249268,3.2119998931884766,3.3329999446868896,86859,44.400001525878906,147.99,150.56,142.61,146.16,-0.015160703456640334,7.949999999999989,Natural Gas,NG=F,₹/kg,Energy
2010-10-28,3.890000104904175,3.9240000247955322,3.6559998989105225,3.7809998989105225,150497,44.41999816894531,167.95,174.3,162.4,172.79,0.1821975916803502,11.900000000000006,Natural Gas,NG=F,₹/kg,Energy
2010-10-29,4.038000106811523,4.056000232696533,3.8299999237060547,3.921999931335449,156382,44.41999816894531,174.22,180.17,170.13,179.37,0.03808090745992243,10.039999999999992,Natural Gas,NG=F,₹/kg,Energy
2010-11-01,3.8320000171661377,4.186999797821045,3.8239998817443848,4.031000137329102,134606,44.448001861572266,179.17,186.1,169.97,170.32,-0.05045436806600889,16.129999999999995,Natural Gas,NG=F,₹/kg,Energy
2010-11-02,3.869999885559082,3.927999973297119,3.75,3.821000099182129,133373,44.34000015258789,169.42,174.17,166.28,171.6,0.007515265382808778,7.889999999999986,Natural Gas,NG=F,₹/kg,Energy
2010-11-03,3.8359999656677246,3.9000000953674316,3.7899999618530273,3.8919999599456787,78098,44.20000076293945,172.03,172.38,167.52,169.55,-0.011946386946386833,4.859999999999985,Natural Gas,NG=F,₹/kg,Energy
2010-11-04,3.8559999465942383,3.8989999294281006,3.743000030517578,3.8380000591278076,134668,44.25,169.83,172.53,165.63,170.63,0.006369802418165538,6.900000000000006,Natural Gas,NG=F,₹/kg,Energy
2010-11-05,3.937000036239624,3.947999954223633,3.8459999561309814,3.8540000915527344,134668,44.01300048828125,169.63,173.76,169.27,173.28,0.015530680419621357,4.489999999999981,Natural Gas,NG=F,₹/kg,Energy
2010-11-08,4.0879998207092285,4.131999969482422,3.937000036239624,3.9539999961853027,140474,43.900001525878906,173.58,181.39,172.83,179.46,0.03566481994459836,8.559999999999974,Natural Gas,NG=F,₹/kg,Energy
2010-11-09,4.210000038146973,4.228000164031982,4.058000087738037,4.119999885559082,154080,44.29999923706055,182.52,187.3,179.77,186.5,0.03922879750362185,7.530000000000001,Natural Gas,NG=F,₹/kg,Energy
2010-11-10,4.046000003814697,4.249000072479248,4.01800012588501,4.204999923706055,161715,44.18999862670898,185.82,187.76,177.56,178.79,-0.04134048257372658,10.199999999999989,Natural Gas,NG=F,₹/kg,Energy
2010-11-11,3.927000045776367,4.125,3.9170000553131104,4.061999797821045,144065,44.2599983215332,179.78,182.57,173.37,173.81,-0.027853906818054663,9.199999999999989,Natural Gas,NG=F,₹/kg,Energy
2010-11-12,3.7990000247955322,3.940000057220459,3.7939999103546143,3.938999891281128,133643,44.2400016784668,174.26,174.31,167.85,168.07,-0.03302456705598067,6.460000000000008,Natural Gas,NG=F,₹/kg,Energy
2010-11-15,3.8450000286102295,3.867000102996826,3.7100000381469727,3.7799999713897705,161358,44.77799987792969,169.26,173.16,166.13,172.17,0.0243945974891413,7.030000000000001,Natural Gas,NG=F,₹/kg,Energy
2010-11-16,3.818000078201294,3.9189999103546143,3.7820000648498535,3.86899995803833,112162,45.11000061035156,174.53,176.79,170.61,172.23,0.0003484927687751327,6.179999999999978,Natural Gas,NG=F,₹/kg,Energy
2010-11-17,4.03000020980835,4.0370001792907715,3.7960000038146973,3.8340001106262207,139230,45.18999862670898,173.26,182.43,171.54,182.12,0.057423213145212815,10.890000000000015,Natural Gas,NG=F,₹/kg,Energy
2010-11-18,4.006999969482422,4.058000087738037,3.8529999256134033,4.0269999504089355,154988,45.108001708984375,181.65,183.05,173.8,180.75,-0.007522512629035805,9.25,Natural Gas,NG=F,₹/kg,Energy
2010-11-19,4.164000034332275,4.175000190734863,3.9749999046325684,4.0229997634887695,117948,45.150001525878906,181.64,188.5,179.47,188.0,0.04011065006915637,9.030000000000001,Natural Gas,NG=F,₹/kg,Energy
2010-11-22,4.270999908447266,4.293000221252441,4.125,4.1620001792907715,103531,45.26300048828125,188.38,194.31,186.71,193.32,0.028297872340425467,7.599999999999994,Natural Gas,NG=F,₹/kg,Energy
2010-11-23,4.263999938964844,4.289999961853027,4.114999771118164,4.26200008392334,92462,45.29999923706055,193.07,194.34,186.41,193.16,-0.0008276432857438065,7.930000000000007,Natural Gas,NG=F,₹/kg,Energy
2010-11-24,4.267000198364258,4.381999969482422,4.176000118255615,4.235000133514404,117367,45.540000915527344,192.86,199.56,190.18,194.32,0.006005384137502512,9.379999999999995,Natural Gas,NG=F,₹/kg,Energy
2010-11-26,4.39900016784668,4.48199987411499,4.3520002365112305,4.388000011444092,38355,45.55799865722656,199.91,204.19,198.27,200.41,0.03134005763688763,5.9199999999999875,Natural Gas,NG=F,₹/kg,Energy
2010-11-29,4.210000038146973,4.486999988555908,4.165999889373779,4.3979997634887695,135319,45.709999084472656,201.03,205.1,190.43,192.44,-0.039768474627014605,14.669999999999987,Natural Gas,NG=F,₹/kg,Energy
2010-11-30,4.179999828338623,4.254000186920166,4.125999927520752,4.218999862670898,98174,45.79999923706055,193.23,194.83,188.97,191.44,-0.0051964248596965135,5.860000000000014,Natural Gas,NG=F,₹/kg,Energy
2010-12-01,4.269000053405762,4.323999881744385,4.164000034332275,4.196000099182129,118741,45.77000045776367,192.05,197.91,190.59,195.39,0.02063309653155021,7.319999999999993,Natural Gas,NG=F,₹/kg,Energy
2010-12-02,4.3429999351501465,4.376999855041504,4.197000026702881,4.309999942779541,135776,45.22999954223633,194.94,197.97,189.83,196.43,0.005322687957418637,8.139999999999986,Natural Gas,NG=F,₹/kg,Energy
2010-12-03,4.348999977111816,4.390999794006348,4.28000020980835,4.341000080108643,86975,45.130001068115234,195.91,198.17,193.16,196.27,-0.0008145395306216052,5.009999999999991,Natural Gas,NG=F,₹/kg,Energy
2010-12-06,4.48799991607666,4.539999961853027,4.328000068664551,4.385000228881836,151475,44.91299819946289,196.94,203.91,194.38,201.57,0.027003617465735985,9.530000000000001,Natural Gas,NG=F,₹/kg,Energy
2010-12-07,4.39300012588501,4.545000076293945,4.382999897003174,4.5,155154,44.810001373291016,201.65,203.66,196.4,196.85,-0.02341618296373471,7.259999999999991,Natural Gas,NG=F,₹/kg,Energy
2010-12-08,4.605999946594238,4.613999843597412,4.349999904632568,4.396999835968018,197362,44.5,195.67,205.32,193.57,204.97,0.041249682499365115,11.75,Natural Gas,NG=F,₹/kg,Energy
2010-12-09,4.434999942779541,4.63700008392334,4.409999847412109,4.611999988555908,204137,45.0,207.54,208.67,198.45,199.57,-0.026345318827145414,10.219999999999999,Natural Gas,NG=F,₹/kg,Energy
2010-12-10,4.416999816894531,4.479000091552734,4.343999862670898,4.39900016784668,146928,45.04999923706055,198.17,201.78,195.7,198.99,-0.0029062484341333406,6.0800000000000125,Natural Gas,NG=F,₹/kg,Energy
2010-12-13,4.420000076293945,4.546999931335449,4.322999954223633,4.443999767303467,177026,44.95000076293945,199.76,204.39,194.32,198.68,-0.0015578672295090135,10.069999999999993,Natural Gas,NG=F,₹/kg,Energy
2010-12-14,4.255000114440918,4.439000129699707,4.25,4.431000232696533,140645,44.90999984741211,199.0,199.36,190.87,191.09,-0.03820213408496076,8.490000000000009,Natural Gas,NG=F,₹/kg,Energy
2010-12-15,4.2220001220703125,4.2779998779296875,4.192999839782715,4.255000114440918,139392,44.90999984741211,191.09,192.12,188.31,189.61,-0.007745041603432923,3.8100000000000023,Natural Gas,NG=F,₹/kg,Energy
2010-12-16,4.047999858856201,4.242000102996826,4.010000228881836,4.242000102996826,162404,45.25,191.95,191.95,181.45,183.17,-0.033964453351616575,10.5,Natural Gas,NG=F,₹/kg,Energy
2010-12-17,4.065999984741211,4.110000133514404,3.9509999752044678,4.019999980926514,127043,45.25,181.9,185.98,178.78,183.99,0.004476715619370131,7.199999999999989,Natural Gas,NG=F,₹/kg,Energy
2010-12-20,4.236999988555908,4.25,4.013000011444092,4.052000045776367,112664,45.167999267578125,183.02,191.96,181.26,191.38,0.0401652263709984,10.700000000000017,Natural Gas,NG=F,₹/kg,Energy
2010-12-21,4.059000015258789,4.244999885559082,4.056000232696533,4.159999847412109,93927,45.2599983215332,188.28,192.13,183.57,183.71,-0.04007733305465555,8.560000000000002,Natural Gas,NG=F,₹/kg,Energy
2010-12-22,4.1519999504089355,4.166999816894531,3.98799991607666,4.068999767303467,98378,45.18000030517578,183.84,188.27,180.18,187.59,0.021120243862609467,8.090000000000003,Natural Gas,NG=F,₹/kg,Energy
2010-12-23,4.083000183105469,4.173999786376953,4.052000045776367,4.11899995803833,63588,44.95000076293945,185.15,187.62,182.14,183.53,-0.02164294471986783,5.480000000000018,Natural Gas,NG=F,₹/kg,Energy
2010-12-27,4.111999988555908,4.119999885559082,3.992000102996826,4.031000137329102,73305,45.0099983215332,181.44,185.44,179.68,185.08,0.008445485751648274,5.759999999999991,Natural Gas,NG=F,₹/kg,Energy
2010-12-28,4.216000080108643,4.265999794006348,4.070000171661377,4.093999862670898,83596,45.09999847412109,184.64,192.4,183.56,190.14,0.027339528852388106,8.840000000000003,Natural Gas,NG=F,₹/kg,Energy
2010-12-29,4.2870001792907715,4.309999942779541,4.216000080108643,4.290999889373779,72633,44.95000076293945,192.88,193.73,189.51,192.7,0.013463763542652885,4.219999999999999,Natural Gas,NG=F,₹/kg,Energy
2010-12-30,4.3379998207092285,4.363999843597412,4.235000133514404,4.309999942779541,81995,44.91999816894531,193.61,196.03,190.24,194.86,0.011209133367929613,5.789999999999992,Natural Gas,NG=F,₹/kg,Energy
2010-12-31,4.40500020980835,4.453999996185303,4.306000232696533,4.324999809265137,65874,44.810001373291016,193.8,199.58,192.95,197.39,0.012983680591193592,6.630000000000024,Natural Gas,NG=F,₹/kg,Energy
2011-01-03,4.650000095367432,4.689000129699707,4.491000175476074,4.492000102996826,156619,44.81800079345703,201.32,210.15,201.28,208.4,0.055777901616089975,8.870000000000005,Natural Gas,NG=F,₹/kg,Energy
2011-01-04,4.669000148773193,4.706999778747559,4.557000160217285,4.626999855041504,160213,44.61000061035156,206.41,209.98,203.29,208.28,-0.0005758157389635921,6.689999999999998,Natural Gas,NG=F,₹/kg,Energy
2011-01-05,4.4730000495910645,4.639999866485596,4.447000026702881,4.611000061035156,116906,44.900001525878906,207.03,208.34,199.67,200.84,-0.035721144613020894,8.670000000000016,Natural Gas,NG=F,₹/kg,Energy
2011-01-06,4.434000015258789,4.623000144958496,4.380000114440918,4.486000061035156,164028,45.209999084472656,202.81,209.01,198.02,200.46,-0.0018920533758215452,10.98999999999998,Natural Gas,NG=F,₹/kg,Energy
2011-01-07,4.421999931335449,4.449999809265137,4.327000141143799,4.400000095367432,124905,45.18000030517578,198.79,201.05,195.49,199.79,-0.0033423126808341808,5.560000000000002,Natural Gas,NG=F,₹/kg,Energy
2011-01-10,4.39900016784668,4.449999809265137,4.322000026702881,4.373000144958496,108501,45.358001708984375,198.35,201.84,196.04,199.53,-0.0013013664347564236,5.800000000000011,Natural Gas,NG=F,₹/kg,Energy
2011-01-11,4.480999946594238,4.504000186920166,4.3379998207092285,4.386000156402588,134832,45.310001373291016,198.73,204.08,196.55,203.03,0.017541221871397727,7.530000000000001,Natural Gas,NG=F,₹/kg,Energy
2011-01-12,4.531000137329102,4.553999900817871,4.446000099182129,4.504000186920166,133466,45.09799957275391,203.12,205.38,200.51,204.34,0.006452248436191743,4.8700000000000045,Natural Gas,NG=F,₹/kg,Energy
2011-01-13,4.4070000648498535,4.502999782562256,4.361999988555908,4.480999946594238,169037,44.90999984741211,201.24,202.23,195.9,197.92,-0.031418224527747896,6.329999999999984,Natural Gas,NG=F,₹/kg,Energy
2011-01-14,4.480000019073486,4.495999813079834,4.367000102996826,4.401000022888184,130337,44.959999084472656,197.87,202.14,196.34,201.42,0.01768391269199676,5.799999999999983,Natural Gas,NG=F,₹/kg,Energy
2011-01-18,4.425000190734863,4.545000076293945,4.38700008392334,4.49399995803833,142868,45.43999862670898,204.21,206.52,199.35,201.07,-0.0017376625955713987,7.170000000000016,Natural Gas,NG=F,₹/kg,Energy
2011-01-19,4.560999870300293,4.572000026702881,4.406000137329102,4.409999847412109,138907,45.31999969482422,199.86,207.2,199.68,206.7,0.028000198935693943,7.519999999999982,Natural Gas,NG=F,₹/kg,Energy
2011-01-20,4.695000171661377,4.703999996185303,4.525000095367432,4.574999809265137,175723,45.29999923706055,207.25,213.09,204.98,212.68,0.028930817610062887,8.110000000000014,Natural Gas,NG=F,₹/kg,Energy
2011-01-21,4.736000061035156,4.7769999504089355,4.644000053405762,4.689000129699707,137165,45.77799987792969,214.65,218.68,212.59,216.8,0.019371826217791988,6.090000000000003,Natural Gas,NG=F,₹/kg,Energy
2011-01-24,4.579999923706055,4.879000186920166,4.557000160217285,4.802000045776367,115557,45.5880012512207,218.91,222.42,207.74,208.79,-0.03694649446494469,14.679999999999978,Natural Gas,NG=F,₹/kg,Energy
2011-01-25,4.4730000495910645,4.609000205993652,4.401000022888184,4.580999851226807,91893,45.45000076293945,208.21,209.48,200.03,203.3,-0.026294362756836942,9.449999999999989,Natural Gas,NG=F,₹/kg,Energy
2011-01-26,4.491000175476074,4.510000228881836,4.38100004196167,4.4670000076293945,63383,45.61000061035156,203.74,205.7,199.82,204.83,0.0075258239055582266,5.8799999999999955,Natural Gas,NG=F,₹/kg,Energy
2011-01-27,4.315999984741211,4.473999977111816,4.289999961853027,4.4710001945495605,140454,45.45000076293945,203.21,203.34,194.98,196.16,-0.04232778401601334,8.360000000000014,Natural Gas,NG=F,₹/kg,Energy
2011-01-28,4.322999954223633,4.36899995803833,4.251999855041504,4.322000026702881,92454,45.6879997253418,197.46,199.61,194.27,197.51,0.00688213703099505,5.340000000000003,Natural Gas,NG=F,₹/kg,Energy
2011-01-31,4.420000076293945,4.460000038146973,4.289999961853027,4.322999954223633,139205,45.8380012512207,198.16,204.44,196.65,202.6,0.025770847045719192,7.789999999999992,Natural Gas,NG=F,₹/kg,Energy
2011-02-01,4.3470001220703125,4.425000190734863,4.321000099182129,4.416999816894531,100146,45.79999923706055,202.3,202.67,197.9,199.09,-0.017324777887462894,4.769999999999982,Natural Gas,NG=F,₹/kg,Energy
2011-02-02,4.428999900817871,4.442999839782715,4.339000225067139,4.35099983215332,121871,45.40999984741211,197.58,201.76,197.03,201.12,0.010196393590838237,4.72999999999999,Natural Gas,NG=F,₹/kg,Energy
2011-02-03,4.336999893188477,4.495999813079834,4.324999809265137,4.431000232696533,143778,45.45000076293945,201.39,204.34,196.57,197.12,-0.019888623707239428,7.77000000000001,Natural Gas,NG=F,₹/kg,Energy
2011-02-04,4.309999942779541,4.36899995803833,4.2870001792907715,4.359000205993652,110631,45.560001373291016,198.6,199.05,195.32,196.36,-0.0038555194805194315,3.730000000000018,Natural Gas,NG=F,₹/kg,Energy
2011-02-07,4.104000091552734,4.27400016784668,4.10099983215332,4.260000228881836,213509,45.608001708984375,194.29,194.93,187.04,187.18,-0.04675086575677334,7.890000000000015,Natural Gas,NG=F,₹/kg,Energy
2011-02-08,4.039999961853027,4.126999855041504,4.0279998779296875,4.111000061035156,181901,45.310001373291016,186.27,186.99,182.51,183.05,-0.022064323111443462,4.480000000000018,Natural Gas,NG=F,₹/kg,Energy
2011-02-09,4.044000148773193,4.086999893188477,3.992000102996826,4.073999881744385,156216,45.150001525878906,183.94,184.53,180.24,182.59,-0.0025129745971046447,4.289999999999992,Natural Gas,NG=F,₹/kg,Energy
2011-02-10,3.9860000610351562,4.14900016784668,3.9649999141693115,4.065999984741211,205273,45.34999847412109,184.39,188.16,179.81,180.77,-0.009967687167971917,8.349999999999994,Natural Gas,NG=F,₹/kg,Energy
2011-02-11,3.9100000858306885,3.9809999465942383,3.9030001163482666,3.9630000591278076,163581,45.630001068115234,180.83,181.65,178.09,178.41,-0.013055263594623057,3.5600000000000023,Natural Gas,NG=F,₹/kg,Energy
2011-02-14,3.924999952316284,3.946000099182129,3.859999895095825,3.8989999294281006,121908,45.608001708984375,177.83,179.97,176.05,179.01,0.003363040188330224,3.9199999999999875,Natural Gas,NG=F,₹/kg,Energy
2011-02-15,3.9760000705718994,3.996000051498413,3.8910000324249268,3.940999984741211,127677,45.34999847412109,178.72,181.22,176.46,180.31,0.0072621641249093205,4.759999999999991,Natural Gas,NG=F,₹/kg,Energy
2011-02-16,3.9210000038146973,3.996999979019165,3.9079999923706055,3.99399995803833,121592,45.40999984741211,181.37,181.5,177.46,178.05,-0.012533969275137169,4.039999999999992,Natural Gas,NG=F,₹/kg,Energy
2011-02-17,3.868000030517578,3.9489998817443848,3.825000047683716,3.9130001068115234,105755,45.310001373291016,177.3,178.93,173.31,175.26,-0.015669755686605003,5.6200000000000045,Natural Gas,NG=F,₹/kg,Energy
2011-02-18,3.875999927520752,3.8989999294281006,3.8410000801086426,3.869999885559082,87964,45.209999084472656,174.96,176.27,173.65,175.23,-0.000171174255392037,2.6200000000000045,Natural Gas,NG=F,₹/kg,Energy
2011-02-22,3.867000102996826,3.989000082015991,3.8239998817443848,3.878999948501587,78368,44.917999267578125,174.24,179.18,171.77,173.7,-0.008731381612737565,7.409999999999997,Natural Gas,NG=F,₹/kg,Energy
2011-02-23,3.9000000953674316,3.928999900817871,3.821000099182129,3.8580000400543213,72773,45.150001525878906,174.19,177.39,172.52,176.09,0.013759355210132496,4.869999999999976,Natural Gas,NG=F,₹/kg,Energy
2011-02-24,3.7929999828338623,3.9059998989105225,3.7750000953674316,3.8980000019073486,110064,45.04999923706055,175.6,175.97,170.06,170.87,-0.02964393208018623,5.909999999999997,Natural Gas,NG=F,₹/kg,Energy
2011-02-25,4.005000114440918,4.044000148773193,3.8320000171661377,3.884000062942505,130789,45.400001525878906,176.33,183.6,173.97,181.83,0.06414233042664019,9.629999999999995,Natural Gas,NG=F,₹/kg,Energy
2011-02-28,4.0370001792907715,4.099999904632568,3.9539999961853027,4.008999824523926,123002,45.25,181.41,185.52,178.92,182.67,0.004619699719518033,6.600000000000023,Natural Gas,NG=F,₹/kg,Energy
2011-03-01,3.872999906539917,4.056000232696533,3.86299991607666,4.050000190734863,140928,45.09999847412109,182.66,182.93,174.22,174.67,-0.043794821262385764,8.710000000000008,Natural Gas,NG=F,₹/kg,Energy
2011-03-02,3.818000078201294,3.884999990463257,3.7960000038146973,3.8559999465942383,93450,44.83000183105469,172.86,174.16,170.17,171.16,-0.020095036354268014,3.990000000000009,Natural Gas,NG=F,₹/kg,Energy
2011-03-03,3.7780001163482666,3.869999885559082,3.759999990463257,3.813999891281128,104048,44.810001373291016,170.91,173.41,168.49,169.29,-0.010925449871465376,4.9199999999999875,Natural Gas,NG=F,₹/kg,Energy
2011-03-04,3.809000015258789,3.8259999752044678,3.7309999465942383,3.7820000648498535,76281,44.84999847412109,169.62,171.6,167.34,170.83,0.009096816114360085,4.259999999999991,Natural Gas,NG=F,₹/kg,Energy
2011-03-07,3.927000045776367,3.936000108718872,3.7309999465942383,3.7920000553131104,162277,44.90299987792969,170.27,176.74,167.53,176.33,0.03219575016097864,9.210000000000008,Natural Gas,NG=F,₹/kg,Energy
2011-03-08,3.864000082015991,3.9639999866485596,3.8320000171661377,3.9200000762939453,135633,44.970001220703125,176.28,178.26,172.33,173.76,-0.014574944705949222,5.929999999999978,Natural Gas,NG=F,₹/kg,Energy
2011-03-09,3.930000066757202,3.946000099182129,3.8380000591278076,3.8540000915527344,128448,44.900001525878906,173.04,177.18,172.33,176.46,0.015538674033149347,4.849999999999994,Natural Gas,NG=F,₹/kg,Energy
2011-03-10,3.8299999237060547,3.940000057220459,3.7950000762939453,3.921999931335449,132678,44.869998931884766,175.98,176.79,170.28,171.85,-0.026124900827383057,6.509999999999991,Natural Gas,NG=F,₹/kg,Energy
2011-03-11,3.8889999389648438,3.947000026702881,3.805999994277954,3.8310000896453857,128307,45.11000061035156,172.82,178.05,171.69,175.43,0.020832121035787132,6.360000000000014,Natural Gas,NG=F,₹/kg,Energy
2011-03-14,3.9140000343322754,4.052999973297119,3.8910000324249268,3.9230000972747803,129585,45.23799896240234,177.47,183.35,176.02,177.06,0.009291455281308814,7.329999999999984,Natural Gas,NG=F,₹/kg,Energy
2011-03-15,3.940999984741211,4.004000186920166,3.799999952316284,3.9110000133514404,204326,44.95000076293945,175.8,179.98,170.81,177.15,0.0005083022704168716,9.169999999999987,Natural Gas,NG=F,₹/kg,Energy
2011-03-16,3.937999963760376,4.014999866485596,3.9019999504089355,3.947999954223633,128821,45.15999984741211,178.29,181.32,176.21,177.84,0.003895004233700261,5.109999999999985,Natural Gas,NG=F,₹/kg,Energy
2011-03-17,4.1579999923706055,4.168000221252441,3.9189999103546143,3.940999984741211,169314,45.02000045776367,177.42,187.64,176.43,187.19,0.05257534862798008,11.20999999999998,Natural Gas,NG=F,₹/kg,Energy
2011-03-18,4.168000221252441,4.197999954223633,4.098999977111816,4.159999847412109,132753,45.04999923706055,187.41,189.12,184.66,187.77,0.0030984561141087497,4.460000000000008,Natural Gas,NG=F,₹/kg,Energy
2011-03-21,4.160999774932861,4.230000019073486,4.116000175476074,4.168000221252441,114125,44.99800109863281,187.55,190.34,185.21,187.24,-0.0028226021196143813,5.1299999999999955,Natural Gas,NG=F,₹/kg,Energy
2011-03-22,4.254000186920166,4.263999938964844,4.151000022888184,4.156000137329102,103989,44.90999984741211,186.65,191.5,186.42,191.05,0.020348216193121216,5.0800000000000125,Natural Gas,NG=F,₹/kg,Energy
2011-03-23,4.335000038146973,4.349999904632568,4.254000186920166,4.269000053405762,121872,44.84999847412109,191.46,195.1,190.79,194.42,0.01763936142371092,4.310000000000002,Natural Gas,NG=F,₹/kg,Energy
2011-03-24,4.24399995803833,4.39900016784668,4.215000152587891,4.349999904632568,145817,44.75,194.66,196.86,188.62,189.92,-0.023145766896409792,8.240000000000009,Natural Gas,NG=F,₹/kg,Energy
2011-03-25,4.4029998779296875,4.425000190734863,4.218999862670898,4.230000019073486,83181,44.59999847412109,188.66,197.36,188.17,196.37,0.03396166807076684,9.190000000000026,Natural Gas,NG=F,₹/kg,Energy
2011-03-28,4.374000072479248,4.480000019073486,4.334000110626221,4.425000190734863,91157,44.69300079345703,197.77,200.22,193.7,195.49,-0.004481336252991741,6.52000000000001,Natural Gas,NG=F,₹/kg,Energy
2011-03-29,4.239999771118164,4.36899995803833,4.195000171661377,4.333000183105469,138475,44.70000076293945,193.69,195.29,187.52,189.53,-0.030487492966392193,7.769999999999982,Natural Gas,NG=F,₹/kg,Energy
2011-03-30,4.355000019073486,4.381999969482422,4.255000114440918,4.260000228881836,124477,44.65999984741211,190.25,195.7,190.03,194.49,0.02616999947237919,5.6699999999999875,Natural Gas,NG=F,₹/kg,Energy
2011-03-31,4.388999938964844,4.441999912261963,4.204999923706055,4.374000072479248,186367,44.61000061035156,195.12,198.16,187.59,195.79,0.006684148285258873,10.569999999999993,Natural Gas,NG=F,₹/kg,Energy
2011-04-01,4.361999988555908,4.427999973297119,4.285999774932861,4.40500020980835,113930,44.45000076293945,195.8,196.82,190.51,193.89,-0.009704274988508121,6.310000000000002,Natural Gas,NG=F,₹/kg,Energy
2011-04-04,4.289000034332275,4.363999843597412,4.232999801635742,4.334000110626221,121931,44.448001861572266,192.64,193.97,188.15,190.64,-0.016762081592655576,5.819999999999993,Natural Gas,NG=F,₹/kg,Energy
2011-04-05,4.230999946594238,4.322000026702881,4.2230000495910645,4.2820000648498535,83124,44.31800079345703,189.77,191.54,187.15,187.51,-0.016418380193033988,4.389999999999986,Natural Gas,NG=F,₹/kg,Energy
2011-04-06,4.145999908447266,4.244999885559082,4.129000186920166,4.22599983215332,129319,44.29999923706055,187.21,188.05,182.91,183.67,-0.020478907791584455,5.140000000000015,Natural Gas,NG=F,₹/kg,Energy
2011-04-07,4.057000160217285,4.159999847412109,4.0329999923706055,4.144999980926514,229148,44.04999923706055,182.59,183.25,177.65,178.71,-0.02700495453803009,5.599999999999994,Natural Gas,NG=F,₹/kg,Energy
2011-04-08,4.040999889373779,4.078999996185303,4.013999938964844,4.060999870300293,158299,44.09999847412109,179.09,179.88,177.02,178.21,-0.002797828884785414,2.859999999999985,Natural Gas,NG=F,₹/kg,Energy
2011-04-11,4.107999801635742,4.1519999504089355,3.990000009536743,4.015999794006348,157366,44.0629997253418,176.96,182.95,175.81,181.01,0.015711800684585553,7.139999999999986,Natural Gas,NG=F,₹/kg,Energy
2011-04-12,4.0980000495910645,4.144999980926514,4.058000087738037,4.110000133514404,144755,44.2599983215332,181.91,183.46,179.61,181.38,0.002044085962101594,3.8499999999999943,Natural Gas,NG=F,₹/kg,Energy
2011-04-13,4.140999794006348,4.182000160217285,4.074999809265137,4.090000152587891,172801,44.1879997253418,180.73,184.79,180.07,182.98,0.00882125923475563,4.719999999999999,Natural Gas,NG=F,₹/kg,Energy
2011-04-14,4.211999893188477,4.261000156402588,4.063000202178955,4.139999866485596,191972,44.41999816894531,183.9,189.27,180.48,187.1,0.022516121980544312,8.79000000000002,Natural Gas,NG=F,₹/kg,Energy
2011-04-15,4.203999996185303,4.239999771118164,4.172999858856201,4.2179999351501465,103666,44.41999816894531,187.36,188.34,185.36,186.74,-0.001924104756814482,2.9799999999999898,Natural Gas,NG=F,₹/kg,Energy
2011-04-18,4.138000011444092,4.269999980926514,4.086999893188477,4.210000038146973,158471,44.27299880981445,186.39,189.05,180.94,183.2,-0.01895683838492035,8.110000000000014,Natural Gas,NG=F,₹/kg,Energy
2011-04-19,4.26200008392334,4.2829999923706055,4.129000186920166,4.14300012588501,122122,44.36000061035156,183.78,189.99,183.16,189.06,0.031986899563318794,6.8300000000000125,Natural Gas,NG=F,₹/kg,Energy
2011-04-20,4.309999942779541,4.343999862670898,4.270999908447266,4.281000137329102,108724,44.40999984741211,190.12,192.92,189.68,191.41,0.012429916428646992,3.2399999999999807,Natural Gas,NG=F,₹/kg,Energy
2011-04-21,4.4120001792907715,4.427000045776367,4.270999908447266,4.315999984741211,138980,44.2599983215332,191.03,195.94,189.03,195.28,0.020218379395015917,6.909999999999997,Natural Gas,NG=F,₹/kg,Energy
2011-04-25,4.388999938964844,4.445000171661377,4.343999862670898,4.4039998054504395,82725,44.26800155639648,194.96,196.77,192.3,194.29,-0.005069643588693218,4.469999999999999,Natural Gas,NG=F,₹/kg,Energy
2011-04-26,4.38700008392334,4.408999919891357,4.333000183105469,4.376999855041504,82201,44.40999984741211,194.38,195.8,192.43,194.83,0.0027793504555047033,3.3700000000000045,Natural Gas,NG=F,₹/kg,Energy
2011-04-27,4.376999855041504,4.425000190734863,4.364999771118164,4.377999782562256,77136,44.40999984741211,194.43,196.51,193.85,194.38,-0.0023097058974491658,2.6599999999999966,Natural Gas,NG=F,₹/kg,Energy
2011-04-28,4.571000099182129,4.598999977111816,4.395999908447266,4.396999835968018,194267,44.33000183105469,194.92,203.87,194.87,202.63,0.04244263813149507,9.0,Natural Gas,NG=F,₹/kg,Energy
2011-04-29,4.697999954223633,4.704999923706055,4.554999828338623,4.570000171661377,132065,44.29999923706055,202.45,208.43,201.79,208.12,0.027093717613384083,6.640000000000015,Natural Gas,NG=F,₹/kg,Energy
2011-05-02,4.692999839782715,4.729000091552734,4.63700008392334,4.684999942779541,118632,44.24800109863281,207.3,209.25,205.18,207.66,-0.0022102633096291457,4.069999999999993,Natural Gas,NG=F,₹/kg,Energy
2011-05-03,4.670000076293945,4.7179999351501465,4.6579999923706055,4.688000202178955,84226,44.220001220703125,207.3,208.63,205.98,206.51,-0.005537898487912973,2.6500000000000057,Natural Gas,NG=F,₹/kg,Energy
2011-05-04,4.577000141143799,4.684999942779541,4.560999870300293,4.670000076293945,122059,44.40999984741211,207.39,208.06,202.55,203.26,-0.01573773667134759,5.509999999999991,Natural Gas,NG=F,₹/kg,Energy
2011-05-05,4.261000156402588,4.572000026702881,4.204999923706055,4.565000057220459,218239,44.31999969482422,202.32,202.63,186.37,188.85,-0.07089442093869924,16.25999999999999,Natural Gas,NG=F,₹/kg,Energy
2011-05-06,4.235000133514404,4.343999862670898,4.2170000076293945,4.235000133514404,129874,44.70000076293945,189.3,194.18,188.5,189.3,0.002382843526608447,5.680000000000007,Natural Gas,NG=F,₹/kg,Energy
2011-05-09,4.1539998054504395,4.296999931335449,4.14900016784668,4.25,119280,44.72299957275391,190.07,192.17,185.56,185.78,-0.01859482303222404,6.609999999999985,Natural Gas,NG=F,₹/kg,Energy
2011-05-10,4.245999813079834,4.271999835968018,4.1620001792907715,4.190000057220459,107180,44.61000061035156,186.92,190.57,185.67,189.41,0.019539239961244403,4.900000000000006,Natural Gas,NG=F,₹/kg,Energy
2011-05-11,4.181000232696533,4.291999816894531,4.1529998779296875,4.28000020980835,126357,44.61000061035156,190.93,191.47,185.27,186.51,-0.015310701652499925,6.199999999999989,Natural Gas,NG=F,₹/kg,Energy
2011-05-12,4.193999767303467,4.236000061035156,4.109000205993652,4.189000129699707,117519,44.58000183105469,186.75,188.84,183.18,186.97,0.0024663556913839813,5.659999999999997,Natural Gas,NG=F,₹/kg,Energy
2011-05-13,4.245999813079834,4.2729997634887695,4.1529998779296875,4.191999912261963,89241,44.709999084472656,187.42,191.05,185.68,189.84,0.015350056158742076,5.3700000000000045,Natural Gas,NG=F,₹/kg,Energy
2011-05-16,4.317999839782715,4.339000225067139,4.196000099182129,4.252999782562256,113114,44.858001708984375,190.78,194.64,188.22,193.7,0.020332911925832198,6.4199999999999875,Natural Gas,NG=F,₹/kg,Energy
2011-05-17,4.182000160217285,4.328000068664551,4.159999847412109,4.284999847412109,114026,44.959999084472656,192.65,194.59,187.03,188.02,-0.029323696437790314,7.560000000000002,Natural Gas,NG=F,₹/kg,Energy
2011-05-18,4.197999954223633,4.241000175476074,4.179999828338623,4.189000129699707,75968,45.0099983215332,188.55,190.89,188.14,188.95,0.0049462823103922915,2.75,Natural Gas,NG=F,₹/kg,Energy
2011-05-19,4.093999862670898,4.197000026702881,4.0879998207092285,4.190000057220459,131204,44.959999084472656,188.38,188.7,183.8,184.07,-0.025826938343477046,4.899999999999977,Natural Gas,NG=F,₹/kg,Energy
2011-05-20,4.230000019073486,4.261000156402588,4.077000141143799,4.0879998207092285,116154,44.84999847412109,183.35,191.11,182.85,189.72,0.030694844352691986,8.26000000000002,Natural Gas,NG=F,₹/kg,Energy
2011-05-23,4.3460001945495605,4.379000186920166,4.21999979019165,4.23799991607666,130815,44.99300003051758,190.68,197.02,189.87,195.54,0.03067678684376962,7.150000000000006,Natural Gas,NG=F,₹/kg,Energy
2011-05-24,4.34499979019165,4.396999835968018,4.269999980926514,4.328000068664551,94231,45.150001525878906,195.41,198.52,192.79,196.18,0.003272987624015622,5.730000000000018,Natural Gas,NG=F,₹/kg,Energy
2011-05-25,4.379000186920166,4.385000228881836,4.315999984741211,4.334000110626221,68491,45.15999984741211,195.72,198.03,194.91,197.76,0.008053828117035255,3.1200000000000045,Natural Gas,NG=F,₹/kg,Energy
2011-05-26,4.326000213623047,4.414000034332275,4.195000171661377,4.369999885559082,134881,45.22999954223633,197.66,199.65,189.74,195.66,-0.010618932038834905,9.909999999999997,Natural Gas,NG=F,₹/kg,Energy
2011-05-27,4.51800012588501,4.563000202178955,4.364999771118164,4.374000072479248,146465,45.18999862670898,197.66,206.2,197.25,204.17,0.04349381580292344,8.949999999999989,Natural Gas,NG=F,₹/kg,Energy
2011-05-31,4.665999889373779,4.706999778747559,4.525000095367432,4.559999942779541,173184,45.08300018310547,205.58,212.21,204.0,210.36,0.030317872361267595,8.210000000000008,Natural Gas,NG=F,₹/kg,Energy
2011-06-01,4.629000186920166,4.679999828338623,4.586999893188477,4.65500020980835,124012,44.959999084472656,209.29,210.41,206.23,208.12,-0.010648412245674144,4.180000000000007,Natural Gas,NG=F,₹/kg,Energy
2011-06-02,4.794000148773193,4.859000205993652,4.625,4.626999855041504,190715,44.7599983215332,207.1,217.49,207.01,214.58,0.03103978473957336,10.480000000000018,Natural Gas,NG=F,₹/kg,Energy
2011-06-03,4.706999778747559,4.807000160217285,4.683000087738037,4.784999847412109,100399,44.7599983215332,214.18,215.16,209.61,210.69,-0.018128436946593385,5.549999999999983,Natural Gas,NG=F,₹/kg,Energy
2011-06-06,4.827000141143799,4.855000019073486,4.73799991607666,4.771999835968018,146875,44.823001861572266,213.9,217.62,212.37,216.36,0.02691157624946605,5.25,Natural Gas,NG=F,₹/kg,Energy
2011-06-07,4.830999851226807,4.854000091552734,4.763999938964844,4.822999954223633,145270,44.66999816894531,215.44,216.83,212.81,215.8,-0.0025882787946015506,4.02000000000001,Natural Gas,NG=F,₹/kg,Energy
2011-06-08,4.8470001220703125,4.873000144958496,4.767000198364258,4.814000129699707,144331,44.61000061035156,214.75,217.38,212.66,216.22,0.0019462465245596583,4.719999999999999,Natural Gas,NG=F,₹/kg,Energy
2011-06-09,4.673999786376953,4.982999801635742,4.510000228881836,4.849999904632568,227424,44.65999984741211,216.6,222.54,201.42,208.74,-0.034594394598094436,21.120000000000005,Natural Gas,NG=F,₹/kg,Energy
2011-06-10,4.756999969482422,4.7820000648498535,4.660999774932861,4.660999774932861,131200,44.59999847412109,207.88,213.28,207.88,212.16,0.016384018396090827,5.400000000000006,Natural Gas,NG=F,₹/kg,Energy
2011-06-13,4.645999908447266,4.810999870300293,4.610000133514404,4.789999961853027,142856,44.72299957275391,214.22,215.16,206.17,207.78,-0.020644796380090424,8.990000000000009,Natural Gas,NG=F,₹/kg,Energy
2011-06-14,4.580999851226807,4.6539998054504395,4.558000087738037,4.611000061035156,100381,44.79999923706055,206.57,208.5,204.2,205.23,-0.012272596015015957,4.300000000000011,Natural Gas,NG=F,₹/kg,Energy
2011-06-15,4.577000141143799,4.605000019073486,4.521999835968018,4.572999954223633,101375,44.73899841308594,204.59,206.02,202.31,204.77,-0.002241387711348186,3.710000000000008,Natural Gas,NG=F,₹/kg,Energy
2011-06-16,4.4120001792907715,4.59499979019165,4.4079999923706055,4.585000038146973,148834,44.709999084472656,205.0,205.44,197.08,197.26,-0.03667529423255367,8.359999999999985,Natural Gas,NG=F,₹/kg,Energy
2011-06-17,4.324999809265137,4.448999881744385,4.316999912261963,4.440000057220459,110415,44.79999923706055,198.91,199.32,193.4,193.76,-0.017743080198722505,5.9199999999999875,Natural Gas,NG=F,₹/kg,Energy
2011-06-20,4.316999912261963,4.375999927520752,4.2789998054504395,4.301000118255615,96864,44.76300048828125,192.53,195.88,191.54,193.24,-0.002683732452518517,4.340000000000003,Natural Gas,NG=F,₹/kg,Energy
2011-06-21,4.388000011444092,4.413000106811523,4.304999828338623,4.309000015258789,115659,44.869998931884766,193.34,198.01,193.17,196.89,0.01888842889670861,4.840000000000003,Natural Gas,NG=F,₹/kg,Energy
2011-06-22,4.316999912261963,4.443999767303467,4.315000057220459,4.414999961853027,114038,44.7599983215332,197.62,198.91,193.14,193.23,-0.018589059881151893,5.77000000000001,Natural Gas,NG=F,₹/kg,Energy
2011-06-23,4.192999839782715,4.335000038146973,4.1539998054504395,4.301000118255615,144184,44.75,192.47,193.99,185.89,187.64,-0.02892925529162138,8.100000000000023,Natural Gas,NG=F,₹/kg,Energy
2011-06-24,4.229000091552734,4.248000144958496,4.171000003814697,4.211999893188477,66904,44.84999847412109,188.91,190.52,187.07,189.67,0.010818588787039118,3.450000000000017,Natural Gas,NG=F,₹/kg,Energy
2011-06-27,4.25600004196167,4.276000022888184,4.176000118255615,4.228000164031982,70785,44.98799896240234,190.21,192.37,187.87,191.47,0.009490167132387928,4.5,Natural Gas,NG=F,₹/kg,Energy
2011-06-28,4.35699987411499,4.380000114440918,4.250999927520752,4.27400016784668,92105,44.95000076293945,192.12,196.88,191.08,195.85,0.022875646315349663,5.799999999999983,Natural Gas,NG=F,₹/kg,Energy
2011-06-29,4.315000057220459,4.377999782562256,4.276000022888184,4.372000217437744,94777,44.93999862670898,196.48,196.75,192.16,193.92,-0.00985448046974724,4.590000000000003,Natural Gas,NG=F,₹/kg,Energy
2011-06-30,4.374000072479248,4.421999931335449,4.2129998207092285,4.313000202178955,142383,44.7599983215332,193.05,197.93,188.57,195.78,0.009591584158415989,9.360000000000014,Natural Gas,NG=F,₹/kg,Energy
2011-07-01,4.310999870300293,4.388999938964844,4.301000118255615,4.372000217437744,71500,44.59299850463867,194.96,195.72,191.79,192.24,-0.018081520073551904,3.930000000000007,Natural Gas,NG=F,₹/kg,Energy
2011-07-05,4.36299991607666,4.410999774932861,4.250999927520752,4.313000202178955,130443,44.41999816894531,191.58,195.94,188.83,193.8,0.00811485642946308,7.109999999999985,Natural Gas,NG=F,₹/kg,Energy
2011-07-06,4.2170000076293945,4.361000061035156,4.2129998207092285,4.355000019073486,109412,44.34000015258789,193.1,193.37,186.8,186.98,-0.03519091847265232,6.569999999999993,Natural Gas,NG=F,₹/kg,Energy
2011-07-07,4.132999897003174,4.248000144958496,4.064000129699707,4.224999904632568,144827,44.33000183105469,187.29,188.31,180.16,183.22,-0.02010910257781573,8.150000000000006,Natural Gas,NG=F,₹/kg,Energy
2011-07-08,4.204999923706055,4.2230000495910645,4.120999813079834,4.1620001792907715,86654,44.33000183105469,184.5,187.21,182.68,186.41,0.017410763017137842,4.530000000000001,Natural Gas,NG=F,₹/kg,Energy
2011-07-11,4.288000106811523,4.3379998207092285,4.182000160217285,4.230999946594238,115253,44.41299819946289,187.91,192.66,185.74,190.44,0.021619011855587233,6.9199999999999875,Natural Gas,NG=F,₹/kg,Energy
2011-07-12,4.333000183105469,4.349999904632568,4.2230000495910645,4.2829999923706055,92282,44.34999847412109,189.95,192.92,187.29,192.17,0.009084226002940454,5.6299999999999955,Natural Gas,NG=F,₹/kg,Energy
2011-07-13,4.4029998779296875,4.418000221252441,4.313000202178955,4.320000171661377,112395,44.560001373291016,192.5,196.87,192.19,196.2,0.02097101524691669,4.680000000000007,Natural Gas,NG=F,₹/kg,Energy
2011-07-14,4.377999782562256,4.408999919891357,4.251999855041504,4.375,149321,44.45000076293945,194.47,195.98,189.0,194.6,-0.008154943934760461,6.97999999999999,Natural Gas,NG=F,₹/kg,Energy
2011-07-15,4.546000003814697,4.554999828338623,4.382999897003174,4.4019999504089355,145362,44.400001525878906,195.45,202.24,194.61,201.84,0.037204522096608406,7.6299999999999955,Natural Gas,NG=F,₹/kg,Energy
2011-07-18,4.546000003814697,4.611999988555908,4.48199987411499,4.546000003814697,126341,44.507999420166016,202.33,205.27,199.48,202.33,0.002427665477606089,5.7900000000000205,Natural Gas,NG=F,₹/kg,Energy
2011-07-19,4.5329999923706055,4.578999996185303,4.511000156402588,4.543000221252441,89349,44.5,202.16,203.77,200.74,201.72,-0.0030148766866011645,3.030000000000001,Natural Gas,NG=F,₹/kg,Energy
2011-07-20,4.5,4.5970001220703125,4.433000087738037,4.534999847412109,134201,44.369998931884766,201.22,203.97,196.69,199.66,-0.010212175292484638,7.280000000000001,Natural Gas,NG=F,₹/kg,Energy
2011-07-21,4.394999980926514,4.593999862670898,4.373000144958496,4.499000072479248,137593,44.369998931884766,199.62,203.84,194.03,195.01,-0.023289592306921847,9.810000000000002,Natural Gas,NG=F,₹/kg,Energy
2011-07-22,4.39900016784668,4.473999977111816,4.369999885559082,4.394000053405762,86943,44.29999923706055,194.65,198.2,193.59,194.88,-0.000666632480385565,4.609999999999985,Natural Gas,NG=F,₹/kg,Energy
2011-07-25,4.386000156402588,4.459000110626221,4.3429999351501465,4.413000106811523,80415,44.34299850463867,195.69,197.73,192.58,194.49,-0.0020012315270935277,5.149999999999977,Natural Gas,NG=F,₹/kg,Energy
2011-07-26,4.369999885559082,4.390999794006348,4.315999984741211,4.364999771118164,67353,44.310001373291016,193.41,194.57,191.24,193.63,-0.0044218211733251245,3.329999999999984,Natural Gas,NG=F,₹/kg,Energy
2011-07-27,4.369999885559082,4.4120001792907715,4.340000152587891,4.376999855041504,85680,44.04999923706055,192.81,194.35,191.18,192.5,-0.005835872540412068,3.1699999999999875,Natural Gas,NG=F,₹/kg,Energy
2011-07-28,4.24399995803833,4.339000225067139,4.199999809265137,4.317999839782715,115064,44.02999877929688,190.12,191.05,184.93,186.86,-0.02929870129870127,6.1200000000000045,Natural Gas,NG=F,₹/kg,Energy
2011-07-29,4.144999980926514,4.234000205993652,4.138000011444092,4.234000205993652,88283,44.0099983215332,186.34,186.34,182.11,182.42,-0.0237611045702667,4.22999999999999,Natural Gas,NG=F,₹/kg,Energy
2011-08-01,4.188000202178955,4.203999996185303,4.129000186920166,4.135000228881836,76741,44.20299911499024,182.78,185.83,182.51,185.12,0.01480100866133105,3.3200000000000216,Natural Gas,NG=F,₹/kg,Energy
2011-08-02,4.15500020980835,4.230000019073486,4.135000228881836,4.190999984741211,68803,44.0629997253418,184.67,186.39,182.2,183.08,-0.011019878997407084,4.189999999999998,Natural Gas,NG=F,₹/kg,Energy
2011-08-03,4.090000152587891,4.179999828338623,4.065999984741211,4.1529998779296875,104063,44.26300048828125,183.82,185.02,179.97,181.04,-0.01114266987109469,5.050000000000011,Natural Gas,NG=F,₹/kg,Energy
2011-08-04,3.940999984741211,4.11899995803833,3.9149999618530273,4.091000080108643,187159,44.3129997253418,181.28,182.53,173.49,174.64,-0.03535130357931948,9.039999999999992,Natural Gas,NG=F,₹/kg,Energy
2011-08-05,3.940999984741211,3.9790000915527344,3.9010000228881836,3.946000099182129,136662,44.5629997253418,175.85,177.32,173.84,175.62,0.0056115437471371266,3.4799999999999898,Natural Gas,NG=F,₹/kg,Energy
2011-08-08,3.934999942779541,3.9719998836517334,3.8550000190734863,3.9110000133514404,139135,44.733001708984375,174.95,177.68,172.45,176.02,0.002277644915157806,5.230000000000018,Natural Gas,NG=F,₹/kg,Energy
2011-08-09,3.99399995803833,4.039999961853027,3.888000011444092,3.944000005722046,142260,45.00299835205078,177.49,181.81,174.97,179.74,0.02113396204976703,6.840000000000003,Natural Gas,NG=F,₹/kg,Energy
2011-08-10,4.002999782562256,4.080999851226807,3.9800000190734863,4.008999824523926,145358,45.20299911499024,181.22,184.47,179.91,180.95,0.006731946144430623,4.560000000000002,Natural Gas,NG=F,₹/kg,Energy
2011-08-11,4.107999801635742,4.14300012588501,3.940000057220459,3.997999906539917,162298,45.24800109863281,180.9,187.46,178.28,185.88,0.027245095330201696,9.180000000000007,Natural Gas,NG=F,₹/kg,Energy
2011-08-12,4.059999942779541,4.139999866485596,4.052000045776367,4.105999946594238,79409,45.292999267578125,185.97,187.51,183.53,183.89,-0.01070583171938888,3.9799999999999898,Natural Gas,NG=F,₹/kg,Energy
2011-08-15,4.02400016784668,4.061999797821045,3.950000047683716,4.01200008392334,106864,45.39300155639648,182.12,184.39,179.3,182.66,-0.006688781336668614,5.089999999999975,Natural Gas,NG=F,₹/kg,Energy
2011-08-16,3.931999921798706,4.041999816894531,3.9030001163482666,4.038000106811523,148770,45.233001708984375,182.65,182.83,176.54,177.86,-0.02627833132596069,6.2900000000000205,Natural Gas,NG=F,₹/kg,Energy
2011-08-17,3.933000087738037,3.9820001125335693,3.8919999599456787,3.931999921798706,96961,45.25299835205078,177.93,180.2,176.12,177.98,0.0006746879568197972,4.079999999999984,Natural Gas,NG=F,₹/kg,Energy
2011-08-18,3.8919999599456787,3.996000051498413,3.8429999351501465,3.933000087738037,135461,45.303001403808594,178.18,181.03,174.1,176.32,-0.00932689066187209,6.930000000000007,Natural Gas,NG=F,₹/kg,Energy
2011-08-19,3.940000057220459,3.9719998836517334,3.9010000228881836,3.9260001182556152,66821,45.709999084472656,179.46,181.56,178.31,180.1,0.02143829401088926,3.25,Natural Gas,NG=F,₹/kg,Energy
2011-08-22,3.8889999389648438,3.927999973297119,3.8529999256134033,3.8929998874664307,114149,45.66299819946289,177.77,179.36,175.94,177.58,-0.01399222654081056,3.420000000000016,Natural Gas,NG=F,₹/kg,Energy
2011-08-23,3.993000030517578,4.047999858856201,3.874000072479248,3.8889999389648438,144005,45.61000061035156,177.38,184.63,176.69,182.12,0.02556594211059804,7.939999999999998,Natural Gas,NG=F,₹/kg,Energy
2011-08-24,3.921999931335449,4.0289998054504395,3.9149999618530273,3.99399995803833,95894,45.540000915527344,181.89,183.48,178.29,178.61,-0.01927300680869748,5.189999999999998,Natural Gas,NG=F,₹/kg,Energy
2011-08-25,3.930999994277954,3.9839999675750732,3.869999885559082,3.9149999618530273,92404,45.93999862670898,179.86,183.02,177.79,180.59,0.011085605509209895,5.230000000000018,Natural Gas,NG=F,₹/kg,Energy
2011-08-26,3.930999994277954,3.9639999866485596,3.9040000438690186,3.927000045776367,55348,46.0099983215332,180.68,182.38,179.62,180.87,0.0015504734481421867,2.759999999999991,Natural Gas,NG=F,₹/kg,Energy
2011-08-29,3.8570001125335693,3.930999994277954,3.8340001106262207,3.924999952316284,107591,46.15299987792969,181.15,181.43,176.95,178.01,-0.015812461989274107,4.480000000000018,Natural Gas,NG=F,₹/kg,Energy
2011-08-30,3.9089999198913574,3.9200000762939453,3.7799999713897705,3.8420000076293945,85772,45.84999847412109,176.16,179.73,173.31,179.23,0.00685354755350831,6.4199999999999875,Natural Gas,NG=F,₹/kg,Energy
2011-08-31,4.053999900817871,4.067999839782715,3.869999885559082,3.9089999198913574,143018,45.93999862670898,179.58,186.88,177.79,186.24,0.03911175584444582,9.090000000000003,Natural Gas,NG=F,₹/kg,Energy
2011-09-01,4.050000190734863,4.130000114440918,3.9700000286102295,4.059999942779541,153275,45.7400016784668,185.7,188.91,181.59,185.25,-0.005315721649484573,7.319999999999993,Natural Gas,NG=F,₹/kg,Energy
2011-09-02,3.871999979019165,4.065000057220459,3.8499999046325684,4.050000190734863,127809,45.70000076293945,185.09,185.77,175.94,176.95,-0.04480431848852906,9.830000000000013,Natural Gas,NG=F,₹/kg,Energy
2011-09-06,3.937999963760376,3.950000047683716,3.8510000705718994,3.881999969482422,107033,45.98400115966797,178.51,181.64,177.08,181.08,0.023339926532919053,4.559999999999974,Natural Gas,NG=F,₹/kg,Energy
2011-09-07,3.940000057220459,4.038000106811523,3.9000000953674316,3.924999952316284,148744,46.040000915527344,180.71,185.91,179.56,181.4,0.001767174729401244,6.349999999999994,Natural Gas,NG=F,₹/kg,Energy
2011-09-08,3.9800000190734863,4.0289998054504395,3.9200000762939453,3.941999912261963,135090,46.040000915527344,181.49,185.5,180.48,183.24,0.010143329658213851,5.02000000000001,Natural Gas,NG=F,₹/kg,Energy
2011-09-09,3.9149999618530273,3.989000082015991,3.884999990463257,3.9769999980926514,120626,46.130001068115234,183.46,184.01,179.22,180.6,-0.014407334643091074,4.789999999999992,Natural Gas,NG=F,₹/kg,Energy
2011-09-12,3.884999990463257,3.924999952316284,3.8259999752044678,3.9000000953674316,103178,46.64300155639648,181.91,183.07,178.46,181.21,0.003377630121816244,4.609999999999985,Natural Gas,NG=F,₹/kg,Energy
2011-09-13,3.9800000190734863,4.01800012588501,3.869999885559082,3.9049999713897705,144767,47.15999984741211,184.16,189.49,182.51,187.7,0.03581480050769814,6.980000000000018,Natural Gas,NG=F,₹/kg,Energy
2011-09-14,4.039000034332275,4.098999977111816,3.9549999237060547,3.990000009536743,145895,47.459999084472656,189.37,194.54,187.7,191.69,0.021257325519445924,6.840000000000003,Natural Gas,NG=F,₹/kg,Energy
2011-09-15,3.878000020980835,4.079999923706055,3.875,4.041999816894531,188891,47.560001373291016,192.24,194.04,184.3,184.44,-0.03782148260211804,9.73999999999998,Natural Gas,NG=F,₹/kg,Energy
2011-09-16,3.809000015258789,3.8949999809265137,3.7909998893737793,3.881999969482422,146758,47.5,184.39,185.01,180.07,180.93,-0.01903057905009753,4.939999999999998,Natural Gas,NG=F,₹/kg,Energy
2011-09-19,3.8289999961853027,3.8469998836517334,3.743000030517578,3.7760000228881836,113722,47.16999816894531,178.11,181.46,176.56,180.61,-0.0017686398054496122,4.900000000000006,Natural Gas,NG=F,₹/kg,Energy
2011-09-20,3.7980000972747803,3.8589999675750732,3.7790000438690186,3.8299999237060547,85295,47.72299957275391,182.78,184.16,180.35,181.25,0.003543546868943981,3.8100000000000023,Natural Gas,NG=F,₹/kg,Energy
2011-09-21,3.7300000190734863,3.7990000247955322,3.7209999561309814,3.7809998989105225,109657,47.90999984741211,181.15,182.01,178.27,178.7,-0.01406896551724146,3.7399999999999807,Natural Gas,NG=F,₹/kg,Energy
2011-09-22,3.7049999237060547,3.759999990463257,3.6619999408721924,3.7219998836517334,126905,48.209999084472656,179.44,181.27,176.55,178.62,-0.00044767767207598563,4.719999999999999,Natural Gas,NG=F,₹/kg,Energy
2011-09-23,3.7009999752044678,3.755000114440918,3.693000078201294,3.7109999656677246,74035,49.47299957275391,183.59,185.77,182.7,183.1,0.025081177919605846,3.0700000000000216,Natural Gas,NG=F,₹/kg,Energy
2011-09-26,3.7820000648498535,3.802999973297119,3.680000066757202,3.7009999752044678,68557,49.34299850463867,182.62,187.65,181.58,186.62,0.019224467504096232,6.069999999999993,Natural Gas,NG=F,₹/kg,Energy
2011-09-27,3.8269999027252197,3.8529999256134033,3.7730000019073486,3.7860000133514404,74282,49.400001525878906,187.03,190.34,186.39,189.05,0.013021112420962488,3.950000000000017,Natural Gas,NG=F,₹/kg,Energy
2011-09-28,3.759000062942505,3.8259999752044678,3.740999937057495,3.805000066757202,99975,48.810001373291016,185.72,186.75,182.6,183.48,-0.02946310499867766,4.150000000000006,Natural Gas,NG=F,₹/kg,Energy
2011-09-29,3.746999979019165,3.8369998931884766,3.684999942779541,3.7929999828338623,160158,48.75,184.91,187.05,179.64,182.67,-0.004414650098103379,7.410000000000025,Natural Gas,NG=F,₹/kg,Energy
2011-09-30,3.6659998893737793,3.7920000553131104,3.6630001068115234,3.755000114440918,119832,48.86000061035156,183.47,185.28,178.97,179.12,-0.019433951935183602,6.310000000000002,Natural Gas,NG=F,₹/kg,Energy
2011-10-03,3.617000102996826,3.6989998817443848,3.5910000801086426,3.6429998874664307,114839,49.04999923706055,178.69,181.44,176.14,177.41,-0.009546672621706165,5.300000000000011,Natural Gas,NG=F,₹/kg,Energy
2011-10-04,3.638000011444092,3.6570000648498535,3.5910000801086426,3.6070001125335693,91146,49.09999847412109,177.1,179.56,176.32,178.63,0.006876726227383001,3.240000000000009,Natural Gas,NG=F,₹/kg,Energy
2011-10-05,3.569999933242798,3.691999912261963,3.552999973297119,3.6540000438690186,108166,49.303001403808594,180.15,182.03,175.17,176.01,-0.014667189161954863,6.860000000000014,Natural Gas,NG=F,₹/kg,Energy
2011-10-06,3.5980000495910645,3.640000104904175,3.51200008392334,3.565000057220459,154565,49.150001525878906,175.22,178.91,172.61,176.84,0.0047156411567526035,6.299999999999983,Natural Gas,NG=F,₹/kg,Energy
2011-10-07,3.4809999465942383,3.5999999046325684,3.4700000286102295,3.5950000286102295,161200,49.040000915527344,176.3,176.54,170.17,170.71,-0.03466410314408497,6.3700000000000045,Natural Gas,NG=F,₹/kg,Energy
2011-10-10,3.5409998893737793,3.562999963760376,3.4549999237060547,3.4860000610351562,139114,48.89300155639648,170.44,174.21,168.93,173.13,0.014176088102630047,5.280000000000001,Natural Gas,NG=F,₹/kg,Energy
2011-10-11,3.615999937057495,3.627000093460083,3.513000011444092,3.562000036239624,190172,48.8129997253418,173.87,177.04,171.48,176.51,0.019522901865649978,5.560000000000002,Natural Gas,NG=F,₹/kg,Energy
2011-10-12,3.489000082015991,3.630000114440918,3.4800000190734863,3.6089999675750732,192407,49.23799896240234,177.7,178.73,171.35,171.79,-0.026740694578210822,7.3799999999999955,Natural Gas,NG=F,₹/kg,Energy
2011-10-13,3.5309998989105225,3.559000015258789,3.446000099182129,3.4820001125335693,173574,48.90999984741211,170.3,174.07,168.54,172.7,0.005297165143489213,5.530000000000001,Natural Gas,NG=F,₹/kg,Energy
2011-10-14,3.703000068664551,3.743000030517578,3.51200008392334,3.5390000343322754,188082,49.20000076293945,174.12,184.16,172.79,182.19,0.05495078170237422,11.370000000000005,Natural Gas,NG=F,₹/kg,Energy
2011-10-17,3.687999963760376,3.7769999504089355,3.6410000324249268,3.7300000190734863,149912,48.89300155639648,182.37,184.67,178.02,180.32,-0.010264010099346854,6.649999999999977,Natural Gas,NG=F,₹/kg,Energy
2011-10-18,3.552999973297119,3.697999954223633,3.5360000133514404,3.687999963760376,126314,48.900001525878906,180.34,180.83,172.91,173.74,-0.036490683229813525,7.920000000000016,Natural Gas,NG=F,₹/kg,Energy
2011-10-19,3.5859999656677246,3.634999990463257,3.5360000133514404,3.549999952316284,119834,49.2400016784668,174.8,178.99,174.11,176.57,0.01628870726372722,4.8799999999999955,Natural Gas,NG=F,₹/kg,Energy
2011-10-20,3.630000114440918,3.7239999771118164,3.571000099182129,3.6050000190734863,197523,49.0099983215332,176.68,182.51,175.01,177.91,0.007589058163901097,7.5,Natural Gas,NG=F,₹/kg,Energy
2011-10-21,3.628999948501587,3.6470000743865967,3.5490000247955322,3.621000051498413,105570,49.86000061035156,180.54,181.84,176.95,180.94,0.0170310831319207,4.890000000000015,Natural Gas,NG=F,₹/kg,Energy
2011-10-24,3.6040000915527344,3.677999973297119,3.5910000801086426,3.634999990463257,90018,49.823001861572266,181.11,183.25,178.91,179.56,-0.007626837625732241,4.340000000000003,Natural Gas,NG=F,₹/kg,Energy
2011-10-25,3.6579999923706055,3.700000047683716,3.5810000896453857,3.6010000705718994,88392,49.54999923706055,178.43,183.33,177.44,181.25,0.009411895745154775,5.890000000000015,Natural Gas,NG=F,₹/kg,Energy
2011-10-26,3.5899999141693115,3.693000078201294,3.563999891281128,3.6600000858306885,70465,49.40999984741211,180.84,182.47,176.1,177.38,-0.021351724137931072,6.3700000000000045,Natural Gas,NG=F,₹/kg,Energy
2011-10-27,3.5239999294281006,3.5999999046325684,3.494999885559082,3.5899999141693115,160130,49.36000061035156,177.2,177.7,172.51,173.94,-0.01939339271620244,5.189999999999998,Natural Gas,NG=F,₹/kg,Energy
2011-10-28,3.9230000972747803,3.940000057220459,3.7709999084472656,3.7750000953674316,167615,49.790000915527344,187.96,196.17,187.76,195.33,0.12297343911693703,8.409999999999997,Natural Gas,NG=F,₹/kg,Energy
2011-10-31,3.934000015258789,3.9779999256134033,3.8519999980926514,3.930000066757202,88196,48.62799835205078,191.11,193.44,187.32,191.3,-0.020631751395075004,6.1200000000000045,Natural Gas,NG=F,₹/kg,Energy
2011-11-01,3.7809998989105225,3.9549999237060547,3.759999990463257,3.931999921798706,142825,48.67300033569336,191.38,192.5,183.01,184.03,-0.03800313643491904,9.490000000000009,Natural Gas,NG=F,₹/kg,Energy
2011-11-02,3.749000072479248,3.803999900817871,3.7300000190734863,3.7720000743865967,79838,49.257999420166016,185.8,187.38,183.73,184.67,0.0034776938542628866,3.6500000000000057,Natural Gas,NG=F,₹/kg,Energy
2011-11-03,3.7780001163482666,3.86299991607666,3.740999937057495,3.759999990463257,157399,49.12300109863281,184.7,189.76,183.77,185.59,0.004981859533221611,5.989999999999981,Natural Gas,NG=F,₹/kg,Energy
2011-11-04,3.7829999923706055,3.8469998836517334,3.7690000534057617,3.806999921798706,112541,49.04800033569336,186.73,188.69,184.86,185.55,-0.0002155288539252842,3.829999999999984,Natural Gas,NG=F,₹/kg,Energy
2011-11-07,3.696000099182129,3.7829999923706055,3.6519999504089355,3.7829999923706055,125618,48.99300003051758,185.34,185.34,178.92,181.08,-0.024090541632982965,6.420000000000016,Natural Gas,NG=F,₹/kg,Energy
2011-11-08,3.744999885559082,3.7690000534057617,3.6559998989105225,3.7039999961853027,95146,48.90999984741211,181.16,184.34,178.81,183.17,0.011541859951402555,5.530000000000001,Natural Gas,NG=F,₹/kg,Energy
2011-11-09,3.6519999504089355,3.763000011444092,3.6480000019073486,3.759999990463257,122315,49.310001373291016,185.41,185.55,179.88,180.08,-0.016869574712016,5.670000000000016,Natural Gas,NG=F,₹/kg,Energy
2011-11-10,3.6489999294281006,3.7079999446868896,3.611999988555908,3.6579999923706055,101705,50.04999923706055,183.08,185.59,180.78,182.63,0.014160373167481088,4.810000000000002,Natural Gas,NG=F,₹/kg,Energy
2011-11-11,3.5840001106262207,3.6589999198913574,3.569999933242798,3.63100004196167,101195,49.959999084472656,181.4,182.8,178.36,179.06,-0.019547719432732813,4.439999999999998,Natural Gas,NG=F,₹/kg,Energy
2011-11-14,3.4579999446868896,3.552999973297119,3.447000026702881,3.5399999618530273,127730,50.03300094604492,177.12,177.77,172.46,173.01,-0.033787557243382116,5.310000000000002,Natural Gas,NG=F,₹/kg,Energy
2011-11-15,3.4040000438690186,3.4830000400543213,3.390000104904175,3.444999933242798,136952,50.36800003051758,173.52,175.43,170.75,171.45,-0.009016819837003642,4.680000000000007,Natural Gas,NG=F,₹/kg,Energy
2011-11-16,3.3440001010894775,3.438999891281128,3.3259999752044678,3.4070000648498535,135128,50.62300109863281,172.47,174.09,168.37,169.28,-0.012656751239428332,5.719999999999999,Natural Gas,NG=F,₹/kg,Energy
2011-11-17,3.4100000858306885,3.4790000915527344,3.325000047683716,3.3429999351501465,169142,50.70299911499024,169.5,176.4,168.59,172.9,0.021384688090737347,7.810000000000002,Natural Gas,NG=F,₹/kg,Energy
2011-11-18,3.315999984741211,3.444000005722046,3.2850000858306885,3.438999891281128,148707,50.948001861572266,175.21,175.46,167.36,168.94,-0.022903412377096588,8.099999999999994,Natural Gas,NG=F,₹/kg,Energy
2011-11-21,3.3989999294281006,3.440000057220459,3.2850000858306885,3.3289999961853027,146589,51.22800064086914,170.54,176.22,168.28,174.12,0.03066177341067844,7.939999999999998,Natural Gas,NG=F,₹/kg,Energy
2011-11-22,3.4149999618530273,3.4549999237060547,3.361999988555908,3.4040000438690186,100397,52.05799865722656,177.21,179.86,175.02,177.78,0.021019986216402442,4.840000000000003,Natural Gas,NG=F,₹/kg,Energy
2011-11-23,3.4600000381469727,3.4830000400543213,3.3519999980926514,3.4079999923706055,116332,52.483001708984375,178.86,182.8,175.92,181.59,0.02143098211272365,6.880000000000024,Natural Gas,NG=F,₹/kg,Energy
2011-11-25,3.5420000553131104,3.5490000247955322,3.4149999618530273,3.4809999465942383,14607,52.0629997253418,181.23,184.77,177.8,184.41,0.015529489509334082,6.969999999999999,Natural Gas,NG=F,₹/kg,Energy
2011-11-28,3.364000082015991,3.5799999237060547,3.3499999046325684,3.5290000438690186,135540,52.22800064086914,184.31,186.98,174.96,175.69,-0.04728593894040456,12.019999999999982,Natural Gas,NG=F,₹/kg,Energy
2011-11-29,3.632999897003174,3.640000104904175,3.5250000953674316,3.552000045776367,128907,51.94300079345703,184.5,189.07,183.1,188.71,0.0741078035175593,5.969999999999999,Natural Gas,NG=F,₹/kg,Energy
2011-11-30,3.549999952316284,3.6389999389648438,3.5399999618530273,3.627000093460083,126796,51.90299987792969,188.25,188.88,183.74,184.26,-0.023581156271527792,5.139999999999986,Natural Gas,NG=F,₹/kg,Energy
2011-12-01,3.6480000019073486,3.688999891281128,3.5409998893737793,3.575000047683716,175649,51.72999954223633,184.93,190.83,183.18,188.71,0.024150656680777205,7.650000000000006,Natural Gas,NG=F,₹/kg,Energy
2011-12-02,3.5840001106262207,3.6630001068115234,3.568000078201294,3.6440000534057617,84298,51.29999923706055,186.94,187.91,183.04,183.86,-0.025700810767844806,4.8700000000000045,Natural Gas,NG=F,₹/kg,Energy
2011-12-05,3.4609999656677246,3.572000026702881,3.444000005722046,3.569999933242798,114253,51.10300064086914,182.44,182.54,176.0,176.87,-0.03801805721744811,6.539999999999992,Natural Gas,NG=F,₹/kg,Energy
2011-12-06,3.486999988555908,3.506999969482422,3.4049999713897705,3.4630000591278076,122829,51.20000076293945,177.31,179.56,174.34,178.53,0.009385424322948976,5.219999999999999,Natural Gas,NG=F,₹/kg,Energy
2011-12-07,3.4210000038146973,3.503999948501587,3.4089999198913574,3.496999979019165,138854,51.20000076293945,179.05,179.4,174.54,175.16,-0.0188763793200023,4.860000000000014,Natural Gas,NG=F,₹/kg,Energy
2011-12-08,3.4570000171661377,3.549999952316284,3.4100000858306885,3.421999931335449,171867,51.59999847412109,176.58,183.18,175.96,178.38,0.018383192509705326,7.219999999999999,Natural Gas,NG=F,₹/kg,Energy
2011-12-09,3.316999912261963,3.440999984741211,3.309000015258789,3.434999942779541,173353,51.70000076293945,177.59,177.9,171.08,171.49,-0.038625406435699006,6.819999999999993,Natural Gas,NG=F,₹/kg,Energy
2011-12-12,3.253999948501587,3.2709999084472656,3.2170000076293945,3.253000020980835,128726,51.86800003051758,168.73,169.66,166.86,168.78,-0.01580267070966246,2.799999999999983,Natural Gas,NG=F,₹/kg,Energy
2011-12-13,3.2790000438690186,3.2990000247955322,3.2309999465942383,3.246999979019165,145947,52.650001525878906,170.95,173.69,170.11,172.64,0.022870008294821664,3.579999999999984,Natural Gas,NG=F,₹/kg,Energy
2011-12-14,3.135999917984009,3.2869999408721924,3.125999927520752,3.2850000858306885,145439,53.09999847412109,174.43,174.54,165.99,166.52,-0.0354494902687672,8.549999999999983,Natural Gas,NG=F,₹/kg,Energy
2011-12-15,3.127000093460083,3.2039999961853027,3.0999999046325684,3.1410000324249268,139649,53.709999084472656,168.7,172.09,166.5,167.95,0.008587557050204087,5.590000000000003,Natural Gas,NG=F,₹/kg,Energy
2011-12-16,3.127000093460083,3.1730000972747803,3.0840001106262207,3.124000072479248,103928,53.209999084472656,166.23,168.84,164.1,166.39,-0.009288478713902926,4.740000000000009,Natural Gas,NG=F,₹/kg,Energy
2011-12-19,3.0959999561309814,3.122999906539917,3.049999952316284,3.0929999351501465,89376,52.49300003051758,162.36,163.94,160.1,162.52,-0.02325860929142365,3.8400000000000034,Natural Gas,NG=F,₹/kg,Energy
2011-12-20,3.128000020980835,3.1500000953674316,3.0859999656677246,3.117000102996826,91178,52.70000076293945,164.27,166.01,162.63,164.85,0.014336697021904987,3.3799999999999955,Natural Gas,NG=F,₹/kg,Energy
2011-12-21,3.1549999713897705,3.191999912261963,3.0950000286102295,3.134999990463257,102365,52.709999084472656,165.25,168.25,163.14,166.3,0.008795875037913348,5.110000000000014,Natural Gas,NG=F,₹/kg,Energy
2011-12-22,3.1689999103546143,3.2009999752044678,3.0999999046325684,3.1679999828338623,112262,52.39300155639648,165.98,167.71,162.42,166.03,-0.0016235718580878133,5.2900000000000205,Natural Gas,NG=F,₹/kg,Energy
2011-12-23,3.114000082015991,3.1689999103546143,3.1010000705718994,3.1579999923706055,39814,52.5099983215332,165.83,166.4,162.83,163.52,-0.015117749804252179,3.569999999999993,Natural Gas,NG=F,₹/kg,Energy
2011-12-27,3.111999988555908,3.180999994277954,3.078000068664551,3.1059999465942383,55020,52.70000076293945,163.69,167.64,162.21,164.0,0.0029354207436398383,5.429999999999978,Natural Gas,NG=F,₹/kg,Energy
2011-12-28,3.0840001106262207,3.190000057220459,3.065000057220459,3.1019999980926514,64598,52.84999847412109,163.94,168.59,161.99,162.99,-0.006158536585365804,6.599999999999994,Natural Gas,NG=F,₹/kg,Energy
2011-12-29,3.0269999504089355,3.1480000019073486,3.000999927520752,3.1389999389648438,87068,52.86000061035156,165.93,166.4,158.63,160.01,-0.018283330265660536,7.77000000000001,Natural Gas,NG=F,₹/kg,Energy
2011-12-30,2.989000082015991,3.0420000553131104,2.9570000171661377,3.0199999809265137,60189,53.0,160.06,161.23,156.72,158.42,-0.009936878945066008,4.509999999999991,Natural Gas,NG=F,₹/kg,Energy
2012-01-03,2.993000030517578,3.0739998817443848,2.936000108718872,2.9690001010894775,106186,53.29800033569336,158.24,163.84,156.48,159.52,0.006943567731347189,7.360000000000014,Natural Gas,NG=F,₹/kg,Energy
2012-01-04,3.0959999561309814,3.122999906539917,2.9749999046325684,2.9779999256134033,133510,53.04999923706055,157.98,165.68,157.82,164.24,0.02958876629889673,7.860000000000014,Natural Gas,NG=F,₹/kg,Energy
2012-01-05,2.9800000190734863,3.122999906539917,2.947000026702881,3.121999979019165,163137,52.84999847412109,165.0,165.05,155.75,157.49,-0.04109839259620063,9.300000000000011,Natural Gas,NG=F,₹/kg,Energy
2012-01-06,3.062000036239624,3.0769999027252197,2.9549999237060547,2.9600000381469727,115519,52.7599983215332,156.17,162.34,155.91,161.55,0.02577941456600419,6.430000000000007,Natural Gas,NG=F,₹/kg,Energy
2012-01-09,3.010999917984009,3.0320000648498535,2.9769999980926514,3.010999917984009,107254,52.67300033569336,158.6,159.7,156.81,158.6,-0.018260600433302465,2.8899999999999864,Natural Gas,NG=F,₹/kg,Energy
2012-01-10,2.940999984741211,3.0450000762939453,2.9030001163482666,3.0139999389648438,134787,52.380001068115234,157.87,159.5,152.06,154.05,-0.0286885245901638,7.439999999999998,Natural Gas,NG=F,₹/kg,Energy
2012-01-11,2.7739999294281006,2.928999900817871,2.740999937057495,2.9230000972747803,167963,51.59999847412109,150.83,151.14,141.44,143.14,-0.07082116196040267,9.699999999999989,Natural Gas,NG=F,₹/kg,Energy
2012-01-12,2.697000026702881,2.7720000743865967,2.6630001068115234,2.760999917984009,157645,51.75,142.88,143.45,137.81,139.57,-0.02494061757719712,5.639999999999986,Natural Gas,NG=F,₹/kg,Energy
2012-01-13,2.6700000762939453,2.7109999656677246,2.621000051498413,2.7049999237060547,118531,51.45000076293945,139.17,139.48,134.85,137.37,-0.015762699720570206,4.6299999999999955,Natural Gas,NG=F,₹/kg,Energy
2012-01-17,2.48799991607666,2.5869998931884766,2.438999891281128,2.569000005722046,199106,51.380001068115234,132.0,132.92,125.32,127.83,-0.06944747761519987,7.599999999999994,Natural Gas,NG=F,₹/kg,Energy
2012-01-18,2.4719998836517334,2.5420000553131104,2.4519999027252197,2.484999895095825,127932,50.650001525878906,125.87,128.75,124.19,125.21,-0.020495971211765607,4.560000000000002,Natural Gas,NG=F,₹/kg,Energy
2012-01-19,2.322000026702881,2.484999895095825,2.2929999828338623,2.4820001125335693,159157,50.36000061035156,124.99,125.14,115.48,116.94,-0.0660490376168037,9.659999999999997,Natural Gas,NG=F,₹/kg,Energy
2012-01-20,2.3429999351501465,2.367000102996826,2.2829999923706055,2.305999994277954,133816,50.303001403808594,116.0,119.07,114.84,117.86,0.00786728236702583,4.22999999999999,Natural Gas,NG=F,₹/kg,Energy
2012-01-23,2.5250000953674316,2.61899995803833,2.2309999465942383,2.2699999809265137,259774,50.22299957275391,114.01,131.53,112.05,126.81,0.07593755302901761,19.480000000000004,Natural Gas,NG=F,₹/kg,Energy
2012-01-24,2.553999900817871,2.6500000953674316,2.51200008392334,2.5769999027252197,210660,49.84000015258789,128.44,132.08,125.2,127.29,0.003785190442394226,6.88000000000001,Natural Gas,NG=F,₹/kg,Energy
2012-01-25,2.7290000915527344,2.7760000228881836,2.571000099182129,2.572000026702881,158855,50.0,128.6,138.8,128.55,136.45,0.07196166234582435,10.25,Natural Gas,NG=F,₹/kg,Energy
2012-01-26,2.6050000190734863,2.802999973297119,2.552999973297119,2.759999990463257,91910,50.0,138.0,140.15,127.65,130.25,-0.0454378893367533,12.5,Natural Gas,NG=F,₹/kg,Energy
2012-01-27,2.677999973297119,2.7139999866485596,2.5420000553131104,2.5950000286102295,200137,52.49300003051758,136.22,142.47,133.44,140.58,0.0793090211132439,9.030000000000001,Natural Gas,NG=F,₹/kg,Energy
2012-01-30,2.7130000591278076,2.8440001010894775,2.640000104904175,2.809999942779541,156087,49.38800048828125,138.78,140.46,130.38,133.99,-0.046877222933561,10.080000000000013,Natural Gas,NG=F,₹/kg,Energy
2012-01-31,2.503000020980835,2.688999891281128,2.453000068664551,2.688999891281128,215162,52.49300003051758,141.15,141.15,128.77,131.39,-0.01940443316665441,12.379999999999995,Natural Gas,NG=F,₹/kg,Energy
2012-02-01,2.381999969482422,2.4709999561309814,2.3550000190734863,2.4649999141693115,190342,49.5,122.02,122.31,116.57,117.91,-0.10259532688941309,5.740000000000009,Natural Gas,NG=F,₹/kg,Energy
2012-02-02,2.553999900817871,2.5869998931884766,2.3399999141693115,2.375,249784,49.0099983215332,116.4,126.79,114.68,125.17,0.06157238571792045,12.11,Natural Gas,NG=F,₹/kg,Energy
2012-02-03,2.499000072479248,2.559999942779541,2.450000047683716,2.558000087738037,159589,49.0,125.34,125.44,120.05,122.45,-0.021730446592634012,5.390000000000001,Natural Gas,NG=F,₹/kg,Energy
2012-02-06,2.549999952316284,2.5869998931884766,2.447000026702881,2.503000020980835,147660,48.65299987792969,121.78,125.87,119.05,124.07,0.013229889750918655,6.820000000000007,Natural Gas,NG=F,₹/kg,Energy
2012-02-07,2.4719998836517334,2.618000030517578,2.4519999027252197,2.5739998817443848,224079,49.053001403808594,126.26,128.42,120.28,121.26,-0.02264850487627945,8.139999999999986,Natural Gas,NG=F,₹/kg,Energy
2012-02-08,2.447999954223633,2.507999897003174,2.390000104904175,2.492000102996826,180784,49.042999267578125,122.22,123.0,117.21,120.06,-0.009896091044037658,5.790000000000006,Natural Gas,NG=F,₹/kg,Energy
2012-02-09,2.4769999980926514,2.5850000381469727,2.4049999713897705,2.444000005722046,256963,49.14799880981445,120.12,127.05,118.2,121.74,0.013993003498250722,8.849999999999994,Natural Gas,NG=F,₹/kg,Energy
2012-02-10,2.4769999980926514,2.5280001163482666,2.4509999752044678,2.4809999465942383,156960,49.48799896240234,122.78,125.11,121.3,122.58,0.00689995071463767,3.8100000000000023,Natural Gas,NG=F,₹/kg,Energy
2012-02-13,2.430999994277954,2.4700000286102295,2.3949999809265137,2.447999954223633,195210,49.35300064086914,120.82,121.9,118.2,119.98,-0.021210637950725975,3.700000000000003,Natural Gas,NG=F,₹/kg,Energy
2012-02-14,2.5320000648498535,2.569000005722046,2.434000015258789,2.440999984741211,188367,49.1879997253418,120.07,126.36,119.72,124.54,0.038006334389064866,6.640000000000001,Natural Gas,NG=F,₹/kg,Energy
2012-02-15,2.424999952316284,2.566999912261963,2.4040000438690186,2.549999952316284,180893,49.358001708984375,125.86,126.7,118.66,119.69,-0.038943311385900126,8.040000000000006,Natural Gas,NG=F,₹/kg,Energy
2012-02-16,2.566999912261963,2.5769999027252197,2.4149999618530273,2.436000108718872,201166,49.28300094604492,120.05,127.0,119.02,126.51,0.056980533043696324,7.980000000000004,Natural Gas,NG=F,₹/kg,Energy
2012-02-17,2.684000015258789,2.7330000400543213,2.5269999504089355,2.555999994277954,160538,49.28300094604492,125.97,134.69,124.54,132.28,0.04560904276341793,10.149999999999991,Natural Gas,NG=F,₹/kg,Energy
2012-02-21,2.625999927520752,2.6730000972747803,2.575000047683716,2.6589999198913574,136053,49.14799880981445,130.68,131.37,126.56,129.06,-0.024342304203205267,4.810000000000002,Natural Gas,NG=F,₹/kg,Energy
2012-02-22,2.6429998874664307,2.6679999828338623,2.5320000648498535,2.63700008392334,122549,49.303001403808594,130.01,131.54,124.84,130.31,0.00968541763520836,6.699999999999989,Natural Gas,NG=F,₹/kg,Energy
2012-02-23,2.621000051498413,2.694999933242798,2.565000057220459,2.6640000343322754,110200,49.21799850463867,131.12,132.64,126.24,129.0,-0.010052950656127768,6.3999999999999915,Natural Gas,NG=F,₹/kg,Energy
2012-02-24,2.549999952316284,2.634999990463257,2.51200008392334,2.61299991607666,79005,49.09299850463867,128.28,129.36,123.32,125.19,-0.02953488372093027,6.0400000000000205,Natural Gas,NG=F,₹/kg,Energy
2012-02-27,2.446000099182129,2.5889999866485596,2.434999942779541,2.5230000019073486,149955,49.007999420166016,123.65,126.88,119.33,119.87,-0.042495406981388206,7.549999999999997,Natural Gas,NG=F,₹/kg,Energy
2012-02-28,2.5190000534057617,2.624000072479248,2.510999917984009,2.5980000495910645,122327,49.17300033569336,127.75,129.03,123.47,123.87,0.033369483607241124,5.560000000000002,Natural Gas,NG=F,₹/kg,Energy
2012-02-29,2.615999937057495,2.625,2.502000093460083,2.5390000343322754,156551,49.06800079345703,124.58,128.8,122.77,128.36,0.03624767901832571,6.030000000000015,Natural Gas,NG=F,₹/kg,Energy
2012-03-01,2.4630000591278076,2.5969998836517334,2.444000005722046,2.5929999351501465,166260,49.00299835205078,127.06,127.26,119.76,120.69,-0.05975381738859464,7.5,Natural Gas,NG=F,₹/kg,Energy
2012-03-02,2.4839999675750732,2.505000114440918,2.4609999656677246,2.4719998836517334,85415,49.198001861572266,121.62,123.24,121.08,122.21,0.01259424973071499,2.1599999999999966,Natural Gas,NG=F,₹/kg,Energy
2012-03-05,2.3550000190734863,2.440999984741211,2.3489999771118164,2.4010000228881836,101531,49.51800155639648,118.89,120.87,116.32,116.61,-0.045822764094591184,4.550000000000011,Natural Gas,NG=F,₹/kg,Energy
2012-03-06,2.3559999465942383,2.3949999809265137,2.3389999866485596,2.3550000190734863,94160,49.83300018310547,117.36,119.35,116.56,117.41,0.0068604750878997756,2.789999999999992,Natural Gas,NG=F,₹/kg,Energy
2012-03-07,2.302000045776367,2.3429999351501465,2.2809998989105225,2.3410000801086426,124625,50.358001708984375,117.89,117.99,114.87,115.92,-0.012690571501575598,3.1199999999999903,Natural Gas,NG=F,₹/kg,Energy
2012-03-08,2.2720000743865967,2.3350000381469727,2.234999895095825,2.305000066757202,142796,50.27799987792969,115.89,117.4,112.37,114.23,-0.014579020013802624,5.030000000000001,Natural Gas,NG=F,₹/kg,Energy
2012-03-09,2.3239998817443848,2.3269999027252197,2.259999990463257,2.296999931335449,104336,50.073001861572266,115.02,116.52,113.16,116.37,0.018734132889783872,3.3599999999999994,Natural Gas,NG=F,₹/kg,Energy
2012-03-12,2.2690000534057617,2.2899999618530273,2.234999895095825,2.2720000743865967,90526,49.75299835205078,113.04,113.93,111.2,112.89,-0.0299046145913896,2.730000000000004,Natural Gas,NG=F,₹/kg,Energy
2012-03-13,2.2990000247955322,2.3380000591278076,2.2039999961853027,2.2699999809265137,133096,49.96799850463867,113.43,116.83,110.13,114.88,0.01762777925414105,6.700000000000003,Natural Gas,NG=F,₹/kg,Energy
2012-03-14,2.2839999198913574,2.3440001010894775,2.244999885559082,2.3289999961853027,141159,49.83000183105469,116.05,116.8,111.87,113.81,-0.009314066852367575,4.929999999999993,Natural Gas,NG=F,₹/kg,Energy
2012-03-15,2.2790000438690186,2.3340001106262207,2.2339999675750732,2.2750000953674316,132651,49.90800094604492,113.54,116.49,111.49,113.74,-0.0006150601880327011,5.0,Natural Gas,NG=F,₹/kg,Energy
2012-03-16,2.3259999752044678,2.361999988555908,2.246000051498413,2.2669999599456787,127344,50.37799835205078,114.21,118.99,113.15,117.18,0.03024441709161252,5.839999999999989,Natural Gas,NG=F,₹/kg,Energy
2012-03-19,2.3510000705718994,2.3929998874664307,2.2850000858306885,2.322000026702881,132743,50.132999420166016,116.41,119.97,114.55,117.86,0.0058030380611024945,5.420000000000002,Natural Gas,NG=F,₹/kg,Energy
2012-03-20,2.3350000381469727,2.36899995803833,2.318000078201294,2.3389999866485596,96071,50.22800064086914,117.48,118.99,116.43,117.28,-0.004921092821992157,2.559999999999988,Natural Gas,NG=F,₹/kg,Energy
2012-03-21,2.359999895095825,2.365999937057495,2.302999973297119,2.3289999961853027,95479,50.38800048828125,117.35,119.22,116.04,118.92,0.013983628922237479,3.1799999999999926,Natural Gas,NG=F,₹/kg,Energy
2012-03-22,2.2690000534057617,2.380000114440918,2.25,2.3420000076293945,155467,50.62799835205078,118.57,120.49,113.91,114.87,-0.03405650857719478,6.579999999999998,Natural Gas,NG=F,₹/kg,Energy
2012-03-23,2.2750000953674316,2.325000047683716,2.260999917984009,2.2660000324249268,102967,51.119998931884766,115.84,118.85,115.58,116.3,0.012448855227648492,3.269999999999996,Natural Gas,NG=F,₹/kg,Energy
2012-03-26,2.2260000705718994,2.318000078201294,2.2130000591278076,2.2860000133514404,64976,51.167999267578125,116.97,118.61,113.23,113.9,-0.020636285468615623,5.3799999999999955,Natural Gas,NG=F,₹/kg,Energy
2012-03-27,2.2079999446868896,2.23799991607666,2.1760001182556152,2.2170000076293945,74737,51.02299880981445,113.12,114.19,111.03,112.66,-0.010886742756804346,3.1599999999999966,Natural Gas,NG=F,₹/kg,Energy
2012-03-28,2.190999984741211,2.2100000381469727,2.1630001068115234,2.196000099182129,118913,50.678001403808594,111.29,112.0,109.62,111.04,-0.01437954908574468,2.3799999999999955,Natural Gas,NG=F,₹/kg,Energy
2012-03-29,2.1489999294281006,2.2769999504089355,2.131999969482422,2.2669999599456787,161708,50.77299880981445,115.1,115.61,108.25,109.11,-0.01738112391930846,7.359999999999999,Natural Gas,NG=F,₹/kg,Energy
2012-03-30,2.125999927520752,2.171999931335449,2.1010000705718994,2.1659998893737793,127065,51.3380012512207,111.2,111.51,107.86,109.14,0.00027495188342041565,3.6500000000000057,Natural Gas,NG=F,₹/kg,Energy
2012-04-02,2.1519999504089355,2.1630001068115234,2.069000005722046,2.121999979019165,130252,50.86800003051758,107.94,110.03,105.25,109.47,0.0030236393622868896,4.780000000000001,Natural Gas,NG=F,₹/kg,Energy
2012-04-03,2.187000036239624,2.2039999961853027,2.117000102996826,2.1459999084472656,123044,50.86800003051758,109.16,112.11,107.69,111.25,0.016260162601626105,4.420000000000002,Natural Gas,NG=F,₹/kg,Energy
2012-04-04,2.1410000324249268,2.197999954223633,2.130000114440918,2.1710000038146973,99972,50.25,109.09,110.45,107.03,107.59,-0.032898876404494404,3.4200000000000017,Natural Gas,NG=F,₹/kg,Energy
2012-04-05,2.0889999866485596,2.1589999198913574,2.0840001106262207,2.13700008392334,152786,51.108001708984375,109.22,110.34,106.51,106.76,-0.007714471605167805,3.8299999999999983,Natural Gas,NG=F,₹/kg,Energy
2012-04-09,2.1070001125335693,2.117000102996826,2.061000108718872,2.1029999256134033,129365,51.03300094604492,107.32,108.04,105.18,107.53,0.007212439115773739,2.8599999999999994,Natural Gas,NG=F,₹/kg,Energy
2012-04-10,2.0309998989105225,2.125999927520752,2.0239999294281006,2.1110000610351562,147611,51.04999923706055,107.77,108.53,103.33,103.68,-0.03580396168511113,5.200000000000003,Natural Gas,NG=F,₹/kg,Energy
2012-04-11,1.9839999675750732,2.0490000247955322,1.972000002861023,2.0230000019073486,163943,51.47299957275391,104.13,105.47,101.5,102.12,-0.01504629629629628,3.969999999999999,Natural Gas,NG=F,₹/kg,Energy
2012-04-12,1.9830000400543213,2.069000005722046,1.9709999561309814,1.9759999513626099,233095,51.45800018310547,101.68,106.47,101.42,102.04,-0.0007833920877399203,5.049999999999997,Natural Gas,NG=F,₹/kg,Energy
2012-04-13,1.9809999465942383,1.9989999532699585,1.9589999914169312,1.9819999933242798,145877,51.22800064086914,101.53,102.4,100.36,101.48,-0.005488043904351203,2.0400000000000063,Natural Gas,NG=F,₹/kg,Energy
2012-04-16,2.0160000324249268,2.0299999713897705,1.9759999513626099,1.9859999418258667,133527,51.542999267578125,102.36,104.63,101.85,103.91,0.023945605045329055,2.780000000000001,Natural Gas,NG=F,₹/kg,Energy
2012-04-17,1.9509999752044678,2.0160000324249268,1.9470000267028809,2.007999897003174,113743,51.667999267578125,103.75,104.16,100.6,100.8,-0.029929746896352638,3.5600000000000023,Natural Gas,NG=F,₹/kg,Energy
2012-04-18,1.9509999752044678,1.9880000352859497,1.940000057220459,1.9500000476837158,99946,51.46799850463867,100.36,102.32,99.85,100.41,-0.0038690476190476053,2.469999999999999,Natural Gas,NG=F,₹/kg,Energy
2012-04-19,1.906999945640564,1.9709999561309814,1.9019999504089355,1.9490000009536743,125321,51.78799819946289,100.93,102.07,98.5,98.76,-0.0164326262324469,3.569999999999993,Natural Gas,NG=F,₹/kg,Energy
2012-04-20,1.9270000457763672,1.934999942779541,1.9019999504089355,1.9040000438690186,83720,52.13800048828125,99.27,100.89,99.17,100.47,0.01731470230862686,1.7199999999999989,Natural Gas,NG=F,₹/kg,Energy
2012-04-23,2.006999969482422,2.0220000743865967,1.9210000038146973,1.937000036239624,144175,52.06800079345703,100.86,105.28,100.02,104.5,0.04011147606250631,5.260000000000005,Natural Gas,NG=F,₹/kg,Energy
2012-04-24,1.975000023841858,2.0280001163482666,1.9700000286102295,2.010999917984009,66738,52.49800109863281,105.57,106.47,103.42,103.68,-0.007846889952152991,3.049999999999997,Natural Gas,NG=F,₹/kg,Energy
2012-04-25,2.068000078201294,2.0899999141693115,1.9709999561309814,1.9839999675750732,68553,52.67300033569336,104.5,110.09,103.82,108.93,0.05063657407407418,6.27000000000001,Natural Gas,NG=F,₹/kg,Energy
2012-04-26,2.0360000133514404,2.187000036239624,1.9989999532699585,2.0940001010894775,231788,52.53799819946289,110.01,114.9,105.02,106.97,-0.017993206646470306,9.88000000000001,Natural Gas,NG=F,₹/kg,Energy
2012-04-27,2.186000108718872,2.197999954223633,2.1070001125335693,2.125999927520752,109063,52.40299987792969,111.41,115.18,110.41,114.55,0.07086098906235394,4.77000000000001,Natural Gas,NG=F,₹/kg,Energy
2012-04-30,2.2850000858306885,2.319999933242798,2.1500000953674316,2.190000057220459,150386,52.53799819946289,115.06,121.89,112.96,120.05,0.04801396769969446,8.930000000000007,Natural Gas,NG=F,₹/kg,Energy
2012-05-01,2.371000051498413,2.384999990463257,2.2929999828338623,2.311000108718872,161946,52.65800094604492,121.69,125.59,120.74,124.85,0.03998334027488548,4.8500000000000085,Natural Gas,NG=F,₹/kg,Energy
2012-05-02,2.253000020980835,2.384000062942505,2.2360000610351562,2.371000051498413,166588,52.52999877929688,124.55,125.23,117.46,118.35,-0.05206247496996397,7.77000000000001,Natural Gas,NG=F,₹/kg,Energy
2012-05-03,2.3399999141693115,2.380000114440918,2.253000020980835,2.259999990463257,160936,52.95800018310547,119.69,126.04,119.31,123.92,0.04706379383185477,6.730000000000004,Natural Gas,NG=F,₹/kg,Energy
2012-05-04,2.2790000438690186,2.372999906539917,2.260999917984009,2.3399999141693115,137311,53.40800094604492,124.97,126.74,120.76,121.72,-0.017753389283408638,5.97999999999999,Natural Gas,NG=F,₹/kg,Energy
2012-05-07,2.3359999656677246,2.3580000400543213,2.2730000019073486,2.2769999504089355,90607,53.46799850463867,121.75,126.08,121.53,124.9,0.02612553401248774,4.549999999999997,Natural Gas,NG=F,₹/kg,Energy
2012-05-08,2.3929998874664307,2.4609999656677246,2.2760000228881836,2.322999954223633,159771,52.90299987792969,122.89,130.19,120.41,126.6,0.013610888710968716,9.780000000000001,Natural Gas,NG=F,₹/kg,Energy
2012-05-09,2.4649999141693115,2.509000062942505,2.4019999504089355,2.440000057220459,186409,53.11800003051758,129.61,133.27,127.59,130.94,0.034281200631911535,5.680000000000007,Natural Gas,NG=F,₹/kg,Energy
2012-05-10,2.486999988555908,2.5190000534057617,2.4070000648498535,2.4630000591278076,195701,53.81800079345703,132.55,135.57,129.54,133.85,0.022223919352375,6.030000000000001,Natural Gas,NG=F,₹/kg,Energy
2012-05-11,2.509000062942505,2.5309998989105225,2.4549999237060547,2.4670000076293945,126382,53.25299835205078,131.38,134.78,130.74,133.61,-0.001793051923795197,4.039999999999992,Natural Gas,NG=F,₹/kg,Energy
2012-05-14,2.430999994277954,2.5199999809265137,2.4140000343322754,2.493000030517578,109211,53.62799835205078,133.69,135.14,129.46,130.37,-0.024249681910036736,5.679999999999978,Natural Gas,NG=F,₹/kg,Energy
2012-05-15,2.5,2.5250000953674316,2.38700008392334,2.4170000553131104,132509,53.95800018310547,130.42,136.24,128.8,134.9,0.034747257804709664,7.439999999999998,Natural Gas,NG=F,₹/kg,Energy
2012-05-16,2.618000030517578,2.638000011444092,2.489000082015991,2.5199999809265137,159851,53.78799819946289,135.55,141.89,133.88,140.82,0.04388435878428454,8.009999999999991,Natural Gas,NG=F,₹/kg,Energy
2012-05-17,2.5940001010894775,2.6760001182556152,2.506999969482422,2.625,192076,54.48799896240234,143.03,145.81,136.6,141.34,0.0036926572929982804,9.210000000000008,Natural Gas,NG=F,₹/kg,Energy
2012-05-18,2.742000102996826,2.759000062942505,2.6059999465942383,2.632999897003174,166692,54.46799850463867,143.41,150.28,141.94,149.35,0.05667185510117445,8.340000000000003,Natural Gas,NG=F,₹/kg,Energy
2012-05-21,2.6089999675750732,2.743000030517578,2.5889999866485596,2.7219998836517334,146053,54.417999267578125,148.13,149.27,140.89,141.98,-0.049347171074656915,8.380000000000024,Natural Gas,NG=F,₹/kg,Energy
2012-05-22,2.7070000171661377,2.7279999256134033,2.5789999961853027,2.6419999599456787,161083,55.02799987792969,145.38,150.12,141.92,148.96,0.04916185378222293,8.200000000000017,Natural Gas,NG=F,₹/kg,Energy
2012-05-23,2.736999988555908,2.746999979019165,2.615000009536743,2.690999984741211,157333,55.38800048828125,149.05,152.15,144.84,151.6,0.01772287862513422,7.310000000000002,Natural Gas,NG=F,₹/kg,Energy
2012-05-24,2.6470000743865967,2.75,2.628000020980835,2.7290000915527344,116711,55.99300003051758,152.8,153.98,147.15,148.21,-0.02236147757255924,6.829999999999984,Natural Gas,NG=F,₹/kg,Energy
2012-05-25,2.568000078201294,2.6540000438690186,2.5230000019073486,2.6419999599456787,95003,55.560001373291016,146.79,147.46,140.18,142.68,-0.03731192227245128,7.280000000000001,Natural Gas,NG=F,₹/kg,Energy
2012-05-29,2.428999900817871,2.559999942779541,2.3989999294281006,2.546999931335449,156202,55.36800003051758,141.02,141.74,132.83,134.49,-0.05740117746005047,8.909999999999997,Natural Gas,NG=F,₹/kg,Energy
2012-05-30,2.4179999828338623,2.507999897003174,2.3929998874664307,2.497999906539917,139175,55.667999267578125,139.06,139.62,133.21,134.61,0.0008922596475575695,6.409999999999997,Natural Gas,NG=F,₹/kg,Energy
2012-05-31,2.421999931335449,2.497999906539917,2.377000093460083,2.450000047683716,207538,56.22800064086914,137.76,140.46,133.65,136.18,0.011663323675804138,6.810000000000002,Natural Gas,NG=F,₹/kg,Energy
2012-06-01,2.3259999752044678,2.4149999618530273,2.312999963760376,2.4079999923706055,149923,56.07799911499024,135.04,135.43,129.71,130.44,-0.04215009546188875,5.719999999999999,Natural Gas,NG=F,₹/kg,Energy
2012-06-04,2.4149999618530273,2.440000057220459,2.318000078201294,2.3299999237060547,133543,55.53799819946289,129.4,135.51,128.74,134.12,0.028212204845139643,6.769999999999982,Natural Gas,NG=F,₹/kg,Energy
2012-06-05,2.446000099182129,2.4769999980926514,2.382999897003174,2.428999900817871,134952,55.64799880981445,135.17,137.84,132.61,136.12,0.014912019087384376,5.22999999999999,Natural Gas,NG=F,₹/kg,Energy
2012-06-06,2.4210000038146973,2.486999988555908,2.3970000743865967,2.446000099182129,135438,55.63800048828125,136.09,138.37,133.36,134.7,-0.010431971789597538,5.009999999999991,Natural Gas,NG=F,₹/kg,Energy
2012-06-07,2.2739999294281006,2.438999891281128,2.263000011444092,2.4210000038146973,206506,55.358001708984375,134.02,135.02,125.28,125.88,-0.06547884187082398,9.740000000000009,Natural Gas,NG=F,₹/kg,Energy
2012-06-08,2.2990000247955322,2.322999954223633,2.2309999465942383,2.2760000228881836,147442,54.9379997253418,125.04,127.62,122.57,126.3,0.003336510962821837,5.050000000000011,Natural Gas,NG=F,₹/kg,Energy
2012-06-11,2.2179999351501465,2.2850000858306885,2.197999954223633,2.26200008392334,129146,55.417999267578125,125.36,126.63,121.81,122.92,-0.026761678543151146,4.819999999999993,Natural Gas,NG=F,₹/kg,Energy
2012-06-12,2.2320001125335693,2.2720000743865967,2.1730000972747803,2.2060000896453857,162838,55.65800094604492,122.78,126.45,120.94,124.23,0.010657338106085268,5.510000000000005,Natural Gas,NG=F,₹/kg,Energy
2012-06-13,2.184999942779541,2.2290000915527344,2.181999921798706,2.2119998931884766,148059,55.79800033569336,123.43,124.37,121.75,121.92,-0.01859454238106739,2.6200000000000045,Natural Gas,NG=F,₹/kg,Energy
2012-06-14,2.494999885559082,2.5309998989105225,2.1679999828338623,2.197000026702881,271766,55.678001403808594,122.32,140.92,120.71,138.92,0.13943569553805757,20.209999999999994,Natural Gas,NG=F,₹/kg,Energy
2012-06-15,2.4670000076293945,2.556999921798706,2.444000005722046,2.5260000228881836,152807,55.79800033569336,140.95,142.68,136.37,137.65,-0.009141952202706416,6.310000000000002,Natural Gas,NG=F,₹/kg,Energy
2012-06-18,2.634999990463257,2.6579999923706055,2.4590001106262207,2.4670000076293945,190168,55.38800048828125,136.64,147.22,136.2,145.95,0.060297856883399836,11.02000000000001,Natural Gas,NG=F,₹/kg,Energy
2012-06-19,2.5450000762939453,2.6710000038146973,2.50600004196167,2.6540000438690186,146053,55.90299987792969,148.37,149.32,140.09,142.27,-0.025214114422747347,9.22999999999999,Natural Gas,NG=F,₹/kg,Energy
2012-06-20,2.5169999599456787,2.678999900817871,2.503000020980835,2.559000015258789,150634,55.948001861572266,143.17,149.88,140.04,140.82,-0.010191888662402615,9.840000000000003,Natural Gas,NG=F,₹/kg,Energy
2012-06-21,2.5820000171661377,2.638000011444092,2.505000114440918,2.5250000953674316,178965,56.14799880981445,141.77,148.12,140.65,144.97,0.029470245703735243,7.469999999999999,Natural Gas,NG=F,₹/kg,Energy
2012-06-22,2.625,2.6640000343322754,2.5420000553131104,2.5820000171661377,133463,56.29800033569336,145.36,149.98,143.11,147.78,0.01938332068703863,6.869999999999976,Natural Gas,NG=F,₹/kg,Energy
2012-06-25,2.694000005722046,2.7309999465942383,2.6440000534057617,2.6600000858306885,95053,57.11800003051758,151.93,155.99,151.02,153.88,0.04127757477331162,4.969999999999999,Natural Gas,NG=F,₹/kg,Energy
2012-06-26,2.7669999599456787,2.7860000133514404,2.6480000019073486,2.6689999103546143,89920,57.007999420166016,152.15,158.82,150.96,157.74,0.02508448141408892,7.859999999999985,Natural Gas,NG=F,₹/kg,Energy
2012-06-27,2.7739999294281006,2.946000099182129,2.7300000190734863,2.7869999408721924,244868,57.007999420166016,158.88,167.95,155.63,158.14,0.0025358184353998503,12.319999999999993,Natural Gas,NG=F,₹/kg,Energy
2012-06-28,2.7219998836517334,2.8459999561309814,2.6589999198913574,2.765000104904175,174562,56.84999847412109,157.19,161.8,151.16,154.75,-0.021436701656759705,10.640000000000015,Natural Gas,NG=F,₹/kg,Energy
2012-06-29,2.8239998817443848,2.8320000171661377,2.7160000801086426,2.760999917984009,150837,56.79800033569336,156.82,160.85,154.26,160.4,0.03651050080775442,6.590000000000003,Natural Gas,NG=F,₹/kg,Energy
2012-07-02,2.8239998817443848,2.8550000190734863,2.742000102996826,2.803999900817871,99492,55.50299835205078,155.63,158.46,152.19,156.74,-0.0228179551122194,6.27000000000001,Natural Gas,NG=F,₹/kg,Energy
2012-07-03,2.8989999294281006,2.9019999504089355,2.7860000133514404,2.8440001010894775,106016,55.428001403808594,157.64,160.85,154.42,160.69,0.025200969758836234,6.430000000000007,Natural Gas,NG=F,₹/kg,Energy
2012-07-05,2.944999933242798,2.9570000171661377,2.884999990463257,2.9000000953674316,102569,54.47800064086914,157.99,161.09,157.17,160.44,-0.001555790652809752,3.920000000000016,Natural Gas,NG=F,₹/kg,Energy
2012-07-06,2.7760000228881836,3.059999942779541,2.753000020980835,2.9489998817443848,211270,54.9379997253418,162.01,168.11,151.24,152.51,-0.04942657691348795,16.870000000000005,Natural Gas,NG=F,₹/kg,Energy
2012-07-09,2.882999897003174,2.8959999084472656,2.7760000228881836,2.7809998989105225,119246,55.40299987792969,154.08,160.45,153.8,159.73,0.04734115795685523,6.649999999999977,Natural Gas,NG=F,₹/kg,Energy
2012-07-10,2.736999988555908,2.9149999618530273,2.7339999675750732,2.880000114440918,151161,55.84299850463867,160.83,162.78,152.67,152.84,-0.04313529080323042,10.110000000000014,Natural Gas,NG=F,₹/kg,Energy
2012-07-11,2.8529999256134033,2.861999988555908,2.7179999351501465,2.746999979019165,113530,55.38800048828125,152.15,158.52,150.54,158.02,0.03389165140015704,7.980000000000018,Natural Gas,NG=F,₹/kg,Energy
2012-07-12,2.874000072479248,2.9200000762939453,2.7200000286102295,2.8529999256134033,211336,55.61800003051758,158.68,162.4,151.28,159.85,0.011580812555372688,11.120000000000005,Natural Gas,NG=F,₹/kg,Energy
2012-07-13,2.874000072479248,2.9110000133514404,2.8289999961853027,2.878000020980835,96347,55.928001403808594,160.96,162.81,158.22,160.74,0.0055677197372536735,4.590000000000003,Natural Gas,NG=F,₹/kg,Energy
2012-07-16,2.8010001182556152,2.9149999618530273,2.7809998989105225,2.875,113678,55.13800048828125,158.52,160.73,153.34,154.44,-0.03919372900335949,7.389999999999986,Natural Gas,NG=F,₹/kg,Energy
2012-07-17,2.7960000038146973,2.8459999561309814,2.7200000286102295,2.815999984741211,114198,55.04800033569336,155.02,156.67,149.73,153.91,-0.0034317534317533926,6.939999999999998,Natural Gas,NG=F,₹/kg,Energy
2012-07-18,2.9730000495910645,3.0199999809265137,2.7769999504089355,2.7909998893737793,200457,55.09799957275391,153.78,166.4,153.01,163.81,0.06432330582808143,13.390000000000015,Natural Gas,NG=F,₹/kg,Energy
2012-07-19,2.999000072479248,3.0450000762939453,2.924999952316284,2.9749999046325684,169959,55.3129997253418,164.56,168.43,161.79,165.88,0.012636591172699996,6.640000000000015,Natural Gas,NG=F,₹/kg,Energy
2012-07-20,3.0810000896453857,3.0959999561309814,2.9839999675750732,3.0309998989105225,140983,55.11800003051758,167.06,170.65,164.47,169.82,0.023752109959006562,6.180000000000007,Natural Gas,NG=F,₹/kg,Energy
2012-07-23,3.117000102996826,3.130000114440918,2.990999937057495,3.0829999446868896,118120,55.31800079345703,170.55,173.15,165.46,172.43,0.01536921446237205,7.689999999999998,Natural Gas,NG=F,₹/kg,Energy
2012-07-24,3.187000036239624,3.196000099182129,3.0840001106262207,3.117000102996826,121989,55.9630012512207,174.44,178.86,172.59,178.35,0.0343327727193643,6.27000000000001,Natural Gas,NG=F,₹/kg,Energy
2012-07-25,3.069999933242798,3.177999973297119,3.049999952316284,3.1740000247955322,102423,56.108001708984375,178.09,178.31,171.13,172.25,-0.03420241098962706,7.180000000000007,Natural Gas,NG=F,₹/kg,Energy
2012-07-26,3.1050000190734863,3.128999948501587,3.0179998874664307,3.062000036239624,75168,56.15800094604492,171.96,175.72,169.48,174.37,0.012307692307692353,6.240000000000009,Natural Gas,NG=F,₹/kg,Energy
2012-07-27,3.009999990463257,3.109999895095825,2.990000009536743,3.1029999256134033,130254,55.51800155639648,172.27,172.66,166.0,167.11,-0.04163560245455067,6.659999999999997,Natural Gas,NG=F,₹/kg,Energy
2012-07-30,3.2139999866485596,3.2309999465942383,3.0299999713897705,3.0299999713897705,157181,55.24800109863281,167.4,178.51,167.4,177.57,0.06259350128657748,11.109999999999985,Natural Gas,NG=F,₹/kg,Energy
2012-07-31,3.2090001106262207,3.2769999504089355,3.1570000648498535,3.2200000286102295,180492,55.42300033569336,178.46,181.62,174.97,177.85,0.0015768429351805668,6.650000000000006,Natural Gas,NG=F,₹/kg,Energy
2012-08-01,3.1710000038146973,3.240999937057495,3.122999906539917,3.2170000076293945,180209,55.64799880981445,179.02,180.36,173.79,176.46,-0.007815574922687585,6.570000000000022,Natural Gas,NG=F,₹/kg,Energy
2012-08-02,2.9200000762939453,3.1710000038146973,2.9119999408721924,3.1559998989105225,198966,55.46799850463867,175.06,175.89,161.52,161.97,-0.08211492689561384,14.369999999999976,Natural Gas,NG=F,₹/kg,Energy
2012-08-03,2.877000093460083,2.9549999237060547,2.8399999141693115,2.9179999828338623,111174,55.8380012512207,162.94,165.0,158.58,160.65,-0.008149657343952565,6.4199999999999875,Natural Gas,NG=F,₹/kg,Energy
2012-08-06,2.9079999923706055,2.937999963760376,2.8010001182556152,2.8410000801086426,105251,55.74800109863281,158.38,163.79,156.15,162.12,0.009150326797385588,7.639999999999986,Natural Gas,NG=F,₹/kg,Energy
2012-08-07,2.9639999866485596,2.994999885559082,2.881999969482422,2.9189999103546143,169990,55.51800155639648,162.06,166.28,160.0,164.56,0.015050579817419196,6.280000000000001,Natural Gas,NG=F,₹/kg,Energy
2012-08-08,2.933000087738037,2.986999988555908,2.8970000743865967,2.9590001106262207,155702,55.0629997253418,162.93,164.47,159.52,161.5,-0.018595041322314043,4.949999999999989,Natural Gas,NG=F,₹/kg,Energy
2012-08-09,2.944999933242798,3.119999885559082,2.875999927520752,2.930999994277954,302094,55.417999267578125,162.43,172.9,159.38,163.21,0.010588235294117787,13.52000000000001,Natural Gas,NG=F,₹/kg,Energy
2012-08-10,2.7699999809265137,2.943000078201294,2.759999990463257,2.930999994277954,208071,55.26800155639648,161.99,162.65,152.54,153.09,-0.06200600453403593,10.110000000000014,Natural Gas,NG=F,₹/kg,Energy
2012-08-13,2.7290000915527344,2.7899999618530273,2.7149999141693115,2.7699999809265137,159447,55.27799987792969,153.12,154.23,150.08,150.85,-0.014631915866483824,4.149999999999977,Natural Gas,NG=F,₹/kg,Energy
2012-08-14,2.8340001106262207,2.8480000495910645,2.7300000190734863,2.746999979019165,138476,55.3380012512207,152.01,157.6,151.07,156.83,0.03964202850513776,6.530000000000001,Natural Gas,NG=F,₹/kg,Energy
2012-08-15,2.747999906539917,2.8389999866485596,2.740000009536743,2.8340001106262207,135691,55.64799880981445,157.71,157.98,152.48,152.92,-0.024931454441114775,5.5,Natural Gas,NG=F,₹/kg,Energy
2012-08-16,2.7239999771118164,2.8399999141693115,2.684999942779541,2.765000104904175,189446,55.64799880981445,153.87,158.04,149.41,151.59,-0.00869735809573624,8.629999999999995,Natural Gas,NG=F,₹/kg,Energy
2012-08-17,2.7190001010894775,2.756999969482422,2.687999963760376,2.7100000381469727,86266,55.61800003051758,150.72,153.34,149.5,151.23,-0.0023748268355433533,3.8400000000000034,Natural Gas,NG=F,₹/kg,Energy
2012-08-20,2.7760000228881836,2.7850000858306885,2.686000108718872,2.7149999141693115,108934,55.72800064086914,151.3,155.2,149.69,154.7,0.022945182834093858,5.509999999999991,Natural Gas,NG=F,₹/kg,Energy
2012-08-21,2.7750000953674316,2.8369998931884766,2.700000047683716,2.7669999599456787,162803,55.49800109863281,153.56,157.45,149.84,154.01,-0.004460245636716209,7.609999999999985,Natural Gas,NG=F,₹/kg,Energy
2012-08-22,2.8259999752044678,2.86299991607666,2.7720000743865967,2.8299999237060547,128634,55.36299896240234,156.68,158.5,153.47,156.46,0.015908057918317065,5.030000000000001,Natural Gas,NG=F,₹/kg,Energy
2012-08-23,2.802000045776367,2.8589999675750732,2.681999921798706,2.8440001010894775,194034,55.49300003051758,157.82,158.65,148.83,155.49,-0.006199667646682894,9.819999999999993,Natural Gas,NG=F,₹/kg,Energy
2012-08-24,2.7019999027252197,2.877000093460083,2.694999933242798,2.8329999446868896,120486,55.257999420166016,156.55,158.98,148.92,149.31,-0.03974532124252372,10.060000000000002,Natural Gas,NG=F,₹/kg,Energy
2012-08-27,2.6530001163482666,2.7679998874664307,2.640000104904175,2.7679998874664307,83441,55.49800109863281,153.62,153.62,146.51,147.24,-0.013863773357444154,7.110000000000014,Natural Gas,NG=F,₹/kg,Energy
2012-08-28,2.614000082015991,2.677000045776367,2.6029999256134033,2.6630001068115234,81523,55.6879997253418,148.3,149.08,144.96,145.57,-0.011342026623200274,4.1200000000000045,Natural Gas,NG=F,₹/kg,Energy
2012-08-29,2.634000062942505,2.6459999084472656,2.575000047683716,2.615999937057495,151025,55.66299819946289,145.61,147.28,143.33,146.62,0.007213024661674838,3.9499999999999886,Natural Gas,NG=F,₹/kg,Energy
2012-08-30,2.747999906539917,2.7669999599456787,2.63700008392334,2.691999912261963,159235,55.62300109863281,149.74,153.91,146.68,152.85,0.042490792524894294,7.22999999999999,Natural Gas,NG=F,₹/kg,Energy
2012-08-31,2.7990000247955322,2.808000087738037,2.7070000171661377,2.759999990463257,116399,55.62799835205078,153.53,156.2,150.58,155.7,0.018645731108930308,5.619999999999976,Natural Gas,NG=F,₹/kg,Energy
2012-09-04,2.8540000915527344,2.888000011444092,2.76200008392334,2.805999994277954,126230,55.52799987792969,155.81,160.36,153.37,158.48,0.017854849068721812,6.990000000000009,Natural Gas,NG=F,₹/kg,Energy
2012-09-05,2.7950000762939453,2.86899995803833,2.7799999713897705,2.8499999046325684,120272,55.64799880981445,158.6,159.65,154.7,155.54,-0.01855123674911663,4.950000000000017,Natural Gas,NG=F,₹/kg,Energy
2012-09-06,2.7760000228881836,2.865999937057495,2.742000102996826,2.7990000247955322,158016,55.90299987792969,156.47,160.22,153.29,155.19,-0.0022502250225021614,6.930000000000007,Natural Gas,NG=F,₹/kg,Energy
2012-09-07,2.681999921798706,2.765000104904175,2.6659998893737793,2.746999979019165,145907,55.65800094604492,152.89,153.89,148.38,149.27,-0.03814678780849279,5.509999999999991,Natural Gas,NG=F,₹/kg,Energy
2012-09-10,2.812000036239624,2.8469998836517334,2.6470000743865967,2.6589999198913574,141355,55.358001708984375,147.2,157.6,146.53,155.67,0.04287532658940152,11.069999999999993,Natural Gas,NG=F,₹/kg,Energy
2012-09-11,2.992000102996826,3.009000062942505,2.802000045776367,2.8420000076293945,257933,55.4379997253418,157.55,166.81,155.34,165.87,0.06552322220080953,11.469999999999999,Natural Gas,NG=F,₹/kg,Energy
2012-09-12,3.062999963760376,3.068000078201294,2.950000047683716,3.000999927520752,197439,55.3380012512207,166.07,169.78,163.25,169.5,0.0218846084282871,6.530000000000001,Natural Gas,NG=F,₹/kg,Energy
2012-09-13,3.0369999408721924,3.069999933242798,2.9600000381469727,3.062999963760376,196949,55.20800018310547,169.1,169.49,163.42,167.67,-0.010796460176991207,6.070000000000022,Natural Gas,NG=F,₹/kg,Energy
2012-09-14,2.943000078201294,3.062000036239624,2.9200000762939453,3.0360000133514404,144319,55.417999267578125,168.25,169.69,161.82,163.1,-0.027255919365420156,7.8700000000000045,Natural Gas,NG=F,₹/kg,Energy
2012-09-17,2.865000009536743,2.9830000400543213,2.8559999465942383,2.928999900817871,110148,54.29800033569336,159.04,161.97,155.08,155.56,-0.046229307173513146,6.889999999999986,Natural Gas,NG=F,₹/kg,Energy
2012-09-18,2.7730000019073486,2.9159998893737793,2.755000114440918,2.875,174550,54.007999420166016,155.27,157.49,148.79,149.76,-0.03728464901002837,8.700000000000017,Natural Gas,NG=F,₹/kg,Energy
2012-09-19,2.76200008392334,2.8550000190734863,2.736999988555908,2.7739999294281006,161160,54.01800155639648,149.85,154.22,147.85,149.2,-0.003739316239316226,6.3700000000000045,Natural Gas,NG=F,₹/kg,Energy
2012-09-20,2.796999931335449,2.821000099182129,2.746999979019165,2.7769999504089355,161154,54.01800155639648,150.01,152.38,148.39,151.09,0.012667560321715898,3.990000000000009,Natural Gas,NG=F,₹/kg,Energy
2012-09-21,2.884999990463257,2.9010000228881836,2.7899999618530273,2.809000015258789,141845,54.257999420166016,152.41,157.4,151.38,156.53,0.03600503011450118,6.02000000000001,Natural Gas,NG=F,₹/kg,Energy
2012-09-24,2.8369998931884766,2.9030001163482666,2.813999891281128,2.9000000953674316,77628,53.358001708984375,154.74,154.9,150.15,151.38,-0.03290104133392968,4.75,Natural Gas,NG=F,₹/kg,Energy
2012-09-25,2.9240000247955322,2.9539999961853027,2.8429999351501465,2.8499999046325684,82608,53.46799850463867,152.38,157.94,152.01,156.34,0.03276522658211123,5.930000000000007,Natural Gas,NG=F,₹/kg,Energy
2012-09-26,3.0230000019073486,3.0460000038146973,2.927000045776367,2.941999912261963,169300,53.358001708984375,156.98,162.53,156.18,161.3,0.03172572598183443,6.349999999999994,Natural Gas,NG=F,₹/kg,Energy
2012-09-27,3.296999931335449,3.318000078201294,3.187999963760376,3.200000047683716,222369,53.507999420166016,171.23,177.54,170.58,176.42,0.09373837569745791,6.9599999999999795,Natural Gas,NG=F,₹/kg,Energy
2012-09-28,3.319999933242798,3.3299999237060547,3.247999906539917,3.2850000858306885,169812,53.007999420166016,174.13,176.52,172.17,175.99,-0.0024373653780749294,4.350000000000023,Natural Gas,NG=F,₹/kg,Energy
2012-10-01,3.4800000190734863,3.4860000610351562,3.325000047683716,3.325000047683716,210251,52.84799957275391,175.72,184.23,175.72,183.91,0.04500255696346378,8.509999999999991,Natural Gas,NG=F,₹/kg,Energy
2012-10-02,3.5309998989105225,3.5460000038146973,3.3980000019073486,3.4830000400543213,194779,52.39799880981445,182.5,185.8,178.05,185.02,0.006035560872165835,7.75,Natural Gas,NG=F,₹/kg,Energy
2012-10-03,3.3949999809265137,3.5260000228881836,3.3480000495910645,3.5199999809265137,176282,52.39799880981445,184.44,184.76,175.43,177.89,-0.038536374446005994,9.329999999999984,Natural Gas,NG=F,₹/kg,Energy
2012-10-04,3.4059998989105225,3.4639999866485596,3.359999895095825,3.3929998874664307,186180,52.15299987792969,176.96,180.66,175.23,177.63,-0.0014615773792793219,5.430000000000007,Natural Gas,NG=F,₹/kg,Energy
2012-10-05,3.3959999084472656,3.434999942779541,3.3369998931884766,3.4070000648498535,174986,51.73799896240234,176.27,177.72,172.65,175.7,-0.010865281765467638,5.069999999999993,Natural Gas,NG=F,₹/kg,Energy
2012-10-08,3.4030001163482666,3.430999994277954,3.3269999027252197,3.380000114440918,143429,51.90800094604492,175.45,178.1,172.7,176.64,0.005350028457598244,5.400000000000006,Natural Gas,NG=F,₹/kg,Energy
2012-10-09,3.4670000076293945,3.515000104904175,3.3459999561309814,3.4140000343322754,208347,52.63800048828125,179.71,185.02,176.13,182.5,0.03317481884057982,8.890000000000015,Natural Gas,NG=F,₹/kg,Energy
2012-10-10,3.4749999046325684,3.5139999389648438,3.430999994277954,3.4730000495910645,211274,52.71799850463867,183.09,185.25,180.88,183.2,0.003835616438356171,4.3700000000000045,Natural Gas,NG=F,₹/kg,Energy
2012-10-11,3.6040000915527344,3.634000062942505,3.4679999351501465,3.4830000400543213,293220,53.042999267578125,184.75,192.76,183.95,191.17,0.043504366812227024,8.810000000000002,Natural Gas,NG=F,₹/kg,Energy
2012-10-12,3.6110000610351562,3.638000011444092,3.562999963760376,3.6110000610351562,136671,52.667999267578125,190.18,191.61,187.66,190.18,-0.005178636815399762,3.950000000000017,Natural Gas,NG=F,₹/kg,Energy
2012-10-15,3.4860000610351562,3.5999999046325684,3.447000026702881,3.5929999351501465,154521,52.803001403808594,189.72,190.09,182.01,184.07,-0.03212745819749718,8.080000000000013,Natural Gas,NG=F,₹/kg,Energy
2012-10-16,3.437000036239624,3.5190000534057617,3.4079999923706055,3.490000009536743,186120,53.01300048828125,185.02,186.55,180.67,182.21,-0.010104851415222438,5.880000000000024,Natural Gas,NG=F,₹/kg,Energy
2012-10-17,3.4700000286102295,3.5,3.3980000019073486,3.441999912261963,156496,52.86800003051758,181.97,185.04,179.65,183.45,0.006805334504143445,5.389999999999986,Natural Gas,NG=F,₹/kg,Energy
2012-10-18,3.5869998931884766,3.5910000801086426,3.4010000228881836,3.4779999256134033,205527,52.86800003051758,183.87,189.85,179.8,189.64,0.03374216407740538,10.049999999999983,Natural Gas,NG=F,₹/kg,Energy
2012-10-19,3.617000102996826,3.6470000743865967,3.559000015258789,3.5840001106262207,122775,53.40800094604492,191.41,194.78,190.08,193.18,0.018666947901286868,4.699999999999989,Natural Gas,NG=F,₹/kg,Energy
2012-10-22,3.4519999027252197,3.6480000019073486,3.4260001182556152,3.617000102996826,173385,53.8380012512207,194.73,196.4,184.45,185.85,-0.0379438865306968,11.950000000000017,Natural Gas,NG=F,₹/kg,Energy
2012-10-23,3.5350000858306885,3.559000015258789,3.437000036239624,3.444000005722046,126475,53.46799850463867,184.14,190.29,183.77,189.01,0.01700295937584073,6.519999999999982,Natural Gas,NG=F,₹/kg,Energy
2012-10-24,3.450000047683716,3.561000108718872,3.428999900817871,3.5230000019073486,114245,53.71799850463867,189.25,191.29,184.2,185.33,-0.019469869319083566,7.090000000000003,Natural Gas,NG=F,₹/kg,Energy
2012-10-25,3.434000015258789,3.4800000190734863,3.359999895095825,3.441999912261963,114696,53.733001708984375,184.95,186.99,180.54,184.52,-0.004370582204715978,6.450000000000017,Natural Gas,NG=F,₹/kg,Energy
2012-10-26,3.4000000953674316,3.441999912261963,3.3550000190734863,3.4240000247955322,63557,53.54800033569336,183.35,184.31,179.65,182.06,-0.013331888142206871,4.659999999999997,Natural Gas,NG=F,₹/kg,Energy
2012-10-31,3.691999912261963,3.7780001163482666,3.680000066757202,3.694999933242798,100035,53.95800018310547,199.37,203.85,198.57,199.21,0.09419971437987473,5.280000000000001,Natural Gas,NG=F,₹/kg,Energy
2012-11-01,3.6989998817443848,3.742000102996826,3.6530001163482666,3.691999912261963,106550,53.87799835205078,198.92,201.61,196.82,199.29,0.0004015862657495983,4.7900000000000205,Natural Gas,NG=F,₹/kg,Energy
2012-11-02,3.553999900817871,3.693000078201294,3.5320000648498535,3.674999952316284,128738,53.65299987792969,197.17,198.14,189.5,190.68,-0.043203371970495175,8.639999999999986,Natural Gas,NG=F,₹/kg,Energy
2012-11-05,3.553999900817871,3.5880000591278076,3.50600004196167,3.5329999923706055,85735,53.80799865722656,190.1,193.06,188.65,191.23,0.0028844136773651385,4.409999999999997,Natural Gas,NG=F,₹/kg,Energy
2012-11-06,3.617000102996826,3.619999885559082,3.513000011444092,3.568000078201294,94314,54.5880012512207,194.77,197.61,191.77,197.44,0.03247398420749881,5.840000000000003,Natural Gas,NG=F,₹/kg,Energy
2012-11-07,3.578000068664551,3.617000102996826,3.555000066757202,3.614000082015991,86333,54.417999267578125,196.67,196.83,193.46,194.71,-0.013826985413290083,3.3700000000000045,Natural Gas,NG=F,₹/kg,Energy
2012-11-08,3.6080000400543213,3.61299991607666,3.5179998874664307,3.572000026702881,121690,54.198001861572266,193.6,195.82,190.67,195.55,0.004314108160854646,5.150000000000006,Natural Gas,NG=F,₹/kg,Energy
2012-11-09,3.503000020980835,3.617000102996826,3.4820001125335693,3.5899999141693115,112683,54.358001708984375,195.15,196.61,189.27,190.42,-0.026233699821017753,7.340000000000003,Natural Gas,NG=F,₹/kg,Energy
2012-11-12,3.569999933242798,3.5959999561309814,3.4700000286102295,3.496000051498413,96809,54.5880012512207,190.84,196.3,189.42,194.88,0.0234219094632917,6.880000000000024,Natural Gas,NG=F,₹/kg,Energy
2012-11-13,3.739000082015991,3.7750000953674316,3.559999942779541,3.569999933242798,163023,54.87799835205078,195.91,207.16,195.37,205.19,0.0529043513957308,11.789999999999992,Natural Gas,NG=F,₹/kg,Energy
2012-11-14,3.759999990463257,3.8269999027252197,3.7239999771118164,3.7829999923706055,137195,54.87799835205078,207.6,210.02,204.37,206.34,0.005604561625810245,5.650000000000006,Natural Gas,NG=F,₹/kg,Energy
2012-11-15,3.703000068664551,3.8299999237060547,3.680000066757202,3.759999990463257,162224,54.803001403808594,206.06,209.9,201.68,202.94,-0.016477658233982728,8.219999999999999,Natural Gas,NG=F,₹/kg,Energy
2012-11-16,3.7899999618530273,3.802999973297119,3.6619999408721924,3.7149999141693115,114884,54.698001861572266,203.2,208.02,200.3,207.31,0.021533458164974872,7.719999999999999,Natural Gas,NG=F,₹/kg,Energy
2012-11-19,3.7190001010894775,3.8350000381469727,3.7100000381469727,3.7980000972747803,119997,55.15800094604492,209.49,211.53,204.64,205.13,-0.010515652886980864,6.890000000000015,Natural Gas,NG=F,₹/kg,Energy
2012-11-20,3.8320000171661377,3.8420000076293945,3.7249999046325684,3.7300000190734863,93266,55.05799865722656,205.37,211.53,205.09,210.98,0.028518500463120988,6.439999999999998,Natural Gas,NG=F,₹/kg,Energy
2012-11-21,3.9030001163482666,3.9100000858306885,3.7860000133514404,3.8350000381469727,134413,55.09799957275391,211.3,215.43,208.6,215.05,0.01929092805005217,6.8300000000000125,Natural Gas,NG=F,₹/kg,Energy
2012-11-23,3.9010000228881836,3.933000087738037,3.8299999237060547,3.9019999504089355,50250,55.20800018310547,215.42,217.13,211.45,215.37,0.0014880260404557255,5.680000000000007,Natural Gas,NG=F,₹/kg,Energy
2012-11-26,3.7300000190734863,3.868000030517578,3.7039999961853027,3.864000082015991,85879,55.44300079345703,214.23,214.45,205.36,206.8,-0.03979198588475641,9.089999999999975,Natural Gas,NG=F,₹/kg,Energy
2012-11-27,3.7690000534057617,3.7739999294281006,3.7100000381469727,3.744999885559082,73618,55.63600158691406,208.36,209.97,206.41,209.69,0.013974854932301772,3.5600000000000023,Natural Gas,NG=F,₹/kg,Energy
2012-11-28,3.696000099182129,3.7690000534057617,3.625999927520752,3.760999917984009,167841,55.448001861572266,208.54,208.98,201.05,204.94,-0.022652487004625854,7.929999999999978,Natural Gas,NG=F,₹/kg,Energy
2012-11-29,3.6480000019073486,3.815000057220459,3.63700008392334,3.806999921798706,159983,55.70299911499024,212.06,212.51,202.59,203.2,-0.008490289840929144,9.919999999999987,Natural Gas,NG=F,₹/kg,Energy
2012-11-30,3.561000108718872,3.678999900817871,3.5460000038146973,3.6489999294281006,149080,54.8380012512207,200.1,201.75,194.46,195.28,-0.03897637795275588,7.289999999999992,Natural Gas,NG=F,₹/kg,Energy
2012-12-03,3.5910000801086426,3.6429998874664307,3.5260000228881836,3.552999973297119,135669,54.257999420166016,192.78,197.66,191.31,194.84,-0.0022531749283080105,6.349999999999994,Natural Gas,NG=F,₹/kg,Energy
2012-12-04,3.5390000343322754,3.6110000610351562,3.5250000953674316,3.6110000610351562,103428,54.76800155639648,197.77,197.77,193.06,193.82,-0.005235064668445921,4.710000000000008,Natural Gas,NG=F,₹/kg,Energy
2012-12-05,3.700000047683716,3.7190001010894775,3.506999969482422,3.546999931335449,148134,54.67300033569336,193.93,203.33,191.74,202.29,0.043700340522133896,11.590000000000003,Natural Gas,NG=F,₹/kg,Energy
2012-12-06,3.6659998893737793,3.747999906539917,3.614000082015991,3.690000057220459,183559,54.53799819946289,201.25,204.41,197.1,199.94,-0.011616985515843559,7.310000000000002,Natural Gas,NG=F,₹/kg,Energy
2012-12-07,3.5510001182556152,3.684000015258789,3.5390000343322754,3.640000104904175,164022,54.132999420166016,197.04,199.43,191.58,192.23,-0.03856156847054115,7.849999999999994,Natural Gas,NG=F,₹/kg,Energy
2012-12-10,3.4600000381469727,3.5199999809265137,3.4149999618530273,3.5190000534057617,189998,54.3380012512207,191.22,191.27,185.56,188.01,-0.021952868959059457,5.710000000000008,Natural Gas,NG=F,₹/kg,Energy
2012-12-11,3.4119999408721924,3.49399995803833,3.3910000324249268,3.4260001182556152,181126,54.48799896240234,186.68,190.38,184.77,185.91,-0.011169618637306478,5.609999999999985,Natural Gas,NG=F,₹/kg,Energy
2012-12-12,3.381999969482422,3.447000026702881,3.365999937057495,3.4230000972747803,187101,54.257999420166016,185.73,187.03,182.63,183.5,-0.012963261793340841,4.400000000000006,Natural Gas,NG=F,₹/kg,Energy
2012-12-13,3.3469998836517334,3.4070000648498535,3.2929999828338623,3.3949999809265137,228082,54.31800079345703,184.41,185.06,178.87,181.8,-0.009264305177111631,6.189999999999998,Natural Gas,NG=F,₹/kg,Energy
2012-12-14,3.313999891281128,3.36299991607666,3.260999917984009,3.3389999866485596,147815,54.45800018310547,181.84,183.14,177.59,180.47,-0.007315731573157347,5.549999999999983,Natural Gas,NG=F,₹/kg,Energy
2012-12-17,3.3580000400543213,3.3949999809265137,3.2769999504089355,3.2990000247955322,135758,54.4379997253418,179.59,184.82,178.39,182.8,0.012910733085831572,6.430000000000007,Natural Gas,NG=F,₹/kg,Energy
2012-12-18,3.4179999828338623,3.450000047683716,3.3359999656677246,3.3499999046325684,125240,54.84799957275391,183.74,189.23,182.97,187.47,0.02554704595185986,6.259999999999991,Natural Gas,NG=F,₹/kg,Energy
2012-12-19,3.319999933242798,3.4140000343322754,3.2839999198913574,3.3989999294281006,118173,54.84799957275391,186.43,187.25,180.12,182.1,-0.028644583133301316,7.1299999999999955,Natural Gas,NG=F,₹/kg,Energy
2012-12-20,3.4619998931884766,3.4670000076293945,3.315999984741211,3.3369998931884766,141492,54.54800033569336,182.03,189.12,180.88,188.85,0.037067545304777516,8.240000000000009,Natural Gas,NG=F,₹/kg,Energy
2012-12-21,3.4509999752044678,3.507999897003174,3.424999952316284,3.447000026702881,96186,54.84799957275391,189.06,192.41,187.85,189.28,0.002276939369870279,4.560000000000002,Natural Gas,NG=F,₹/kg,Energy
2012-12-24,3.3459999561309814,3.4609999656677246,3.3310000896453857,3.4609999656677246,30887,55.05799865722656,190.56,190.56,183.4,184.22,-0.026732882502113253,7.159999999999997,Natural Gas,NG=F,₹/kg,Energy
2012-12-26,3.3919999599456787,3.4079999923706055,3.299999952316284,3.3299999237060547,48441,55.007999420166016,183.18,187.47,181.53,186.59,0.012865052654434939,5.939999999999998,Natural Gas,NG=F,₹/kg,Energy
2012-12-27,3.3540000915527344,3.380000114440918,3.316999912261963,3.3519999980926514,76676,54.8380012512207,183.82,185.35,181.9,183.93,-0.01425585508333782,3.4499999999999886,Natural Gas,NG=F,₹/kg,Energy
2012-12-28,3.4690001010894775,3.486999988555908,3.359999895095825,3.4119999408721924,59225,54.94200134277344,187.46,191.58,184.61,190.59,0.036209427499592106,6.969999999999999,Natural Gas,NG=F,₹/kg,Energy
2012-12-31,3.3510000705718994,3.4809999465942383,3.3410000801086426,3.4549999237060547,62814,54.75299835205078,189.17,190.6,182.93,183.48,-0.03730521013694321,7.6699999999999875,Natural Gas,NG=F,₹/kg,Energy
2013-01-02,3.2330000400543213,3.3580000400543213,3.049999952316284,3.3480000495910645,137084,54.678001403808594,183.06,183.61,166.77,176.77,-0.03657074340527566,16.840000000000003,Natural Gas,NG=F,₹/kg,Energy
2013-01-03,3.197999954223633,3.2360000610351562,3.1640000343322754,3.2309999465942383,91042,54.34799957275391,175.6,175.87,171.96,173.8,-0.016801493466085837,3.9099999999999966,Natural Gas,NG=F,₹/kg,Energy
2013-01-04,3.2869999408721924,3.2990000247955322,3.193000078201294,3.197999954223633,108560,54.49800109863281,174.28,179.79,174.01,179.13,0.030667433831990776,5.780000000000001,Natural Gas,NG=F,₹/kg,Energy
2013-01-07,3.2660000324249268,3.3519999980926514,3.23799991607666,3.2769999504089355,79341,54.880001068115234,179.84,183.96,177.7,179.24,0.0006140791603863605,6.260000000000019,Natural Gas,NG=F,₹/kg,Energy
2013-01-08,3.2179999351501465,3.2809998989105225,3.2009999752044678,3.2760000228881836,105512,55.21799850463867,180.89,181.17,176.75,177.69,-0.008647623298370988,4.4199999999999875,Natural Gas,NG=F,₹/kg,Energy
2013-01-09,3.11299991607666,3.2269999980926514,3.0869998931884766,3.2179999351501465,133814,54.98799896240234,176.95,177.45,169.75,171.18,-0.03663683943947316,7.699999999999989,Natural Gas,NG=F,₹/kg,Energy
2013-01-10,3.193000078201294,3.2109999656677246,3.1080000400543213,3.130000114440918,141547,54.74800109863281,171.36,175.8,170.16,174.81,0.021205748335085817,5.640000000000015,Natural Gas,NG=F,₹/kg,Energy
2013-01-11,3.3269999027252197,3.3410000801086426,3.177999973297119,3.193000078201294,163034,54.55799865722656,174.2,182.28,173.39,181.51,0.038327326811967266,8.890000000000015,Natural Gas,NG=F,₹/kg,Energy
2013-01-14,3.372999906539917,3.4110000133514404,3.3369998931884766,3.378999948501587,134646,54.86800003051758,185.4,187.15,183.09,185.07,0.019613244449341538,4.060000000000002,Natural Gas,NG=F,₹/kg,Energy
2013-01-15,3.4549999237060547,3.4639999866485596,3.328000068664551,3.382999897003174,174189,54.49300003051758,184.35,188.76,181.35,188.27,0.017290754849516476,7.409999999999997,Natural Gas,NG=F,₹/kg,Energy
2013-01-16,3.434999942779541,3.4570000171661377,3.364000082015991,3.444999933242798,148730,54.61299896240234,188.14,188.8,183.72,187.6,-0.003558718861210064,5.0800000000000125,Natural Gas,NG=F,₹/kg,Energy
2013-01-17,3.49399995803833,3.5290000438690186,3.380000114440918,3.434999942779541,181821,54.6879997253418,187.85,192.99,184.85,191.08,0.01855010660980816,8.140000000000015,Natural Gas,NG=F,₹/kg,Energy
2013-01-18,3.565999984741211,3.5789999961853027,3.4730000495910645,3.484999895095825,113075,54.34799957275391,189.4,194.51,188.75,193.8,0.014234875444839812,5.759999999999991,Natural Gas,NG=F,₹/kg,Energy
2013-01-22,3.558000087738037,3.6449999809265137,3.505000114440918,3.572000026702881,165804,53.76800155639648,192.06,195.98,188.46,191.31,-0.01284829721362235,7.519999999999982,Natural Gas,NG=F,₹/kg,Energy
2013-01-23,3.553999900817871,3.5959999561309814,3.51200008392334,3.572999954223633,101485,53.80799865722656,192.26,193.49,188.97,191.23,-0.0004181694631749666,4.52000000000001,Natural Gas,NG=F,₹/kg,Energy
2013-01-24,3.446000099182129,3.5920000076293945,3.440999984741211,3.569999933242798,165774,53.667999267578125,191.59,192.78,184.67,184.94,-0.03289232860952773,8.110000000000014,Natural Gas,NG=F,₹/kg,Energy
2013-01-25,3.444000005722046,3.4800000190734863,3.4110000133514404,3.4519999027252197,69906,53.678001403808594,185.3,186.8,183.1,184.87,-0.00037850113550341735,3.700000000000017,Natural Gas,NG=F,₹/kg,Energy
2013-01-28,3.2890000343322754,3.3959999084472656,3.2669999599456787,3.3919999599456787,72417,53.792999267578125,182.47,182.68,175.74,176.93,-0.04294909936712288,6.939999999999998,Natural Gas,NG=F,₹/kg,Energy
2013-01-29,3.2260000705718994,3.2750000953674316,3.2070000171661377,3.2730000019073486,116115,53.90800094604492,176.44,176.55,172.88,173.91,-0.017068897304018615,3.670000000000016,Natural Gas,NG=F,₹/kg,Energy
2013-01-30,3.3350000381469727,3.3440001010894775,3.260999917984009,3.26200008392334,113310,53.757999420166016,175.36,179.77,175.3,179.28,0.030878040365706516,4.469999999999999,Natural Gas,NG=F,₹/kg,Energy
2013-01-31,3.3389999866485596,3.3949999809265137,3.243000030517578,3.3350000381469727,212223,53.303001403808594,177.77,180.96,172.86,177.98,-0.007251227130745219,8.099999999999994,Natural Gas,NG=F,₹/kg,Energy
2013-02-01,3.3010001182556152,3.38700008392334,3.2780001163482666,3.328000068664551,126838,53.2130012512207,177.09,180.23,174.43,175.66,-0.013035172491291158,5.799999999999983,Natural Gas,NG=F,₹/kg,Energy
2013-02-04,3.315000057220459,3.3540000915527344,3.259000062942505,3.312999963760376,91487,53.16299819946289,176.13,178.31,173.26,176.24,0.0033018330866447787,5.050000000000011,Natural Gas,NG=F,₹/kg,Energy
2013-02-05,3.3989999294281006,3.427000045776367,3.318000078201294,3.3299999237060547,107593,53.28300094604492,177.43,182.6,176.79,181.11,0.027632773490694484,5.810000000000002,Natural Gas,NG=F,₹/kg,Energy
2013-02-06,3.4179999828338623,3.4590001106262207,3.3980000019073486,3.4240000247955322,129241,53.132999420166016,181.93,183.79,180.55,181.61,0.0027607531334548074,3.2399999999999807,Natural Gas,NG=F,₹/kg,Energy
2013-02-07,3.2850000858306885,3.453000068664551,3.2820000648498535,3.438999891281128,215009,53.15299987792969,182.79,183.54,174.45,174.61,-0.03854413303232196,9.090000000000003,Natural Gas,NG=F,₹/kg,Energy
2013-02-08,3.2720000743865967,3.3269999027252197,3.25600004196167,3.2950000762939453,148420,53.21799850463867,175.35,177.06,173.28,174.13,-0.002748983448828901,3.780000000000001,Natural Gas,NG=F,₹/kg,Energy
2013-02-11,3.2790000438690186,3.2950000762939453,3.2070000171661377,3.259999990463257,163309,53.5880012512207,174.7,176.57,171.86,175.72,0.0091311089415953,4.7099999999999795,Natural Gas,NG=F,₹/kg,Energy
2013-02-12,3.2300000190734863,3.313999891281128,3.2230000495910645,3.2799999713897705,180038,53.95800018310547,176.98,178.82,173.91,174.28,-0.008194855451855165,4.909999999999997,Natural Gas,NG=F,₹/kg,Energy
2013-02-13,3.305999994277954,3.322999954223633,3.2300000190734863,3.240999937057495,182653,53.84799957275391,174.52,178.94,173.93,178.02,0.021459719990819526,5.009999999999991,Natural Gas,NG=F,₹/kg,Energy
2013-02-14,3.1630001068115234,3.309000015258789,3.134999990463257,3.296999931335449,211043,53.81800079345703,177.44,178.08,168.72,170.23,-0.04375912818784422,9.360000000000014,Natural Gas,NG=F,₹/kg,Energy
2013-02-15,3.1530001163482666,3.194000005722046,3.125,3.1700000762939453,126940,53.917999267578125,170.92,172.21,168.49,170.0,-0.001351113199788423,3.719999999999999,Natural Gas,NG=F,₹/kg,Energy
2013-02-19,3.2720000743865967,3.2790000438690186,3.134999990463257,3.1659998893737793,146334,54.178001403808594,171.53,177.65,169.85,177.27,0.04276470588235304,7.800000000000011,Natural Gas,NG=F,₹/kg,Energy
2013-02-20,3.2790000438690186,3.312999963760376,3.256999969482422,3.2709999084472656,123631,54.16299819946289,177.17,179.44,176.41,177.6,0.0018615671010322465,3.030000000000001,Natural Gas,NG=F,₹/kg,Energy
2013-02-21,3.246000051498413,3.3369998931884766,3.2309999465942383,3.2679998874664307,174163,54.06800079345703,176.69,180.42,174.69,175.5,-0.011824324324324342,5.72999999999999,Natural Gas,NG=F,₹/kg,Energy
2013-02-22,3.2909998893737793,3.2939999103546143,3.2309999465942383,3.240999937057495,59313,54.46799850463867,176.53,179.42,175.99,179.25,0.02136752136752129,3.4299999999999784,Natural Gas,NG=F,₹/kg,Energy
2013-02-25,3.4140000343322754,3.424999952316284,3.319999933242798,3.319999933242798,83312,54.27299880981445,180.19,185.89,180.19,185.29,0.033695955369595465,5.699999999999989,Natural Gas,NG=F,₹/kg,Energy
2013-02-26,3.427000045776367,3.4549999237060547,3.385999917984009,3.4159998893737793,124520,53.86299896240234,184.0,186.1,182.38,184.59,-0.0037778617302606232,3.719999999999999,Natural Gas,NG=F,₹/kg,Energy
2013-02-27,3.434000015258789,3.553999900817871,3.4059998989105225,3.4489998817443848,173665,54.0880012512207,186.55,192.23,184.22,185.74,0.006230023294869769,8.009999999999991,Natural Gas,NG=F,₹/kg,Energy
2013-02-28,3.4860000610351562,3.507999897003174,3.3949999809265137,3.4179999828338623,148120,53.858001708984375,184.09,188.93,182.85,187.75,0.010821578550662236,6.0800000000000125,Natural Gas,NG=F,₹/kg,Energy
2013-03-01,3.4560000896453857,3.5199999809265137,3.440000057220459,3.490999937057495,118026,54.36299896240234,189.78,191.36,187.01,187.88,0.0006924101198402255,4.350000000000023,Natural Gas,NG=F,₹/kg,Energy
2013-03-04,3.5290000438690186,3.5399999618530273,3.4079999923706055,3.4690001010894775,127151,54.89799880981445,190.44,194.34,187.09,193.74,0.031190121354055744,7.25,Natural Gas,NG=F,₹/kg,Energy
2013-03-05,3.5290000438690186,3.5940001010894775,3.510999917984009,3.5350000858306885,148094,54.858001708984375,193.92,197.16,192.61,193.59,-0.0007742335088263275,4.549999999999983,Natural Gas,NG=F,₹/kg,Energy
2013-03-06,3.4700000286102295,3.549999952316284,3.4619998931884766,3.5230000019073486,107860,54.917999267578125,193.48,194.96,190.13,190.57,-0.015599979337775793,4.8300000000000125,Natural Gas,NG=F,₹/kg,Energy
2013-03-07,3.5820000171661377,3.6029999256134033,3.4630000591278076,3.4719998836517334,189148,54.7130012512207,189.96,197.13,189.47,195.98,0.02838851865456271,7.659999999999997,Natural Gas,NG=F,₹/kg,Energy
2013-03-08,3.628999948501587,3.634999990463257,3.565000057220459,3.5850000381469727,111059,54.55799865722656,195.59,198.32,194.5,197.99,0.01025614858659063,3.819999999999993,Natural Gas,NG=F,₹/kg,Energy
2013-03-11,3.6489999294281006,3.6519999504089355,3.5899999141693115,3.635999917984009,96725,54.34299850463867,197.59,198.46,195.09,198.3,0.0015657356432143832,3.3700000000000045,Natural Gas,NG=F,₹/kg,Energy
2013-03-12,3.6449999809265137,3.6760001182556152,3.619999885559082,3.640000104904175,140325,54.40800094604492,198.05,200.0,196.96,198.32,0.00010085728693898233,3.039999999999992,Natural Gas,NG=F,₹/kg,Energy
2013-03-13,3.680000066757202,3.696000099182129,3.622999906539917,3.63700008392334,98475,54.141998291015625,196.91,200.11,196.16,199.24,0.004638967325534482,3.950000000000017,Natural Gas,NG=F,₹/kg,Energy
2013-03-14,3.812000036239624,3.8340001106262207,3.678999900817871,3.686000108718872,232977,54.36299896240234,200.38,208.43,200.0,207.23,0.04010238907849817,8.430000000000007,Natural Gas,NG=F,₹/kg,Energy
2013-03-15,3.871999979019165,3.9240000247955322,3.821000099182129,3.825000047683716,194783,54.35300064086914,207.9,213.28,207.68,210.45,0.015538290788013276,5.599999999999994,Natural Gas,NG=F,₹/kg,Energy
2013-03-18,3.881999969482422,3.9649999141693115,3.8580000400543213,3.9070000648498535,157789,54.02299880981445,211.07,214.2,208.42,209.72,-0.0034687574245663155,5.780000000000001,Natural Gas,NG=F,₹/kg,Energy
2013-03-19,3.9690001010894775,3.9730000495910645,3.86899995803833,3.881999969482422,140408,54.073001861572266,209.91,214.83,209.21,214.62,0.02336448598130847,5.6200000000000045,Natural Gas,NG=F,₹/kg,Energy
2013-03-20,3.9600000381469727,3.9760000705718994,3.884999990463257,3.9670000076293945,143370,54.36800003051758,215.68,216.17,211.22,215.3,0.00316839064392882,4.949999999999989,Natural Gas,NG=F,₹/kg,Energy
2013-03-21,3.934999942779541,4.025000095367432,3.8910000324249268,3.950000047683716,208091,54.34999847412109,214.68,218.76,211.48,213.87,-0.0066418950301904145,7.280000000000001,Natural Gas,NG=F,₹/kg,Energy
2013-03-22,3.927000045776367,4.00600004196167,3.9130001068115234,3.930000066757202,77778,54.27799987792969,213.31,217.44,212.39,213.15,-0.0033665310702762907,5.050000000000011,Natural Gas,NG=F,₹/kg,Energy
2013-03-25,3.865000009536743,3.996000051498413,3.859999895095825,3.943000078201294,63312,54.34299850463867,214.27,217.15,209.76,210.04,-0.014590663851747676,7.390000000000015,Natural Gas,NG=F,₹/kg,Energy
2013-03-26,3.9760000705718994,3.990999937057495,3.861999988555908,3.875,153558,54.167999267578125,209.9,216.18,209.2,215.37,0.025376118834507855,6.980000000000018,Natural Gas,NG=F,₹/kg,Energy
2013-03-27,4.067999839782715,4.103000164031982,3.9830000400543213,3.999000072479248,172865,54.36299896240234,217.4,223.05,216.53,221.15,0.026837535404188095,6.52000000000001,Natural Gas,NG=F,₹/kg,Energy
2013-03-28,4.02400016784668,4.120999813079834,3.9730000495910645,4.091000080108643,205182,54.38800048828125,222.5,224.13,216.08,218.86,-0.010354962695003356,8.049999999999983,Natural Gas,NG=F,₹/kg,Energy
2013-04-01,4.014999866485596,4.044000148773193,3.934000015258789,3.9690001010894775,145340,54.27799987792969,215.43,219.5,213.53,217.93,-0.004249291784702569,5.969999999999999,Natural Gas,NG=F,₹/kg,Energy
2013-04-02,3.9690001010894775,4.044000148773193,3.943000078201294,4.031000137329102,156391,54.25,218.68,219.39,213.91,215.32,-0.011976322672417772,5.47999999999999,Natural Gas,NG=F,₹/kg,Energy
2013-04-03,3.9000000953674316,3.984999895095825,3.8970000743865967,3.9590001106262207,143318,54.42300033569336,215.46,216.88,212.09,212.25,-0.01425784878320635,4.789999999999992,Natural Gas,NG=F,₹/kg,Energy
2013-04-04,3.947000026702881,3.9760000705718994,3.8610000610351562,3.9040000438690186,190159,54.428001403808594,212.49,216.41,210.15,214.83,0.012155477031802198,6.259999999999991,Natural Gas,NG=F,₹/kg,Energy
2013-04-05,4.125,4.145999908447266,3.930000066757202,3.947000026702881,311657,54.882999420166016,216.62,227.54,215.69,226.39,0.05380998929386016,11.849999999999994,Natural Gas,NG=F,₹/kg,Energy
2013-04-08,4.081999778747559,4.179999828338623,4.045000076293945,4.163000106811523,250952,54.803001403808594,228.14,229.08,221.68,223.71,-0.011837978709306807,7.400000000000006,Natural Gas,NG=F,₹/kg,Energy
2013-04-09,4.017000198364258,4.104000091552734,4.004000186920166,4.085000038146973,167731,54.55799865722656,222.87,223.91,218.45,219.16,-0.020338831522953904,5.460000000000008,Natural Gas,NG=F,₹/kg,Energy
2013-04-10,4.085000038146973,4.160999774932861,4.025000095367432,4.0320000648498535,241920,54.57799911499024,220.06,227.1,219.68,222.95,0.017293301697389962,7.4199999999999875,Natural Gas,NG=F,₹/kg,Energy
2013-04-11,4.138999938964844,4.184999942779541,4.046999931335449,4.1020002365112305,225709,54.51300048828125,223.61,228.14,220.61,225.63,0.012020632428795697,7.529999999999973,Natural Gas,NG=F,₹/kg,Energy
2013-04-12,4.2220001220703125,4.263999938964844,4.151000022888184,4.175000190734863,152668,54.29800033569336,226.69,231.53,225.39,229.25,0.016043965784691805,6.140000000000015,Natural Gas,NG=F,₹/kg,Energy
2013-04-15,4.13700008392334,4.289999961853027,4.116000175476074,4.2270002365112305,153056,54.51300048828125,230.43,233.86,224.38,225.52,-0.016270447110141695,9.480000000000018,Natural Gas,NG=F,₹/kg,Energy
2013-04-16,4.159999847412109,4.199999809265137,4.084000110626221,4.127999782562256,154421,54.542999267578125,225.15,229.08,222.75,226.9,0.006119191202553997,6.3300000000000125,Natural Gas,NG=F,₹/kg,Energy
2013-04-17,4.214000225067139,4.24399995803833,4.145999908447266,4.193999767303467,130010,54.14799880981445,227.1,229.8,224.5,228.18,0.005641251652710455,5.300000000000011,Natural Gas,NG=F,₹/kg,Energy
2013-04-18,4.401000022888184,4.428999900817871,4.171999931335449,4.203000068664551,233935,54.20800018310547,227.84,240.09,226.16,238.57,0.0455342273643613,13.930000000000007,Natural Gas,NG=F,₹/kg,Energy
2013-04-19,4.4079999923706055,4.420000076293945,4.36299991607666,4.418000221252441,100567,54.02299880981445,238.67,238.78,235.7,238.13,-0.001844322421092337,3.0800000000000125,Natural Gas,NG=F,₹/kg,Energy
2013-04-22,4.267000198364258,4.396999835968018,4.250999927520752,4.389999866485596,125557,53.93299865722656,236.77,237.14,229.27,230.13,-0.03359509511611303,7.869999999999976,Natural Gas,NG=F,₹/kg,Energy
2013-04-23,4.23799991607666,4.318999767303467,4.2179999351501465,4.256999969482422,138481,54.13800048828125,230.47,233.82,228.35,229.44,-0.00299830530569678,5.469999999999999,Natural Gas,NG=F,₹/kg,Energy
2013-04-24,4.165999889373779,4.276000022888184,4.1620001792907715,4.232999801635742,84607,54.37799835205078,230.18,232.52,226.32,226.54,-0.012639470013947052,6.200000000000017,Natural Gas,NG=F,₹/kg,Energy
2013-04-25,4.166999816894531,4.250999927520752,4.140999794006348,4.170000076293945,81502,54.27299880981445,226.32,230.71,224.74,226.16,-0.0016774079632735361,5.969999999999999,Natural Gas,NG=F,₹/kg,Energy
2013-04-26,4.151000022888184,4.196000099182129,4.061999797821045,4.158999919891357,163583,54.21799850463867,225.49,227.5,220.23,225.06,-0.004863813229571967,7.27000000000001,Natural Gas,NG=F,₹/kg,Energy
2013-04-29,4.392000198364258,4.394999980926514,4.2230000495910645,4.232999801635742,130676,54.37300109863281,230.16,238.97,229.62,238.81,0.061094819159335234,9.349999999999994,Natural Gas,NG=F,₹/kg,Energy
2013-04-30,4.3429999351501465,4.396999835968018,4.322000026702881,4.377999782562256,133909,54.22800064086914,237.41,238.44,234.37,235.51,-0.01381851681252888,4.069999999999993,Natural Gas,NG=F,₹/kg,Energy
2013-05-01,4.326000213623047,4.443999767303467,4.309999942779541,4.340000152587891,165590,53.79800033569336,233.48,239.08,231.87,232.73,-0.01180416967432385,7.210000000000008,Natural Gas,NG=F,₹/kg,Energy
2013-05-02,4.025000095367432,4.363999843597412,4.017000198364258,4.313000202178955,245320,53.65800094604492,231.43,234.16,215.54,215.97,-0.07201478107678427,18.620000000000005,Natural Gas,NG=F,₹/kg,Energy
2013-05-03,4.040999889373779,4.070000171661377,3.9769999980926514,4.043000221252441,120224,53.80799865722656,217.55,219.0,213.99,217.44,0.006806500902903245,5.009999999999991,Natural Gas,NG=F,₹/kg,Energy
2013-05-06,4.011000156402588,4.056000232696533,3.9709999561309814,4.01200008392334,103077,53.77999877929688,215.77,218.13,213.56,215.71,-0.007956217807211119,4.569999999999993,Natural Gas,NG=F,₹/kg,Energy
2013-05-07,3.9200000762939453,4.005000114440918,3.9159998893737793,4.0,124064,54.17300033569336,216.69,216.96,212.14,212.36,-0.015530109869732467,4.820000000000022,Natural Gas,NG=F,₹/kg,Energy
2013-05-08,3.9779999256134033,3.989000082015991,3.8949999809265137,3.9149999618530273,90787,54.12799835205078,211.91,215.92,210.83,215.32,0.013938594838952545,5.089999999999975,Natural Gas,NG=F,₹/kg,Energy
2013-05-09,3.9830000400543213,4.019999980926514,3.882999897003174,3.9760000705718994,151472,54.15800094604492,215.33,217.72,210.3,215.71,0.001811257663013155,7.4199999999999875,Natural Gas,NG=F,₹/kg,Energy
2013-05-10,3.9100000858306885,4.010000228881836,3.8980000019073486,3.9670000076293945,108253,54.24800109863281,215.2,217.53,211.46,212.11,-0.016689073292846857,6.069999999999993,Natural Gas,NG=F,₹/kg,Energy
2013-05-13,3.924999952316284,3.9769999980926514,3.885999917984009,3.8970000743865967,102673,54.803001403808594,213.57,217.95,212.96,215.1,0.014096459384281612,4.989999999999981,Natural Gas,NG=F,₹/kg,Energy
2013-05-14,4.02400016784668,4.03000020980835,3.9230000972747803,3.941999912261963,105368,54.82799911499024,216.13,220.96,215.09,220.63,0.025708972570897215,5.8700000000000045,Natural Gas,NG=F,₹/kg,Energy
2013-05-15,4.070000171661377,4.078000068664551,4.011000156402588,4.01800012588501,98299,54.79800033569336,220.18,223.47,219.79,223.03,0.010877940443276168,3.680000000000007,Natural Gas,NG=F,₹/kg,Energy
2013-05-16,3.931999921798706,4.09499979019165,3.9119999408721924,4.09499979019165,162304,54.77799987792969,224.32,224.32,214.29,215.39,-0.03425548132538225,10.030000000000001,Natural Gas,NG=F,₹/kg,Energy
2013-05-17,4.054999828338623,4.0960001945495605,3.9149999618530273,3.941999912261963,143865,54.77799987792969,215.93,224.37,214.46,222.12,0.03124564743024294,9.909999999999997,Natural Gas,NG=F,₹/kg,Energy
2013-05-20,4.090000152587891,4.158999919891357,4.063000202178955,4.089000225067139,117090,54.88800048828125,224.44,228.28,223.01,224.49,0.010669908157752594,5.27000000000001,Natural Gas,NG=F,₹/kg,Energy
2013-05-21,4.191999912261963,4.210000038146973,4.078000068664551,4.086999893188477,104312,55.108001708984375,225.23,232.0,224.73,231.01,0.0290436099603546,7.27000000000001,Natural Gas,NG=F,₹/kg,Energy
2013-05-22,4.185999870300293,4.228000164031982,4.15500020980835,4.190000057220459,94178,55.40800094604492,232.16,234.27,230.22,231.94,0.004025799748928582,4.050000000000011,Natural Gas,NG=F,₹/kg,Energy
2013-05-23,4.261000156402588,4.269000053405762,4.158999919891357,4.181000232696533,147266,55.65299987792969,232.69,237.58,231.46,237.14,0.022419591273605155,6.1200000000000045,Natural Gas,NG=F,₹/kg,Energy
2013-05-24,4.236999988555908,4.295000076293945,4.216000080108643,4.26200008392334,55976,55.70800018310547,237.43,239.27,234.86,236.03,-0.00468077928649735,4.409999999999997,Natural Gas,NG=F,₹/kg,Energy
2013-05-28,4.173999786376953,4.308000087738037,4.130000114440918,4.2230000495910645,83205,55.56499862670898,234.65,239.37,229.48,231.93,-0.017370673219505917,9.890000000000015,Natural Gas,NG=F,₹/kg,Energy
2013-05-29,4.1479997634887695,4.178999900817871,4.071000099182129,4.166999816894531,125966,56.108001708984375,233.8,234.48,228.42,232.74,0.0034924330616996624,6.060000000000002,Natural Gas,NG=F,₹/kg,Energy
2013-05-30,4.0229997634887695,4.184000015258789,4.011000156402588,4.177000045776367,137115,56.29800033569336,235.16,235.55,225.81,226.49,-0.026854000171865566,9.740000000000009,Natural Gas,NG=F,₹/kg,Energy
2013-05-31,3.9839999675750732,4.064000129699707,3.9809999465942383,4.0320000648498535,110722,56.37799835205078,227.32,229.12,224.44,224.61,-0.008300587222393907,4.680000000000007,Natural Gas,NG=F,₹/kg,Energy
2013-06-03,3.990999937057495,4.039999961853027,3.9509999752044678,3.9630000591278076,95619,56.573001861572266,224.2,228.55,223.52,225.78,0.005209028983571562,5.030000000000001,Natural Gas,NG=F,₹/kg,Energy
2013-06-04,3.997999906539917,4.0329999923706055,3.9649999141693115,3.98799991607666,82001,56.667999267578125,225.99,228.54,224.69,226.56,0.0034546904065904105,3.8499999999999943,Natural Gas,NG=F,₹/kg,Energy
2013-06-05,4.000999927520752,4.0269999504089355,3.9749999046325684,4.0,90193,56.4379997253418,225.75,227.28,224.34,225.81,-0.0033103813559322015,2.9399999999999977,Natural Gas,NG=F,₹/kg,Energy
2013-06-06,3.8269999027252197,4.001999855041504,3.8239998817443848,3.996999979019165,179667,56.72299957275391,226.72,227.01,216.91,217.08,-0.038660821044240734,10.099999999999994,Natural Gas,NG=F,₹/kg,Energy
2013-06-07,3.828000068664551,3.86899995803833,3.813999891281128,3.8459999561309814,142059,56.8380012512207,218.6,219.91,216.78,217.58,0.0023032983231987547,3.1299999999999955,Natural Gas,NG=F,₹/kg,Energy
2013-06-10,3.799999952316284,3.868000030517578,3.7790000438690186,3.8480000495910645,142650,56.8380012512207,218.71,219.85,214.79,215.98,-0.007353617060391726,5.060000000000002,Natural Gas,NG=F,₹/kg,Energy
2013-06-11,3.7239999771118164,3.802999973297119,3.7160000801086426,3.7929999828338623,157301,56.8380012512207,215.59,216.15,211.21,211.66,-0.020001852023335487,4.939999999999998,Natural Gas,NG=F,₹/kg,Energy
2013-06-12,3.7769999504089355,3.7890000343322754,3.7100000381469727,3.7249999046325684,158311,56.8380012512207,211.72,215.36,210.87,214.68,0.014268165926485832,4.490000000000009,Natural Gas,NG=F,₹/kg,Energy
2013-06-13,3.813999891281128,3.8499999046325684,3.7149999141693115,3.7730000019073486,193609,57.82799911499024,218.19,222.64,214.83,220.56,0.027389603130240303,7.809999999999974,Natural Gas,NG=F,₹/kg,Energy
2013-06-14,3.7330000400543213,3.8310000896453857,3.7290000915527344,3.812999963760376,105300,57.99800109863281,221.15,222.19,216.27,216.51,-0.01836235038084877,5.9199999999999875,Natural Gas,NG=F,₹/kg,Energy
2013-06-17,3.875,3.9130001068115234,3.73799991607666,3.73799991607666,137156,57.49800109863281,214.93,224.99,214.93,222.8,0.02905177589949659,10.060000000000002,Natural Gas,NG=F,₹/kg,Energy
2013-06-18,3.9049999713897705,3.9519999027252197,3.865000009536743,3.9019999504089355,153816,58.10300064086914,226.72,229.62,224.57,226.89,0.018357271095152505,5.050000000000011,Natural Gas,NG=F,₹/kg,Energy
2013-06-19,3.9630000591278076,3.9830000400543213,3.9059998989105225,3.9110000133514404,107187,58.8380012512207,230.12,234.35,229.82,233.18,0.027722685001542624,4.530000000000001,Natural Gas,NG=F,₹/kg,Energy
2013-06-20,3.877000093460083,3.9639999866485596,3.8350000381469727,3.953000068664551,144315,58.7130012512207,232.09,232.74,225.16,227.63,-0.0238013551762587,7.5800000000000125,Natural Gas,NG=F,₹/kg,Energy
2013-06-21,3.7709999084472656,3.9040000438690186,3.7639999389648438,3.871000051498413,108678,59.56800079345703,230.59,232.55,224.21,224.63,-0.013179282168431228,8.340000000000003,Natural Gas,NG=F,₹/kg,Energy
2013-06-24,3.739000082015991,3.822000026702881,3.7249999046325684,3.7899999618530273,67584,59.26800155639648,224.63,226.52,220.77,221.6,-0.013488848328362169,5.75,Natural Gas,NG=F,₹/kg,Energy
2013-06-25,3.6470000743865967,3.759999990463257,3.6449999809265137,3.73799991607666,70595,59.80799865722656,223.56,224.88,218.0,218.12,-0.015703971119133575,6.8799999999999955,Natural Gas,NG=F,₹/kg,Energy
2013-06-26,3.7070000171661377,3.7279999256134033,3.634999990463257,3.6540000438690186,117721,59.65800094604492,217.99,222.41,216.86,221.15,0.013891435906840277,5.549999999999983,Natural Gas,NG=F,₹/kg,Energy
2013-06-27,3.5820000171661377,3.756999969482422,3.555999994277954,3.743000030517578,178655,60.7130012512207,227.25,228.1,215.9,217.47,-0.016640289396337327,12.199999999999989,Natural Gas,NG=F,₹/kg,Energy
2013-06-28,3.565000057220459,3.618000030517578,3.5260000228881836,3.5959999561309814,112004,60.1879997253418,216.44,217.76,212.22,214.57,-0.0133351726674944,5.539999999999992,Natural Gas,NG=F,₹/kg,Energy
2013-07-01,3.5769999027252197,3.6070001125335693,3.5309998989105225,3.546999931335449,81764,59.5260009765625,211.14,214.71,210.19,212.92,-0.007689798201053311,4.52000000000001,Natural Gas,NG=F,₹/kg,Energy
2013-07-02,3.6540000438690186,3.6670000553131104,3.566999912261963,3.5899999141693115,93525,59.37799835205078,213.17,217.74,211.8,216.97,0.01902122863047162,5.939999999999998,Natural Gas,NG=F,₹/kg,Energy
2013-07-03,3.690000057220459,3.700000047683716,3.572999954223633,3.6579999923706055,100080,59.54800033569336,217.83,220.33,212.77,219.73,0.012720652624786721,7.560000000000002,Natural Gas,NG=F,₹/kg,Energy
2013-07-05,3.617000102996826,3.6989998817443848,3.5769999027252197,3.690000057220459,78006,60.17499923706055,222.05,222.59,215.25,217.65,-0.009466163018249651,7.340000000000003,Natural Gas,NG=F,₹/kg,Energy
2013-07-08,3.740999937057495,3.7639999389648438,3.611999988555908,3.625999927520752,108747,60.22299957275391,218.37,226.68,217.53,225.29,0.035102228348265596,9.150000000000006,Natural Gas,NG=F,₹/kg,Energy
2013-07-09,3.6570000648498535,3.746999979019165,3.625999927520752,3.7320001125335693,108792,60.6879997253418,226.49,227.4,220.05,221.94,-0.014869723467530682,7.349999999999994,Natural Gas,NG=F,₹/kg,Energy
2013-07-10,3.680000066757202,3.7869999408721924,3.63100004196167,3.6589999198913574,104596,60.095001220703125,219.89,227.58,218.2,221.15,-0.003559520591150722,9.380000000000024,Natural Gas,NG=F,₹/kg,Energy
2013-07-11,3.61299991607666,3.7019999027252197,3.5739998817443848,3.6630001068115234,136116,59.88800048828125,219.37,221.71,214.04,216.38,-0.021569070766448206,7.670000000000016,Natural Gas,NG=F,₹/kg,Energy
2013-07-12,3.6440000534057617,3.691999912261963,3.5999999046325684,3.614000082015991,88914,59.82699966430664,216.21,220.88,215.38,218.01,0.0075330437193825706,5.5,Natural Gas,NG=F,₹/kg,Energy
2013-07-15,3.6740000247955322,3.688999891281128,3.5460000038146973,3.6500000953674316,135846,59.88399887084961,218.58,220.91,212.35,220.01,0.00917389110591249,8.560000000000002,Natural Gas,NG=F,₹/kg,Energy
2013-07-16,3.677000045776367,3.7179999351501465,3.6080000400543213,3.686000108718872,107542,59.80799865722656,220.45,222.37,215.79,219.91,-0.00045452479432750437,6.5800000000000125,Natural Gas,NG=F,₹/kg,Energy
2013-07-17,3.628999948501587,3.683000087738037,3.6070001125335693,3.6710000038146973,107568,59.292999267578125,217.66,218.38,213.87,215.17,-0.02155427220226458,4.509999999999991,Natural Gas,NG=F,₹/kg,Energy
2013-07-18,3.812000036239624,3.8350000381469727,3.6059999465942383,3.622999906539917,162487,59.323001861572266,214.93,227.5,213.92,226.14,0.05098294371891998,13.580000000000013,Natural Gas,NG=F,₹/kg,Energy
2013-07-19,3.7890000343322754,3.8269999027252197,3.760999917984009,3.812999963760376,85916,59.73799896240234,227.78,228.62,224.67,226.35,0.0009286282833642634,3.950000000000017,Natural Gas,NG=F,₹/kg,Energy
2013-07-22,3.677000045776367,3.763000011444092,3.640000104904175,3.75,112707,59.33300018310547,222.5,223.27,215.97,218.17,-0.036138723216257995,7.300000000000011,Natural Gas,NG=F,₹/kg,Energy
2013-07-23,3.743000030517578,3.76200008392334,3.6589999198913574,3.700000047683716,102539,59.71799850463867,220.96,224.66,218.51,223.52,0.024522161617087646,6.150000000000006,Natural Gas,NG=F,₹/kg,Energy
2013-07-24,3.697999954223633,3.7799999713897705,3.688999891281128,3.7320001125335693,87587,59.757999420166016,223.02,225.89,220.45,220.99,-0.011318897637795255,5.439999999999998,Natural Gas,NG=F,₹/kg,Energy
2013-07-25,3.6440000534057617,3.759000062942505,3.640000104904175,3.7009999752044678,96065,59.12699890136719,218.83,222.26,215.22,215.46,-0.02502375673107382,7.039999999999992,Natural Gas,NG=F,₹/kg,Energy
2013-07-26,3.555000066757202,3.6540000438690186,3.5480000972747803,3.6510000228881836,75410,58.95800018310547,215.26,215.43,209.18,209.6,-0.027197623688851813,6.25,Natural Gas,NG=F,₹/kg,Energy
2013-07-29,3.4590001106262207,3.5199999809265137,3.4130001068115234,3.515000104904175,144378,59.060001373291016,207.6,207.89,201.57,204.29,-0.02533396946564892,6.319999999999993,Natural Gas,NG=F,₹/kg,Energy
2013-07-30,3.431999921798706,3.48799991607666,3.4179999828338623,3.4719998836517334,91376,59.4119987487793,206.28,207.23,203.07,203.9,-0.0019090508590727806,4.159999999999997,Natural Gas,NG=F,₹/kg,Energy
2013-07-31,3.446000099182129,3.4719998836517334,3.4200000762939453,3.450000047683716,81069,60.80799865722656,209.79,211.13,207.96,209.54,0.02766061794997543,3.1699999999999875,Natural Gas,NG=F,₹/kg,Energy
2013-08-01,3.38700008392334,3.4539999961853027,3.3410000801086426,3.4519999027252197,152916,60.630001068115234,209.29,209.42,202.56,205.35,-0.01999618211320031,6.859999999999985,Natural Gas,NG=F,₹/kg,Energy
2013-08-02,3.3469998836517334,3.4070000648498535,3.3299999237060547,3.385999917984009,78244,60.43299865722656,204.63,205.9,201.24,202.27,-0.01499878256635001,4.659999999999997,Natural Gas,NG=F,₹/kg,Energy
2013-08-05,3.319000005722046,3.3610000610351562,3.308000087738037,3.3259999752044678,75739,61.09799957275391,203.21,205.35,202.11,202.78,0.002521382310772591,3.2399999999999807,Natural Gas,NG=F,₹/kg,Energy
2013-08-06,3.318000078201294,3.3570001125335693,3.3010001182556152,3.325000047683716,75454,60.87699890136719,202.42,204.36,200.95,201.99,-0.003895847716737344,3.410000000000025,Natural Gas,NG=F,₹/kg,Energy
2013-08-07,3.246999979019165,3.318000078201294,3.2300000190734863,3.305000066757202,177407,60.78300094604492,200.89,201.68,196.33,197.36,-0.022921926828060823,5.349999999999994,Natural Gas,NG=F,₹/kg,Energy
2013-08-08,3.296999931335449,3.3259999752044678,3.128999948501587,3.236999988555908,232565,61.20299911499024,198.11,203.56,191.5,201.79,0.02244629104175111,12.060000000000002,Natural Gas,NG=F,₹/kg,Energy
2013-08-09,3.2300000190734863,3.3259999752044678,3.2149999141693115,3.319999933242798,155392,60.7239990234375,201.6,201.97,195.23,196.14,-0.02799940532236489,6.740000000000009,Natural Gas,NG=F,₹/kg,Energy
2013-08-12,3.309999942779541,3.3610000610351562,3.24399995803833,3.259999990463257,185431,60.672000885009766,197.79,203.92,196.82,200.82,0.023860507800550712,7.099999999999994,Natural Gas,NG=F,₹/kg,Energy
2013-08-13,3.2850000858306885,3.3340001106262207,3.26200008392334,3.303999900817871,195325,61.369998931884766,202.77,204.61,200.19,201.6,0.003884075291305633,4.420000000000016,Natural Gas,NG=F,₹/kg,Energy
2013-08-14,3.3420000076293945,3.375999927520752,3.2850000858306885,3.2980000972747803,152097,61.45000076293945,202.66,207.46,201.86,205.37,0.018700396825396925,5.599999999999994,Natural Gas,NG=F,₹/kg,Energy
2013-08-15,3.4189999103546143,3.433000087738037,3.302999973297119,3.3410000801086426,152294,61.290000915527344,204.77,210.41,202.44,209.55,0.02035350830208893,7.969999999999999,Natural Gas,NG=F,₹/kg,Energy
2013-08-16,3.368000030517578,3.434000015258789,3.359999895095825,3.424999952316284,77072,61.2599983215332,209.82,210.37,205.83,206.32,-0.015413982343116306,4.539999999999992,Natural Gas,NG=F,₹/kg,Energy
2013-08-19,3.4630000591278076,3.500999927520752,3.384999990463257,3.3919999599456787,123885,62.4900016784668,211.97,218.78,211.53,216.4,0.04885614579294306,7.25,Natural Gas,NG=F,₹/kg,Energy
2013-08-20,3.444000005722046,3.5,3.430999994277954,3.4649999141693115,106926,63.84999847412109,221.24,223.47,219.07,219.9,0.016173752310536083,4.400000000000006,Natural Gas,NG=F,₹/kg,Energy
2013-08-21,3.4600000381469727,3.494999885559082,3.388000011444092,3.437000036239624,83489,63.36000061035156,217.77,221.44,214.66,219.23,-0.003046839472487517,6.780000000000001,Natural Gas,NG=F,₹/kg,Energy
2013-08-22,3.5450000762939453,3.559000015258789,3.4509999752044678,3.4700000286102295,136260,64.69000244140625,224.47,230.23,223.25,229.33,0.04607033708890218,6.97999999999999,Natural Gas,NG=F,₹/kg,Energy
2013-08-23,3.484999895095825,3.562000036239624,3.4730000495910645,3.5450000762939453,85908,64.41000366210938,228.33,229.43,223.7,224.47,-0.021192168490821173,5.730000000000018,Natural Gas,NG=F,₹/kg,Energy
2013-08-26,3.513000011444092,3.5450000762939453,3.4760000705718994,3.510999917984009,42868,64.06999969482422,224.95,227.13,222.71,225.08,0.0027175123624538777,4.4199999999999875,Natural Gas,NG=F,₹/kg,Energy
2013-08-27,3.5339999198913574,3.546999931335449,3.4509999752044678,3.505000114440918,57257,64.29299926757812,225.35,228.05,221.88,227.21,0.009463301937089108,6.170000000000016,Natural Gas,NG=F,₹/kg,Energy
2013-08-28,3.565999984741211,3.5889999866485596,3.4790000915527344,3.5420000553131104,98022,66.86000061035156,236.82,239.96,232.61,238.42,0.04933761718234231,7.349999999999994,Natural Gas,NG=F,₹/kg,Energy
2013-08-29,3.618000030517578,3.6549999713897705,3.509999990463257,3.5799999237060547,166099,67.3499984741211,241.11,246.16,236.4,243.67,0.022019964768056344,9.759999999999991,Natural Gas,NG=F,₹/kg,Energy
2013-08-30,3.5810000896453857,3.6530001163482666,3.565999984741211,3.624000072479248,0,67.38999938964844,244.22,246.18,240.31,241.32,-0.009644190913940975,5.8700000000000045,Natural Gas,NG=F,₹/kg,Energy
2013-09-03,3.6659998893737793,3.688999891281128,3.6010000705718994,3.6010000705718994,124206,66.51000213623047,239.5,245.36,239.5,243.83,0.0104011271340958,5.860000000000014,Natural Gas,NG=F,₹/kg,Energy
2013-09-04,3.683000087738037,3.6989998817443848,3.640000104904175,3.6740000247955322,111744,68.61000061035156,252.07,253.79,249.74,252.69,0.036336792027231946,4.049999999999983,Natural Gas,NG=F,₹/kg,Energy
2013-09-05,3.575000047683716,3.7190001010894775,3.562000036239624,3.671999931335449,150604,66.2699966430664,243.34,246.46,236.05,236.92,-0.062408484704578826,10.409999999999997,Natural Gas,NG=F,₹/kg,Energy
2013-09-06,3.5299999713897705,3.5950000286102295,3.5169999599456787,3.575000047683716,84492,66.00800323486328,235.98,237.3,232.15,233.01,-0.01650346108391021,5.150000000000006,Natural Gas,NG=F,₹/kg,Energy
2013-09-09,3.6050000190734863,3.621000051498413,3.5309998989105225,3.5339999198913574,89136,65.23799896240234,230.55,236.23,230.36,235.18,0.00931290502553539,5.869999999999976,Natural Gas,NG=F,₹/kg,Energy
2013-09-10,3.5840001106262207,3.628999948501587,3.5399999618530273,3.6089999675750732,101890,64.05999755859375,231.19,232.47,226.77,229.59,-0.023769027978569612,5.699999999999989,Natural Gas,NG=F,₹/kg,Energy
2013-09-11,3.566999912261963,3.618000030517578,3.5250000953674316,3.5829999446868896,122382,63.619998931884766,227.95,230.18,224.26,226.93,-0.011585870464741466,5.920000000000016,Natural Gas,NG=F,₹/kg,Energy
2013-09-12,3.638000011444092,3.6649999618530273,3.5369999408721924,3.558000087738037,168466,63.15999984741211,224.72,231.48,223.4,229.78,0.012558938879830839,8.079999999999984,Natural Gas,NG=F,₹/kg,Energy
2013-09-13,3.677000045776367,3.688999891281128,3.6029999256134033,3.628000020980835,101446,63.619998931884766,230.81,234.69,229.22,233.93,0.01806075376447036,5.469999999999999,Natural Gas,NG=F,₹/kg,Energy
2013-09-16,3.73799991607666,3.749000072479248,3.625,3.687000036239624,116100,63.290000915527344,233.35,237.27,229.43,236.58,0.011328175095113968,7.840000000000003,Natural Gas,NG=F,₹/kg,Energy
2013-09-17,3.744999885559082,3.7760000228881836,3.7200000286102295,3.740999937057495,116541,63.290000915527344,236.77,238.98,235.44,237.02,0.0018598359962802569,3.539999999999992,Natural Gas,NG=F,₹/kg,Energy
2013-09-18,3.7130000591278076,3.753999948501587,3.6710000038146973,3.73799991607666,98553,63.18000030517578,236.17,237.18,231.93,234.59,-0.010252299384018282,5.25,Natural Gas,NG=F,₹/kg,Energy
2013-09-19,3.7200000286102295,3.819999933242798,3.680000066757202,3.7290000915527344,177567,63.58000183105469,237.09,242.88,233.97,236.52,0.008227119655569215,8.909999999999997,Natural Gas,NG=F,₹/kg,Energy
2013-09-20,3.687000036239624,3.7149999141693115,3.6559998989105225,3.7119998931884766,74701,62.18999862670898,230.85,231.04,227.37,229.29,-0.0305682394723491,3.6699999999999875,Natural Gas,NG=F,₹/kg,Energy
2013-09-23,3.6019999980926514,3.680999994277954,3.5920000076293945,3.680999994277954,72269,62.720001220703125,230.87,230.87,225.29,225.92,-0.014697544594182044,5.5800000000000125,Natural Gas,NG=F,₹/kg,Energy
2013-09-24,3.492000102996826,3.617000102996826,3.48799991607666,3.5929999351501465,66199,62.68000030517578,225.21,226.71,218.63,218.88,-0.031161473087818692,8.080000000000013,Natural Gas,NG=F,₹/kg,Energy
2013-09-25,3.493000030517578,3.5460000038146973,3.490000009536743,3.509000062942505,62869,62.720001220703125,220.08,222.41,218.89,219.08,0.0009137426900585055,3.5200000000000102,Natural Gas,NG=F,₹/kg,Energy
2013-09-26,3.497999906539917,3.515000104904175,3.4019999504089355,3.506999969482422,210626,62.43000030517578,218.94,219.44,212.39,218.38,-0.0031951798429797895,7.050000000000011,Natural Gas,NG=F,₹/kg,Energy
2013-09-27,3.5889999866485596,3.6080000400543213,3.5209999084472656,3.5810000896453857,90540,61.72999954223633,221.06,222.72,217.35,221.55,0.014515981316970406,5.3700000000000045,Natural Gas,NG=F,₹/kg,Energy
2013-09-30,3.559999942779541,3.5829999446868896,3.509000062942505,3.5810000896453857,104290,62.90999984741211,225.28,225.41,220.75,223.96,0.010877905664635534,4.659999999999997,Natural Gas,NG=F,₹/kg,Energy
2013-10-01,3.6089999675750732,3.6530001163482666,3.5360000133514404,3.556999921798706,148089,62.58000183105469,222.6,228.6,221.28,225.85,0.008439006965529572,7.319999999999993,Natural Gas,NG=F,₹/kg,Energy
2013-10-02,3.5420000553131104,3.6470000743865967,3.5329999923706055,3.6080000400543213,98656,62.61000061035156,225.9,228.34,221.2,221.76,-0.018109364622537094,7.140000000000015,Natural Gas,NG=F,₹/kg,Energy
2013-10-03,3.499000072479248,3.569999933242798,3.490000009536743,3.5420000553131104,131764,62.06999969482422,219.85,221.59,216.62,217.18,-0.02065295815295809,4.969999999999999,Natural Gas,NG=F,₹/kg,Energy
2013-10-04,3.50600004196167,3.5350000858306885,3.4820001125335693,3.509000062942505,73856,61.959999084472656,217.42,219.03,215.74,217.23,0.00023022377751158452,3.289999999999992,Natural Gas,NG=F,₹/kg,Energy
2013-10-07,3.628999948501587,3.6610000133514404,3.5190000534057617,3.5299999713897705,191176,61.380001068115234,216.67,224.71,216.0,222.75,0.025410854854301945,8.710000000000008,Natural Gas,NG=F,₹/kg,Energy
2013-10-08,3.7160000801086426,3.7300000190734863,3.632999897003174,3.63700008392334,198003,61.380001068115234,223.24,228.95,222.99,228.09,0.02397306397306398,5.9599999999999795,Natural Gas,NG=F,₹/kg,Energy
2013-10-09,3.678999900817871,3.7339999675750732,3.6730000972747803,3.7239999771118164,137544,62.02999877929688,231.0,231.62,227.84,228.21,0.0005261081152176939,3.780000000000001,Natural Gas,NG=F,₹/kg,Energy
2013-10-10,3.7230000495910645,3.7950000762939453,3.683000087738037,3.6989998817443848,199430,61.810001373291016,228.64,234.57,227.65,230.12,0.008369484246965486,6.9199999999999875,Natural Gas,NG=F,₹/kg,Energy
2013-10-11,3.7760000228881836,3.7920000553131104,3.7260000705718994,3.7279999256134033,137044,61.61000061035156,229.68,233.63,229.56,232.64,0.010950808273944013,4.069999999999993,Natural Gas,NG=F,₹/kg,Energy
2013-10-14,3.819999933242798,3.8550000190734863,3.757999897003174,3.815000057220459,100774,60.9900016784668,232.68,235.12,229.2,232.98,0.0014614855570840302,5.920000000000016,Natural Gas,NG=F,₹/kg,Energy
2013-10-15,3.7899999618530273,3.8550000190734863,3.7730000019073486,3.821000099182129,129060,61.380001068115234,234.53,236.62,231.59,232.63,-0.0015022748733796165,5.030000000000001,Natural Gas,NG=F,₹/kg,Energy
2013-10-16,3.7690000534057617,3.86899995803833,3.756999969482422,3.812999963760376,145069,61.83000183105469,235.76,239.22,232.3,233.04,0.001762455401280949,6.9199999999999875,Natural Gas,NG=F,₹/kg,Energy
2013-10-17,3.756999969482422,3.8010001182556152,3.7269999980926514,3.7750000953674316,112300,61.45000076293945,231.97,233.57,229.02,230.87,-0.00931170614486776,4.549999999999983,Natural Gas,NG=F,₹/kg,Energy
2013-10-18,3.7639999389648438,3.7850000858306885,3.684999942779541,3.759000062942505,129264,61.09999847412109,229.67,231.26,225.15,229.98,-0.003854983323948624,6.109999999999985,Natural Gas,NG=F,₹/kg,Energy
2013-10-21,3.6679999828338623,3.8380000591278076,3.6540000438690186,3.7950000762939453,109587,61.2400016784668,232.41,235.04,223.77,224.63,-0.023262892425428228,11.269999999999982,Natural Gas,NG=F,₹/kg,Energy
2013-10-22,3.5810000896453857,3.6689999103546143,3.572999954223633,3.6689999103546143,147017,60.619998931884766,222.41,222.41,216.6,217.08,-0.03361082669278359,5.810000000000002,Natural Gas,NG=F,₹/kg,Energy
2013-10-23,3.61899995803833,3.6389999389648438,3.5769999027252197,3.5929999351501465,91784,61.18999862670898,219.86,222.67,218.88,221.45,0.020130827344757574,3.789999999999992,Natural Gas,NG=F,₹/kg,Energy
2013-10-24,3.628999948501587,3.6449999809265137,3.5450000762939453,3.617000102996826,123683,61.52000045776367,222.52,224.24,218.09,223.26,0.008173402573944388,6.150000000000006,Natural Gas,NG=F,₹/kg,Energy
2013-10-25,3.7070000171661377,3.7309999465942383,3.5929999351501465,3.630000114440918,59731,61.45000076293945,223.06,229.27,220.79,227.8,0.02033503538475334,8.480000000000018,Natural Gas,NG=F,₹/kg,Energy
2013-10-28,3.569000005722046,3.680999994277954,3.556999921798706,3.677999973297119,66711,61.43999862670898,225.98,226.16,218.54,219.28,-0.03740122914837585,7.6200000000000045,Natural Gas,NG=F,₹/kg,Energy
2013-10-29,3.496999979019165,3.5889999866485596,3.4800000190734863,3.566999912261963,115727,61.5099983215332,219.41,220.76,214.05,215.1,-0.019062385990514463,6.7099999999999795,Natural Gas,NG=F,₹/kg,Energy
2013-10-30,3.619999885559082,3.6619999408721924,3.609999895095825,3.640000104904175,85548,61.45000076293945,223.68,225.03,221.83,222.45,0.03417015341701535,3.1999999999999886,Natural Gas,NG=F,₹/kg,Energy
2013-10-31,3.5810000896453857,3.6589999198913574,3.559999942779541,3.638000011444092,116774,61.31999969482422,223.08,224.37,218.3,219.59,-0.012856821757698311,6.069999999999993,Natural Gas,NG=F,₹/kg,Energy
2013-11-01,3.513000011444092,3.578000068664551,3.507999897003174,3.5739998817443848,115048,62.220001220703125,222.37,222.62,218.27,218.58,-0.004599480850676185,4.349999999999994,Natural Gas,NG=F,₹/kg,Energy
2013-11-04,3.444999933242798,3.4749999046325684,3.4059998989105225,3.4749999046325684,100681,62.20000076293945,216.14,216.14,211.85,214.28,-0.019672431146491087,4.289999999999992,Natural Gas,NG=F,₹/kg,Energy
2013-11-05,3.4660000801086426,3.490999937057495,3.378999948501587,3.443000078201294,126606,61.97999954223633,213.4,216.37,209.43,214.82,0.0025200672017919867,6.939999999999998,Natural Gas,NG=F,₹/kg,Energy
2013-11-06,3.497999906539917,3.546999931335449,3.453000068664551,3.4820001125335693,124019,62.15999984741211,216.44,220.48,214.64,217.44,0.012196257331719584,5.840000000000003,Natural Gas,NG=F,₹/kg,Energy
2013-11-07,3.5190000534057617,3.621999979019165,3.4830000400543213,3.494999885559082,171288,62.470001220703125,218.33,226.27,217.58,219.83,0.010991537895511438,8.689999999999998,Natural Gas,NG=F,₹/kg,Energy
2013-11-08,3.559000015258789,3.5889999866485596,3.509999990463257,3.5199999809265137,80001,62.84999847412109,221.23,225.57,220.6,223.68,0.017513533184733587,4.969999999999999,Natural Gas,NG=F,₹/kg,Energy
2013-11-11,3.5739998817443848,3.5980000495910645,3.5420000553131104,3.5859999656677246,89457,63.34000015258789,227.14,227.9,224.35,226.38,0.012070815450643702,3.5500000000000114,Natural Gas,NG=F,₹/kg,Energy
2013-11-12,3.617000102996826,3.6559998989105225,3.561000108718872,3.5810000896453857,110420,63.47999954223633,227.32,232.08,226.05,229.61,0.014268044880289876,6.030000000000001,Natural Gas,NG=F,₹/kg,Energy
2013-11-13,3.565999984741211,3.6619999408721924,3.5399999618530273,3.6459999084472656,115255,63.959999084472656,233.2,234.22,226.42,228.08,-0.006663472845259366,7.800000000000011,Natural Gas,NG=F,₹/kg,Energy
2013-11-14,3.6050000190734863,3.624000072479248,3.490999937057495,3.555999994277954,139891,63.369998931884766,225.34,229.65,221.22,228.45,0.0016222378112942248,8.430000000000007,Natural Gas,NG=F,₹/kg,Energy
2013-11-15,3.6600000858306885,3.6670000553131104,3.575000047683716,3.611999988555908,94998,63.040000915527344,227.7,231.17,225.37,230.73,0.009980302035456301,5.799999999999983,Natural Gas,NG=F,₹/kg,Energy
2013-11-18,3.617000102996826,3.7049999237060547,3.6110000610351562,3.680999994277954,117343,62.709999084472656,230.84,232.34,226.45,226.82,-0.016946214189745623,5.890000000000015,Natural Gas,NG=F,₹/kg,Energy
2013-11-19,3.555999994277954,3.6470000743865967,3.5450000762939453,3.614000082015991,106148,62.20000076293945,224.79,226.84,220.5,221.18,-0.02486553214002285,6.340000000000003,Natural Gas,NG=F,₹/kg,Energy
2013-11-20,3.6740000247955322,3.680999994277954,3.5490000247955322,3.558000087738037,124148,62.11000061035156,220.99,228.63,220.43,228.19,0.031693643186544884,8.199999999999989,Natural Gas,NG=F,₹/kg,Energy
2013-11-21,3.7019999027252197,3.743000030517578,3.6610000133514404,3.6700000762939453,113941,62.7599983215332,230.33,234.91,229.76,232.34,0.018186598886892558,5.150000000000006,Natural Gas,NG=F,₹/kg,Energy
2013-11-22,3.7679998874664307,3.7869999408721924,3.681999921798706,3.703000068664551,64342,62.9900016784668,233.25,238.54,231.93,237.35,0.021563226306275274,6.609999999999985,Natural Gas,NG=F,₹/kg,Energy
2013-11-25,3.7890000343322754,3.8489999771118164,3.753000020980835,3.813999891281128,69268,62.2400016784668,237.38,239.56,233.59,235.83,-0.0064040446597850575,5.969999999999999,Natural Gas,NG=F,₹/kg,Energy
2013-11-26,3.818000078201294,3.8369998931884766,3.740999937057495,3.7950000762939453,132704,62.50299835205078,237.2,239.82,233.82,238.64,0.01191536276131111,6.0,Natural Gas,NG=F,₹/kg,Energy
2013-11-27,3.8949999809265137,3.9179999828338623,3.8340001106262207,3.865999937057495,109472,62.459999084472656,241.47,244.72,239.47,243.28,0.019443513241703014,5.25,Natural Gas,NG=F,₹/kg,Energy
2013-11-29,3.9539999961853027,3.9619998931884766,3.872999906539917,3.8949999809265137,89355,62.41299819946289,243.1,247.28,241.73,246.78,0.014386714896415631,5.550000000000011,Natural Gas,NG=F,₹/kg,Energy
2013-12-02,3.98799991607666,3.993000030517578,3.8970000743865967,3.9110000133514404,129861,62.459999084472656,244.28,249.4,243.41,249.09,0.009360564065159283,5.990000000000009,Natural Gas,NG=F,₹/kg,Energy
2013-12-03,3.9760000705718994,4.017000198364258,3.944999933242798,3.9749999046325684,130050,62.31800079345703,247.71,250.33,245.84,247.78,-0.005259143281544865,4.490000000000009,Natural Gas,NG=F,₹/kg,Energy
2013-12-04,3.9600000381469727,4.013000011444092,3.953000068664551,3.9800000190734863,104509,62.36299896240234,248.2,250.26,246.52,246.96,-0.003309387359754612,3.7399999999999807,Natural Gas,NG=F,₹/kg,Energy
2013-12-05,4.131999969482422,4.1519999504089355,3.9509999752044678,3.9649999141693115,247404,61.70000076293945,244.64,256.18,243.78,254.94,0.03231292517006801,12.400000000000006,Natural Gas,NG=F,₹/kg,Energy
2013-12-06,4.113999843597412,4.198999881744385,4.103000164031982,4.144000053405762,218988,61.58000183105469,255.19,258.57,252.66,253.34,-0.006275986506628972,5.909999999999997,Natural Gas,NG=F,₹/kg,Energy
2013-12-09,4.23199987411499,4.248000144958496,4.138999938964844,4.1479997634887695,177841,61.150001525878906,253.65,259.77,253.1,258.79,0.021512591773900747,6.6699999999999875,Natural Gas,NG=F,₹/kg,Energy
2013-12-10,4.236999988555908,4.2870001792907715,4.198999881744385,4.239999771118164,209524,60.869998931884766,258.09,260.95,255.59,257.91,-0.003400440511611702,5.359999999999985,Natural Gas,NG=F,₹/kg,Energy
2013-12-11,4.336999893188477,4.3480000495910645,4.171999931335449,4.250999927520752,242545,60.97999954223633,259.23,265.14,254.41,264.47,0.025435229343569565,10.72999999999999,Natural Gas,NG=F,₹/kg,Energy
2013-12-12,4.408999919891357,4.434000015258789,4.307000160217285,4.34499979019165,252804,61.59000015258789,267.61,273.09,265.27,271.55,0.02677052217642828,7.819999999999993,Natural Gas,NG=F,₹/kg,Energy
2013-12-13,4.35099983215332,4.442999839782715,4.341000080108643,4.388999938964844,158929,62.15999984741211,272.82,276.18,269.84,270.46,-0.0040139937396429515,6.340000000000032,Natural Gas,NG=F,₹/kg,Energy
2013-12-16,4.2789998054504395,4.317999839782715,4.203000068664551,4.275000095367432,163405,62.1879997253418,265.85,268.53,261.38,266.1,-0.016120683280337,7.149999999999977,Natural Gas,NG=F,₹/kg,Energy
2013-12-17,4.2870001792907715,4.326000213623047,4.193999767303467,4.264999866485596,141773,61.77999877929688,263.49,267.26,259.11,264.85,-0.004697482149567778,8.149999999999977,Natural Gas,NG=F,₹/kg,Energy
2013-12-18,4.250999927520752,4.334000110626221,4.24399995803833,4.288000106811523,133922,61.709999084472656,264.61,267.45,261.9,262.33,-0.009514819709269595,5.550000000000011,Natural Gas,NG=F,₹/kg,Energy
2013-12-19,4.460000038146973,4.4710001945495605,4.26800012588501,4.269999980926514,200344,62.02999877929688,264.87,277.34,264.74,276.65,0.054587733008043315,12.599999999999966,Natural Gas,NG=F,₹/kg,Energy
2013-12-20,4.418000221252441,4.492000102996826,4.4019999504089355,4.4710001945495605,115405,62.459999084472656,279.26,280.57,274.95,275.95,-0.002530272908006448,5.6200000000000045,Natural Gas,NG=F,₹/kg,Energy
2013-12-23,4.4629998207092285,4.5320000648498535,4.455999851226807,4.489999771118164,83221,62.02000045776367,278.47,281.07,276.36,276.8,0.0030802681645225594,4.7099999999999795,Natural Gas,NG=F,₹/kg,Energy
2013-12-24,4.415999889373779,4.486000061035156,4.383999824523926,4.468999862670898,35575,61.84000015258789,276.36,277.41,271.11,273.09,-0.013403179190751624,6.300000000000011,Natural Gas,NG=F,₹/kg,Energy
2013-12-26,4.433000087738037,4.465000152587891,4.376999855041504,4.439000129699707,40689,61.790000915527344,274.29,275.89,270.45,273.92,0.003039291076202044,5.439999999999998,Natural Gas,NG=F,₹/kg,Energy
2013-12-27,4.4070000648498535,4.438000202178955,4.340000152587891,4.433000087738037,116927,61.88999938964844,274.36,274.67,268.6,272.75,-0.0042713200934579865,6.069999999999993,Natural Gas,NG=F,₹/kg,Energy
2013-12-30,4.427000045776367,4.4720001220703125,4.4029998779296875,4.4029998779296875,81547,61.66999816894531,271.53,275.79,271.53,273.01,0.000953253895508599,4.260000000000048,Natural Gas,NG=F,₹/kg,Energy
2013-12-31,4.230000019073486,4.447999954223633,4.223999977111816,4.434999942779541,105298,61.77999877929688,273.99,274.8,260.96,261.33,-0.04278231566609281,13.840000000000032,Natural Gas,NG=F,₹/kg,Energy
2014-01-02,4.321000099182129,4.330999851226807,4.2129998207092285,4.23199987411499,97997,61.84000015258789,261.71,267.83,260.53,267.21,0.02250028699345652,7.300000000000011,Natural Gas,NG=F,₹/kg,Energy
2014-01-03,4.303999900817871,4.389999866485596,4.205999851226807,4.297999858856201,141973,62.060001373291016,266.73,272.44,261.02,267.11,-0.00037423749111176186,11.420000000000016,Natural Gas,NG=F,₹/kg,Energy
2014-01-06,4.306000232696533,4.379000186920166,4.265999794006348,4.313000202178955,91955,62.22999954223633,268.4,272.51,265.47,267.96,0.003182209576578776,7.039999999999964,Natural Gas,NG=F,₹/kg,Energy
2014-01-07,4.298999786376953,4.429999828338623,4.26200008392334,4.308000087738037,159424,62.310001373291016,268.43,276.03,265.57,267.87,-0.00033587102552612436,10.45999999999998,Natural Gas,NG=F,₹/kg,Energy
2014-01-08,4.216000080108643,4.364999771118164,4.179999828338623,4.327000141143799,134373,62.08000183105469,268.62,270.98,259.49,261.73,-0.022921566431477913,11.490000000000009,Natural Gas,NG=F,₹/kg,Energy
2014-01-09,4.005000114440918,4.193999767303467,3.999000072479248,4.186999797821045,193822,62.119998931884766,260.1,260.53,248.42,248.79,-0.049440262866312756,12.109999999999985,Natural Gas,NG=F,₹/kg,Energy
2014-01-10,4.052999973297119,4.098999977111816,3.953000068664551,4.0289998054504395,152199,61.77999877929688,248.91,253.24,244.22,250.39,0.006431126653000607,9.02000000000001,Natural Gas,NG=F,₹/kg,Energy
2014-01-13,4.27400016784668,4.313000202178955,4.118000030517578,4.119999885559082,177315,61.43999862670898,253.13,264.99,253.01,262.59,0.048723990574703446,11.980000000000018,Natural Gas,NG=F,₹/kg,Energy
2014-01-14,4.36899995803833,4.381999969482422,4.2870001792907715,4.308000087738037,158284,61.470001220703125,264.81,269.36,263.52,268.56,0.0227350622643665,5.840000000000032,Natural Gas,NG=F,₹/kg,Energy
2014-01-15,4.324999809265137,4.432000160217285,4.317999839782715,4.353000164031982,154468,61.470001220703125,267.58,272.44,265.43,265.86,-0.010053619302949013,7.009999999999991,Natural Gas,NG=F,₹/kg,Energy
2014-01-16,4.381999969482422,4.494999885559082,4.315999984741211,4.335000038146973,263602,61.540000915527344,266.78,276.62,265.61,269.67,0.014330850823741859,11.009999999999991,Natural Gas,NG=F,₹/kg,Energy
2014-01-17,4.326000213623047,4.385000228881836,4.293000221252441,4.369999885559082,123000,61.41999816894531,268.41,269.33,263.68,265.7,-0.014721696888790103,5.649999999999977,Natural Gas,NG=F,₹/kg,Energy
2014-01-21,4.431000232696533,4.474999904632568,4.203000068664551,4.236000061035156,151392,61.61800003051758,261.01,275.74,258.98,273.03,0.027587504704553956,16.75999999999999,Natural Gas,NG=F,₹/kg,Energy
2014-01-22,4.689000129699707,4.724999904632568,4.433000087738037,4.46999979019165,202367,61.970001220703125,277.01,292.81,274.71,290.58,0.06427865069772554,18.100000000000023,Natural Gas,NG=F,₹/kg,Energy
2014-01-23,4.730000019073486,4.947000026702881,4.6529998779296875,4.698999881744385,211243,61.869998931884766,290.73,306.07,287.88,292.65,0.007123683667148439,18.189999999999998,Natural Gas,NG=F,₹/kg,Energy
2014-01-24,5.182000160217285,5.245999813079834,4.813000202178955,4.835000038146973,231256,62.130001068115234,300.4,325.93,299.03,321.96,0.10015376729882108,26.900000000000034,Natural Gas,NG=F,₹/kg,Energy
2014-01-27,4.8470001220703125,5.441999912261963,4.828000068664551,5.1529998779296875,146759,62.72999954223633,323.25,341.38,302.86,304.05,-0.055628028326500045,38.51999999999998,Natural Gas,NG=F,₹/kg,Energy
2014-01-28,5.0329999923706055,5.114999771118164,4.867000102996826,4.900000095367432,72612,63.380001068115234,310.56,324.19,308.47,318.99,0.049136655155402,15.71999999999997,Natural Gas,NG=F,₹/kg,Energy
2014-01-29,5.557000160217285,5.724999904632568,4.901000022888184,4.992000102996826,278469,62.380001068115234,311.4,357.13,305.72,346.65,0.08671118216871987,51.40999999999997,Natural Gas,NG=F,₹/kg,Energy
2014-01-30,5.011000156402588,5.4770002365112305,4.900000095367432,5.4670000076293945,287690,62.46799850463867,341.51,342.14,306.09,313.03,-0.09698543199192267,36.05000000000001,Natural Gas,NG=F,₹/kg,Energy
2014-01-31,4.942999839782715,4.994999885559082,4.7210001945495605,4.900000095367432,187066,62.310001373291016,305.32,311.24,294.17,308.0,-0.016068747404402006,17.069999999999993,Natural Gas,NG=F,₹/kg,Energy
2014-02-03,4.90500020980835,4.986000061035156,4.750999927520752,4.849999904632568,123163,62.5,303.12,311.63,296.94,306.56,-0.004675324675324721,14.689999999999998,Natural Gas,NG=F,₹/kg,Energy
2014-02-04,5.375,5.396999835968018,4.941999912261963,4.953000068664551,205520,62.869998931884766,311.4,339.31,310.7,337.93,0.1023290709812108,28.610000000000014,Natural Gas,NG=F,₹/kg,Energy
2014-02-05,5.03000020980835,5.736999988555908,4.989999771118164,5.283999919891357,256128,62.130001068115234,328.29,356.44,310.03,312.51,-0.07522267925309978,46.410000000000025,Natural Gas,NG=F,₹/kg,Energy
2014-02-06,4.931000232696533,5.395999908447266,4.895999908447266,5.164999961853027,200079,62.22999954223633,321.42,335.79,304.68,306.86,-0.018079421458513267,31.110000000000014,Natural Gas,NG=F,₹/kg,Energy
2014-02-07,4.775000095367432,5.048999786376953,4.738999843597412,5.03000020980835,188049,62.22999954223633,313.02,314.2,294.91,297.15,-0.031643094570814156,19.289999999999964,Natural Gas,NG=F,₹/kg,Energy
2014-02-10,4.578999996185303,4.7870001792907715,4.563000202178955,4.659999847412109,169482,62.09000015258789,289.34,297.22,283.32,284.31,-0.04321049974760216,13.900000000000034,Natural Gas,NG=F,₹/kg,Energy
2014-02-11,4.823999881744385,4.96999979019165,4.570000171661377,4.60699987411499,171248,62.448001861572266,287.7,310.37,285.39,301.25,0.05958284970630645,24.980000000000018,Natural Gas,NG=F,₹/kg,Energy
2014-02-12,4.822000026702881,5.0279998779296875,4.78000020980835,4.941999912261963,220394,62.02999877929688,306.55,311.89,296.5,299.11,-0.007103734439834031,15.389999999999986,Natural Gas,NG=F,₹/kg,Energy
2014-02-13,5.2230000495910645,5.238999843597412,4.817999839782715,4.828000068664551,240237,61.68000030517578,297.79,323.14,297.17,322.15,0.07702851793654486,25.96999999999997,Natural Gas,NG=F,₹/kg,Energy
2014-02-14,5.214000225067139,5.388999938964844,5.139999866485596,5.2789998054504395,206717,62.150001525878906,328.09,334.93,319.45,324.05,0.005897873661337982,15.480000000000018,Natural Gas,NG=F,₹/kg,Energy
2014-02-18,5.551000118255615,5.611999988555908,5.370999813079834,5.383999824523926,192539,61.790000915527344,332.68,346.77,331.87,343.0,0.05847862984107377,14.899999999999977,Natural Gas,NG=F,₹/kg,Energy
2014-02-19,6.14900016784668,6.275000095367432,5.559999942779541,5.565000057220459,242488,62.209999084472656,346.2,390.37,345.89,382.53,0.11524781341107859,44.48000000000002,Natural Gas,NG=F,₹/kg,Energy
2014-02-20,6.064000129699707,6.400000095367432,5.881999969482422,6.09499979019165,180025,62.2599983215332,379.47,398.46,366.21,377.54,-0.013044728518024629,32.25,Natural Gas,NG=F,₹/kg,Energy
2014-02-21,6.135000228881836,6.308000087738037,5.880000114440918,6.067999839782715,127847,62.130001068115234,377.0,391.92,365.32,381.17,0.009614875245007148,26.600000000000023,Natural Gas,NG=F,₹/kg,Energy
2014-02-24,5.445000171661377,6.493000030517578,5.380000114440918,6.300000190734863,116688,62.0099983215332,390.66,402.63,333.61,337.64,-0.1142010126715115,69.01999999999998,Natural Gas,NG=F,₹/kg,Energy
2014-02-25,5.0960001945495605,5.492000102996826,4.788000106811523,5.464000225067139,81451,62.06800079345703,339.14,340.88,297.18,316.3,-0.06320341191801915,43.69999999999999,Natural Gas,NG=F,₹/kg,Energy
2014-02-26,4.855000019073486,5.005000114440918,4.659999847412109,4.956999778747559,166416,61.97800064086914,307.22,310.2,288.82,300.9,-0.04868795447360108,21.379999999999995,Natural Gas,NG=F,₹/kg,Energy
2014-02-27,4.511000156402588,4.566999912261963,4.440999984741211,4.521999835968018,133093,62.150001525878906,281.04,283.84,276.01,280.36,-0.06826188102359576,7.829999999999984,Natural Gas,NG=F,₹/kg,Energy
2014-02-28,4.609000205993652,4.6579999923706055,4.451000213623047,4.480000019073486,111330,62.02000045776367,277.85,288.89,276.05,285.85,0.01958196604365825,12.839999999999975,Natural Gas,NG=F,₹/kg,Energy
2014-03-03,4.492000102996826,4.736000061035156,4.4629998207092285,4.690000057220459,128974,61.81999969482422,289.94,292.78,275.9,277.7,-0.028511457057897593,16.879999999999995,Natural Gas,NG=F,₹/kg,Energy
2014-03-04,4.666999816894531,4.676000118255615,4.489999771118164,4.499000072479248,137049,62.16999816894531,279.7,290.71,279.14,290.15,0.04483255311487211,11.569999999999993,Natural Gas,NG=F,₹/kg,Energy
2014-03-05,4.5229997634887695,4.7220001220703125,4.506999969482422,4.6570000648498535,122289,61.59999847412109,286.87,290.88,277.63,278.62,-0.03973806651731848,13.25,Natural Gas,NG=F,₹/kg,Energy
2014-03-06,4.6620001792907715,4.695000171661377,4.50600004196167,4.565999984741211,146173,61.74800109863281,281.94,289.91,278.24,287.87,0.033199339602325795,11.670000000000016,Natural Gas,NG=F,₹/kg,Energy
2014-03-07,4.618000030517578,4.681000232696533,4.565999984741211,4.640999794006348,81497,60.79999923706055,282.17,284.6,277.61,280.77,-0.0246639107930664,6.990000000000009,Natural Gas,NG=F,₹/kg,Energy
2014-03-10,4.651000022888184,4.732999801635742,4.556000232696533,4.623000144958496,123084,61.22999954223633,283.07,289.8,278.96,284.78,0.01428215265163657,10.840000000000032,Natural Gas,NG=F,₹/kg,Energy
2014-03-11,4.605000019073486,4.683000087738037,4.572000026702881,4.6579999923706055,96077,60.810001373291016,283.25,284.77,278.02,280.03,-0.01667954210267575,6.75,Natural Gas,NG=F,₹/kg,Energy
2014-03-12,4.489999771118164,4.63100004196167,4.447999954223633,4.604000091552734,117744,61.040000915527344,281.03,282.68,271.51,274.07,-0.021283433917794414,11.170000000000016,Natural Gas,NG=F,₹/kg,Energy
2014-03-13,4.382999897003174,4.495999813079834,4.355000019073486,4.493000030517578,130716,60.77000045776367,273.04,273.22,264.65,266.35,-0.028167986280877022,8.57000000000005,Natural Gas,NG=F,₹/kg,Energy
2014-03-14,4.425000190734863,4.439000129699707,4.341000080108643,4.375,70474,61.459999084472656,268.89,272.82,266.8,271.96,0.021062511732682365,6.019999999999982,Natural Gas,NG=F,₹/kg,Energy
2014-03-17,4.535999774932861,4.586999893188477,4.48199987411499,4.504000186920166,91766,60.97999954223633,274.65,279.72,273.31,276.61,0.01709810266215639,6.410000000000025,Natural Gas,NG=F,₹/kg,Energy
2014-03-18,4.455999851226807,4.548999786376953,4.446000099182129,4.514999866485596,70748,61.040000915527344,275.6,277.67,271.38,271.99,-0.01670221611655398,6.2900000000000205,Natural Gas,NG=F,₹/kg,Energy
2014-03-19,4.484000205993652,4.504000186920166,4.420000076293945,4.4670000076293945,61534,61.108001708984375,272.97,275.23,270.1,274.01,0.007426743630280397,5.1299999999999955,Natural Gas,NG=F,₹/kg,Energy
2014-03-20,4.36899995803833,4.473999977111816,4.348999977111816,4.4710001945495605,115252,60.95000076293945,272.51,272.69,265.07,266.29,-0.02817415422794778,7.6200000000000045,Natural Gas,NG=F,₹/kg,Energy
2014-03-21,4.313000202178955,4.377999782562256,4.285999774932861,4.376999855041504,70146,61.33300018310547,268.45,268.52,262.87,264.53,-0.006609335686657558,5.649999999999977,Natural Gas,NG=F,₹/kg,Energy
2014-03-24,4.276000022888184,4.349999904632568,4.26200008392334,4.311999797821045,63826,61.02000045776367,263.12,265.44,260.07,260.92,-0.013646845348353476,5.3700000000000045,Natural Gas,NG=F,₹/kg,Energy
2014-03-25,4.410999774932861,4.429999828338623,4.263000011444092,4.288000106811523,60149,60.59000015258789,259.81,268.41,258.3,267.26,0.024298635597117757,10.110000000000014,Natural Gas,NG=F,₹/kg,Energy
2014-03-26,4.4019999504089355,4.427999973297119,4.3520002365112305,4.406000137329102,50394,60.220001220703125,265.33,266.65,262.08,265.09,-0.00811943425877426,4.569999999999993,Natural Gas,NG=F,₹/kg,Energy
2014-03-27,4.584000110626221,4.614999771118164,4.372000217437744,4.394999980926514,140521,60.15999984741211,264.4,277.64,263.02,275.77,0.04028820400618671,14.620000000000005,Natural Gas,NG=F,₹/kg,Energy
2014-03-28,4.485000133514404,4.567999839782715,4.4710001945495605,4.517000198364258,68381,60.23799896240234,272.1,275.17,269.32,270.17,-0.020306777386952746,5.850000000000023,Natural Gas,NG=F,₹/kg,Energy
2014-03-31,4.370999813079834,4.486999988555908,4.336999893188477,4.48199987411499,117489,59.84000015258789,268.2,268.5,259.53,261.56,-0.03186882333345675,8.970000000000027,Natural Gas,NG=F,₹/kg,Energy
2014-04-01,4.276000022888184,4.389999866485596,4.250999927520752,4.367000102996826,108597,59.9900016784668,261.98,263.36,255.02,256.52,-0.019269001376357342,8.340000000000003,Natural Gas,NG=F,₹/kg,Energy
2014-04-02,4.363999843597412,4.389999866485596,4.2210001945495605,4.26200008392334,104461,59.77999877929688,254.78,262.43,252.33,260.88,0.01699672540152819,10.099999999999994,Natural Gas,NG=F,₹/kg,Energy
2014-04-03,4.46999979019165,4.482999801635742,4.313000202178955,4.36899995803833,101683,59.89799880981445,261.69,268.52,258.34,267.74,0.02629561484207299,10.180000000000007,Natural Gas,NG=F,₹/kg,Energy
2014-04-04,4.439000129699707,4.478000164031982,4.4039998054504395,4.431000232696533,70473,60.38999938964844,267.59,270.43,265.96,268.07,0.0012325390304026573,4.470000000000027,Natural Gas,NG=F,₹/kg,Energy
2014-04-07,4.47599983215332,4.5279998779296875,4.429999828338623,4.442999839782715,121446,59.66999816894531,265.11,270.19,264.34,267.08,-0.0036930652441526934,5.850000000000023,Natural Gas,NG=F,₹/kg,Energy
2014-04-08,4.533999919891357,4.552000045776367,4.455999851226807,4.468999862670898,124599,60.119998931884766,268.68,273.67,267.89,272.58,0.020593080724876422,5.78000000000003,Natural Gas,NG=F,₹/kg,Energy
2014-04-09,4.585999965667725,4.5929999351501465,4.498000144958496,4.533999919891357,128928,60.09000015258789,272.45,275.99,270.28,275.57,0.01096925673196858,5.710000000000036,Natural Gas,NG=F,₹/kg,Energy
2014-04-10,4.65500020980835,4.703000068664551,4.521999835968018,4.560999870300293,201906,59.959999084472656,273.48,281.99,271.14,279.11,0.012846100809231764,10.850000000000023,Natural Gas,NG=F,₹/kg,Energy
2014-04-11,4.619999885559082,4.672999858856201,4.605000019073486,4.635000228881836,113996,60.29999923706055,279.49,281.78,277.68,278.59,-0.0018630647414998869,4.099999999999966,Natural Gas,NG=F,₹/kg,Energy
2014-04-14,4.559999942779541,4.645999908447266,4.539000034332275,4.619999885559082,79195,60.34000015258789,278.77,280.34,273.88,275.15,-0.012347894755734279,6.4599999999999795,Natural Gas,NG=F,₹/kg,Energy
2014-04-15,4.566999912261963,4.632999897003174,4.511000156402588,4.574999809265137,98175,60.34000015258789,276.06,279.56,272.19,275.57,0.0015264401235690617,7.3700000000000045,Natural Gas,NG=F,₹/kg,Energy
2014-04-16,4.53000020980835,4.603000164031982,4.5229997634887695,4.571000099182129,66143,60.29999923706055,275.63,277.56,272.74,273.16,-0.008745509307979682,4.819999999999993,Natural Gas,NG=F,₹/kg,Energy
2014-04-17,4.741000175476074,4.745999813079834,4.484000205993652,4.5320000648498535,169762,60.25,273.05,285.95,270.16,285.65,0.0457241177331964,15.789999999999964,Natural Gas,NG=F,₹/kg,Energy
2014-04-21,4.697000026702881,4.789000034332275,4.686999797821045,4.75600004196167,84798,60.150001525878906,286.07,288.06,281.92,282.52,-0.010957465429721647,6.139999999999986,Natural Gas,NG=F,₹/kg,Energy
2014-04-22,4.738999843597412,4.756999969482422,4.677000045776367,4.695000171661377,78368,60.47999954223633,283.95,287.7,282.86,286.61,0.01447685119637554,4.839999999999975,Natural Gas,NG=F,₹/kg,Energy
2014-04-23,4.730000019073486,4.784999847412109,4.716000080108643,4.752999782562256,65042,60.757999420166016,288.78,290.73,286.53,287.39,0.0027214681972016486,4.2000000000000455,Natural Gas,NG=F,₹/kg,Energy
2014-04-24,4.704999923706055,4.804999828338623,4.673999786376953,4.7230000495910645,80842,61.0099983215332,288.15,293.15,285.16,287.05,-0.00118306134521029,7.989999999999952,Natural Gas,NG=F,₹/kg,Energy
2014-04-25,4.646999835968018,4.71999979019165,4.631999969482422,4.688000202178955,46900,61.119998931884766,286.53,288.49,283.11,284.02,-0.010555652325378917,5.3799999999999955,Natural Gas,NG=F,₹/kg,Energy
2014-04-28,4.795000076293945,4.808000087738037,4.636000156402588,4.642000198364258,97792,60.63800048828125,281.48,291.55,281.12,290.76,0.023730723188507996,10.430000000000007,Natural Gas,NG=F,₹/kg,Energy
2014-04-29,4.830999851226807,4.8480000495910645,4.754000186920166,4.769999980926514,98628,60.64300155639648,289.27,294.0,288.3,292.97,0.0076007703948275385,5.699999999999989,Natural Gas,NG=F,₹/kg,Energy
2014-04-30,4.815000057220459,4.8520002365112305,4.750999927520752,4.8379998207092285,82544,60.417999267578125,292.3,293.15,287.05,290.91,-0.00703143666587025,6.099999999999966,Natural Gas,NG=F,₹/kg,Energy
2014-05-01,4.718999862670898,4.822999954223633,4.706999778747559,4.796999931335449,101313,60.119998931884766,288.4,289.96,282.98,283.71,-0.024749922656491896,6.979999999999961,Natural Gas,NG=F,₹/kg,Energy
2014-05-02,4.673999786376953,4.764999866485596,4.671999931335449,4.730000019073486,62420,60.13999938964844,284.46,286.57,280.97,281.09,-0.009234781995699826,5.599999999999966,Natural Gas,NG=F,₹/kg,Energy
2014-05-05,4.688000202178955,4.775000095367432,4.651000022888184,4.775000095367432,61239,60.02000045776367,286.6,286.6,279.15,281.37,0.0009961222384291535,7.4500000000000455,Natural Gas,NG=F,₹/kg,Energy
2014-05-06,4.798999786376953,4.806000232696533,4.691999912261963,4.702000141143799,98740,60.11000061035156,282.64,288.89,282.04,288.47,0.02523367807513255,6.849999999999966,Natural Gas,NG=F,₹/kg,Energy
2014-05-07,4.739999771118164,4.827000141143799,4.705999851226807,4.785999774932861,100366,59.97800064086914,287.05,289.51,282.26,284.3,-0.01445557596977165,7.25,Natural Gas,NG=F,₹/kg,Energy
2014-05-08,4.572000026702881,4.754000186920166,4.559999942779541,4.75,158081,59.88999938964844,284.48,284.72,273.1,273.82,-0.03686246922265224,11.620000000000005,Natural Gas,NG=F,₹/kg,Energy
2014-05-09,4.531000137329102,4.5980000495910645,4.498000144958496,4.585999965667725,97294,59.93000030517578,274.84,275.56,269.57,271.54,-0.008326637937331016,5.990000000000009,Natural Gas,NG=F,₹/kg,Energy
2014-05-12,4.434000015258789,4.548999786376953,4.395999908447266,4.534999847412109,109249,59.84999847412109,271.42,272.26,263.1,265.37,-0.022722250865434224,9.159999999999968,Natural Gas,NG=F,₹/kg,Energy
2014-05-13,4.357999801635742,4.468999862670898,4.3470001220703125,4.4070000648498535,124367,59.41999816894531,261.86,265.55,258.3,258.95,-0.024192636695934078,7.25,Natural Gas,NG=F,₹/kg,Energy
2014-05-14,4.367000102996826,4.4029998779296875,4.339000225067139,4.372000217437744,73564,59.310001373291016,259.3,261.14,257.35,259.01,0.00023170496234792282,3.7899999999999636,Natural Gas,NG=F,₹/kg,Energy
2014-05-15,4.468999862670898,4.508999824523926,4.289000034332275,4.383999824523926,126594,59.400001525878906,260.41,267.83,254.77,265.46,0.02490251341647043,13.059999999999974,Natural Gas,NG=F,₹/kg,Energy
2014-05-16,4.413000106811523,4.458000183105469,4.4070000648498535,4.448999881744385,55340,59.33000183105469,263.96,264.49,261.47,261.82,-0.013712047012732542,3.019999999999982,Natural Gas,NG=F,₹/kg,Energy
2014-05-19,4.46999979019165,4.5229997634887695,4.389999866485596,4.414000034332275,78205,58.560001373291016,258.48,264.87,257.08,261.76,-0.00022916507524251006,7.7900000000000205,Natural Gas,NG=F,₹/kg,Energy
2014-05-20,4.552000045776367,4.570000171661377,4.429999828338623,4.473999977111816,103254,58.36800003051758,261.14,266.74,258.57,265.69,0.015013753056234647,8.170000000000016,Natural Gas,NG=F,₹/kg,Energy
2014-05-21,4.4730000495910645,4.574999809265137,4.466000080108643,4.535999774932861,88109,58.58300018310547,265.73,268.02,261.63,262.04,-0.013737814746509036,6.389999999999986,Natural Gas,NG=F,₹/kg,Energy
2014-05-22,4.359000205993652,4.514999866485596,4.348999977111816,4.488999843597412,114366,58.6879997253418,263.45,264.98,255.23,255.82,-0.02373683407113425,9.750000000000028,Natural Gas,NG=F,₹/kg,Energy
2014-05-23,4.40500020980835,4.410999774932861,4.357999801635742,4.374000072479248,38686,58.27799987792969,254.91,257.06,253.98,256.71,0.0034790086779765694,3.0800000000000125,Natural Gas,NG=F,₹/kg,Energy
2014-05-27,4.505000114440918,4.51200008392334,4.360000133514404,4.406000137329102,50751,58.650001525878906,258.41,264.63,255.71,264.22,0.029254801137470476,8.919999999999987,Natural Gas,NG=F,₹/kg,Energy
2014-05-28,4.61899995803833,4.635000228881836,4.48199987411499,4.495999813079834,123455,59.03799819946289,265.43,273.64,264.61,272.7,0.032094466732268456,9.029999999999973,Natural Gas,NG=F,₹/kg,Energy
2014-05-29,4.559000015258789,4.664999961853027,4.5289998054504395,4.607999801635742,136183,58.83000183105469,271.09,274.44,266.44,268.21,-0.01646497983131645,8.0,Natural Gas,NG=F,₹/kg,Energy
2014-05-30,4.541999816894531,4.5920000076293945,4.488999843597412,4.581999778747559,101467,58.900001525878906,269.88,270.47,264.4,267.52,-0.0025726110137578306,6.07000000000005,Natural Gas,NG=F,₹/kg,Energy
2014-06-02,4.611999988555908,4.619999885559082,4.521999835968018,4.551000118255615,83380,59.1879997253418,269.36,273.45,267.65,272.98,0.020409688995215447,5.800000000000011,Natural Gas,NG=F,₹/kg,Energy
2014-06-03,4.629000186920166,4.6620001792907715,4.5929999351501465,4.617000102996826,81594,59.15999984741211,273.14,275.8,271.72,273.85,0.003187046670085847,4.079999999999984,Natural Gas,NG=F,₹/kg,Energy
2014-06-04,4.639999866485596,4.6529998779296875,4.576000213623047,4.614999771118164,74951,59.29999923706055,273.67,275.92,271.36,275.15,0.004747124338141173,4.560000000000002,Natural Gas,NG=F,₹/kg,Energy
2014-06-05,4.701000213623047,4.7230000495910645,4.585999965667725,4.639999866485596,153427,59.2599983215332,274.97,279.88,271.77,278.58,0.012465927675813226,8.110000000000014,Natural Gas,NG=F,₹/kg,Energy
2014-06-06,4.710000038146973,4.736000061035156,4.678999900817871,4.701000213623047,109210,59.16299819946289,278.13,280.2,276.82,278.66,0.00028717065115957396,3.3799999999999955,Natural Gas,NG=F,₹/kg,Energy
2014-06-09,4.644999980926514,4.743000030517578,4.630000114440918,4.714000225067139,131645,59.167999267578125,278.92,280.63,273.95,274.84,-0.013708461924926585,6.680000000000007,Natural Gas,NG=F,₹/kg,Energy
2014-06-10,4.53000020980835,4.636000156402588,4.519999980926514,4.630000114440918,151782,59.198001861572266,274.09,274.44,267.57,268.17,-0.024268665405326573,6.8700000000000045,Natural Gas,NG=F,₹/kg,Energy
2014-06-11,4.507999897003174,4.572999954223633,4.504000186920166,4.534999847412109,112255,59.119998931884766,268.11,270.36,266.28,266.51,-0.006190103292687543,4.080000000000041,Natural Gas,NG=F,₹/kg,Energy
2014-06-12,4.76200008392334,4.769000053405762,4.519999980926514,4.526000022888184,229855,59.33300018310547,268.54,282.96,268.19,282.54,0.060147836854151926,14.769999999999982,Natural Gas,NG=F,₹/kg,Energy
2014-06-13,4.738999843597412,4.793000221252441,4.716000080108643,4.754000186920166,111220,59.28799819946289,281.86,284.17,279.6,280.97,-0.005556735329510842,4.569999999999993,Natural Gas,NG=F,₹/kg,Energy
2014-06-16,4.706999778747559,4.886000156402588,4.669000148773193,4.756999969482422,113453,59.70299911499024,284.01,291.71,278.75,281.02,0.00017795494180861127,12.95999999999998,Natural Gas,NG=F,₹/kg,Energy
2014-06-17,4.709000110626221,4.738999843597412,4.671999931335449,4.706999778747559,77371,60.09000015258789,282.84,284.77,280.74,282.96,0.006903423243897144,4.029999999999973,Natural Gas,NG=F,₹/kg,Energy
2014-06-18,4.658999919891357,4.7729997634887695,4.645999908447266,4.703999996185303,84964,60.323001861572266,283.76,287.92,280.26,281.04,-0.006785411365563876,7.660000000000025,Natural Gas,NG=F,₹/kg,Energy
2014-06-19,4.584000110626221,4.699999809265137,4.559000015258789,4.650000095367432,155814,59.810001373291016,278.12,281.11,272.67,274.17,-0.024444918872758348,8.439999999999998,Natural Gas,NG=F,₹/kg,Energy
2014-06-20,4.531000137329102,4.613999843597412,4.515999794006348,4.572000026702881,76734,60.15999984741211,275.05,277.58,271.68,272.58,-0.00579932158879537,5.899999999999977,Natural Gas,NG=F,₹/kg,Energy
2014-06-23,4.446000099182129,4.577000141143799,4.435999870300293,4.521999835968018,67383,60.167999267578125,272.08,275.39,266.91,267.51,-0.0186000440237728,8.479999999999961,Natural Gas,NG=F,₹/kg,Energy
2014-06-24,4.534999847412109,4.556000232696533,4.431000232696533,4.436999797821045,57868,60.15299987792969,266.9,274.06,266.54,272.79,0.01973757990355507,7.519999999999982,Natural Gas,NG=F,₹/kg,Energy
2014-06-25,4.552999973297119,4.586999893188477,4.517000198364258,4.525000095367432,40583,60.18999862670898,272.36,276.09,271.88,274.05,0.004618937644341736,4.2099999999999795,Natural Gas,NG=F,₹/kg,Energy
2014-06-26,4.400000095367432,4.5970001220703125,4.349999904632568,4.557000160217285,139009,59.95000076293945,273.19,275.59,260.78,263.78,-0.037474913336982496,14.810000000000002,Natural Gas,NG=F,₹/kg,Energy
2014-06-27,4.408999919891357,4.466000080108643,4.375,4.443999767303467,76327,60.08000183105469,267.0,268.32,262.85,264.89,0.004208052164682785,5.46999999999997,Natural Gas,NG=F,₹/kg,Energy
2014-06-30,4.460999965667725,4.493000030517578,4.377999782562256,4.419000148773193,87437,60.03799819946289,265.31,269.75,262.85,267.83,0.011098946732605919,6.899999999999977,Natural Gas,NG=F,₹/kg,Energy
2014-07-01,4.454999923706055,4.48799991607666,4.4029998779296875,4.447000026702881,63694,59.970001220703125,266.69,269.15,264.05,267.17,-0.0024642497106371897,5.099999999999966,Natural Gas,NG=F,₹/kg,Energy
2014-07-02,4.35699987411499,4.459000110626221,4.3379998207092285,4.443999767303467,93031,60.02799987792969,266.76,267.66,260.4,261.54,-0.021072725231126244,7.260000000000048,Natural Gas,NG=F,₹/kg,Energy
2014-07-03,4.406000137329102,4.410999774932861,4.328999996185303,4.357999801635742,92666,59.43999862670898,259.04,262.19,257.32,261.89,0.0013382274221915846,4.8700000000000045,Natural Gas,NG=F,₹/kg,Energy
2014-07-07,4.224999904632568,4.4019999504089355,4.199999809265137,4.3979997634887695,112622,59.71799850463867,262.64,262.88,250.82,252.31,-0.03658024361373091,12.060000000000002,Natural Gas,NG=F,₹/kg,Energy
2014-07-08,4.203999996185303,4.23799991607666,4.129000186920166,4.228000164031982,127050,59.948001861572266,253.46,254.06,247.53,252.02,-0.001149379731282929,6.530000000000001,Natural Gas,NG=F,₹/kg,Energy
2014-07-09,4.170000076293945,4.230000019073486,4.163000106811523,4.204999923706055,89084,59.74800109863281,251.24,252.73,248.73,249.15,-0.011387985080549168,4.0,Natural Gas,NG=F,₹/kg,Energy
2014-07-10,4.119999885559082,4.192999839782715,4.107999801635742,4.172999858856201,116146,59.757999420166016,249.37,250.57,245.49,246.2,-0.011840256873369537,5.079999999999984,Natural Gas,NG=F,₹/kg,Energy
2014-07-11,4.145999908447266,4.158999919891357,4.105999946594238,4.125999927520752,62696,60.1879997253418,248.34,250.32,247.13,249.54,0.013566206336312003,3.1899999999999977,Natural Gas,NG=F,₹/kg,Energy
2014-07-14,4.146999835968018,4.172999858856201,4.0920000076293945,4.144999980926514,91733,60.0880012512207,249.06,250.75,245.88,249.18,-0.0014426544842509603,4.8700000000000045,Natural Gas,NG=F,₹/kg,Energy
2014-07-15,4.0970001220703125,4.1579999923706055,4.080999851226807,4.1570000648498535,81088,60.060001373291016,249.67,249.73,245.1,246.07,-0.012480937474917742,4.6299999999999955,Natural Gas,NG=F,₹/kg,Energy
2014-07-16,4.11899995803833,4.145999908447266,4.084000110626221,4.086999893188477,58848,60.16999816894531,245.91,249.46,245.73,247.84,0.007193075141219918,3.730000000000018,Natural Gas,NG=F,₹/kg,Energy
2014-07-17,3.9539999961853027,4.110000133514404,3.936000108718872,4.109000205993652,150974,60.08000183105469,246.87,246.93,236.47,237.56,-0.041478373143963854,10.460000000000008,Natural Gas,NG=F,₹/kg,Energy
2014-07-18,3.9509999752044678,3.9760000705718994,3.934000015258789,3.9619998931884766,56031,60.59999847412109,240.1,240.95,238.4,239.43,0.007871695571645132,2.549999999999983,Natural Gas,NG=F,₹/kg,Energy
2014-07-21,3.8489999771118164,3.8929998874664307,3.8269999027252197,3.882999897003174,96107,60.27799987792969,234.06,234.66,230.68,232.01,-0.030990268554483613,3.9799999999999898,Natural Gas,NG=F,₹/kg,Energy
2014-07-22,3.7720000743865967,3.865999937057495,3.75600004196167,3.8529999256134033,86609,60.25,232.14,232.93,226.3,227.26,-0.020473255463126616,6.6299999999999955,Natural Gas,NG=F,₹/kg,Energy
2014-07-23,3.76200008392334,3.816999912261963,3.752000093460083,3.757999897003174,58117,60.09799957275391,225.85,229.39,225.49,226.09,-0.005148288304144932,3.8999999999999773,Natural Gas,NG=F,₹/kg,Energy
2014-07-24,3.8469998836517334,3.885999917984009,3.74399995803833,3.7669999599456787,91779,59.86000061035156,225.49,232.62,224.12,230.28,0.018532442832500218,8.5,Natural Gas,NG=F,₹/kg,Energy
2014-07-25,3.7809998989105225,3.861999988555908,3.7639999389648438,3.8420000076293945,34659,60.060001373291016,230.75,231.95,226.07,227.09,-0.013852701059579586,5.8799999999999955,Natural Gas,NG=F,₹/kg,Energy
2014-07-28,3.746999979019165,3.8499999046325684,3.7279999256134033,3.7360000610351562,52286,60.053001403808594,224.36,231.2,223.88,225.02,-0.009115328724294325,7.319999999999993,Natural Gas,NG=F,₹/kg,Energy
2014-07-29,3.808000087738037,3.8340001106262207,3.7239999771118164,3.736999988555908,95710,60.04999923706055,224.41,230.23,223.63,228.67,0.01622078037507757,6.599999999999994,Natural Gas,NG=F,₹/kg,Energy
2014-07-30,3.7860000133514404,3.8299999237060547,3.749000072479248,3.821000099182129,67337,60.040000915527344,229.41,229.95,225.09,227.31,-0.005947435168583537,4.859999999999985,Natural Gas,NG=F,₹/kg,Energy
2014-07-31,3.8410000801086426,3.890000104904175,3.759999990463257,3.7869999408721924,131859,60.25,228.17,234.37,226.54,231.42,0.01808103471030753,7.8300000000000125,Natural Gas,NG=F,₹/kg,Energy
2014-08-01,3.7980000972747803,3.877000093460083,3.7809998989105225,3.8289999961853027,89631,60.77000045776367,232.69,235.61,229.77,230.8,-0.002679111572033377,5.840000000000003,Natural Gas,NG=F,₹/kg,Energy
2014-08-04,3.8340001106262207,3.8529999256134033,3.760999917984009,3.7860000133514404,65390,61.20800018310547,231.73,235.83,230.2,234.67,0.016767764298093457,5.630000000000024,Natural Gas,NG=F,₹/kg,Energy
2014-08-05,3.8970000743865967,3.9149999618530273,3.8259999752044678,3.8410000801086426,81114,60.900001525878906,233.92,238.42,233.0,237.33,0.011335066263263416,5.4199999999999875,Natural Gas,NG=F,₹/kg,Energy
2014-08-06,3.933000087738037,3.950000047683716,3.875999927520752,3.8970000743865967,78028,60.84299850463867,237.11,240.33,235.83,239.3,0.008300678380314341,4.5,Natural Gas,NG=F,₹/kg,Energy
2014-08-07,3.875999927520752,3.9809999465942383,3.8580000400543213,3.946000099182129,155887,61.18999862670898,241.46,243.6,236.07,237.17,-0.008900961136648622,7.530000000000001,Natural Gas,NG=F,₹/kg,Energy
2014-08-08,3.9619998931884766,3.9749999046325684,3.871999979019165,3.877000093460083,117916,61.23799896240234,237.42,243.42,237.11,242.62,0.022979297550280497,6.309999999999974,Natural Gas,NG=F,₹/kg,Energy
2014-08-11,3.9649999141693115,4.01200008392334,3.921999931335449,3.98799991607666,116796,61.13800048828125,243.82,245.29,239.78,242.41,-0.0008655510675130706,5.509999999999991,Natural Gas,NG=F,₹/kg,Energy
2014-08-12,3.9739999771118164,4.019999980926514,3.9539999961853027,3.990999937057495,98800,61.119998931884766,243.93,245.7,241.67,242.89,0.0019801163318344805,4.030000000000001,Natural Gas,NG=F,₹/kg,Energy
2014-08-13,3.8310000896453857,3.9860000610351562,3.812000036239624,3.9790000915527344,153541,61.220001220703125,243.59,244.02,233.37,234.53,-0.03441887274074673,10.650000000000006,Natural Gas,NG=F,₹/kg,Energy
2014-08-14,3.9059998989105225,3.947000026702881,3.7990000247955322,3.812999963760376,150076,61.02000045776367,232.67,240.85,231.81,238.34,0.01624525647038766,9.039999999999992,Natural Gas,NG=F,₹/kg,Energy
2014-08-15,3.7760000228881836,3.9059998989105225,3.763000011444092,3.884999990463257,99794,60.63999938964844,235.59,236.86,228.19,228.98,-0.03927162876562895,8.670000000000016,Natural Gas,NG=F,₹/kg,Energy
2014-08-18,3.7920000553131104,3.825000047683716,3.7269999980926514,3.746000051498413,90653,60.77299880981445,227.66,232.46,226.5,230.45,0.006419774652808075,5.960000000000008,Natural Gas,NG=F,₹/kg,Energy
2014-08-19,3.877000093460083,3.9149999618530273,3.7799999713897705,3.7899999618530273,98686,60.81999969482422,230.51,238.11,229.9,235.8,0.023215448036450592,8.210000000000008,Natural Gas,NG=F,₹/kg,Energy
2014-08-20,3.822999954223633,3.888000011444092,3.7920000553131104,3.869999885559082,94972,60.7400016784668,235.06,236.16,230.33,232.21,-0.01522476675148432,5.829999999999984,Natural Gas,NG=F,₹/kg,Energy
2014-08-21,3.8889999389648438,3.9549999237060547,3.7860000133514404,3.8310000896453857,121317,60.608001708984375,232.19,239.7,229.46,235.7,0.015029499160242876,10.23999999999998,Natural Gas,NG=F,₹/kg,Energy
2014-08-22,3.8399999141693115,3.8929998874664307,3.828000068664551,3.880000114440918,54544,60.43999862670898,234.51,235.29,231.36,232.09,-0.015316079762409784,3.9299999999999784,Natural Gas,NG=F,₹/kg,Energy
2014-08-25,3.937000036239624,3.944000005722046,3.8429999351501465,3.86899995803833,51206,60.4630012512207,233.93,238.47,232.36,238.04,0.025636606488862013,6.109999999999985,Natural Gas,NG=F,₹/kg,Energy
2014-08-26,3.9110000133514404,3.9779999256134033,3.8989999294281006,3.936000108718872,41264,60.5099983215332,238.17,240.71,235.93,236.65,-0.005839354730297397,4.780000000000001,Natural Gas,NG=F,₹/kg,Energy
2014-08-27,3.9570000171661377,3.996000051498413,3.8970000743865967,3.934000015258789,138058,60.428001403808594,237.72,241.47,235.49,239.11,0.010395098246355428,5.97999999999999,Natural Gas,NG=F,₹/kg,Energy
2014-08-28,4.044000148773193,4.10099983215332,3.9730000495910645,4.008999824523926,130266,60.448001861572266,242.34,247.9,240.16,244.45,0.022332817531679927,7.740000000000009,Natural Gas,NG=F,₹/kg,Energy
2014-08-29,4.065000057220459,4.085000038146973,4.01200008392334,4.056000232696533,72912,60.61000061035156,245.83,247.59,243.17,246.38,0.00789527510738397,4.420000000000016,Natural Gas,NG=F,₹/kg,Energy
2014-09-02,3.890000104904175,4.078000068664551,3.884999990463257,4.047999858856201,143803,60.52299880981445,245.0,246.81,235.13,235.43,-0.04444354249533233,11.680000000000007,Natural Gas,NG=F,₹/kg,Energy
2014-09-03,3.8469998836517334,3.9170000553131104,3.8289999961853027,3.8910000324249268,109709,60.678001403808594,236.1,237.68,232.34,233.43,-0.008495094083166954,5.340000000000003,Natural Gas,NG=F,₹/kg,Energy
2014-09-04,3.819000005722046,3.878999948501587,3.7890000343322754,3.8529999256134033,125450,60.38999938964844,232.68,234.25,228.82,230.63,-0.011995030630167602,5.430000000000007,Natural Gas,NG=F,₹/kg,Energy
2014-09-05,3.7929999828338623,3.8480000495910645,3.7809998989105225,3.8380000591278076,72551,60.369998931884766,231.7,232.3,228.26,228.98,-0.0071543164375840185,4.0400000000000205,Natural Gas,NG=F,₹/kg,Energy
2014-09-08,3.875999927520752,3.8980000019073486,3.760999917984009,3.7829999923706055,104498,60.38800048828125,228.45,235.39,227.12,234.06,0.022185343698139626,8.269999999999982,Natural Gas,NG=F,₹/kg,Energy
2014-09-09,3.9839999675750732,4.015999794006348,3.8529999256134033,3.88700008392334,175063,60.380001068115234,234.7,242.49,232.64,240.55,0.027727933008630412,9.850000000000023,Natural Gas,NG=F,₹/kg,Energy
2014-09-10,3.9539999961853027,3.99399995803833,3.937000036239624,3.9779999256134033,77071,60.790000915527344,241.82,242.8,239.33,240.36,-0.0007898565786738088,3.469999999999999,Natural Gas,NG=F,₹/kg,Energy
2014-09-11,3.822999954223633,3.9630000591278076,3.809000015258789,3.9539999961853027,149892,60.79999923706055,240.4,240.95,231.59,232.44,-0.03295057413879188,9.359999999999985,Natural Gas,NG=F,₹/kg,Energy
2014-09-12,3.8570001125335693,3.8589999675750732,3.7860000133514404,3.8440001010894775,106439,60.810001373291016,233.75,234.67,230.23,234.54,0.009034589571502272,4.439999999999998,Natural Gas,NG=F,₹/kg,Energy
2014-09-15,3.930999994277954,3.9519999027252197,3.8389999866485596,3.8410000801086426,136717,60.64799880981445,232.95,239.68,232.83,238.41,0.016500383729854295,6.849999999999994,Natural Gas,NG=F,₹/kg,Energy
2014-09-16,3.994999885559082,3.993000030517578,3.9860000610351562,3.990999937057495,114574,60.970001220703125,243.33,243.45,243.03,243.58,0.021685331991107892,0.4199999999999875,Natural Gas,NG=F,₹/kg,Energy
2014-09-17,4.013000011444092,4.039999961853027,3.9600000381469727,3.990999937057495,105992,61.053001403808594,243.66,246.65,241.77,245.01,0.005870761146235193,4.8799999999999955,Natural Gas,NG=F,₹/kg,Energy
2014-09-18,3.9100000858306885,4.0269999504089355,3.8970000743865967,4.008999824523926,127102,60.90800094604492,244.18,245.28,237.36,238.15,-0.027998857189502457,7.9199999999999875,Natural Gas,NG=F,₹/kg,Energy
2014-09-19,3.8369998931884766,3.921999931335449,3.8340001106262207,3.9079999923706055,84728,60.68999862670898,237.18,238.03,232.69,232.87,-0.022170900692840667,5.340000000000003,Natural Gas,NG=F,₹/kg,Energy
2014-09-22,3.8499999046325684,3.878000020980835,3.803999900817871,3.8399999141693115,89385,60.85300064086914,233.68,235.99,231.48,234.28,0.006054880405376384,4.510000000000019,Natural Gas,NG=F,₹/kg,Energy
2014-09-23,3.815999984741211,3.9030001163482666,3.812999963760376,3.8519999980926514,76262,61.0,234.97,238.08,232.59,232.78,-0.006402595185248439,5.490000000000009,Natural Gas,NG=F,₹/kg,Energy
2014-09-24,3.9110000133514404,3.921999931335449,3.7960000038146973,3.8329999446868896,52705,60.97999954223633,233.74,239.16,231.48,238.49,0.02452959876278027,7.680000000000007,Natural Gas,NG=F,₹/kg,Energy
2014-09-25,3.9709999561309814,3.9739999771118164,3.822999954223633,3.8949999809265137,80683,60.810001373291016,236.85,241.66,232.48,241.48,0.01253721330034785,9.180000000000007,Natural Gas,NG=F,₹/kg,Energy
2014-09-26,3.9839999675750732,3.996000051498413,3.9189999103546143,3.9630000591278076,100546,61.4900016784668,243.68,245.71,240.98,244.98,0.014493953950637684,4.730000000000018,Natural Gas,NG=F,₹/kg,Energy
2014-09-29,4.1539998054504395,4.1620001792907715,4.011000156402588,4.0320000648498535,129263,61.13800048828125,246.51,254.46,245.22,253.97,0.03669687321413995,9.240000000000009,Natural Gas,NG=F,₹/kg,Energy
2014-09-30,4.120999813079834,4.177999973297119,4.0980000495910645,4.133999824523926,125731,61.553001403808594,254.46,257.17,252.24,253.66,-0.0012206166082607828,4.930000000000007,Natural Gas,NG=F,₹/kg,Energy
2014-10-01,4.0229997634887695,4.184000015258789,4.017000198364258,4.130000114440918,112367,61.81999969482422,255.32,258.65,248.33,248.7,-0.019553733343846136,10.319999999999965,Natural Gas,NG=F,₹/kg,Energy
2014-10-02,3.931999921798706,4.059000015258789,3.9079999923706055,4.0320000648498535,140322,61.7130012512207,248.83,250.49,241.17,242.66,-0.024286288701246495,9.320000000000022,Natural Gas,NG=F,₹/kg,Energy
2014-10-03,4.039000034332275,4.046999931335449,3.944999933242798,3.9600000381469727,96958,61.43999862670898,243.3,248.65,242.38,248.16,0.022665457842248493,6.27000000000001,Natural Gas,NG=F,₹/kg,Energy
2014-10-06,3.8980000019073486,4.0,3.88700008392334,4.0,103475,61.53799819946289,246.15,246.15,239.2,239.88,-0.033365570599613203,6.950000000000017,Natural Gas,NG=F,₹/kg,Energy
2014-10-07,3.9570000171661377,3.9679999351501465,3.865999937057495,3.9140000343322754,141149,61.209999084472656,239.58,242.88,236.64,242.21,0.009713189928297616,6.240000000000009,Natural Gas,NG=F,₹/kg,Energy
2014-10-08,3.8550000190734863,3.947000026702881,3.8369998931884766,3.938999891281128,142581,61.27000045776367,241.34,241.83,235.09,236.2,-0.02481317864662902,6.740000000000009,Natural Gas,NG=F,₹/kg,Energy
2014-10-09,3.8450000286102295,3.940999984741211,3.815000057220459,3.8610000610351562,170171,60.880001068115234,235.06,239.93,232.26,234.08,-0.008975444538526611,7.670000000000016,Natural Gas,NG=F,₹/kg,Energy
2014-10-10,3.8589999675750732,3.888000011444092,3.8329999446868896,3.8570001125335693,87703,61.02000045776367,235.35,237.25,233.89,235.48,0.005980861244019087,3.3600000000000136,Natural Gas,NG=F,₹/kg,Energy
2014-10-13,3.9159998893737793,3.927000045776367,3.819999933242798,3.8359999656677246,113231,61.27799987792969,235.06,240.64,234.08,239.96,0.019024970273483932,6.559999999999974,Natural Gas,NG=F,₹/kg,Energy
2014-10-14,3.815999984741211,3.9549999237060547,3.805999994277954,3.921999931335449,123217,61.00299835205078,239.25,241.27,232.18,232.79,-0.02987997999666614,9.090000000000003,Natural Gas,NG=F,₹/kg,Energy
2014-10-15,3.799999952316284,3.8570001125335693,3.7639999389648438,3.8359999656677246,101222,61.39300155639648,235.5,236.79,231.08,233.29,0.0021478585849907805,5.7099999999999795,Natural Gas,NG=F,₹/kg,Energy
2014-10-16,3.7960000038146973,3.8340001106262207,3.74399995803833,3.811000108718872,106136,61.37300109863281,233.89,235.3,229.78,232.97,-0.0013716833126151684,5.52000000000001,Natural Gas,NG=F,₹/kg,Energy
2014-10-17,3.7660000324249268,3.816999912261963,3.7149999141693115,3.816999912261963,89232,61.72299957275391,235.6,235.6,229.3,232.45,-0.002232047044683938,6.299999999999983,Natural Gas,NG=F,₹/kg,Energy
2014-10-20,3.6700000762939453,3.744999885559082,3.6619999408721924,3.7209999561309814,87717,61.358001708984375,228.31,229.79,224.69,225.18,-0.031275543127554206,5.099999999999994,Natural Gas,NG=F,₹/kg,Energy
2014-10-21,3.7109999656677246,3.7160000801086426,3.63100004196167,3.6519999504089355,95999,61.22800064086914,223.6,227.52,222.32,227.22,0.009059419131361546,5.200000000000017,Natural Gas,NG=F,₹/kg,Energy
2014-10-22,3.6589999198913574,3.7179999351501465,3.6510000228881836,3.700000047683716,79901,61.14300155639648,226.23,227.33,223.23,223.72,-0.015403573629081957,4.100000000000023,Natural Gas,NG=F,₹/kg,Energy
2014-10-23,3.621999979019165,3.683000087738037,3.5899999141693115,3.6619999408721924,135300,61.09999847412109,223.75,225.03,219.35,221.3,-0.010817092794564553,5.680000000000007,Natural Gas,NG=F,₹/kg,Energy
2014-10-24,3.622999906539917,3.6540000438690186,3.558000087738037,3.6530001163482666,79064,61.130001068115234,223.31,223.37,217.5,221.47,0.0007681879801173519,5.8700000000000045,Natural Gas,NG=F,₹/kg,Energy
2014-10-27,3.561000108718872,3.6440000534057617,3.546999931335449,3.619999885559082,50690,61.16299819946289,221.41,222.88,216.95,217.8,-0.016571093150313798,5.930000000000007,Natural Gas,NG=F,₹/kg,Energy
2014-10-28,3.6489999294281006,3.677000045776367,3.5409998893737793,3.572000026702881,59567,61.29800033569336,218.96,225.39,217.06,223.68,0.026997245179063434,8.329999999999984,Natural Gas,NG=F,₹/kg,Energy
2014-10-29,3.7279999256134033,3.765000104904175,3.615999937057495,3.6579999923706055,153879,61.180999755859375,223.8,230.35,221.23,228.08,0.019670958512160164,9.120000000000005,Natural Gas,NG=F,₹/kg,Energy
2014-10-30,3.8269999027252197,3.872999906539917,3.7679998874664307,3.7929999828338623,101279,61.28300094604492,232.45,237.35,230.91,234.53,0.02827955103472468,6.439999999999998,Natural Gas,NG=F,₹/kg,Energy
2014-10-31,3.872999906539917,3.9549999237060547,3.8350000381469727,3.8580000400543213,153514,61.43299865722656,237.01,242.97,235.6,237.93,0.014497079264912838,7.3700000000000045,Natural Gas,NG=F,₹/kg,Energy
2014-11-03,4.046000003814697,4.065000057220459,3.989000082015991,4.006999969482422,155259,61.39799880981445,246.02,249.58,244.92,248.42,0.04408859748665561,4.660000000000025,Natural Gas,NG=F,₹/kg,Energy
2014-11-04,4.129000186920166,4.178999900817871,4.0289998054504395,4.040999889373779,188235,61.41299819946289,248.17,256.64,247.43,253.57,0.020731020046695248,9.20999999999998,Natural Gas,NG=F,₹/kg,Energy
2014-11-05,4.193999767303467,4.315000057220459,4.131999969482422,4.144000053405762,178922,61.28799819946289,253.98,264.46,253.24,257.04,0.013684584138502265,11.21999999999997,Natural Gas,NG=F,₹/kg,Energy
2014-11-06,4.4039998054504395,4.456999778747559,4.111000061035156,4.209000110626221,252182,61.369998931884766,258.31,273.53,252.29,270.27,0.051470588235293935,21.23999999999998,Natural Gas,NG=F,₹/kg,Energy
2014-11-07,4.4120001792907715,4.49399995803833,4.2820000648498535,4.428999900817871,219407,61.49300003051758,272.35,276.35,263.31,271.31,0.003848003848003989,13.04000000000002,Natural Gas,NG=F,₹/kg,Energy
2014-11-10,4.255000114440918,4.544000148773193,4.245999813079834,4.508999824523926,176117,61.51300048828125,277.36,279.52,261.18,261.74,-0.035273303601046746,18.339999999999975,Natural Gas,NG=F,₹/kg,Energy
2014-11-11,4.247000217437744,4.310999870300293,4.120999813079834,4.265999794006348,173542,61.52999877929688,262.49,265.26,253.57,261.32,-0.0016046458317414691,11.689999999999998,Natural Gas,NG=F,₹/kg,Energy
2014-11-12,4.184999942779541,4.2270002365112305,4.14300012588501,4.2179999351501465,140519,61.4900016784668,259.36,259.92,254.75,257.34,-0.015230368896372304,5.170000000000016,Natural Gas,NG=F,₹/kg,Energy
2014-11-13,3.9769999980926514,4.175000190734863,3.9619998931884766,4.15500020980835,169767,61.36800003051758,254.98,256.21,243.14,244.06,-0.05160488070257241,13.069999999999993,Natural Gas,NG=F,₹/kg,Energy
2014-11-14,4.019999980926514,4.073999881744385,3.930999994277954,3.9779999256134033,153085,61.59299850463867,245.02,250.93,242.12,247.6,0.014504630009014141,8.810000000000002,Natural Gas,NG=F,₹/kg,Energy
2014-11-17,4.341000080108643,4.3470001220703125,4.11299991607666,4.1479997634887695,164394,61.70800018310547,255.96,268.24,253.8,267.87,0.08186591276252031,14.439999999999998,Natural Gas,NG=F,₹/kg,Energy
2014-11-18,4.24399995803833,4.335999965667725,4.14900016784668,4.302999973297119,211096,61.823001861572266,266.02,268.06,256.5,262.38,-0.020495016239220565,11.560000000000002,Natural Gas,NG=F,₹/kg,Energy
2014-11-19,4.370999813079834,4.507999897003174,4.193999767303467,4.265999794006348,190234,61.71799850463867,263.29,278.22,258.85,269.77,0.02816525649820867,19.370000000000005,Natural Gas,NG=F,₹/kg,Energy
2014-11-20,4.488999843597412,4.502999782562256,4.25,4.4079999923706055,220237,61.9379997253418,273.02,278.91,263.24,278.04,0.030655743781740075,15.670000000000016,Natural Gas,NG=F,₹/kg,Energy
2014-11-21,4.265999794006348,4.5320000648498535,4.232999801635742,4.460000038146973,98332,61.92300033569336,276.18,280.64,262.12,264.16,-0.04992087469428852,18.519999999999982,Natural Gas,NG=F,₹/kg,Energy
2014-11-24,4.151000022888184,4.1579999923706055,4.00600004196167,4.046999931335449,77915,61.7599983215332,249.94,256.8,247.41,256.37,-0.029489703210175744,9.390000000000015,Natural Gas,NG=F,₹/kg,Energy
2014-11-25,4.2820000648498535,4.318999767303467,4.0980000495910645,4.1539998054504395,124330,61.85300064086914,256.94,267.14,253.47,264.85,0.03307719311931989,13.669999999999987,Natural Gas,NG=F,₹/kg,Energy
2014-11-26,4.355000019073486,4.5289998054504395,4.329999923706055,4.438000202178955,131620,61.84000015258789,274.45,280.07,267.77,269.31,0.016839720596564023,12.300000000000011,Natural Gas,NG=F,₹/kg,Energy
2014-11-28,4.0879998207092285,4.367000102996826,4.074999809265137,4.341000080108643,94586,61.85300064086914,268.5,270.11,252.05,252.86,-0.061082024432809745,18.060000000000002,Natural Gas,NG=F,₹/kg,Energy
2014-12-01,4.006999969482422,4.040999889373779,3.927999973297119,3.9749999046325684,181558,62.20299911499024,247.26,251.36,244.33,249.25,-0.014276674839832415,7.030000000000001,Natural Gas,NG=F,₹/kg,Energy
2014-12-02,3.874000072479248,4.026000022888184,3.8559999465942383,4.0229997634887695,144382,61.948001861572266,249.22,249.4,238.87,239.99,-0.0371514543630892,10.530000000000001,Natural Gas,NG=F,₹/kg,Energy
2014-12-03,3.805000066757202,3.865999937057495,3.756999969482422,3.86299991607666,131446,61.78799819946289,238.69,238.87,232.14,235.1,-0.020375848993708146,6.730000000000018,Natural Gas,NG=F,₹/kg,Energy
2014-12-04,3.6489999294281006,3.808000087738037,3.638000011444092,3.7869999408721924,143648,61.85599899291992,234.25,235.55,225.03,225.71,-0.03994045087196929,10.52000000000001,Natural Gas,NG=F,₹/kg,Energy
2014-12-05,3.802000045776367,3.8239998817443848,3.6640000343322754,3.6760001182556152,162625,61.78300094604492,227.11,236.26,226.37,234.9,0.04071596296132207,9.889999999999986,Natural Gas,NG=F,₹/kg,Energy
2014-12-08,3.5950000286102295,3.7850000858306885,3.5850000381469727,3.7769999504089355,159077,61.9109992980957,233.84,234.33,221.95,222.57,-0.05249042145593874,12.380000000000024,Natural Gas,NG=F,₹/kg,Energy
2014-12-09,3.6519999504089355,3.7090001106262207,3.6080000400543213,3.619999885559082,146871,61.81800079345703,223.78,229.28,223.04,225.76,0.014332569528687555,6.240000000000009,Natural Gas,NG=F,₹/kg,Energy
2014-12-10,3.7060000896453857,3.743000030517578,3.6059999465942383,3.6500000953674316,141138,61.87300109863281,225.84,231.59,223.11,229.3,0.015680368532955402,8.47999999999999,Natural Gas,NG=F,₹/kg,Energy
2014-12-11,3.634000062942505,3.7780001163482666,3.614000082015991,3.7160000801086426,168062,62.00299835205078,230.4,234.25,224.08,225.32,-0.017357174007850085,10.169999999999987,Natural Gas,NG=F,₹/kg,Energy
2014-12-12,3.7950000762939453,3.8259999752044678,3.6440000534057617,3.6480000019073486,124556,62.47299957275391,227.9,239.02,227.65,237.09,0.05223681874667152,11.370000000000005,Natural Gas,NG=F,₹/kg,Energy
2014-12-15,3.7190001010894775,3.936000108718872,3.6989998817443848,3.930000066757202,134649,62.51800155639648,245.7,246.07,231.25,232.5,-0.01935973680880676,14.819999999999993,Natural Gas,NG=F,₹/kg,Energy
2014-12-16,3.61899995803833,3.7890000343322754,3.6050000190734863,3.7360000610351562,108394,63.167999267578125,236.0,239.34,227.72,228.6,-0.016774193548387162,11.620000000000005,Natural Gas,NG=F,₹/kg,Energy
2014-12-17,3.7019999027252197,3.7239999771118164,3.614000082015991,3.621000051498413,89058,63.65299987792969,230.49,237.04,230.04,235.64,0.030796150481189777,7.0,Natural Gas,NG=F,₹/kg,Energy
2014-12-18,3.6419999599456787,3.805000066757202,3.635999917984009,3.7009999752044678,132937,63.51800155639648,235.08,241.69,230.95,231.33,-0.01829061279918509,10.740000000000009,Natural Gas,NG=F,₹/kg,Energy
2014-12-19,3.4639999866485596,3.677000045776367,3.444000005722046,3.6610000133514404,120014,62.983001708984375,230.58,231.59,216.91,218.17,-0.05688842778714398,14.680000000000007,Natural Gas,NG=F,₹/kg,Energy
2014-12-22,3.1440000534057617,3.3510000705718994,3.119999885559082,3.3499999046325684,154679,63.2400016784668,211.85,211.92,197.31,198.83,-0.08864646835036882,14.609999999999985,Natural Gas,NG=F,₹/kg,Energy
2014-12-23,3.1710000038146973,3.2339999675750732,3.0980000495910645,3.1710000038146973,90095,63.22299957275391,200.48,204.46,195.86,200.48,0.008298546497007342,8.599999999999994,Natural Gas,NG=F,₹/kg,Energy
2014-12-24,3.0299999713897705,3.190000057220459,3.0,3.1700000762939453,50879,63.43299865722656,201.08,202.35,190.3,192.2,-0.0413008778930567,12.049999999999983,Natural Gas,NG=F,₹/kg,Energy
2014-12-26,3.006999969482422,3.0980000495910645,2.9730000495910645,3.066999912261963,37868,63.51300048828125,194.79,196.76,188.82,190.98,-0.006347554630593111,7.939999999999998,Natural Gas,NG=F,₹/kg,Energy
2014-12-29,3.188999891281128,3.2070000171661377,3.0190000534057617,3.052999973297119,91115,63.59000015258789,194.14,203.93,191.98,202.79,0.061838936014242396,11.950000000000017,Natural Gas,NG=F,₹/kg,Energy
2014-12-30,3.0940001010894775,3.177999973297119,3.0789999961853027,3.1679999828338623,69718,63.66299819946289,201.68,202.32,196.02,196.97,-0.028699640021697337,6.299999999999983,Natural Gas,NG=F,₹/kg,Energy
2014-12-31,2.8889999389648438,3.130000114440918,2.881999969482422,3.0950000286102295,115576,63.37799835205078,196.15,198.37,182.66,183.1,-0.07041681474336192,15.710000000000008,Natural Gas,NG=F,₹/kg,Energy
2015-01-02,3.003000020980835,3.0959999561309814,2.805000066757202,2.8450000286102295,109122,63.02799987792969,179.31,195.13,176.79,189.27,0.033697433096668616,18.340000000000003,Natural Gas,NG=F,₹/kg,Energy
2015-01-05,2.881999969482422,3.1760001182556152,2.875,3.0759999752044678,141783,63.27799987792969,194.64,200.97,181.92,182.37,-0.03645585671263274,19.05000000000001,Natural Gas,NG=F,₹/kg,Energy
2015-01-06,2.937999963760376,2.9549999237060547,2.811000108718872,2.9210000038146973,111338,63.3380012512207,185.01,187.16,178.04,186.09,0.020398091791413053,9.120000000000005,Natural Gas,NG=F,₹/kg,Energy
2015-01-07,2.871000051498413,3.01200008392334,2.825000047683716,2.9489998817443848,134826,63.56800079345703,187.46,191.47,179.58,182.5,-0.019291740555645087,11.889999999999986,Natural Gas,NG=F,₹/kg,Energy
2015-01-08,2.927000045776367,2.9679999351501465,2.815999984741211,2.877000093460083,147797,63.27299880981445,182.04,187.79,178.18,185.2,0.014794520547945167,9.609999999999985,Natural Gas,NG=F,₹/kg,Energy
2015-01-09,2.946000099182129,2.990000009536743,2.888000011444092,2.9590001106262207,107333,62.667999267578125,185.43,187.38,180.99,184.62,-0.0031317494600431317,6.389999999999986,Natural Gas,NG=F,₹/kg,Energy
2015-01-12,2.7950000762939453,2.934000015258789,2.7829999923706055,2.9170000553131104,130404,62.34799957275391,181.87,182.93,173.51,174.26,-0.056115263785072145,9.420000000000016,Natural Gas,NG=F,₹/kg,Energy
2015-01-13,2.943000078201294,2.9709999561309814,2.7950000762939453,2.815000057220459,137906,62.06800079345703,174.72,184.4,173.48,182.67,0.04826121886835755,10.920000000000016,Natural Gas,NG=F,₹/kg,Energy
2015-01-14,3.2330000400543213,3.3369998931884766,2.931999921798706,2.9539999961853027,233230,61.97299957275391,183.07,206.8,181.7,200.36,0.09684129851645062,25.100000000000023,Natural Gas,NG=F,₹/kg,Energy
2015-01-15,3.1579999923706055,3.3519999980926514,3.056999921798706,3.3010001182556152,219151,62.0880012512207,204.95,208.12,189.8,196.07,-0.021411459373128494,18.319999999999993,Natural Gas,NG=F,₹/kg,Energy
2015-01-16,3.127000093460083,3.2279999256134033,3.0239999294281006,3.190999984741211,152323,62.05799865722656,198.03,200.32,187.66,194.06,-0.010251440811954837,12.659999999999997,Natural Gas,NG=F,₹/kg,Energy
2015-01-20,2.8310000896453857,3.0450000762939453,2.821000099182129,3.0450000762939453,169833,61.63800048828125,187.69,187.69,173.88,174.5,-0.1007935689992786,13.810000000000002,Natural Gas,NG=F,₹/kg,Energy
2015-01-21,2.9739999771118164,3.015000104904175,2.867000102996826,2.8919999599456787,163866,61.64799880981445,178.29,185.87,176.74,183.34,0.05065902578796555,9.129999999999995,Natural Gas,NG=F,₹/kg,Energy
2015-01-22,2.8350000381469727,3.0480000972747803,2.7660000324249268,3.0,169450,61.553001403808594,184.66,187.61,170.26,174.5,-0.04821642849350938,17.350000000000023,Natural Gas,NG=F,₹/kg,Energy
2015-01-23,2.9860000610351562,2.99399995803833,2.8550000190734863,2.8580000400543213,99068,61.59799957275391,176.05,184.42,175.86,183.93,0.05404011461318059,8.559999999999974,Natural Gas,NG=F,₹/kg,Energy
2015-01-26,2.88100004196167,2.9549999237060547,2.8410000801086426,2.8970000743865967,62580,61.43299865722656,177.97,181.53,174.53,176.99,-0.037731745772848324,7.0,Natural Gas,NG=F,₹/kg,Energy
2015-01-27,2.9809999465942383,3.005000114440918,2.888000011444092,2.8949999809265137,55623,61.47299957275391,177.96,184.73,177.53,183.25,0.03536922989999436,7.199999999999989,Natural Gas,NG=F,₹/kg,Energy
2015-01-28,2.865999937057495,2.930000066757202,2.828000068664551,2.9170000553131104,127186,61.40299987792969,179.11,179.91,173.65,175.98,-0.0396725784447477,6.259999999999991,Natural Gas,NG=F,₹/kg,Energy
2015-01-29,2.7190001010894775,2.9240000247955322,2.671999931335449,2.8519999980926514,171781,61.35100173950195,174.97,179.39,163.93,166.81,-0.0521081941129673,15.45999999999998,Natural Gas,NG=F,₹/kg,Energy
2015-01-30,2.690999984741211,2.7330000400543213,2.63700008392334,2.7320001125335693,110320,61.79600143432617,168.83,168.89,162.96,166.29,-0.0031173191055692273,5.929999999999978,Natural Gas,NG=F,₹/kg,Energy
2015-02-02,2.680000066757202,2.7070000171661377,2.6080000400543213,2.6640000343322754,101830,62.01300048828125,165.2,167.87,161.73,166.19,-0.000601359071501606,6.140000000000015,Natural Gas,NG=F,₹/kg,Energy
2015-02-03,2.753999948501587,2.7829999923706055,2.6500000953674316,2.691999912261963,122976,61.72800064086914,166.17,171.79,163.58,170.0,0.022925567121968804,8.20999999999998,Natural Gas,NG=F,₹/kg,Energy
2015-02-04,2.6619999408721924,2.7790000438690186,2.6489999294281006,2.7660000324249268,109556,61.61399841308594,170.42,171.23,163.22,164.02,-0.035176470588235254,8.009999999999991,Natural Gas,NG=F,₹/kg,Energy
2015-02-05,2.5999999046325684,2.697999954223633,2.578000068664551,2.6610000133514404,131277,61.86000061035156,164.61,166.9,159.48,160.84,-0.01938787952688703,7.420000000000016,Natural Gas,NG=F,₹/kg,Energy
2015-02-06,2.5789999961853027,2.631999969482422,2.566999912261963,2.5940001010894775,132146,61.733001708984375,160.14,162.48,158.47,159.21,-0.01013429495150453,4.009999999999991,Natural Gas,NG=F,₹/kg,Energy
2015-02-09,2.5969998836517334,2.687999963760376,2.571000099182129,2.6589999198913574,151193,61.9630012512207,164.76,166.56,159.31,160.92,0.01074053137365727,7.25,Natural Gas,NG=F,₹/kg,Energy
2015-02-10,2.677000045776367,2.746000051498413,2.6089999675750732,2.619999885559082,185719,62.130001068115234,162.78,170.61,162.1,166.32,0.033557046979865834,8.51000000000002,Natural Gas,NG=F,₹/kg,Energy
2015-02-11,2.796999931335449,2.8570001125335693,2.684999942779541,2.693000078201294,211496,62.34199905395508,167.89,178.11,167.39,174.37,0.048400673400673444,10.720000000000027,Natural Gas,NG=F,₹/kg,Energy
2015-02-12,2.7130000591278076,2.882999897003174,2.678999900817871,2.8350000381469727,228321,62.38199996948242,176.85,179.85,167.12,169.24,-0.029420198428628752,12.72999999999999,Natural Gas,NG=F,₹/kg,Energy
2015-02-13,2.803999900817871,2.811000108718872,2.6559998989105225,2.7149999141693115,141007,62.16999816894531,168.79,174.76,165.12,174.32,0.03001654455211522,9.639999999999986,Natural Gas,NG=F,₹/kg,Energy
2015-02-17,2.759000062942505,2.8959999084472656,2.697000026702881,2.818000078201294,169186,62.18600082397461,175.24,180.09,167.72,171.57,-0.015775585130793912,12.370000000000005,Natural Gas,NG=F,₹/kg,Energy
2015-02-18,2.8310000896453857,2.8410000801086426,2.7320001125335693,2.7799999713897705,118991,62.11199951171875,172.67,176.46,169.69,175.84,0.024887800897592793,6.77000000000001,Natural Gas,NG=F,₹/kg,Energy
2015-02-19,2.8340001106262207,2.884999990463257,2.7720000743865967,2.825000047683716,146522,62.07400131225586,175.36,179.08,172.07,175.92,0.00045495905368508893,7.010000000000019,Natural Gas,NG=F,₹/kg,Energy
2015-02-20,2.9509999752044678,2.9839999675750732,2.8010001182556152,2.815000057220459,121855,62.165000915527344,174.99,185.5,174.12,183.45,0.042803547066848635,11.379999999999995,Natural Gas,NG=F,₹/kg,Energy
2015-02-23,2.878999948501587,3.0390000343322754,2.8450000286102295,2.9630000591278076,64988,62.10100173950195,184.01,188.72,176.68,178.79,-0.02540201689833743,12.039999999999992,Natural Gas,NG=F,₹/kg,Energy
2015-02-24,2.9019999504089355,2.9719998836517334,2.8269999027252197,2.86899995803833,79658,62.17100143432617,178.37,184.77,175.76,180.42,0.009116840986632235,9.01000000000002,Natural Gas,NG=F,₹/kg,Energy
2015-02-25,2.8940000534057617,2.9660000801086426,2.8519999980926514,2.921999931335449,123448,62.233001708984375,181.84,184.58,177.49,180.1,-0.0017736392861101846,7.090000000000003,Natural Gas,NG=F,₹/kg,Energy
2015-02-26,2.697000026702881,2.888000011444092,2.688999891281128,2.875,161322,61.87699890136719,177.9,178.7,166.39,166.88,-0.07340366463076065,12.310000000000002,Natural Gas,NG=F,₹/kg,Energy
2015-02-27,2.7339999675750732,2.744999885559082,2.684000015258789,2.7070000171661377,98789,61.75400161743164,167.17,169.51,165.75,168.84,0.011744966442952975,3.759999999999991,Natural Gas,NG=F,₹/kg,Energy
2015-03-02,2.697999954223633,2.753000020980835,2.6500000953674316,2.690999984741211,93378,61.6510009765625,165.9,169.73,163.38,166.33,-0.01486614546316034,6.349999999999994,Natural Gas,NG=F,₹/kg,Energy
2015-03-03,2.7119998931884766,2.7339999675750732,2.6410000324249268,2.6579999923706055,90003,61.9010009765625,164.53,169.24,163.48,167.88,0.009318824024529437,5.760000000000019,Natural Gas,NG=F,₹/kg,Energy
2015-03-04,2.7690000534057617,2.7829999923706055,2.7119998931884766,2.7130000591278076,100323,61.8129997253418,167.7,172.03,167.64,171.16,0.01953776507028837,4.390000000000015,Natural Gas,NG=F,₹/kg,Energy
2015-03-05,2.8410000801086426,2.864000082015991,2.743000030517578,2.7769999504089355,158565,62.30500030517578,173.02,178.44,170.9,177.01,0.03417854638934337,7.539999999999992,Natural Gas,NG=F,₹/kg,Energy
2015-03-06,2.8389999866485596,2.869999885559082,2.7829999923706055,2.828000068664551,118189,62.44300079345703,176.59,179.21,173.78,177.28,0.0015253375515507095,5.430000000000007,Natural Gas,NG=F,₹/kg,Energy
2015-03-09,2.677999973297119,2.7780001163482666,2.6679999828338623,2.7750000953674316,160371,62.45299911499024,173.31,173.49,166.62,167.25,-0.056577166064981976,6.8700000000000045,Natural Gas,NG=F,₹/kg,Energy
2015-03-10,2.7320001125335693,2.740999937057495,2.683000087738037,2.693000078201294,87604,62.67300033569336,168.78,171.79,168.15,171.22,0.023736920777279513,3.6399999999999864,Natural Gas,NG=F,₹/kg,Energy
2015-03-11,2.8239998817443848,2.8480000495910645,2.6619999408721924,2.7160000801086426,149112,62.7130012512207,170.33,178.61,166.94,177.1,0.03434178250204423,11.670000000000016,Natural Gas,NG=F,₹/kg,Energy
2015-03-12,2.7339999675750732,2.864000082015991,2.7249999046325684,2.828000068664551,155481,62.755001068115234,177.47,179.73,171.01,171.57,-0.03122529644268779,8.719999999999999,Natural Gas,NG=F,₹/kg,Energy
2015-03-13,2.7269999980926514,2.759000062942505,2.6740000247955322,2.749000072479248,95866,62.53499984741211,171.91,172.53,167.22,170.53,-0.006061665792387871,5.310000000000002,Natural Gas,NG=F,₹/kg,Energy
2015-03-16,2.7160000801086426,2.747999906539917,2.680000066757202,2.7049999237060547,82668,63.07600021362305,170.62,173.33,169.04,171.31,0.004573975253621132,4.2900000000000205,Natural Gas,NG=F,₹/kg,Energy
2015-03-17,2.8550000190734863,2.8580000400543213,2.740000009536743,2.742000102996826,159236,62.78900146484375,172.17,179.45,172.04,179.26,0.04640709824295142,7.409999999999997,Natural Gas,NG=F,₹/kg,Energy
2015-03-18,2.9200000762939453,2.934999942779541,2.7750000953674316,2.8540000915527344,153505,62.61600112915039,178.71,183.78,173.76,182.84,0.01997099185540563,10.02000000000001,Natural Gas,NG=F,₹/kg,Energy
2015-03-19,2.812999963760376,2.927999973297119,2.7760000228881836,2.9089999198913574,141093,62.69300079345703,182.37,183.57,174.04,176.36,-0.03544082257711656,9.530000000000001,Natural Gas,NG=F,₹/kg,Energy
2015-03-20,2.7860000133514404,2.9189999103546143,2.76200008392334,2.8310000896453857,145544,62.483001708984375,176.89,182.39,172.58,174.08,-0.012928101610342524,9.809999999999974,Natural Gas,NG=F,₹/kg,Energy
2015-03-23,2.7330000400543213,2.75600004196167,2.690999984741211,2.740999937057495,111016,62.40299987792969,171.05,171.98,167.93,170.55,-0.02027803308823528,4.049999999999983,Natural Gas,NG=F,₹/kg,Energy
2015-03-24,2.7860000133514404,2.809999942779541,2.734999895095825,2.750999927520752,87787,62.22299957275391,171.18,174.85,170.18,173.35,0.01641747288185269,4.6699999999999875,Natural Gas,NG=F,₹/kg,Energy
2015-03-25,2.7230000495910645,2.7929999828338623,2.7119998931884766,2.7839999198913574,54868,62.27799987792969,173.38,173.94,168.9,169.58,-0.02174790885491773,5.039999999999992,Natural Gas,NG=F,₹/kg,Energy
2015-03-26,2.671999931335449,2.75600004196167,2.6489999294281006,2.7330000400543213,49630,62.46200180053711,170.71,172.15,165.46,166.9,-0.015803750442269227,6.689999999999998,Natural Gas,NG=F,₹/kg,Energy
2015-03-27,2.5899999141693115,2.674999952316284,2.578000068664551,2.6659998893737793,101418,62.82899856567383,167.5,168.07,161.97,162.73,-0.024985020970641147,6.099999999999994,Natural Gas,NG=F,₹/kg,Energy
2015-03-30,2.6440000534057617,2.6730000972747803,2.6080000400543213,2.624000072479248,77701,62.51499938964844,164.04,167.1,163.04,165.29,0.015731579917654948,4.060000000000002,Natural Gas,NG=F,₹/kg,Energy
2015-03-31,2.640000104904175,2.686000108718872,2.621999979019165,2.640000104904175,76705,62.50899887084961,165.02,167.9,163.9,165.02,-0.0016334926492829194,4.0,Natural Gas,NG=F,₹/kg,Energy
2015-04-01,2.6050000190734863,2.6700000762939453,2.5829999446868896,2.63700008392334,99015,62.305999755859375,164.3,166.36,160.94,162.31,-0.01642225184826085,5.420000000000016,Natural Gas,NG=F,₹/kg,Energy
2015-04-02,2.7130000591278076,2.7190001010894775,2.5910000801086426,2.6010000705718994,138646,62.16899871826172,161.7,169.04,161.08,168.66,0.03912266650237206,7.9599999999999795,Natural Gas,NG=F,₹/kg,Energy
2015-04-06,2.6500000953674316,2.697999954223633,2.632999897003174,2.680999994277954,70629,62.060001373291016,166.38,167.44,163.4,164.46,-0.02490217004624684,4.039999999999992,Natural Gas,NG=F,₹/kg,Energy
2015-04-07,2.680000066757202,2.7090001106262207,2.6470000743865967,2.6549999713897705,105704,62.060001373291016,164.77,168.12,164.27,166.32,0.011309740970448567,3.8499999999999943,Natural Gas,NG=F,₹/kg,Energy
2015-04-08,2.61899995803833,2.6689999103546143,2.6110000610351562,2.6659998893737793,131934,62.30899810791016,166.12,166.3,162.69,163.19,-0.018819143819143846,3.6100000000000136,Natural Gas,NG=F,₹/kg,Energy
2015-04-09,2.5280001163482666,2.6459999084472656,2.5220000743865967,2.624000072479248,171401,62.18199920654297,163.17,164.53,156.82,157.2,-0.03670568049512846,7.710000000000008,Natural Gas,NG=F,₹/kg,Energy
2015-04-10,2.510999917984009,2.5510001182556152,2.503999948501587,2.5390000343322754,120054,62.31399917602539,158.22,158.96,156.03,156.47,-0.004643765903307839,2.930000000000007,Natural Gas,NG=F,₹/kg,Energy
2015-04-13,2.510999917984009,2.5429999828338623,2.4749999046325684,2.486999988555908,150880,62.26900100708008,154.86,158.35,154.12,156.36,-0.0007030101616922746,4.22999999999999,Natural Gas,NG=F,₹/kg,Energy
2015-04-14,2.5299999713897705,2.552000045776367,2.502000093460083,2.506999969482422,145591,62.39099884033203,156.41,159.22,156.1,157.85,0.009529291378869154,3.1200000000000045,Natural Gas,NG=F,₹/kg,Energy
2015-04-15,2.609999895095825,2.625,2.490999937057495,2.5260000228881836,136769,62.31399917602539,157.41,163.57,155.22,162.64,0.030345264491606017,8.349999999999994,Natural Gas,NG=F,₹/kg,Energy
2015-04-16,2.684000015258789,2.690000057220459,2.5450000762939453,2.5980000495910645,186382,62.38999938964844,162.09,167.83,158.78,167.45,0.029574520413182537,9.050000000000011,Natural Gas,NG=F,₹/kg,Energy
2015-04-17,2.634000062942505,2.693000078201294,2.625,2.681999921798706,86587,62.32600021362305,167.16,167.84,163.61,164.17,-0.01958793669752168,4.22999999999999,Natural Gas,NG=F,₹/kg,Energy
2015-04-20,2.5360000133514404,2.5959999561309814,2.5339999198913574,2.5920000076293945,118341,62.542999267578125,162.11,162.36,158.48,158.61,-0.03386733264299191,3.880000000000024,Natural Gas,NG=F,₹/kg,Energy
2015-04-21,2.575000047683716,2.5969998836517334,2.5329999923706055,2.5490000247955322,103646,63.14500045776367,160.96,163.99,159.95,162.6,0.025156043124645144,4.0400000000000205,Natural Gas,NG=F,₹/kg,Energy
2015-04-22,2.6059999465942383,2.621999979019165,2.553999900817871,2.571000099182129,83370,62.87799835205078,161.66,164.87,160.59,163.86,0.007749077490775136,4.280000000000001,Natural Gas,NG=F,₹/kg,Energy
2015-04-23,2.5309998989105225,2.6050000190734863,2.5199999809265137,2.6019999980926514,133446,62.935001373291016,163.76,163.95,158.6,159.29,-0.02788966190650566,5.349999999999994,Natural Gas,NG=F,₹/kg,Energy
2015-04-24,2.5309998989105225,2.561000108718872,2.5179998874664307,2.5460000038146973,39874,63.2869987487793,161.13,162.08,159.36,160.18,0.005587293615418432,2.719999999999999,Natural Gas,NG=F,₹/kg,Energy
2015-04-27,2.490000009536743,2.49399995803833,2.443000078201294,2.4719998836517334,69051,63.65499877929688,157.36,158.76,155.51,158.5,-0.010488200774129153,3.25,Natural Gas,NG=F,₹/kg,Energy
2015-04-28,2.5169999599456787,2.5269999504089355,2.4679999351501465,2.4820001125335693,81514,63.13999938964844,156.71,159.55,155.83,158.92,0.002649842271293279,3.719999999999999,Natural Gas,NG=F,₹/kg,Energy
2015-04-29,2.6059999465942383,2.611999988555908,2.510999917984009,2.5309998989105225,108178,63.03300094604492,159.54,164.64,158.28,164.26,0.03360181223256986,6.359999999999985,Natural Gas,NG=F,₹/kg,Energy
2015-04-30,2.750999927520752,2.7699999809265137,2.556999921798706,2.5899999141693115,228134,63.44200134277344,164.31,175.73,162.22,174.53,0.06252282966029465,13.509999999999991,Natural Gas,NG=F,₹/kg,Energy
2015-05-01,2.7760000228881836,2.799999952316284,2.7139999866485596,2.736999988555908,118891,63.52299880981445,173.86,177.86,172.4,176.34,0.010370709906606379,5.460000000000008,Natural Gas,NG=F,₹/kg,Energy
2015-05-04,2.821000099182129,2.8239998817443848,2.73799991607666,2.73799991607666,86811,63.52299880981445,173.93,179.39,173.93,179.2,0.01621866848134279,5.4599999999999795,Natural Gas,NG=F,₹/kg,Energy
2015-05-05,2.7799999713897705,2.821000099182129,2.7660000324249268,2.808000087738037,83526,63.59299850463867,178.57,179.4,175.9,176.79,-0.013448660714285743,3.5,Natural Gas,NG=F,₹/kg,Energy
2015-05-06,2.7760000228881836,2.822000026702881,2.746999979019165,2.7909998893737793,111314,63.34400177001953,176.79,178.76,174.01,175.84,-0.0053736071044742095,4.75,Natural Gas,NG=F,₹/kg,Energy
2015-05-07,2.7339999675750732,2.821000099182129,2.7109999656677246,2.7720000743865967,149382,63.65999984741211,176.47,179.58,172.58,174.05,-0.010179708826205558,7.0,Natural Gas,NG=F,₹/kg,Energy
2015-05-08,2.880000114440918,2.888000011444092,2.7249999046325684,2.734999895095825,201286,64.08200073242188,175.26,185.07,174.62,184.56,0.06038494685435225,10.449999999999989,Natural Gas,NG=F,₹/kg,Energy
2015-05-11,2.802000045776367,2.934999942779541,2.7960000038146973,2.9140000343322754,124584,63.70399856567383,185.63,186.97,178.12,178.5,-0.032834850455136566,8.849999999999994,Natural Gas,NG=F,₹/kg,Energy
2015-05-12,2.8970000743865967,2.930999994277954,2.7850000858306885,2.818000078201294,153769,64.0199966430664,180.41,187.64,178.3,185.47,0.039047619047619,9.339999999999975,Natural Gas,NG=F,₹/kg,Energy
2015-05-13,2.934999942779541,2.9719998836517334,2.8559999465942383,2.8959999084472656,142743,64.21099853515625,185.96,190.84,183.39,188.46,0.016121205585809095,7.450000000000017,Natural Gas,NG=F,₹/kg,Energy
2015-05-14,3.007999897003174,3.0199999809265137,2.888000011444092,2.940000057220459,184911,64.04399871826172,188.29,193.41,184.96,192.64,0.022179772896105066,8.449999999999989,Natural Gas,NG=F,₹/kg,Energy
2015-05-15,3.0160000324249268,3.0360000133514404,2.9709999561309814,3.0169999599456787,96222,63.40800094604492,191.3,192.51,188.39,191.24,-0.007267441860465018,4.1200000000000045,Natural Gas,NG=F,₹/kg,Energy
2015-05-18,3.009999990463257,3.0480000972747803,2.9779999256134033,2.9830000400543213,95155,63.43299865722656,189.22,193.34,188.9,190.93,-0.0016209997908387397,4.439999999999998,Natural Gas,NG=F,₹/kg,Energy
2015-05-19,2.947999954223633,3.1050000190734863,2.937999963760376,3.0199999809265137,194666,63.729000091552734,192.46,197.88,187.24,187.87,-0.016026816110616515,10.639999999999986,Natural Gas,NG=F,₹/kg,Energy
2015-05-20,2.9149999618530273,3.0209999084472656,2.9019999504089355,2.9609999656677246,113970,63.78499984741211,188.87,192.69,185.1,185.93,-0.010326289455474535,7.590000000000003,Natural Gas,NG=F,₹/kg,Energy
2015-05-21,2.9489998817443848,3.0380001068115234,2.9200000762939453,2.938999891281128,146213,63.625,186.99,193.29,185.79,187.63,0.00914322594524819,7.5,Natural Gas,NG=F,₹/kg,Energy
2015-05-22,2.88700008392334,2.9700000286102295,2.88100004196167,2.9619998931884766,65659,63.6259994506836,188.46,188.97,183.31,183.69,-0.020998774183232927,5.659999999999997,Natural Gas,NG=F,₹/kg,Energy
2015-05-26,2.822000026702881,2.878999948501587,2.7880001068115234,2.878000020980835,59021,63.57099914550781,182.96,183.02,177.24,179.4,-0.023354564755838636,5.780000000000001,Natural Gas,NG=F,₹/kg,Energy
2015-05-27,2.815000057220459,2.88700008392334,2.796999931335449,2.8269999027252197,118274,63.97600173950195,180.86,184.7,178.94,180.09,0.0038461538461538325,5.759999999999991,Natural Gas,NG=F,₹/kg,Energy
2015-05-28,2.7060000896453857,2.8450000286102295,2.700000047683716,2.8369998931884766,167786,63.874000549316406,181.21,181.72,172.46,172.84,-0.040257648953301084,9.259999999999991,Natural Gas,NG=F,₹/kg,Energy
2015-05-29,2.6419999599456787,2.7219998836517334,2.632999897003174,2.7160000801086426,126730,63.82500076293945,173.35,173.73,168.05,168.63,-0.0243577875491785,5.679999999999978,Natural Gas,NG=F,₹/kg,Energy
2015-06-01,2.6489999294281006,2.671999931335449,2.6029999256134033,2.615000009536743,125928,63.73600006103516,166.67,170.3,165.9,168.84,0.001245330012453305,4.400000000000006,Natural Gas,NG=F,₹/kg,Energy
2015-06-02,2.697999954223633,2.7230000495910645,2.5989999771118164,2.6519999504089355,145374,63.61000061035156,168.69,173.21,165.32,171.62,0.016465292584695534,7.890000000000015,Natural Gas,NG=F,₹/kg,Energy
2015-06-03,2.634000062942505,2.7239999771118164,2.625,2.703000068664551,128116,63.6619987487793,172.08,173.42,167.11,167.69,-0.022899428970982405,6.309999999999974,Natural Gas,NG=F,₹/kg,Energy
2015-06-04,2.625999927520752,2.674999952316284,2.555999994277954,2.6389999389648438,166240,64.05899810791016,169.05,171.36,163.73,168.22,0.0031605939531278437,7.630000000000024,Natural Gas,NG=F,₹/kg,Energy
2015-06-05,2.5899999141693115,2.6459999084472656,2.5810000896453857,2.628000020980835,131559,64.0009994506836,168.19,169.35,165.19,165.76,-0.014623707050291368,4.159999999999997,Natural Gas,NG=F,₹/kg,Energy
2015-06-08,2.7049999237060547,2.7119998931884766,2.624000072479248,2.640000104904175,170731,63.762001037597656,168.33,172.92,167.31,172.48,0.04054054054054057,5.609999999999985,Natural Gas,NG=F,₹/kg,Energy
2015-06-09,2.8459999561309814,2.8499999046325684,2.696000099182129,2.7039999961853027,246116,63.97600173950195,172.99,182.33,172.48,182.08,0.0556586270871986,9.850000000000023,Natural Gas,NG=F,₹/kg,Energy
2015-06-10,2.8910000324249268,2.921999931335449,2.825000047683716,2.8329999446868896,225845,64.03800201416016,181.42,187.12,180.91,185.13,0.016750878734622,6.210000000000008,Natural Gas,NG=F,₹/kg,Energy
2015-06-11,2.825000047683716,2.9189999103546143,2.813999891281128,2.9059998989105225,188958,63.79899978637695,185.4,186.23,179.53,180.23,-0.026467887430454362,6.699999999999989,Natural Gas,NG=F,₹/kg,Energy
2015-06-12,2.75,2.8259999752044678,2.74399995803833,2.818000078201294,144900,63.999000549316406,180.35,180.86,175.61,176.0,-0.023470010542085085,5.25,Natural Gas,NG=F,₹/kg,Energy
2015-06-15,2.8889999389648438,2.9189999103546143,2.7639999389648438,2.7690000534057617,169330,64.09200286865234,177.47,187.08,177.15,185.16,0.052045454545454506,9.930000000000007,Natural Gas,NG=F,₹/kg,Energy
2015-06-16,2.8940000534057617,2.928999900817871,2.8310000896453857,2.9070000648498535,157271,64.052001953125,186.2,187.61,181.33,185.37,0.0011341542449774256,6.280000000000001,Natural Gas,NG=F,₹/kg,Energy
2015-06-17,2.8550000190734863,2.9549999237060547,2.8389999866485596,2.9030001163482666,166029,64.18199920654297,186.32,189.66,182.21,183.24,-0.011490532448616309,7.449999999999989,Natural Gas,NG=F,₹/kg,Energy
2015-06-18,2.7769999504089355,2.881999969482422,2.7720000743865967,2.8499999046325684,149242,64.00299835205078,182.41,184.46,177.42,177.74,-0.030015280506439646,7.0400000000000205,Natural Gas,NG=F,₹/kg,Energy
2015-06-19,2.815999984741211,2.8369998931884766,2.739000082015991,2.7839999198913574,117265,63.64500045776367,177.19,180.56,174.32,179.22,0.008326769438505632,6.240000000000009,Natural Gas,NG=F,₹/kg,Energy
2015-06-22,2.7330000400543213,2.753000020980835,2.7149999141693115,2.749000072479248,117991,63.492000579833984,174.54,174.79,172.38,173.52,-0.03180448610646125,2.4099999999999966,Natural Gas,NG=F,₹/kg,Energy
2015-06-23,2.7260000705718994,2.7920000553131104,2.7119998931884766,2.73799991607666,105582,63.50699996948242,173.88,177.31,172.23,173.12,-0.002305209774089434,5.0800000000000125,Natural Gas,NG=F,₹/kg,Energy
2015-06-24,2.759000062942505,2.7790000438690186,2.7109999656677246,2.7260000705718994,39837,63.59999847412109,173.37,176.74,172.42,175.47,0.013574399260628534,4.320000000000022,Natural Gas,NG=F,₹/kg,Energy
2015-06-25,2.8499999046325684,2.8540000915527344,2.752000093460083,2.7690000534057617,60077,63.5620002746582,176.0,181.41,174.92,181.15,0.03237020573317384,6.490000000000009,Natural Gas,NG=F,₹/kg,Energy
2015-06-26,2.7730000019073486,2.8459999561309814,2.743000030517578,2.8429999351501465,135271,63.51100158691406,180.56,180.75,174.21,176.12,-0.02776704388628204,6.539999999999992,Natural Gas,NG=F,₹/kg,Energy
2015-06-29,2.805000066757202,2.8440001010894775,2.734999895095825,2.755000114440918,123712,63.44400024414063,174.79,180.43,173.52,177.96,0.010447422212128021,6.909999999999997,Natural Gas,NG=F,₹/kg,Energy
2015-06-30,2.8320000171661377,2.8369998931884766,2.752000093460083,2.805999994277954,115062,63.7239990234375,178.81,180.78,175.37,180.47,0.014104293099572951,5.409999999999997,Natural Gas,NG=F,₹/kg,Energy
2015-07-01,2.7829999923706055,2.8559999465942383,2.760999917984009,2.815999984741211,124691,63.59000015258789,179.07,181.61,175.57,176.97,-0.019393805064553682,6.0400000000000205,Natural Gas,NG=F,₹/kg,Energy
2015-07-02,2.822000026702881,2.884999990463257,2.7950000762939453,2.7980000972747803,156307,63.57400131225586,177.88,183.41,177.69,179.41,0.013787647623890953,5.719999999999999,Natural Gas,NG=F,₹/kg,Energy
2015-07-06,2.75600004196167,2.7869999408721924,2.7309999465942383,2.7709999084472656,134798,63.40399932861328,175.69,176.71,173.16,174.74,-0.026029764227189056,3.5500000000000114,Natural Gas,NG=F,₹/kg,Energy
2015-07-07,2.7160000801086426,2.799999952316284,2.687999963760376,2.757999897003174,128811,63.3650016784668,174.76,177.42,170.33,172.1,-0.01510816069589116,7.089999999999975,Natural Gas,NG=F,₹/kg,Energy
2015-07-08,2.684999942779541,2.75600004196167,2.6760001182556152,2.7290000915527344,123555,63.51800155639648,173.34,175.06,169.97,170.55,-0.009006391632771504,5.090000000000003,Natural Gas,NG=F,₹/kg,Energy
2015-07-09,2.7260000705718994,2.73799991607666,2.6440000534057617,2.687000036239624,133123,63.5620002746582,170.79,174.03,168.06,173.27,0.01594840222808558,5.969999999999999,Natural Gas,NG=F,₹/kg,Energy
2015-07-10,2.7699999809265137,2.806999921798706,2.7230000495910645,2.7320001125335693,125442,63.36399841308594,173.11,177.86,172.54,175.52,0.01298551393778502,5.320000000000022,Natural Gas,NG=F,₹/kg,Energy
2015-07-13,2.864000082015991,2.882999897003174,2.7869999408721924,2.815999984741211,183790,63.35200119018555,178.4,182.64,176.56,181.44,0.033728350045578726,6.079999999999984,Natural Gas,NG=F,₹/kg,Energy
2015-07-14,2.8399999141693115,2.934000015258789,2.822000026702881,2.868000030517578,151862,63.51399993896485,182.16,186.35,179.24,180.38,-0.005842151675485074,7.109999999999985,Natural Gas,NG=F,₹/kg,Energy
2015-07-15,2.9179999828338623,2.928999900817871,2.8320000171661377,2.8450000286102295,147619,63.32400131225586,180.16,185.48,179.33,184.78,0.024392948220423483,6.149999999999977,Natural Gas,NG=F,₹/kg,Energy
2015-07-16,2.8540000915527344,2.930000066757202,2.8420000076293945,2.9140000343322754,146190,63.52399826049805,185.11,186.13,180.54,181.3,-0.018833207057040724,5.590000000000003,Natural Gas,NG=F,₹/kg,Energy
2015-07-17,2.869999885559082,2.8970000743865967,2.8259999752044678,2.86299991607666,91164,63.48199844360352,181.75,183.91,179.4,182.19,0.00490899062327621,4.509999999999991,Natural Gas,NG=F,₹/kg,Energy
2015-07-20,2.822999954223633,2.874000072479248,2.7850000858306885,2.8429999351501465,141069,63.48400115966797,180.49,182.45,176.8,179.22,-0.016301663098962638,5.649999999999977,Natural Gas,NG=F,₹/kg,Energy
2015-07-21,2.881999969482422,2.8940000534057617,2.822000026702881,2.8399999141693115,94008,63.625,180.69,184.13,179.55,183.37,0.023155897779265633,4.579999999999984,Natural Gas,NG=F,₹/kg,Energy
2015-07-22,2.8970000743865967,2.9149999618530273,2.8410000801086426,2.890000104904175,108390,63.58300018310547,183.75,185.34,180.64,184.2,0.0045263674537818765,4.700000000000017,Natural Gas,NG=F,₹/kg,Energy
2015-07-23,2.815999984741211,2.9509999752044678,2.803999900817871,2.8940000534057617,181461,63.66400146484375,184.24,187.87,178.51,179.28,-0.026710097719869652,9.360000000000014,Natural Gas,NG=F,₹/kg,Energy
2015-07-24,2.7760000228881836,2.815000057220459,2.7730000019073486,2.806999921798706,62907,63.84799957275391,179.22,179.73,177.05,177.24,-0.011378848728246238,2.6799999999999784,Natural Gas,NG=F,₹/kg,Energy
2015-07-27,2.7890000343322754,2.819999933242798,2.734999895095825,2.744999885559082,44020,64.0999984741211,175.95,180.76,175.31,178.77,0.00863236289776581,5.449999999999989,Natural Gas,NG=F,₹/kg,Energy
2015-07-28,2.821000099182129,2.8519999980926514,2.7769999504089355,2.7960000038146973,52150,64.21700286865234,179.55,183.15,178.33,181.16,0.013369133523521759,4.819999999999993,Natural Gas,NG=F,₹/kg,Energy
2015-07-29,2.885999917984009,2.8949999809265137,2.8310000896453857,2.8410000801086426,119130,63.8390007019043,181.37,184.81,180.73,184.24,0.01700154559505407,4.0800000000000125,Natural Gas,NG=F,₹/kg,Energy
2015-07-30,2.7679998874664307,2.8949999809265137,2.76200008392334,2.8580000400543213,146547,63.882999420166016,182.58,184.94,176.44,176.83,-0.04021927920104207,8.5,Natural Gas,NG=F,₹/kg,Energy
2015-07-31,2.7160000801086426,2.7880001068115234,2.7060000896453857,2.7820000648498535,117368,64.11799621582031,178.38,178.76,173.5,174.14,-0.015212350845444922,5.259999999999991,Natural Gas,NG=F,₹/kg,Energy
2015-08-03,2.747999906539917,2.7850000858306885,2.7070000171661377,2.7249999046325684,130214,63.97999954223633,174.35,178.18,173.19,175.82,0.009647410129780765,4.990000000000009,Natural Gas,NG=F,₹/kg,Energy
2015-08-04,2.812000036239624,2.821000099182129,2.752000093460083,2.756999969482422,140061,64.1240005493164,176.79,180.89,176.47,180.32,0.025594357865999395,4.4199999999999875,Natural Gas,NG=F,₹/kg,Energy
2015-08-05,2.7980000972747803,2.86299991607666,2.7799999713897705,2.811000108718872,170367,63.81900024414063,179.4,182.71,177.42,178.57,-0.009704968944099335,5.2900000000000205,Natural Gas,NG=F,₹/kg,Energy
2015-08-06,2.812999963760376,2.8380000591278076,2.7260000705718994,2.7820000648498535,190872,63.69599914550781,177.2,180.77,173.64,179.18,0.0034160273282186626,7.130000000000024,Natural Gas,NG=F,₹/kg,Energy
2015-08-07,2.7980000972747803,2.8239998817443848,2.760999917984009,2.805000066757202,155079,63.733001708984375,178.77,179.98,175.97,178.32,-0.0047996428172787375,4.009999999999991,Natural Gas,NG=F,₹/kg,Energy
2015-08-10,2.8420000076293945,2.8519999980926514,2.818000078201294,2.8350000381469727,132721,63.733001708984375,180.68,181.77,179.6,181.13,0.01575818752803948,2.170000000000016,Natural Gas,NG=F,₹/kg,Energy
2015-08-11,2.8440001010894775,2.8610000610351562,2.7960000038146973,2.8350000381469727,143152,63.8380012512207,180.98,182.64,178.49,181.56,0.002373985535250922,4.149999999999977,Natural Gas,NG=F,₹/kg,Energy
2015-08-12,2.930999994277954,2.934000015258789,2.8519999980926514,2.8580000400543213,197562,64.32599639892578,183.84,188.73,183.46,188.54,0.038444591319673815,5.269999999999982,Natural Gas,NG=F,₹/kg,Energy
2015-08-13,2.7869999408721924,2.930999994277954,2.7839999198913574,2.9210000038146973,246314,64.79900360107422,189.28,189.93,180.4,180.59,-0.04216611859552344,9.530000000000001,Natural Gas,NG=F,₹/kg,Energy
2015-08-14,2.8010001182556152,2.8359999656677246,2.7809998989105225,2.809000015258789,97799,65.26899719238281,183.34,185.1,181.51,182.82,0.012348413533418201,3.5900000000000034,Natural Gas,NG=F,₹/kg,Energy
2015-08-17,2.7279999256134033,2.7880001068115234,2.7179999351501465,2.7739999294281006,120545,65.12200164794922,180.65,181.56,177.0,177.65,-0.028279181708784518,4.560000000000002,Natural Gas,NG=F,₹/kg,Energy
2015-08-18,2.7039999961853027,2.734999895095825,2.680000066757202,2.7300000190734863,105540,65.44300079345703,178.66,178.99,175.39,176.96,-0.0038840416549394963,3.6000000000000227,Natural Gas,NG=F,₹/kg,Energy
2015-08-19,2.7160000801086426,2.739000082015991,2.694000005722046,2.7149999141693115,85957,65.44599914550781,177.69,179.26,176.31,177.75,0.004464285714285587,2.9499999999999886,Natural Gas,NG=F,₹/kg,Energy
2015-08-20,2.755000114440918,2.7880001068115234,2.694000005722046,2.7090001106262207,142290,65.05400085449219,176.23,181.37,175.26,179.22,0.008270042194092886,6.110000000000014,Natural Gas,NG=F,₹/kg,Energy
2015-08-21,2.6760001182556152,2.759999990463257,2.6700000762939453,2.753000020980835,114837,65.46099853515625,180.21,180.67,174.78,175.17,-0.02259792433880159,5.889999999999986,Natural Gas,NG=F,₹/kg,Energy
2015-08-24,2.6500000953674316,2.696000099182129,2.624000072479248,2.6540000438690186,105379,66.0260009765625,175.23,178.01,173.25,174.97,-0.0011417480162128069,4.759999999999991,Natural Gas,NG=F,₹/kg,Energy
2015-08-25,2.684999942779541,2.703000068664551,2.6519999504089355,2.6710000038146973,46664,66.80699920654297,178.44,180.58,177.17,179.38,0.02520432074069845,3.410000000000025,Natural Gas,NG=F,₹/kg,Energy
2015-08-26,2.693000078201294,2.7139999866485596,2.6679999828338623,2.694000005722046,33493,66.28299713134766,178.57,179.89,176.84,178.5,-0.004905786598283002,3.049999999999983,Natural Gas,NG=F,₹/kg,Energy
2015-08-27,2.638000011444092,2.696000099182129,2.628999948501587,2.680999994277954,126929,66.05599975585938,177.1,178.09,173.66,174.26,-0.023753501400560317,4.430000000000007,Natural Gas,NG=F,₹/kg,Energy
2015-08-28,2.7149999141693115,2.7249999046325684,2.6640000343322754,2.677000045776367,80832,66.05500030517578,176.83,180.0,175.97,179.34,0.029151842075060275,4.030000000000001,Natural Gas,NG=F,₹/kg,Energy
2015-08-31,2.688999891281128,2.691999912261963,2.6429998874664307,2.680999994277954,87735,66.14299774169922,177.33,178.06,174.82,177.86,-0.00825248132039691,3.240000000000009,Natural Gas,NG=F,₹/kg,Energy
2015-09-01,2.7019999027252197,2.7209999561309814,2.6700000762939453,2.686000108718872,94139,66.3499984741211,178.22,180.54,177.15,179.28,0.007983807489036154,3.3899999999999864,Natural Gas,NG=F,₹/kg,Energy
2015-09-02,2.6480000019073486,2.6989998817443848,2.631999969482422,2.688999891281128,81044,66.4229965209961,178.61,179.28,174.83,175.89,-0.018908969210174154,4.449999999999989,Natural Gas,NG=F,₹/kg,Energy
2015-09-03,2.7249999046325684,2.734999895095825,2.632999897003174,2.638000011444092,157041,66.22599792480469,174.7,181.13,174.37,180.47,0.02603900164875772,6.759999999999991,Natural Gas,NG=F,₹/kg,Energy
2015-09-04,2.6549999713897705,2.7170000076293945,2.6480000019073486,2.7100000381469727,105076,66.16000366210938,179.29,179.76,175.19,175.65,-0.026708040117470966,4.569999999999993,Natural Gas,NG=F,₹/kg,Energy
2015-09-08,2.7100000381469727,2.7219998836517334,2.6410000324249268,2.6510000228881836,142154,66.8030014038086,177.09,181.84,176.43,181.04,0.03068602334187287,5.409999999999997,Natural Gas,NG=F,₹/kg,Energy
2015-09-09,2.6510000228881836,2.7070000171661377,2.6410000324249268,2.693000078201294,129970,66.40599822998047,178.83,179.76,175.38,176.04,-0.027618205921343342,4.3799999999999955,Natural Gas,NG=F,₹/kg,Energy
2015-09-10,2.683000087738037,2.7330000400543213,2.6559998989105225,2.6610000133514404,184221,66.59700012207031,177.21,182.01,176.88,178.68,0.01499659168370826,5.1299999999999955,Natural Gas,NG=F,₹/kg,Energy
2015-09-11,2.693000078201294,2.7170000076293945,2.6600000858306885,2.677000045776367,104410,66.31900024414062,177.54,180.19,176.41,178.6,-0.000447727781508922,3.780000000000001,Natural Gas,NG=F,₹/kg,Energy
2015-09-14,2.757999897003174,2.7750000953674316,2.691999912261963,2.7019999027252197,147615,66.23400115966797,178.96,183.8,178.3,182.67,0.02278835386338174,5.5,Natural Gas,NG=F,₹/kg,Energy
2015-09-15,2.7279999256134033,2.7939999103546143,2.7209999561309814,2.7679998874664307,99554,66.31500244140625,183.56,185.28,180.44,180.91,-0.009634860677724788,4.840000000000003,Natural Gas,NG=F,₹/kg,Energy
2015-09-16,2.6600000858306885,2.7360000610351562,2.6570000648498535,2.7339999675750732,134433,66.43000030517578,181.62,181.75,176.5,176.7,-0.023271239843015934,5.25,Natural Gas,NG=F,₹/kg,Energy
2015-09-17,2.6519999504089355,2.678999900817871,2.6029999256134033,2.6679999828338623,103117,66.19599914550781,176.61,177.34,172.31,175.55,-0.006508205998868033,5.030000000000001,Natural Gas,NG=F,₹/kg,Energy
2015-09-18,2.6050000190734863,2.6649999618530273,2.6019999980926514,2.6440000534057617,84023,66.12200164794922,174.83,176.22,172.05,172.25,-0.018798063229849116,4.1699999999999875,Natural Gas,NG=F,₹/kg,Energy
2015-09-21,2.572999954223633,2.5959999561309814,2.549999952316284,2.5850000381469727,95586,65.86100006103516,170.25,170.98,167.95,169.46,-0.016197387518142148,3.030000000000001,Natural Gas,NG=F,₹/kg,Energy
2015-09-22,2.5769999027252197,2.5980000495910645,2.562000036239624,2.5759999752044678,99088,65.73899841308594,169.34,170.79,168.42,169.41,-0.00029505488020775683,2.3700000000000045,Natural Gas,NG=F,₹/kg,Energy
2015-09-23,2.569000005722046,2.6040000915527344,2.558000087738037,2.5759999752044678,102002,65.875,169.69,171.54,168.51,169.23,-0.0010625110678236238,3.030000000000001,Natural Gas,NG=F,₹/kg,Energy
2015-09-24,2.5910000801086426,2.5940001010894775,2.5209999084472656,2.568000078201294,73238,66.16200256347656,169.9,171.62,166.79,171.43,0.013000059091177851,4.8300000000000125,Natural Gas,NG=F,₹/kg,Energy
2015-09-25,2.563999891281128,2.6070001125335693,2.5290000438690186,2.5859999656677246,63285,66.22100067138672,171.25,172.64,167.47,169.79,-0.009566586945108924,5.1699999999999875,Natural Gas,NG=F,₹/kg,Energy
2015-09-28,2.562999963760376,2.640000104904175,2.5490000247955322,2.6080000400543213,148391,66.16300201416016,172.55,174.67,168.65,169.58,-0.0012368219565344063,6.019999999999982,Natural Gas,NG=F,₹/kg,Energy
2015-09-29,2.5859999656677246,2.6730000972747803,2.5810000896453857,2.6689999103546143,115762,66.26000213623047,176.85,177.11,171.02,171.35,0.010437551598065697,6.090000000000003,Natural Gas,NG=F,₹/kg,Energy
2015-09-30,2.5239999294281006,2.6110000610351562,2.510999917984009,2.5850000381469727,131356,65.91999816894531,170.4,172.12,165.53,166.38,-0.029004960606944796,6.590000000000003,Natural Gas,NG=F,₹/kg,Energy
2015-10-01,2.433000087738037,2.5409998893737793,2.4200000762939453,2.5220000743865967,165222,65.5270004272461,165.26,166.5,158.58,159.43,-0.04177184757783381,7.9199999999999875,Natural Gas,NG=F,₹/kg,Energy
2015-10-02,2.4509999752044678,2.4709999561309814,2.4030001163482666,2.428999900817871,113070,65.61799621582031,159.39,162.14,157.68,160.83,0.008781283321834144,4.4599999999999795,Natural Gas,NG=F,₹/kg,Energy
2015-10-05,2.450000047683716,2.490999937057495,2.428999900817871,2.4509999752044678,103985,65.35700225830078,160.19,162.8,158.75,160.12,-0.004414599266306052,4.050000000000011,Natural Gas,NG=F,₹/kg,Energy
2015-10-06,2.4700000286102295,2.489000082015991,2.436000108718872,2.4590001106262207,140217,65.12300109863281,160.14,162.09,158.64,160.85,0.004559080689482853,3.450000000000017,Natural Gas,NG=F,₹/kg,Energy
2015-10-07,2.4739999771118164,2.5309998989105225,2.4549999237060547,2.4760000705718994,163423,65.18399810791016,161.4,164.98,160.03,161.27,0.0026111283804788332,4.949999999999989,Natural Gas,NG=F,₹/kg,Energy
2015-10-08,2.497999906539917,2.5299999713897705,2.4519999027252197,2.4739999771118164,176167,64.93900299072266,160.66,164.3,159.23,162.22,0.005890742233521262,5.070000000000022,Natural Gas,NG=F,₹/kg,Energy
2015-10-09,2.502000093460083,2.5230000019073486,2.4690001010894775,2.48799991607666,134032,64.99500274658203,161.71,163.98,160.47,162.62,0.0024657872025644068,3.509999999999991,Natural Gas,NG=F,₹/kg,Energy
2015-10-12,2.5350000858306885,2.559000015258789,2.509999990463257,2.5199999809265137,134727,64.77200317382812,163.23,165.75,162.58,164.2,0.009715902103062168,3.1699999999999875,Natural Gas,NG=F,₹/kg,Energy
2015-10-13,2.497999906539917,2.555000066757202,2.486999988555908,2.5439999103546143,149909,64.78199768066406,164.81,165.52,161.11,161.83,-0.01443361753958572,4.409999999999997,Natural Gas,NG=F,₹/kg,Energy
2015-10-14,2.5179998874664307,2.5390000343322754,2.4719998836517334,2.499000072479248,146825,65.08499908447266,162.65,165.25,160.89,163.88,0.012667614163010432,4.360000000000014,Natural Gas,NG=F,₹/kg,Energy
2015-10-15,2.453000068664551,2.578000068664551,2.4489998817443848,2.5380001068115234,179397,64.8489990234375,164.59,167.18,158.82,159.07,-0.029350744447156463,8.360000000000014,Natural Gas,NG=F,₹/kg,Energy
2015-10-16,2.430000066757202,2.4660000801086426,2.4100000858306885,2.453000068664551,119252,64.78399658203125,158.92,159.76,156.13,157.43,-0.010309926447475859,3.6299999999999955,Natural Gas,NG=F,₹/kg,Energy
2015-10-19,2.441999912261963,2.4809999465942383,2.434999942779541,2.4639999866485596,95860,64.69499969482422,159.41,160.51,157.53,157.99,0.0035571365051134674,2.9799999999999898,Natural Gas,NG=F,₹/kg,Energy
2015-10-20,2.4760000705718994,2.499000072479248,2.444000005722046,2.453000068664551,147317,64.95099639892578,159.32,162.31,158.74,160.82,0.01791252610924743,3.569999999999993,Natural Gas,NG=F,₹/kg,Energy
2015-10-21,2.4040000438690186,2.493000030517578,2.378999948501587,2.493000030517578,156828,64.99400329589844,162.03,162.03,154.62,156.25,-0.02841686357418227,7.409999999999997,Natural Gas,NG=F,₹/kg,Energy
2015-10-22,2.385999917984009,2.434999942779541,2.3559999465942383,2.3980000019073486,138906,65.15899658203125,156.25,158.66,153.51,155.47,-0.0049919999999999964,5.150000000000006,Natural Gas,NG=F,₹/kg,Energy
2015-10-23,2.2860000133514404,2.374000072479248,2.2750000953674316,2.371999979019165,107554,65.05000305175781,154.3,154.43,147.99,148.7,-0.04354537852961993,6.439999999999998,Natural Gas,NG=F,₹/kg,Energy
2015-10-26,2.062000036239624,2.23799991607666,2.049999952316284,2.2209999561309814,133205,64.88500213623047,144.11,145.21,133.01,133.79,-0.1002689979825151,12.200000000000017,Natural Gas,NG=F,₹/kg,Energy
2015-10-27,2.0920000076293945,2.115000009536743,1.9479999542236328,2.0739998817443848,76120,64.9010009765625,134.6,137.27,126.43,135.77,0.014799312355183725,10.840000000000003,Natural Gas,NG=F,₹/kg,Energy
2015-10-28,2.0329999923706055,2.1040000915527344,2.00600004196167,2.0959999561309814,174575,65.06700134277344,136.38,136.9,130.52,132.28,-0.025705236797525344,6.3799999999999955,Natural Gas,NG=F,₹/kg,Energy
2015-10-29,2.256999969482422,2.371999979019165,2.234999895095825,2.3010001182556152,154664,64.94599914550781,149.44,154.05,145.15,146.58,0.10810402177199885,8.900000000000006,Natural Gas,NG=F,₹/kg,Energy
2015-10-30,2.321000099182129,2.3359999656677246,2.187999963760376,2.247999906539917,186377,65.44400024414062,147.12,152.88,143.19,151.9,0.03629417382999045,9.689999999999998,Natural Gas,NG=F,₹/kg,Energy
2015-11-02,2.25600004196167,2.2780001163482666,2.2309999465942383,2.2679998874664307,122901,65.41500091552734,148.36,149.02,145.94,147.58,-0.028439763001974927,3.0800000000000125,Natural Gas,NG=F,₹/kg,Energy
2015-11-03,2.253000020980835,2.2929999828338623,2.2360000610351562,2.253999948501587,128360,65.54100036621094,147.73,150.29,146.55,147.66,0.0005420788724759262,3.7399999999999807,Natural Gas,NG=F,₹/kg,Energy
2015-11-04,2.26200008392334,2.316999912261963,2.255000114440918,2.2760000228881836,124176,65.53099822998047,149.15,151.84,147.77,148.23,0.003860219422998634,4.069999999999993,Natural Gas,NG=F,₹/kg,Energy
2015-11-05,2.364000082015991,2.382999897003174,2.249000072479248,2.2660000324249268,174266,65.58499908447266,148.62,156.29,147.5,155.04,0.04594211698036843,8.789999999999992,Natural Gas,NG=F,₹/kg,Energy
2015-11-06,2.371000051498413,2.3980000019073486,2.316999912261963,2.364000082015991,182939,65.86000061035156,155.69,157.93,152.6,156.15,0.0071594427244583425,5.3300000000000125,Natural Gas,NG=F,₹/kg,Energy
2015-11-09,2.299999952316284,2.38700008392334,2.2739999294281006,2.372999906539917,151379,66.13300323486328,156.93,157.86,150.39,152.11,-0.025872558437399884,7.470000000000027,Natural Gas,NG=F,₹/kg,Energy
2015-11-10,2.319999933242798,2.364000082015991,2.2920000553131104,2.305000066757202,149632,66.46800231933594,153.21,157.13,152.34,154.21,0.013805798435342798,4.789999999999992,Natural Gas,NG=F,₹/kg,Energy
2015-11-11,2.263000011444092,2.3499999046325684,2.249000072479248,2.3320000171661377,162914,66.19300079345703,154.36,155.55,148.87,149.79,-0.028662213864211195,6.680000000000007,Natural Gas,NG=F,₹/kg,Energy
2015-11-12,2.259999990463257,2.312999963760376,2.2339999675750732,2.265000104904175,151541,66.06300354003906,149.63,152.8,147.58,149.3,-0.003271246411642892,5.219999999999999,Natural Gas,NG=F,₹/kg,Energy
2015-11-13,2.3610000610351562,2.3910000324249268,2.2839999198913574,2.2850000858306885,167723,66.0479965209961,150.92,157.92,150.85,155.94,0.044474212993971696,7.069999999999993,Natural Gas,NG=F,₹/kg,Energy
2015-11-16,2.384999990463257,2.4600000381469727,2.3299999237060547,2.4489998817443848,157363,66.0510025024414,161.76,162.49,153.9,157.53,0.010196229318968797,8.590000000000003,Natural Gas,NG=F,₹/kg,Energy
2015-11-17,2.371000051498413,2.3959999084472656,2.2850000858306885,2.3329999446868896,125018,65.89700317382812,153.74,157.89,150.57,156.24,-0.008188916396876689,7.319999999999993,Natural Gas,NG=F,₹/kg,Energy
2015-11-18,2.3469998836517334,2.4100000858306885,2.328000068664551,2.368000030517578,104245,66.03700256347656,156.38,159.15,153.73,154.99,-0.00800051203277008,5.420000000000016,Natural Gas,NG=F,₹/kg,Energy
2015-11-19,2.2760000228881836,2.375999927520752,2.255000114440918,2.328000068664551,146821,66.07499694824219,153.82,156.99,149.0,150.39,-0.02967933415059054,7.990000000000009,Natural Gas,NG=F,₹/kg,Energy
2015-11-20,2.1449999809265137,2.2750000953674316,2.122999906539917,2.259999990463257,136869,66.08499908447266,149.35,150.34,140.3,141.75,-0.0574506283662477,10.039999999999992,Natural Gas,NG=F,₹/kg,Energy
2015-11-23,2.2100000381469727,2.2260000705718994,2.0510001182556152,2.1110000610351562,83260,66.05000305175781,139.43,147.03,135.47,145.97,0.029770723104056485,11.560000000000002,Natural Gas,NG=F,₹/kg,Energy
2015-11-24,2.200000047683716,2.2179999351501465,2.130000114440918,2.2060000896453857,57912,66.37100219726562,146.41,147.21,141.37,146.02,0.00034253613756263235,5.840000000000003,Natural Gas,NG=F,₹/kg,Energy
2015-11-25,2.2060000896453857,2.234999895095825,2.132999897003174,2.196000099182129,102101,66.30000305175781,145.59,148.18,141.42,146.26,0.0016436104643198224,6.760000000000019,Natural Gas,NG=F,₹/kg,Energy
2015-11-27,2.2119998931884766,2.305000066757202,2.2049999237060547,2.2890000343322754,68463,66.55799865722656,152.35,153.42,146.76,147.23,0.00663202516067285,6.659999999999997,Natural Gas,NG=F,₹/kg,Energy
2015-11-30,2.234999895095825,2.25,2.174999952316284,2.174999952316284,93354,66.9000015258789,145.51,150.53,145.51,149.52,0.015553895265910667,5.02000000000001,Natural Gas,NG=F,₹/kg,Energy
2015-12-01,2.2309999465942383,2.259000062942505,2.193000078201294,2.2300000190734863,140269,66.50800323486328,148.31,150.24,145.85,148.38,-0.007624398073836414,4.390000000000015,Natural Gas,NG=F,₹/kg,Energy
2015-12-02,2.1649999618530273,2.2249999046325684,2.1510000228881836,2.2209999561309814,133512,66.46099853515625,147.61,147.88,142.96,143.89,-0.030260142876398444,4.9199999999999875,Natural Gas,NG=F,₹/kg,Energy
2015-12-03,2.180999994277954,2.200000047683716,2.13100004196167,2.1740000247955322,143065,66.55699920654297,144.69,146.43,141.83,145.16,0.008826186670373382,4.599999999999994,Natural Gas,NG=F,₹/kg,Energy
2015-12-04,2.186000108718872,2.2109999656677246,2.1670000553131104,2.197999954223633,85242,66.8030014038086,146.83,147.7,144.76,146.03,0.005993386607880957,2.9399999999999977,Natural Gas,NG=F,₹/kg,Energy
2015-12-07,2.066999912261963,2.1619999408721924,2.059999942779541,2.1589999198913574,188741,66.63600158691406,143.87,144.07,137.27,137.74,-0.056769157022529604,6.799999999999983,Natural Gas,NG=F,₹/kg,Energy
2015-12-08,2.069999933242798,2.0929999351501465,2.0139999389648438,2.068000078201294,172495,66.76799774169922,138.08,139.75,134.47,138.21,0.0034122259329170124,5.280000000000001,Natural Gas,NG=F,₹/kg,Energy
2015-12-09,2.062000036239624,2.118000030517578,2.0480000972747803,2.0799999237060547,153581,66.83300018310547,139.01,141.55,136.87,137.81,-0.0028941465885247153,4.680000000000007,Natural Gas,NG=F,₹/kg,Energy
2015-12-10,2.015000104904175,2.0989999771118164,1.9989999532699585,2.065000057220459,186400,66.88999938964844,138.13,140.4,133.71,134.78,-0.02198679341121834,6.689999999999998,Natural Gas,NG=F,₹/kg,Energy
2015-12-11,1.9900000095367432,2.010999917984009,1.9589999914169312,2.003000020980835,168113,66.78600311279297,133.77,134.31,130.83,132.9,-0.013948657070781967,3.4799999999999898,Natural Gas,NG=F,₹/kg,Energy
2015-12-14,1.8940000534057617,1.9229999780654907,1.8619999885559082,1.9129999876022339,140549,67.14099884033203,128.44,129.11,125.02,127.17,-0.04311512415349894,4.090000000000018,Natural Gas,NG=F,₹/kg,Energy
2015-12-15,1.8220000267028809,1.9049999713897705,1.7949999570846558,1.899999976158142,171961,67.07099914550781,127.43,127.77,120.39,122.2,-0.039081544389400036,7.3799999999999955,Natural Gas,NG=F,₹/kg,Energy
2015-12-16,1.7899999618530273,1.8489999771118164,1.774999976158142,1.8040000200271606,157968,66.90299987792969,120.69,123.7,118.75,119.76,-0.019967266775777426,4.950000000000003,Natural Gas,NG=F,₹/kg,Energy
2015-12-17,1.7549999952316284,1.8539999723434448,1.7339999675750732,1.8250000476837158,213109,66.4280014038086,121.23,123.16,115.19,116.58,-0.026553106212424904,7.969999999999999,Natural Gas,NG=F,₹/kg,Energy
2015-12-18,1.7669999599456787,1.8049999475479126,1.684000015258789,1.7380000352859497,150915,66.45899963378906,115.51,119.96,111.92,117.43,0.007291130554125891,8.039999999999992,Natural Gas,NG=F,₹/kg,Energy
2015-12-21,1.9110000133514404,1.9479999542236328,1.7869999408721924,1.8359999656677246,182619,66.24800109863281,121.63,129.05,118.39,126.6,0.07808907434216117,10.66000000000001,Natural Gas,NG=F,₹/kg,Energy
2015-12-22,1.8880000114440918,1.9390000104904175,1.8630000352859497,1.9290000200271606,112282,66.26899719238281,127.83,128.5,123.46,125.12,-0.011690363349131094,5.040000000000006,Natural Gas,NG=F,₹/kg,Energy
2015-12-23,1.9830000400543213,2.009000062942505,1.871000051498413,1.9119999408721924,102217,66.24299621582031,126.66,133.08,123.94,131.36,0.04987212276214836,9.140000000000015,Natural Gas,NG=F,₹/kg,Energy
2015-12-24,2.0290000438690186,2.052000045776367,1.9769999980926514,1.99399995803833,47512,66.15399932861328,131.91,135.75,130.79,134.23,0.02184835566382448,4.960000000000008,Natural Gas,NG=F,₹/kg,Energy
2015-12-28,2.2279999256134033,2.247999906539917,2.066999912261963,2.0820000171661377,65772,65.94000244140625,137.29,148.23,136.3,146.91,0.09446472472621625,11.929999999999978,Natural Gas,NG=F,₹/kg,Energy
2015-12-29,2.371999979019165,2.38700008392334,2.234999895095825,2.23799991607666,169579,66.13400268554688,148.01,157.86,147.81,156.87,0.06779661016949157,10.050000000000011,Natural Gas,NG=F,₹/kg,Energy
2015-12-30,2.2139999866485596,2.3350000381469727,2.187999963760376,2.322000026702881,134926,66.26000213623047,153.86,154.72,144.98,146.7,-0.06483075157773965,9.740000000000009,Natural Gas,NG=F,₹/kg,Energy
2015-12-31,2.3369998931884766,2.378000020980835,2.2699999809265137,2.2730000019073486,144665,66.45500183105469,151.05,158.03,150.85,155.31,0.05869120654396731,7.180000000000007,Natural Gas,NG=F,₹/kg,Energy
2016-01-04,2.3340001106262207,2.375,2.239000082015991,2.365999937057495,135238,66.19300079345703,156.61,157.21,148.21,154.49,-0.005279763054536035,9.0,Natural Gas,NG=F,₹/kg,Energy
2016-01-05,2.325000047683716,2.3459999561309814,2.255000114440918,2.2899999618530273,123923,66.60099792480469,152.52,156.25,150.19,154.85,0.0023302479124860387,6.060000000000002,Natural Gas,NG=F,₹/kg,Energy
2016-01-06,2.2669999599456787,2.359999895095825,2.240999937057495,2.3450000286102295,166278,66.52400207519531,156.0,157.0,149.08,150.81,-0.026089764288020567,7.9199999999999875,Natural Gas,NG=F,₹/kg,Energy
2016-01-07,2.381999969482422,2.428999900817871,2.2709999084472656,2.2899999618530273,214462,66.7239990234375,152.8,162.07,151.53,158.94,0.053908891983290186,10.539999999999992,Natural Gas,NG=F,₹/kg,Energy
2016-01-08,2.4719998836517334,2.494999885559082,2.377000093460083,2.3970000743865967,163907,66.9209976196289,160.41,166.97,159.07,165.43,0.040833018749213634,7.900000000000006,Natural Gas,NG=F,₹/kg,Energy
2016-01-11,2.3959999084472656,2.4800000190734863,2.3550000190734863,2.446000099182129,146842,66.83999633789062,163.49,165.76,157.41,160.15,-0.03191682282536423,8.349999999999994,Natural Gas,NG=F,₹/kg,Energy
2016-01-12,2.256999969482422,2.365999937057495,2.240999937057495,2.361999988555908,157603,66.79299926757812,157.77,158.03,149.68,150.75,-0.05869497346237906,8.349999999999994,Natural Gas,NG=F,₹/kg,Energy
2016-01-13,2.2690000534057617,2.322999954223633,2.25600004196167,2.263000011444092,137810,66.91999816894531,151.44,155.46,150.97,151.84,0.007230514096185692,4.490000000000009,Natural Gas,NG=F,₹/kg,Energy
2016-01-14,2.1389999389648438,2.2939999103546143,2.125999927520752,2.2739999294281006,156658,66.93599700927734,152.21,153.55,142.31,143.18,-0.057033719704952524,11.240000000000009,Natural Gas,NG=F,₹/kg,Energy
2016-01-15,2.0999999046325684,2.1530001163482666,2.0859999656677246,2.1440000534057617,103815,67.30400085449219,144.3,144.91,140.4,141.34,-0.012850956837547112,4.509999999999991,Natural Gas,NG=F,₹/kg,Energy
2016-01-19,2.0910000801086426,2.1700000762939453,2.0439999103546143,2.055000066757202,133091,67.71099853515625,139.15,146.93,138.4,141.58,0.001698033111645847,8.530000000000001,Natural Gas,NG=F,₹/kg,Energy
2016-01-20,2.118000030517578,2.1489999294281006,2.066999912261963,2.0910000801086426,106102,67.76699829101562,141.7,145.63,140.07,143.53,0.01377313179827655,5.560000000000002,Natural Gas,NG=F,₹/kg,Energy
2016-01-21,2.138000011444092,2.188999891281128,2.0799999237060547,2.134999990463257,161148,67.9489974975586,145.07,148.74,141.33,145.27,0.012122901135651176,7.409999999999997,Natural Gas,NG=F,₹/kg,Energy
2016-01-22,2.1389999389648438,2.1679999828338623,2.111999988555908,2.1489999294281006,92561,67.80799865722656,145.72,147.01,143.21,145.04,-0.0015832587595513425,3.799999999999983,Natural Gas,NG=F,₹/kg,Energy
2016-01-25,2.1579999923706055,2.174999952316284,2.0810000896453857,2.1559998989105225,59778,67.54100036621094,145.62,146.9,140.55,145.75,0.0048952013237728575,6.349999999999994,Natural Gas,NG=F,₹/kg,Energy
2016-01-26,2.180000066757202,2.2190001010894775,2.128000020980835,2.1440000534057617,47007,67.74099731445312,145.24,150.32,144.15,147.68,0.013241852487135608,6.1699999999999875,Natural Gas,NG=F,₹/kg,Energy
2016-01-27,2.188999891281128,2.240999937057495,2.1610000133514404,2.177000045776367,131832,67.7699966430664,147.54,151.87,146.45,148.35,0.004536836403033595,5.420000000000016,Natural Gas,NG=F,₹/kg,Energy
2016-01-28,2.181999921798706,2.2309999465942383,2.0880000591278076,2.1449999809265137,183962,68.19599914550781,146.28,152.15,142.39,148.8,0.0030333670374116384,9.76000000000002,Natural Gas,NG=F,₹/kg,Energy
2016-01-29,2.2980000972747803,2.315000057220459,2.2179999351501465,2.2239999771118164,181501,68.09300231933594,151.44,157.64,151.03,156.48,0.05161290322580636,6.609999999999985,Natural Gas,NG=F,₹/kg,Energy
2016-02-01,2.1519999504089355,2.2279999256134033,2.127000093460083,2.2130000591278076,174774,67.87000274658203,150.2,151.21,144.36,146.06,-0.06658997955010215,6.849999999999994,Natural Gas,NG=F,₹/kg,Energy
2016-02-02,2.0250000953674316,2.140000104904175,1.9759999513626099,2.135999917984009,215715,67.88200378417969,145.0,145.27,134.13,137.46,-0.05887991236478152,11.140000000000015,Natural Gas,NG=F,₹/kg,Energy
2016-02-03,2.0380001068115234,2.065000057220459,1.9919999837875366,2.0360000133514404,124472,67.98600006103516,138.42,140.39,135.43,138.56,0.00800232794994904,4.9599999999999795,Natural Gas,NG=F,₹/kg,Energy
2016-02-04,1.972000002861023,2.0480000972747803,1.9539999961853027,2.0420000553131104,153156,67.927001953125,138.71,139.11,132.73,133.95,-0.033270785219399635,6.380000000000024,Natural Gas,NG=F,₹/kg,Energy
2016-02-05,2.062999963760376,2.0759999752044678,1.9809999465942383,1.9809999465942383,165224,67.56400299072266,133.84,140.26,133.84,139.38,0.0405375139977604,6.4199999999999875,Natural Gas,NG=F,₹/kg,Energy
2016-02-08,2.140000104904175,2.171999931335449,2.1050000190734863,2.1059999465942383,197084,67.802001953125,142.79,147.27,142.72,145.1,0.04103888649734544,4.550000000000011,Natural Gas,NG=F,₹/kg,Energy
2016-02-09,2.0980000495910645,2.134000062942505,2.065000057220459,2.128999948501587,144489,68.07599639892578,144.93,145.27,140.58,142.82,-0.015713301171605742,4.689999999999998,Natural Gas,NG=F,₹/kg,Energy
2016-02-10,2.0460000038146973,2.1089999675750732,2.0169999599456787,2.0969998836517334,147136,67.9280014038086,142.45,143.26,137.01,138.98,-0.026886990617560613,6.25,Natural Gas,NG=F,₹/kg,Energy
2016-02-11,1.99399995803833,2.0929999351501465,1.9800000190734863,2.052000045776367,163827,67.89299774169922,139.32,142.1,134.43,135.38,-0.0259030076269966,7.6699999999999875,Natural Gas,NG=F,₹/kg,Energy
2016-02-12,1.965999960899353,2.0250000953674316,1.9509999752044678,1.99399995803833,102013,68.4739990234375,136.54,138.66,133.59,134.62,-0.005613827744127553,5.069999999999993,Natural Gas,NG=F,₹/kg,Energy
2016-02-16,1.902999997138977,1.9630000591278076,1.878999948501587,1.9520000219345093,135735,68.13700103759766,133.0,133.75,128.03,129.66,-0.03684445104739276,5.719999999999999,Natural Gas,NG=F,₹/kg,Energy
2016-02-17,1.9420000314712524,1.9600000381469727,1.8930000066757202,1.9249999523162842,108686,68.50599670410156,131.87,134.27,129.68,133.04,0.026068178312509627,4.590000000000003,Natural Gas,NG=F,₹/kg,Energy
2016-02-18,1.8519999980926514,1.9539999961853027,1.8489999771118164,1.9479999542236328,144732,68.35600280761719,133.16,133.57,126.39,126.6,-0.04840649428743238,7.179999999999993,Natural Gas,NG=F,₹/kg,Energy
2016-02-19,1.8040000200271606,1.8700000047683716,1.7940000295639038,1.8559999465942383,110286,68.56600189208984,127.26,128.22,123.01,123.69,-0.02298578199052126,5.209999999999994,Natural Gas,NG=F,₹/kg,Energy
2016-02-22,1.8209999799728394,1.8209999799728394,1.7669999599456787,1.784000039100647,92455,68.53800201416016,122.27,124.81,121.11,124.81,0.009054895302773147,3.700000000000003,Natural Gas,NG=F,₹/kg,Energy
2016-02-23,1.781999945640564,1.8480000495910645,1.7730000019073486,1.8320000171661377,54649,68.5739974975586,125.63,126.72,121.58,122.2,-0.020911785914590197,5.140000000000001,Natural Gas,NG=F,₹/kg,Energy
2016-02-24,1.777999997138977,1.8079999685287476,1.7610000371932983,1.784999966621399,41977,68.60299682617188,122.46,124.03,120.81,121.98,-0.0018003273322422242,3.219999999999999,Natural Gas,NG=F,₹/kg,Energy
2016-02-25,1.7109999656677246,1.7760000228881836,1.6820000410079956,1.7730000019073486,159634,68.3759994506836,121.23,121.44,115.01,116.99,-0.04090834563043133,6.429999999999993,Natural Gas,NG=F,₹/kg,Energy
2016-02-26,1.7910000085830688,1.8049999475479126,1.7309999465942383,1.7860000133514404,115553,68.7969970703125,122.87,124.18,119.09,123.22,0.05325241473630227,5.090000000000003,Natural Gas,NG=F,₹/kg,Energy
2016-02-29,1.7109999656677246,1.7369999885559082,1.690000057220459,1.7109999656677246,173244,68.7300033569336,117.6,119.38,116.15,117.6,-0.045609478980685014,3.2299999999999898,Natural Gas,NG=F,₹/kg,Energy
2016-03-01,1.7419999837875366,1.774999976158142,1.684999942779541,1.7070000171661377,192966,68.21800231933594,116.45,121.09,114.95,118.84,0.01054421768707492,6.140000000000001,Natural Gas,NG=F,₹/kg,Energy
2016-03-02,1.6779999732971191,1.746000051498413,1.656999945640564,1.7410000562667847,128726,67.74600219726562,117.95,118.28,112.26,113.68,-0.04341972399865357,6.019999999999996,Natural Gas,NG=F,₹/kg,Energy
2016-03-03,1.6390000581741333,1.6950000524520874,1.6299999952316284,1.6720000505447388,139558,67.38800048828125,112.67,114.22,109.84,110.45,-0.02841308937368059,4.3799999999999955,Natural Gas,NG=F,₹/kg,Energy
2016-03-04,1.6660000085830688,1.6749999523162842,1.6109999418258667,1.6260000467300415,100277,67.14299774169922,109.17,112.46,108.17,111.86,0.012765957446808418,4.289999999999992,Natural Gas,NG=F,₹/kg,Energy
2016-03-07,1.690000057220459,1.7400000095367432,1.6119999885559082,1.628000020980835,158881,66.93000030517578,108.96,116.46,107.89,113.11,0.011174682639013112,8.569999999999993,Natural Gas,NG=F,₹/kg,Energy
2016-03-08,1.7120000123977661,1.7400000095367432,1.6779999732971191,1.7070000171661377,147454,67.0459976196289,114.45,116.66,112.5,114.78,0.014764388648218496,4.159999999999997,Natural Gas,NG=F,₹/kg,Energy
2016-03-09,1.7519999742507935,1.784000039100647,1.715000033378601,1.7269999980926514,160681,67.35700225830078,116.33,120.16,115.52,118.01,0.028140791078585137,4.640000000000001,Natural Gas,NG=F,₹/kg,Energy
2016-03-10,1.7879999876022339,1.812000036239624,1.7330000400543213,1.7640000581741333,183310,67.1449966430664,118.44,121.67,116.36,120.06,0.017371409202609822,5.310000000000002,Natural Gas,NG=F,₹/kg,Energy
2016-03-11,1.8220000267028809,1.8589999675750732,1.7920000553131104,1.7990000247955322,135380,67.30899810791016,121.09,125.13,120.62,122.64,0.02148925537231383,4.509999999999991,Natural Gas,NG=F,₹/kg,Energy
2016-03-14,1.819000005722046,1.8569999933242798,1.7710000276565552,1.8179999589920044,111237,66.91300201416016,121.65,124.26,118.5,121.71,-0.007583170254403138,5.760000000000005,Natural Gas,NG=F,₹/kg,Energy
2016-03-15,1.8509999513626099,1.8980000019073486,1.8079999685287476,1.8320000171661377,137266,67.17400360107422,123.06,127.5,121.45,124.34,0.021608742091857813,6.049999999999997,Natural Gas,NG=F,₹/kg,Energy
2016-03-16,1.8680000305175781,1.878999948501587,1.8200000524520874,1.8489999771118164,112156,67.35900115966797,124.55,126.57,122.59,125.83,0.01198327167444102,3.9799999999999898,Natural Gas,NG=F,₹/kg,Energy
2016-03-17,1.9359999895095825,1.9520000219345093,1.8300000429153442,1.86899995803833,172241,66.83000183105469,124.91,130.45,122.3,129.38,0.028212667885241904,8.149999999999991,Natural Gas,NG=F,₹/kg,Energy
2016-03-18,1.906999945640564,1.9570000171661377,1.88100004196167,1.9329999685287476,122652,66.61199951171875,128.76,130.36,125.3,127.03,-0.018163549234812115,5.0600000000000165,Natural Gas,NG=F,₹/kg,Energy
2016-03-21,1.8279999494552612,1.9079999923706055,1.8079999685287476,1.8930000066757202,139542,66.3759994506836,125.65,126.65,120.01,121.34,-0.04479256868456272,6.640000000000001,Natural Gas,NG=F,₹/kg,Energy
2016-03-22,1.8630000352859497,1.8700000047683716,1.7960000038146973,1.812999963760376,116291,66.5199966430664,120.6,124.39,119.47,123.93,0.02134498104499749,4.920000000000002,Natural Gas,NG=F,₹/kg,Energy
2016-03-23,1.7940000295639038,1.8990000486373901,1.7769999504089355,1.8669999837875366,121750,66.76399993896484,124.65,126.78,118.64,119.77,-0.03356733639958054,8.14,Natural Gas,NG=F,₹/kg,Energy
2016-03-24,1.805999994277954,1.8270000219345093,1.7719999551773071,1.7910000085830688,64618,66.9020004272461,119.82,122.23,118.55,120.83,0.008850296401436086,3.680000000000007,Natural Gas,NG=F,₹/kg,Energy
2016-03-28,1.8480000495910645,1.8519999980926514,1.7660000324249268,1.784999966621399,55160,66.90699768066406,119.43,123.91,118.16,123.64,0.023255813953488413,5.75,Natural Gas,NG=F,₹/kg,Energy
2016-03-29,1.902999997138977,1.9140000343322754,1.8209999799728394,1.8550000190734863,149851,66.90699768066406,124.11,128.06,121.84,127.32,0.029763830475574293,6.219999999999999,Natural Gas,NG=F,₹/kg,Energy
2016-03-30,1.996000051498413,2.015000104904175,1.9630000591278076,1.9789999723434448,116072,66.36799621582031,131.34,133.73,130.28,132.47,0.04044926170279606,3.4499999999999886,Natural Gas,NG=F,₹/kg,Energy
2016-03-31,1.9589999914169312,2.0280001163482666,1.9299999475479126,1.9900000095367432,184464,66.36799621582031,132.07,134.59,128.09,130.01,-0.018570242319015717,6.5,Natural Gas,NG=F,₹/kg,Energy
2016-04-01,1.9559999704360962,1.9919999837875366,1.9249999523162842,1.9630000591278076,115458,66.24800109863281,130.04,131.97,127.53,129.58,-0.003307437889392917,4.439999999999998,Natural Gas,NG=F,₹/kg,Energy
2016-04-04,1.9980000257492065,2.0739998817443848,1.9759999513626099,1.9880000352859497,158616,66.35800170898438,131.92,137.63,131.12,132.58,0.02315172094459017,6.509999999999991,Natural Gas,NG=F,₹/kg,Energy
2016-04-05,1.9539999961853027,2.0409998893737793,1.930999994277954,2.003999948501587,136280,66.13300323486328,132.53,134.98,127.7,129.22,-0.025343189017951517,7.279999999999987,Natural Gas,NG=F,₹/kg,Energy
2016-04-06,1.9110000133514404,1.9429999589920044,1.8969999551773071,1.940999984741211,123746,66.46800231933594,129.01,129.15,126.09,127.02,-0.017025228292833927,3.0600000000000023,Natural Gas,NG=F,₹/kg,Energy
2016-04-07,2.0179998874664307,2.0239999294281006,1.8919999599456787,1.9040000438690186,214842,66.53299713134766,126.68,134.66,125.88,134.26,0.05699889781136824,8.780000000000001,Natural Gas,NG=F,₹/kg,Energy
2016-04-08,1.9900000095367432,2.0439999103546143,1.9859999418258667,2.015000104904175,163135,66.77899932861328,134.56,136.5,132.62,132.89,-0.010204081632653073,3.8799999999999955,Natural Gas,NG=F,₹/kg,Energy
2016-04-11,1.9119999408721924,1.9509999752044678,1.906999945640564,1.9509999752044678,158321,66.54399871826172,129.83,129.83,126.9,127.23,-0.042591617126946923,2.930000000000007,Natural Gas,NG=F,₹/kg,Energy
2016-04-12,2.003999948501587,2.0299999713897705,1.9220000505447388,1.934000015258789,175353,66.29000091552734,128.2,134.57,127.41,132.85,0.044171972019177774,7.159999999999997,Natural Gas,NG=F,₹/kg,Energy
2016-04-13,2.0360000133514404,2.0510001182556152,2.002000093460083,2.0160000324249268,164613,66.31500244140625,133.69,136.01,132.76,135.02,0.01633421151674841,3.25,Natural Gas,NG=F,₹/kg,Energy
2016-04-14,1.9700000286102295,2.0480000972747803,1.9570000171661377,2.0450000762939453,147139,66.5250015258789,136.04,136.24,130.19,131.05,-0.0294030513997926,6.050000000000011,Natural Gas,NG=F,₹/kg,Energy
2016-04-15,1.9019999504089355,1.9670000076293945,1.8849999904632568,1.9609999656677246,137689,66.63700103759766,130.68,131.07,125.61,126.74,-0.032888210606638824,5.459999999999994,Natural Gas,NG=F,₹/kg,Energy
2016-04-18,1.940000057220459,1.9500000476837158,1.871999979019165,1.8819999694824219,128242,66.65299987792969,125.44,129.97,124.77,129.31,0.020277733943506515,5.200000000000003,Natural Gas,NG=F,₹/kg,Energy
2016-04-19,2.0880000591278076,2.0959999561309814,1.9249999523162842,1.934000015258789,179590,66.40899658203125,128.44,139.19,127.84,138.66,0.07230685948495852,11.349999999999994,Natural Gas,NG=F,₹/kg,Energy
2016-04-20,2.069000005722046,2.13700008392334,2.053999900817871,2.0889999866485596,189782,66.22200012207031,138.34,141.52,136.02,137.01,-0.011899610558199991,5.5,Natural Gas,NG=F,₹/kg,Energy
2016-04-21,2.068000078201294,2.1070001125335693,2.052999973297119,2.072999954223633,147696,66.2040023803711,137.24,139.49,135.92,136.91,-0.0007298737318442994,3.5700000000000216,Natural Gas,NG=F,₹/kg,Energy
2016-04-22,2.140000104904175,2.1470000743865967,2.0339999198913574,2.061000108718872,155814,66.51200103759766,137.08,142.8,135.29,142.34,0.039661091227813916,7.510000000000019,Natural Gas,NG=F,₹/kg,Energy
2016-04-25,2.062999963760376,2.1760001182556152,2.0429999828338623,2.1600000858306885,66033,66.65299987792969,143.97,145.04,136.17,137.51,-0.033932836869467575,8.870000000000005,Natural Gas,NG=F,₹/kg,Energy
2016-04-26,2.0320000648498535,2.0820000171661377,1.9930000305175781,2.072000026702881,55326,66.70500183105469,138.21,138.88,132.94,135.54,-0.014326230819576735,5.939999999999998,Natural Gas,NG=F,₹/kg,Energy
2016-04-27,1.9950000047683716,2.063999891281128,1.9500000476837158,2.0350000858306885,179928,66.45700073242188,135.24,137.17,129.59,132.58,-0.02183857163936831,7.579999999999984,Natural Gas,NG=F,₹/kg,Energy
2016-04-28,2.078000068664551,2.1549999713897705,2.053999900817871,2.1489999294281006,181446,66.3550033569336,142.6,143.0,136.29,137.89,0.040051289787297994,6.710000000000008,Natural Gas,NG=F,₹/kg,Energy
2016-04-29,2.177999973297119,2.194999933242798,2.0420000553131104,2.059999942779541,228083,66.43800354003906,136.86,145.83,135.67,144.7,0.04938719268982528,10.160000000000025,Natural Gas,NG=F,₹/kg,Energy
2016-05-02,2.0420000553131104,2.1429998874664307,2.0260000228881836,2.131999969482422,161764,66.41799926757812,141.6,142.33,134.56,135.63,-0.06268140981340697,7.77000000000001,Natural Gas,NG=F,₹/kg,Energy
2016-05-03,2.0859999656677246,2.1040000915527344,2.0409998893737793,2.052999973297119,125188,66.37100219726562,136.26,139.64,135.46,138.45,0.020791860207918456,4.179999999999978,Natural Gas,NG=F,₹/kg,Energy
2016-05-04,2.1410000324249268,2.1600000858306885,2.061000108718872,2.0859999656677246,131086,66.59200286865234,138.91,143.84,137.25,142.57,0.0297580353918383,6.590000000000003,Natural Gas,NG=F,₹/kg,Energy
2016-05-05,2.0759999752044678,2.178999900817871,2.068000078201294,2.1429998874664307,148472,66.62000274658203,142.77,145.16,137.77,138.3,-0.029950199901802477,7.389999999999986,Natural Gas,NG=F,₹/kg,Energy
2016-05-06,2.1010000705718994,2.1089999675750732,2.0450000762939453,2.0840001106262207,128478,66.60199737548828,138.8,140.46,136.2,139.93,0.011785972523499666,4.260000000000019,Natural Gas,NG=F,₹/kg,Energy
2016-05-09,2.0980000495910645,2.125999927520752,2.0799999237060547,2.1040000915527344,109455,66.59400177001953,140.11,141.58,138.52,139.71,-0.0015722146787680025,3.0600000000000023,Natural Gas,NG=F,₹/kg,Energy
2016-05-10,2.1579999923706055,2.1730000972747803,2.0910000801086426,2.0999999046325684,137449,66.72100067138672,140.11,144.98,139.51,143.98,0.030563309712976716,5.469999999999999,Natural Gas,NG=F,₹/kg,Energy
2016-05-11,2.1730000972747803,2.183000087738037,2.114000082015991,2.1640000343322754,154963,66.66600036621094,144.27,145.53,140.93,144.87,0.006181414085289827,4.599999999999994,Natural Gas,NG=F,₹/kg,Energy
2016-05-12,2.1549999713897705,2.184999942779541,2.125,2.1630001068115234,144823,66.59100341796875,144.04,145.5,141.51,143.5,-0.009456754331469641,3.990000000000009,Natural Gas,NG=F,₹/kg,Energy
2016-05-13,2.0959999561309814,2.1640000343322754,2.075000047683716,2.134000062942505,169395,66.7509994506836,142.45,144.45,138.51,139.91,-0.025017421602787526,5.939999999999998,Natural Gas,NG=F,₹/kg,Energy
2016-05-16,2.0290000438690186,2.0869998931884766,2.0230000019073486,2.0799999237060547,122627,66.9000015258789,139.15,139.62,135.34,135.74,-0.029804874562218475,4.280000000000001,Natural Gas,NG=F,₹/kg,Energy
2016-05-17,2.0480000972747803,2.0829999446868896,2.0299999713897705,2.0369999408721924,114930,66.875,136.22,139.3,135.76,136.96,0.008987770738176026,3.5400000000000205,Natural Gas,NG=F,₹/kg,Energy
2016-05-18,2.000999927520752,2.056999921798706,1.99399995803833,2.053999900817871,129144,66.86799621582031,137.35,137.55,133.33,133.8,-0.023072429906542014,4.219999999999999,Natural Gas,NG=F,₹/kg,Energy
2016-05-19,2.0390000343322754,2.052000045776367,1.9520000219345093,2.009999990463257,175780,67.16000366210938,134.99,137.81,131.1,136.94,0.023467862481315382,6.710000000000008,Natural Gas,NG=F,₹/kg,Energy
2016-05-20,2.062000036239624,2.0739998817443848,2.015000104904175,2.0369999408721924,108443,67.47699737548828,137.45,139.95,135.97,139.14,0.016065430115378865,3.9799999999999898,Natural Gas,NG=F,₹/kg,Energy
2016-05-23,2.055000066757202,2.132999897003174,2.049999952316284,2.0929999351501465,106263,67.4229965209961,141.12,143.81,138.22,138.55,-0.00424033347707331,5.590000000000003,Natural Gas,NG=F,₹/kg,Energy
2016-05-24,1.9800000190734863,2.0869998931884766,1.9759999513626099,2.063999891281128,80233,67.447998046875,139.21,140.76,133.28,133.55,-0.036088054853843365,7.47999999999999,Natural Gas,NG=F,₹/kg,Energy
2016-05-25,1.9919999837875366,2.007999897003174,1.9550000429153442,1.9800000190734863,54778,67.6510009765625,133.95,135.84,132.26,134.76,0.009060277049793841,3.5800000000000125,Natural Gas,NG=F,₹/kg,Energy
2016-05-26,1.9630000591278076,1.9850000143051147,1.909000039100647,1.972000002861023,148832,67.30400085449219,132.72,133.6,128.48,132.12,-0.019590382902938464,5.1200000000000045,Natural Gas,NG=F,₹/kg,Energy
2016-05-27,2.1689999103546143,2.190999984741211,2.1010000705718994,2.1449999809265137,124443,66.9540023803711,143.62,146.7,140.67,145.22,0.09915228580078717,6.030000000000001,Natural Gas,NG=F,₹/kg,Energy
2016-05-31,2.2880001068115234,2.302999973297119,2.1510000228881836,2.1600000858306885,194034,67.13300323486328,145.01,154.61,144.4,153.6,0.05770555019969703,10.210000000000008,Natural Gas,NG=F,₹/kg,Energy
2016-06-01,2.38100004196167,2.385999917984009,2.2769999504089355,2.2869999408721924,209914,67.23100280761719,153.76,160.41,153.08,160.08,0.042187500000000044,7.329999999999984,Natural Gas,NG=F,₹/kg,Energy
2016-06-02,2.4049999713897705,2.4240000247955322,2.3610000610351562,2.36899995803833,155782,67.4260025024414,159.73,163.44,159.19,162.16,0.01299350324837567,4.25,Natural Gas,NG=F,₹/kg,Energy
2016-06-03,2.3980000019073486,2.4539999961853027,2.38700008392334,2.4040000438690186,135938,67.29199981689453,161.77,165.13,160.63,161.37,-0.0048717316230882934,4.5,Natural Gas,NG=F,₹/kg,Energy
2016-06-06,2.4660000801086426,2.4800000190734863,2.3989999294281006,2.438999891281128,150658,66.99199676513672,163.39,166.14,160.71,165.2,0.023734275268017413,5.429999999999978,Natural Gas,NG=F,₹/kg,Energy
2016-06-07,2.4739999771118164,2.490999937057495,2.4079999923706055,2.444000005722046,169660,66.8010025024414,163.26,166.4,160.86,165.27,0.0004237288135593431,5.539999999999992,Natural Gas,NG=F,₹/kg,Energy
2016-06-08,2.4679999351501465,2.500999927520752,2.453000068664551,2.4809999465942383,163427,66.76300048828125,165.64,166.97,163.77,164.77,-0.0030253524535608367,3.1999999999999886,Natural Gas,NG=F,₹/kg,Energy
2016-06-09,2.617000102996826,2.630000114440918,2.4509999752044678,2.4649999141693115,280217,66.51000213623047,163.95,174.92,163.02,174.06,0.056381622868240555,11.899999999999977,Natural Gas,NG=F,₹/kg,Energy
2016-06-10,2.555999994277954,2.6089999675750732,2.5510001182556152,2.5929999351501465,165068,66.74099731445312,173.06,174.13,170.26,170.59,-0.019935654372055578,3.8700000000000045,Natural Gas,NG=F,₹/kg,Energy
2016-06-13,2.5850000381469727,2.634999990463257,2.569999933242798,2.5950000286102295,163311,66.94499969482422,173.72,176.4,172.05,173.05,0.014420540477167565,4.349999999999994,Natural Gas,NG=F,₹/kg,Energy
2016-06-14,2.6040000915527344,2.621000051498413,2.5350000858306885,2.5759999752044678,158697,67.15399932861328,172.99,176.01,170.24,174.87,0.010517191563131911,5.769999999999982,Natural Gas,NG=F,₹/kg,Energy
2016-06-15,2.5950000286102295,2.634000062942505,2.5859999656677246,2.6070001125335693,107729,67.2979965209961,175.45,177.26,174.03,174.64,-0.0013152627666267458,3.2299999999999898,Natural Gas,NG=F,₹/kg,Energy
2016-06-16,2.5799999237060547,2.6389999389648438,2.552999973297119,2.5920000076293945,149526,67.072998046875,173.85,177.01,171.24,173.05,-0.009104443426477205,5.769999999999982,Natural Gas,NG=F,₹/kg,Energy
2016-06-17,2.622999906539917,2.6559998989105225,2.553999900817871,2.5840001106262207,127814,67.30699920654297,173.92,178.77,171.9,176.55,0.0202253683906386,6.8700000000000045,Natural Gas,NG=F,₹/kg,Energy
2016-06-20,2.746999979019165,2.759000062942505,2.6500000953674316,2.6519999504089355,158498,67.06600189208984,177.86,185.04,177.72,184.23,0.04350042480883598,7.319999999999993,Natural Gas,NG=F,₹/kg,Energy
2016-06-21,2.7679998874664307,2.7860000133514404,2.7100000381469727,2.743000030517578,124578,67.12999725341797,184.14,187.02,181.92,185.82,0.008630516202572824,5.100000000000023,Natural Gas,NG=F,₹/kg,Energy
2016-06-22,2.677000045776367,2.7750000953674316,2.6570000648498535,2.765000104904175,142665,67.60600280761719,186.93,187.61,179.63,180.98,-0.02604671187170382,7.980000000000018,Natural Gas,NG=F,₹/kg,Energy
2016-06-23,2.697999954223633,2.7200000286102295,2.614000082015991,2.6700000762939453,141679,67.4219970703125,180.02,183.39,176.24,181.9,0.005083434633661232,7.149999999999977,Natural Gas,NG=F,₹/kg,Energy
2016-06-24,2.6619999408721924,2.703000068664551,2.625,2.703000068664551,46173,67.24199676513672,181.76,181.76,176.51,179.0,-0.015942825728422205,5.25,Natural Gas,NG=F,₹/kg,Energy
2016-06-27,2.7160000801086426,2.7360000610351562,2.63100004196167,2.635999917984009,45353,67.87699890136719,178.92,185.71,178.58,184.35,0.029888268156424536,7.1299999999999955,Natural Gas,NG=F,₹/kg,Energy
2016-06-28,2.9170000553131104,2.934000015258789,2.7209999561309814,2.7260000705718994,176680,67.9209976196289,185.15,199.28,184.81,198.13,0.07474911852454569,14.469999999999999,Natural Gas,NG=F,₹/kg,Energy
2016-06-29,2.86299991607666,2.9739999771118164,2.8440001010894775,2.878999948501587,147245,67.70500183105469,194.92,201.35,192.55,193.84,-0.021652450411346003,8.799999999999983,Natural Gas,NG=F,₹/kg,Energy
2016-06-30,2.9240000247955322,2.944999933242798,2.8510000705718994,2.86299991607666,160700,67.41600036621094,193.01,198.54,192.2,197.12,0.016921172100701654,6.340000000000003,Natural Gas,NG=F,₹/kg,Energy
2016-07-01,2.986999988555908,2.997999906539917,2.8910000324249268,2.930999994277954,114642,67.5009994506836,197.85,202.37,195.15,201.63,0.02287946428571419,7.219999999999999,Natural Gas,NG=F,₹/kg,Energy
2016-07-05,2.7639999389648438,2.944999933242798,2.752000093460083,2.9149999618530273,176555,67.23699951171875,196.0,198.01,185.04,185.84,-0.07831175916282296,12.969999999999999,Natural Gas,NG=F,₹/kg,Energy
2016-07-06,2.7860000133514404,2.802000045776367,2.697000026702881,2.7679998874664307,135881,67.4260025024414,186.64,188.93,181.85,187.85,0.010815755488592371,7.0800000000000125,Natural Gas,NG=F,₹/kg,Energy
2016-07-07,2.7769999504089355,2.8410000801086426,2.7249999046325684,2.802999973297119,138168,67.4010009765625,188.93,191.49,183.67,187.17,-0.0036199095022624306,7.820000000000022,Natural Gas,NG=F,₹/kg,Energy
2016-07-08,2.8010001182556152,2.825000047683716,2.747999906539917,2.757999897003174,98786,67.49700164794922,186.16,190.68,185.48,189.06,0.010097772078858869,5.200000000000017,Natural Gas,NG=F,₹/kg,Energy
2016-07-11,2.7019999027252197,2.871000051498413,2.696000099182129,2.819000005722046,151030,67.13200378417969,189.25,192.74,180.99,181.39,-0.04056913149264796,11.75,Natural Gas,NG=F,₹/kg,Energy
2016-07-12,2.7339999675750732,2.750999927520752,2.687000036239624,2.7170000076293945,143029,67.1449966430664,182.43,184.72,180.42,183.57,0.012018303103809469,4.300000000000011,Natural Gas,NG=F,₹/kg,Energy
2016-07-13,2.736999988555908,2.7990000247955322,2.7019999027252197,2.73799991607666,131498,66.87000274658203,183.09,187.17,180.68,183.02,-0.002996132265620677,6.489999999999981,Natural Gas,NG=F,₹/kg,Energy
2016-07-14,2.7269999980926514,2.7690000534057617,2.7090001106262207,2.750999927520752,126994,67.00599670410156,184.33,185.54,181.52,182.73,-0.001584526281280807,4.019999999999982,Natural Gas,NG=F,₹/kg,Energy
2016-07-15,2.75600004196167,2.7780001163482666,2.6689999103546143,2.7300000190734863,122444,66.83799743652344,182.47,185.68,178.39,184.21,0.008099381601269773,7.2900000000000205,Natural Gas,NG=F,₹/kg,Energy
2016-07-18,2.7219998836517334,2.7990000247955322,2.7079999446868896,2.7750000953674316,89832,67.13300323486328,186.29,187.91,181.8,182.74,-0.007980022800065156,6.109999999999985,Natural Gas,NG=F,₹/kg,Energy
2016-07-19,2.7279999256134033,2.7869999408721924,2.7139999866485596,2.7330000400543213,105285,67.13899993896484,183.49,187.12,182.22,183.16,0.0022983473787894226,4.900000000000006,Natural Gas,NG=F,₹/kg,Energy
2016-07-20,2.6579999923706055,2.7300000190734863,2.6480000019073486,2.7219998836517334,125798,67.20600128173828,182.93,183.47,177.96,178.63,-0.02473247433937542,5.509999999999991,Natural Gas,NG=F,₹/kg,Energy
2016-07-21,2.691999912261963,2.7100000381469727,2.625,2.6649999618530273,120585,67.16400146484375,178.99,182.01,176.31,180.81,0.012203997088954921,5.699999999999989,Natural Gas,NG=F,₹/kg,Energy
2016-07-22,2.7769999504089355,2.7950000762939453,2.6600000858306885,2.687999963760376,95596,67.15399932861328,180.51,187.7,178.63,186.49,0.031414191692937354,9.069999999999993,Natural Gas,NG=F,₹/kg,Energy
2016-07-25,2.746999979019165,2.818000078201294,2.7279999256134033,2.7790000438690186,46357,67.14600372314453,186.6,189.22,183.17,184.45,-0.010938924339106815,6.050000000000011,Natural Gas,NG=F,₹/kg,Energy
2016-07-26,2.7119998931884766,2.7720000743865967,2.681999921798706,2.7330000400543213,54031,67.40499877929688,184.22,186.85,180.78,182.8,-0.008945513689346596,6.069999999999993,Natural Gas,NG=F,₹/kg,Energy
2016-07-27,2.671999931335449,2.75,2.6540000438690186,2.690999984741211,125801,67.28399658203125,181.06,185.03,178.57,179.78,-0.016520787746170718,6.460000000000008,Natural Gas,NG=F,₹/kg,Energy
2016-07-28,2.872999906539917,2.8929998874664307,2.6510000228881836,2.6730000972747803,249336,67.06300354003906,179.26,194.01,177.78,192.67,0.07169874290799849,16.22999999999999,Natural Gas,NG=F,₹/kg,Energy
2016-07-29,2.875999927520752,2.9110000133514404,2.8369998931884766,2.8570001125335693,116827,67.00700378417969,191.44,195.06,190.1,192.71,0.00020760886489856745,4.960000000000008,Natural Gas,NG=F,₹/kg,Energy
2016-08-01,2.7709999084472656,2.875999927520752,2.7679998874664307,2.8399999141693115,128411,66.64800262451172,189.28,191.68,184.48,184.68,-0.04166882881012923,7.200000000000017,Natural Gas,NG=F,₹/kg,Energy
2016-08-02,2.7330000400543213,2.7990000247955322,2.7279999256134033,2.7739999294281006,107781,66.7509994506836,185.17,186.84,182.1,182.43,-0.012183235867446407,4.740000000000009,Natural Gas,NG=F,₹/kg,Energy
2016-08-03,2.8389999866485596,2.865999937057495,2.7219998836517334,2.7339999675750732,155704,66.6760025024414,182.29,191.09,181.49,189.29,0.0376034643424874,9.599999999999994,Natural Gas,NG=F,₹/kg,Energy
2016-08-04,2.8340001106262207,2.884999990463257,2.809999942779541,2.8420000076293945,148296,66.76000213623047,189.73,192.6,187.6,189.2,-0.00047546093296002567,5.0,Natural Gas,NG=F,₹/kg,Energy
2016-08-05,2.7720000743865967,2.8320000171661377,2.75600004196167,2.8289999961853027,145174,66.84100341796875,189.09,189.29,184.21,185.28,-0.020718816067653245,5.079999999999984,Natural Gas,NG=F,₹/kg,Energy
2016-08-08,2.747999906539917,2.760999917984009,2.7049999237060547,2.749000072479248,175884,66.83499908447266,183.73,184.53,180.79,183.66,-0.008743523316062207,3.740000000000009,Natural Gas,NG=F,₹/kg,Energy
2016-08-09,2.615000009536743,2.74399995803833,2.6050000190734863,2.73799991607666,221206,66.79399871826172,182.88,183.28,174.0,174.67,-0.04894914515953397,9.280000000000001,Natural Gas,NG=F,₹/kg,Energy
2016-08-10,2.561000108718872,2.6500000953674316,2.5510001182556152,2.61899995803833,187743,66.78299713134766,174.9,176.97,170.36,171.03,-0.020839296959981657,6.609999999999985,Natural Gas,NG=F,₹/kg,Energy
2016-08-11,2.5510001182556152,2.6050000190734863,2.5290000438690186,2.569999933242798,181826,66.75800323486328,171.57,173.9,168.83,170.3,-0.004268257030930145,5.069999999999993,Natural Gas,NG=F,₹/kg,Energy
2016-08-12,2.5859999656677246,2.625,2.5230000019073486,2.5350000858306885,134470,66.73999786376953,169.19,175.19,168.39,172.59,0.01344685848502647,6.800000000000011,Natural Gas,NG=F,₹/kg,Energy
2016-08-15,2.5899999141693115,2.635999917984009,2.561000108718872,2.565000057220459,102325,66.89959716796875,171.6,176.35,171.33,173.27,0.003939973347239167,5.019999999999982,Natural Gas,NG=F,₹/kg,Energy
2016-08-16,2.617000102996826,2.630000114440918,2.5799999237060547,2.5910000801086426,98534,66.86489868164062,173.25,175.85,172.51,174.99,0.009926703987995555,3.3400000000000034,Natural Gas,NG=F,₹/kg,Energy
2016-08-17,2.61899995803833,2.6480000019073486,2.5850000381469727,2.627000093460083,122020,66.85769653320312,175.64,177.04,172.83,175.1,0.0006286073489913946,4.2099999999999795,Natural Gas,NG=F,₹/kg,Energy
2016-08-18,2.6740000247955322,2.697000026702881,2.6019999980926514,2.615000009536743,146982,66.90550231933594,174.96,180.44,174.09,178.91,0.02175899486008004,6.349999999999994,Natural Gas,NG=F,₹/kg,Energy
2016-08-19,2.5840001106262207,2.6700000762939453,2.569000005722046,2.6600000858306885,122687,66.81999969482422,177.74,178.41,171.66,172.66,-0.034933765580459464,6.75,Natural Gas,NG=F,₹/kg,Energy
2016-08-22,2.678999900817871,2.696000099182129,2.5959999561309814,2.5959999561309814,143253,67.12750244140625,174.26,180.98,174.26,179.83,0.04152669987258206,6.719999999999999,Natural Gas,NG=F,₹/kg,Energy
2016-08-23,2.760999917984009,2.765000104904175,2.6519999504089355,2.6710000038146973,131600,67.1874008178711,179.46,185.77,178.18,185.5,0.03152977812378355,7.590000000000003,Natural Gas,NG=F,₹/kg,Energy
2016-08-24,2.7960000038146973,2.819000005722046,2.749000072479248,2.760999917984009,108008,67.12999725341797,185.35,189.24,184.54,187.7,0.011859838274932644,4.700000000000017,Natural Gas,NG=F,₹/kg,Energy
2016-08-25,2.8459999561309814,2.86299991607666,2.749000072479248,2.7899999618530273,68929,67.16000366210938,187.38,192.28,184.62,191.14,0.018327117741076204,7.659999999999997,Natural Gas,NG=F,₹/kg,Energy
2016-08-26,2.871000051498413,2.9070000648498535,2.796999931335449,2.8399999141693115,49829,67.00559997558594,190.3,194.79,187.41,192.37,0.006435073767918853,7.3799999999999955,Natural Gas,NG=F,₹/kg,Energy
2016-08-29,2.8529999256134033,2.8959999084472656,2.8310000896453857,2.8469998836517334,119653,67.12899780273438,191.12,194.41,190.04,191.52,-0.00441856838384358,4.3700000000000045,Natural Gas,NG=F,₹/kg,Energy
2016-08-30,2.8269999027252197,2.943000078201294,2.815000057220459,2.8929998874664307,133443,67.08999633789062,194.09,197.45,188.86,189.66,-0.009711779448621671,8.589999999999975,Natural Gas,NG=F,₹/kg,Energy
2016-08-31,2.88700008392334,2.9000000953674316,2.808000087738037,2.8340001106262207,140178,67.12660217285156,190.24,194.67,188.49,193.79,0.021775809343034913,6.179999999999978,Natural Gas,NG=F,₹/kg,Energy
2016-09-01,2.7920000553131104,2.890000104904175,2.7850000858306885,2.878999948501587,157509,66.97470092773438,192.82,193.56,186.52,186.99,-0.03508952990350367,7.039999999999992,Natural Gas,NG=F,₹/kg,Energy
2016-09-02,2.7920000553131104,2.825000047683716,2.7699999809265137,2.805000066757202,88815,66.79299926757812,187.35,188.69,185.02,186.49,-0.0026739397828761113,3.6699999999999875,Natural Gas,NG=F,₹/kg,Energy
2016-09-06,2.7170000076293945,2.7699999809265137,2.7079999446868896,2.7639999389648438,126923,66.45999908447266,183.7,184.09,179.97,180.57,-0.031744329454662545,4.1200000000000045,Natural Gas,NG=F,₹/kg,Energy
2016-09-07,2.6760001182556152,2.743000030517578,2.6649999618530273,2.7249999046325684,139254,66.25520324707031,180.55,181.74,176.57,177.3,-0.018109320485130365,5.170000000000016,Natural Gas,NG=F,₹/kg,Energy
2016-09-08,2.805999994277954,2.821000099182129,2.678999900817871,2.680999994277954,212586,66.47160339355469,178.21,187.52,178.08,186.52,0.05200225606316966,9.439999999999998,Natural Gas,NG=F,₹/kg,Energy
2016-09-09,2.796999931335449,2.8440001010894775,2.7829999923706055,2.809999942779541,149669,66.44999694824219,186.72,188.98,184.93,185.86,-0.0035384945314175242,4.049999999999983,Natural Gas,NG=F,₹/kg,Energy
2016-09-12,2.9149999618530273,2.9240000247955322,2.819999933242798,2.819999933242798,189734,66.77799987792969,188.31,195.26,188.31,194.66,0.047347465834499,6.949999999999989,Natural Gas,NG=F,₹/kg,Energy
2016-09-13,2.9089999198913574,2.941999912261963,2.88700008392334,2.9019999504089355,140057,66.7229995727539,193.63,196.3,192.63,194.1,-0.0028768108496866063,3.670000000000016,Natural Gas,NG=F,₹/kg,Energy
2016-09-14,2.8889999389648438,2.9779999256134033,2.8519999980926514,2.8989999294281006,175313,66.99500274658203,194.22,199.51,191.07,193.55,-0.0028335909325089004,8.439999999999998,Natural Gas,NG=F,₹/kg,Energy
2016-09-15,2.927000045776367,2.944000005722046,2.8340001106262207,2.8949999809265137,152767,66.75810241699219,193.26,196.54,189.19,195.4,0.00955825368121932,7.349999999999994,Natural Gas,NG=F,₹/kg,Energy
2016-09-16,2.947999954223633,2.9630000591278076,2.865999937057495,2.9179999828338623,123997,66.85030364990234,195.07,198.08,191.59,197.07,0.008546571136130998,6.490000000000009,Natural Gas,NG=F,₹/kg,Energy
2016-09-19,2.934000015258789,2.9579999446868896,2.890000104904175,2.9560000896453857,106540,67.06529998779297,198.25,198.38,193.82,196.77,-0.001522301720200847,4.560000000000002,Natural Gas,NG=F,₹/kg,Energy
2016-09-20,3.046999931335449,3.072000026702881,2.934999942779541,2.936000108718872,172079,66.9552001953125,196.58,205.69,196.51,204.01,0.03679422676220967,9.180000000000007,Natural Gas,NG=F,₹/kg,Energy
2016-09-21,3.056999921798706,3.0980000495910645,3.0290000438690186,3.078000068664551,129474,66.9749984741211,206.15,207.49,202.87,204.74,0.003578255967844779,4.6200000000000045,Natural Gas,NG=F,₹/kg,Energy
2016-09-22,2.990000009536743,3.0910000801086426,2.9809999465942383,3.0739998817443848,132427,66.76119995117188,205.22,206.36,199.02,199.62,-0.02500732636514602,7.340000000000003,Natural Gas,NG=F,₹/kg,Energy
2016-09-23,2.9549999237060547,3.0209999084472656,2.933000087738037,2.994999885559082,93791,66.62259674072266,199.53,201.27,195.4,196.87,-0.013776174731990776,5.8700000000000045,Natural Gas,NG=F,₹/kg,Energy
2016-09-26,2.996999979019165,3.0179998874664307,2.943000078201294,2.9489998817443848,44209,66.69650268554688,196.69,201.29,196.29,199.89,0.01534007212881594,5.0,Natural Gas,NG=F,₹/kg,Energy
2016-09-27,2.996000051498413,3.0230000019073486,2.9769999980926514,3.010999917984009,45160,66.60649871826172,200.55,201.35,198.29,199.55,-0.0017009355145328753,3.0600000000000023,Natural Gas,NG=F,₹/kg,Energy
2016-09-28,2.9519999027252197,2.99399995803833,2.9049999713897705,2.99399995803833,137838,66.44129943847656,198.93,198.93,193.01,196.13,-0.017138561763968996,5.920000000000016,Natural Gas,NG=F,₹/kg,Energy
2016-09-29,2.9590001106262207,3.0320000648498535,2.9560000896453857,3.009999990463257,131811,66.33280181884766,199.66,201.12,196.08,196.28,0.0007647988579004839,5.039999999999992,Natural Gas,NG=F,₹/kg,Energy
2016-09-30,2.9059998989105225,2.9769999980926514,2.8919999599456787,2.9660000801086426,168142,66.81629943847656,198.18,198.91,193.23,194.17,-0.010749949052374252,5.680000000000007,Natural Gas,NG=F,₹/kg,Energy
2016-10-03,2.9230000972747803,2.937000036239624,2.865999937057495,2.9049999713897705,126404,66.54650115966797,193.32,195.45,190.72,194.52,0.0018025441623321647,4.72999999999999,Natural Gas,NG=F,₹/kg,Energy
2016-10-04,2.9639999866485596,2.990000009536743,2.878000020980835,2.9070000648498535,145549,66.38030242919922,192.97,198.48,191.04,196.75,0.011464116800328883,7.439999999999998,Natural Gas,NG=F,₹/kg,Energy
2016-10-05,3.0409998893737793,3.058000087738037,2.921999931335449,2.9730000495910645,171022,66.5780029296875,197.94,203.6,194.54,202.46,0.029021601016518517,9.060000000000002,Natural Gas,NG=F,₹/kg,Energy
2016-10-06,3.0490000247955322,3.071000099182129,2.9719998836517334,3.0299999713897705,202362,66.56320190429688,201.69,204.42,197.83,202.95,0.0024202311567715906,6.589999999999975,Natural Gas,NG=F,₹/kg,Energy
2016-10-07,3.193000078201294,3.2179999351501465,3.015000104904175,3.0329999923706055,283581,66.68710327148438,202.26,214.6,201.06,212.93,0.04917467356491767,13.539999999999992,Natural Gas,NG=F,₹/kg,Energy
2016-10-11,3.236999988555908,3.299999952316284,3.2090001106262207,3.2720000743865967,187557,66.48509979248047,217.54,219.4,213.35,215.21,0.01070774432912236,6.050000000000011,Natural Gas,NG=F,₹/kg,Energy
2016-10-12,3.2100000381469727,3.259999990463257,3.184000015258789,3.2230000495910645,171806,66.79850006103516,215.29,217.76,212.69,214.42,-0.00367083313972405,5.069999999999993,Natural Gas,NG=F,₹/kg,Energy
2016-10-13,3.3410000801086426,3.365999937057495,3.1640000343322754,3.2109999656677246,267945,66.81809997558594,214.55,224.91,211.41,223.24,0.04113422255386645,13.5,Natural Gas,NG=F,₹/kg,Energy
2016-10-14,3.2850000858306885,3.361999988555908,3.2639999389648438,3.3450000286102295,166446,66.78399658203125,223.39,224.53,217.98,219.39,-0.017246013259272663,6.550000000000011,Natural Gas,NG=F,₹/kg,Energy
2016-10-17,3.24399995803833,3.2709999084472656,3.2109999656677246,3.259999990463257,128893,66.7052993774414,217.46,218.19,214.19,216.39,-0.01367427868179949,4.0,Natural Gas,NG=F,₹/kg,Energy
2016-10-18,3.263000011444092,3.316999912261963,3.247999906539917,3.252000093460083,116938,66.78359985351562,217.18,221.52,216.91,217.91,0.0070243541753316485,4.610000000000014,Natural Gas,NG=F,₹/kg,Energy
2016-10-19,3.1700000762939453,3.260999917984009,3.1440000534057617,3.259999990463257,156842,66.73799896240234,217.57,217.63,209.82,211.56,-0.029140470836583887,7.810000000000002,Natural Gas,NG=F,₹/kg,Energy
2016-10-20,3.1410000324249268,3.2009999752044678,3.1010000705718994,3.1730000972747803,161637,66.63639831542969,211.44,213.3,206.64,209.3,-0.010682548685951976,6.660000000000025,Natural Gas,NG=F,₹/kg,Energy
2016-10-21,2.993000030517578,3.121000051498413,2.9549999237060547,3.119999885559082,170372,66.84130096435547,208.54,208.61,197.52,200.06,-0.044147157190635444,11.090000000000003,Natural Gas,NG=F,₹/kg,Energy
2016-10-24,2.8310000896453857,3.0439999103546143,2.8269999027252197,3.006999969482422,162042,66.91120147705078,201.2,203.68,189.16,189.43,-0.05313405978206531,14.52000000000001,Natural Gas,NG=F,₹/kg,Energy
2016-10-25,2.7739999294281006,2.878999948501587,2.755000114440918,2.8510000705718994,99283,66.83399963378906,190.54,192.42,184.13,185.4,-0.021274349363881173,8.289999999999992,Natural Gas,NG=F,₹/kg,Energy
2016-10-26,2.7309999465942383,2.7760000228881836,2.627000093460083,2.756999969482422,83053,66.78130340576172,184.12,185.38,175.43,182.38,-0.016289104638619212,9.949999999999989,Natural Gas,NG=F,₹/kg,Energy
2016-10-27,2.7639999389648438,2.7929999828338623,2.684000015258789,2.746000051498413,191943,66.86399841308594,183.61,186.75,179.46,184.81,0.013323829367255291,7.289999999999992,Natural Gas,NG=F,₹/kg,Energy
2016-10-28,3.1050000190734863,3.125,3.0160000324249268,3.0810000896453857,157123,66.90299987792969,206.13,209.07,201.78,207.73,0.12401926302689237,7.289999999999992,Natural Gas,NG=F,₹/kg,Energy
2016-10-31,3.0260000228881836,3.1630001068115234,2.9779999256134033,3.1500000953674316,154845,66.78140258789062,210.36,211.23,198.88,202.08,-0.02719876763105944,12.349999999999994,Natural Gas,NG=F,₹/kg,Energy
2016-11-01,2.9019999504089355,3.0290000438690186,2.8499999046325684,2.9790000915527344,228839,66.66549682617188,198.6,201.93,190.0,193.46,-0.042656373713380824,11.930000000000007,Natural Gas,NG=F,₹/kg,Energy
2016-11-02,2.7920000553131104,2.8889999389648438,2.7690000534057617,2.8519999980926514,193678,66.67849731445312,190.17,192.63,184.63,186.17,-0.03768220820841528,8.0,Natural Gas,NG=F,₹/kg,Energy
2016-11-03,2.7690000534057617,2.8399999141693115,2.7249999046325684,2.7730000019073486,170347,66.77749633789062,185.17,189.65,181.97,184.91,-0.006768007734865966,7.680000000000007,Natural Gas,NG=F,₹/kg,Energy
2016-11-04,2.7669999599456787,2.819999933242798,2.740999937057495,2.815000057220459,120816,66.68450164794922,187.72,188.05,182.78,184.52,-0.002109134173381544,5.27000000000001,Natural Gas,NG=F,₹/kg,Energy
2016-11-07,2.815999984741211,2.875,2.7809998989105225,2.8480000495910645,141836,66.7853012084961,190.2,192.01,185.73,188.07,0.019239106871883793,6.280000000000001,Natural Gas,NG=F,₹/kg,Energy
2016-11-08,2.632999897003174,2.8559999465942383,2.6070001125335693,2.8320000171661377,211752,66.73500061035156,188.99,190.6,173.98,175.71,-0.06572021055989785,16.620000000000005,Natural Gas,NG=F,₹/kg,Energy
2016-11-09,2.690000057220459,2.743000030517578,2.5460000038146973,2.611999988555908,209317,66.22949981689453,172.99,181.67,168.62,178.16,0.013943429514540862,13.049999999999983,Natural Gas,NG=F,₹/kg,Energy
2016-11-10,2.631999969482422,2.7279999256134033,2.575000047683716,2.690999984741211,185153,66.50749969482422,178.97,181.43,171.26,175.05,-0.017456219128872852,10.170000000000016,Natural Gas,NG=F,₹/kg,Energy
2016-11-14,2.749000072479248,2.7780001163482666,2.6440000534057617,2.6670000553131104,138940,67.54679870605469,180.15,187.65,178.59,185.69,0.060782633533276176,9.060000000000002,Natural Gas,NG=F,₹/kg,Energy
2016-11-15,2.7090001106262207,2.822000026702881,2.694000005722046,2.746000051498413,150875,67.77549743652344,186.11,191.26,182.59,183.6,-0.011255318003123516,8.669999999999987,Natural Gas,NG=F,₹/kg,Energy
2016-11-16,2.7639999389648438,2.7820000648498535,2.6689999103546143,2.7100000381469727,125531,67.74800109863281,183.6,188.47,180.82,187.26,0.019934640522875746,7.650000000000006,Natural Gas,NG=F,₹/kg,Energy
2016-11-17,2.703000068664551,2.7980000972747803,2.680999994277954,2.7669999599456787,140196,67.98149871826172,188.1,190.21,182.26,183.75,-0.018743992310157,7.950000000000017,Natural Gas,NG=F,₹/kg,Energy
2016-11-18,2.8429999351501465,2.8519999980926514,2.690000057220459,2.696000099182129,134225,67.97480010986328,183.26,193.86,182.85,193.25,0.051700680272108945,11.01000000000002,Natural Gas,NG=F,₹/kg,Energy
2016-11-21,2.950000047683716,2.9730000495910645,2.8910000324249268,2.8980000019073486,112524,68.16999816894531,197.56,202.67,197.08,201.1,0.04062095730918491,5.589999999999975,Natural Gas,NG=F,₹/kg,Energy
2016-11-22,2.9820001125335693,3.0139999389648438,2.9130001068115234,2.9730000495910645,112524,68.21549987792969,202.8,205.6,198.71,203.42,0.01153654898060652,6.889999999999986,Natural Gas,NG=F,₹/kg,Energy
2016-11-23,3.0260000228881836,3.062000036239624,2.9149999618530273,2.947999954223633,65480,68.385498046875,201.6,209.4,199.34,206.93,0.017254940517156703,10.060000000000002,Natural Gas,NG=F,₹/kg,Energy
2016-11-25,3.0850000381469727,3.121000051498413,3.000999927520752,3.010999917984009,36482,68.74549865722656,206.99,214.55,206.31,212.08,0.02488764316435521,8.240000000000009,Natural Gas,NG=F,₹/kg,Energy
2016-11-28,3.2320001125335693,3.265000104904175,3.130000114440918,3.130000114440918,173469,68.50849914550781,214.43,223.68,214.43,221.42,0.04403998491135419,9.25,Natural Gas,NG=F,₹/kg,Energy
2016-11-29,3.315000057220459,3.367000102996826,3.2769999504089355,3.3589999675750732,163396,68.55549621582031,230.28,230.83,224.66,227.26,0.026375214524433144,6.170000000000016,Natural Gas,NG=F,₹/kg,Energy
2016-11-30,3.3519999980926514,3.365000009536743,3.2850000858306885,3.325000047683716,168555,68.60800170898438,228.12,230.87,225.38,229.97,0.011924667781395781,5.490000000000009,Natural Gas,NG=F,₹/kg,Energy
2016-12-01,3.505000114440918,3.546999931335449,3.315999984741211,3.3480000495910645,210764,68.58799743652344,229.63,243.28,227.44,240.4,0.0453537417924077,15.840000000000003,Natural Gas,NG=F,₹/kg,Energy
2016-12-02,3.436000108718872,3.568000078201294,3.378000020980835,3.5390000343322754,168563,68.21649932861328,241.42,243.4,230.44,234.39,-0.025000000000000133,12.960000000000008,Natural Gas,NG=F,₹/kg,Energy
2016-12-05,3.6540000438690186,3.6559998989105225,3.450000047683716,3.4709999561309814,192188,68.0114974975586,236.07,248.65,234.64,248.51,0.060241477878749006,14.01000000000002,Natural Gas,NG=F,₹/kg,Energy
2016-12-06,3.634999990463257,3.7320001125335693,3.5739998817443848,3.5999999046325684,225250,68.01249694824219,244.84,253.82,243.08,247.23,-0.005150698161039857,10.73999999999998,Natural Gas,NG=F,₹/kg,Energy
2016-12-07,3.6029999256134033,3.747999906539917,3.555999994277954,3.632999897003174,252203,67.72200012207031,246.03,253.82,240.82,244.0,-0.01306475751324676,13.0,Natural Gas,NG=F,₹/kg,Energy
2016-12-08,3.694999933242798,3.7300000190734863,3.503000020980835,3.569000005722046,233852,67.43150329589844,240.66,251.52,236.21,249.16,0.021147540983606605,15.310000000000002,Natural Gas,NG=F,₹/kg,Energy
2016-12-09,3.746000051498413,3.7769999504089355,3.6610000133514404,3.7100000381469727,206662,67.40599822998047,250.08,254.59,246.77,252.5,0.013405040937550128,7.819999999999993,Natural Gas,NG=F,₹/kg,Energy
2016-12-12,3.506999969482422,3.6010000705718994,3.4719998836517334,3.5829999446868896,245756,67.46050262451172,241.71,242.93,234.22,236.58,-0.063049504950495,8.710000000000008,Natural Gas,NG=F,₹/kg,Energy
2016-12-13,3.4739999771118164,3.5769999027252197,3.447999954223633,3.5250000953674316,163184,67.41799926757812,237.65,241.15,232.46,234.21,-0.010017752979964545,8.689999999999998,Natural Gas,NG=F,₹/kg,Energy
2016-12-14,3.5399999618530273,3.572000026702881,3.444000005722046,3.4769999980926514,140162,67.3864974975586,234.3,240.7,232.08,238.55,0.018530378719952223,8.619999999999976,Natural Gas,NG=F,₹/kg,Energy
2016-12-15,3.434000015258789,3.5889999866485596,3.3940000534057617,3.566999912261963,190798,67.81999969482422,241.91,243.41,230.18,232.89,-0.023726682037308877,13.22999999999999,Natural Gas,NG=F,₹/kg,Energy
2016-12-16,3.4149999618530273,3.434000015258789,3.3429999351501465,3.4200000762939453,120428,67.84500122070312,232.03,232.98,226.81,231.69,-0.00515264717248487,6.1699999999999875,Natural Gas,NG=F,₹/kg,Energy
2016-12-19,3.3919999599456787,3.450000047683716,3.3299999237060547,3.3529999256134033,119326,67.83499908447266,227.45,234.03,225.89,230.1,-0.006862618153567257,8.140000000000015,Natural Gas,NG=F,₹/kg,Energy
2016-12-20,3.263000011444092,3.4079999923706055,3.242000102996826,3.4010000228881836,165294,67.84020233154297,230.72,231.2,219.94,221.36,-0.03798348544111252,11.259999999999991,Natural Gas,NG=F,₹/kg,Energy
2016-12-21,3.5420000553131104,3.5929999351501465,3.306999921798706,3.311000108718872,169031,67.89700317382812,224.81,243.95,224.54,240.49,0.08642031080592694,19.409999999999997,Natural Gas,NG=F,₹/kg,Energy
2016-12-22,3.5380001068115234,3.625999927520752,3.496999979019165,3.572000026702881,119586,67.82550048828125,242.27,245.94,237.19,239.97,-0.002162252068693138,8.75,Natural Gas,NG=F,₹/kg,Energy
2016-12-23,3.6619999408721924,3.7149999141693115,3.5339999198913574,3.5409998893737793,58296,67.83799743652344,240.21,252.02,239.74,248.42,0.03521273492519894,12.280000000000001,Natural Gas,NG=F,₹/kg,Energy
2016-12-27,3.760999917984009,3.7780001163482666,3.686000108718872,3.7360000610351562,59667,67.77200317382812,253.2,256.04,249.81,254.89,0.026044601883906227,6.230000000000018,Natural Gas,NG=F,₹/kg,Energy
2016-12-28,3.930000066757202,3.99399995803833,3.6640000343322754,3.734999895095825,149568,67.96800231933594,253.86,271.46,249.03,267.11,0.04794224959786586,22.42999999999998,Natural Gas,NG=F,₹/kg,Energy
2016-12-29,3.802000045776367,3.884000062942505,3.753999948501587,3.871999979019165,132571,68.20500183105469,264.09,264.91,256.04,259.32,-0.029164014825352913,8.870000000000005,Natural Gas,NG=F,₹/kg,Energy
2016-12-30,3.7239999771118164,3.8570001125335693,3.690000057220459,3.799999952316284,96920,67.93299865722656,258.15,262.02,250.67,252.98,-0.02444855776646615,11.349999999999994,Natural Gas,NG=F,₹/kg,Energy
2017-01-03,3.3269999027252197,3.568000078201294,3.2669999599456787,3.568000078201294,254134,68.13390350341797,243.1,243.1,222.59,226.68,-0.10396078741402481,20.50999999999999,Natural Gas,NG=F,₹/kg,Energy
2017-01-04,3.2669999599456787,3.3580000400543213,3.2360000610351562,3.316999912261963,171528,68.2697982788086,226.45,229.25,220.92,223.04,-0.016057878948297244,8.330000000000013,Natural Gas,NG=F,₹/kg,Energy
2017-01-05,3.2730000019073486,3.3459999561309814,3.171999931335449,3.259999990463257,208432,67.885498046875,221.31,227.14,215.33,222.19,-0.003810975609756073,11.809999999999974,Natural Gas,NG=F,₹/kg,Energy
2017-01-06,3.2850000858306885,3.3580000400543213,3.2139999866485596,3.303999900817871,140075,67.73300170898438,223.79,227.45,217.69,222.5,0.0013952023043342088,9.759999999999991,Natural Gas,NG=F,₹/kg,Energy
2017-01-09,3.1029999256134033,3.2750000953674316,3.0980000495910645,3.253000020980835,163393,68.1426010131836,221.67,223.17,211.11,211.45,-0.049662921348314626,12.059999999999974,Natural Gas,NG=F,₹/kg,Energy
2017-01-10,3.2780001163482666,3.3269999027252197,3.109999895095825,3.115000009536743,178594,68.09700012207031,212.12,226.56,211.78,223.22,0.05566327737053678,14.780000000000001,Natural Gas,NG=F,₹/kg,Energy
2017-01-11,3.2239999771118164,3.3519999980926514,3.2130000591278076,3.2739999294281006,145250,68.31800079345703,223.67,229.0,219.51,220.26,-0.013260460532210416,9.490000000000009,Natural Gas,NG=F,₹/kg,Energy
2017-01-12,3.385999917984009,3.450000047683716,3.2939999103546143,3.2950000762939453,202396,68.13999938964844,224.52,235.08,224.45,230.72,0.047489330790883466,10.630000000000024,Natural Gas,NG=F,₹/kg,Energy
2017-01-13,3.4189999103546143,3.434999942779541,3.3320000171661377,3.3970000743865967,155200,68.12950134277344,231.44,234.02,227.01,232.93,0.009578710124826584,7.010000000000019,Natural Gas,NG=F,₹/kg,Energy
2017-01-17,3.4119999408721924,3.513000011444092,3.3540000915527344,3.4730000495910645,137695,68.09459686279297,236.49,239.22,228.39,232.34,-0.002532949813248586,10.830000000000013,Natural Gas,NG=F,₹/kg,Energy
2017-01-18,3.302000045776367,3.437000036239624,3.2820000648498535,3.3970000743865967,128820,67.89949798583984,230.65,233.37,222.85,224.2,-0.03503486270121381,10.52000000000001,Natural Gas,NG=F,₹/kg,Energy
2017-01-19,3.368000030517578,3.4040000438690186,3.256999969482422,3.325000047683716,145476,68.197998046875,226.76,232.15,222.12,229.69,0.02448706512042831,10.030000000000001,Natural Gas,NG=F,₹/kg,Energy
2017-01-20,3.2039999961853027,3.3469998836517334,3.188999891281128,3.3010001182556152,138918,68.09030151367188,224.77,227.9,217.14,218.16,-0.05019809308198009,10.76000000000002,Natural Gas,NG=F,₹/kg,Energy
2017-01-23,3.243000030517578,3.2780001163482666,3.1449999809265137,3.180000066757202,108564,68.07720184326172,216.49,223.16,214.1,220.77,0.011963696369637011,9.060000000000002,Natural Gas,NG=F,₹/kg,Energy
2017-01-24,3.2790000438690186,3.3499999046325684,3.259000062942505,3.2799999713897705,99030,68.05139923095703,223.21,227.97,221.78,223.14,0.010735154232911936,6.189999999999998,Natural Gas,NG=F,₹/kg,Energy
2017-01-25,3.3320000171661377,3.365000009536743,3.255000114440918,3.2920000553131104,51139,68.16449737548828,224.4,229.37,221.88,227.12,0.01783633593259837,7.490000000000009,Natural Gas,NG=F,₹/kg,Energy
2017-01-26,3.381999969482422,3.49399995803833,3.3499999046325684,3.361999988555908,75883,67.9729995727539,228.53,237.5,227.71,229.88,0.012152166255723795,9.789999999999992,Natural Gas,NG=F,₹/kg,Energy
2017-01-27,3.3910000324249268,3.4179999828338623,3.244999885559082,3.3499999046325684,188600,68.14900207519531,228.3,232.93,221.14,231.09,0.005263615799547594,11.79000000000002,Natural Gas,NG=F,₹/kg,Energy
2017-01-30,3.2320001125335693,3.3420000076293945,3.2160000801086426,3.299999952316284,135654,68.11000061035156,224.76,227.62,219.04,220.13,-0.0474274092344974,8.580000000000013,Natural Gas,NG=F,₹/kg,Energy
2017-01-31,3.117000102996826,3.234999895095825,3.109999895095825,3.2239999771118164,198006,67.82099914550781,218.65,219.4,210.92,211.4,-0.039658383682369514,8.480000000000018,Natural Gas,NG=F,₹/kg,Energy
2017-02-01,3.1679999828338623,3.2279999256134033,3.11299991607666,3.134000062942505,136176,67.50160217285156,211.55,217.9,210.13,213.85,0.011589403973509826,7.77000000000001,Natural Gas,NG=F,₹/kg,Energy
2017-02-02,3.187000036239624,3.2090001106262207,3.118000030517578,3.1740000247955322,149327,67.39540100097656,213.91,216.27,210.14,214.79,0.00439560439560438,6.130000000000024,Natural Gas,NG=F,₹/kg,Energy
2017-02-03,3.062999963760376,3.2009999752044678,3.0420000553131104,3.193000078201294,179658,67.2656021118164,214.78,215.32,204.62,206.03,-0.04078402160249539,10.699999999999989,Natural Gas,NG=F,₹/kg,Energy
2017-02-06,3.049999952316284,3.0859999656677246,3.00600004196167,3.015000104904175,124252,67.15730285644531,202.48,207.25,201.87,204.83,-0.005824394505654418,5.3799999999999955,Natural Gas,NG=F,₹/kg,Energy
2017-02-07,3.130000114440918,3.1559998989105225,3.0510001182556152,3.059999942779541,177005,67.19529724121094,205.62,212.07,205.01,210.32,0.02680271444612603,7.060000000000002,Natural Gas,NG=F,₹/kg,Energy
2017-02-08,3.125999927520752,3.1640000343322754,3.059999942779541,3.140000104904175,159476,67.34049987792969,211.45,213.07,206.06,210.51,0.0009033853176112494,7.009999999999991,Natural Gas,NG=F,₹/kg,Energy
2017-02-09,3.1410000324249268,3.188999891281128,3.109999895095825,3.1429998874664307,162281,66.96430206298828,210.47,213.55,208.26,210.33,-0.0008550662676356513,5.2900000000000205,Natural Gas,NG=F,₹/kg,Energy
2017-02-10,3.0339999198913574,3.121000051498413,3.005000114440918,3.1050000190734863,188162,66.74530029296875,207.24,208.31,200.57,202.51,-0.037179670042314594,7.740000000000009,Natural Gas,NG=F,₹/kg,Energy
2017-02-13,2.944000005722046,2.99399995803833,2.9210000038146973,2.9779999256134033,162673,66.84369659423828,199.06,200.13,195.25,196.79,-0.02824551873981529,4.8799999999999955,Natural Gas,NG=F,₹/kg,Energy
2017-02-14,2.9049999713897705,2.953000068664551,2.88700008392334,2.9230000972747803,142943,66.91539764404297,195.59,197.6,193.18,194.39,-0.012195741653539316,4.4199999999999875,Natural Gas,NG=F,₹/kg,Energy
2017-02-15,2.924999952316284,2.99399995803833,2.9130001068115234,2.938999891281128,126121,66.7759017944336,196.25,199.93,194.52,195.32,0.004784196717938283,5.409999999999997,Natural Gas,NG=F,₹/kg,Energy
2017-02-16,2.8540000915527344,2.953000068664551,2.8310000896453857,2.934000015258789,138783,66.8655014038086,196.18,197.45,189.3,190.83,-0.022987917263976976,8.149999999999977,Natural Gas,NG=F,₹/kg,Energy
2017-02-17,2.8340001106262207,2.8989999294281006,2.8299999237060547,2.8399999141693115,126492,67.16480255126953,190.75,194.71,190.08,190.35,-0.0025153277786512662,4.6299999999999955,Natural Gas,NG=F,₹/kg,Energy
2017-02-21,2.563999891281128,2.8259999752044678,2.555999994277954,2.7909998893737793,205024,66.96499633789062,186.9,189.24,171.16,171.7,-0.09797741003414762,18.080000000000013,Natural Gas,NG=F,₹/kg,Energy
2017-02-22,2.5920000076293945,2.640000104904175,2.5220000743865967,2.5840001106262207,69600,66.96510314941406,173.04,176.79,168.89,173.57,0.0108910891089109,7.900000000000006,Natural Gas,NG=F,₹/kg,Energy
2017-02-23,2.617000102996826,2.7039999961853027,2.569000005722046,2.5980000495910645,67942,66.91429901123047,173.84,180.94,171.9,175.11,0.008872501008238887,9.039999999999992,Natural Gas,NG=F,₹/kg,Energy
2017-02-24,2.627000093460083,2.6700000762939453,2.5869998931884766,2.619999885559082,143588,66.68280029296875,174.71,178.04,172.51,175.18,0.0003997487293700974,5.530000000000001,Natural Gas,NG=F,₹/kg,Energy
2017-02-27,2.693000078201294,2.7209999561309814,2.6589999198913574,2.7149999141693115,127547,66.63500213623047,180.91,181.31,177.18,179.45,0.02437492864482227,4.1299999999999955,Natural Gas,NG=F,₹/kg,Energy
2017-02-28,2.7739999294281006,2.7880001068115234,2.6530001163482666,2.690999984741211,183619,66.69319915771484,179.47,185.94,176.94,185.01,0.030983560880468053,9.0,Natural Gas,NG=F,₹/kg,Energy
2017-03-01,2.7990000247955322,2.828000068664551,2.743000030517578,2.7699999809265137,154834,66.7051010131836,184.77,188.64,182.97,186.71,0.009188692503107942,5.6699999999999875,Natural Gas,NG=F,₹/kg,Energy
2017-03-02,2.803999900817871,2.8350000381469727,2.7300000190734863,2.7909998893737793,173316,66.85800170898438,186.6,189.54,182.52,187.47,0.004070483637726996,7.019999999999982,Natural Gas,NG=F,₹/kg,Energy
2017-03-03,2.8269999027252197,2.8399999141693115,2.7750000953674316,2.815999984741211,155244,66.84510040283203,188.24,189.84,185.5,188.97,0.008001280204832817,4.340000000000003,Natural Gas,NG=F,₹/kg,Energy
2017-03-06,2.9010000228881836,2.9519999027252197,2.8570001125335693,2.9110000133514404,216887,66.77300262451172,194.38,197.11,190.77,193.71,0.02508334656294653,6.340000000000003,Natural Gas,NG=F,₹/kg,Energy
2017-03-07,2.8239998817443848,2.890000104904175,2.815000057220459,2.871999979019165,166482,66.66470336914062,191.46,192.66,187.66,188.26,-0.02813484074131445,5.0,Natural Gas,NG=F,₹/kg,Energy
2017-03-08,2.9010000228881836,2.9489998817443848,2.8329999446868896,2.8350000381469727,200061,66.61620330810547,188.86,196.45,188.72,193.25,0.02650589610113685,7.72999999999999,Natural Gas,NG=F,₹/kg,Energy
2017-03-09,2.9739999771118164,2.990000009536743,2.8889999389648438,2.9130001068115234,178683,66.76499938964844,194.49,199.63,192.88,198.56,0.027477360931436046,6.75,Natural Gas,NG=F,₹/kg,Energy
2017-03-10,3.007999897003174,3.0429999828338623,2.9660000801086426,2.986999988555908,162566,66.68049621582031,199.17,202.91,197.77,200.57,0.010122884770346507,5.139999999999986,Natural Gas,NG=F,₹/kg,Energy
2017-03-13,3.0429999828338623,3.0889999866485596,2.990000009536743,3.0829999446868896,140782,66.48500061035156,204.97,205.37,198.79,202.31,0.00867527546492508,6.5800000000000125,Natural Gas,NG=F,₹/kg,Energy
2017-03-14,2.937999963760376,3.062999963760376,2.927000045776367,3.0179998874664307,156658,66.17009735107422,199.7,202.68,193.68,194.41,-0.039048984232119,9.0,Natural Gas,NG=F,₹/kg,Energy
2017-03-15,2.9809999465942383,3.00600004196167,2.9230000972747803,2.9489998817443848,119225,65.77510070800781,193.97,197.72,192.26,196.08,0.008590093102206708,5.460000000000008,Natural Gas,NG=F,₹/kg,Energy
2017-03-16,2.9019999504089355,2.9760000705718994,2.888000011444092,2.9739999771118164,175334,65.62049865722656,195.16,195.29,189.51,190.43,-0.028814769481844138,5.780000000000001,Natural Gas,NG=F,₹/kg,Energy
2017-03-17,2.947999954223633,2.9649999141693115,2.881999969482422,2.9079999923706055,102589,65.40450286865234,190.2,193.92,188.5,192.81,0.012498030772462254,5.4199999999999875,Natural Gas,NG=F,₹/kg,Energy
2017-03-20,3.0409998893737793,3.0850000381469727,2.9019999504089355,2.9130001068115234,133705,65.46810150146484,190.71,201.97,189.99,199.09,0.03257092474456713,11.97999999999999,Natural Gas,NG=F,₹/kg,Energy
2017-03-21,3.0929999351501465,3.11299991607666,3.0329999923706055,3.0799999237060547,138763,65.33529663085938,201.23,203.39,198.16,202.08,0.015018333417047502,5.22999999999999,Natural Gas,NG=F,₹/kg,Energy
2017-03-22,3.010999917984009,3.0950000286102295,3.006999969482422,3.0820000171661377,125475,65.49500274658203,201.86,202.71,196.94,197.21,-0.024099366587490123,5.77000000000001,Natural Gas,NG=F,₹/kg,Energy
2017-03-23,3.0510001182556152,3.062999963760376,2.9860000610351562,3.0199999809265137,147427,65.36499786376953,197.4,200.21,195.18,199.43,0.011257035647279645,5.030000000000001,Natural Gas,NG=F,₹/kg,Energy
2017-03-24,3.0759999752044678,3.0920000076293945,3.0160000324249268,3.049999952316284,102120,65.44439697265625,199.61,202.35,197.38,201.31,0.00942686656972369,4.969999999999999,Natural Gas,NG=F,₹/kg,Energy
2017-03-27,3.052000045776367,3.132999897003174,3.0429999828338623,3.11899995803833,59543,65.39309692382812,203.96,204.88,198.99,199.58,-0.008593711191694386,5.889999999999986,Natural Gas,NG=F,₹/kg,Energy
2017-03-28,3.0959999561309814,3.1040000915527344,3.010999917984009,3.0460000038146973,53195,65.04499816894531,198.13,201.9,195.85,201.38,0.009018939773524304,6.050000000000011,Natural Gas,NG=F,₹/kg,Energy
2017-03-29,3.174999952316284,3.183000087738037,3.0820000171661377,3.0889999866485596,158644,65.11000061035156,201.12,207.25,200.67,206.72,0.026517032475916302,6.5800000000000125,Natural Gas,NG=F,₹/kg,Energy
2017-03-30,3.190999984741211,3.236999988555908,3.1410000324249268,3.2100000381469727,133288,64.77999877929688,207.94,209.69,203.47,206.71,-4.837461300299939e-05,6.219999999999999,Natural Gas,NG=F,₹/kg,Energy
2017-03-31,3.190000057220459,3.242000102996826,3.1630001068115234,3.1989998817443848,114819,64.79000091552734,207.26,210.05,204.93,206.68,-0.00014513085965850436,5.1200000000000045,Natural Gas,NG=F,₹/kg,Energy
2017-04-03,3.128000020980835,3.239000082015991,3.125,3.2170000076293945,124588,64.79669952392578,208.45,209.88,202.49,202.68,-0.019353590090961825,7.389999999999986,Natural Gas,NG=F,₹/kg,Energy
2017-04-04,3.2929999828338623,3.3010001182556152,3.121000051498413,3.1449999809265137,232924,64.87750244140625,204.04,214.16,202.48,213.64,0.054075389776988336,11.680000000000007,Natural Gas,NG=F,₹/kg,Energy
2017-04-05,3.2660000324249268,3.3469998836517334,3.253999948501587,3.2929999828338623,165274,65.05000305175781,214.21,217.72,211.67,212.45,-0.005570117955439047,6.050000000000011,Natural Gas,NG=F,₹/kg,Energy
2017-04-06,3.3310000896453857,3.3369998931884766,3.234999895095825,3.2690000534057617,165907,65.04000091552734,212.62,217.04,210.4,216.65,0.01976935749588149,6.639999999999986,Natural Gas,NG=F,₹/kg,Energy
2017-04-07,3.260999917984009,3.3399999141693115,3.246000051498413,3.306999921798706,170783,64.58000183105469,213.57,215.7,209.63,210.6,-0.027925225017309097,6.069999999999993,Natural Gas,NG=F,₹/kg,Energy
2017-04-10,3.23799991607666,3.2929999828338623,3.2279999256134033,3.240000009536743,141822,64.26000213623047,208.2,211.61,207.43,208.07,-0.01201329534662865,4.180000000000007,Natural Gas,NG=F,₹/kg,Energy
2017-04-11,3.1500000953674316,3.2679998874664307,3.1410000324249268,3.243000030517578,201474,64.57499694824219,209.42,211.03,202.83,203.41,-0.02239630893449318,8.199999999999989,Natural Gas,NG=F,₹/kg,Energy
2017-04-12,3.187000036239624,3.197000026702881,3.131999969482422,3.1679999828338623,174009,64.62999725341797,204.75,206.62,202.42,205.98,0.012634580404109919,4.200000000000017,Natural Gas,NG=F,₹/kg,Energy
2017-04-13,3.2269999980926514,3.243000030517578,3.1489999294281006,3.181999921798706,182106,64.5,205.24,209.17,203.11,208.14,0.010486454995630723,6.059999999999974,Natural Gas,NG=F,₹/kg,Energy
2017-04-17,3.1630001068115234,3.249000072479248,3.1579999923706055,3.2290000915527344,147638,64.45369720458984,208.12,209.41,203.54,203.87,-0.02051503795522236,5.8700000000000045,Natural Gas,NG=F,₹/kg,Energy
2017-04-18,3.1449999809265137,3.181999921798706,3.114000082015991,3.1640000343322754,138628,64.4083023071289,203.79,204.95,200.57,202.56,-0.006425663412959248,4.3799999999999955,Natural Gas,NG=F,₹/kg,Energy
2017-04-19,3.184999942779541,3.2230000495910645,3.1429998874664307,3.1500000953674316,158318,64.56999969482422,203.4,208.11,202.94,205.66,0.015304107424960467,5.170000000000016,Natural Gas,NG=F,₹/kg,Energy
2017-04-20,3.1589999198913574,3.2190001010894775,3.134000062942505,3.190999984741211,125995,64.64669799804688,206.29,208.1,202.6,204.22,-0.00700184770981227,5.5,Natural Gas,NG=F,₹/kg,Energy
2017-04-21,3.1010000705718994,3.184999942779541,3.0820000171661377,3.1679999828338623,114899,64.66000366210938,204.84,205.94,199.28,200.51,-0.018166682988933536,6.659999999999997,Natural Gas,NG=F,₹/kg,Energy
2017-04-24,3.065999984741211,3.1489999294281006,3.0309998989105225,3.0940001010894775,67850,64.63999938964844,200.0,203.55,195.92,198.19,-0.011570495237145262,7.630000000000024,Natural Gas,NG=F,₹/kg,Energy
2017-04-25,3.0429999828338623,3.0829999446868896,3.0220000743865967,3.063999891281128,64754,64.38999938964844,197.29,198.51,194.59,195.94,-0.011352742317977671,3.9199999999999875,Natural Gas,NG=F,₹/kg,Energy
2017-04-26,3.1419999599456787,3.1700000762939453,3.0309998989105225,3.052000045776367,199772,64.3499984741211,196.4,203.99,195.04,202.19,0.031897519648872,8.950000000000017,Natural Gas,NG=F,₹/kg,Energy
2017-04-27,3.239000082015991,3.2660000324249268,3.2070000171661377,3.255000114440918,139117,64.0199966430664,208.39,209.09,205.31,207.36,0.02557000840793311,3.780000000000001,Natural Gas,NG=F,₹/kg,Energy
2017-04-28,3.2760000228881836,3.2980000972747803,3.2290000915527344,3.240000009536743,117649,64.05999755859375,207.55,211.27,206.85,209.86,0.012056327160493874,4.420000000000016,Natural Gas,NG=F,₹/kg,Energy
2017-05-01,3.2149999141693115,3.312999963760376,3.197999954223633,3.249000072479248,128608,64.25830078125,208.78,212.89,205.5,206.59,-0.015581816449061314,7.389999999999986,Natural Gas,NG=F,₹/kg,Energy
2017-05-02,3.194999933242798,3.2730000019073486,3.177999973297119,3.2309999465942383,141615,64.18000030517578,207.37,210.06,203.96,205.06,-0.007405973183600367,6.099999999999994,Natural Gas,NG=F,₹/kg,Energy
2017-05-03,3.2279999256134033,3.2330000400543213,3.174999952316284,3.184999942779541,89628,64.06999969482422,204.06,207.14,203.42,206.82,0.008582853798888124,3.719999999999999,Natural Gas,NG=F,₹/kg,Energy
2017-05-04,3.186000108718872,3.253999948501587,3.1649999618530273,3.2200000286102295,140033,64.20999908447266,206.76,208.94,203.22,204.57,-0.010879025239338591,5.719999999999999,Natural Gas,NG=F,₹/kg,Energy
2017-05-05,3.2660000324249268,3.2820000648498535,3.183000087738037,3.1989998817443848,150649,64.16999816894531,205.28,210.61,204.25,209.58,0.024490394485995104,6.360000000000014,Natural Gas,NG=F,₹/kg,Energy
2017-05-08,3.171999931335449,3.265000104904175,3.140000104904175,3.243000030517578,196689,64.30799865722656,208.55,209.97,201.93,203.98,-0.026720106880427585,8.039999999999992,Natural Gas,NG=F,₹/kg,Energy
2017-05-09,3.2269999980926514,3.246000051498413,3.1730000972747803,3.177999973297119,170982,64.41179656982422,204.7,209.08,204.38,207.86,0.019021472693401487,4.700000000000017,Natural Gas,NG=F,₹/kg,Energy
2017-05-10,3.2920000553131104,3.3489999771118164,3.2019999027252197,3.2139999866485596,223188,64.63999938964844,207.75,216.48,206.98,212.79,0.02371788703935329,9.5,Natural Gas,NG=F,₹/kg,Energy
2017-05-11,3.375999927520752,3.388000011444092,3.2730000019073486,3.2780001163482666,199191,64.55000305175781,211.59,218.7,211.27,217.92,0.024108275764838538,7.429999999999978,Natural Gas,NG=F,₹/kg,Energy
2017-05-12,3.4240000247955322,3.430999994277954,3.3499999046325684,3.368000030517578,150243,64.36000061035156,216.76,220.82,215.61,220.37,0.011242657856094018,5.2099999999999795,Natural Gas,NG=F,₹/kg,Energy
2017-05-15,3.3489999771118164,3.4079999923706055,3.3340001106262207,3.38700008392334,142311,64.16549682617188,217.33,218.68,213.93,214.89,-0.0248672686844853,4.75,Natural Gas,NG=F,₹/kg,Energy
2017-05-16,3.2300000190734863,3.36899995803833,3.2160000801086426,3.3589999675750732,203407,64.03829956054688,215.1,215.75,205.95,206.84,-0.037461026571734335,9.800000000000011,Natural Gas,NG=F,₹/kg,Energy
2017-05-17,3.191999912261963,3.2690000534057617,3.1649999618530273,3.2309999465942383,147282,63.900001525878906,206.46,208.89,202.24,203.97,-0.013875459292206571,6.649999999999977,Natural Gas,NG=F,₹/kg,Energy
2017-05-18,3.181999921798706,3.242000102996826,3.1610000133514404,3.2090001106262207,153415,64.2300033569336,206.11,208.23,203.03,204.38,0.002010099524439868,5.199999999999989,Natural Gas,NG=F,₹/kg,Energy
2017-05-19,3.25600004196167,3.2699999809265137,3.180999994277954,3.184000015258789,143461,64.87110137939453,206.55,212.13,206.35,211.22,0.033467071141990434,5.780000000000001,Natural Gas,NG=F,₹/kg,Energy
2017-05-22,3.3299999237060547,3.3340001106262207,3.2790000438690186,3.2909998893737793,132558,64.44850158691406,212.1,214.87,211.33,214.61,0.016049616513587717,3.539999999999992,Natural Gas,NG=F,₹/kg,Energy
2017-05-23,3.2190001010894775,3.3329999446868896,3.2109999656677246,3.325000047683716,131858,64.50019836425781,214.46,214.98,207.11,207.63,-0.03252411350822426,7.869999999999976,Natural Gas,NG=F,₹/kg,Energy
2017-05-24,3.2090001106262207,3.252000093460083,3.1760001182556152,3.2339999675750732,51800,64.88520050048828,209.84,211.01,206.08,208.22,0.002841593218706473,4.929999999999978,Natural Gas,NG=F,₹/kg,Energy
2017-05-25,3.184000015258789,3.256999969482422,3.1449999809265137,3.2039999961853027,45800,64.76010131835938,207.49,210.92,203.67,206.2,-0.009701277494957306,7.25,Natural Gas,NG=F,₹/kg,Energy
2017-05-26,3.2360000610351562,3.263000011444092,3.1670000553131104,3.186000108718872,140943,64.54540252685547,205.64,210.61,204.42,208.87,0.012948593598448133,6.190000000000026,Natural Gas,NG=F,₹/kg,Energy
2017-05-30,3.1449999809265137,3.255000114440918,3.1410000324249268,3.25,215155,64.50859832763672,209.65,209.98,202.62,202.88,-0.028678125149614653,7.359999999999985,Natural Gas,NG=F,₹/kg,Energy
2017-05-31,3.071000099182129,3.171999931335449,3.061000108718872,3.1459999084472656,208510,64.61859893798828,203.29,204.97,197.8,198.44,-0.02188485804416407,7.1699999999999875,Natural Gas,NG=F,₹/kg,Energy
2017-06-01,3.007999897003174,3.128000020980835,2.98799991607666,3.0799999237060547,236236,64.5000991821289,198.66,201.76,192.73,194.02,-0.022273735134045514,9.030000000000001,Natural Gas,NG=F,₹/kg,Energy
2017-06-02,2.999000072479248,3.0510001182556152,2.989000082015991,3.0510001182556152,147329,64.37229919433594,196.4,196.4,192.41,193.05,-0.004999484589217618,3.990000000000009,Natural Gas,NG=F,₹/kg,Energy
2017-06-05,2.9820001125335693,3.046999931335449,2.934999942779541,3.0260000228881836,148450,64.40499877929688,194.89,196.24,189.03,192.06,-0.005128205128205221,7.210000000000008,Natural Gas,NG=F,₹/kg,Energy
2017-06-06,3.0420000553131104,3.062999963760376,2.9719998836517334,2.9820001125335693,139905,64.34400177001953,191.87,197.09,191.23,195.73,0.019108611892116878,5.860000000000014,Natural Gas,NG=F,₹/kg,Energy
2017-06-07,3.0199999809265137,3.0950000286102295,3.009999990463257,3.061000108718872,179726,64.42050170898438,197.19,199.38,193.91,194.55,-0.006028713023041865,5.469999999999999,Natural Gas,NG=F,₹/kg,Energy
2017-06-08,3.0280001163482666,3.068000078201294,2.9779999256134033,3.0190000534057617,205114,64.41829681396484,194.48,197.64,191.84,195.06,0.0026214340786430146,5.799999999999983,Natural Gas,NG=F,₹/kg,Energy
2017-06-09,3.0390000343322754,3.065999984741211,3.0280001163482666,3.0339999198913574,138973,64.243896484375,194.92,196.97,194.53,195.24,0.0009227929867734463,2.4399999999999977,Natural Gas,NG=F,₹/kg,Energy
2017-06-12,3.0239999294281006,3.0869998931884766,3.000999927520752,3.0320000648498535,163496,64.37699890136719,195.19,198.73,193.2,194.68,-0.002868264699856571,5.530000000000001,Natural Gas,NG=F,₹/kg,Energy
2017-06-13,2.9660000801086426,3.065000057220459,2.9489998817443848,3.010999917984009,224042,64.46910095214844,194.12,197.6,190.12,191.22,-0.017772755290733522,7.47999999999999,Natural Gas,NG=F,₹/kg,Energy
2017-06-14,2.933000087738037,2.989000082015991,2.9159998893737793,2.9619998931884766,164623,64.35749816894531,190.63,192.36,187.67,188.76,-0.012864763100094212,4.690000000000026,Natural Gas,NG=F,₹/kg,Energy
2017-06-15,3.055999994277954,3.065999984741211,2.928999900817871,2.943000078201294,195042,64.16580200195312,188.84,196.73,187.94,196.09,0.03883237974147069,8.789999999999992,Natural Gas,NG=F,₹/kg,Energy
2017-06-16,3.0369999408721924,3.0820000171661377,3.0209999084472656,3.0490000247955322,121174,64.55999755859375,196.84,198.97,195.04,196.07,-0.00010199398235510859,3.930000000000007,Natural Gas,NG=F,₹/kg,Energy
2017-06-19,2.8940000534057617,2.9709999561309814,2.877000093460083,2.9660000801086426,155300,64.3949966430664,191.0,191.32,185.26,186.36,-0.04952312949456816,6.060000000000002,Natural Gas,NG=F,₹/kg,Energy
2017-06-20,2.9070000648498535,2.9130001068115234,2.878999948501587,2.8970000743865967,112908,64.48760223388672,186.82,187.85,185.66,187.47,0.005956213779781061,2.1899999999999977,Natural Gas,NG=F,₹/kg,Energy
2017-06-21,2.8929998874664307,2.947999954223633,2.878000020980835,2.8970000743865967,141997,64.53050231933594,186.94,190.24,185.72,186.69,-0.004160665706513078,4.52000000000001,Natural Gas,NG=F,₹/kg,Energy
2017-06-22,2.8940000534057617,2.9619998931884766,2.8550000190734863,2.8959999084472656,150925,64.5416030883789,186.91,191.17,184.27,186.78,0.0004820825968183673,6.899999999999977,Natural Gas,NG=F,₹/kg,Energy
2017-06-23,2.928999900817871,2.940000057220459,2.8949999809265137,2.8980000019073486,99800,64.59100341796875,187.18,189.9,186.99,189.19,0.012902880394046523,2.9099999999999966,Natural Gas,NG=F,₹/kg,Energy
2017-06-26,3.0269999504089355,3.052000045776367,2.9749999046325684,2.990000009536743,61783,64.49800109863281,192.85,196.85,191.88,195.24,0.03197843437813841,4.969999999999999,Natural Gas,NG=F,₹/kg,Energy
2017-06-27,3.0369999408721924,3.059999942779541,3.01200008392334,3.0490000247955322,48460,64.42130279541016,196.42,197.13,194.04,195.65,0.002099979512395045,3.0900000000000034,Natural Gas,NG=F,₹/kg,Energy
2017-06-28,3.066999912261963,3.0799999237060547,3.0160000324249268,3.0199999809265137,119296,64.5248031616211,194.86,198.74,194.61,197.9,0.011500127779197511,4.1299999999999955,Natural Gas,NG=F,₹/kg,Energy
2017-06-29,3.0420000553131104,3.121999979019165,3.0320000648498535,3.0799999237060547,156622,64.51190185546875,198.7,201.41,195.6,196.25,-0.008337544214249704,5.810000000000002,Natural Gas,NG=F,₹/kg,Energy
2017-06-30,3.0350000858306885,3.052000045776367,2.9739999771118164,3.0369999408721924,152129,64.78510284423828,196.75,197.72,192.67,196.62,0.0018853503184712572,5.050000000000011,Natural Gas,NG=F,₹/kg,Energy
2017-07-03,2.9509999752044678,3.049999952316284,2.934999942779541,2.9489998817443848,142576,64.60679626464844,190.53,197.05,189.62,190.65,-0.030363137015563035,7.430000000000007,Natural Gas,NG=F,₹/kg,Energy
2017-07-05,2.8399999141693115,3.0199999809265137,2.8320000171661377,2.9519999027252197,239392,64.7688980102539,191.2,195.6,183.43,183.94,-0.03519538421190671,12.169999999999987,Natural Gas,NG=F,₹/kg,Energy
2017-07-06,2.888000011444092,2.8929998874664307,2.8489999771118164,2.8570001125335693,147746,64.79139709472656,185.11,187.44,184.59,187.12,0.01728824616722857,2.8499999999999943,Natural Gas,NG=F,₹/kg,Energy
2017-07-07,2.864000082015991,2.947000026702881,2.8469998836517334,2.8989999294281006,156392,64.71330261230469,187.6,190.71,184.24,185.34,-0.009512612227447592,6.469999999999999,Natural Gas,NG=F,₹/kg,Energy
2017-07-10,2.928999900817871,2.946000099182129,2.869999885559082,2.8980000019073486,164958,64.61170196533203,187.24,190.35,185.44,189.25,0.021096363440163968,4.909999999999997,Natural Gas,NG=F,₹/kg,Energy
2017-07-11,3.046999931335449,3.052999973297119,2.9210000038146973,2.924999952316284,203416,64.61170196533203,188.99,197.26,188.73,196.87,0.0402642007926024,8.530000000000001,Natural Gas,NG=F,₹/kg,Energy
2017-07-12,2.984999895095825,3.0429999828338623,2.9700000286102295,3.0350000858306885,180109,64.52559661865234,195.84,196.35,191.64,192.61,-0.021638644790978767,4.710000000000008,Natural Gas,NG=F,₹/kg,Energy
2017-07-13,2.9609999656677246,3.0199999809265137,2.947000026702881,2.992000102996826,172378,64.36499786376953,192.58,194.38,189.68,190.58,-0.010539432012875771,4.699999999999989,Natural Gas,NG=F,₹/kg,Energy
2017-07-14,2.9800000190734863,3.0,2.927999973297119,2.9590001106262207,151634,64.42579650878906,190.64,193.28,188.64,191.99,0.007398467835029843,4.640000000000015,Natural Gas,NG=F,₹/kg,Energy
2017-07-17,3.0199999809265137,3.0490000247955322,2.9800000190734863,2.9820001125335693,114340,64.26730346679688,191.65,195.95,191.52,194.09,0.010938069691129648,4.429999999999978,Natural Gas,NG=F,₹/kg,Energy
2017-07-18,3.0880000591278076,3.0940001010894775,3.0199999809265137,3.0220000743865967,133413,64.33000183105469,194.41,199.04,194.28,198.65,0.02349425524241333,4.759999999999991,Natural Gas,NG=F,₹/kg,Energy
2017-07-19,3.065999984741211,3.1029999256134033,3.062000036239624,3.0820000171661377,101880,64.3062973022461,198.19,199.54,196.91,197.16,-0.007500629247420121,2.6299999999999955,Natural Gas,NG=F,₹/kg,Energy
2017-07-20,3.0429999828338623,3.114000082015991,3.0169999599456787,3.065999984741211,177683,64.26329803466797,197.03,200.12,193.88,195.55,-0.008165956583485401,6.240000000000009,Natural Gas,NG=F,₹/kg,Energy
2017-07-21,2.9700000286102295,3.0439999103546143,2.937999963760376,3.0299999713897705,158256,64.32499694824219,194.9,195.81,188.99,191.05,-0.02301201738685754,6.819999999999993,Natural Gas,NG=F,₹/kg,Energy
2017-07-24,2.8989999294281006,2.9549999237060547,2.880000114440918,2.9140000343322754,128436,64.46109771728516,187.84,190.48,185.65,186.87,-0.02187908924365356,4.829999999999984,Natural Gas,NG=F,₹/kg,Energy
2017-07-25,2.944000005722046,2.950000047683716,2.8989999294281006,2.9070000648498535,50576,64.36509704589844,187.11,189.88,186.59,189.49,0.014020442018515489,3.289999999999992,Natural Gas,NG=F,₹/kg,Energy
2017-07-26,2.9240000247955322,2.9649999141693115,2.8949999809265137,2.944000005722046,45379,64.4469985961914,189.73,191.09,186.57,188.44,-0.00554118950868121,4.52000000000001,Natural Gas,NG=F,₹/kg,Energy
2017-07-27,2.9690001010894775,2.997999906539917,2.9040000438690186,2.9260001182556152,175911,64.3447036743164,188.27,192.91,186.86,191.04,0.013797495223943912,6.049999999999983,Natural Gas,NG=F,₹/kg,Energy
2017-07-28,2.940999984741211,2.9830000400543213,2.9230000972747803,2.9579999446868896,83193,64.18499755859375,189.86,191.46,187.61,188.77,-0.011882328308207568,3.8499999999999943,Natural Gas,NG=F,₹/kg,Energy
2017-07-31,2.7939999103546143,2.9000000953674316,2.7809998989105225,2.9000000953674316,176226,64.12349700927734,185.96,185.96,178.33,179.16,-0.05090851300524457,7.6299999999999955,Natural Gas,NG=F,₹/kg,Energy
2017-08-01,2.819000005722046,2.8350000381469727,2.760999917984009,2.809999942779541,151158,64.18949890136719,180.37,181.98,177.23,180.95,0.00999106943514172,4.75,Natural Gas,NG=F,₹/kg,Energy
2017-08-02,2.811000108718872,2.8369998931884766,2.7850000858306885,2.815000057220459,111069,64.05580139160156,180.32,181.73,178.4,180.06,-0.004918485769549563,3.329999999999984,Natural Gas,NG=F,₹/kg,Energy
2017-08-03,2.799999952316284,2.8459999561309814,2.7899999618530273,2.811000108718872,125787,63.64059829711914,178.89,181.12,177.56,178.19,-0.010385427079862342,3.5600000000000023,Natural Gas,NG=F,₹/kg,Energy
2017-08-04,2.7739999294281006,2.799999952316284,2.753000020980835,2.7920000553131104,100740,63.696998596191406,177.84,178.35,175.36,176.7,-0.008361860934957166,2.9899999999999807,Natural Gas,NG=F,₹/kg,Energy
2017-08-07,2.8010001182556152,2.812000036239624,2.7639999389648438,2.7720000743865967,144959,63.66510009765625,176.48,179.03,175.97,178.33,0.009224674589700221,3.0600000000000023,Natural Gas,NG=F,₹/kg,Energy
2017-08-08,2.822000026702881,2.8320000171661377,2.7829999923706055,2.805000066757202,134191,63.8301010131836,179.04,180.77,177.64,180.13,0.010093646610216833,3.130000000000024,Natural Gas,NG=F,₹/kg,Energy
2017-08-09,2.882999897003174,2.8989999294281006,2.799999952316284,2.811000108718872,184358,63.70289993286133,179.07,184.67,178.37,183.66,0.01959695775273418,6.299999999999983,Natural Gas,NG=F,₹/kg,Energy
2017-08-10,2.984999895095825,2.994999885559082,2.871999979019165,2.877000093460083,262157,63.88769912719727,183.8,191.34,183.49,190.7,0.038331699880213455,7.849999999999994,Natural Gas,NG=F,₹/kg,Energy
2017-08-11,2.9830000400543213,2.996999979019165,2.9619998931884766,2.9760000705718994,137469,64.13860321044922,190.88,192.22,189.98,191.33,0.00330361824855796,2.240000000000009,Natural Gas,NG=F,₹/kg,Energy
2017-08-14,2.9590001106262207,3.0179998874664307,2.924999952316284,3.005000114440918,130569,64.08100128173828,192.56,193.4,187.44,189.62,-0.00893743793445878,5.960000000000008,Natural Gas,NG=F,₹/kg,Energy
2017-08-15,2.934999942779541,2.9719998836517334,2.9189999103546143,2.9609999656677246,103177,64.17430114746094,190.02,190.73,187.32,188.35,-0.006697605737791434,3.4099999999999966,Natural Gas,NG=F,₹/kg,Energy
2017-08-16,2.890000104904175,2.933000087738037,2.882999897003174,2.9200000762939453,135731,64.26300048828125,187.65,188.48,185.27,185.72,-0.013963366073798777,3.2099999999999795,Natural Gas,NG=F,₹/kg,Energy
2017-08-17,2.928999900817871,2.938999891281128,2.8559999465942383,2.8910000324249268,158462,64.1604995727539,185.49,188.57,183.24,187.93,0.011899633857419767,5.329999999999984,Natural Gas,NG=F,₹/kg,Energy
2017-08-18,2.8929998874664307,2.927999973297119,2.884999990463257,2.9170000553131104,83316,64.18890380859375,187.24,187.95,185.18,185.7,-0.011866120363965393,2.769999999999982,Natural Gas,NG=F,₹/kg,Energy
2017-08-21,2.9619998931884766,2.9800000190734863,2.867000102996826,2.8940000534057617,171194,64.07589721679688,185.44,190.95,183.71,189.79,0.02202477113624135,7.239999999999981,Natural Gas,NG=F,₹/kg,Energy
2017-08-22,2.938999891281128,3.00600004196167,2.927000045776367,2.9630000591278076,151718,64.15750122070312,190.1,192.86,187.79,188.56,-0.006480847252226085,5.070000000000022,Natural Gas,NG=F,₹/kg,Energy
2017-08-23,2.927999973297119,2.9570000171661377,2.9000000953674316,2.934999942779541,104361,64.05750274658203,188.01,189.42,185.77,187.56,-0.005303351718285998,3.6499999999999773,Natural Gas,NG=F,₹/kg,Energy
2017-08-24,2.9489998817443848,2.9820001125335693,2.9170000553131104,2.9260001182556152,105193,64.00499725341797,187.28,190.86,186.7,188.75,0.0063446363830241825,4.160000000000025,Natural Gas,NG=F,₹/kg,Energy
2017-08-25,2.8919999599456787,2.9519999027252197,2.88100004196167,2.947000026702881,53985,64.03500366210938,188.71,189.03,184.48,185.19,-0.018860927152317908,4.550000000000011,Natural Gas,NG=F,₹/kg,Energy
2017-08-28,2.924999952316284,2.9670000076293945,2.8489999771118164,2.9240000247955322,48077,63.99549865722656,187.12,189.87,182.32,187.19,0.010799719207300607,7.550000000000011,Natural Gas,NG=F,₹/kg,Energy
2017-08-29,2.9609999656677246,2.997999906539917,2.9000000953674316,2.9149999618530273,106590,63.78929901123047,185.95,191.24,184.99,188.88,0.009028260056626936,6.25,Natural Gas,NG=F,₹/kg,Energy
2017-08-30,2.938999891281128,2.9800000190734863,2.927999973297119,2.9730000495910645,106590,63.98680114746094,190.23,190.68,187.35,188.06,-0.004341380770859771,3.3300000000000125,Natural Gas,NG=F,₹/kg,Energy
2017-08-31,3.0399999618530273,3.0450000762939453,2.9079999923706055,2.944999933242798,96502,63.976200103759766,188.41,194.81,186.04,194.49,0.03419121556949922,8.77000000000001,Natural Gas,NG=F,₹/kg,Energy
2017-09-01,3.069999933242798,3.0880000591278076,2.997999906539917,3.0269999504089355,241062,63.91189956665039,193.46,197.36,191.61,196.21,0.008843642346650249,5.75,Natural Gas,NG=F,₹/kg,Energy
2017-09-05,2.9719998836517334,3.059000015258789,2.9649999141693115,3.013000011444092,179193,64.02629852294922,192.91,195.86,189.84,190.29,-0.030171754752561064,6.02000000000001,Natural Gas,NG=F,₹/kg,Energy
2017-09-06,3.0,3.0309998989105225,2.9600000381469727,2.9700000286102295,145052,64.0999984741211,190.38,194.29,189.74,192.3,0.010562825161595457,4.549999999999983,Natural Gas,NG=F,₹/kg,Energy
2017-09-07,2.9809999465942383,3.0299999713897705,2.9679999351501465,3.007999897003174,137126,64.0154037475586,192.56,193.97,190.0,190.83,-0.007644305772230853,3.969999999999999,Natural Gas,NG=F,₹/kg,Energy
2017-09-08,2.890000104904175,2.9749999046325684,2.884999990463257,2.9719998836517334,204842,63.95009994506836,190.06,190.25,184.5,184.82,-0.031493999895194746,5.75,Natural Gas,NG=F,₹/kg,Energy
2017-09-11,2.950000047683716,2.953000068664551,2.8989999294281006,2.9100000858306885,164090,63.930999755859375,186.04,188.79,185.34,188.6,0.020452331998701556,3.4499999999999886,Natural Gas,NG=F,₹/kg,Energy
2017-09-12,3.000999927520752,3.0429999828338623,2.936000108718872,2.950000047683716,248747,63.97999954223633,188.74,194.69,187.85,192.0,0.01802757158006374,6.840000000000003,Natural Gas,NG=F,₹/kg,Energy
2017-09-13,3.058000087738037,3.078000068664551,2.994999885559082,2.996000051498413,191192,63.98759841918945,191.71,196.95,191.64,195.67,0.019114583333333268,5.310000000000002,Natural Gas,NG=F,₹/kg,Energy
2017-09-14,3.069999933242798,3.1059999465942383,3.0360000133514404,3.059000015258789,204316,64.11509704589844,196.13,199.14,194.65,196.83,0.005928348750447343,4.489999999999981,Natural Gas,NG=F,₹/kg,Energy
2017-09-15,3.0239999294281006,3.0739998817443848,3.00600004196167,3.065000057220459,144121,64.15499877929688,196.64,197.21,192.85,194.0,-0.01437788954935737,4.360000000000014,Natural Gas,NG=F,₹/kg,Energy
2017-09-18,3.1459999084472656,3.1570000648498535,3.0490000247955322,3.0490000247955322,209884,64.12020111083984,195.5,202.43,195.5,201.72,0.03979381443298968,6.930000000000007,Natural Gas,NG=F,₹/kg,Energy
2017-09-19,3.121999979019165,3.1659998893737793,3.111999988555908,3.1510000228881836,156610,64.2146987915039,202.34,203.3,199.84,200.48,-0.006147134642078167,3.460000000000008,Natural Gas,NG=F,₹/kg,Energy
2017-09-20,3.0940001010894775,3.1480000019073486,3.0769999027252197,3.118000030517578,172959,64.29869842529297,200.48,202.41,197.85,198.94,-0.007681564245810013,4.560000000000002,Natural Gas,NG=F,₹/kg,Energy
2017-09-21,2.946000099182129,3.0910000801086426,2.941999912261963,3.0810000896453857,271675,64.28369903564453,198.06,198.7,189.12,189.38,-0.048054689856238064,9.579999999999984,Natural Gas,NG=F,₹/kg,Energy
2017-09-22,2.9590001106262207,2.9779999256134033,2.944999933242798,2.9570000171661377,109531,64.80229949951172,191.62,192.98,190.84,191.75,0.012514521068750728,2.1399999999999864,Natural Gas,NG=F,₹/kg,Energy
2017-09-25,2.9189999103546143,2.9860000610351562,2.9110000133514404,2.931999921798706,73229,64.89099884033203,190.26,193.76,188.9,189.42,-0.01215123859191658,4.859999999999985,Natural Gas,NG=F,₹/kg,Energy
2017-09-26,2.9179999828338623,2.9549999237060547,2.8980000019073486,2.9210000038146973,54994,65.26509857177734,190.64,192.86,189.14,190.44,0.0053848590433955845,3.7200000000000273,Natural Gas,NG=F,₹/kg,Energy
2017-09-27,2.9739999771118164,2.989000082015991,2.9119999408721924,2.9170000553131104,195939,65.3499984741211,190.63,195.33,190.3,194.35,0.020531400966183666,5.030000000000001,Natural Gas,NG=F,₹/kg,Energy
2017-09-28,3.0169999599456787,3.0810000896453857,3.000999927520752,3.059000015258789,192444,65.5250015258789,200.44,201.88,196.64,197.69,0.017185490095189104,5.240000000000009,Natural Gas,NG=F,₹/kg,Energy
2017-09-29,3.006999969482422,3.0439999103546143,2.992000102996826,3.0220000743865967,117984,65.36000061035156,197.52,198.96,195.56,196.54,-0.005817188527492578,3.4000000000000057,Natural Gas,NG=F,₹/kg,Energy
2017-10-02,2.9159998893737793,3.0250000953674316,2.8889999389648438,3.0179998874664307,251481,65.29329681396484,197.06,197.51,188.63,190.4,-0.031240459957260547,8.879999999999995,Natural Gas,NG=F,₹/kg,Energy
2017-10-03,2.8949999809265137,2.934999942779541,2.880000114440918,2.924999952316284,151617,65.57170104980469,191.8,192.45,188.85,189.83,-0.002993697478991586,3.5999999999999943,Natural Gas,NG=F,₹/kg,Energy
2017-10-04,2.940000057220459,2.9769999980926514,2.8980000019073486,2.9049999713897705,160561,65.44309997558594,190.11,194.82,189.65,192.4,0.013538429120792284,5.1699999999999875,Natural Gas,NG=F,₹/kg,Energy
2017-10-05,2.9230000972747803,2.994999885559082,2.8940000534057617,2.934000015258789,180003,65.01950073242188,190.77,194.73,188.17,190.05,-0.012214137214137222,6.560000000000002,Natural Gas,NG=F,₹/kg,Energy
2017-10-06,2.86299991607666,2.9170000553131104,2.8559999465942383,2.8949999809265137,226636,65.20999908447266,188.78,190.22,186.24,186.7,-0.017626940278874126,3.9799999999999898,Natural Gas,NG=F,₹/kg,Energy
2017-10-09,2.8329999446868896,2.885999917984009,2.8269999027252197,2.8589999675750732,174730,65.41419982910156,187.02,188.79,184.93,185.32,-0.007391537225495459,3.859999999999985,Natural Gas,NG=F,₹/kg,Energy
2017-10-10,2.8910000324249268,2.8959999084472656,2.8329999446868896,2.8359999656677246,201266,65.41459655761719,185.52,189.44,185.32,189.11,0.02045111159076196,4.1200000000000045,Natural Gas,NG=F,₹/kg,Energy
2017-10-11,2.8889999389648438,2.9619998931884766,2.875999927520752,2.881999969482422,224270,65.23889923095703,188.02,193.24,187.63,188.48,-0.0033313944265244144,5.610000000000014,Natural Gas,NG=F,₹/kg,Energy
2017-10-12,2.989000082015991,3.007999897003174,2.8949999809265137,2.9059998989105225,308993,65.20539855957031,189.49,196.14,188.77,194.9,0.03406196943972839,7.369999999999976,Natural Gas,NG=F,₹/kg,Energy
2017-10-13,3.0,3.0360000133514404,2.9839999675750732,2.994999885559082,179590,65.0459976196289,194.81,197.48,194.1,195.14,0.001231400718316955,3.3799999999999955,Natural Gas,NG=F,₹/kg,Energy
2017-10-16,2.946000099182129,2.9769999980926514,2.9079999923706055,2.9600000381469727,179558,64.6729965209961,191.43,192.53,188.07,190.53,-0.023624064774008358,4.460000000000008,Natural Gas,NG=F,₹/kg,Energy
2017-10-17,2.9619998931884766,3.0260000228881836,2.9210000038146973,2.9549999237060547,202672,64.6946029663086,191.17,195.77,188.97,191.63,0.005773369023250874,6.800000000000011,Natural Gas,NG=F,₹/kg,Energy
2017-10-18,2.8540000915527344,2.940999984741211,2.8510000705718994,2.9230000972747803,205285,64.92870330810547,189.79,190.96,185.11,185.31,-0.032980222303397144,5.849999999999994,Natural Gas,NG=F,₹/kg,Energy
2017-10-19,2.872999906539917,2.9100000858306885,2.7730000019073486,2.868000030517578,295772,65.04010009765625,186.54,189.27,180.36,186.86,0.008364362419729154,8.909999999999997,Natural Gas,NG=F,₹/kg,Energy
2017-10-20,2.9149999618530273,2.940000057220459,2.8559999465942383,2.885999917984009,225039,64.90460205078125,187.31,190.82,185.37,189.2,0.012522744300545785,5.449999999999989,Natural Gas,NG=F,₹/kg,Energy
2017-10-23,2.990999937057495,3.0169999599456787,2.947999954223633,3.000999927520752,178926,65.1041030883789,195.38,196.42,191.93,194.73,0.029228329809725118,4.489999999999981,Natural Gas,NG=F,₹/kg,Energy
2017-10-24,2.9739999771118164,3.003999948501587,2.9600000381469727,2.9709999561309814,112764,65.03489685058594,193.22,195.36,192.5,193.41,-0.006778616545986771,2.8600000000000136,Natural Gas,NG=F,₹/kg,Energy
2017-10-25,2.9189999103546143,2.999000072479248,2.9130001068115234,2.990999937057495,65776,65.07949829101562,194.65,195.17,189.58,189.97,-0.017786050359340222,5.589999999999975,Natural Gas,NG=F,₹/kg,Energy
2017-10-26,2.890000104904175,2.940999984741211,2.867000102996826,2.928999900817871,50113,64.83999633789062,189.92,190.69,185.9,187.39,-0.013581091751329266,4.789999999999992,Natural Gas,NG=F,₹/kg,Energy
2017-10-27,2.752000093460083,2.8989999294281006,2.7230000495910645,2.8989999294281006,241052,64.5999984741211,187.28,187.28,175.91,177.78,-0.05128341960616889,11.370000000000005,Natural Gas,NG=F,₹/kg,Energy
2017-10-30,2.9660000801086426,3.00600004196167,2.936000108718872,2.937999963760376,124090,64.87339782714844,190.6,195.01,190.47,192.41,0.0822927213409832,4.539999999999992,Natural Gas,NG=F,₹/kg,Energy
2017-10-31,2.8959999084472656,3.005000114440918,2.881999969482422,2.98799991607666,194986,64.84239959716797,193.75,194.85,186.88,187.78,-0.024063198378462602,7.969999999999999,Natural Gas,NG=F,₹/kg,Energy
2017-11-01,2.8929998874664307,2.928999900817871,2.8469998836517334,2.9059998989105225,189880,64.67009735107422,187.93,189.42,184.12,187.09,-0.003674512727660062,5.299999999999983,Natural Gas,NG=F,₹/kg,Energy
2017-11-02,2.934999942779541,2.9570000171661377,2.88100004196167,2.9000000953674316,184935,64.55509948730469,187.21,190.89,185.98,189.47,0.012721150248543367,4.909999999999997,Natural Gas,NG=F,₹/kg,Energy
2017-11-03,2.9839999675750732,2.997999906539917,2.930000066757202,2.934999942779541,143210,64.50050354003906,189.31,193.37,188.99,192.47,0.01583364120969022,4.3799999999999955,Natural Gas,NG=F,₹/kg,Energy
2017-11-06,3.134000062942505,3.1429998874664307,3.0510001182556152,3.0850000381469727,267645,64.69339752197266,199.58,203.33,197.38,202.75,0.053410921182522,5.950000000000017,Natural Gas,NG=F,₹/kg,Energy
2017-11-07,3.1519999504089355,3.1760001182556152,3.0880000591278076,3.125,247518,64.59089660644531,201.85,205.14,199.46,203.59,0.004143033292231868,5.679999999999978,Natural Gas,NG=F,₹/kg,Energy
2017-11-08,3.174999952316284,3.190000057220459,3.114000082015991,3.1510000228881836,210306,65.16449737548828,205.33,207.87,202.92,206.9,0.01625816592170537,4.950000000000017,Natural Gas,NG=F,₹/kg,Energy
2017-11-09,3.200000047683716,3.2170000076293945,3.1519999504089355,3.1519999504089355,247726,64.9104995727539,204.6,208.82,204.6,207.71,0.0039149347510873955,4.219999999999999,Natural Gas,NG=F,₹/kg,Energy
2017-11-10,3.2130000591278076,3.2239999771118164,3.1710000038146973,3.2079999446868896,179748,64.96800231933594,208.42,209.46,206.01,208.74,0.004958836839824787,3.450000000000017,Natural Gas,NG=F,₹/kg,Energy
2017-11-13,3.1670000553131104,3.2309999465942383,3.127000093460083,3.200000047683716,208595,65.1603012084961,208.51,210.53,203.76,206.36,-0.01140174379610992,6.77000000000001,Natural Gas,NG=F,₹/kg,Energy
2017-11-14,3.1019999980926514,3.1489999294281006,3.063999891281128,3.1410000324249268,219937,65.43840026855469,205.54,206.07,200.5,202.99,-0.016330684241132043,5.569999999999993,Natural Gas,NG=F,₹/kg,Energy
2017-11-15,3.0799999237060547,3.1530001163482666,3.052000045776367,3.078000068664551,192702,65.41339874267578,201.34,206.25,199.64,201.47,-0.007488053598699529,6.610000000000014,Natural Gas,NG=F,₹/kg,Energy
2017-11-16,3.052999973297119,3.109999895095825,3.0460000038146973,3.0869998931884766,186922,65.41339874267578,201.93,203.44,199.25,199.71,-0.008735791929319503,4.189999999999998,Natural Gas,NG=F,₹/kg,Energy
2017-11-17,3.0969998836517334,3.134000062942505,3.059000015258789,3.072000026702881,191293,65.20999908447266,200.33,204.37,199.48,201.96,0.01126633618747186,4.890000000000015,Natural Gas,NG=F,₹/kg,Energy
2017-11-20,3.046999931335449,3.0889999866485596,3.0260000228881836,3.069999933242798,160174,64.90499877929688,199.26,200.49,196.4,197.77,-0.020746682511388337,4.090000000000003,Natural Gas,NG=F,₹/kg,Energy
2017-11-21,3.0169999599456787,3.063999891281128,3.01200008392334,3.0320000648498535,133594,65.0250015258789,197.16,199.24,195.86,196.18,-0.008039642008393577,3.3799999999999955,Natural Gas,NG=F,₹/kg,Energy
2017-11-22,2.9679999351501465,3.0269999504089355,2.9549999237060547,3.013000011444092,139397,64.76129913330078,195.13,196.03,191.37,192.21,-0.020236517483943284,4.659999999999997,Natural Gas,NG=F,₹/kg,Energy
2017-11-24,2.812999963760376,2.9860000610351562,2.796999931335449,2.9609999656677246,94878,64.57939910888672,191.22,192.83,180.63,181.66,-0.054887883044586694,12.200000000000017,Natural Gas,NG=F,₹/kg,Energy
2017-11-27,2.927999973297119,2.950000047683716,2.875999927520752,2.927000045776367,56306,64.54499816894531,188.92,190.41,185.63,188.99,0.040350104590994196,4.780000000000001,Natural Gas,NG=F,₹/kg,Energy
2017-11-28,3.0739998817443848,3.1019999980926514,2.944999933242798,2.947000026702881,271472,64.43389892578125,189.89,199.87,189.76,198.07,0.04804487009894687,10.110000000000014,Natural Gas,NG=F,₹/kg,Energy
2017-11-29,3.178999900817871,3.2179999351501465,3.127000093460083,3.13100004196167,230343,64.47000122070312,201.86,207.46,201.6,204.95,0.03473519462816177,5.860000000000014,Natural Gas,NG=F,₹/kg,Energy
2017-11-30,3.0250000953674316,3.194000005722046,3.007999897003174,3.174999952316284,317425,64.41480255126953,204.52,205.74,193.76,194.85,-0.04928031227128571,11.980000000000018,Natural Gas,NG=F,₹/kg,Energy
2017-12-01,3.061000108718872,3.117000102996826,3.0290000438690186,3.0320000648498535,213443,64.49939727783203,195.56,201.04,195.37,197.43,0.013240954580446607,5.6699999999999875,Natural Gas,NG=F,₹/kg,Energy
2017-12-04,2.984999895095825,3.127000093460083,2.953000068664551,3.0910000801086426,238226,64.50900268554688,199.4,201.72,190.5,192.56,-0.0246669705718483,11.219999999999999,Natural Gas,NG=F,₹/kg,Energy
2017-12-05,2.9140000343322754,2.997999906539917,2.875,2.9760000705718994,240838,64.35140228271484,191.51,192.93,185.01,187.52,-0.026173660157872813,7.920000000000016,Natural Gas,NG=F,₹/kg,Energy
2017-12-06,2.921999931335449,2.9609999656677246,2.884000062942505,2.9100000858306885,178775,64.35690307617188,187.28,190.56,185.61,188.05,0.0028263651877133977,4.949999999999989,Natural Gas,NG=F,₹/kg,Energy
2017-12-07,2.763000011444092,2.921999931335449,2.746999979019165,2.9100000858306885,392520,64.51519775390625,187.74,188.51,177.22,178.26,-0.05206062217495355,11.289999999999992,Natural Gas,NG=F,₹/kg,Energy
2017-12-08,2.7720000743865967,2.819999933242798,2.756999969482422,2.7690000534057617,233766,64.54239654541016,178.72,182.01,177.94,178.91,0.0036463592505329157,4.069999999999993,Natural Gas,NG=F,₹/kg,Energy
2017-12-11,2.828000068664551,2.8480000495910645,2.7929999828338623,2.8310000896453857,196702,64.4729995727539,182.52,183.62,180.07,182.33,0.01911575652562747,3.5500000000000114,Natural Gas,NG=F,₹/kg,Energy
2017-12-12,2.677999973297119,2.8440001010894775,2.6730000972747803,2.8010001182556152,312864,64.3499984741211,180.24,183.01,172.01,172.33,-0.054845609608950796,11.0,Natural Gas,NG=F,₹/kg,Energy
2017-12-13,2.7149999141693115,2.750999927520752,2.6559998989105225,2.696000099182129,256783,64.55000305175781,174.03,177.58,171.44,175.25,0.016944234898160326,6.140000000000015,Natural Gas,NG=F,₹/kg,Energy
2017-12-14,2.684000015258789,2.7170000076293945,2.6429998874664307,2.7039999961853027,205087,64.31999969482422,173.92,174.76,170.0,172.63,-0.01495007132667625,4.759999999999991,Natural Gas,NG=F,₹/kg,Energy
2017-12-15,2.611999988555908,2.7320001125335693,2.5810000896453857,2.686000108718872,190914,64.2750015258789,172.64,175.6,165.89,167.89,-0.027457568209465433,9.710000000000008,Natural Gas,NG=F,₹/kg,Energy
2017-12-18,2.744999885559082,2.7780001163482666,2.634000062942505,2.6500000953674316,231827,64.07230377197266,169.79,177.99,168.77,175.88,0.04759068437667535,9.219999999999999,Natural Gas,NG=F,₹/kg,Energy
2017-12-19,2.691999912261963,2.7690000534057617,2.687999963760376,2.7339999675750732,219344,64.20010375976562,175.52,177.77,172.57,172.83,-0.017341369115305816,5.200000000000017,Natural Gas,NG=F,₹/kg,Energy
2017-12-20,2.63700008392334,2.75600004196167,2.609999895095825,2.7219998836517334,183119,64.04759979248047,174.34,176.52,167.16,168.89,-0.022796968118960925,9.360000000000014,Natural Gas,NG=F,₹/kg,Energy
2017-12-21,2.5980000495910645,2.6689999103546143,2.568000078201294,2.6540000438690186,177652,63.96500015258789,169.76,170.72,164.26,166.18,-0.0160459470661376,6.460000000000008,Natural Gas,NG=F,₹/kg,Energy
2017-12-22,2.6670000553131104,2.681999921798706,2.5829999446868896,2.619999885559082,68187,64.00969696044922,167.71,171.67,165.34,170.71,0.027259598026236675,6.329999999999984,Natural Gas,NG=F,₹/kg,Energy
2017-12-26,2.6429998874664307,2.7799999713897705,2.630000114440918,2.7079999446868896,81462,64.010498046875,173.34,177.95,168.35,169.18,-0.008962568097943935,9.599999999999994,Natural Gas,NG=F,₹/kg,Energy
2017-12-27,2.73799991607666,2.76200008392334,2.5980000495910645,2.6389999389648438,175025,64.0281982421875,168.97,176.85,166.35,175.31,0.03623359735193277,10.5,Natural Gas,NG=F,₹/kg,Energy
2017-12-28,2.9140000343322754,2.944999933242798,2.7339999675750732,2.749000072479248,313122,64.11499786376953,176.25,188.82,175.29,186.83,0.06571216701842464,13.530000000000001,Natural Gas,NG=F,₹/kg,Energy
2017-12-29,2.953000068664551,3.007999897003174,2.9200000762939453,2.930000066757202,272657,64.06199645996094,187.7,192.7,187.06,189.18,0.012578279719531071,5.639999999999986,Natural Gas,NG=F,₹/kg,Energy
2018-01-02,3.055999994277954,3.0969998836517334,2.9230000972747803,3.0299999713897705,320176,63.86759948730469,193.52,197.8,186.68,195.18,0.031715826197272534,11.120000000000005,Natural Gas,NG=F,₹/kg,Energy
2018-01-03,3.007999897003174,3.055999994277954,2.9590001106262207,3.0399999618530273,269889,63.459999084472656,192.92,193.93,187.78,190.89,-0.021979711035966853,6.150000000000006,Natural Gas,NG=F,₹/kg,Energy
2018-01-04,2.880000114440918,3.069999933242798,2.8399999141693115,3.015000104904175,319705,63.41910171508789,191.21,194.7,180.11,182.65,-0.043166221384043024,14.589999999999975,Natural Gas,NG=F,₹/kg,Energy
2018-01-05,2.7950000762939453,2.88700008392334,2.746000051498413,2.877000093460083,230946,63.36959838867188,182.31,182.95,174.01,177.12,-0.030276485080755533,8.939999999999998,Natural Gas,NG=F,₹/kg,Energy
2018-01-08,2.8350000381469727,2.86899995803833,2.7839999198913574,2.812000036239624,228242,63.26499938964844,177.9,181.51,176.13,179.36,0.012646793134598155,5.3799999999999955,Natural Gas,NG=F,₹/kg,Energy
2018-01-09,2.9230000972747803,2.9660000801086426,2.825000047683716,2.8380000591278076,288553,63.45199966430664,180.08,188.2,179.25,185.47,0.03406556645851899,8.949999999999989,Natural Gas,NG=F,₹/kg,Energy
2018-01-10,2.9059998989105225,2.989000082015991,2.86899995803833,2.9619998931884766,254155,63.63610076904297,188.49,190.21,182.57,184.93,-0.002911522079042439,7.640000000000015,Natural Gas,NG=F,₹/kg,Energy
2018-01-11,3.0840001106262207,3.1389999389648438,2.884000062942505,2.9059998989105225,405113,63.7599983215332,185.29,200.14,183.88,196.64,0.06332125669172117,16.25999999999999,Natural Gas,NG=F,₹/kg,Energy
2018-01-12,3.200000047683716,3.2239999771118164,3.069999933242798,3.13700008392334,415933,63.67210006713867,199.74,205.28,195.47,203.75,0.03615744507729879,9.810000000000002,Natural Gas,NG=F,₹/kg,Energy
2018-01-16,3.128999948501587,3.1760001182556152,3.0390000343322754,3.13100004196167,332451,63.52119827270508,198.88,201.74,193.04,198.76,-0.024490797546012355,8.700000000000017,Natural Gas,NG=F,₹/kg,Energy
2018-01-17,3.2320001125335693,3.2880001068115234,3.0980000495910645,3.125,283967,63.99430084228516,199.98,210.41,198.25,206.83,0.040601730730529306,12.159999999999997,Natural Gas,NG=F,₹/kg,Energy
2018-01-18,3.188999891281128,3.259999990463257,3.069999933242798,3.250999927520752,293577,63.82500076293945,207.5,208.07,195.94,203.54,-0.015906783348643927,12.129999999999995,Natural Gas,NG=F,₹/kg,Energy
2018-01-19,3.184999942779541,3.246000051498413,3.132999897003174,3.197999954223633,224665,63.86759948730469,204.25,207.31,200.1,203.42,-0.0005895647047263752,7.210000000000008,Natural Gas,NG=F,₹/kg,Energy
2018-01-22,3.2239999771118164,3.2690000534057617,3.1429998874664307,3.252000093460083,201676,63.83209991455078,207.58,208.67,200.62,205.79,0.011650771802182769,8.049999999999983,Natural Gas,NG=F,₹/kg,Energy
2018-01-23,3.444000005722046,3.628000020980835,3.249000072479248,3.253999948501587,291378,63.88010025024414,207.87,231.76,207.55,220.0,0.06905097429418339,24.20999999999998,Natural Gas,NG=F,₹/kg,Energy
2018-01-24,3.509000062942505,3.624000072479248,3.4040000438690186,3.5409998893737793,213630,63.7504997253418,225.74,231.03,217.01,223.7,0.016818181818181843,14.02000000000001,Natural Gas,NG=F,₹/kg,Energy
2018-01-25,3.447000026702881,3.5810000896453857,3.3980000019073486,3.438999891281128,84785,63.57789993286133,218.64,227.67,216.04,219.15,-0.020339740724184097,11.629999999999995,Natural Gas,NG=F,₹/kg,Energy
2018-01-26,3.505000114440918,3.6110000610351562,3.4100000858306885,3.437000036239624,75224,63.57310104370117,218.5,229.56,216.78,222.82,0.016746520647958008,12.780000000000001,Natural Gas,NG=F,₹/kg,Energy
2018-01-29,3.63100004196167,3.6610000133514404,3.296999931335449,3.390000104904175,265222,63.56999969482422,215.5,232.73,209.59,230.82,0.03590341980073597,23.139999999999986,Natural Gas,NG=F,₹/kg,Energy
2018-01-30,3.194999933242798,3.259000062942505,3.1610000133514404,3.187000036239624,257758,63.66939926147461,202.91,207.5,201.26,203.42,-0.11870721774542936,6.240000000000009,Natural Gas,NG=F,₹/kg,Energy
2018-01-31,2.994999885559082,3.183000087738037,2.9489998817443848,3.1649999618530273,334638,63.769901275634766,201.83,202.98,188.06,190.99,-0.061105102743093,14.919999999999987,Natural Gas,NG=F,₹/kg,Energy
2018-02-01,2.8559999465942383,2.9779999256134033,2.8369998931884766,2.9560000896453857,359410,63.665000915527344,188.19,189.59,180.62,181.83,-0.04796062621079633,8.969999999999999,Natural Gas,NG=F,₹/kg,Energy
2018-02-02,2.8459999561309814,2.9200000762939453,2.8399999141693115,2.8910000324249268,184073,63.97499847412109,184.95,186.81,181.69,182.07,0.0013199142055764224,5.1200000000000045,Natural Gas,NG=F,₹/kg,Energy
2018-02-05,2.746999979019165,2.880000114440918,2.7360000610351562,2.825000047683716,200176,64.13249969482422,181.17,184.7,175.47,176.17,-0.03240511891030928,9.22999999999999,Natural Gas,NG=F,₹/kg,Energy
2018-02-06,2.759000062942505,2.7850000858306885,2.694999933242798,2.7669999599456787,185164,64.314697265625,177.96,179.12,173.33,177.44,0.007208945904524144,5.789999999999992,Natural Gas,NG=F,₹/kg,Energy
2018-02-07,2.7019999027252197,2.7820000648498535,2.687999963760376,2.760999917984009,220437,63.97999954223633,176.65,177.99,171.98,172.87,-0.025755184851217305,6.010000000000019,Natural Gas,NG=F,₹/kg,Energy
2018-02-08,2.697000026702881,2.757999897003174,2.680999994277954,2.7019999027252197,191585,64.19999694824219,173.47,177.06,172.12,173.15,0.0016197142361311645,4.939999999999998,Natural Gas,NG=F,₹/kg,Energy
2018-02-09,2.5840001106262207,2.7039999961853027,2.5759999752044678,2.694000005722046,236204,64.44049835205078,173.6,174.25,166.0,166.51,-0.03834825295986144,8.25,Natural Gas,NG=F,₹/kg,Energy
2018-02-12,2.552000045776367,2.6070001125335693,2.5380001068115234,2.553999900817871,196427,64.2113037109375,164.0,167.4,162.97,163.87,-0.01585490360939279,4.430000000000007,Natural Gas,NG=F,₹/kg,Energy
2018-02-13,2.5940001010894775,2.6419999599456787,2.562000036239624,2.565999984741211,203096,64.28350067138672,164.95,169.84,164.69,166.75,0.017574906938426782,5.150000000000006,Natural Gas,NG=F,₹/kg,Energy
2018-02-14,2.5869998931884766,2.622999906539917,2.552999973297119,2.6080000400543213,175161,64.2500991821289,167.56,168.53,164.03,166.21,-0.003238380809595154,4.5,Natural Gas,NG=F,₹/kg,Energy
2018-02-15,2.5799999237060547,2.622999906539917,2.5299999713897705,2.61299991607666,163821,64.02519989013672,167.3,167.94,161.98,165.19,-0.006136814872751417,5.960000000000008,Natural Gas,NG=F,₹/kg,Energy
2018-02-16,2.558000087738037,2.5889999866485596,2.5390000343322754,2.5840001106262207,112338,63.890899658203125,165.09,165.41,162.22,163.43,-0.010654397965978557,3.1899999999999977,Natural Gas,NG=F,₹/kg,Energy
2018-02-20,2.615999937057495,2.6619999408721924,2.562000036239624,2.568000078201294,147855,64.50499725341797,165.65,171.71,165.26,168.75,0.03255216300556807,6.450000000000017,Natural Gas,NG=F,₹/kg,Energy
2018-02-21,2.6589999198913574,2.680000066757202,2.565000057220459,2.638000011444092,125222,64.86499786376953,171.11,173.84,166.38,172.48,0.022103703703703736,7.460000000000008,Natural Gas,NG=F,₹/kg,Energy
2018-02-22,2.634000062942505,2.6700000762939453,2.6070001125335693,2.6570000648498535,60419,64.8949966430664,172.43,173.27,169.18,170.93,-0.008986549165120539,4.090000000000003,Natural Gas,NG=F,₹/kg,Energy
2018-02-23,2.625,2.632999897003174,2.555000066757202,2.61899995803833,66996,64.95140075683594,170.11,171.02,165.95,170.5,-0.002515649681156029,5.070000000000022,Natural Gas,NG=F,₹/kg,Energy
2018-02-26,2.6389999389648438,2.680000066757202,2.5859999656677246,2.634999990463257,158112,64.7030029296875,170.49,173.4,167.32,170.75,0.0014662756598240456,6.0800000000000125,Natural Gas,NG=F,₹/kg,Energy
2018-02-27,2.683000087738037,2.7019999027252197,2.632999897003174,2.681999921798706,122830,64.78040313720703,173.74,175.04,170.57,173.81,0.017920937042459784,4.469999999999999,Natural Gas,NG=F,₹/kg,Energy
2018-02-28,2.6670000553131104,2.7100000381469727,2.6589999198913574,2.693000078201294,133147,64.91000366210938,174.8,175.91,172.6,173.11,-0.004027386226339025,3.3100000000000023,Natural Gas,NG=F,₹/kg,Energy
2018-03-01,2.697999954223633,2.7309999465942383,2.6419999599456787,2.6679999828338623,206388,65.23999786376953,174.06,178.17,172.36,176.02,0.016810120732482225,5.809999999999974,Natural Gas,NG=F,₹/kg,Energy
2018-03-02,2.694999933242798,2.7279999256134033,2.686000108718872,2.693000078201294,137999,65.1500015258789,175.45,177.73,174.99,175.58,-0.0024997159413703285,2.7399999999999807,Natural Gas,NG=F,₹/kg,Energy
2018-03-05,2.7039999961853027,2.7260000705718994,2.6730000972747803,2.7170000076293945,118016,65.18669891357422,177.11,177.7,174.24,176.26,0.0038728784599610933,3.4599999999999795,Natural Gas,NG=F,₹/kg,Energy
2018-03-06,2.749000072479248,2.756999969482422,2.7019999027252197,2.7060000896453857,132005,65.00370025634766,175.9,179.22,175.64,178.7,0.013843186202201263,3.5800000000000125,Natural Gas,NG=F,₹/kg,Energy
2018-03-07,2.7769999504089355,2.7890000343322754,2.74399995803833,2.75,144973,64.88999938964844,178.45,180.98,178.06,180.2,0.008393956351427034,2.9199999999999875,Natural Gas,NG=F,₹/kg,Energy
2018-03-08,2.75600004196167,2.7929999828338623,2.736999988555908,2.7860000133514404,148183,64.89119720458984,180.79,181.24,177.61,178.84,-0.007547169811320642,3.6299999999999955,Natural Gas,NG=F,₹/kg,Energy
2018-03-09,2.7320001125335693,2.752000093460083,2.7119998931884766,2.742000102996826,131468,65.09040069580078,178.48,179.13,176.53,177.83,-0.005647506150749271,2.5999999999999943,Natural Gas,NG=F,₹/kg,Energy
2018-03-12,2.7780001163482666,2.803999900817871,2.7179999351501465,2.7309999465942383,163455,64.96489715576172,177.42,182.16,176.57,180.47,0.014845639093516105,5.590000000000003,Natural Gas,NG=F,₹/kg,Energy
2018-03-13,2.7860000133514404,2.811000108718872,2.7760000228881836,2.7880001068115234,146848,64.94550323486328,181.07,182.56,180.29,180.94,0.002604310965811596,2.2700000000000102,Natural Gas,NG=F,₹/kg,Energy
2018-03-14,2.7309999465942383,2.7980000972747803,2.7100000381469727,2.7869999408721924,146222,64.8281021118164,180.68,181.39,175.68,177.05,-0.021498839394274216,5.7099999999999795,Natural Gas,NG=F,₹/kg,Energy
2018-03-15,2.680999994277954,2.75,2.6640000343322754,2.73799991607666,147708,64.83679962158203,177.52,178.3,172.73,173.83,-0.01818695283818128,5.570000000000022,Natural Gas,NG=F,₹/kg,Energy
2018-03-16,2.687999963760376,2.7009999752044678,2.6670000553131104,2.684999942779541,78672,65.01439666748047,174.56,175.6,173.39,174.76,0.005350054651095837,2.210000000000008,Natural Gas,NG=F,₹/kg,Energy
2018-03-19,2.6510000228881836,2.7100000381469727,2.640000104904175,2.683000087738037,115506,65.06500244140625,174.57,176.33,171.77,172.49,-0.012989242389562672,4.560000000000002,Natural Gas,NG=F,₹/kg,Energy
2018-03-20,2.674999952316284,2.694999933242798,2.6500000953674316,2.6600000858306885,126457,65.21009826660156,173.46,175.74,172.81,174.44,0.011305003188590623,2.930000000000007,Natural Gas,NG=F,₹/kg,Energy
2018-03-21,2.638000011444092,2.7079999446868896,2.634000062942505,2.677000045776367,135651,65.2323989868164,174.63,176.65,171.82,172.08,-0.013529007108461277,4.8300000000000125,Natural Gas,NG=F,₹/kg,Energy
2018-03-22,2.617000102996826,2.6670000553131104,2.6110000610351562,2.6480000019073486,103060,65.06559753417969,172.29,173.53,169.89,170.28,-0.010460251046025215,3.640000000000015,Natural Gas,NG=F,₹/kg,Energy
2018-03-23,2.5910000801086426,2.627000093460083,2.5789999961853027,2.61899995803833,57008,65.16000366210938,170.65,171.18,168.05,168.83,-0.008515386422363047,3.1299999999999955,Natural Gas,NG=F,₹/kg,Energy
2018-03-26,2.618000030517578,2.6419999599456787,2.565000057220459,2.5880000591278076,52520,65.01499938964844,168.26,171.77,166.76,170.21,0.008173902742403483,5.010000000000019,Natural Gas,NG=F,₹/kg,Energy
2018-03-27,2.690999984741211,2.7070000171661377,2.622999906539917,2.63100004196167,148928,64.69499969482422,170.21,175.13,169.69,174.09,0.022795370424769423,5.439999999999998,Natural Gas,NG=F,₹/kg,Energy
2018-03-28,2.697999954223633,2.7309999465942383,2.690000057220459,2.7179999351501465,85532,64.89550018310547,176.39,177.23,174.57,175.09,0.005744155321959932,2.6599999999999966,Natural Gas,NG=F,₹/kg,Energy
2018-03-29,2.7330000400543213,2.7639999389648438,2.697999954223633,2.7060000896453857,160014,65.14920043945312,176.29,180.07,175.77,178.05,0.016905591410131926,4.299999999999983,Natural Gas,NG=F,₹/kg,Energy
2018-04-02,2.683000087738037,2.759000062942505,2.6500000953674316,2.7300000190734863,165214,65.10549926757812,177.74,179.63,172.53,174.68,-0.01892726762145469,7.099999999999994,Natural Gas,NG=F,₹/kg,Energy
2018-04-03,2.697000026702881,2.7070000171661377,2.6670000553131104,2.678999900817871,112561,65.13999938964844,174.51,176.33,173.73,175.68,0.005724753835585128,2.6000000000000227,Natural Gas,NG=F,₹/kg,Energy
2018-04-04,2.7179999351501465,2.746000051498413,2.674999952316284,2.696000099182129,139580,64.90499877929688,174.98,178.23,173.62,176.41,0.004155282331511856,4.609999999999985,Natural Gas,NG=F,₹/kg,Energy
2018-04-05,2.674999952316284,2.7149999141693115,2.6510000228881836,2.7119998931884766,160236,64.99500274658203,176.27,176.46,172.3,173.86,-0.014454962870585453,4.159999999999997,Natural Gas,NG=F,₹/kg,Energy
2018-04-06,2.7009999752044678,2.7170000076293945,2.674999952316284,2.680000066757202,135394,64.86150360107422,173.83,176.23,173.5,175.19,0.007649833199125711,2.7299999999999898,Natural Gas,NG=F,₹/kg,Energy
2018-04-09,2.693000078201294,2.7039999961853027,2.640000104904175,2.678999900817871,220804,64.90450286865234,173.88,175.5,171.35,174.79,-0.002283235344483159,4.150000000000006,Natural Gas,NG=F,₹/kg,Energy
2018-04-10,2.6559998989105225,2.7260000705718994,2.6429998874664307,2.6989998817443848,219226,64.87000274658203,175.08,176.84,171.45,172.29,-0.014302877739001074,5.390000000000015,Natural Gas,NG=F,₹/kg,Energy
2018-04-11,2.674999952316284,2.690000057220459,2.621000051498413,2.6610000133514404,180073,64.92530059814453,172.77,174.65,170.17,173.68,0.008067792675140906,4.480000000000018,Natural Gas,NG=F,₹/kg,Energy
2018-04-12,2.686000108718872,2.700000047683716,2.6470000743865967,2.674999952316284,179513,65.19000244140625,174.38,176.01,172.56,175.1,0.008175955780746147,3.4499999999999886,Natural Gas,NG=F,₹/kg,Energy
2018-04-13,2.734999895095825,2.759999990463257,2.6740000247955322,2.688999891281128,167242,65.27570343017578,175.53,180.16,174.55,178.53,0.01958880639634497,5.609999999999985,Natural Gas,NG=F,₹/kg,Energy
2018-04-16,2.752000093460083,2.7790000438690186,2.739000082015991,2.753000020980835,116448,65.19560241699219,179.48,181.18,178.57,179.42,0.004985156556321035,2.6100000000000136,Natural Gas,NG=F,₹/kg,Energy
2018-04-17,2.73799991607666,2.760999917984009,2.7109999656677246,2.746999979019165,94016,65.4292984008789,179.73,180.65,177.38,179.15,-0.0015048489577526025,3.2700000000000102,Natural Gas,NG=F,₹/kg,Energy
2018-04-18,2.739000082015991,2.7899999618530273,2.7339999675750732,2.740999937057495,128915,65.67500305175781,180.02,183.23,179.56,179.88,0.004074797655595708,3.6699999999999875,Natural Gas,NG=F,₹/kg,Energy
2018-04-19,2.6600000858306885,2.750999927520752,2.6579999923706055,2.74399995803833,233754,66.01000213623047,181.13,181.59,175.45,175.59,-0.023849232821881228,6.140000000000015,Natural Gas,NG=F,₹/kg,Energy
2018-04-20,2.739000082015991,2.746000051498413,2.6579999923706055,2.674999952316284,162640,66.11479949951172,176.86,181.55,175.73,181.09,0.03132296827837577,5.820000000000022,Natural Gas,NG=F,₹/kg,Energy
2018-04-23,2.740000009536743,2.756999969482422,2.7060000896453857,2.744999885559082,110246,66.1968994140625,181.71,182.5,179.13,181.38,0.0016014136617150676,3.3700000000000045,Natural Gas,NG=F,₹/kg,Energy
2018-04-24,2.7809998989105225,2.7890000343322754,2.7279999256134033,2.744999885559082,63431,66.54499816894531,182.67,185.59,181.53,185.06,0.020288896239938348,4.060000000000002,Natural Gas,NG=F,₹/kg,Energy
2018-04-25,2.7860000133514404,2.7980000972747803,2.755000114440918,2.7820000648498535,57673,66.41410064697266,184.76,185.83,182.97,185.03,-0.00016210958608020576,2.8600000000000136,Natural Gas,NG=F,₹/kg,Energy
2018-04-26,2.821000099182129,2.8389999866485596,2.7790000438690186,2.7869999408721924,159934,66.90769958496094,186.47,189.95,185.94,188.75,0.020104847862508768,4.009999999999991,Natural Gas,NG=F,₹/kg,Energy
2018-04-27,2.7709999084472656,2.8340001106262207,2.7679998874664307,2.8259999752044678,129328,66.9000015258789,189.06,189.59,185.18,185.38,-0.017854304635761653,4.409999999999997,Natural Gas,NG=F,₹/kg,Energy
2018-04-30,2.763000011444092,2.7780001163482666,2.7279999256134033,2.763000011444092,128248,66.61000061035156,184.04,185.04,181.71,184.04,-0.007228395727694514,3.329999999999984,Natural Gas,NG=F,₹/kg,Energy
2018-05-01,2.802000045776367,2.819999933242798,2.759000062942505,2.7639999389648438,166920,66.44999694824219,183.67,187.39,183.34,186.19,0.011682242990654235,4.049999999999983,Natural Gas,NG=F,₹/kg,Energy
2018-05-02,2.753999948501587,2.811000108718872,2.744999885559082,2.805000066757202,126751,66.7886962890625,187.34,187.74,183.33,183.94,-0.012084429883452374,4.409999999999997,Natural Gas,NG=F,₹/kg,Energy
2018-05-03,2.7260000705718994,2.7730000019073486,2.700000047683716,2.759000062942505,161671,67.08000183105469,185.07,186.01,181.12,182.86,-0.005871479830379389,4.889999999999986,Natural Gas,NG=F,₹/kg,Energy
2018-05-04,2.7109999656677246,2.742000102996826,2.7019999027252197,2.7309999465942383,113276,66.66000366210938,182.05,182.78,180.12,180.72,-0.011702942141529116,2.6599999999999966,Natural Gas,NG=F,₹/kg,Energy
2018-05-07,2.740999937057495,2.7699999809265137,2.694999933242798,2.7100000381469727,160122,66.81050109863281,181.06,185.07,180.05,183.13,0.013335546702080592,5.019999999999982,Natural Gas,NG=F,₹/kg,Energy
2018-05-08,2.7320001125335693,2.7730000019073486,2.7060000896453857,2.7360000610351562,153614,67.1187973022461,183.64,186.12,181.62,183.37,0.0013105444219954077,4.5,Natural Gas,NG=F,₹/kg,Energy
2018-05-09,2.736999988555908,2.759000062942505,2.7249999046325684,2.739000082015991,117167,67.1624984741211,183.96,185.3,183.02,183.82,0.0024540546436166988,2.280000000000001,Natural Gas,NG=F,₹/kg,Energy
2018-05-10,2.813999891281128,2.819999933242798,2.7090001106262207,2.7360000610351562,242955,67.62000274658203,185.01,190.69,183.18,190.28,0.03514307474703515,7.509999999999991,Natural Gas,NG=F,₹/kg,Energy
2018-05-11,2.805999994277954,2.819999933242798,2.7929999828338623,2.808000087738037,119502,67.38999938964844,189.23,190.04,188.22,189.1,-0.006201387429051963,1.8199999999999932,Natural Gas,NG=F,₹/kg,Energy
2018-05-14,2.8420000076293945,2.8469998836517334,2.7980000972747803,2.825000047683716,130605,67.3822021484375,190.35,191.84,188.54,191.5,0.012691697514542577,3.3000000000000114,Natural Gas,NG=F,₹/kg,Energy
2018-05-15,2.8359999656677246,2.864000082015991,2.8239998817443848,2.8340001106262207,107086,67.6780014038086,191.8,193.83,191.12,191.93,0.00224543080939954,2.710000000000008,Natural Gas,NG=F,₹/kg,Energy
2018-05-16,2.815000057220459,2.8440001010894775,2.809000015258789,2.8269999027252197,105943,68.45999908447266,193.54,194.7,192.3,192.71,0.00406398165998012,2.3999999999999773,Natural Gas,NG=F,₹/kg,Energy
2018-05-17,2.8589999675750732,2.861999988555908,2.7799999713897705,2.816999912261963,182971,68.05999755859375,191.73,194.79,189.21,194.58,0.009703699859893167,5.579999999999984,Natural Gas,NG=F,₹/kg,Energy
2018-05-18,2.8469998836517334,2.869999885559082,2.8320000171661377,2.8529999256134033,110778,68.13999938964844,194.4,195.56,192.97,193.99,-0.003032171857333732,2.5900000000000034,Natural Gas,NG=F,₹/kg,Energy
2018-05-21,2.809999942779541,2.8469998836517334,2.805999994277954,2.8259999752044678,127049,67.9749984741211,192.1,193.52,190.74,191.01,-0.015361616578174253,2.780000000000001,Natural Gas,NG=F,₹/kg,Energy
2018-05-22,2.9079999923706055,2.9170000553131104,2.815999984741211,2.8269999027252197,181131,68.4000015258789,193.37,199.52,192.61,198.91,0.04135909114706049,6.909999999999997,Natural Gas,NG=F,₹/kg,Energy
2018-05-23,2.9140000343322754,2.938999891281128,2.8980000019073486,2.9019999504089355,111803,68.43000030517578,198.58,201.12,198.31,199.41,0.0025136996631642816,2.8100000000000023,Natural Gas,NG=F,₹/kg,Energy
2018-05-24,2.940000057220459,2.940999984741211,2.9040000438690186,2.9240000247955322,66352,68.6500015258789,200.73,201.9,199.36,201.83,0.012135800611804859,2.539999999999992,Natural Gas,NG=F,₹/kg,Energy
2018-05-25,2.938999891281128,2.9639999866485596,2.9119999408721924,2.930999994277954,77032,68.26010131835938,200.07,202.32,198.77,200.62,-0.005995144428479482,3.549999999999983,Natural Gas,NG=F,₹/kg,Energy
2018-05-29,2.875,2.9600000381469727,2.8380000591278076,2.9600000381469727,212197,67.40280151367188,199.51,199.51,191.29,193.78,-0.03409430764629651,8.219999999999999,Natural Gas,NG=F,₹/kg,Energy
2018-05-30,2.884999990463257,2.9059998989105225,2.867000102996826,2.9010000228881836,103499,68.12999725341797,197.65,197.99,195.33,196.56,0.014346165754979934,2.6599999999999966,Natural Gas,NG=F,₹/kg,Energy
2018-05-31,2.9519999027252197,2.98799991607666,2.88700008392334,2.8910000324249268,192343,67.43000030517578,194.94,201.48,194.67,199.05,0.012667887667887623,6.810000000000002,Natural Gas,NG=F,₹/kg,Energy
2018-06-01,2.9619998931884766,2.9830000400543213,2.931999921798706,2.9509999752044678,90936,67.43499755859375,199.0,201.16,197.72,199.74,0.003466465712132605,3.4399999999999977,Natural Gas,NG=F,₹/kg,Energy
2018-06-04,2.930000066757202,2.9800000190734863,2.9230000972747803,2.9739999771118164,100049,66.92500305175781,199.03,199.44,195.62,196.09,-0.018273755882647458,3.819999999999993,Natural Gas,NG=F,₹/kg,Energy
2018-06-05,2.890000104904175,2.930999994277954,2.874000072479248,2.9200000762939453,122194,67.05999755859375,195.82,196.55,192.73,193.8,-0.011678310979652107,3.8200000000000216,Natural Gas,NG=F,₹/kg,Energy
2018-06-06,2.8959999084472656,2.9119999408721924,2.872999906539917,2.888000011444092,106066,67.08999633789062,193.76,195.37,192.75,194.29,0.0025283797729616087,2.6200000000000045,Natural Gas,NG=F,₹/kg,Energy
2018-06-07,2.930000066757202,2.986999988555908,2.8959999084472656,2.9000000953674316,213147,66.8301010131836,193.81,199.62,193.54,195.81,0.007823356837716844,6.0800000000000125,Natural Gas,NG=F,₹/kg,Energy
2018-06-08,2.890000104904175,2.936000108718872,2.875,2.934000015258789,158581,67.41000366210938,197.78,197.92,193.8,194.81,-0.005106991471324207,4.119999999999976,Natural Gas,NG=F,₹/kg,Energy
2018-06-11,2.9489998817443848,2.9660000801086426,2.9119999408721924,2.927000045776367,192022,67.51000213623047,197.6,200.23,196.59,199.09,0.021970124736923058,3.6399999999999864,Natural Gas,NG=F,₹/kg,Energy
2018-06-12,2.938999891281128,2.98799991607666,2.9170000553131104,2.9539999961853027,170252,67.48999786376953,199.37,201.66,196.87,198.35,-0.003716911949369628,4.789999999999992,Natural Gas,NG=F,₹/kg,Energy
2018-06-13,2.9630000591278076,2.9790000915527344,2.9159998893737793,2.940999984741211,163496,67.91000366210938,199.72,202.3,198.03,201.22,0.014469372321653573,4.27000000000001,Natural Gas,NG=F,₹/kg,Energy
2018-06-14,2.9649999141693115,2.9760000705718994,2.930000066757202,2.9579999446868896,128821,67.77999877929688,200.49,201.71,198.6,200.97,-0.0012424212304940063,3.1100000000000136,Natural Gas,NG=F,₹/kg,Energy
2018-06-15,3.0220000743865967,3.0339999198913574,2.930000066757202,2.9579999446868896,169685,68.12999725341797,201.53,206.71,199.62,205.89,0.024481265860576196,7.090000000000003,Natural Gas,NG=F,₹/kg,Energy
2018-06-18,2.9509999752044678,3.052999973297119,2.944999933242798,3.0510001182556152,164885,68.05000305175781,207.62,207.76,200.41,200.82,-0.024624799650298623,7.349999999999994,Natural Gas,NG=F,₹/kg,Energy
2018-06-19,2.9000000953674316,2.9549999237060547,2.88700008392334,2.9519999027252197,148888,68.01000213623047,200.77,200.97,196.34,197.23,-0.0178767055074196,4.6299999999999955,Natural Gas,NG=F,₹/kg,Energy
2018-06-20,2.9639999866485596,2.9690001010894775,2.9119999408721924,2.9179999828338623,141781,68.05000305175781,198.57,202.04,198.16,201.7,0.022663894944987995,3.8799999999999955,Natural Gas,NG=F,₹/kg,Energy
2018-06-21,2.9749999046325684,3.01200008392334,2.947000026702881,2.9660000801086426,129672,68.3499984741211,202.73,205.87,201.43,203.34,0.00813088745661883,4.439999999999998,Natural Gas,NG=F,₹/kg,Energy
2018-06-22,2.944999933242798,2.990999937057495,2.9260001182556152,2.9820001125335693,101303,67.83000183105469,202.27,202.88,198.47,199.76,-0.017605980131799037,4.409999999999997,Natural Gas,NG=F,₹/kg,Energy
2018-06-25,2.9230000972747803,2.943000078201294,2.8970000743865967,2.9260001182556152,54241,67.85489654541016,198.54,199.7,196.58,198.34,-0.007108530236283439,3.119999999999976,Natural Gas,NG=F,₹/kg,Energy
2018-06-26,2.938999891281128,2.9549999237060547,2.9070000648498535,2.930999994277954,39903,68.33999633789062,200.3,201.94,198.66,200.85,0.012655036805485409,3.280000000000001,Natural Gas,NG=F,₹/kg,Energy
2018-06-27,2.996000051498413,3.006999969482422,2.950000047683716,2.9539999961853027,161502,68.36499786376953,201.95,205.57,201.68,204.82,0.019765994523275987,3.8899999999999864,Natural Gas,NG=F,₹/kg,Energy
2018-06-28,2.940000057220459,3.0209999084472656,2.930000066757202,2.98799991607666,157118,69.23999786376953,206.89,209.17,202.87,203.57,-0.006102919636754245,6.299999999999983,Natural Gas,NG=F,₹/kg,Energy
2018-06-29,2.9240000247955322,2.9539999961853027,2.9100000858306885,2.9509999752044678,116419,68.79669952392578,203.02,203.23,200.2,201.16,-0.01183867956968121,3.030000000000001,Natural Gas,NG=F,₹/kg,Energy
2018-07-02,2.861999988555908,2.927000045776367,2.8519999980926514,2.9200000762939453,165518,68.43499755859375,199.83,200.31,195.18,195.86,-0.026347186319347737,5.1299999999999955,Natural Gas,NG=F,₹/kg,Energy
2018-07-03,2.869999885559082,2.9030001163482666,2.8519999980926514,2.8610000610351562,121584,68.6948013305664,196.54,199.42,195.92,197.15,0.006586337179617985,3.5,Natural Gas,NG=F,₹/kg,Energy
2018-07-05,2.8369998931884766,2.884000062942505,2.8259999752044678,2.8420000076293945,128995,68.9800033569336,196.04,198.94,194.94,195.7,-0.00735480598529048,4.0,Natural Gas,NG=F,₹/kg,Energy
2018-07-06,2.8580000400543213,2.861999988555908,2.8239998817443848,2.8299999237060547,105972,69.06999969482422,195.47,197.68,195.05,197.4,0.008686765457332823,2.6299999999999955,Natural Gas,NG=F,₹/kg,Energy
2018-07-09,2.828000068664551,2.865000009536743,2.816999912261963,2.8389999866485596,126582,68.75499725341797,195.2,196.98,193.68,194.44,-0.01499493414387032,3.299999999999983,Natural Gas,NG=F,₹/kg,Energy
2018-07-10,2.7880001068115234,2.8350000381469727,2.7820000648498535,2.8289999961853027,127274,68.65979766845703,194.24,194.65,191.01,191.42,-0.015531783583624836,3.640000000000015,Natural Gas,NG=F,₹/kg,Energy
2018-07-11,2.8289999961853027,2.8320000171661377,2.7799999713897705,2.7869999408721924,111015,68.9000015258789,192.02,195.12,191.54,194.92,0.01828440079406546,3.5800000000000125,Natural Gas,NG=F,₹/kg,Energy
2018-07-12,2.796999931335449,2.8269999027252197,2.7890000343322754,2.822000026702881,114889,68.72000122070312,193.93,194.27,191.66,192.21,-0.013903139749640747,2.6100000000000136,Natural Gas,NG=F,₹/kg,Energy
2018-07-13,2.752000093460083,2.812000036239624,2.75,2.802000045776367,134285,68.54000091552734,192.05,192.73,188.49,188.62,-0.018677488163987288,4.239999999999981,Natural Gas,NG=F,₹/kg,Energy
2018-07-16,2.759000062942505,2.7780001163482666,2.734999895095825,2.765000104904175,110054,68.48670196533203,189.37,190.26,187.31,188.95,0.00174954935849847,2.9499999999999886,Natural Gas,NG=F,₹/kg,Energy
2018-07-17,2.740000009536743,2.7880001068115234,2.7309999465942383,2.7679998874664307,109351,68.72000122070312,190.22,191.59,187.67,188.29,-0.0034929875628473273,3.920000000000016,Natural Gas,NG=F,₹/kg,Energy
2018-07-18,2.7209999561309814,2.753999948501587,2.7200000286102295,2.74399995803833,111413,68.35600280761719,187.57,188.25,185.93,186.0,-0.012162090392479619,2.319999999999993,Natural Gas,NG=F,₹/kg,Energy
2018-07-19,2.7690000534057617,2.7760000228881836,2.7039999961853027,2.7309999465942383,134437,68.6155014038086,187.39,190.48,185.54,190.0,0.021505376344086002,4.939999999999998,Natural Gas,NG=F,₹/kg,Energy
2018-07-20,2.756999969482422,2.7839999198913574,2.753999948501587,2.7669999599456787,92132,68.93509674072266,190.74,191.92,189.85,190.05,0.00026315789473696505,2.069999999999993,Natural Gas,NG=F,₹/kg,Energy
2018-07-23,2.7209999561309814,2.740999937057495,2.7130000591278076,2.736999988555908,109970,68.7332992553711,188.12,188.4,186.47,187.02,-0.015943172849250176,1.9300000000000068,Natural Gas,NG=F,₹/kg,Energy
2018-07-24,2.7320001125335693,2.74399995803833,2.7100000381469727,2.7230000495910645,78517,69.19999694824219,188.43,189.88,187.53,189.05,0.010854454069083586,2.3499999999999943,Natural Gas,NG=F,₹/kg,Energy
2018-07-25,2.7750000953674316,2.7799999713897705,2.734999895095825,2.739000082015991,45441,68.80999755859375,188.47,191.29,188.2,190.95,0.010050251256281229,3.0900000000000034,Natural Gas,NG=F,₹/kg,Energy
2018-07-26,2.7799999713897705,2.7990000247955322,2.7690000534057617,2.7769999504089355,44274,68.83999633789062,191.17,192.68,190.62,191.38,0.002251898402723329,2.0600000000000023,Natural Gas,NG=F,₹/kg,Energy
2018-07-27,2.822000026702881,2.8310000896453857,2.7690000534057617,2.7750000953674316,104665,68.73999786376953,190.75,194.6,190.34,193.98,0.01358553662869677,4.259999999999991,Natural Gas,NG=F,₹/kg,Energy
2018-07-30,2.796999931335449,2.813999891281128,2.7660000324249268,2.7939999103546143,124253,68.61499786376953,191.71,193.08,189.79,191.92,-0.010619651510464956,3.2900000000000205,Natural Gas,NG=F,₹/kg,Energy
2018-07-31,2.7820000648498535,2.8310000896453857,2.7720000743865967,2.8010001182556152,154916,68.68499755859375,192.39,194.45,190.39,191.08,-0.004376823676531805,4.060000000000002,Natural Gas,NG=F,₹/kg,Energy
2018-08-01,2.757999897003174,2.7880001068115234,2.74399995803833,2.7799999713897705,118788,68.4968032836914,190.42,190.97,187.96,188.91,-0.011356499895331829,3.009999999999991,Natural Gas,NG=F,₹/kg,Energy
2018-08-02,2.815999984741211,2.828000068664551,2.740000009536743,2.744999885559082,175996,68.30709838867188,187.5,193.17,187.16,192.35,0.01820972950082056,6.009999999999991,Natural Gas,NG=F,₹/kg,Energy
2018-08-03,2.8529999256134033,2.861999988555908,2.813999891281128,2.819000005722046,150124,68.6155014038086,193.43,196.38,193.08,195.76,0.017728099818040022,3.299999999999983,Natural Gas,NG=F,₹/kg,Energy
2018-08-06,2.859999895095825,2.865000009536743,2.822000026702881,2.8510000705718994,99786,68.50499725341797,195.31,196.27,193.32,195.92,0.000817327339599494,2.950000000000017,Natural Gas,NG=F,₹/kg,Energy
2018-08-07,2.8970000743865967,2.9000000953674316,2.8570001125335693,2.8610000610351562,153532,68.80999755859375,196.87,199.55,196.59,199.34,0.01745610453246238,2.960000000000008,Natural Gas,NG=F,₹/kg,Energy
2018-08-08,2.9489998817443848,2.9509999752044678,2.884000062942505,2.8929998874664307,195739,68.59600067138672,198.45,202.43,197.83,202.29,0.014798836159325646,4.599999999999994,Natural Gas,NG=F,₹/kg,Energy
2018-08-09,2.9549999237060547,2.9590001106262207,2.930000066757202,2.943000078201294,177236,68.45500183105469,201.46,202.56,200.57,202.28,-4.9433980918389686e-05,1.990000000000009,Natural Gas,NG=F,₹/kg,Energy
2018-08-10,2.944000005722046,2.9549999237060547,2.9170000553131104,2.946000099182129,140737,69.0999984741211,203.57,204.19,201.56,203.43,0.0056851888471425305,2.6299999999999955,Natural Gas,NG=F,₹/kg,Energy
2018-08-13,2.930000066757202,2.946000099182129,2.8970000743865967,2.936000108718872,126594,69.08499908447266,202.83,203.52,200.14,202.42,-0.004964852774910433,3.380000000000024,Natural Gas,NG=F,₹/kg,Energy
2018-08-14,2.9590001106262207,2.9739999771118164,2.921999931335449,2.9260001182556152,123286,69.9490966796875,204.67,208.03,204.39,206.98,0.022527418239304486,3.640000000000015,Natural Gas,NG=F,₹/kg,Energy
2018-08-15,2.940000057220459,2.9630000591278076,2.930000066757202,2.9519999027252197,93169,69.94999694824219,206.49,207.26,204.95,205.65,-0.006425741617547498,2.3100000000000023,Natural Gas,NG=F,₹/kg,Energy
2018-08-16,2.9079999923706055,2.9489998817443848,2.8910000324249268,2.938999891281128,125459,70.66000366210938,207.67,208.38,204.28,205.48,-0.0008266472161440053,4.099999999999994,Natural Gas,NG=F,₹/kg,Energy
2018-08-17,2.946000099182129,2.9679999351501465,2.9079999923706055,2.9079999923706055,119417,70.00499725341797,203.57,207.77,203.57,206.23,0.00364999026669266,4.200000000000017,Natural Gas,NG=F,₹/kg,Energy
2018-08-20,2.940999984741211,2.9539999961853027,2.9030001163482666,2.940000057220459,123494,69.78500366210938,205.17,206.14,202.59,205.24,-0.004800465499684714,3.549999999999983,Natural Gas,NG=F,₹/kg,Energy
2018-08-21,2.9800000190734863,2.990999937057495,2.953000068664551,2.953000068664551,112317,69.73999786376953,205.94,208.59,205.94,207.83,0.012619372442019161,2.6500000000000057,Natural Gas,NG=F,₹/kg,Energy
2018-08-22,2.9560000896453857,2.993000030517578,2.953000068664551,2.990999937057495,96252,69.80999755859375,208.8,208.94,206.15,206.36,-0.007073088582014164,2.789999999999992,Natural Gas,NG=F,₹/kg,Energy
2018-08-23,2.9639999866485596,2.9820001125335693,2.934999942779541,2.9579999446868896,106844,69.79000091552734,206.44,208.11,204.83,206.86,0.002422950184144179,3.280000000000001,Natural Gas,NG=F,₹/kg,Energy
2018-08-24,2.9170000553131104,2.9790000915527344,2.9110000133514404,2.9719998836517334,101424,70.2750015258789,208.86,209.35,204.57,204.99,-0.0090399303877019,4.780000000000001,Natural Gas,NG=F,₹/kg,Energy
2018-08-27,2.875999927520752,2.9149999618530273,2.874000072479248,2.9079999923706055,61681,69.76499938964844,202.88,203.36,200.5,200.64,-0.02122054734377299,2.8600000000000136,Natural Gas,NG=F,₹/kg,Energy
2018-08-28,2.8519999980926514,2.882999897003174,2.8450000286102295,2.875999927520752,41928,69.94499969482422,201.16,201.65,198.99,199.48,-0.005781499202551776,2.6599999999999966,Natural Gas,NG=F,₹/kg,Energy
2018-08-29,2.8949999809265137,2.9049999713897705,2.8429999351501465,2.8570001125335693,137941,70.54000091552734,201.53,204.92,200.55,204.21,0.023711650290755948,4.369999999999976,Natural Gas,NG=F,₹/kg,Energy
2018-08-30,2.874000072479248,2.890000104904175,2.8410000801086426,2.875,116910,70.91000366210938,203.87,204.93,201.46,203.8,-0.0020077371333431238,3.469999999999999,Natural Gas,NG=F,₹/kg,Energy
2018-08-31,2.9159998893737793,2.930999994277954,2.881999969482422,2.885999917984009,121714,71.40499877929688,206.07,209.29,205.79,208.22,0.02168792934249253,3.5,Natural Gas,NG=F,₹/kg,Energy
2018-09-04,2.822999954223633,2.874000072479248,2.812000036239624,2.861999988555908,217010,71.06999969482422,203.4,204.26,199.85,200.63,-0.03645182979540873,4.409999999999997,Natural Gas,NG=F,₹/kg,Energy
2018-09-05,2.7950000762939453,2.8429999351501465,2.7860000133514404,2.815000057220459,138639,71.75,201.98,203.99,199.9,200.54,-0.00044858695110405744,4.090000000000003,Natural Gas,NG=F,₹/kg,Energy
2018-09-06,2.7720000743865967,2.796999931335449,2.765000104904175,2.7929999828338623,141042,71.88999938964844,200.79,201.08,198.78,199.28,-0.006283035803331005,2.3000000000000114,Natural Gas,NG=F,₹/kg,Energy
2018-09-07,2.7760000228881836,2.7850000858306885,2.759000062942505,2.7769999504089355,112500,71.93890380859375,199.77,200.35,198.48,199.7,0.0021075873143314716,1.8700000000000045,Natural Gas,NG=F,₹/kg,Energy
2018-09-10,2.803999900817871,2.813999891281128,2.752000093460083,2.7699999809265137,160402,72.09500122070312,199.7,202.88,198.41,202.15,0.012268402603905937,4.469999999999999,Natural Gas,NG=F,₹/kg,Energy
2018-09-11,2.828000068664551,2.8359999656677246,2.7850000858306885,2.806999921798706,135665,72.44499969482422,203.35,205.45,201.76,204.87,0.01345535493445471,3.6899999999999977,Natural Gas,NG=F,₹/kg,Energy
2018-09-12,2.8289999961853027,2.86899995803833,2.818000078201294,2.828000068664551,156788,72.98999786376953,206.42,209.41,205.69,206.49,0.00790745350710198,3.719999999999999,Natural Gas,NG=F,₹/kg,Energy
2018-09-13,2.816999912261963,2.8559999465942383,2.805000066757202,2.8239998817443848,143259,71.92520141601562,203.12,205.42,201.75,202.61,-0.01879025618674024,3.6699999999999875,Natural Gas,NG=F,₹/kg,Energy
2018-09-14,2.7669999599456787,2.813999891281128,2.76200008392334,2.809999942779541,151714,72.02749633789062,202.4,202.69,198.94,199.3,-0.01633680469868226,3.75,Natural Gas,NG=F,₹/kg,Energy
2018-09-17,2.813999891281128,2.8299999237060547,2.7720000743865967,2.7739999294281006,174821,72.09500122070312,199.99,204.03,199.85,202.88,0.017962870045157953,4.180000000000007,Natural Gas,NG=F,₹/kg,Energy
2018-09-18,2.933000087738037,2.937000036239624,2.811000108718872,2.813999891281128,238589,72.53479766845703,204.11,213.03,203.9,212.74,0.04860015772870674,9.129999999999995,Natural Gas,NG=F,₹/kg,Energy
2018-09-19,2.9079999923706055,2.947999954223633,2.8980000019073486,2.9260001182556152,148133,73.12000274658203,213.95,215.56,211.9,212.63,-0.0005170630816960786,3.6599999999999966,Natural Gas,NG=F,₹/kg,Energy
2018-09-20,2.9760000705718994,2.990999937057495,2.885999917984009,2.9040000438690186,192073,72.34500122070312,210.09,216.38,208.79,215.3,0.012557023938296608,7.590000000000003,Natural Gas,NG=F,₹/kg,Energy
2018-09-21,2.9769999980926514,2.989000082015991,2.937999963760376,2.9619998931884766,118893,71.72000122070312,212.43,214.37,210.71,213.51,-0.008313980492336337,3.6599999999999966,Natural Gas,NG=F,₹/kg,Energy
2018-09-24,3.0380001068115234,3.0480000972747803,2.9509999752044678,2.9730000495910645,80660,72.2300033569336,214.74,220.16,213.15,219.43,0.027727038546204064,7.009999999999991,Natural Gas,NG=F,₹/kg,Energy
2018-09-25,3.0820000171661377,3.0869998931884766,3.0199999809265137,3.0429999828338623,62946,73.30000305175781,223.05,226.28,221.37,225.91,0.02953105774050946,4.909999999999997,Natural Gas,NG=F,₹/kg,Energy
2018-09-26,3.0209999084472656,3.0880000591278076,2.9809999465942383,3.0789999961853027,227062,73.08999633789062,225.04,225.7,217.88,220.8,-0.02261962728520206,7.819999999999993,Natural Gas,NG=F,₹/kg,Energy
2018-09-27,3.055999994277954,3.1110000610351562,2.9630000591278076,2.9719998836517334,250438,72.7699966430664,216.27,226.39,215.62,222.39,0.007201086956521552,10.769999999999982,Natural Gas,NG=F,₹/kg,Energy
2018-09-28,3.007999897003174,3.062000036239624,2.9769999980926514,3.056999921798706,166734,72.94999694824219,223.01,223.37,217.17,219.43,-0.013309950987004715,6.200000000000017,Natural Gas,NG=F,₹/kg,Energy
2018-10-01,3.0940001010894775,3.117000102996826,3.000999927520752,3.006999969482422,202839,72.50499725341797,218.02,226.0,217.59,224.33,0.02233058378526187,8.409999999999997,Natural Gas,NG=F,₹/kg,Energy
2018-10-02,3.1659998893737793,3.194000005722046,3.1089999675750732,3.114000082015991,239367,73.75499725341797,229.67,235.57,229.3,233.51,0.040921856193999906,6.269999999999982,Natural Gas,NG=F,₹/kg,Energy
2018-10-03,3.2300000190734863,3.260999917984009,3.1549999713897705,3.1640000343322754,207041,73.27999877929688,231.86,238.97,231.2,236.69,0.013618260459937526,7.77000000000001,Natural Gas,NG=F,₹/kg,Energy
2018-10-04,3.1649999618530273,3.25,3.128999948501587,3.23799991607666,242158,73.8499984741211,239.13,240.01,231.08,233.74,-0.012463559930711021,8.929999999999978,Natural Gas,NG=F,₹/kg,Energy
2018-10-05,3.1429998874664307,3.2239999771118164,3.1089999675750732,3.188999891281128,199270,74.22000122070312,236.69,239.29,230.75,233.27,-0.002010781209891288,8.539999999999992,Natural Gas,NG=F,₹/kg,Energy
2018-10-08,3.2669999599456787,3.2939999103546143,3.1740000247955322,3.181999921798706,233743,73.76300048828125,234.71,242.98,234.12,240.98,0.03305182835341003,8.859999999999985,Natural Gas,NG=F,₹/kg,Energy
2018-10-09,3.2660000324249268,3.368000030517578,3.236999988555908,3.2809998989105225,287648,73.88999938964844,242.43,248.86,239.18,241.32,0.0014109054693336454,9.680000000000007,Natural Gas,NG=F,₹/kg,Energy
2018-10-10,3.2839999198913574,3.3580000400543213,3.250999927520752,3.305999994277954,236725,74.55000305175781,246.46,250.34,242.36,244.82,0.014503563732802816,7.97999999999999,Natural Gas,NG=F,₹/kg,Energy
2018-10-11,3.2219998836517334,3.2869999408721924,3.1530001163482666,3.2760000228881836,264678,74.5999984741211,244.39,245.21,235.21,240.36,-0.018217465893309304,10.0,Natural Gas,NG=F,₹/kg,Energy
2018-10-12,3.1610000133514404,3.2699999809265137,3.138000011444092,3.2339999675750732,176415,74.16000366210938,239.83,242.5,232.71,234.42,-0.024712930604093963,9.789999999999992,Natural Gas,NG=F,₹/kg,Energy
2018-10-15,3.242000102996826,3.2730000019073486,3.177000045776367,3.2239999771118164,159110,73.6760025024414,237.53,241.14,234.07,238.86,0.018940363450217657,7.069999999999993,Natural Gas,NG=F,₹/kg,Energy
2018-10-16,3.239000082015991,3.311000108718872,3.2100000381469727,3.257999897003174,132488,74.08000183105469,241.35,245.28,237.8,239.95,0.00456334254374946,7.47999999999999,Natural Gas,NG=F,₹/kg,Energy
2018-10-17,3.319999933242798,3.3399999141693115,3.240000009536743,3.253000020980835,157395,73.45549774169922,238.95,245.34,238.0,243.87,0.016336736820171005,7.340000000000003,Natural Gas,NG=F,₹/kg,Energy
2018-10-18,3.197999954223633,3.322999954223633,3.193000078201294,3.319000005722046,183520,73.91999816894531,245.34,245.64,236.03,236.4,-0.03063107393283304,9.609999999999985,Natural Gas,NG=F,₹/kg,Energy
2018-10-19,3.25,3.257999897003174,3.1549999713897705,3.2260000705718994,142392,74.16000366210938,239.24,241.61,233.97,241.02,0.01954314720812178,7.640000000000015,Natural Gas,NG=F,₹/kg,Energy
2018-10-22,3.138000011444092,3.246999979019165,3.125999927520752,3.2269999980926514,172062,73.46499633789062,237.07,238.54,229.65,230.53,-0.04352335905733973,8.889999999999986,Natural Gas,NG=F,₹/kg,Energy
2018-10-23,3.2119998931884766,3.240000009536743,3.1110000610351562,3.134000062942505,178745,73.8594970703125,231.48,239.3,229.78,237.24,0.02910684075825265,9.52000000000001,Natural Gas,NG=F,₹/kg,Energy
2018-10-24,3.1659998893737793,3.25,3.1589999198913574,3.2160000801086426,113607,73.22129821777344,235.48,237.97,231.31,231.82,-0.022846063058506227,6.659999999999997,Natural Gas,NG=F,₹/kg,Energy
2018-10-25,3.2019999027252197,3.2330000400543213,3.1530001163482666,3.184999942779541,63881,73.22049713134766,233.21,236.72,230.86,234.45,0.011345009058752353,5.859999999999985,Natural Gas,NG=F,₹/kg,Energy
2018-10-26,3.184999942779541,3.203000068664551,3.1019999980926514,3.1689999103546143,64445,73.22019958496094,232.03,234.52,227.13,233.21,-0.005288974194924245,7.390000000000015,Natural Gas,NG=F,₹/kg,Energy
2018-10-29,3.184999942779541,3.1989998817443848,3.0999999046325684,3.1389999389648438,144076,73.125,229.54,233.93,226.69,232.9,-0.00132927404485228,7.240000000000009,Natural Gas,NG=F,₹/kg,Energy
2018-10-30,3.187000036239624,3.2809998989105225,3.1659998893737793,3.184000015258789,146788,73.5905990600586,234.31,241.45,232.99,234.53,0.006998711893516418,8.45999999999998,Natural Gas,NG=F,₹/kg,Energy
2018-10-31,3.260999917984009,3.2939999103546143,3.2070000171661377,3.2100000381469727,175407,73.6500015258789,236.42,242.6,236.2,240.17,0.024048096192384794,6.400000000000006,Natural Gas,NG=F,₹/kg,Energy
2018-11-01,3.236999988555908,3.318000078201294,3.2160000801086426,3.2839999198913574,152755,74.06999969482422,243.25,245.76,238.21,239.76,-0.001707124120414738,7.549999999999983,Natural Gas,NG=F,₹/kg,Energy
2018-11-02,3.2839999198913574,3.312999963760376,3.1659998893737793,3.239000082015991,168964,73.30999755859375,237.45,242.88,232.1,240.75,0.0041291291291292165,10.780000000000001,Natural Gas,NG=F,₹/kg,Energy
2018-11-05,3.566999912261963,3.5759999752044678,3.437000036239624,3.4709999561309814,307244,72.90499877929688,253.05,260.71,250.57,260.05,0.08016614745586703,10.139999999999986,Natural Gas,NG=F,₹/kg,Energy
2018-11-06,3.555000066757202,3.5810000896453857,3.5139999389648438,3.549999952316284,178558,72.86000061035156,258.65,260.91,256.03,259.02,-0.003960776773697439,4.880000000000052,Natural Gas,NG=F,₹/kg,Energy
2018-11-07,3.555000066757202,3.559999942779541,3.4860000610351562,3.5429999828338623,173381,73.2300033569336,259.45,260.7,255.28,260.33,0.00505752451548136,5.4199999999999875,Natural Gas,NG=F,₹/kg,Energy
2018-11-08,3.5429999828338623,3.568000078201294,3.493000030517578,3.5299999713897705,166771,72.37999725341797,255.5,258.25,252.82,256.44,-0.014942572888257177,5.430000000000007,Natural Gas,NG=F,₹/kg,Energy
2018-11-09,3.7190001010894775,3.8239998817443848,3.552000045776367,3.555000066757202,288059,72.9000015258789,259.16,278.77,258.94,271.12,0.05724535953829357,19.829999999999984,Natural Gas,NG=F,₹/kg,Energy
2018-11-12,3.7880001068115234,3.9539999961853027,3.734999895095825,3.744999885559082,243969,72.47000122070312,271.4,286.55,270.68,274.52,0.012540572440247866,15.870000000000005,Natural Gas,NG=F,₹/kg,Energy
2018-11-13,4.10099983215332,4.110000133514404,3.9019999504089355,3.934000015258789,345403,73.18000030517578,287.89,300.77,285.55,300.11,0.09321725193064268,15.21999999999997,Natural Gas,NG=F,₹/kg,Energy
2018-11-14,4.836999893188477,4.928999900817871,4.050000190734863,4.072000026702881,459196,72.55000305175781,295.42,357.6,293.83,350.92,0.16930458831761697,63.77000000000004,Natural Gas,NG=F,₹/kg,Energy
2018-11-15,4.038000106811523,4.800000190734863,3.881999969482422,4.671999931335449,362508,72.4000015258789,338.25,347.52,281.06,292.35,-0.16690413769520118,66.45999999999998,Natural Gas,NG=F,₹/kg,Energy
2018-11-16,4.271999835968018,4.389999866485596,3.9070000648498535,3.9070000648498535,270717,71.8917007446289,280.88,315.6,280.88,307.12,0.05052163502650919,34.72000000000003,Natural Gas,NG=F,₹/kg,Energy
2018-11-19,4.699999809265137,4.7789998054504395,4.427000045776367,4.625,264570,71.7750015258789,331.96,343.01,317.75,337.34,0.09839802031779099,25.25999999999999,Natural Gas,NG=F,₹/kg,Energy
2018-11-20,4.5229997634887695,4.671999931335449,4.27400016784668,4.583000183105469,238948,71.69000244140625,328.56,334.94,306.4,324.25,-0.038803580956898065,28.54000000000002,Natural Gas,NG=F,₹/kg,Energy
2018-11-21,4.451000213623047,4.863999843597412,4.420000076293945,4.535999774932861,197741,71.41500091552734,323.94,347.36,315.65,317.87,-0.019676175790285244,31.710000000000036,Natural Gas,NG=F,₹/kg,Energy
2018-11-23,4.308000087738037,4.563000202178955,4.2220001220703125,4.241000175476074,121022,70.83499908447266,300.41,323.22,299.07,305.16,-0.039984899487211734,24.150000000000034,Natural Gas,NG=F,₹/kg,Energy
2018-11-26,4.248000144958496,4.2820000648498535,3.990000009536743,4.067999839782715,67981,70.66999816894531,287.49,302.61,281.97,300.21,-0.016220998820291155,20.639999999999986,Natural Gas,NG=F,₹/kg,Energy
2018-11-27,4.26200008392334,4.324999809265137,4.104000091552734,4.223999977111816,62830,70.80999755859375,299.1,306.25,290.6,301.79,0.005262982578861708,15.649999999999977,Natural Gas,NG=F,₹/kg,Energy
2018-11-28,4.715000152587891,4.806000232696533,4.190000057220459,4.198999881744385,294417,70.87999725341797,297.63,340.65,296.99,334.2,0.10739255773882483,43.65999999999997,Natural Gas,NG=F,₹/kg,Energy
2018-11-29,4.645999908447266,4.673999786376953,4.452000141143799,4.671000003814697,191435,70.5999984741211,329.77,329.98,314.31,328.01,-0.018521843207660038,15.670000000000016,Natural Gas,NG=F,₹/kg,Energy
2018-11-30,4.611999988555908,4.776000022888184,4.4730000495910645,4.584000110626221,167700,69.91999816894531,320.51,333.94,312.75,322.47,-0.01688972897167762,21.189999999999998,Natural Gas,NG=F,₹/kg,Energy
2018-12-03,4.339000225067139,4.535999774932861,4.243000030517578,4.5269999504089355,190568,69.76000213623047,315.8,316.43,295.99,302.69,-0.06133903929047668,20.439999999999998,Natural Gas,NG=F,₹/kg,Energy
2018-12-04,4.456999778747559,4.573999881744385,4.357999801635742,4.392000198364258,159868,70.48500061035156,309.57,322.4,307.17,314.15,0.03786051736099627,15.229999999999961,Natural Gas,NG=F,₹/kg,Energy
2018-12-06,4.327000141143799,4.488999843597412,4.270999908447266,4.449999809265137,132563,70.87000274658203,315.37,318.14,302.69,306.65,-0.023873945567404076,15.449999999999989,Natural Gas,NG=F,₹/kg,Energy
2018-12-07,4.48799991607666,4.570000171661377,4.230999946594238,4.3480000495910645,182159,70.75,307.62,323.33,299.34,317.53,0.03548018914071416,23.99000000000001,Natural Gas,NG=F,₹/kg,Energy
2018-12-10,4.545000076293945,4.665999889373779,4.389999866485596,4.590000152587891,190053,71.36499786376953,327.57,332.99,313.29,324.35,0.021478285516329354,19.69999999999999,Natural Gas,NG=F,₹/kg,Energy
2018-12-11,4.4070000648498535,4.586999893188477,4.3480000495910645,4.506999969482422,175748,72.7300033569336,327.79,333.61,316.23,320.52,-0.011808231848312145,17.379999999999995,Natural Gas,NG=F,₹/kg,Energy
2018-12-12,4.136000156402588,4.4070000648498535,4.080999851226807,4.36299991607666,198284,72.62000274658203,316.84,320.04,296.36,300.36,-0.06289779108947946,23.680000000000007,Natural Gas,NG=F,₹/kg,Energy
2018-12-13,4.124000072479248,4.307000160217285,4.050000190734863,4.0960001945495605,193403,72.1500015258789,295.53,310.75,292.21,297.55,-0.009355440138500426,18.54000000000002,Natural Gas,NG=F,₹/kg,Energy
2018-12-14,3.8269999027252197,4.093999862670898,3.7869999408721924,4.072999954223633,163126,71.5469970703125,291.41,292.91,270.95,273.81,-0.07978491009914301,21.960000000000036,Natural Gas,NG=F,₹/kg,Energy
2018-12-17,3.5280001163482666,3.742000102996826,3.5160000324249268,3.619999885559082,142406,71.91000366210938,260.31,269.09,252.84,253.7,-0.07344508966071372,16.24999999999997,Natural Gas,NG=F,₹/kg,Energy
2018-12-18,3.8380000591278076,3.8499999046325684,3.565999984741211,3.5959999561309814,149555,71.58999633789062,257.44,275.62,255.29,274.76,0.08301143082380769,20.330000000000013,Natural Gas,NG=F,₹/kg,Energy
2018-12-19,3.7260000705718994,3.8929998874664307,3.562999963760376,3.8389999866485596,136944,70.56999969482422,270.92,274.73,251.44,262.94,-0.04301936235259862,23.29000000000002,Natural Gas,NG=F,₹/kg,Energy
2018-12-20,3.5829999446868896,3.937999963760376,3.572000026702881,3.7320001125335693,151305,70.68550109863281,263.8,278.36,252.49,253.27,-0.03677645090134629,25.870000000000005,Natural Gas,NG=F,₹/kg,Energy
2018-12-21,3.815999984741211,3.8289999961853027,3.5950000286102295,3.680999994277954,99255,70.30000305175781,258.77,269.18,252.73,268.26,0.05918584909385238,16.450000000000017,Natural Gas,NG=F,₹/kg,Energy
2018-12-24,3.4670000076293945,3.8459999561309814,3.4489998817443848,3.757999897003174,44120,70.13999938964844,263.59,269.76,241.91,243.18,-0.0934913889510176,27.849999999999994,Natural Gas,NG=F,₹/kg,Energy
2018-12-26,3.5429999828338623,3.5859999656677246,3.315000057220459,3.4560000896453857,42121,70.23999786376953,242.75,251.88,232.85,248.86,0.023357183978945706,19.03,Natural Gas,NG=F,₹/kg,Energy
2018-12-27,3.6419999599456787,3.6659998893737793,3.440999984741211,3.5,144895,70.1500015258789,245.53,257.17,241.39,255.49,0.02664148517238596,15.78000000000003,Natural Gas,NG=F,₹/kg,Energy
2018-12-28,3.302999973297119,3.5269999504089355,3.2780001163482666,3.506999969482422,132470,69.98999786376953,245.45,246.85,229.43,231.18,-0.09515049512701079,17.419999999999987,Natural Gas,NG=F,₹/kg,Energy
2018-12-31,2.940000057220459,3.140000104904175,2.930000066757202,3.125,160853,69.92250061035156,218.51,219.56,204.87,205.57,-0.1107794791937019,14.689999999999998,Natural Gas,NG=F,₹/kg,Energy
2019-01-02,2.9579999446868896,3.0390000343322754,2.9049999713897705,2.9210000038146973,147676,69.70999908447266,203.62,211.85,202.51,206.2,0.0030646495111155136,9.340000000000003,Natural Gas,NG=F,₹/kg,Energy
2019-01-03,2.944999933242798,3.010999917984009,2.878000020980835,2.9630000591278076,115803,69.95999908447266,207.29,210.65,201.34,206.03,-0.0008244422890396619,9.310000000000002,Natural Gas,NG=F,₹/kg,Energy
2019-01-04,3.0439999103546143,3.0490000247955322,2.8940000534057617,2.9140000343322754,122576,70.30000305175781,204.85,214.34,203.45,213.99,0.03863515022084174,10.890000000000015,Natural Gas,NG=F,₹/kg,Energy
2019-01-07,2.944000005722046,2.99399995803833,2.9100000858306885,2.9619998931884766,109247,69.5250015258789,205.93,208.16,202.32,204.68,-0.043506705920837385,5.840000000000003,Natural Gas,NG=F,₹/kg,Energy
2019-01-08,2.9670000076293945,3.052999973297119,2.947999954223633,2.950000047683716,132229,69.80999755859375,205.94,213.13,205.8,207.13,0.011969904240765938,7.329999999999984,Natural Gas,NG=F,₹/kg,Energy
2019-01-09,2.9839999675750732,3.0190000534057617,2.938999891281128,3.007999897003174,120962,70.33000183105469,211.55,212.33,206.7,209.86,0.013180128421764303,5.630000000000024,Natural Gas,NG=F,₹/kg,Energy
2019-01-10,2.9690001010894775,3.0889999866485596,2.9609999656677246,2.990000009536743,154176,70.55049896240234,210.95,217.93,208.9,209.46,-0.0019060325931573585,9.030000000000001,Natural Gas,NG=F,₹/kg,Energy
2019-01-11,3.0989999771118164,3.1659998893737793,2.990999937057495,2.994999885559082,135464,70.72000122070312,211.81,223.9,211.52,219.16,0.046309557910818144,12.379999999999995,Natural Gas,NG=F,₹/kg,Energy
2019-01-14,3.5910000801086426,3.618000030517578,3.2809998989105225,3.325000047683716,224296,70.37000274658203,233.98,254.6,230.88,252.7,0.15303887570724584,23.72,Natural Gas,NG=F,₹/kg,Energy
2019-01-15,3.500999927520752,3.7219998836517334,3.433000087738037,3.63100004196167,184629,71.08499908447266,258.11,264.58,244.03,248.87,-0.015156311832212,20.549999999999983,Natural Gas,NG=F,₹/kg,Energy
2019-01-16,3.384000062942505,3.696000099182129,3.3380000591278076,3.4560000896453857,191996,71.09249877929688,245.7,262.76,237.31,240.58,-0.033310563748141564,25.44999999999999,Natural Gas,NG=F,₹/kg,Energy
2019-01-17,3.4130001068115234,3.5929999351501465,3.367000102996826,3.4119999408721924,158111,71.36499786376953,243.5,256.41,240.29,243.57,0.01242829827915859,16.120000000000033,Natural Gas,NG=F,₹/kg,Energy
2019-01-18,3.4820001125335693,3.499000072479248,3.2009999752044678,3.436000108718872,160238,71.03019714355469,244.06,248.53,227.37,247.33,0.015437040686455683,21.159999999999997,Natural Gas,NG=F,₹/kg,Energy
2019-01-22,3.0399999618530273,3.3610000610351562,3.0260000228881836,3.3269999027252197,183142,71.5,237.88,240.31,216.36,217.36,-0.12117413981320502,23.94999999999999,Natural Gas,NG=F,₹/kg,Energy
2019-01-23,2.9800000190734863,3.1670000553131104,2.9570000171661377,3.058000087738037,132844,71.2302017211914,217.82,225.59,210.63,212.27,-0.02341737210158268,14.960000000000008,Natural Gas,NG=F,₹/kg,Energy
2019-01-24,3.0989999771118164,3.1559998989105225,2.98799991607666,3.0250000953674316,97939,71.15730285644531,215.25,224.57,212.62,220.52,0.038865595703585054,11.949999999999989,Natural Gas,NG=F,₹/kg,Energy
2019-01-25,3.177999973297119,3.2070000171661377,3.046999931335449,3.1600000858306885,52017,70.98999786376953,224.33,227.66,216.31,225.61,0.02308180663885362,11.349999999999994,Natural Gas,NG=F,₹/kg,Energy
2019-01-28,2.9110000133514404,2.9830000400543213,2.888000011444092,2.9260001182556152,45802,70.9749984741211,207.67,211.72,204.98,206.61,-0.08421612517175658,6.740000000000009,Natural Gas,NG=F,₹/kg,Energy
2019-01-29,2.950000047683716,2.9700000286102295,2.7890000343322754,2.924999952316284,163697,71.09010314941406,207.94,211.14,198.27,209.72,0.015052514399109373,12.869999999999976,Natural Gas,NG=F,₹/kg,Energy
2019-01-30,2.8540000915527344,2.9189999103546143,2.8459999561309814,2.9089999198913574,92035,71.62000274658203,208.34,209.06,203.83,204.4,-0.025367156208277675,5.22999999999999,Natural Gas,NG=F,₹/kg,Energy
2019-01-31,2.813999891281128,2.9179999828338623,2.802000045776367,2.868000030517578,130106,71.12000274658203,203.97,207.53,199.28,200.13,-0.020890410958904204,8.25,Natural Gas,NG=F,₹/kg,Energy
2019-02-01,2.7339999675750732,2.8499999046325684,2.7300000190734863,2.8320000171661377,124495,71.19999694824219,201.64,202.92,194.38,194.66,-0.027332234047868886,8.539999999999992,Natural Gas,NG=F,₹/kg,Energy
2019-02-04,2.6600000858306885,2.7330000400543213,2.6549999713897705,2.7049999237060547,116490,71.45169830322266,193.28,195.28,189.7,190.06,-0.02363094626528306,5.5800000000000125,Natural Gas,NG=F,₹/kg,Energy
2019-02-05,2.6619999408721924,2.7079999446868896,2.6389999389648438,2.6659998893737793,82246,71.68499755859375,191.11,194.12,189.18,190.83,0.0040513522045670936,4.939999999999998,Natural Gas,NG=F,₹/kg,Energy
2019-02-06,2.6619999408721924,2.7200000286102295,2.6510000228881836,2.684999942779541,98332,71.7699966430664,192.7,195.21,190.26,191.05,0.0011528585652151868,4.950000000000017,Natural Gas,NG=F,₹/kg,Energy
2019-02-07,2.5510001182556152,2.690999984741211,2.5490000247955322,2.681999921798706,211794,71.54049682617188,191.87,192.52,182.36,182.5,-0.0447526825438368,10.159999999999997,Natural Gas,NG=F,₹/kg,Energy
2019-02-08,2.5829999446868896,2.619999885559082,2.558000087738037,2.572999954223633,147876,71.58000183105469,184.18,187.54,183.1,184.89,0.013095890410958821,4.439999999999998,Natural Gas,NG=F,₹/kg,Energy
2019-02-11,2.6419999599456787,2.74399995803833,2.638000011444092,2.6500000953674316,202418,71.1500015258789,188.55,195.24,187.69,187.98,0.016712639948077257,7.550000000000011,Natural Gas,NG=F,₹/kg,Energy
2019-02-12,2.687999963760376,2.697999954223633,2.618000030517578,2.6470000743865967,169233,71.2300033569336,188.55,192.18,186.48,191.47,0.01856580487285897,5.700000000000017,Natural Gas,NG=F,₹/kg,Energy
2019-02-13,2.575000047683716,2.6689999103546143,2.558000087738037,2.6649999618530273,185480,70.80999755859375,188.71,188.99,181.13,182.34,-0.04768371024181328,7.860000000000014,Natural Gas,NG=F,₹/kg,Energy
2019-02-14,2.572999954223633,2.61299991607666,2.565999984741211,2.5910000801086426,101556,70.86509704589844,183.61,185.17,181.84,182.34,0.0,3.329999999999984,Natural Gas,NG=F,₹/kg,Energy
2019-02-15,2.625,2.63700008392334,2.5429999828338623,2.572000026702881,98409,71.01000213623047,182.64,187.25,180.58,186.4,0.022266096303608762,6.6699999999999875,Natural Gas,NG=F,₹/kg,Energy
2019-02-19,2.6619999408721924,2.6730000972747803,2.5999999046325684,2.621000051498413,151748,71.69999694824219,187.93,191.65,186.42,190.87,0.023980686695278974,5.230000000000018,Natural Gas,NG=F,₹/kg,Energy
2019-02-20,2.635999917984009,2.688999891281128,2.63100004196167,2.6600000858306885,110138,71.5999984741211,190.46,192.53,188.38,188.74,-0.01115942788285218,4.150000000000006,Natural Gas,NG=F,₹/kg,Energy
2019-02-21,2.697000026702881,2.7079999446868896,2.6389999389648438,2.6459999084472656,97901,71.30000305175781,188.66,193.08,188.16,192.3,0.0188619264596801,4.920000000000016,Natural Gas,NG=F,₹/kg,Energy
2019-02-22,2.7170000076293945,2.7260000705718994,2.674999952316284,2.7009999752044678,35118,71.18499755859375,192.27,194.05,190.42,193.41,0.005772230889235397,3.630000000000024,Natural Gas,NG=F,₹/kg,Energy
2019-02-25,2.8359999656677246,2.8510000705718994,2.7330000400543213,2.756999969482422,80154,71.03099822998047,195.83,202.51,194.13,201.44,0.0415180187167159,8.379999999999995,Natural Gas,NG=F,₹/kg,Energy
2019-02-26,2.8550000190734863,2.9079999923706055,2.815999984741211,2.8429999351501465,143686,71.08999633789062,202.11,206.73,200.19,202.96,0.007545671167593415,6.539999999999992,Natural Gas,NG=F,₹/kg,Energy
2019-02-27,2.7990000247955322,2.812000036239624,2.7320001125335693,2.7679998874664307,94052,70.94000244140625,196.36,199.48,193.81,198.56,-0.02167914860070952,5.6699999999999875,Natural Gas,NG=F,₹/kg,Energy
2019-02-28,2.812000036239624,2.8429999351501465,2.7869999408721924,2.808000087738037,118344,71.19000244140625,199.9,202.39,198.41,200.19,0.008209105560032182,3.9799999999999898,Natural Gas,NG=F,₹/kg,Energy
2019-03-01,2.8589999675750732,2.871999979019165,2.7799999713897705,2.805000066757202,134663,70.81600189208984,198.64,203.38,196.87,202.46,0.011339227733653034,6.509999999999991,Natural Gas,NG=F,₹/kg,Energy
2019-03-04,2.8570001125335693,2.888000011444092,2.821000099182129,2.8450000286102295,103657,70.98999786376953,201.97,205.02,200.26,202.82,0.00177812901313823,4.760000000000019,Natural Gas,NG=F,₹/kg,Energy
2019-03-05,2.884000062942505,2.8919999599456787,2.8410000801086426,2.8559999465942383,103057,70.9000015258789,202.49,205.04,201.43,204.48,0.008184597179765385,3.609999999999985,Natural Gas,NG=F,₹/kg,Energy
2019-03-06,2.8410000801086426,2.8959999084472656,2.822000026702881,2.8889999389648438,119633,70.74250030517578,204.38,204.87,199.64,200.98,-0.017116588419405332,5.230000000000018,Natural Gas,NG=F,₹/kg,Energy
2019-03-07,2.865999937057495,2.871000051498413,2.812000036239624,2.8450000286102295,116999,70.36499786376953,200.19,202.02,197.87,201.67,0.0034331774305900176,4.150000000000006,Natural Gas,NG=F,₹/kg,Energy
2019-03-08,2.865000009536743,2.8949999809265137,2.8559999465942383,2.865000009536743,85877,70.48750305175781,201.95,204.06,201.31,201.95,0.0013884068031932983,2.75,Natural Gas,NG=F,₹/kg,Energy
2019-03-11,2.7720000743865967,2.8410000801086426,2.7660000324249268,2.8350000381469727,136894,69.98690032958984,198.41,198.83,193.58,194.0,-0.03936617974746215,5.25,Natural Gas,NG=F,₹/kg,Energy
2019-03-12,2.7839999198913574,2.7980000972747803,2.752000093460083,2.7790000438690186,90018,69.79010009765625,193.95,195.27,192.06,194.3,0.001546391752577314,3.210000000000008,Natural Gas,NG=F,₹/kg,Energy
2019-03-13,2.819999933242798,2.8389999866485596,2.76200008392334,2.7909998893737793,101209,69.84500122070312,194.94,198.29,192.91,196.96,0.013690169840452793,5.3799999999999955,Natural Gas,NG=F,₹/kg,Energy
2019-03-14,2.8550000190734863,2.8570001125335693,2.8239998817443848,2.8329999446868896,85276,69.72630310058594,197.53,199.21,196.91,199.07,0.010712835093419804,2.3000000000000114,Natural Gas,NG=F,₹/kg,Energy
2019-03-15,2.7950000762939453,2.8559999465942383,2.7899999618530273,2.8489999771118164,82709,69.3373031616211,197.54,198.03,193.45,193.8,-0.026473099914602782,4.5800000000000125,Natural Gas,NG=F,₹/kg,Energy
2019-03-18,2.8499999046325684,2.8570001125335693,2.7730000019073486,2.7860000133514404,102225,68.9530029296875,192.1,197.0,191.21,196.52,0.01403508771929829,5.789999999999992,Natural Gas,NG=F,₹/kg,Energy
2019-03-19,2.874000072479248,2.8970000743865967,2.8350000381469727,2.8450000286102295,109752,68.61799621582031,195.22,198.79,194.53,197.21,0.00351109301852226,4.259999999999991,Natural Gas,NG=F,₹/kg,Energy
2019-03-20,2.819999933242798,2.871999979019165,2.813999891281128,2.86299991607666,114170,69.31749725341797,198.46,199.08,195.06,195.48,-0.008772374626033308,4.02000000000001,Natural Gas,NG=F,₹/kg,Energy
2019-03-21,2.821000099182129,2.8389999866485596,2.7960000038146973,2.8299999237060547,83786,68.82499694824219,194.77,195.39,192.43,194.16,-0.006752608962553697,2.9599999999999795,Natural Gas,NG=F,₹/kg,Energy
2019-03-22,2.753000020980835,2.8239998817443848,2.7209999561309814,2.821000099182129,92637,68.93000030517578,194.45,194.66,187.56,189.76,-0.022661722290894137,7.099999999999994,Natural Gas,NG=F,₹/kg,Energy
2019-03-25,2.755000114440918,2.7660000324249268,2.7060000896453857,2.7239999771118164,49167,69.1604995727539,188.39,191.3,187.15,190.54,0.004110455311973071,4.150000000000006,Natural Gas,NG=F,₹/kg,Energy
2019-03-26,2.740000009536743,2.7699999809265137,2.7279999256134033,2.759000062942505,37149,68.92340087890625,190.16,190.92,188.02,188.85,-0.008869528707882823,2.8999999999999773,Natural Gas,NG=F,₹/kg,Energy
2019-03-27,2.7130000591278076,2.7320001125335693,2.6710000038146973,2.7309999465942383,135190,69.42749786376953,189.61,189.68,185.44,188.36,-0.002594651840084672,4.240000000000009,Natural Gas,NG=F,₹/kg,Energy
2019-03-28,2.7119998931884766,2.752000093460083,2.7070000171661377,2.7230000495910645,78720,69.37000274658203,188.89,190.91,187.78,188.13,-0.0012210660437461662,3.1299999999999955,Natural Gas,NG=F,₹/kg,Energy
2019-03-29,2.6619999408721924,2.7279999256134033,2.6559998989105225,2.7200000286102295,115412,69.5,189.04,189.6,184.59,185.01,-0.016584276829851752,5.009999999999991,Natural Gas,NG=F,₹/kg,Energy
2019-04-01,2.7079999446868896,2.7330000400543213,2.6570000648498535,2.6630001068115234,129455,69.43000030517578,184.89,189.75,184.48,188.02,0.01626939084373835,5.27000000000001,Natural Gas,NG=F,₹/kg,Energy
2019-04-02,2.684000015258789,2.7219998836517334,2.6730000972747803,2.7060000896453857,106553,69.19529724121094,187.24,188.35,184.96,185.72,-0.012232741197744978,3.3899999999999864,Natural Gas,NG=F,₹/kg,Energy
2019-04-03,2.677000045776367,2.697000026702881,2.6579999923706055,2.691999912261963,96798,68.91020202636719,185.51,185.85,183.16,184.47,-0.006730562136549656,2.6899999999999977,Natural Gas,NG=F,₹/kg,Energy
2019-04-04,2.6429998874664307,2.684999942779541,2.635999917984009,2.6730000972747803,123663,68.8499984741211,184.04,184.86,181.49,181.97,-0.013552339133734437,3.3700000000000045,Natural Gas,NG=F,₹/kg,Energy
2019-04-05,2.6640000343322754,2.680000066757202,2.631999969482422,2.6440000534057617,120318,68.97039794921875,182.36,184.84,181.53,183.74,0.009726878056822708,3.3100000000000023,Natural Gas,NG=F,₹/kg,Energy
2019-04-08,2.7079999446868896,2.7209999561309814,2.6530001163482666,2.6589999198913574,154202,69.16000366210938,183.9,188.18,183.48,187.29,0.01932077936214216,4.700000000000017,Natural Gas,NG=F,₹/kg,Energy
2019-04-09,2.6989998817443848,2.7249999046325684,2.680000066757202,2.7090001106262207,117345,69.55249786376953,188.42,189.53,186.4,187.72,0.0022959047466495353,3.1299999999999955,Natural Gas,NG=F,₹/kg,Energy
2019-04-10,2.700000047683716,2.7290000915527344,2.686000108718872,2.7049999237060547,127471,69.26180267333984,187.35,189.02,186.04,187.01,-0.00378222885148094,2.980000000000018,Natural Gas,NG=F,₹/kg,Energy
2019-04-11,2.6640000343322754,2.7100000381469727,2.6519999504089355,2.7019999027252197,161210,69.14019775390625,186.82,187.37,183.36,184.19,-0.015079407518314492,4.009999999999991,Natural Gas,NG=F,₹/kg,Energy
2019-04-12,2.6600000858306885,2.687999963760376,2.6510000228881836,2.6740000247955322,88007,69.43000030517578,185.66,186.63,184.06,184.68,0.0026602964330311174,2.569999999999993,Natural Gas,NG=F,₹/kg,Energy
2019-04-15,2.5899999141693115,2.6530001163482666,2.5850000381469727,2.6459999084472656,137630,69.16100311279297,183.0,183.48,178.78,179.13,-0.03005198180636781,4.699999999999989,Natural Gas,NG=F,₹/kg,Energy
2019-04-16,2.572000026702881,2.5940001010894775,2.569999933242798,2.5889999866485596,103427,69.80999755859375,180.74,181.09,179.41,179.55,0.0023446658851113966,1.6800000000000068,Natural Gas,NG=F,₹/kg,Energy
2019-04-17,2.5169999599456787,2.5820000171661377,2.503000020980835,2.572000026702881,144893,69.88500213623047,179.74,180.44,174.92,175.9,-0.02032859927596775,5.52000000000001,Natural Gas,NG=F,₹/kg,Energy
2019-04-18,2.490000009536743,2.5209999084472656,2.4779999256134033,2.50600004196167,168002,69.4010009765625,173.92,174.96,171.98,172.81,-0.017566799317794257,2.980000000000018,Natural Gas,NG=F,₹/kg,Energy
2019-04-22,2.5239999294281006,2.5350000858306885,2.4839999675750732,2.49399995803833,105447,69.36000061035156,172.98,175.83,172.29,175.06,0.013020079856489897,3.5400000000000205,Natural Gas,NG=F,₹/kg,Energy
2019-04-23,2.4549999237060547,2.5350000858306885,2.447000026702881,2.5280001163482666,119946,70.0625,177.12,177.61,171.44,172.0,-0.017479721238432555,6.170000000000016,Natural Gas,NG=F,₹/kg,Energy
2019-04-24,2.4619998931884766,2.486999988555908,2.450000047683716,2.453000068664551,44970,69.75800323486328,171.12,173.49,170.91,171.74,-0.0015116279069766758,2.5800000000000125,Natural Gas,NG=F,₹/kg,Energy
2019-04-25,2.5139999389648438,2.5199999809265137,2.438999891281128,2.4749999046325684,53338,70.0958023071289,173.49,176.64,170.96,176.22,0.026085943868638495,5.679999999999978,Natural Gas,NG=F,₹/kg,Energy
2019-04-26,2.565999984741211,2.5799999237060547,2.4769999980926514,2.500999927520752,156419,70.16000366210938,175.47,181.01,173.79,180.03,0.021620701395982378,7.219999999999999,Natural Gas,NG=F,₹/kg,Energy
2019-04-29,2.5929999351501465,2.5980000495910645,2.5460000038146973,2.578000068664551,92362,69.84200286865234,180.05,181.45,177.82,181.1,0.005943453868799686,3.6299999999999955,Natural Gas,NG=F,₹/kg,Energy
2019-04-30,2.575000047683716,2.614000082015991,2.565000057220459,2.5929999351501465,94247,69.81179809570312,181.02,182.49,179.07,179.77,-0.0073440088348977195,3.420000000000016,Natural Gas,NG=F,₹/kg,Energy
2019-05-01,2.619999885559082,2.625999927520752,2.561000108718872,2.572000026702881,105388,69.55599975585938,178.9,182.65,178.13,182.24,0.013739778605996511,4.52000000000001,Natural Gas,NG=F,₹/kg,Energy
2019-05-02,2.5889999866485596,2.618000030517578,2.563999891281128,2.61299991607666,120839,69.63289642333984,181.95,182.3,178.54,180.28,-0.010755048287971913,3.7600000000000193,Natural Gas,NG=F,₹/kg,Energy
2019-05-03,2.566999912261963,2.6110000610351562,2.552999973297119,2.5889999866485596,89976,69.42440032958984,179.74,181.27,177.24,178.21,-0.011482138895052119,4.030000000000001,Natural Gas,NG=F,₹/kg,Energy
2019-05-06,2.5239999294281006,2.5739998817443848,2.5160000324249268,2.565000057220459,95205,69.16799926757812,177.42,178.04,174.03,174.58,-0.0203692273160877,4.009999999999991,Natural Gas,NG=F,₹/kg,Energy
2019-05-07,2.5369999408721924,2.555999994277954,2.5139999389648438,2.515000104904175,115816,69.40029907226562,174.54,177.39,174.47,176.07,0.008534769160270184,2.9199999999999875,Natural Gas,NG=F,₹/kg,Energy
2019-05-08,2.609999895095825,2.615000009536743,2.5360000133514404,2.5420000553131104,167088,69.91000366210938,177.71,182.81,177.29,182.47,0.036349179303686086,5.52000000000001,Natural Gas,NG=F,₹/kg,Energy
2019-05-09,2.5950000286102295,2.6070001125335693,2.561000108718872,2.6040000915527344,123682,70.01000213623047,182.31,182.52,179.3,181.68,-0.004329478818435817,3.219999999999999,Natural Gas,NG=F,₹/kg,Energy
2019-05-10,2.61899995803833,2.6470000743865967,2.5739998817443848,2.5899999141693115,132054,70.41000366210938,182.36,186.38,181.24,184.4,0.014971378247468081,5.139999999999986,Natural Gas,NG=F,₹/kg,Energy
2019-05-13,2.621000051498413,2.6530001163482666,2.5980000495910645,2.615999937057495,116272,69.92250061035156,182.92,185.5,181.66,183.27,-0.006127982646420782,3.8400000000000034,Natural Gas,NG=F,₹/kg,Energy
2019-05-14,2.6589999198913574,2.6700000762939453,2.621999979019165,2.624000072479248,92883,70.61699676513672,185.3,188.55,185.16,187.77,0.024553936814535993,3.390000000000015,Natural Gas,NG=F,₹/kg,Energy
2019-05-15,2.6010000705718994,2.6689999103546143,2.5950000286102295,2.6510000228881836,123118,70.30699920654297,186.38,187.65,182.45,182.87,-0.02609575544549181,5.200000000000017,Natural Gas,NG=F,₹/kg,Energy
2019-05-16,2.6389999389648438,2.6470000743865967,2.5859999656677246,2.6040000915527344,113105,70.20919799804688,182.82,185.84,181.56,185.28,0.013178760868376438,4.280000000000001,Natural Gas,NG=F,₹/kg,Energy
2019-05-17,2.63100004196167,2.6600000858306885,2.615999937057495,2.635999917984009,79764,70.23500061035156,185.14,186.83,183.73,184.79,-0.002644645941278112,3.1000000000000227,Natural Gas,NG=F,₹/kg,Energy
2019-05-20,2.6730000972747803,2.700000047683716,2.625,2.625999927520752,123606,70.28150177001953,184.56,189.76,184.49,187.86,0.016613453108934584,5.269999999999982,Natural Gas,NG=F,₹/kg,Energy
2019-05-21,2.61299991607666,2.6679999828338623,2.6089999675750732,2.6670000553131104,144131,70.12750244140625,187.03,187.1,182.96,183.24,-0.02459278185883107,4.139999999999986,Natural Gas,NG=F,₹/kg,Energy
2019-05-22,2.5429999828338623,2.624000072479248,2.5380001068115234,2.61899995803833,162715,70.12750244140625,183.66,184.01,177.98,178.33,-0.02679545950665796,6.030000000000001,Natural Gas,NG=F,₹/kg,Energy
2019-05-23,2.578000068664551,2.5889999866485596,2.5399999618530273,2.5510001182556152,118323,69.97250366210938,178.5,181.16,177.73,180.39,0.011551617787248114,3.430000000000007,Natural Gas,NG=F,₹/kg,Energy
2019-05-24,2.5980000495910645,2.6040000915527344,2.5420000553131104,2.5789999961853027,55425,69.94499969482422,180.39,182.14,177.8,181.72,0.007372914241366102,4.339999999999975,Natural Gas,NG=F,₹/kg,Energy
2019-05-28,2.5820000171661377,2.61299991607666,2.5350000858306885,2.5969998836517334,47430,69.72000122070312,181.06,182.18,176.74,180.02,-0.00935505172793305,5.439999999999998,Natural Gas,NG=F,₹/kg,Energy
2019-05-29,2.632999897003174,2.6429998874664307,2.5799999237060547,2.5820000171661377,151085,69.875,180.42,184.68,180.28,183.98,0.021997555827130144,4.400000000000006,Natural Gas,NG=F,₹/kg,Energy
2019-05-30,2.546999931335449,2.628000020980835,2.5339999198913574,2.61899995803833,167474,69.81500244140625,182.85,183.47,176.91,177.82,-0.03348190020654418,6.560000000000002,Natural Gas,NG=F,₹/kg,Energy
2019-05-31,2.4539999961853027,2.572999954223633,2.444000005722046,2.558000087738037,198412,69.9800033569336,179.01,180.06,171.03,171.73,-0.03424811607243283,9.030000000000001,Natural Gas,NG=F,₹/kg,Energy
2019-06-03,2.4030001163482666,2.4749999046325684,2.381999969482422,2.444000005722046,204389,69.5696029663086,170.03,172.18,165.71,167.18,-0.026495079485238326,6.469999999999999,Natural Gas,NG=F,₹/kg,Energy
2019-06-04,2.4159998893737793,2.440999984741211,2.38100004196167,2.4130001068115234,132766,69.16190338134766,166.89,168.82,164.67,167.1,-0.00047852613949039835,4.150000000000006,Natural Gas,NG=F,₹/kg,Energy
2019-06-05,2.378000020980835,2.4260001182556152,2.3550000190734863,2.4189999103546143,109975,69.55999755859375,168.27,168.75,163.81,165.41,-0.010113704368641563,4.939999999999998,Natural Gas,NG=F,₹/kg,Energy
2019-06-06,2.3239998817443848,2.3919999599456787,2.305000066757202,2.371000051498413,177943,69.625,165.08,166.54,160.49,161.81,-0.021764101323982765,6.049999999999983,Natural Gas,NG=F,₹/kg,Energy
2019-06-07,2.3369998931884766,2.3550000190734863,2.305999994277954,2.3340001106262207,154549,69.36000061035156,161.89,163.34,159.94,162.09,0.001730424572028877,3.4000000000000057,Natural Gas,NG=F,₹/kg,Energy
2019-06-10,2.3570001125335693,2.365000009536743,2.3239998817443848,2.3350000381469727,169928,69.34500122070312,161.92,164.0,161.16,163.45,0.00839040039484229,2.8400000000000034,Natural Gas,NG=F,₹/kg,Energy
2019-06-11,2.3989999294281006,2.4059998989105225,2.3359999656677246,2.3610000610351562,163811,69.52349853515625,164.14,167.27,162.41,166.79,0.020434383603548545,4.860000000000014,Natural Gas,NG=F,₹/kg,Energy
2019-06-12,2.385999917984009,2.4059998989105225,2.367000102996826,2.3970000743865967,148266,69.3864974975586,166.32,166.94,164.24,165.56,-0.007374542838299636,2.6999999999999886,Natural Gas,NG=F,₹/kg,Energy
2019-06-13,2.325000047683716,2.384000062942505,2.319999933242798,2.38100004196167,180143,69.69999694824219,165.96,166.16,161.7,162.05,-0.02120077313360713,4.460000000000008,Natural Gas,NG=F,₹/kg,Energy
2019-06-14,2.38700008392334,2.3989999294281006,2.322999954223633,2.328000068664551,132413,69.80000305175781,162.49,167.45,162.15,166.61,0.028139463128664,5.299999999999983,Natural Gas,NG=F,₹/kg,Energy
2019-06-17,2.385999917984009,2.4179999828338623,2.3570001125335693,2.3889999389648438,120282,69.77050018310547,166.68,168.71,164.45,166.47,-0.000840285697137122,4.260000000000019,Natural Gas,NG=F,₹/kg,Energy
2019-06-18,2.328000068664551,2.4040000438690186,2.318000078201294,2.372999906539917,121404,70.11250305175781,166.38,168.55,162.52,163.22,-0.019523037183876935,6.030000000000001,Natural Gas,NG=F,₹/kg,Energy
2019-06-19,2.2760000228881836,2.3580000400543213,2.2679998874664307,2.3320000171661377,173674,69.76499938964844,162.69,164.51,158.23,158.79,-0.027141281705673315,6.280000000000001,Natural Gas,NG=F,₹/kg,Energy
2019-06-20,2.184999942779541,2.302999973297119,2.1589999198913574,2.2799999713897705,210065,69.87000274658203,159.3,160.91,150.85,152.67,-0.0385414698658606,10.060000000000002,Natural Gas,NG=F,₹/kg,Energy
2019-06-21,2.186000108718872,2.2219998836517334,2.180999994277954,2.2130000591278076,92237,69.77999877929688,154.42,155.05,152.19,152.54,-0.0008515097923625925,2.8600000000000136,Natural Gas,NG=F,₹/kg,Energy
2019-06-24,2.302999973297119,2.315999984741211,2.194999933242798,2.197000026702881,67645,69.56990051269531,152.85,161.12,152.71,160.22,0.050347449849220016,8.409999999999997,Natural Gas,NG=F,₹/kg,Energy
2019-06-25,2.308000087738037,2.315000057220459,2.255000114440918,2.302999973297119,55013,69.60250091552734,160.29,161.13,156.95,160.64,0.0026213955810758804,4.180000000000007,Natural Gas,NG=F,₹/kg,Energy
2019-06-26,2.2909998893737793,2.3239998817443848,2.265000104904175,2.2890000343322754,125467,69.63749694824219,159.4,161.84,157.73,159.54,-0.006847609561752899,4.110000000000014,Natural Gas,NG=F,₹/kg,Energy
2019-06-27,2.3239998817443848,2.3389999866485596,2.265000104904175,2.2709999084472656,108695,69.60250091552734,158.07,162.8,157.65,161.76,0.013915005641218503,5.150000000000006,Natural Gas,NG=F,₹/kg,Energy
2019-06-28,2.308000087738037,2.364000082015991,2.299999952316284,2.319999933242798,116429,69.32499694824219,160.83,163.88,159.45,160.0,-0.010880316518298683,4.430000000000007,Natural Gas,NG=F,₹/kg,Energy
2019-07-01,2.2669999599456787,2.3310000896453857,2.2170000076293945,2.3299999237060547,149170,68.94049835205078,160.63,160.7,152.84,156.29,-0.023187500000000028,7.859999999999985,Natural Gas,NG=F,₹/kg,Energy
2019-07-02,2.240000009536743,2.296999931335449,2.2320001125335693,2.2660000324249268,96732,69.1675033569336,156.73,158.88,154.38,154.94,-0.008637788726086115,4.5,Natural Gas,NG=F,₹/kg,Energy
2019-07-03,2.2899999618530273,2.2960000038146973,2.236999988555908,2.240000009536743,91186,69.0824966430664,154.74,158.61,154.54,158.2,0.021040402736543173,4.070000000000022,Natural Gas,NG=F,₹/kg,Energy
2019-07-05,2.4179999828338623,2.444999933242798,2.263000011444092,2.2869999408721924,237736,68.73999786376953,157.21,168.07,155.56,166.21,0.0506321112515804,12.509999999999991,Natural Gas,NG=F,₹/kg,Energy
2019-07-08,2.4030001163482666,2.4670000076293945,2.36899995803833,2.4600000381469727,201734,68.44000244140625,168.36,168.84,162.13,164.46,-0.010528849046387068,6.710000000000008,Natural Gas,NG=F,₹/kg,Energy
2019-07-09,2.424999952316284,2.437000036239624,2.359999895095825,2.3970000743865967,202653,68.8499984741211,165.03,167.79,162.49,166.96,0.015201264745226872,5.299999999999983,Natural Gas,NG=F,₹/kg,Energy
2019-07-10,2.444000005722046,2.489000082015991,2.4159998893737793,2.428999900817871,193978,68.76499938964844,167.03,171.16,166.14,168.06,0.006588404408241377,5.02000000000001,Natural Gas,NG=F,₹/kg,Energy
2019-07-11,2.4159998893737793,2.486999988555908,2.3929998874664307,2.444999933242798,213620,68.36759948730469,167.16,170.03,163.6,165.18,-0.017136736879685754,6.430000000000007,Natural Gas,NG=F,₹/kg,Energy
2019-07-12,2.453000068664551,2.4809999465942383,2.3970000743865967,2.4100000858306885,171931,68.66999816894531,165.49,170.37,164.6,168.45,0.019796585543043754,5.77000000000001,Natural Gas,NG=F,₹/kg,Energy
2019-07-15,2.4079999923706055,2.4690001010894775,2.382999897003174,2.4619998931884766,150758,68.55030059814453,168.77,169.25,163.36,165.07,-0.020065301276343095,5.889999999999986,Natural Gas,NG=F,₹/kg,Energy
2019-07-16,2.305999994277954,2.4079999923706055,2.2980000972747803,2.3949999809265137,148940,68.74749755859375,164.65,165.54,157.98,158.53,-0.03961955534015871,7.560000000000002,Natural Gas,NG=F,₹/kg,Energy
2019-07-17,2.303999900817871,2.3459999561309814,2.2899999618530273,2.318000078201294,135144,68.8949966430664,159.7,161.63,157.77,158.73,0.0012615908660820185,3.859999999999985,Natural Gas,NG=F,₹/kg,Energy
2019-07-18,2.2869999408721924,2.3550000190734863,2.2660000324249268,2.309000015258789,173293,68.78600311279297,158.83,161.99,155.87,157.31,-0.008946008946008832,6.1200000000000045,Natural Gas,NG=F,₹/kg,Energy
2019-07-19,2.250999927520752,2.299999952316284,2.242000102996826,2.2899999618530273,109057,68.8499984741211,157.67,158.35,154.36,154.98,-0.014811518657428135,3.9899999999999807,Natural Gas,NG=F,₹/kg,Energy
2019-07-22,2.312000036239624,2.322000026702881,2.2330000400543213,2.242000102996826,168620,68.83000183105469,154.32,159.82,153.7,159.13,0.02677764872886823,6.1200000000000045,Natural Gas,NG=F,₹/kg,Energy
2019-07-23,2.299999952316284,2.328000068664551,2.2890000343322754,2.319000005722046,106903,69.16000366210938,160.38,161.0,158.31,159.07,-0.00037705021051970267,2.6899999999999977,Natural Gas,NG=F,₹/kg,Energy
2019-07-24,2.2200000286102295,2.296999931335449,2.2119998931884766,2.2899999618530273,116590,69.0199966430664,158.06,158.54,152.67,153.22,-0.036776262023008655,5.8700000000000045,Natural Gas,NG=F,₹/kg,Energy
2019-07-25,2.24399995803833,2.260999917984009,2.2219998836517334,2.2309999465942383,47529,69.18499755859375,154.35,156.43,153.73,155.25,0.013248923117086475,2.700000000000017,Natural Gas,NG=F,₹/kg,Energy
2019-07-26,2.1689999103546143,2.242000102996826,2.1649999618530273,2.240000009536743,45839,69.15049743652344,154.9,155.04,149.71,149.99,-0.03388083735909819,5.329999999999984,Natural Gas,NG=F,₹/kg,Energy
2019-07-29,2.1410000324249268,2.181999921798706,2.119999885559082,2.174999952316284,157689,68.87000274658203,149.79,150.27,146.0,147.45,-0.01693446229748663,4.27000000000001,Natural Gas,NG=F,₹/kg,Energy
2019-07-30,2.13700008392334,2.1419999599456787,2.1070001125335693,2.115999937057495,91715,68.94999694824219,145.9,147.69,145.28,147.35,-0.0006781959986436048,2.4099999999999966,Natural Gas,NG=F,₹/kg,Energy
2019-07-31,2.2330000400543213,2.2679998874664307,2.127000093460083,2.138000011444092,221834,69.07749938964844,147.69,156.67,146.93,154.25,0.046827281981676405,9.73999999999998,Natural Gas,NG=F,₹/kg,Energy
2019-08-01,2.2019999027252197,2.3329999446868896,2.1649999618530273,2.23799991607666,251301,69.40499877929688,155.33,161.92,150.26,152.83,-0.009205834683954528,11.659999999999997,Natural Gas,NG=F,₹/kg,Energy
2019-08-02,2.121000051498413,2.2019999027252197,2.0769999027252197,2.1689999103546143,206336,69.29720306396484,150.31,152.59,143.93,146.98,-0.038277825034352064,8.659999999999997,Natural Gas,NG=F,₹/kg,Energy
2019-08-05,2.069999933242798,2.1089999675750732,2.0290000438690186,2.078000068664551,179226,69.65689849853516,144.75,146.91,141.33,144.19,-0.018982174445502764,5.579999999999984,Natural Gas,NG=F,₹/kg,Energy
2019-08-06,2.1110000610351562,2.132999897003174,2.072999954223633,2.0910000801086426,142248,71.5199966430664,149.55,152.55,148.26,150.98,0.04709064428878551,4.2900000000000205,Natural Gas,NG=F,₹/kg,Energy
2019-08-07,2.0829999446868896,2.1449999809265137,2.0739998817443848,2.1029999256134033,203419,71.2300033569336,149.8,152.79,147.73,148.37,-0.017287057888461965,5.060000000000002,Natural Gas,NG=F,₹/kg,Energy
2019-08-08,2.128000020980835,2.1549999713897705,2.0859999656677246,2.0880000591278076,191128,71.16510009765625,148.59,153.36,148.45,151.44,0.02069151445710049,4.910000000000025,Natural Gas,NG=F,₹/kg,Energy
2019-08-09,2.11899995803833,2.1449999809265137,2.063999891281128,2.124000072479248,171907,70.47090148925781,149.68,151.16,145.45,149.33,-0.013932910723718828,5.710000000000008,Natural Gas,NG=F,₹/kg,Energy
2019-08-12,2.1050000190734863,2.1570000648498535,2.0950000286102295,2.124000072479248,167913,71.03500366210938,150.88,153.22,148.82,149.53,0.001339315609723446,4.400000000000006,Natural Gas,NG=F,₹/kg,Energy
2019-08-13,2.1470000743865967,2.174999952316284,2.0859999656677246,2.1059999465942383,199867,71.58000183105469,150.75,155.69,149.32,153.68,0.027753628034508093,6.3700000000000045,Natural Gas,NG=F,₹/kg,Energy
2019-08-14,2.1429998874664307,2.203000068664551,2.121999979019165,2.1589999198913574,127365,71.08000183105469,153.46,156.59,150.83,152.32,-0.008849557522124019,5.759999999999991,Natural Gas,NG=F,₹/kg,Energy
2019-08-15,2.2320001125335693,2.2669999599456787,2.138000011444092,2.1589999198913574,206773,71.63520050048828,154.66,162.4,153.16,159.89,0.04969800420168058,9.240000000000009,Natural Gas,NG=F,₹/kg,Energy
2019-08-16,2.200000047683716,2.2239999771118164,2.1700000762939453,2.2200000286102295,111985,71.72000122070312,159.22,159.51,155.63,157.78,-0.01319657264369245,3.8799999999999955,Natural Gas,NG=F,₹/kg,Energy
2019-08-19,2.2100000381469727,2.2209999561309814,2.134000062942505,2.1640000343322754,144757,71.13200378417969,153.93,157.98,151.8,157.2,-0.003676004563316071,6.179999999999978,Natural Gas,NG=F,₹/kg,Energy
2019-08-20,2.2179999351501465,2.2309999465942383,2.187000036239624,2.2019999027252197,107837,71.99500274658203,158.53,160.62,157.45,159.68,0.015776081424936583,3.170000000000016,Natural Gas,NG=F,₹/kg,Energy
2019-08-21,2.1700000762939453,2.23799991607666,2.1570000648498535,2.2139999866485596,193526,71.80999755859375,158.99,160.71,154.89,155.83,-0.02411072144288573,5.820000000000022,Natural Gas,NG=F,₹/kg,Energy
2019-08-22,2.1589999198913574,2.194999933242798,2.1449999809265137,2.1689999103546143,113108,71.43779754638672,154.95,156.81,153.23,154.23,-0.010267599306937214,3.5800000000000125,Natural Gas,NG=F,₹/kg,Energy
2019-08-23,2.1519999504089355,2.1670000553131104,2.119999885559082,2.1500000953674316,81623,71.92040252685547,154.63,155.85,152.47,154.77,0.003501264345458166,3.3799999999999955,Natural Gas,NG=F,₹/kg,Energy
2019-08-26,2.2300000190734863,2.236999988555908,2.1589999198913574,2.1689999103546143,52780,71.50250244140625,155.09,159.95,154.37,159.45,0.030238418298119685,5.579999999999984,Natural Gas,NG=F,₹/kg,Energy
2019-08-27,2.2019999027252197,2.2330000400543213,2.174999952316284,2.2309999465942383,63224,72.16000366210938,160.99,161.13,156.95,158.9,-0.0034493571652554067,4.180000000000007,Natural Gas,NG=F,₹/kg,Energy
2019-08-28,2.250999927520752,2.2769999504089355,2.194999933242798,2.2009999752044678,184099,71.53500366210938,157.45,162.89,157.02,161.03,0.013404657016991894,5.869999999999976,Natural Gas,NG=F,₹/kg,Energy
2019-08-29,2.2960000038146973,2.309999942779541,2.2179999351501465,2.234999895095825,200414,72.08499908447266,161.11,166.52,159.88,165.51,0.027820902937340852,6.640000000000015,Natural Gas,NG=F,₹/kg,Energy
2019-08-30,2.2850000858306885,2.2990000247955322,2.256999969482422,2.2880001068115234,124710,71.6801986694336,164.0,164.79,161.78,163.79,-0.010392121321974535,3.009999999999991,Natural Gas,NG=F,₹/kg,Energy
2019-09-03,2.3580000400543213,2.365000009536743,2.2690000534057617,2.2880001068115234,221621,71.96209716796875,164.65,170.19,163.28,169.69,0.03602173514866602,6.909999999999997,Natural Gas,NG=F,₹/kg,Energy
2019-09-04,2.444999933242798,2.4570000171661377,2.3389999866485596,2.3459999561309814,218505,72.45999908447266,169.99,178.03,169.48,177.16,0.04402145088101839,8.550000000000011,Natural Gas,NG=F,₹/kg,Energy
2019-09-05,2.434999942779541,2.4679999351501465,2.388000011444092,2.441999912261963,229804,71.95570373535156,175.72,177.59,171.83,175.21,-0.01100699932264615,5.759999999999991,Natural Gas,NG=F,₹/kg,Energy
2019-09-06,2.496000051498413,2.505000114440918,2.4030001163482666,2.434999942779541,201585,72.22000122070312,175.86,180.91,173.54,180.26,0.028822555790194437,7.3700000000000045,Natural Gas,NG=F,₹/kg,Energy
2019-09-09,2.5850000381469727,2.6080000400543213,2.496000051498413,2.5269999504089355,276719,71.66999816894531,181.11,186.92,178.89,185.27,0.027793187617885406,8.030000000000001,Natural Gas,NG=F,₹/kg,Energy
2019-09-10,2.5799999237060547,2.6480000019073486,2.571000099182129,2.6059999465942383,259973,72.09249877929688,187.87,190.9,185.35,186.0,0.003940195390511159,5.550000000000011,Natural Gas,NG=F,₹/kg,Energy
2019-09-11,2.552000045776367,2.5999999046325684,2.5290000438690186,2.5810000896453857,211021,71.85900115966797,185.47,186.83,181.73,183.38,-0.014086021505376412,5.100000000000023,Natural Gas,NG=F,₹/kg,Energy
2019-09-12,2.5739998817443848,2.5850000381469727,2.51200008392334,2.546999931335449,218446,71.56009674072266,182.26,184.98,179.76,184.2,0.004471589050059954,5.219999999999999,Natural Gas,NG=F,₹/kg,Energy
2019-09-13,2.614000082015991,2.6389999389648438,2.552999973297119,2.572999954223633,184455,71.28500366210938,183.42,188.12,181.99,186.34,0.01161780673181334,6.1299999999999955,Natural Gas,NG=F,₹/kg,Energy
2019-09-16,2.680999994277954,2.700000047683716,2.6410000324249268,2.687999963760376,197192,71.02069854736328,190.9,191.76,187.57,190.41,0.021841794569067208,4.189999999999998,Natural Gas,NG=F,₹/kg,Energy
2019-09-17,2.6679999828338623,2.7100000381469727,2.628000020980835,2.686000108718872,180756,71.74909973144531,192.72,194.44,188.56,191.43,0.005356861509374644,5.8799999999999955,Natural Gas,NG=F,₹/kg,Energy
2019-09-18,2.63700008392334,2.696000099182129,2.6029999256134033,2.6630001068115234,157922,71.70999908447266,190.96,193.33,186.66,189.1,-0.012171550958575028,6.670000000000016,Natural Gas,NG=F,₹/kg,Energy
2019-09-19,2.5380001068115234,2.6389999389648438,2.5299999713897705,2.6389999389648438,199308,71.5425033569336,188.8,188.8,181.0,181.57,-0.03982020095187733,7.800000000000011,Natural Gas,NG=F,₹/kg,Energy
2019-09-20,2.5339999198913574,2.5789999961853027,2.50600004196167,2.552000045776367,130294,71.71749877929688,183.02,184.96,179.72,181.73,0.0008812028418792028,5.240000000000009,Natural Gas,NG=F,₹/kg,Energy
2019-09-23,2.5269999504089355,2.546999931335449,2.493000030517578,2.5220000743865967,114580,71.19159698486328,179.55,181.32,177.48,179.9,-0.010069883893688347,3.8400000000000034,Natural Gas,NG=F,₹/kg,Energy
2019-09-24,2.503000020980835,2.5899999141693115,2.49399995803833,2.5350000858306885,56840,70.78959655761719,179.45,183.35,176.55,177.19,-0.01506392440244586,6.799999999999983,Natural Gas,NG=F,₹/kg,Energy
2019-09-25,2.502000093460083,2.5190000534057617,2.4549999237060547,2.496999979019165,60510,71.28500366210938,178.0,179.57,175.0,178.36,0.006603081438004477,4.569999999999993,Natural Gas,NG=F,₹/kg,Energy
2019-09-26,2.427999973297119,2.5399999618530273,2.390000104904175,2.5139999389648438,242116,71.30999755859375,179.27,181.13,170.43,173.14,-0.029266651715631475,10.699999999999989,Natural Gas,NG=F,₹/kg,Energy
2019-09-27,2.4040000438690186,2.4509999752044678,2.380000114440918,2.4489998817443848,132791,71.21499633789062,174.41,174.55,169.49,171.2,-0.011204805359824377,5.060000000000002,Natural Gas,NG=F,₹/kg,Energy
2019-09-30,2.3299999237060547,2.3919999599456787,2.3239998817443848,2.380000114440918,173793,70.49870300292969,167.79,168.63,163.84,164.26,-0.04053738317757005,4.789999999999992,Natural Gas,NG=F,₹/kg,Energy
2019-10-01,2.2829999923706055,2.3340001106262207,2.2679998874664307,2.325000047683716,232340,70.92250061035156,164.89,165.53,160.85,161.92,-0.0142457080238646,4.680000000000007,Natural Gas,NG=F,₹/kg,Energy
2019-10-02,2.246999979019165,2.303999900817871,2.244999885559082,2.2869999408721924,165877,71.0999984741211,162.61,163.81,159.62,159.76,-0.01333992094861658,4.189999999999998,Natural Gas,NG=F,₹/kg,Energy
2019-10-03,2.3289999961853027,2.3489999771118164,2.2070000171661377,2.253999948501587,275743,71.1416015625,160.35,167.11,157.01,165.69,0.03711817726589883,10.100000000000023,Natural Gas,NG=F,₹/kg,Energy
2019-10-04,2.3519999980926514,2.3980000019073486,2.263000011444092,2.3359999656677246,204658,71.0199966430664,165.9,170.31,160.72,167.04,0.008147745790331395,9.590000000000003,Natural Gas,NG=F,₹/kg,Energy
2019-10-07,2.302999973297119,2.3420000076293945,2.2869999408721924,2.3329999446868896,207410,70.81500244140625,165.21,165.85,161.95,163.09,-0.023647030651340883,3.9000000000000057,Natural Gas,NG=F,₹/kg,Energy
2019-10-08,2.2880001068115234,2.322999954223633,2.2660000324249268,2.2929999828338623,182127,71.36000061035156,163.63,165.77,161.7,163.27,0.0011036850818566535,4.070000000000022,Natural Gas,NG=F,₹/kg,Energy
2019-10-09,2.2339999675750732,2.305999994277954,2.2290000915527344,2.2880001068115234,197120,71.20999908447266,162.93,164.21,158.73,159.08,-0.025663012188399614,5.480000000000018,Natural Gas,NG=F,₹/kg,Energy
2019-10-10,2.2179999351501465,2.2739999294281006,2.2019999027252197,2.239000082015991,216640,71.41000366210938,159.89,162.39,157.24,158.39,-0.00433744028161942,5.149999999999977,Natural Gas,NG=F,₹/kg,Energy
2019-10-11,2.2139999866485596,2.26200008392334,2.187000036239624,2.203000068664551,264184,70.9800033569336,156.37,160.56,155.23,157.15,-0.00782877706925933,5.3300000000000125,Natural Gas,NG=F,₹/kg,Energy
2019-10-14,2.2799999713897705,2.312999963760376,2.2279999256134033,2.23799991607666,171686,70.91400146484375,158.71,164.02,158.0,161.68,0.028825962456251908,6.02000000000001,Natural Gas,NG=F,₹/kg,Energy
2019-10-15,2.3389999866485596,2.3489999771118164,2.2660000324249268,2.2850000858306885,177882,71.45249938964844,163.27,167.84,161.91,167.13,0.033708560118753006,5.930000000000007,Natural Gas,NG=F,₹/kg,Energy
2019-10-16,2.302999973297119,2.384000062942505,2.2769999504089355,2.3420000076293945,191283,71.76000213623047,168.06,171.08,163.4,165.26,-0.011188894872255162,7.680000000000007,Natural Gas,NG=F,₹/kg,Energy
2019-10-17,2.318000078201294,2.365000009536743,2.2839999198913574,2.2920000553131104,159780,71.62000274658203,164.15,169.38,163.58,166.02,0.004598813990076334,5.799999999999983,Natural Gas,NG=F,₹/kg,Energy
2019-10-18,2.319999933242798,2.359999895095825,2.2890000343322754,2.319000005722046,150021,71.42250061035156,165.63,168.56,163.49,165.7,-0.0019274786170342395,5.069999999999993,Natural Gas,NG=F,₹/kg,Energy
2019-10-21,2.23799991607666,2.322000026702881,2.2130000591278076,2.319999933242798,215761,71.02999877929688,164.79,164.93,157.19,158.97,-0.040615570307785065,7.740000000000009,Natural Gas,NG=F,₹/kg,Energy
2019-10-22,2.2720000743865967,2.311000108718872,2.2309999465942383,2.2360000610351562,234962,71.1050033569336,158.99,164.32,158.64,161.55,0.016229477259860348,5.680000000000007,Natural Gas,NG=F,₹/kg,Energy
2019-10-23,2.2820000648498535,2.305000066757202,2.250999927520752,2.2739999294281006,146417,71.07499694824219,161.62,163.83,159.99,162.19,0.003961621788919789,3.8400000000000034,Natural Gas,NG=F,₹/kg,Energy
2019-10-24,2.315999984741211,2.3420000076293945,2.2690000534057617,2.2850000858306885,125646,70.71499633789062,161.58,165.61,160.45,163.78,0.00980331709723159,5.160000000000025,Natural Gas,NG=F,₹/kg,Energy
2019-10-25,2.299999952316284,2.3359999656677246,2.2730000019073486,2.3310000896453857,63898,71.19000244140625,165.94,166.3,161.81,163.74,-0.00024423006472096276,4.490000000000009,Natural Gas,NG=F,₹/kg,Energy
2019-10-28,2.446000099182129,2.4700000286102295,2.3459999561309814,2.365999937057495,80627,70.83000183105469,167.58,174.95,166.17,173.25,0.05807988274093079,8.780000000000001,Natural Gas,NG=F,₹/kg,Energy
2019-10-29,2.5969998836517334,2.640000104904175,2.4489998817443848,2.4590001106262207,307266,70.73500061035156,173.94,186.74,173.23,183.7,0.060317460317460325,13.51000000000002,Natural Gas,NG=F,₹/kg,Energy
2019-10-30,2.690999984741211,2.7230000495910645,2.615999937057495,2.628000020980835,214545,70.88459777832031,186.28,193.02,185.43,190.75,0.0383777898747959,7.590000000000003,Natural Gas,NG=F,₹/kg,Energy
2019-10-31,2.632999897003174,2.73799991607666,2.6059999465942383,2.686000108718872,222320,70.98999786376953,190.68,194.37,185.0,186.92,-0.020078636959370955,9.370000000000005,Natural Gas,NG=F,₹/kg,Energy
2019-11-01,2.7139999866485596,2.7179999351501465,2.575000047683716,2.63700008392334,239446,70.97000122070312,187.15,192.9,182.75,192.61,0.030440830301733612,10.150000000000006,Natural Gas,NG=F,₹/kg,Energy
2019-11-04,2.821000099182129,2.8420000076293945,2.7809998989105225,2.7960000038146973,255674,70.51210021972656,197.15,200.4,196.09,198.91,0.03270858210892458,4.310000000000002,Natural Gas,NG=F,₹/kg,Energy
2019-11-05,2.861999988555908,2.9049999713897705,2.816999912261963,2.822000026702881,218498,71.0,200.36,206.25,200.01,203.2,0.021567543109949128,6.240000000000009,Natural Gas,NG=F,₹/kg,Energy
2019-11-06,2.828000068664551,2.8910000324249268,2.819999933242798,2.872999906539917,189258,70.8949966430664,203.68,204.96,199.92,200.49,-0.01333661417322829,5.0400000000000205,Natural Gas,NG=F,₹/kg,Energy
2019-11-07,2.7720000743865967,2.881999969482422,2.753000020980835,2.822999954223633,301600,71.0,200.43,204.62,195.46,196.81,-0.018355030176068654,9.159999999999997,Natural Gas,NG=F,₹/kg,Energy
2019-11-08,2.7890000343322754,2.822000026702881,2.755000114440918,2.7920000553131104,175962,71.37650299072266,199.28,201.42,196.64,199.07,0.011483156343681689,4.780000000000001,Natural Gas,NG=F,₹/kg,Energy
2019-11-11,2.63700008392334,2.7160000801086426,2.618000030517578,2.7160000801086426,250309,71.37650299072266,193.86,193.86,186.86,188.22,-0.054503441000652963,7.0,Natural Gas,NG=F,₹/kg,Energy
2019-11-12,2.621000051498413,2.684999942779541,2.6070001125335693,2.63700008392334,199639,71.5739974975586,188.74,192.18,186.59,187.6,-0.003294017638933222,5.590000000000003,Natural Gas,NG=F,₹/kg,Energy
2019-11-13,2.5999999046325684,2.680000066757202,2.569999933242798,2.621999979019165,206266,71.77999877929688,188.21,192.37,184.47,186.63,-0.0051705756929637525,7.900000000000006,Natural Gas,NG=F,₹/kg,Energy
2019-11-14,2.6470000743865967,2.696000099182129,2.625,2.6740000247955322,223572,72.1415023803711,192.91,194.49,189.37,190.96,0.02320098590794628,5.1200000000000045,Natural Gas,NG=F,₹/kg,Energy
2019-11-15,2.687999963760376,2.7239999771118164,2.6059999465942383,2.635999917984009,173528,71.95580291748047,189.68,196.01,187.52,193.42,0.012882279011311226,8.48999999999998,Natural Gas,NG=F,₹/kg,Energy
2019-11-18,2.565999984741211,2.6500000953674316,2.5329999923706055,2.6410000324249268,186990,71.70580291748047,189.38,190.02,181.63,184.0,-0.04870230586288904,8.390000000000015,Natural Gas,NG=F,₹/kg,Energy
2019-11-19,2.509999990463257,2.559999942779541,2.500999927520752,2.546999931335449,205951,71.93509674072266,183.22,184.15,179.91,180.56,-0.018695652173913002,4.240000000000009,Natural Gas,NG=F,₹/kg,Energy
2019-11-20,2.559000015258789,2.5810000896453857,2.505000114440918,2.5139999389648438,146056,71.85099792480469,180.63,185.45,179.99,183.87,0.018331856446610617,5.4599999999999795,Natural Gas,NG=F,₹/kg,Energy
2019-11-21,2.566999912261963,2.5950000286102295,2.5260000228881836,2.565999984741211,131312,71.76820373535156,184.16,186.24,181.29,184.23,0.0019579050416054233,4.950000000000017,Natural Gas,NG=F,₹/kg,Energy
2019-11-22,2.6649999618530273,2.674999952316284,2.556999921798706,2.5850000381469727,84146,71.7405014038086,185.45,191.91,183.44,191.19,0.03777886337730019,8.469999999999999,Natural Gas,NG=F,₹/kg,Energy
2019-11-25,2.5309998989105225,2.7090001106262207,2.509999990463257,2.688999891281128,70298,71.78260040283203,193.02,194.46,180.17,181.68,-0.049741095245567135,14.29000000000002,Natural Gas,NG=F,₹/kg,Energy
2019-11-26,2.4700000286102295,2.5320000648498535,2.4210000038146973,2.5199999809265137,241556,71.67949676513672,180.63,181.49,173.54,177.05,-0.02548436811977095,7.950000000000017,Natural Gas,NG=F,₹/kg,Energy
2019-11-27,2.500999927520752,2.558000087738037,2.48799991607666,2.5290000438690186,145157,71.42839813232422,180.64,182.71,177.71,178.64,0.008980513979101712,5.0,Natural Gas,NG=F,₹/kg,Energy
2019-11-29,2.2809998989105225,2.513000011444092,2.2699999809265137,2.496999979019165,244118,71.54740142822266,178.65,179.8,162.41,163.2,-0.08643081056874158,17.390000000000015,Natural Gas,NG=F,₹/kg,Energy
2019-12-02,2.3289999961853027,2.36899995803833,2.2890000343322754,2.315000057220459,219035,71.7229995727539,166.04,169.91,164.17,167.04,0.0235294117647058,5.740000000000009,Natural Gas,NG=F,₹/kg,Energy
2019-12-03,2.440999984741211,2.509999990463257,2.3399999141693115,2.3450000286102295,307305,71.625,167.96,179.78,167.6,174.84,0.04669540229885061,12.180000000000007,Natural Gas,NG=F,₹/kg,Energy
2019-12-04,2.3989999294281006,2.4630000591278076,2.368000030517578,2.438999891281128,195334,71.95999908447266,175.51,177.24,170.4,172.63,-0.012640128117135663,6.840000000000003,Natural Gas,NG=F,₹/kg,Energy
2019-12-05,2.427000045776367,2.4630000591278076,2.3959999084472656,2.4059998989105225,179532,71.4801025390625,171.98,176.06,171.27,173.48,0.004923825522794356,4.789999999999992,Natural Gas,NG=F,₹/kg,Energy
2019-12-06,2.3340001106262207,2.437000036239624,2.328000068664551,2.4170000553131104,251411,71.38500213623047,172.54,173.97,166.18,166.61,-0.03960110675582185,7.789999999999992,Natural Gas,NG=F,₹/kg,Energy
2019-12-09,2.2320001125335693,2.257999897003174,2.1579999923706055,2.2100000381469727,322558,71.28679656982422,157.54,160.97,153.84,159.11,-0.045015305203769285,7.1299999999999955,Natural Gas,NG=F,₹/kg,Energy
2019-12-10,2.2639999389648438,2.2890000343322754,2.2160000801086426,2.253000020980835,270886,70.96019744873047,159.87,162.43,157.25,160.65,0.009678838539375123,5.180000000000007,Natural Gas,NG=F,₹/kg,Energy
2019-12-11,2.243000030517578,2.302999973297119,2.240000009536743,2.265000104904175,220222,71.01000213623047,160.84,163.54,159.06,159.28,-0.008527855586679123,4.47999999999999,Natural Gas,NG=F,₹/kg,Energy
2019-12-12,2.328000068664551,2.3480000495910645,2.24399995803833,2.247999906539917,258895,70.72930145263672,159.0,166.07,158.72,164.66,0.033776996484178756,7.349999999999994,Natural Gas,NG=F,₹/kg,Energy
2019-12-13,2.2960000038146973,2.3420000076293945,2.253000020980835,2.3410000801086426,170403,70.55989837646484,165.18,165.25,158.97,162.01,-0.016093768978501233,6.280000000000001,Natural Gas,NG=F,₹/kg,Energy
2019-12-16,2.3410000801086426,2.377000093460083,2.2850000858306885,2.2960000038146973,163027,70.68900299072266,162.3,168.03,161.52,165.48,0.02141843096105167,6.509999999999991,Natural Gas,NG=F,₹/kg,Energy
2019-12-17,2.319000005722046,2.361999988555908,2.2820000648498535,2.3489999771118164,162318,70.92050170898438,166.59,167.51,161.84,164.46,-0.006163886874546609,5.6699999999999875,Natural Gas,NG=F,₹/kg,Energy
2019-12-18,2.2860000133514404,2.3269999027252197,2.256999969482422,2.318000078201294,186142,71.21499633789062,165.08,165.72,160.73,162.8,-0.010093639790830555,4.990000000000009,Natural Gas,NG=F,₹/kg,Energy
2019-12-19,2.2730000019073486,2.302000045776367,2.2320001125335693,2.2820000648498535,231822,70.98989868164062,162.0,163.42,158.45,161.36,-0.008845208845208785,4.969999999999999,Natural Gas,NG=F,₹/kg,Energy
2019-12-20,2.328000068664551,2.3450000286102295,2.2790000438690186,2.2890000343322754,153378,71.22270202636719,163.03,167.02,162.32,165.81,0.02757808626673275,4.700000000000017,Natural Gas,NG=F,₹/kg,Energy
2019-12-23,2.2139999866485596,2.2690000534057617,2.191999912261963,2.253999948501587,127886,71.02400207519531,160.09,161.15,155.68,157.25,-0.05162535432121107,5.469999999999999,Natural Gas,NG=F,₹/kg,Energy
2019-12-24,2.171999931335449,2.2230000495910645,2.1619999408721924,2.2019999027252197,49762,71.21070098876953,156.81,158.3,153.96,154.67,-0.01640699523052469,4.340000000000003,Natural Gas,NG=F,₹/kg,Energy
2019-12-26,2.2939999103546143,2.296999931335449,2.184000015258789,2.184000015258789,53813,71.54000091552734,156.24,164.33,156.24,164.11,0.06103316738863396,8.090000000000003,Natural Gas,NG=F,₹/kg,Energy
2019-12-27,2.1579999923706055,2.2860000133514404,2.138000011444092,2.2720000743865967,223903,71.30030059814453,161.99,162.99,152.44,153.87,-0.062397172628115394,10.550000000000011,Natural Gas,NG=F,₹/kg,Energy
2019-12-30,2.186000108718872,2.257999897003174,2.181999921798706,2.246999979019165,124329,71.31300354003906,160.24,161.02,155.6,155.89,0.013127965165399269,5.420000000000016,Natural Gas,NG=F,₹/kg,Energy
2019-12-31,2.188999891281128,2.2070000171661377,2.1510000228881836,2.190999984741211,116886,71.31099700927734,156.24,157.38,153.39,156.1,0.0013471037269869868,3.990000000000009,Natural Gas,NG=F,₹/kg,Energy
2020-01-02,2.121999979019165,2.187999963760376,2.115999937057495,2.184000015258789,164570,71.0250015258789,155.12,155.4,150.29,150.72,-0.03446508648302371,5.110000000000014,Natural Gas,NG=F,₹/kg,Energy
2020-01-03,2.130000114440918,2.1630001068115234,2.0829999446868896,2.128999948501587,144669,71.41500091552734,152.04,154.47,148.76,152.11,0.009222399150743188,5.710000000000008,Natural Gas,NG=F,₹/kg,Energy
2020-01-06,2.134999990463257,2.1730000972747803,2.0989999771118164,2.111999988555908,154678,71.73100280761719,151.5,155.87,150.56,153.15,0.0068371573203602765,5.310000000000002,Natural Gas,NG=F,₹/kg,Energy
2020-01-07,2.1619999408721924,2.177999973297119,2.1019999980926514,2.1489999294281006,163006,71.78700256347656,154.27,156.35,150.9,155.2,0.013385569702905498,5.449999999999989,Natural Gas,NG=F,₹/kg,Energy
2020-01-08,2.1410000324249268,2.184999942779541,2.115000009536743,2.1530001163482666,242559,72.16000366210938,155.36,157.67,152.62,154.49,-0.00457474226804111,5.049999999999983,Natural Gas,NG=F,₹/kg,Energy
2020-01-09,2.1659998893737793,2.1700000762939453,2.1050000190734863,2.1510000228881836,230026,71.41190338134766,153.61,154.96,150.32,154.68,0.001229853064923292,4.640000000000015,Natural Gas,NG=F,₹/kg,Energy
2020-01-10,2.2019999027252197,2.2339999675750732,2.13700008392334,2.1659998893737793,282652,71.19429779052734,154.21,159.05,152.14,156.77,0.013511766227049415,6.910000000000025,Natural Gas,NG=F,₹/kg,Energy
2020-01-13,2.181999921798706,2.2260000705718994,2.1630001068115234,2.2100000381469727,232949,70.9530029296875,156.81,157.94,153.47,154.82,-0.012438604324807145,4.469999999999999,Natural Gas,NG=F,₹/kg,Energy
2020-01-14,2.187000036239624,2.255000114440918,2.1730000972747803,2.187999963760376,281854,70.71890258789062,154.73,159.47,153.67,154.66,-0.0010334582095335998,5.800000000000011,Natural Gas,NG=F,₹/kg,Energy
2020-01-15,2.119999885559082,2.188999891281128,2.1040000915527344,2.180999994277954,218920,70.84510040283203,154.51,155.08,149.06,150.19,-0.028902107849476222,6.02000000000001,Natural Gas,NG=F,₹/kg,Energy
2020-01-16,2.0769999027252197,2.1700000762939453,2.071000099182129,2.134000062942505,206418,70.71800231933594,150.91,153.46,146.46,146.88,-0.022038750915507,7.0,Natural Gas,NG=F,₹/kg,Energy
2020-01-17,2.003000020980835,2.078000068664551,1.99399995803833,2.0769999027252197,213282,70.94560241699219,147.35,147.42,141.47,142.1,-0.032543572984749414,5.949999999999989,Natural Gas,NG=F,₹/kg,Energy
2020-01-21,1.8949999809265137,1.9700000286102295,1.8300000429153442,1.9700000286102295,255723,71.03099822998047,139.93,139.93,129.99,134.6,-0.0527797325826882,9.939999999999998,Natural Gas,NG=F,₹/kg,Energy
2020-01-22,1.9049999713897705,1.9420000314712524,1.8949999809265137,1.9119999408721924,240000,71.16999816894531,136.08,138.21,134.87,135.58,0.007280832095096779,3.3400000000000034,Natural Gas,NG=F,₹/kg,Energy
2020-01-23,1.9259999990463257,1.9800000190734863,1.9129999876022339,1.9149999618530273,179792,71.0781021118164,136.11,140.73,135.97,136.9,0.00973594925505239,4.759999999999991,Natural Gas,NG=F,₹/kg,Energy
2020-01-24,1.8930000066757202,1.9450000524520874,1.871999979019165,1.937999963760376,142191,71.32099914550781,138.22,138.72,133.51,135.01,-0.01380569758948147,5.210000000000008,Natural Gas,NG=F,₹/kg,Energy
2020-01-27,1.9019999504089355,1.9759999513626099,1.8880000114440918,1.934999942779541,72170,71.32499694824219,138.01,140.94,134.66,135.66,0.0048144581882823,6.280000000000001,Natural Gas,NG=F,₹/kg,Energy
2020-01-28,1.934000015258789,1.9520000219345093,1.8830000162124634,1.9019999504089355,59297,71.44000244140625,135.88,139.45,134.52,138.16,0.01842842400117939,4.929999999999978,Natural Gas,NG=F,₹/kg,Energy
2020-01-29,1.8769999742507935,1.937999963760376,1.8580000400543213,1.9270000457763672,171881,71.23040008544922,137.26,138.04,132.35,133.7,-0.03228141285466135,5.689999999999998,Natural Gas,NG=F,₹/kg,Energy
2020-01-30,1.8289999961853027,1.8860000371932983,1.815000057220459,1.878999948501587,219698,71.30000305175781,133.97,134.47,129.41,130.41,-0.024607329842931902,5.060000000000002,Natural Gas,NG=F,₹/kg,Energy
2020-01-31,1.840999960899353,1.8559999465942383,1.812000036239624,1.8320000171661377,135678,71.63999938964844,131.24,132.96,129.81,131.89,0.01134882294302586,3.1500000000000057,Natural Gas,NG=F,₹/kg,Energy
2020-02-03,1.819000005722046,1.8799999952316284,1.8140000104904175,1.8519999980926514,163786,71.49649810791016,132.41,134.41,129.69,130.05,-0.013951019789218089,4.719999999999999,Natural Gas,NG=F,₹/kg,Energy
2020-02-04,1.871999979019165,1.8880000114440918,1.8040000200271606,1.8229999542236328,184043,71.31410217285156,130.01,134.64,128.65,133.5,0.02652825836216821,5.989999999999981,Natural Gas,NG=F,₹/kg,Energy
2020-02-05,1.8609999418258667,1.8839999437332153,1.8250000476837158,1.8760000467300415,195459,71.0999984741211,133.38,133.95,129.76,132.32,-0.008838951310861431,4.189999999999998,Natural Gas,NG=F,₹/kg,Energy
2020-02-06,1.8619999885559082,1.906000018119812,1.8320000171661377,1.8650000095367432,186209,71.18000030517578,132.75,135.67,130.4,132.54,0.001662636033857412,5.269999999999982,Natural Gas,NG=F,₹/kg,Energy
2020-02-07,1.8580000400543213,1.8980000019073486,1.8420000076293945,1.8630000352859497,272131,71.47000122070312,133.15,135.65,131.65,132.79,0.0018862230270106917,4.0,Natural Gas,NG=F,₹/kg,Energy
2020-02-10,1.7660000324249268,1.812999963760376,1.7589999437332153,1.812999963760376,337225,71.5155029296875,129.66,129.66,125.8,126.3,-0.04887416221100982,3.8599999999999994,Natural Gas,NG=F,₹/kg,Energy
2020-02-11,1.7879999876022339,1.7999999523162842,1.753000020980835,1.7680000066757202,278434,71.27999877929688,126.02,128.3,124.95,127.45,0.009105304829770455,3.3500000000000085,Natural Gas,NG=F,₹/kg,Energy
2020-02-12,1.843999981880188,1.8550000190734863,1.7890000343322754,1.7899999618530273,303309,71.27529907226562,127.58,132.22,127.51,131.43,0.031227932522557955,4.709999999999994,Natural Gas,NG=F,₹/kg,Energy
2020-02-13,1.8259999752044678,1.86899995803833,1.8229999542236328,1.8459999561309814,280375,71.29620361328125,131.61,133.25,129.97,130.19,-0.00943468005782555,3.280000000000001,Natural Gas,NG=F,₹/kg,Energy
2020-02-14,1.8370000123977661,1.8539999723434448,1.7949999570846558,1.8279999494552612,188948,71.26850128173828,130.28,132.13,127.93,130.92,0.005607189492280451,4.199999999999989,Natural Gas,NG=F,₹/kg,Energy
2020-02-18,1.9809999465942383,1.9830000400543213,1.8739999532699585,1.8799999952316284,322723,71.34919738769531,134.14,141.49,133.71,141.34,0.07959058967308286,7.780000000000001,Natural Gas,NG=F,₹/kg,Energy
2020-02-19,1.9550000429153442,1.9780000448226929,1.9450000524520874,1.968999981880188,269977,71.57499694824219,140.93,141.58,139.21,139.93,-0.009975944530918324,2.3700000000000045,Natural Gas,NG=F,₹/kg,Energy
2020-02-20,1.9199999570846558,2.0250000953674316,1.906999945640564,1.9670000076293945,266245,71.82749938964844,141.28,145.45,136.98,137.91,-0.014435789323233084,8.469999999999999,Natural Gas,NG=F,₹/kg,Energy
2020-02-21,1.9049999713897705,1.9249999523162842,1.8609999418258667,1.9149999618530273,146813,72.11000061035156,138.09,138.81,134.2,137.37,-0.003915597128562043,4.610000000000014,Natural Gas,NG=F,₹/kg,Energy
2020-02-24,1.8270000219345093,1.8839999437332153,1.8240000009536743,1.8839999437332153,75204,71.88680267333984,135.43,135.43,131.12,131.34,-0.043896047171871566,4.310000000000002,Natural Gas,NG=F,₹/kg,Energy
2020-02-25,1.847000002861023,1.8619999885559082,1.819000005722046,1.8359999656677246,70528,72.04669952392578,132.28,134.15,131.05,133.07,0.0131719202070959,3.0999999999999943,Natural Gas,NG=F,₹/kg,Energy
2020-02-26,1.8209999799728394,1.8799999952316284,1.809999942779541,1.8480000495910645,163415,71.87000274658203,132.82,135.12,130.08,130.88,-0.01645750356954989,5.039999999999992,Natural Gas,NG=F,₹/kg,Energy
2020-02-27,1.7519999742507935,1.8309999704360962,1.718999981880188,1.8279999494552612,276100,71.66339874267578,131.0,131.22,123.19,125.55,-0.04072432762836187,8.030000000000001,Natural Gas,NG=F,₹/kg,Energy
2020-02-28,1.684000015258789,1.75,1.6419999599456787,1.7480000257492065,218418,71.93000030517578,125.73,125.88,118.11,121.13,-0.035205097570689015,7.769999999999996,Natural Gas,NG=F,₹/kg,Energy
2020-03-02,1.75600004196167,1.7649999856948853,1.6799999475479126,1.6950000524520874,197987,72.1500015258789,122.29,127.34,121.21,126.7,0.04598365392553472,6.13000000000001,Natural Gas,NG=F,₹/kg,Energy
2020-03-03,1.7999999523162842,1.8389999866485596,1.75600004196167,1.7630000114440918,207501,72.82499694824219,128.39,133.93,127.88,131.08,0.034569850039463335,6.050000000000011,Natural Gas,NG=F,₹/kg,Energy
2020-03-04,1.8270000219345093,1.8450000286102295,1.784999966621399,1.8049999475479126,138206,73.34200286865234,132.38,135.32,130.92,134.0,0.022276472383277346,4.400000000000006,Natural Gas,NG=F,₹/kg,Energy
2020-03-05,1.7719999551773071,1.847000002861023,1.75600004196167,1.8289999961853027,152639,74.0425033569336,135.42,136.76,130.02,131.2,-0.020895522388059806,6.739999999999981,Natural Gas,NG=F,₹/kg,Energy
2020-03-06,1.7079999446868896,1.7669999599456787,1.7050000429153442,1.7669999599456787,213508,73.8551025390625,130.5,130.5,125.92,126.14,-0.0385670731707316,4.579999999999998,Natural Gas,NG=F,₹/kg,Energy
2020-03-09,1.777999997138977,1.8300000429153442,1.6100000143051147,1.6779999732971191,291353,73.99530029296875,124.16,135.41,119.13,131.56,0.042968130648485925,16.28,Natural Gas,NG=F,₹/kg,Energy
2020-03-10,1.9359999895095825,1.9550000429153442,1.7940000295639038,1.8350000381469727,350204,74.40599822998047,136.54,145.46,133.48,144.05,0.09493767102462769,11.980000000000018,Natural Gas,NG=F,₹/kg,Energy
2020-03-11,1.878000020980835,1.9980000257492065,1.8600000143051147,1.937999963760376,318547,74.20500183105469,143.81,148.26,138.02,139.36,-0.032558139534883734,10.23999999999998,Natural Gas,NG=F,₹/kg,Energy
2020-03-12,1.840999960899353,1.8830000162124634,1.75,1.8830000162124634,280154,74.76000213623047,140.77,140.77,130.83,137.63,-0.012413892078071309,9.939999999999998,Natural Gas,NG=F,₹/kg,Energy
2020-03-13,1.86899995803833,1.9509999752044678,1.7949999570846558,1.809999942779541,222420,75.30000305175781,136.29,146.91,135.16,140.74,0.02259681755431231,11.75,Natural Gas,NG=F,₹/kg,Energy
2020-03-16,1.815000057220459,1.8539999723434448,1.777999997138977,1.8539999723434448,167169,73.90399932861328,137.02,137.02,131.4,134.14,-0.046894983657808864,5.6200000000000045,Natural Gas,NG=F,₹/kg,Energy
2020-03-17,1.7289999723434448,1.8200000524520874,1.7109999656677246,1.7970000505447388,163792,75.15499877929688,135.05,136.78,128.59,129.94,-0.03131057104517665,8.189999999999998,Natural Gas,NG=F,₹/kg,Energy
2020-03-18,1.6039999723434448,1.7280000448226929,1.5549999475479126,1.7209999561309814,216851,74.01239776611328,127.38,127.89,115.09,118.72,-0.0863475450207788,12.799999999999997,Natural Gas,NG=F,₹/kg,Energy
2020-03-19,1.6540000438690186,1.6829999685287476,1.6019999980926514,1.6319999694824219,189477,74.98200225830078,122.37,126.19,120.12,124.02,0.044642857142857206,6.069999999999993,Natural Gas,NG=F,₹/kg,Energy
2020-03-20,1.6039999723434448,1.7000000476837158,1.5740000009536743,1.6469999551773071,160481,75.15969848632812,123.79,127.77,118.3,120.56,-0.02789872601193355,9.469999999999999,Natural Gas,NG=F,₹/kg,Energy
2020-03-23,1.6019999980926514,1.628000020980835,1.5190000534057617,1.5329999923706055,138581,75.62210083007812,115.93,123.11,114.87,121.15,0.004893828798938404,8.239999999999995,Natural Gas,NG=F,₹/kg,Energy
2020-03-24,1.652999997138977,1.687000036239624,1.5829999446868896,1.590000033378601,92341,76.50599670410156,121.64,129.07,121.11,126.46,0.04382996285596352,7.959999999999994,Natural Gas,NG=F,₹/kg,Energy
2020-03-25,1.659000039100647,1.715999960899353,1.6380000114440918,1.6729999780654907,42555,77.26000213623047,129.26,132.58,126.55,128.17,0.013522062312193439,6.030000000000015,Natural Gas,NG=F,₹/kg,Energy
2020-03-26,1.6369999647140503,1.6799999475479126,1.6119999885559082,1.656999945640564,48026,75.84549713134766,125.68,127.42,122.26,124.16,-0.03128657252087064,5.159999999999997,Natural Gas,NG=F,₹/kg,Energy
2020-03-27,1.6339999437332153,1.649999976158142,1.597000002861023,1.6399999856948853,114350,74.72560119628906,122.55,123.3,119.34,122.1,-0.01659149484536082,3.9599999999999937,Natural Gas,NG=F,₹/kg,Energy
2020-03-30,1.690000057220459,1.7079999446868896,1.6130000352859497,1.6299999952316284,102306,75.46499633789062,123.01,128.89,121.73,127.54,0.044553644553644745,7.159999999999982,Natural Gas,NG=F,₹/kg,Energy
2020-03-31,1.6399999856948853,1.7309999465942383,1.6360000371932983,1.7020000219345093,142553,75.4000015258789,128.33,130.52,123.35,123.66,-0.03042182844597785,7.170000000000016,Natural Gas,NG=F,₹/kg,Energy
2020-04-01,1.5870000123977661,1.6790000200271606,1.5800000429153442,1.6430000066757202,143668,75.32499694824219,123.76,126.47,119.01,119.54,-0.033317159954714515,7.459999999999994,Natural Gas,NG=F,₹/kg,Energy
2020-04-02,1.5520000457763672,1.6239999532699585,1.5210000276565552,1.590999960899353,165320,77.56999969482422,123.41,125.97,117.98,120.39,0.007110590597289468,7.989999999999995,Natural Gas,NG=F,₹/kg,Energy
2020-04-03,1.621000051498413,1.659000039100647,1.5299999713897705,1.5509999990463257,155164,77.13999938964844,119.64,127.98,118.02,125.04,0.03862447047096951,9.960000000000008,Natural Gas,NG=F,₹/kg,Energy
2020-04-06,1.7309999465942383,1.7549999952316284,1.6299999952316284,1.649999976158142,187962,76.2300033569336,125.78,133.78,124.25,131.95,0.055262316058861005,9.530000000000001,Natural Gas,NG=F,₹/kg,Energy
2020-04-07,1.8519999980926514,1.9119999408721924,1.746999979019165,1.7589999437332153,261927,75.96489715576172,133.62,145.24,132.71,140.69,0.0662372110647973,12.530000000000001,Natural Gas,NG=F,₹/kg,Energy
2020-04-08,1.7829999923706055,1.9179999828338623,1.7710000276565552,1.9049999713897705,227400,76.66000366210938,146.04,147.03,135.76,136.68,-0.02850238112161485,11.27000000000001,Natural Gas,NG=F,₹/kg,Energy
2020-04-09,1.7330000400543213,1.8250000476837158,1.7209999561309814,1.7910000085830688,202175,75.95899963378906,136.04,138.63,130.73,131.64,-0.03687445127304667,7.900000000000006,Natural Gas,NG=F,₹/kg,Energy
2020-04-13,1.7239999771118164,1.812999963760376,1.6979999542236328,1.7519999742507935,196125,76.16649627685547,133.44,138.09,129.33,131.31,-0.0025068368277118003,8.759999999999991,Natural Gas,NG=F,₹/kg,Energy
2020-04-14,1.649999976158142,1.7369999885559082,1.6330000162124634,1.725000023841858,198543,76.91000366210938,132.67,133.59,125.59,126.9,-0.03358464701850583,8.0,Natural Gas,NG=F,₹/kg,Energy
2020-04-15,1.5980000495910645,1.6660000085830688,1.5859999656677246,1.6390000581741333,152700,75.93099975585938,124.45,126.5,120.43,121.34,-0.04381402679275026,6.069999999999993,Natural Gas,NG=F,₹/kg,Energy
2020-04-16,1.6859999895095825,1.718999981880188,1.5549999475479126,1.590999960899353,235589,77.2125015258789,122.85,132.73,120.07,130.18,0.0728531399373662,12.659999999999997,Natural Gas,NG=F,₹/kg,Energy
2020-04-17,1.753000020980835,1.805999994277954,1.6610000133514404,1.6890000104904175,196982,77.56999969482422,131.02,140.09,128.84,135.98,0.04455369488400662,11.25,Natural Gas,NG=F,₹/kg,Energy
2020-04-20,1.9240000247955322,1.9700000286102295,1.7009999752044678,1.7740000486373901,229817,76.55999755859375,135.82,150.82,130.23,147.3,0.08324753640241234,20.590000000000003,Natural Gas,NG=F,₹/kg,Energy
2020-04-21,1.8209999799728394,1.9739999771118164,1.7790000438690186,1.9429999589920044,283417,77.20999908447266,150.02,152.41,137.36,140.6,-0.04548540393754252,15.049999999999983,Natural Gas,NG=F,₹/kg,Energy
2020-04-22,1.9390000104904175,1.9520000219345093,1.7740000486373901,1.8359999656677246,162988,76.96939849853516,141.32,150.24,136.54,149.24,0.06145092460881951,13.700000000000017,Natural Gas,NG=F,₹/kg,Energy
2020-04-23,1.815000057220459,1.9529999494552612,1.805999994277954,1.909999966621399,93520,76.4000015258789,145.92,149.21,137.98,138.67,-0.07082551594746733,11.230000000000018,Natural Gas,NG=F,₹/kg,Energy
2020-04-24,1.746000051498413,1.8389999866485596,1.7020000219345093,1.8179999589920044,77810,76.42250061035156,138.94,140.54,130.07,133.43,-0.037787553183817546,10.469999999999999,Natural Gas,NG=F,₹/kg,Energy
2020-04-27,1.819000005722046,1.850000023841858,1.593000054359436,1.7009999752044678,67072,76.27149963378906,129.74,141.1,121.5,138.74,0.03979614779285012,19.599999999999994,Natural Gas,NG=F,₹/kg,Energy
2020-04-28,1.7940000295639038,1.9229999780654907,1.7020000219345093,1.8309999704360962,157779,76.1863021850586,139.5,146.51,129.67,136.68,-0.014847916966988617,16.840000000000003,Natural Gas,NG=F,₹/kg,Energy
2020-04-29,1.86899995803833,1.9730000495910645,1.8600000143051147,1.9490000009536743,159446,76.46499633789062,149.03,150.87,142.22,142.91,0.045580918934738035,8.650000000000006,Natural Gas,NG=F,₹/kg,Energy
2020-04-30,1.9490000009536743,1.9529999494552612,1.8250000476837158,1.878000020980835,169439,75.25849914550781,141.34,146.98,137.35,146.68,0.026380239311454945,9.629999999999995,Natural Gas,NG=F,₹/kg,Energy
2020-05-01,1.8899999856948853,2.0160000324249268,1.871999979019165,1.9359999895095825,181684,75.72000122070312,146.59,152.65,141.75,143.11,-0.024338696482137934,10.900000000000006,Natural Gas,NG=F,₹/kg,Energy
2020-05-04,1.9930000305175781,2.00600004196167,1.934999942779541,1.9609999656677246,187907,75.60050201416016,148.25,151.65,146.29,150.67,0.05282649710013265,5.360000000000014,Natural Gas,NG=F,₹/kg,Energy
2020-05-05,2.134000062942505,2.1619999408721924,1.9809999465942383,1.9910000562667847,307829,75.8499984741211,151.02,163.99,150.26,161.86,0.07426826840114176,13.730000000000018,Natural Gas,NG=F,₹/kg,Energy
2020-05-06,1.944000005722046,2.1110000610351562,1.9290000200271606,2.0869998931884766,265466,76.16999816894531,158.97,160.79,146.93,148.07,-0.08519708389966651,13.859999999999985,Natural Gas,NG=F,₹/kg,Energy
2020-05-07,1.8940000534057617,1.9889999628067017,1.8860000371932983,1.9559999704360962,228869,76.15129852294922,148.95,151.46,143.62,144.23,-0.02593368001620855,7.840000000000003,Natural Gas,NG=F,₹/kg,Energy
2020-05-08,1.8229999542236328,1.9270000457763672,1.8109999895095825,1.9010000228881836,188400,76.08000183105469,144.63,146.61,137.78,138.69,-0.03841087152464806,8.830000000000013,Natural Gas,NG=F,₹/kg,Energy
2020-05-11,1.8259999752044678,1.8899999856948853,1.8029999732971191,1.8380000591278076,224967,75.5250015258789,138.81,142.74,136.17,137.91,-0.005624053644819438,6.570000000000022,Natural Gas,NG=F,₹/kg,Energy
2020-05-12,1.7200000286102295,1.8489999771118164,1.684999942779541,1.847000002861023,228490,76.30999755859375,140.94,141.1,128.58,131.25,-0.04829236458559927,12.519999999999982,Natural Gas,NG=F,₹/kg,Energy
2020-05-13,1.6160000562667847,1.7410000562667847,1.5950000286102295,1.6950000524520874,254680,75.68000030517578,128.28,131.76,120.71,122.3,-0.06819047619047625,11.049999999999997,Natural Gas,NG=F,₹/kg,Energy
2020-05-14,1.680999994277954,1.715000033378601,1.6100000143051147,1.6430000066757202,206529,75.42620086669922,123.93,129.36,121.44,126.79,0.03671300081766149,7.920000000000016,Natural Gas,NG=F,₹/kg,Energy
2020-05-15,1.6460000276565552,1.7319999933242798,1.6339999437332153,1.6749999523162842,169709,75.48500061035156,126.44,130.74,123.34,124.25,-0.02003312564082349,7.400000000000006,Natural Gas,NG=F,₹/kg,Energy
2020-05-18,1.7829999923706055,1.8509999513626099,1.7020000219345093,1.725000023841858,224943,75.81999969482422,130.79,140.34,129.05,135.19,0.08804828973843049,11.289999999999992,Natural Gas,NG=F,₹/kg,Energy
2020-05-19,1.8300000429153442,1.8569999933242798,1.7630000114440918,1.7690000534057617,241438,75.60009765625,133.74,140.39,133.28,138.35,0.02337450994896062,7.109999999999985,Natural Gas,NG=F,₹/kg,Energy
2020-05-20,1.7710000276565552,1.8890000581741333,1.7430000305175781,1.8040000200271606,158342,76.0,137.1,143.56,132.47,134.6,-0.027105168052041884,11.090000000000003,Natural Gas,NG=F,₹/kg,Energy
2020-05-21,1.7100000381469727,1.784999966621399,1.6920000314712524,1.777999997138977,99424,75.77999877929688,134.74,135.27,128.22,129.58,-0.03729569093610685,7.050000000000011,Natural Gas,NG=F,₹/kg,Energy
2020-05-22,1.7309999465942383,1.7599999904632568,1.6799999475479126,1.7259999513626099,53714,75.625,130.53,133.1,127.05,130.91,0.010263929618768097,6.049999999999997,Natural Gas,NG=F,₹/kg,Energy
2020-05-26,1.7929999828338623,1.809000015258789,1.6920000314712524,1.746000051498413,44873,76.11000061035156,132.89,137.68,128.78,136.47,0.04247192727828275,8.900000000000006,Natural Gas,NG=F,₹/kg,Energy
2020-05-27,1.722000002861023,1.815000057220459,1.7109999656677246,1.7740000486373901,161456,75.81999969482422,134.5,137.61,129.73,130.56,-0.04330622114750493,7.880000000000024,Natural Gas,NG=F,₹/kg,Energy
2020-05-28,1.8270000219345093,1.8960000276565552,1.8109999895095825,1.878000020980835,160769,76.12999725341797,142.97,144.34,137.87,139.09,0.06533394607843146,6.469999999999999,Natural Gas,NG=F,₹/kg,Energy
2020-05-29,1.8489999771118164,1.8650000095367432,1.7630000114440918,1.819000005722046,221374,75.95999908447266,138.17,141.67,133.92,140.45,0.009777841685239652,7.75,Natural Gas,NG=F,₹/kg,Energy
2020-06-01,1.7740000486373901,1.8480000495910645,1.7419999837875366,1.8300000429153442,205239,75.51319885253906,138.19,139.55,131.54,133.96,-0.0462086151655392,8.01000000000002,Natural Gas,NG=F,₹/kg,Energy
2020-06-02,1.7769999504089355,1.8009999990463257,1.7580000162124634,1.7799999713897705,142957,75.7300033569336,134.8,136.39,133.13,134.57,0.004553598088981703,3.259999999999991,Natural Gas,NG=F,₹/kg,Energy
2020-06-03,1.8209999799728394,1.8609999418258667,1.7710000276565552,1.7740000486373901,200601,75.06580352783203,133.17,139.7,132.94,136.69,0.015753882737608693,6.759999999999991,Natural Gas,NG=F,₹/kg,Energy
2020-06-04,1.8220000267028809,1.8539999723434448,1.7949999570846558,1.809000015258789,114332,75.54499816894531,136.66,140.06,135.6,137.64,0.006950032921208438,4.460000000000008,Natural Gas,NG=F,₹/kg,Energy
2020-06-05,1.781999945640564,1.8639999628067017,1.7769999504089355,1.8209999799728394,207229,75.49089813232422,137.47,140.72,134.15,134.52,-0.022667829119441874,6.569999999999993,Natural Gas,NG=F,₹/kg,Energy
2020-06-08,1.7890000343322754,1.815999984741211,1.75,1.809999942779541,206086,75.5177001953125,136.69,137.14,132.16,135.1,0.004311626523936907,4.97999999999999,Natural Gas,NG=F,₹/kg,Energy
2020-06-09,1.7669999599456787,1.8289999961853027,1.75600004196167,1.809000015258789,207732,75.625,136.81,138.32,132.8,133.63,-0.010880829015543991,5.519999999999982,Natural Gas,NG=F,₹/kg,Energy
2020-06-10,1.7799999713897705,1.8079999685287476,1.6740000247955322,1.7630000114440918,203929,75.50980377197266,133.12,136.52,126.4,134.41,0.005837012646860762,10.120000000000005,Natural Gas,NG=F,₹/kg,Energy
2020-06-11,1.812999963760376,1.8329999446868896,1.7660000324249268,1.7869999408721924,213619,75.875,135.59,139.08,134.0,137.56,0.023435756268134877,5.0800000000000125,Natural Gas,NG=F,₹/kg,Energy
2020-06-12,1.7309999465942383,1.8220000267028809,1.7269999980926514,1.8170000314712524,148103,76.38999938964844,138.8,139.18,131.93,132.23,-0.03874672870020368,7.25,Natural Gas,NG=F,₹/kg,Energy
2020-06-15,1.6690000295639038,1.7610000371932983,1.6610000133514404,1.753000020980835,191894,75.95680236816406,133.15,133.76,126.16,126.77,-0.04129168872419264,7.599999999999994,Natural Gas,NG=F,₹/kg,Energy
2020-06-16,1.6139999628067017,1.684999942779541,1.597000002861023,1.6729999780654907,167095,75.97799682617188,127.11,128.02,121.34,122.63,-0.032657568825431915,6.680000000000007,Natural Gas,NG=F,₹/kg,Energy
2020-06-17,1.6380000114440918,1.6480000019073486,1.6019999980926514,1.6130000352859497,150270,76.65499877929688,123.64,126.33,122.8,125.56,0.02389301149800227,3.530000000000001,Natural Gas,NG=F,₹/kg,Energy
2020-06-18,1.6380000114440918,1.6610000133514404,1.6109999418258667,1.6380000114440918,124793,76.55000305175781,125.39,127.15,123.32,125.39,-0.0013539343740044396,3.8300000000000125,Natural Gas,NG=F,₹/kg,Energy
2020-06-19,1.6690000295639038,1.684000015258789,1.6299999952316284,1.6369999647140503,123844,76.40039825439453,125.07,128.66,124.53,127.51,0.016907249381928446,4.1299999999999955,Natural Gas,NG=F,₹/kg,Energy
2020-06-22,1.6640000343322754,1.7120000123977661,1.6430000066757202,1.6710000038146973,121433,76.2520980834961,127.42,130.54,125.28,126.88,-0.00494078895772887,5.259999999999991,Natural Gas,NG=F,₹/kg,Energy
2020-06-23,1.6369999647140503,1.6629999876022339,1.6139999628067017,1.659999966621399,85194,75.78980255126953,125.81,126.04,122.32,124.07,-0.02214691046658257,3.720000000000013,Natural Gas,NG=F,₹/kg,Energy
2020-06-24,1.597000002861023,1.656000018119812,1.5850000381469727,1.6269999742507935,43229,75.60780334472656,123.01,125.21,119.84,120.75,-0.02675908761183199,5.36999999999999,Natural Gas,NG=F,₹/kg,Energy
2020-06-25,1.4819999933242798,1.5980000495910645,1.440000057220459,1.5950000286102295,62675,75.97000122070312,121.17,121.4,109.4,112.59,-0.06757763975155273,12.0,Natural Gas,NG=F,₹/kg,Energy
2020-06-26,1.4950000047683716,1.5670000314712524,1.4320000410079956,1.440999984741211,117328,75.53980255126953,108.85,118.37,108.17,112.93,0.0030198063771205153,10.200000000000003,Natural Gas,NG=F,₹/kg,Energy
2020-06-29,1.7089999914169312,1.753000020980835,1.5579999685287476,1.5670000314712524,273247,75.61979675292969,118.5,132.56,117.82,129.23,0.14433720003541994,14.740000000000009,Natural Gas,NG=F,₹/kg,Energy
2020-06-30,1.7510000467300415,1.784000039100647,1.687999963760376,1.6970000267028809,186911,75.69999694824219,128.46,135.05,127.78,132.55,0.02569062911088782,7.27000000000001,Natural Gas,NG=F,₹/kg,Energy
2020-07-01,1.6710000038146973,1.7580000162124634,1.6549999713897705,1.753999948501587,173543,75.75,132.87,133.17,125.37,126.58,-0.04503960769520943,7.799999999999983,Natural Gas,NG=F,₹/kg,Energy
2020-07-02,1.7339999675750732,1.7380000352859497,1.6720000505447388,1.6929999589920044,142222,75.45490264892578,127.75,131.14,126.16,130.84,0.033654605782904135,4.97999999999999,Natural Gas,NG=F,₹/kg,Energy
2020-07-06,1.8300000429153442,1.8639999628067017,1.7139999866485596,1.7280000448226929,249486,74.6792984008789,129.05,139.2,128.0,136.66,0.04448180984408423,11.199999999999989,Natural Gas,NG=F,₹/kg,Energy
2020-07-07,1.8760000467300415,1.9240000247955322,1.8289999961853027,1.8289999961853027,203760,74.60759735107422,136.46,143.55,136.46,139.96,0.024147519391189975,7.090000000000003,Natural Gas,NG=F,₹/kg,Energy
2020-07-08,1.8240000009536743,1.8860000371932983,1.8079999685287476,1.878999948501587,187548,75.125,141.16,141.69,135.83,137.03,-0.020934552729351297,5.859999999999985,Natural Gas,NG=F,₹/kg,Energy
2020-07-09,1.7790000438690186,1.8910000324249268,1.7719999551773071,1.8200000524520874,179261,74.93990325927734,136.39,141.71,132.79,133.32,-0.0270743632781143,8.920000000000016,Natural Gas,NG=F,₹/kg,Energy
2020-07-10,1.8049999475479126,1.8350000381469727,1.7369999885559082,1.7760000228881836,166223,75.33999633789062,133.8,138.25,130.87,135.99,0.020027002700270247,7.3799999999999955,Natural Gas,NG=F,₹/kg,Energy
2020-07-13,1.7389999628067017,1.815000057220459,1.725000023841858,1.784999966621399,158853,75.15850067138672,134.16,136.41,129.65,130.7,-0.038899919111699544,6.759999999999991,Natural Gas,NG=F,₹/kg,Energy
2020-07-14,1.746000051498413,1.7710000276565552,1.7079999446868896,1.7289999723434448,138354,75.44999694824219,130.45,133.62,128.87,131.74,0.007957153787299331,4.75,Natural Gas,NG=F,₹/kg,Energy
2020-07-15,1.777999997138977,1.7920000553131104,1.7280000448226929,1.7430000305175781,93856,75.57499694824219,131.73,135.43,130.59,134.37,0.01996356459693338,4.840000000000003,Natural Gas,NG=F,₹/kg,Energy
2020-07-16,1.7230000495910645,1.8079999685287476,1.7029999494552612,1.7829999923706055,136973,75.1249008178711,133.95,135.83,127.94,129.44,-0.03668973729255043,7.890000000000015,Natural Gas,NG=F,₹/kg,Energy
2020-07-17,1.718000054359436,1.75,1.690000057220459,1.7259999513626099,110717,75.17449951171875,129.75,131.56,127.04,129.15,-0.002240420271940602,4.519999999999996,Natural Gas,NG=F,₹/kg,Energy
2020-07-20,1.6410000324249268,1.7070000171661377,1.6050000190734863,1.7000000476837158,165622,74.89730072021484,127.33,127.85,120.21,122.91,-0.048315911730545946,7.640000000000001,Natural Gas,NG=F,₹/kg,Energy
2020-07-21,1.6749999523162842,1.680999994277954,1.621999979019165,1.6440000534057617,131339,74.98999786376953,123.28,126.06,121.63,125.61,0.02196729314132284,4.430000000000007,Natural Gas,NG=F,₹/kg,Energy
2020-07-22,1.680999994277954,1.6979999542236328,1.621999979019165,1.6690000295639038,118416,74.7699966430664,124.79,126.96,121.28,125.69,0.0006368919671999596,5.679999999999993,Natural Gas,NG=F,₹/kg,Energy
2020-07-23,1.784999966621399,1.8049999475479126,1.6770000457763672,1.694000005722046,122590,74.81999969482422,126.75,135.05,125.47,133.55,0.06253480786060961,9.580000000000013,Natural Gas,NG=F,₹/kg,Energy
2020-07-24,1.8079999685287476,1.8179999589920044,1.746000051498413,1.784000039100647,71797,74.80729675292969,133.46,136.0,130.61,135.25,0.012729314863346941,5.389999999999986,Natural Gas,NG=F,₹/kg,Energy
2020-07-27,1.7339999675750732,1.7999999523162842,1.7139999866485596,1.7960000038146973,37484,74.75980377197266,134.27,134.57,128.14,129.63,-0.04155268022181147,6.430000000000007,Natural Gas,NG=F,₹/kg,Energy
2020-07-28,1.7999999523162842,1.8029999732971191,1.718999981880188,1.7309999465942383,32525,75.0,129.82,135.22,128.92,135.0,0.041425595926868786,6.300000000000011,Natural Gas,NG=F,₹/kg,Energy
2020-07-29,1.8539999723434448,1.8930000066757202,1.7690000534057617,1.7960000038146973,165738,75.08999633789062,134.86,142.15,132.83,139.22,0.03125925925925932,9.319999999999993,Natural Gas,NG=F,₹/kg,Energy
2020-07-30,1.8289999961853027,1.9279999732971191,1.8179999589920044,1.9210000038146973,165711,74.8311996459961,143.75,144.27,136.04,136.87,-0.016879758655365618,8.230000000000018,Natural Gas,NG=F,₹/kg,Energy
2020-07-31,1.7990000247955322,1.8619999885559082,1.781000018119812,1.8350000381469727,112248,74.98999786376953,137.61,139.63,133.56,134.91,-0.014320157813984102,6.069999999999993,Natural Gas,NG=F,₹/kg,Energy
2020-08-03,2.1010000705718994,2.1540000438690186,1.8519999980926514,1.8589999675750732,381969,74.91780090332031,139.27,161.37,138.75,157.4,0.16670372841153358,22.620000000000005,Natural Gas,NG=F,₹/kg,Energy
2020-08-04,2.193000078201294,2.197999954223633,2.055999994277954,2.0969998836517334,230889,75.33000183105469,157.97,165.58,154.88,165.2,0.04955527318932651,10.700000000000017,Natural Gas,NG=F,₹/kg,Energy
2020-08-05,2.190999984741211,2.260999917984009,2.1630001068115234,2.177999973297119,182428,75.25,163.89,170.14,162.77,164.87,-0.00199757869249384,7.369999999999976,Natural Gas,NG=F,₹/kg,Energy
2020-08-06,2.1649999618530273,2.2839999198913574,2.135999917984009,2.2060000896453857,161993,74.8822021484375,165.19,171.03,159.95,162.12,-0.016679808333838753,11.080000000000013,Natural Gas,NG=F,₹/kg,Energy
2020-08-07,2.23799991607666,2.25600004196167,2.140000104904175,2.1530001163482666,206250,74.8998031616211,161.26,168.97,160.29,167.63,0.03398716999753271,8.680000000000007,Natural Gas,NG=F,₹/kg,Energy
2020-08-10,2.1530001163482666,2.2750000953674316,2.118000030517578,2.256999969482422,207909,75.0248031616211,169.33,170.68,158.9,161.53,-0.03638966772057506,11.780000000000001,Natural Gas,NG=F,₹/kg,Energy
2020-08-11,2.1710000038146973,2.2309999465942383,2.134999990463257,2.1649999618530273,166067,75.0999984741211,162.59,167.55,160.34,163.04,0.009348108710456104,7.210000000000008,Natural Gas,NG=F,₹/kg,Energy
2020-08-12,2.1519999504089355,2.1649999618530273,2.0850000381469727,2.1489999294281006,175924,74.9000015258789,160.96,162.16,156.17,161.18,-0.011408243375858551,5.990000000000009,Natural Gas,NG=F,₹/kg,Energy
2020-08-13,2.181999921798706,2.2049999237060547,2.1389999389648438,2.1510000228881836,173306,74.77210235595703,160.83,164.87,159.94,163.15,0.012222360094304552,4.930000000000007,Natural Gas,NG=F,₹/kg,Energy
2020-08-14,2.3559999465942383,2.378999948501587,2.1710000038146973,2.190999984741211,229933,75.02999877929688,164.39,178.5,162.89,176.77,0.0834814587802637,15.610000000000014,Natural Gas,NG=F,₹/kg,Energy
2020-08-17,2.3389999866485596,2.3959999084472656,2.302000045776367,2.3919999599456787,143939,74.90280151367188,179.17,179.47,172.43,175.2,-0.008881597556146481,7.039999999999992,Natural Gas,NG=F,₹/kg,Energy
2020-08-18,2.4170000553131104,2.4649999141693115,2.305999994277954,2.3440001010894775,141594,75.0,175.8,184.87,172.95,181.28,0.03470319634703212,11.920000000000016,Natural Gas,NG=F,₹/kg,Energy
2020-08-19,2.4260001182556152,2.4549999237060547,2.375,2.4170000553131104,112840,74.79499816894531,180.78,183.62,177.64,181.45,0.0009377758164166305,5.980000000000018,Natural Gas,NG=F,₹/kg,Energy
2020-08-20,2.3519999980926514,2.440000057220459,2.3450000286102295,2.430000066757202,146657,74.966796875,182.17,182.92,175.8,176.32,-0.028272251308900542,7.119999999999976,Natural Gas,NG=F,₹/kg,Energy
2020-08-21,2.447999954223633,2.4679999351501465,2.2799999713897705,2.3550000190734863,134959,74.9999008178711,176.62,185.1,171.0,183.6,0.0412885662431941,14.099999999999994,Natural Gas,NG=F,₹/kg,Energy
2020-08-24,2.513000011444092,2.553999900817871,2.390000104904175,2.4600000381469727,101297,74.92179870605469,184.31,191.35,179.06,188.28,0.025490196078431504,12.289999999999992,Natural Gas,NG=F,₹/kg,Energy
2020-08-25,2.489000082015991,2.552000045776367,2.4509999752044678,2.5139999389648438,43866,74.4000015258789,187.04,189.87,182.35,185.18,-0.01646483960059486,7.52000000000001,Natural Gas,NG=F,₹/kg,Energy
2020-08-26,2.4609999656677246,2.556999921798706,2.3980000019073486,2.4800000190734863,37633,74.45249938964844,184.64,190.38,178.54,183.23,-0.01053029484825585,11.840000000000003,Natural Gas,NG=F,₹/kg,Energy
2020-08-27,2.5789999961853027,2.5980000495910645,2.388000011444092,2.4240000247955322,209678,74.24009704589844,179.96,192.88,177.29,191.47,0.044970801724608434,15.590000000000003,Natural Gas,NG=F,₹/kg,Energy
2020-08-28,2.6570000648498535,2.743000030517578,2.621000051498413,2.7100000381469727,152901,73.77449798583984,199.93,202.36,193.36,196.02,0.023763513866402075,9.0,Natural Gas,NG=F,₹/kg,Energy
2020-08-31,2.630000114440918,2.6530001163482666,2.496999979019165,2.628999948501587,203888,73.12830352783203,192.25,194.01,182.6,192.33,-0.018824609733700592,11.409999999999997,Natural Gas,NG=F,₹/kg,Energy
2020-09-01,2.5269999504089355,2.674999952316284,2.503999948501587,2.628000020980835,228380,73.66999816894531,193.6,197.07,184.47,186.16,-0.03208027868767227,12.599999999999994,Natural Gas,NG=F,₹/kg,Energy
2020-09-02,2.4860000610351562,2.578000068664551,2.4149999618530273,2.5160000324249268,257129,73.2699966430664,184.35,188.89,176.95,182.15,-0.021540610227760992,11.939999999999998,Natural Gas,NG=F,₹/kg,Energy
2020-09-03,2.486999988555908,2.566999912261963,2.4549999237060547,2.489000082015991,146077,73.24849700927734,182.32,188.03,179.83,182.17,0.00010979961570134478,8.199999999999989,Natural Gas,NG=F,₹/kg,Energy
2020-09-04,2.5880000591278076,2.6050000190734863,2.430999994277954,2.4830000400543213,165241,73.4478988647461,182.37,191.33,178.55,190.08,0.04342098040292042,12.780000000000001,Natural Gas,NG=F,₹/kg,Energy
2020-09-08,2.4000000953674316,2.5859999656677246,2.3559999465942383,2.5859999656677246,223470,73.6500015258789,190.46,190.46,173.52,176.76,-0.07007575757575768,16.939999999999998,Natural Gas,NG=F,₹/kg,Energy
2020-09-09,2.4059998989105225,2.4800000190734863,2.328000068664551,2.367000102996826,201385,73.78679656982422,174.65,182.99,171.78,177.53,0.0043561891830732336,11.210000000000008,Natural Gas,NG=F,₹/kg,Energy
2020-09-10,2.322999954223633,2.4070000648498535,2.305000066757202,2.381999969482422,139971,73.55000305175781,175.2,177.03,169.53,170.86,-0.037571114741170475,7.5,Natural Gas,NG=F,₹/kg,Energy
2020-09-11,2.2690000534057617,2.3350000381469727,2.246000051498413,2.313999891281128,123018,73.52729797363281,170.14,171.69,165.14,166.83,-0.023586562097623776,6.550000000000011,Natural Gas,NG=F,₹/kg,Energy
2020-09-14,2.309999942779541,2.3989999294281006,2.2839999198913574,2.305999994277954,151170,73.47859954833984,169.44,176.28,167.83,169.74,0.0174429059521668,8.449999999999989,Natural Gas,NG=F,₹/kg,Energy
2020-09-15,2.361999988555908,2.382999897003174,2.2750000953674316,2.305000066757202,114514,73.61499786376953,169.68,175.42,167.47,173.88,0.024390243902439046,7.949999999999989,Natural Gas,NG=F,₹/kg,Energy
2020-09-16,2.2669999599456787,2.3889999389648438,2.2330000400543213,2.3559999465942383,119392,73.80000305175781,173.87,176.31,164.8,167.3,-0.037842190016103006,11.509999999999991,Natural Gas,NG=F,₹/kg,Energy
2020-09-17,2.0420000553131104,2.2750000953674316,1.9869999885559082,2.253999948501587,238359,73.55069732666016,165.78,167.33,146.15,150.19,-0.10227136879856558,21.180000000000007,Natural Gas,NG=F,₹/kg,Energy
2020-09-18,2.0480000972747803,2.0739998817443848,1.9259999990463257,1.9989999532699585,151869,73.58360290527344,147.09,152.61,141.72,150.7,0.0033956987815433326,10.890000000000015,Natural Gas,NG=F,₹/kg,Energy
2020-09-21,1.8350000381469727,2.0380001068115234,1.7949999570846558,1.9910000562667847,256631,73.53479766845703,146.41,149.86,131.99,134.94,-0.1045786330457863,17.870000000000005,Natural Gas,NG=F,₹/kg,Energy
2020-09-22,1.8339999914169312,1.8969999551773071,1.8079999685287476,1.8880000114440918,102265,73.57980346679688,138.92,139.58,133.03,134.95,7.410701052323887e-05,6.550000000000011,Natural Gas,NG=F,₹/kg,Energy
2020-09-23,2.125,2.2070000171661377,1.815000057220459,1.8450000286102295,100575,73.50299835205078,135.61,162.22,133.41,156.19,0.15739162652834393,28.810000000000002,Natural Gas,NG=F,₹/kg,Energy
2020-09-24,2.247999906539917,2.319999933242798,2.1689999103546143,2.194999933242798,60475,73.77839660644531,161.94,171.17,160.03,165.85,0.06184774953582184,11.139999999999986,Natural Gas,NG=F,₹/kg,Energy
2020-09-25,2.1389999389648438,2.259999990463257,2.1010000705718994,2.177999973297119,40394,73.68240356445312,160.48,166.52,154.81,157.61,-0.04968344889960796,11.710000000000008,Natural Gas,NG=F,₹/kg,Energy
2020-09-28,2.1010000705718994,2.1760001182556152,2.0199999809265137,2.1050000190734863,113191,73.69930267333984,155.14,160.37,148.87,154.84,-0.017575026965294116,11.5,Natural Gas,NG=F,₹/kg,Energy
2020-09-29,2.561000108718872,2.7890000343322754,2.490000009536743,2.7690000534057617,196454,73.9749984741211,204.84,206.32,184.2,189.45,0.2235210539912167,22.120000000000005,Natural Gas,NG=F,₹/kg,Energy
2020-09-30,2.5269999504089355,2.5789999961853027,2.424999952316284,2.502000093460083,145933,73.84500122070312,184.76,190.45,179.07,186.61,-0.0149907627342305,11.379999999999995,Natural Gas,NG=F,₹/kg,Energy
2020-10-01,2.5269999504089355,2.5920000076293945,2.440999984741211,2.549999952316284,155886,73.70500183105469,187.95,191.04,179.91,186.25,-0.0019291570655378676,11.129999999999995,Natural Gas,NG=F,₹/kg,Energy
2020-10-02,2.437999963760376,2.5510001182556152,2.372999906539917,2.484999895095825,163725,73.21700286865234,181.94,186.78,173.74,178.5,-0.041610738255033586,13.039999999999992,Natural Gas,NG=F,₹/kg,Energy
2020-10-05,2.615000009536743,2.7269999980926514,2.446000099182129,2.4549999237060547,195405,73.32240295410156,180.01,199.95,179.35,191.74,0.07417366946778725,20.599999999999994,Natural Gas,NG=F,₹/kg,Energy
2020-10-06,2.5199999809265137,2.703000068664551,2.505000114440918,2.622999906539917,149529,73.1082992553711,191.76,197.61,183.14,184.23,-0.03916762282257236,14.470000000000027,Natural Gas,NG=F,₹/kg,Energy
2020-10-07,2.6059999465942383,2.686000108718872,2.4660000801086426,2.510999917984009,211070,73.81500244140625,185.35,198.27,182.03,192.36,0.0441296205829671,16.24000000000001,Natural Gas,NG=F,₹/kg,Energy
2020-10-08,2.627000093460083,2.6510000228881836,2.507999897003174,2.5899999141693115,198488,73.5425033569336,190.48,194.96,184.44,193.2,0.004366812227074135,10.52000000000001,Natural Gas,NG=F,₹/kg,Energy
2020-10-09,2.740999937057495,2.821000099182129,2.618000030517578,2.631999969482422,207342,73.28050231933594,192.87,206.72,191.85,200.86,0.03964803312629406,14.870000000000005,Natural Gas,NG=F,₹/kg,Energy
2020-10-12,2.88100004196167,2.9549999237060547,2.825000047683716,2.8910000324249268,179699,73.01480102539062,211.09,215.76,206.27,210.36,0.04729662451458738,9.48999999999998,Natural Gas,NG=F,₹/kg,Energy
2020-10-13,2.8550000190734863,2.884000062942505,2.750999927520752,2.8340001106262207,178430,73.35079956054688,207.88,211.54,201.79,209.42,-0.004468530138809768,9.75,Natural Gas,NG=F,₹/kg,Energy
2020-10-14,2.635999917984009,2.7709999084472656,2.609999895095825,2.760999917984009,184592,73.62000274658203,203.26,204.0,192.15,194.06,-0.07334543023588957,11.849999999999994,Natural Gas,NG=F,₹/kg,Energy
2020-10-15,2.7750000953674316,2.8289999961853027,2.6389999389648438,2.6449999809265137,150327,73.29620361328125,193.87,207.35,193.43,203.4,0.048129444501700425,13.919999999999987,Natural Gas,NG=F,₹/kg,Energy
2020-10-16,2.7730000019073486,2.8519999980926514,2.6700000762939453,2.7780001163482666,146431,73.37100219726562,203.82,209.25,195.9,203.46,0.0002949852507374562,13.349999999999994,Natural Gas,NG=F,₹/kg,Energy
2020-10-19,2.7950000762939453,2.890000104904175,2.638000011444092,2.6410000324249268,150451,73.44380187988281,193.97,212.25,193.74,205.28,0.008945247223041353,18.50999999999999,Natural Gas,NG=F,₹/kg,Energy
2020-10-20,2.9130001068115234,2.950000047683716,2.8239998817443848,2.8310000896453857,119808,73.57499694824219,208.29,217.05,207.78,214.32,0.044037412314887,9.27000000000001,Natural Gas,NG=F,₹/kg,Energy
2020-10-21,3.0230000019073486,3.052999973297119,2.890000104904175,2.8970000743865967,154373,73.64749908447266,213.36,224.85,212.84,222.64,0.03882045539380363,12.009999999999991,Natural Gas,NG=F,₹/kg,Energy
2020-10-22,3.006999969482422,3.065999984741211,2.9800000190734863,3.0250000953674316,93193,73.6812973022461,222.89,225.91,219.57,221.56,-0.004850880344951403,6.340000000000003,Natural Gas,NG=F,₹/kg,Energy
2020-10-23,2.9709999561309814,3.00600004196167,2.9179999828338623,2.984999895095825,73245,73.72000122070312,220.05,221.6,215.11,219.02,-0.011464163206354905,6.489999999999981,Natural Gas,NG=F,₹/kg,Energy
2020-10-26,3.0239999294281006,3.0799999237060547,2.9070000648498535,2.940999984741211,35714,73.8228988647461,217.11,227.37,214.6,223.24,0.019267646790247506,12.77000000000001,Natural Gas,NG=F,₹/kg,Energy
2020-10-27,3.0190000534057617,3.0910000801086426,2.9860000610351562,3.0160000324249268,57585,73.94850158691406,223.03,228.57,220.81,223.25,4.4794839634487715e-05,7.759999999999991,Natural Gas,NG=F,₹/kg,Energy
2020-10-28,2.996000051498413,3.0510001182556152,2.9670000076293945,3.0199999809265137,102026,73.80500030517578,222.89,225.18,218.98,221.12,-0.009540873460246346,6.200000000000017,Natural Gas,NG=F,₹/kg,Energy
2020-10-29,3.3010001182556152,3.3459999561309814,3.1510000228881836,3.2829999923706055,168764,74.44000244140625,244.39,249.08,234.56,245.73,0.111297033285094,14.52000000000001,Natural Gas,NG=F,₹/kg,Energy
2020-10-30,3.3540000915527344,3.3959999084472656,3.25600004196167,3.312999963760376,146433,74.26399993896484,246.04,252.2,241.8,249.08,0.013632849061978591,10.399999999999977,Natural Gas,NG=F,₹/kg,Energy
2020-11-02,3.24399995803833,3.3929998874664307,3.2139999866485596,3.374000072479248,156206,74.55049896240234,251.53,252.95,239.61,241.84,-0.02906696643648632,13.339999999999975,Natural Gas,NG=F,₹/kg,Energy
2020-11-03,3.059000015258789,3.240999937057495,3.0409998893737793,3.2360000610351562,184775,74.45680236816406,240.94,241.31,226.42,227.76,-0.058220310949388066,14.890000000000015,Natural Gas,NG=F,₹/kg,Energy
2020-11-04,3.0460000038146973,3.0910000801086426,3.002000093460083,3.055999994277954,145538,74.65560150146484,228.15,230.76,224.12,227.4,-0.0015806111696522462,6.639999999999986,Natural Gas,NG=F,₹/kg,Energy
2020-11-05,2.941999912261963,3.11299991607666,2.924999952316284,3.062000036239624,173752,74.37999725341797,227.75,231.54,217.56,218.83,-0.03768689533861036,13.97999999999999,Natural Gas,NG=F,₹/kg,Energy
2020-11-06,2.888000011444092,2.9709999561309814,2.865999937057495,2.934000015258789,186660,74.12000274658203,217.47,220.21,212.43,214.06,-0.021797742539871212,7.780000000000001,Natural Gas,NG=F,₹/kg,Energy
2020-11-09,2.8589999675750732,2.928999900817871,2.821000099182129,2.871999979019165,125977,73.97979736328125,212.47,216.69,208.7,211.51,-0.011912547883770941,7.990000000000009,Natural Gas,NG=F,₹/kg,Energy
2020-11-10,2.9489998817443848,3.01200008392334,2.8550000190734863,2.859999895095825,158192,73.95320129394531,211.51,222.75,211.14,218.09,0.031109640206136824,11.610000000000014,Natural Gas,NG=F,₹/kg,Energy
2020-11-11,3.0309998989105225,3.056999921798706,2.9110000133514404,2.947999954223633,139900,74.28160095214844,218.98,227.08,216.23,225.15,0.0323719565317071,10.850000000000023,Natural Gas,NG=F,₹/kg,Energy
2020-11-12,2.9760000705718994,3.063999891281128,2.940999984741211,3.0320000648498535,126609,74.56999969482422,226.1,228.48,219.31,221.92,-0.014345991561181548,9.169999999999987,Natural Gas,NG=F,₹/kg,Energy
2020-11-13,2.994999885559082,3.0869998931884766,2.9489998817443848,2.9489998817443848,127125,74.86499786376953,220.78,231.11,220.78,224.22,0.010364095169430376,10.330000000000013,Natural Gas,NG=F,₹/kg,Energy
2020-11-16,2.697000026702881,2.88700008392334,2.674999952316284,2.871000051498413,189362,74.48770141601562,213.85,215.05,199.25,200.89,-0.10404959414860415,15.800000000000011,Natural Gas,NG=F,₹/kg,Energy
2020-11-17,2.691999912261963,2.7320001125335693,2.6489999294281006,2.684000015258789,110709,74.41809844970703,199.74,203.31,197.13,200.33,-0.002787595201353854,6.180000000000007,Natural Gas,NG=F,₹/kg,Energy
2020-11-18,2.7119998931884766,2.7829999923706055,2.687000036239624,2.694000005722046,124471,74.47969818115234,200.65,207.28,200.13,201.99,0.008286327559526852,7.150000000000006,Natural Gas,NG=F,₹/kg,Energy
2020-11-19,2.5920000076293945,2.74399995803833,2.5250000953674316,2.7149999141693115,159959,74.41999816894531,202.05,204.21,187.91,192.9,-0.04500222783306107,16.30000000000001,Natural Gas,NG=F,₹/kg,Energy
2020-11-20,2.6500000953674316,2.678999900817871,2.5799999237060547,2.5989999771118164,76190,74.09960174560547,192.58,198.51,191.18,196.36,0.017936754795230714,7.329999999999984,Natural Gas,NG=F,₹/kg,Energy
2020-11-23,2.7109999656677246,2.7279999256134033,2.6489999294281006,2.7049999237060547,38777,74.16239929199219,200.61,202.32,196.46,201.05,0.023884701568547495,5.859999999999985,Natural Gas,NG=F,₹/kg,Energy
2020-11-24,2.7750000953674316,2.7799999713897705,2.693000078201294,2.7090001106262207,41700,74.24490356445312,201.13,206.4,199.94,206.03,0.024769957721959557,6.460000000000008,Natural Gas,NG=F,₹/kg,Energy
2020-11-25,2.8959999084472656,2.9140000343322754,2.700000047683716,2.765000104904175,112015,73.96080017089844,204.5,215.52,199.69,214.19,0.03960588263845066,15.830000000000013,Natural Gas,NG=F,₹/kg,Energy
2020-11-27,2.8429999351501465,2.9630000591278076,2.828000068664551,2.950000047683716,94072,74.04879760742188,218.44,219.41,209.41,210.52,-0.017134319996264913,10.0,Natural Gas,NG=F,₹/kg,Energy
2020-11-30,2.881999969482422,2.996000051498413,2.822999954223633,2.8310000896453857,146181,73.94090270996094,209.33,221.53,208.74,213.1,0.012255367661029748,12.789999999999992,Natural Gas,NG=F,₹/kg,Energy
2020-12-01,2.880000114440918,2.9719998836517334,2.8329999446868896,2.934000015258789,137665,74.02519989013672,217.19,220.0,209.71,213.19,0.00042233693101834113,10.289999999999992,Natural Gas,NG=F,₹/kg,Energy
2020-12-02,2.7799999713897705,2.934000015258789,2.740000009536743,2.88100004196167,142878,73.65499877929688,212.2,216.1,201.81,204.76,-0.03954219241052581,14.289999999999992,Natural Gas,NG=F,₹/kg,Energy
2020-12-03,2.506999969482422,2.7679998874664307,2.4839999675750732,2.759999990463257,269563,73.66259765625,203.31,203.9,182.98,184.67,-0.0981148661848017,20.920000000000016,Natural Gas,NG=F,₹/kg,Energy
2020-12-04,2.575000047683716,2.622999906539917,2.4619998931884766,2.510999917984009,142533,73.86489868164062,185.47,193.75,181.86,190.2,0.02994530784642868,11.889999999999986,Natural Gas,NG=F,₹/kg,Energy
2020-12-07,2.4059998989105225,2.4830000400543213,2.38100004196167,2.4560000896453857,236673,73.79029846191406,181.23,183.22,175.69,177.54,-0.06656151419558354,7.530000000000001,Natural Gas,NG=F,₹/kg,Energy
2020-12-08,2.3989999294281006,2.4800000190734863,2.368000030517578,2.430999994277954,177627,74.0199966430664,179.94,183.57,175.28,177.57,0.0001689760054073286,8.289999999999992,Natural Gas,NG=F,₹/kg,Energy
2020-12-09,2.441999912261963,2.5239999294281006,2.4210000038146973,2.4539999961853027,185147,73.72640228271484,180.92,186.09,178.49,180.04,0.013910007321056517,7.599999999999994,Natural Gas,NG=F,₹/kg,Energy
2020-12-10,2.552999973297119,2.5940001010894775,2.38100004196167,2.430000066757202,215458,73.93499755859375,179.66,191.79,176.04,188.76,0.0484336814041324,15.75,Natural Gas,NG=F,₹/kg,Energy
2020-12-11,2.5910000801086426,2.630000114440918,2.5260000228881836,2.568000078201294,177710,73.72669982910156,189.33,193.9,186.23,191.03,0.012025852934943959,7.670000000000016,Natural Gas,NG=F,₹/kg,Energy
2020-12-14,2.681999921798706,2.7079999446868896,2.611999988555908,2.6579999923706055,142936,73.73799896240234,196.0,199.68,192.6,197.77,0.035282416374391445,7.0800000000000125,Natural Gas,NG=F,₹/kg,Energy
2020-12-15,2.681999921798706,2.700000047683716,2.5959999561309814,2.6689999103546143,137598,73.86000061035156,197.13,199.42,191.74,198.09,0.0016180411589219457,7.679999999999978,Natural Gas,NG=F,₹/kg,Energy
2020-12-16,2.677000045776367,2.691999912261963,2.618000030517578,2.6659998893737793,128968,73.75980377197266,196.64,198.56,193.1,197.45,-0.003230854662022442,5.460000000000008,Natural Gas,NG=F,₹/kg,Energy
2020-12-17,2.635999917984009,2.7239999771118164,2.6059999465942383,2.684999942779541,154243,73.6166000366211,197.66,200.53,191.84,194.05,-0.017219549252975308,8.689999999999998,Natural Gas,NG=F,₹/kg,Energy
2020-12-18,2.700000047683716,2.7200000286102295,2.6480000019073486,2.6579999923706055,121682,73.52980041503906,195.44,200.0,194.71,198.53,0.023086833290389075,5.289999999999992,Natural Gas,NG=F,₹/kg,Energy
2020-12-21,2.7049999237060547,2.7300000190734863,2.631999969482422,2.7300000190734863,104274,73.60359954833984,200.94,200.94,193.72,199.1,0.002871102604140363,7.219999999999999,Natural Gas,NG=F,₹/kg,Energy
2020-12-22,2.7799999713897705,2.805999994277954,2.690000057220459,2.703000068664551,112742,73.935302734375,199.85,207.46,198.89,205.54,0.0323455549974887,8.570000000000022,Natural Gas,NG=F,₹/kg,Energy
2020-12-23,2.6080000400543213,2.7929999828338623,2.565999984741211,2.7679998874664307,98707,74.2699966430664,205.58,207.44,190.58,193.7,-0.057604359248808024,16.859999999999985,Natural Gas,NG=F,₹/kg,Energy
2020-12-24,2.5179998874664307,2.631999969482422,2.515000104904175,2.6110000610351562,39990,73.83979797363281,192.8,194.35,185.71,185.93,-0.04011357769747026,8.639999999999986,Natural Gas,NG=F,₹/kg,Energy
2020-12-28,2.305000066757202,2.3429999351501465,2.23799991607666,2.311000108718872,49279,73.68900299072266,170.3,172.65,164.92,169.85,-0.08648416070564202,7.730000000000018,Natural Gas,NG=F,₹/kg,Energy
2020-12-29,2.4670000076293945,2.489000082015991,2.2820000648498535,2.3399999141693115,143530,73.5448989868164,172.1,183.05,167.83,181.44,0.06823667942302025,15.219999999999999,Natural Gas,NG=F,₹/kg,Energy
2020-12-30,2.421999931335449,2.4730000495910645,2.38700008392334,2.444000005722046,81788,73.45359802246094,179.52,181.65,175.33,177.9,-0.01951058201058198,6.319999999999993,Natural Gas,NG=F,₹/kg,Energy
2020-12-31,2.5390000343322754,2.546999931335449,2.428999900817871,2.433000087738037,111108,73.13400268554688,177.94,186.27,177.64,185.69,0.04378864530635185,8.630000000000024,Natural Gas,NG=F,₹/kg,Energy
2021-01-04,2.5810000896453857,2.6700000762939453,2.565999984741211,2.625999927520752,128377,73.09200286865234,191.94,195.16,187.55,188.65,0.01594054607140949,7.609999999999985,Natural Gas,NG=F,₹/kg,Energy
2021-01-05,2.7019999027252197,2.7320001125335693,2.5910000801086426,2.5989999771118164,149828,73.31999969482422,190.56,200.31,189.97,198.11,0.05014577259475228,10.340000000000003,Natural Gas,NG=F,₹/kg,Energy
2021-01-06,2.7160000801086426,2.7699999809265137,2.6059999465942383,2.687999963760376,144690,73.37480163574219,197.23,203.25,191.21,199.29,0.005956286911311892,12.039999999999992,Natural Gas,NG=F,₹/kg,Energy
2021-01-07,2.7290000915527344,2.755000114440918,2.6630001068115234,2.7219998836517334,135480,73.36000061035156,199.69,202.11,195.36,200.2,0.004566210045662045,6.75,Natural Gas,NG=F,₹/kg,Energy
2021-01-08,2.700000047683716,2.7300000190734863,2.625999927520752,2.674999952316284,148730,73.44599914550781,196.47,200.51,192.87,198.3,-0.009490509490509336,7.639999999999986,Natural Gas,NG=F,₹/kg,Energy
2021-01-11,2.746999979019165,2.811000108718872,2.5889999866485596,2.5999999046325684,177248,73.37339782714844,190.77,206.25,189.96,201.56,0.016439737771053897,16.289999999999992,Natural Gas,NG=F,₹/kg,Energy
2021-01-12,2.753000020980835,2.8989999294281006,2.7179999351501465,2.7939999103546143,201432,73.51349639892578,205.4,213.12,199.81,202.38,0.004068267513395396,13.310000000000002,Natural Gas,NG=F,₹/kg,Energy
2021-01-13,2.7269999980926514,2.8259999752044678,2.7079999446868896,2.736999988555908,169240,73.16500091552734,200.25,206.76,198.13,199.52,-0.014131831208617385,8.629999999999995,Natural Gas,NG=F,₹/kg,Energy
2021-01-14,2.6659998893737793,2.7909998893737793,2.6600000858306885,2.742000102996826,163043,73.1698989868164,200.63,204.22,194.63,195.07,-0.022303528468324063,9.590000000000003,Natural Gas,NG=F,₹/kg,Energy
2021-01-15,2.736999988555908,2.799999952316284,2.635999917984009,2.671999931335449,150994,73.08760070800781,195.29,204.65,192.66,200.04,0.025478033526426414,11.990000000000009,Natural Gas,NG=F,₹/kg,Energy
2021-01-19,2.5460000038146973,2.6730000972747803,2.5230000019073486,2.6519999504089355,211313,73.1886978149414,194.1,195.63,184.66,186.34,-0.06848630273945211,10.969999999999999,Natural Gas,NG=F,₹/kg,Energy
2021-01-20,2.5390000343322754,2.566999912261963,2.4539999961853027,2.5439999103546143,133437,73.19190216064453,186.2,187.88,179.61,185.83,-0.0027369324889985336,8.269999999999982,Natural Gas,NG=F,₹/kg,Energy
2021-01-21,2.490999937057495,2.5510001182556152,2.4579999446868896,2.5320000648498535,100319,72.91089630126953,184.61,186.0,179.21,181.62,-0.0226551148899532,6.789999999999992,Natural Gas,NG=F,₹/kg,Energy
2021-01-22,2.446000099182129,2.503999948501587,2.4140000343322754,2.492000102996826,63833,72.95490264892578,181.8,182.68,176.11,178.45,-0.017454024887127106,6.569999999999993,Natural Gas,NG=F,₹/kg,Energy
2021-01-25,2.6019999980926514,2.61899995803833,2.503999948501587,2.5420000553131104,42988,72.99590301513672,185.56,191.18,182.78,189.94,0.0643877836929112,8.400000000000006,Natural Gas,NG=F,₹/kg,Energy
2021-01-26,2.6559998989105225,2.686000108718872,2.5950000286102295,2.6029999256134033,32233,72.97000122070312,189.94,196.0,189.36,193.81,0.020374855217437204,6.639999999999986,Natural Gas,NG=F,₹/kg,Energy
2021-01-27,2.759999990463257,2.7730000019073486,2.6500000953674316,2.6500000953674316,153190,72.91999816894531,193.24,202.21,193.24,201.26,0.038439708993343924,8.969999999999999,Natural Gas,NG=F,₹/kg,Energy
2021-01-28,2.6640000343322754,2.7009999752044678,2.5910000801086426,2.674999952316284,159820,73.03710174560547,195.37,197.27,189.24,194.57,-0.03324058431879162,8.030000000000001,Natural Gas,NG=F,₹/kg,Energy
2021-01-29,2.563999891281128,2.7100000381469727,2.553999900817871,2.680000066757202,133177,72.93879699707031,195.48,197.66,186.29,187.02,-0.03880351544431304,11.370000000000005,Natural Gas,NG=F,₹/kg,Energy
2021-02-01,2.8499999046325684,2.868000030517578,2.7119998931884766,2.7300000190734863,243658,72.90660095214844,199.04,209.1,197.72,207.78,0.11100417067693291,11.379999999999995,Natural Gas,NG=F,₹/kg,Energy
2021-02-02,2.8450000286102295,3.005000114440918,2.811000108718872,2.8289999961853027,236392,73.11979675292969,206.86,219.72,205.54,208.03,0.0012031956877467387,14.180000000000007,Natural Gas,NG=F,₹/kg,Energy
2021-02-03,2.7890000343322754,2.8940000534057617,2.747999906539917,2.8269999027252197,158484,72.91629791259766,206.13,211.02,200.37,203.36,-0.022448685285776038,10.650000000000006,Natural Gas,NG=F,₹/kg,Energy
2021-02-04,2.934999942779541,2.9769999980926514,2.7339999675750732,2.7760000228881836,186926,72.85800170898438,202.25,216.9,199.19,213.84,0.05153422501966953,17.710000000000008,Natural Gas,NG=F,₹/kg,Energy
2021-02-05,2.86299991607666,3.056999921798706,2.8510000705718994,2.9570000171661377,270029,72.9457015991211,215.7,223.0,207.97,208.84,-0.02338196782641222,15.030000000000001,Natural Gas,NG=F,₹/kg,Energy
2021-02-08,2.881999969482422,2.984999895095825,2.8440001010894775,2.9089999198913574,194660,72.78479766845703,211.73,217.26,207.0,209.77,0.004453169890825448,10.259999999999991,Natural Gas,NG=F,₹/kg,Energy
2021-02-09,2.8350000381469727,2.927000045776367,2.7880001068115234,2.882999897003174,196927,72.92990112304688,210.26,213.47,203.33,206.76,-0.01434904895838307,10.139999999999986,Natural Gas,NG=F,₹/kg,Energy
2021-02-10,2.9110000133514404,2.9820001125335693,2.740999937057495,2.819000005722046,266986,72.85489654541016,205.38,217.25,199.7,212.08,0.025730315341458754,17.55000000000001,Natural Gas,NG=F,₹/kg,Energy
2021-02-11,2.868000030517578,3.0450000762939453,2.8389999866485596,2.9749999046325684,261922,72.80729675292969,216.6,221.7,206.7,208.81,-0.015418709920784646,15.0,Natural Gas,NG=F,₹/kg,Energy
2021-02-12,2.9119999408721924,2.986999988555908,2.8340001106262207,2.869999885559082,190054,72.70950317382812,208.68,217.18,206.06,211.73,0.013984004597480837,11.120000000000005,Natural Gas,NG=F,₹/kg,Energy
2021-02-16,3.128999948501587,3.2139999866485596,2.9760000705718994,3.0460000038146973,288942,72.63870239257812,221.26,233.46,216.17,227.29,0.07348982194304066,17.29000000000002,Natural Gas,NG=F,₹/kg,Energy
2021-02-17,3.2190001010894775,3.315999984741211,3.0490000247955322,3.0980000495910645,218620,72.93499755859375,225.95,241.85,222.38,234.78,0.03295349553433935,19.47,Natural Gas,NG=F,₹/kg,Energy
2021-02-18,3.0820000171661377,3.2980000972747803,3.0409998893737793,3.2669999599456787,171654,72.79730224609375,237.83,240.09,221.38,224.36,-0.04438197461453275,18.710000000000008,Natural Gas,NG=F,₹/kg,Energy
2021-02-19,3.069000005722046,3.1480000019073486,2.990999937057495,3.066999912261963,67064,72.60540008544922,222.68,228.56,217.16,222.83,-0.006819397397040516,11.400000000000006,Natural Gas,NG=F,₹/kg,Energy
2021-02-22,2.953000068664551,3.0299999713897705,2.8889999389648438,3.009999990463257,39814,72.5530014038086,218.38,219.84,209.61,214.25,-0.03850468967374232,10.22999999999999,Natural Gas,NG=F,₹/kg,Energy
2021-02-23,2.878999948501587,2.9639999866485596,2.8540000915527344,2.9489998817443848,45697,72.44400024414062,213.64,214.72,206.76,208.57,-0.026511085180863536,7.960000000000008,Natural Gas,NG=F,₹/kg,Energy
2021-02-24,2.8540000915527344,2.885999917984009,2.822000026702881,2.878000020980835,113572,72.37699890136719,208.3,208.88,204.25,206.56,-0.009637052308577365,4.6299999999999955,Natural Gas,NG=F,₹/kg,Energy
2021-02-25,2.7769999504089355,2.8550000190734863,2.760999917984009,2.805999994277954,123990,72.4000015258789,203.15,206.7,199.9,201.05,-0.026675058094500326,6.799999999999983,Natural Gas,NG=F,₹/kg,Energy
2021-02-26,2.7709999084472656,2.7860000133514404,2.697000026702881,2.7699999809265137,132989,73.1509017944336,202.63,203.8,197.29,202.7,0.008206913703058927,6.510000000000019,Natural Gas,NG=F,₹/kg,Energy
2021-03-01,2.7769999504089355,2.809000015258789,2.7239999771118164,2.799999952316284,75971,73.59590148925781,206.07,206.73,200.48,204.38,0.008288110508140045,6.25,Natural Gas,NG=F,₹/kg,Energy
2021-03-02,2.8389999866485596,2.8570001125335693,2.756999969482422,2.7829999923706055,109635,73.30940246582031,204.02,209.44,202.11,208.13,0.018348174968196407,7.329999999999984,Natural Gas,NG=F,₹/kg,Energy
2021-03-03,2.815999984741211,2.88700008392334,2.8010001182556152,2.8480000495910645,93789,73.27749633789062,208.69,211.55,205.25,206.35,-0.008552347090760581,6.300000000000011,Natural Gas,NG=F,₹/kg,Energy
2021-03-04,2.746000051498413,2.8259999752044678,2.684000015258789,2.802999973297119,138699,72.88069915771484,204.28,205.96,195.61,200.13,-0.030142960988611578,10.349999999999994,Natural Gas,NG=F,₹/kg,Energy
2021-03-05,2.7009999752044678,2.755000114440918,2.680999994277954,2.743000030517578,116201,73.13179779052734,200.6,201.48,196.07,197.53,-0.01299155548893216,5.409999999999997,Natural Gas,NG=F,₹/kg,Energy
2021-03-08,2.6640000343322754,2.7339999675750732,2.622999906539917,2.690999984741211,130867,73.1333999633789,196.8,199.95,191.83,194.83,-0.013668809801042792,8.119999999999976,Natural Gas,NG=F,₹/kg,Energy
2021-03-09,2.6619999408721924,2.690000057220459,2.624000072479248,2.6619999408721924,96803,73.33000183105469,195.2,197.26,192.42,195.2,0.0018990915156802401,4.840000000000003,Natural Gas,NG=F,₹/kg,Energy
2021-03-10,2.691999912261963,2.7070000171661377,2.615000009536743,2.6530001163482666,93180,72.7759017944336,193.07,197.0,190.31,195.91,0.0036372950819671956,6.689999999999998,Natural Gas,NG=F,₹/kg,Energy
2021-03-11,2.6679999828338623,2.7139999866485596,2.635999917984009,2.688999891281128,119770,72.70600128173828,195.51,197.32,191.65,193.98,-0.009851462406206934,5.6699999999999875,Natural Gas,NG=F,₹/kg,Energy
2021-03-12,2.5999999046325684,2.693000078201294,2.5840001106262207,2.6689999103546143,104726,72.63899993896484,193.87,195.62,187.7,188.86,-0.02639447365707792,7.920000000000016,Natural Gas,NG=F,₹/kg,Energy
2021-03-15,2.4839999675750732,2.561000108718872,2.4779999256134033,2.558000087738037,136038,72.68299865722656,185.92,186.14,180.11,180.54,-0.04405379646298857,6.029999999999973,Natural Gas,NG=F,₹/kg,Energy
2021-03-16,2.562000036239624,2.565999984741211,2.4790000915527344,2.49399995803833,99293,72.51529693603516,180.85,186.07,179.77,185.78,0.029024038994128754,6.299999999999983,Natural Gas,NG=F,₹/kg,Energy
2021-03-17,2.5280001163482666,2.565000057220459,2.489000082015991,2.562000036239624,91676,72.5156021118164,185.78,186.0,180.49,183.32,-0.013241468403488055,5.509999999999991,Natural Gas,NG=F,₹/kg,Energy
2021-03-18,2.4809999465942383,2.5260000228881836,2.421999931335449,2.5230000019073486,143768,72.29560089111328,182.4,182.62,175.1,179.37,-0.02154702160157096,7.52000000000001,Natural Gas,NG=F,₹/kg,Energy
2021-03-19,2.5350000858306885,2.553999900817871,2.4560000896453857,2.489000082015991,74375,72.6688003540039,180.87,185.6,178.47,184.22,0.0270390812287451,7.1299999999999955,Natural Gas,NG=F,₹/kg,Energy
2021-03-22,2.5820000171661377,2.5920000076293945,2.4779999256134033,2.506999969482422,108225,72.40499877929688,181.52,187.67,179.42,186.95,0.014819237867766732,8.25,Natural Gas,NG=F,₹/kg,Energy
2021-03-23,2.507999897003174,2.5810000896453857,2.502000093460083,2.578000068664551,89372,72.38050079345703,186.6,186.81,181.1,181.53,-0.028991709013104994,5.710000000000008,Natural Gas,NG=F,₹/kg,Energy
2021-03-24,2.5179998874664307,2.5450000762939453,2.503000020980835,2.515000104904175,48420,72.61219787597656,182.62,184.8,181.75,182.84,0.007216438054316043,3.0500000000000114,Natural Gas,NG=F,₹/kg,Energy
2021-03-25,2.569999933242798,2.5850000381469727,2.484999895095825,2.5199999809265137,39046,72.64559936523438,183.07,187.79,180.52,186.7,0.0211113541894552,7.269999999999982,Natural Gas,NG=F,₹/kg,Energy
2021-03-26,2.556999921798706,2.5869998931884766,2.5460000038146973,2.569999933242798,35201,72.61280059814453,186.61,187.85,184.87,185.67,-0.005516871987145122,2.9799999999999898,Natural Gas,NG=F,₹/kg,Energy
2021-03-29,2.5859999656677246,2.6070001125335693,2.5299999713897705,2.562999963760376,103898,72.44719696044922,185.68,188.87,183.29,187.35,0.009048311520439611,5.5800000000000125,Natural Gas,NG=F,₹/kg,Energy
2021-03-30,2.622999906539917,2.687999963760376,2.5969998836517334,2.6429998874664307,100807,72.74189758300781,192.26,195.53,188.91,190.8,0.018414731785428406,6.6200000000000045,Natural Gas,NG=F,₹/kg,Energy
2021-03-31,2.6080000400543213,2.6559998989105225,2.575000047683716,2.621000051498413,92080,73.44529724121094,192.5,195.07,189.12,191.55,0.0039308176100629755,5.949999999999989,Natural Gas,NG=F,₹/kg,Energy
2021-04-01,2.6389999389648438,2.6630001068115234,2.578000068664551,2.6050000190734863,116692,73.20349884033203,190.7,194.94,188.72,193.18,0.008509527538501649,6.219999999999999,Natural Gas,NG=F,₹/kg,Energy
2021-04-05,2.510999917984009,2.615999937057495,2.48799991607666,2.5929999351501465,146892,73.3759994506836,190.26,191.95,182.56,184.25,-0.046226317424164054,9.389999999999986,Natural Gas,NG=F,₹/kg,Energy
2021-04-06,2.4560000896453857,2.568000078201294,2.453000068664551,2.510999917984009,142675,73.27950286865234,184.0,188.18,179.75,179.97,-0.02322930800542744,8.430000000000007,Natural Gas,NG=F,₹/kg,Energy
2021-04-07,2.5199999809265137,2.5460000038146973,2.4579999446868896,2.4639999866485596,132266,73.48999786376953,181.08,187.11,180.64,185.19,0.029004834139023217,6.470000000000027,Natural Gas,NG=F,₹/kg,Energy
2021-04-08,2.5220000743865967,2.5350000858306885,2.4779999256134033,2.509999990463257,140798,74.40149688720703,186.75,188.61,184.37,187.64,0.013229656028943104,4.240000000000009,Natural Gas,NG=F,₹/kg,Energy
2021-04-09,2.5260000228881836,2.552000045776367,2.503000020980835,2.5199999809265137,121593,74.54450225830078,187.85,190.24,186.58,188.3,0.003517373694308379,3.6599999999999966,Natural Gas,NG=F,₹/kg,Energy
2021-04-12,2.561000108718872,2.6050000190734863,2.5299999713897705,2.5299999713897705,144317,74.72949981689453,189.07,194.67,189.07,191.38,0.01635687732341995,5.599999999999994,Natural Gas,NG=F,₹/kg,Energy
2021-04-13,2.61899995803833,2.638000011444092,2.5290000438690186,2.553999900817871,166000,74.99099731445312,191.53,197.83,189.65,196.4,0.026230536106176316,8.180000000000007,Natural Gas,NG=F,₹/kg,Energy
2021-04-14,2.618000030517578,2.6659998893737793,2.6089999675750732,2.619999885559082,129020,75.18150329589844,196.98,200.43,196.15,196.83,0.002189409368635431,4.280000000000001,Natural Gas,NG=F,₹/kg,Energy
2021-04-15,2.6579999923706055,2.684999942779541,2.5829999446868896,2.617000102996826,135586,75.0261001586914,196.34,201.45,193.79,199.42,0.013158563227150255,7.659999999999997,Natural Gas,NG=F,₹/kg,Energy
2021-04-16,2.680000066757202,2.700000047683716,2.6579999923706055,2.6630001068115234,94879,74.72740173339844,199.0,201.76,198.63,200.27,0.004262360846454927,3.1299999999999955,Natural Gas,NG=F,₹/kg,Energy
2021-04-19,2.749000072479248,2.753000020980835,2.694000005722046,2.7070000171661377,105072,74.56320190429688,201.84,205.27,200.87,204.97,0.023468317771009106,4.400000000000006,Natural Gas,NG=F,₹/kg,Energy
2021-04-20,2.7269999980926514,2.759000062942505,2.7190001010894775,2.740999937057495,96682,74.8781967163086,205.24,206.59,203.59,204.19,-0.0038054349416988265,3.0,Natural Gas,NG=F,₹/kg,Energy
2021-04-21,2.691999912261963,2.7249999046325684,2.6659998893737793,2.7239999771118164,99733,75.44920349121094,205.52,205.6,201.15,203.11,-0.005289191439345586,4.449999999999989,Natural Gas,NG=F,₹/kg,Energy
2021-04-22,2.749000072479248,2.7790000438690186,2.6570000648498535,2.696000099182129,126330,75.42949676513672,203.36,209.62,200.42,207.36,0.020924622125941594,9.200000000000017,Natural Gas,NG=F,₹/kg,Energy
2021-04-23,2.7300000190734863,2.7639999389648438,2.7200000286102295,2.746999979019165,50602,75.0916976928711,206.28,207.55,204.25,205.0,-0.011381172839506237,3.3000000000000114,Natural Gas,NG=F,₹/kg,Energy
2021-04-26,2.7899999618530273,2.799999952316284,2.700000047683716,2.7100000381469727,34308,74.86810302734375,202.89,209.63,202.14,208.88,0.0189268292682927,7.490000000000009,Natural Gas,NG=F,₹/kg,Energy
2021-04-27,2.872999906539917,2.875999927520752,2.7829999923706055,2.7860000133514404,41283,74.81490325927734,208.43,215.17,208.21,214.94,0.029011872845652986,6.9599999999999795,Natural Gas,NG=F,₹/kg,Energy
2021-04-28,2.924999952316284,2.936000108718872,2.868000030517578,2.872999906539917,131127,74.57499694824219,214.25,218.95,213.88,218.13,0.014841351074718512,5.069999999999993,Natural Gas,NG=F,₹/kg,Energy
2021-04-29,2.9110000133514404,2.9709999561309814,2.882999897003174,2.9509999752044678,123113,74.31179809570312,219.29,220.78,214.24,216.32,-0.008297804061798031,6.539999999999992,Natural Gas,NG=F,₹/kg,Energy
2021-04-30,2.930999994277954,2.9619998931884766,2.8910000324249268,2.9059998989105225,101566,74.10579681396484,215.35,219.5,214.24,217.2,0.004068047337278058,5.259999999999991,Natural Gas,NG=F,₹/kg,Energy
2021-05-03,2.9660000801086426,2.9749999046325684,2.9000000953674316,2.937999963760376,101038,74.09480285644531,217.69,220.43,214.87,219.77,0.011832412523020253,5.560000000000002,Natural Gas,NG=F,₹/kg,Energy
2021-05-04,2.9670000076293945,3.000999927520752,2.931999921798706,2.9609999656677246,102051,73.8375015258789,218.63,221.59,216.49,219.08,-0.0031396459935386645,5.099999999999994,Natural Gas,NG=F,₹/kg,Energy
2021-05-05,2.937999963760376,2.990999937057495,2.9130001068115234,2.9749999046325684,90213,73.77890014648438,219.49,220.67,214.92,216.76,-0.010589738908161506,5.75,Natural Gas,NG=F,₹/kg,Energy
2021-05-06,2.927999973297119,2.9709999561309814,2.9079999923706055,2.947999954223633,83813,73.79940032958984,217.56,219.26,214.61,216.08,-0.0031371101679276148,4.649999999999977,Natural Gas,NG=F,₹/kg,Energy
2021-05-07,2.9579999446868896,2.989000082015991,2.9049999713897705,2.930000066757202,102868,73.61519622802734,215.69,220.04,213.85,217.75,0.007728619029988781,6.189999999999998,Natural Gas,NG=F,₹/kg,Energy
2021-05-10,2.931999921798706,2.9709999561309814,2.8980000019073486,2.9700000286102295,92283,73.29029846191406,217.67,217.75,212.4,214.89,-0.013134328358209046,5.349999999999994,Natural Gas,NG=F,₹/kg,Energy
2021-05-11,2.9549999237060547,2.9700000286102295,2.88100004196167,2.927000045776367,107218,73.5,215.13,218.3,211.75,217.19,0.010703150449067111,6.550000000000011,Natural Gas,NG=F,₹/kg,Energy
2021-05-12,2.9690001010894775,2.98799991607666,2.9260001182556152,2.953000068664551,90583,73.3750991821289,216.68,219.24,214.7,217.85,0.003038813941709906,4.5400000000000205,Natural Gas,NG=F,₹/kg,Energy
2021-05-13,2.9730000495910645,2.997999906539917,2.937000036239624,2.9830000400543213,96118,73.68160247802734,219.79,220.9,216.4,219.06,0.005554280468212047,4.5,Natural Gas,NG=F,₹/kg,Energy
2021-05-14,2.9609999656677246,3.0160000324249268,2.944999933242798,2.9769999980926514,84204,73.44490051269531,218.65,221.51,216.3,217.47,-0.007258285401259945,5.2099999999999795,Natural Gas,NG=F,₹/kg,Energy
2021-05-17,3.1089999675750732,3.1500000953674316,3.0190000534057617,3.0190000534057617,169013,73.27890014648438,221.23,230.83,221.23,227.82,0.047592771416747004,9.600000000000023,Natural Gas,NG=F,₹/kg,Energy
2021-05-18,3.01200008392334,3.134999990463257,3.003000020980835,3.121000051498413,129179,73.26969909667969,228.67,229.7,220.03,220.69,-0.03129663769642699,9.669999999999987,Natural Gas,NG=F,₹/kg,Energy
2021-05-19,2.9639999866485596,3.015000104904175,2.940000057220459,3.009000062942505,100252,73.1281967163086,220.04,220.48,215.0,216.75,-0.017853097104535753,5.47999999999999,Natural Gas,NG=F,₹/kg,Energy
2021-05-20,2.924999952316284,2.984999895095825,2.9070000648498535,2.9619998931884766,85088,73.222900390625,216.89,218.57,212.86,214.18,-0.0118569780853518,5.7099999999999795,Natural Gas,NG=F,₹/kg,Energy
2021-05-21,2.9059998989105225,2.9830000400543213,2.8940000534057617,2.947999954223633,58274,73.02189636230469,215.27,217.82,211.33,212.2,-0.009244560649920741,6.489999999999981,Natural Gas,NG=F,₹/kg,Energy
2021-05-24,2.885999917984009,2.8940000534057617,2.8320000171661377,2.8499999046325684,43513,72.90979766845703,207.79,211.0,206.48,210.42,-0.008388312912346874,4.52000000000001,Natural Gas,NG=F,₹/kg,Energy
2021-05-25,2.9130001068115234,2.940000057220459,2.872999906539917,2.885999917984009,38344,72.83660125732422,210.21,214.14,209.26,212.17,0.00831669993346651,4.8799999999999955,Natural Gas,NG=F,₹/kg,Energy
2021-05-26,2.9839999675750732,3.0280001163482666,2.924999952316284,2.946000099182129,120871,72.80490112304688,214.48,220.45,212.95,217.25,0.023943064523731072,7.5,Natural Gas,NG=F,₹/kg,Energy
2021-05-27,2.9579999446868896,3.0239999294281006,2.9140000343322754,3.0209999084472656,123065,72.67250061035156,219.54,219.76,211.77,214.97,-0.010494821634062124,7.989999999999981,Natural Gas,NG=F,₹/kg,Energy
2021-05-28,2.9860000610351562,3.0420000553131104,2.9549999237060547,2.9630000591278076,110003,72.68299865722656,215.36,221.1,214.78,217.03,0.00958273247429875,6.319999999999993,Natural Gas,NG=F,₹/kg,Energy
2021-06-01,3.1040000915527344,3.1500000953674316,3.015000104904175,3.0360000133514404,193404,72.48719787597656,220.07,228.33,218.55,225.0,0.03672303368197949,9.780000000000001,Natural Gas,NG=F,₹/kg,Energy
2021-06-02,3.075000047683716,3.125999927520752,3.049999952316284,3.0929999351501465,114984,72.8550033569336,225.34,227.74,222.21,224.03,-0.004311111111111154,5.530000000000001,Natural Gas,NG=F,₹/kg,Energy
2021-06-03,3.0409998893737793,3.0899999141693115,3.0320000648498535,3.072999954223633,100521,72.96510314941406,224.22,225.46,221.23,221.89,-0.009552292103736204,4.230000000000018,Natural Gas,NG=F,₹/kg,Energy
2021-06-04,3.0969998836517334,3.121000051498413,3.009999990463257,3.062999963760376,118036,73.04419708251953,223.73,227.97,219.86,226.22,0.019514173689666015,8.109999999999985,Natural Gas,NG=F,₹/kg,Energy
2021-06-07,3.069999933242798,3.115000009536743,3.0329999923706055,3.1089999675750732,138844,72.90969848632812,226.68,227.11,221.14,223.83,-0.010564936787198276,5.970000000000027,Natural Gas,NG=F,₹/kg,Energy
2021-06-08,3.128000020980835,3.197999954223633,3.0920000076293945,3.0920000076293945,208576,72.80940246582031,225.13,232.84,225.13,227.75,0.017513291337175385,7.710000000000008,Natural Gas,NG=F,₹/kg,Energy
2021-06-09,3.128999948501587,3.1679999828338623,3.1059999465942383,3.128000020980835,131717,72.97530364990234,228.27,231.19,226.66,228.34,0.0025905598243687322,4.530000000000001,Natural Gas,NG=F,₹/kg,Energy
2021-06-10,3.1489999294281006,3.200000047683716,3.13100004196167,3.1540000438690186,151565,72.98529815673828,230.2,233.55,228.52,229.83,0.00652535692388545,5.030000000000001,Natural Gas,NG=F,₹/kg,Energy
2021-06-11,3.2960000038146973,3.3299999237060547,3.1489999294281006,3.1530001163482666,194488,73.01229858398438,230.21,243.13,229.92,240.65,0.04707827524692165,13.210000000000008,Natural Gas,NG=F,₹/kg,Energy
2021-06-14,3.3519999980926514,3.364000082015991,3.2730000019073486,3.315000057220459,113120,73.23159790039062,242.76,246.35,239.69,245.47,0.020029087886972663,6.659999999999997,Natural Gas,NG=F,₹/kg,Energy
2021-06-15,3.240000009536743,3.36899995803833,3.2130000591278076,3.3510000705718994,154414,73.18080139160156,245.23,246.55,235.13,237.11,-0.034057114922393716,11.420000000000016,Natural Gas,NG=F,₹/kg,Energy
2021-06-16,3.250999927520752,3.2739999294281006,3.187000036239624,3.2219998836517334,111287,73.3447036743164,236.32,240.13,233.75,238.44,0.005609210914765184,6.3799999999999955,Natural Gas,NG=F,₹/kg,Energy
2021-06-17,3.253000020980835,3.2639999389648438,3.187000036239624,3.24399995803833,150052,73.8240966796875,239.49,240.96,235.28,240.15,0.0071716155007548466,5.680000000000007,Natural Gas,NG=F,₹/kg,Energy
2021-06-18,3.2149999141693115,3.257999897003174,3.1659998893737793,3.2179999351501465,104935,74.25389862060547,238.95,241.92,235.09,238.73,-0.005912971059754413,6.829999999999984,Natural Gas,NG=F,₹/kg,Energy
2021-06-21,3.190999984741211,3.2139999866485596,3.13700008392334,3.2060000896453857,103038,74.1438980102539,237.71,238.3,232.59,236.59,-0.008964101704854843,5.710000000000008,Natural Gas,NG=F,₹/kg,Energy
2021-06-22,3.257999897003174,3.2809998989105225,3.187999963760376,3.197999954223633,77088,74.13520050048828,237.08,243.24,236.34,241.53,0.020880003381376966,6.900000000000006,Natural Gas,NG=F,₹/kg,Energy
2021-06-23,3.3329999446868896,3.382999897003174,3.25,3.256999969482422,75394,74.33219909667969,242.1,251.47,241.58,247.75,0.02575249451413897,9.889999999999986,Natural Gas,NG=F,₹/kg,Energy
2021-06-24,3.4179999828338623,3.441999912261963,3.3010001182556152,3.315999984741211,49402,74.24690246582031,246.2,255.56,245.09,253.78,0.024339051463168504,10.469999999999999,Natural Gas,NG=F,₹/kg,Energy
2021-06-25,3.496000051498413,3.510999917984009,3.4149999618530273,3.424999952316284,39078,74.19029998779297,254.1,260.48,253.36,259.37,0.02202695247852482,7.1200000000000045,Natural Gas,NG=F,₹/kg,Energy
2021-06-28,3.617000102996826,3.63100004196167,3.484999895095825,3.502000093460083,163568,74.21299743652344,259.89,269.47,258.63,268.43,0.03493079384662834,10.840000000000032,Natural Gas,NG=F,₹/kg,Energy
2021-06-29,3.630000114440918,3.811000108718872,3.571000099182129,3.5829999446868896,205478,74.285400390625,266.16,283.1,265.27,269.66,0.004582200201169728,17.83000000000004,Natural Gas,NG=F,₹/kg,Energy
2021-06-30,3.6500000953674316,3.813999891281128,3.6040000915527344,3.6510000228881836,187005,74.28759765625,271.22,283.33,267.73,271.15,0.005525476525995554,15.599999999999966,Natural Gas,NG=F,₹/kg,Energy
2021-07-01,3.6610000133514404,3.7639999389648438,3.5910000801086426,3.746000051498413,149422,74.37100219726562,278.59,279.93,267.07,272.27,0.004130555043333928,12.860000000000014,Natural Gas,NG=F,₹/kg,Energy
2021-07-02,3.700000047683716,3.740999937057495,3.5980000495910645,3.6630001068115234,111464,74.54499816894531,273.06,278.87,268.21,275.82,0.013038527931832355,10.660000000000025,Natural Gas,NG=F,₹/kg,Energy
2021-07-06,3.63700008392334,3.822000026702881,3.6080000400543213,3.7039999961853027,152231,74.31780242919922,275.27,284.04,268.14,270.29,-0.020049307519396597,15.900000000000034,Natural Gas,NG=F,₹/kg,Energy
2021-07-07,3.5959999561309814,3.7070000171661377,3.5199999809265137,3.6730000972747803,124615,74.76290130615234,274.6,277.15,263.17,268.85,-0.0053276110843908375,13.979999999999961,Natural Gas,NG=F,₹/kg,Energy
2021-07-08,3.687999963760376,3.7200000286102295,3.5399999618530273,3.5789999961853027,148554,74.8218994140625,267.79,278.34,264.87,275.94,0.02637158266691464,13.46999999999997,Natural Gas,NG=F,₹/kg,Energy
2021-07-09,3.6740000247955322,3.742000102996826,3.6570000648498535,3.686000108718872,115679,74.72139739990234,275.42,279.61,273.26,274.53,-0.005109806479669632,6.350000000000023,Natural Gas,NG=F,₹/kg,Energy
2021-07-12,3.749000072479248,3.763000011444092,3.622999906539917,3.6730000972747803,127071,74.4905014038086,273.6,280.31,269.88,279.26,0.017229446690707917,10.430000000000007,Natural Gas,NG=F,₹/kg,Energy
2021-07-13,3.696000099182129,3.7690000534057617,3.6730000972747803,3.74399995803833,104041,74.54170227050781,279.08,280.95,273.79,275.51,-0.013428346343908881,7.159999999999968,Natural Gas,NG=F,₹/kg,Energy
2021-07-14,3.6600000858306885,3.755000114440918,3.624000072479248,3.694000005722046,137354,74.65910339355469,275.79,280.34,270.56,273.25,-0.00820296903923634,9.779999999999973,Natural Gas,NG=F,₹/kg,Energy
2021-07-15,3.614000082015991,3.686000108718872,3.6050000190734863,3.6700000762939453,117594,74.46910095214844,273.3,274.49,268.46,269.13,-0.015077767612076909,6.03000000000003,Natural Gas,NG=F,₹/kg,Energy
2021-07-16,3.6740000247955322,3.687999963760376,3.5840001106262207,3.617000102996826,89982,74.53700256347656,269.6,274.89,267.14,273.85,0.017537992791587742,7.75,Natural Gas,NG=F,₹/kg,Energy
2021-07-19,3.7790000438690186,3.7880001068115234,3.686000108718872,3.703000068664551,124163,74.63179779052734,276.36,282.71,275.09,282.03,0.029870366989227515,7.6200000000000045,Natural Gas,NG=F,₹/kg,Energy
2021-07-20,3.875999927520752,3.934000015258789,3.740000009536743,3.7720000743865967,118404,74.99340057373047,282.88,295.02,280.48,290.67,0.0306350388256571,14.539999999999964,Natural Gas,NG=F,₹/kg,Energy
2021-07-21,3.9590001106262207,3.9649999141693115,3.8910000324249268,3.927000045776367,111932,74.5270004272461,292.67,295.5,289.98,295.05,0.015068634534007641,5.519999999999982,Natural Gas,NG=F,₹/kg,Energy
2021-07-22,4.002999782562256,4.00600004196167,3.875999927520752,3.921999931335449,102159,74.44020080566406,291.95,298.21,288.53,297.98,0.009930520250804875,9.680000000000007,Natural Gas,NG=F,₹/kg,Energy
2021-07-23,4.059999942779541,4.071000099182129,3.9760000705718994,3.996000051498413,73870,74.4520034790039,297.51,303.09,296.02,302.28,0.014430498691187177,7.069999999999993,Natural Gas,NG=F,₹/kg,Energy
2021-07-26,4.1020002365112305,4.186999797821045,4.010000228881836,4.025000095367432,49424,74.44889831542969,299.66,311.72,298.54,305.39,0.010288474262273528,13.180000000000007,Natural Gas,NG=F,₹/kg,Energy
2021-07-27,3.9709999561309814,4.113999843597412,3.934000015258789,4.09499979019165,46964,74.28949737548828,304.22,305.63,292.25,295.0,-0.03402207013982117,13.379999999999995,Natural Gas,NG=F,₹/kg,Energy
2021-07-28,4.044000148773193,4.064000129699707,3.874000072479248,3.947000026702881,134730,74.5022964477539,294.06,302.78,288.62,301.29,0.021322033898305115,14.159999999999968,Natural Gas,NG=F,₹/kg,Energy
2021-07-29,4.059000015258789,4.0970001220703125,3.927000045776367,3.940999984741211,118446,74.38999938964844,293.17,304.78,292.13,301.95,0.0021905805038333614,12.649999999999977,Natural Gas,NG=F,₹/kg,Energy
2021-07-30,3.9140000343322754,4.054999828338623,3.8550000190734863,4.051000118255615,161866,74.25199890136719,300.79,301.09,286.24,290.62,-0.03752276867030957,14.849999999999966,Natural Gas,NG=F,₹/kg,Energy
2021-08-02,3.934999942779541,4.041999816894531,3.927999973297119,3.9730000495910645,110953,74.37909698486328,295.51,300.64,292.16,292.68,0.007088293992154604,8.479999999999961,Natural Gas,NG=F,₹/kg,Energy
2021-08-03,4.0269999504089355,4.077000141143799,3.9149999618530273,3.9590001106262207,120858,74.33200073242188,294.28,303.05,291.01,299.33,0.022721060543938743,12.04000000000002,Natural Gas,NG=F,₹/kg,Energy
2021-08-04,4.1579999923706055,4.204999923706055,4.056000232696533,4.065999984741211,142586,74.21440124511719,301.76,312.07,301.01,308.58,0.030902348578492056,11.060000000000002,Natural Gas,NG=F,₹/kg,Energy
2021-08-05,4.139999866485596,4.204999923706055,4.116000175476074,4.1519999504089355,125228,74.18399810791016,308.01,311.94,305.34,307.12,-0.004731350055090955,6.600000000000023,Natural Gas,NG=F,₹/kg,Energy
2021-08-06,4.139999866485596,4.190999984741211,4.0980000495910645,4.158999919891357,153153,74.08200073242188,308.11,310.48,303.59,306.7,-0.001367543631153989,6.890000000000043,Natural Gas,NG=F,₹/kg,Energy
2021-08-09,4.059999942779541,4.184999942779541,4.001999855041504,4.168000221252441,179998,74.49140167236328,310.48,311.75,298.11,302.44,-0.013889794587544801,13.639999999999986,Natural Gas,NG=F,₹/kg,Energy
2021-08-10,4.089000225067139,4.125999927520752,4.015999794006348,4.039000034332275,157513,74.46620178222656,300.77,307.25,299.06,304.49,0.006778203941277594,8.189999999999998,Natural Gas,NG=F,₹/kg,Energy
2021-08-11,4.059000015258789,4.129000186920166,3.9790000915527344,4.110000133514404,161899,74.43550109863281,305.93,307.34,296.18,302.13,-0.00775066504647115,11.159999999999968,Natural Gas,NG=F,₹/kg,Energy
2021-08-12,3.933000087738037,4.066999912261963,3.9000000953674316,4.057000160217285,186993,74.10299682617188,300.64,301.38,289.0,291.45,-0.0353490219441962,12.379999999999995,Natural Gas,NG=F,₹/kg,Energy
2021-08-13,3.8610000610351562,3.953000068664551,3.8459999561309814,3.9149999618530273,123011,74.26010131835938,290.73,293.55,285.6,286.72,-0.016229198833419,7.949999999999989,Natural Gas,NG=F,₹/kg,Energy
2021-08-16,3.946000099182129,3.98799991607666,3.816999912261963,3.8329999446868896,101673,74.216796875,284.47,295.98,283.29,292.86,0.02141462053571419,12.689999999999998,Natural Gas,NG=F,₹/kg,Energy
2021-08-17,3.8369998931884766,3.9539999961853027,3.802999973297119,3.937999963760376,131222,74.13500213623047,291.94,293.13,281.94,284.46,-0.02868264699856593,11.189999999999998,Natural Gas,NG=F,₹/kg,Energy
2021-08-18,3.8519999980926514,3.875,3.7890000343322754,3.8259999752044678,95512,74.364501953125,284.52,288.16,281.77,286.45,0.006995711172045338,6.390000000000043,Natural Gas,NG=F,₹/kg,Energy
2021-08-19,3.8299999237060547,3.88100004196167,3.7339999675750732,3.8259999752044678,121756,74.2697982788086,284.16,288.24,277.32,284.45,-0.0069820212951648974,10.920000000000016,Natural Gas,NG=F,₹/kg,Energy
2021-08-20,3.8510000705718994,3.9509999752044678,3.8329999446868896,3.86299991607666,108518,74.4292984008789,287.52,294.07,285.29,286.63,0.007663912814202867,8.779999999999973,Natural Gas,NG=F,₹/kg,Energy
2021-08-23,3.944999933242798,3.953000068664551,3.8380000591278076,3.861999988555908,85497,74.30149841308594,286.95,293.71,285.17,293.12,0.022642431008617514,8.539999999999964,Natural Gas,NG=F,₹/kg,Energy
2021-08-24,3.8959999084472656,3.9700000286102295,3.884000062942505,3.928999900817871,57633,74.10590362548828,291.16,294.2,287.83,288.72,-0.015010917030567561,6.3700000000000045,Natural Gas,NG=F,₹/kg,Energy
2021-08-25,3.8970000743865967,3.990999937057495,3.8580000400543213,3.9000000953674316,39372,74.1447982788086,289.16,295.91,286.05,288.94,0.0007619839290660124,9.860000000000014,Natural Gas,NG=F,₹/kg,Energy
2021-08-26,4.184000015258789,4.2170000076293945,3.8959999084472656,3.9170000553131104,76860,74.0999984741211,290.25,312.48,288.69,310.03,0.07299093237350296,23.79000000000002,Natural Gas,NG=F,₹/kg,Energy
2021-08-27,4.369999885559082,4.396999835968018,4.197000026702881,4.202000141143799,210959,74.15599822998047,311.6,326.06,311.23,324.06,0.04525368512724581,14.829999999999984,Natural Gas,NG=F,₹/kg,Energy
2021-08-30,4.304999828338623,4.526000022888184,4.2220001220703125,4.499000072479248,167098,73.49659729003906,330.66,332.65,310.3,316.4,-0.023637597975683544,22.349999999999966,Natural Gas,NG=F,₹/kg,Energy
2021-08-31,4.376999855041504,4.416999816894531,4.215000152587891,4.311999797821045,147419,73.41120147705078,316.55,324.26,309.43,321.32,0.015549936788874952,14.829999999999984,Natural Gas,NG=F,₹/kg,Energy
2021-09-01,4.614999771118164,4.705999851226807,4.377999782562256,4.4029998779296875,241159,72.99669647216797,321.4,343.52,319.58,336.88,0.048425245860824084,23.939999999999998,Natural Gas,NG=F,₹/kg,Energy
2021-09-02,4.640999794006348,4.7270002365112305,4.577000141143799,4.638999938964844,176845,72.98509979248047,338.58,345.0,334.05,338.72,0.005461885537877187,10.949999999999989,Natural Gas,NG=F,₹/kg,Energy
2021-09-03,4.711999893188477,4.7179999351501465,4.585999965667725,4.626999855041504,110953,73.0542984008789,338.02,344.67,335.03,344.23,0.016267123287671215,9.640000000000043,Natural Gas,NG=F,₹/kg,Energy
2021-09-07,4.567999839782715,4.77400016784668,4.557000160217285,4.710000038146973,163663,73.11000061035156,344.35,349.03,333.16,333.97,-0.029805653196990356,15.869999999999948,Natural Gas,NG=F,₹/kg,Energy
2021-09-08,4.914000034332275,5.010000228881836,4.585000038146973,4.5980000495910645,244742,73.3904037475586,337.45,367.69,336.5,360.64,0.07985747222804429,31.189999999999998,Natural Gas,NG=F,₹/kg,Energy
2021-09-09,5.031000137329102,5.046999931335449,4.820000171661377,4.916999816894531,234848,73.78900146484375,362.82,372.41,355.66,371.23,0.02936446317657504,16.75,Natural Gas,NG=F,₹/kg,Energy
2021-09-10,4.938000202178955,5.058000087738037,4.913000106811523,5.001999855041504,151036,73.53800201416016,367.84,371.96,361.29,363.13,-0.02181935727177231,10.669999999999959,Natural Gas,NG=F,₹/kg,Energy
2021-09-13,5.230999946594238,5.289000034332275,4.879000186920166,4.945000171661377,201770,73.52429962158203,363.58,388.87,358.73,384.61,0.05915236967477222,30.139999999999986,Natural Gas,NG=F,₹/kg,Energy
2021-09-14,5.260000228881836,5.36899995803833,5.171000003814697,5.198999881744385,200943,73.54080200195312,382.34,394.84,380.28,386.82,0.005746080445126145,14.560000000000002,Natural Gas,NG=F,₹/kg,Energy
2021-09-15,5.460000038146973,5.650000095367432,5.265999794006348,5.28000020980835,279117,73.65080261230469,388.88,416.13,387.85,402.13,0.03957913241300859,28.279999999999973,Natural Gas,NG=F,₹/kg,Energy
2021-09-16,5.335000038146973,5.599999904632568,5.228000164031982,5.409999847412109,221139,73.43800354003906,397.3,411.25,383.93,391.79,-0.02571307786039334,27.319999999999993,Natural Gas,NG=F,₹/kg,Energy
2021-09-17,5.105000019073486,5.394000053405762,5.044000148773193,5.269999980926514,164579,73.56490325927734,387.69,396.81,371.06,375.55,-0.041450777202072575,25.75,Natural Gas,NG=F,₹/kg,Energy
2021-09-20,4.985000133514404,5.171999931335449,4.90500020980835,5.014999866485596,156870,73.69609832763672,369.59,381.16,361.48,367.38,-0.02175475968579421,19.680000000000007,Natural Gas,NG=F,₹/kg,Energy
2021-09-21,4.804999828338623,5.046000003814697,4.735000133514404,4.961999893188477,163097,73.65899658203125,365.5,371.68,348.78,353.93,-0.03661059393543464,22.900000000000034,Natural Gas,NG=F,₹/kg,Energy
2021-09-22,4.804999828338623,4.8979997634887695,4.74399995803833,4.810999870300293,108777,73.7927017211914,355.02,361.44,350.07,354.57,0.0018082671714745313,11.370000000000005,Natural Gas,NG=F,₹/kg,Energy
2021-09-23,4.97599983215332,5.0370001792907715,4.741000175476074,4.757999897003174,105201,73.8749008178711,351.5,372.11,350.24,367.6,0.03674873790788857,21.870000000000005,Natural Gas,NG=F,₹/kg,Energy
2021-09-24,5.139999866485596,5.183000087738037,4.989999771118164,5.035999774932861,47436,73.83999633789062,371.86,382.71,368.46,379.54,0.03248095756256797,14.25,Natural Gas,NG=F,₹/kg,Energy
2021-09-27,5.705999851226807,5.85099983215332,5.176000118255615,5.190999984741211,63065,73.81289672851562,383.16,431.88,382.06,421.18,0.1097117563366179,49.81999999999999,Natural Gas,NG=F,₹/kg,Energy
2021-09-28,5.841000080108643,6.28000020980835,5.6020002365112305,5.800000190734863,338968,73.82530212402344,428.19,463.62,413.57,431.21,0.023814046251009025,50.05000000000001,Natural Gas,NG=F,₹/kg,Energy
2021-09-29,5.4770002365112305,5.954999923706055,5.421000003814697,5.85699987411499,226344,74.16329956054688,434.37,441.64,402.04,406.19,-0.05802277312678272,39.599999999999966,Natural Gas,NG=F,₹/kg,Energy
2021-09-30,5.867000102996826,5.99399995803833,5.341000080108643,5.456999778747559,243240,74.3219985961914,405.58,445.49,396.95,436.05,0.07351239567689993,48.54000000000002,Natural Gas,NG=F,₹/kg,Energy
2021-10-01,5.61899995803833,6.010000228881836,5.5329999923706055,5.974999904632568,178941,74.25440216064453,443.67,446.27,410.85,417.24,-0.04313725490196074,35.41999999999996,Natural Gas,NG=F,₹/kg,Energy
2021-10-04,5.765999794006348,6.064000129699707,5.627999782562256,5.627999782562256,209582,74.152099609375,417.33,449.66,417.33,427.56,0.024733966062697732,32.33000000000004,Natural Gas,NG=F,₹/kg,Energy
2021-10-05,6.311999797821045,6.392000198364258,5.789999961853027,5.829999923706055,219522,74.57279968261719,434.76,476.67,431.78,470.7,0.10089811956216677,44.89000000000004,Natural Gas,NG=F,₹/kg,Energy
2021-10-06,5.675000190734863,6.466000080108643,5.663000106811523,6.321000099182129,274653,74.56320190429688,471.31,482.13,422.25,423.15,-0.1010197578075207,59.879999999999995,Natural Gas,NG=F,₹/kg,Energy
2021-10-07,5.677000045776367,5.835000038146973,5.39300012588501,5.710000038146973,239503,74.76000213623047,426.88,436.22,403.18,424.41,0.0029776674937966874,33.04000000000002,Natural Gas,NG=F,₹/kg,Energy
2021-10-08,5.565000057220459,5.875999927520752,5.547999858856201,5.761000156402588,163349,74.83000183105469,431.1,439.7,415.16,416.43,-0.018802572983671495,24.539999999999964,Natural Gas,NG=F,₹/kg,Energy
2021-10-11,5.34499979019165,5.798999786376953,5.308000087738037,5.695000171661377,188699,75.30580139160156,428.87,436.7,399.72,402.51,-0.03342698652834819,36.97999999999996,Natural Gas,NG=F,₹/kg,Energy
2021-10-12,5.505000114440918,5.5229997634887695,5.168000221252441,5.4079999923706055,215447,75.40260314941406,407.78,416.45,389.68,415.09,0.031253881891133206,26.769999999999982,Natural Gas,NG=F,₹/kg,Energy
2021-10-13,5.590000152587891,5.692999839782715,5.349999904632568,5.455999851226807,198786,75.48390197753906,411.84,429.73,403.84,421.96,0.016550627574742904,25.890000000000043,Natural Gas,NG=F,₹/kg,Energy
2021-10-14,5.686999797821045,5.964000225067139,5.604000091552734,5.676000118255615,169162,75.3062973022461,427.44,449.13,422.02,428.27,0.014954024078111638,27.110000000000014,Natural Gas,NG=F,₹/kg,Energy
2021-10-15,5.409999847412109,5.789000034332275,5.400000095367432,5.640999794006348,184583,74.99500274658203,423.05,434.15,404.97,405.72,-0.05265369976883727,29.17999999999995,Natural Gas,NG=F,₹/kg,Energy
2021-10-18,4.988999843597412,5.369999885559082,4.954999923706055,5.298999786376953,167896,75.00589752197266,397.46,402.78,371.65,374.2,-0.07768904663314613,31.129999999999995,Natural Gas,NG=F,₹/kg,Energy
2021-10-19,5.0879998207092285,5.099999904632568,4.824999809265137,4.985000133514404,152725,75.2354965209961,375.05,383.7,363.01,382.8,0.022982362373062504,20.689999999999998,Natural Gas,NG=F,₹/kg,Energy
2021-10-20,5.170000076293945,5.2210001945495605,4.9120001792907715,5.065999984741211,140026,75.12010192871094,380.56,392.2,368.99,388.37,0.014550679205851624,23.20999999999998,Natural Gas,NG=F,₹/kg,Energy
2021-10-21,5.114999771118164,5.2270002365112305,5.00600004196167,5.151000022888184,107707,74.80919647216797,385.34,391.03,374.49,382.65,-0.014728223086232228,16.539999999999964,Natural Gas,NG=F,₹/kg,Energy
2021-10-22,5.28000020980835,5.379000186920166,5.120999813079834,5.196000099182129,74365,74.86540222167969,389.0,402.7,383.39,395.29,0.033032797595714314,19.310000000000002,Natural Gas,NG=F,₹/kg,Energy
2021-10-25,5.8979997634887695,6.007999897003174,5.461999893188477,5.4679999351501465,50883,74.99369812011719,410.07,450.56,409.62,442.31,0.1189506438311112,40.94,Natural Gas,NG=F,₹/kg,Energy
2021-10-26,5.881999969482422,6.091000080108643,5.59499979019165,5.959000110626221,50705,75.08989715576172,447.46,457.37,420.13,441.68,-0.0014243403947457045,37.24000000000001,Natural Gas,NG=F,₹/kg,Energy
2021-10-27,6.202000141143799,6.290999889373779,5.769999980926514,5.857999801635742,187421,74.88890075683594,438.7,471.13,432.11,464.46,0.051575801485238104,39.01999999999998,Natural Gas,NG=F,₹/kg,Energy
2021-10-28,5.7820000648498535,6.205999851226807,5.7129998207092285,6.138000011444092,165632,75.05000305175781,460.66,465.76,428.76,433.94,-0.06571071782284799,37.0,Natural Gas,NG=F,₹/kg,Energy
2021-10-29,5.426000118255615,5.836999893188477,5.401000022888184,5.73199987411499,154410,74.79720306396484,428.74,436.59,403.98,405.85,-0.0647324514909895,32.60999999999996,Natural Gas,NG=F,₹/kg,Energy
2021-11-01,5.185999870300293,5.497000217437744,5.116000175476074,5.309999942779541,163258,74.92829895019531,397.87,411.88,383.33,388.58,-0.04255266724159179,28.55000000000001,Natural Gas,NG=F,₹/kg,Energy
2021-11-02,5.541999816894531,5.565000057220459,5.205999851226807,5.21999979019165,153757,74.82990264892578,390.61,416.43,389.56,414.71,0.06724484018734889,26.870000000000005,Natural Gas,NG=F,₹/kg,Energy
2021-11-03,5.670000076293945,5.864999771118164,5.465000152587891,5.552999973297119,141498,74.71199798583984,414.88,438.19,408.3,423.62,0.021484893057799548,29.889999999999986,Natural Gas,NG=F,₹/kg,Energy
2021-11-04,5.716000080108643,5.875999927520752,5.534999847412109,5.860000133514404,147035,74.43550109863281,436.19,437.38,412.0,425.47,0.004367121476795299,25.379999999999995,Natural Gas,NG=F,₹/kg,Energy
2021-11-05,5.515999794006348,5.760000228881836,5.500999927520752,5.670000076293945,133344,74.47810363769531,422.29,428.99,409.7,410.82,-0.03443250993019498,19.29000000000002,Natural Gas,NG=F,₹/kg,Energy
2021-11-08,5.427000045776367,5.663000106811523,5.380000114440918,5.605000019073486,154221,74.19110107421875,415.84,420.14,399.15,402.64,-0.019911396718757635,20.99000000000001,Natural Gas,NG=F,₹/kg,Energy
2021-11-09,4.979000091552734,5.4670000076293945,4.909999847412109,5.409999847412109,202741,73.91850280761719,399.9,404.11,362.94,368.04,-0.08593284323465122,41.170000000000016,Natural Gas,NG=F,₹/kg,Energy
2021-11-10,4.880000114440918,5.046000003814697,4.724999904632568,4.961999893188477,170388,74.17479705810547,368.06,374.29,350.48,361.97,-0.016492772524725585,23.810000000000002,Natural Gas,NG=F,₹/kg,Energy
2021-11-11,5.14900016784668,5.176000118255615,4.888999938964844,4.916999816894531,135953,74.40489959716797,365.85,385.12,363.77,383.11,0.058402630052214244,21.350000000000023,Natural Gas,NG=F,₹/kg,Energy
2021-11-12,4.790999889373779,5.140999794006348,4.751999855041504,5.129000186920166,137099,74.32209777832031,381.2,382.09,353.18,356.08,-0.07055414893894707,28.909999999999968,Natural Gas,NG=F,₹/kg,Energy
2021-11-15,5.017000198364258,5.065000057220459,4.7129998207092285,4.9029998779296875,117666,74.33999633789062,364.49,376.53,350.36,372.96,0.0474050775106718,26.16999999999996,Natural Gas,NG=F,₹/kg,Energy
2021-11-16,5.177000045776367,5.394000053405762,5.02400016784668,5.058000087738037,141140,74.43509674072266,376.49,401.5,373.96,385.35,0.03322072072072091,27.54000000000002,Natural Gas,NG=F,₹/kg,Energy
2021-11-17,4.815999984741211,5.164999961853027,4.800000190734863,5.158999919891357,145607,74.45860290527344,384.13,384.58,357.4,358.59,-0.06944336317633337,27.180000000000007,Natural Gas,NG=F,₹/kg,Energy
2021-11-18,4.9019999504089355,5.0320000648498535,4.829999923706055,4.895999908447266,111027,74.25980377197266,363.58,373.68,358.67,364.02,0.015142642014557062,15.009999999999991,Natural Gas,NG=F,₹/kg,Energy
2021-11-19,5.065000057220459,5.156000137329102,4.8379998207092285,4.894999980926514,110058,74.17440032958984,363.08,382.44,358.86,375.69,0.03205867809461016,23.579999999999984,Natural Gas,NG=F,₹/kg,Energy
2021-11-22,4.789000034332275,4.956999778747559,4.6479997634887695,4.909999847412109,96186,74.30259704589844,364.83,368.32,345.36,355.84,-0.05283611488195061,22.95999999999998,Natural Gas,NG=F,₹/kg,Energy
2021-11-23,4.9670000076293945,5.081999778747559,4.756999969482422,4.796000003814697,47431,74.42980194091797,356.97,378.25,354.06,369.69,0.03892198741007191,24.189999999999998,Natural Gas,NG=F,₹/kg,Energy
2021-11-24,5.067999839782715,5.150000095367432,4.880000114440918,4.992000102996826,40864,74.4469985961914,371.64,383.4,363.3,377.3,0.020584814303876264,20.099999999999966,Natural Gas,NG=F,₹/kg,Energy
2021-11-26,5.447000026702881,5.561999797821045,4.982999801635742,5.025000095367432,141778,74.50579833984375,374.39,414.4,371.26,405.83,0.07561622051417971,43.139999999999986,Natural Gas,NG=F,₹/kg,Energy
2021-11-29,4.854000091552734,5.199999809265137,4.817999839782715,5.198999881744385,172471,74.98159790039062,389.83,389.9,361.26,363.96,-0.10317127861419806,28.639999999999986,Natural Gas,NG=F,₹/kg,Energy
2021-11-30,4.566999912261963,4.900000095367432,4.48199987411499,4.873000144958496,171822,75.05490112304688,365.74,367.77,336.4,342.78,-0.05819320804484007,31.370000000000005,Natural Gas,NG=F,₹/kg,Energy
2021-12-01,4.257999897003174,4.664000034332275,4.21999979019165,4.605999946594238,171938,75.0509033203125,345.68,350.04,316.71,319.57,-0.0677110683237061,33.33000000000004,Natural Gas,NG=F,₹/kg,Energy
2021-12-02,4.056000232696533,4.335000038146973,4.041999816894531,4.264999866485596,145506,75.01789855957031,319.95,325.2,303.22,304.27,-0.04787683449635449,21.97999999999996,Natural Gas,NG=F,₹/kg,Energy
2021-12-03,4.131999969482422,4.284999847412109,4.065999984741211,4.105000019073486,124765,74.9834976196289,307.81,321.3,304.88,309.83,0.018273244158149016,16.420000000000016,Natural Gas,NG=F,₹/kg,Energy
2021-12-06,3.6570000648498535,3.885999917984009,3.630000114440918,3.8259999752044678,176715,75.23400115966797,287.85,292.36,273.1,275.13,-0.11199690152664366,19.25999999999999,Natural Gas,NG=F,₹/kg,Energy
2021-12-07,3.7079999446868896,3.8289999961853027,3.6570000648498535,3.680000066757202,162973,75.39129638671875,277.44,288.67,275.71,279.55,0.016065132846290853,12.960000000000036,Natural Gas,NG=F,₹/kg,Energy
2021-12-08,3.815000057220459,3.930999994277954,3.7230000495910645,3.7339999675750732,146872,75.40859985351562,281.58,296.43,280.75,287.68,0.02908245394383835,15.680000000000007,Natural Gas,NG=F,₹/kg,Energy
2021-12-09,3.813999891281128,3.9240000247955322,3.7249999046325684,3.818000078201294,141107,75.38330078125,287.81,295.8,280.8,287.51,-0.0005909343715240212,15.0,Natural Gas,NG=F,₹/kg,Energy
2021-12-10,3.924999952316284,3.9649999141693115,3.759999990463257,3.7980000972747803,133283,75.59919738769531,287.13,299.75,284.25,296.73,0.03206844979305079,15.5,Natural Gas,NG=F,₹/kg,Energy
2021-12-13,3.7939999103546143,4.085000038146973,3.7699999809265137,3.9749999046325684,162586,75.70999908447266,300.95,309.28,285.43,287.24,-0.03198193644053515,23.849999999999966,Natural Gas,NG=F,₹/kg,Energy
2021-12-14,3.746999979019165,3.8399999141693115,3.686000108718872,3.802000045776367,116826,75.82689666748047,288.29,291.18,279.5,284.12,-0.010861996936359808,11.680000000000007,Natural Gas,NG=F,₹/kg,Energy
2021-12-15,3.802000045776367,3.9260001182556152,3.7660000324249268,3.7850000858306885,110311,76.04720306396484,287.84,298.56,286.39,289.13,0.01763339434041944,12.170000000000016,Natural Gas,NG=F,₹/kg,Energy
2021-12-16,3.7660000324249268,3.9760000705718994,3.7290000915527344,3.813999891281128,122851,76.2114028930664,290.67,303.02,284.19,287.01,-0.007332341853145685,18.829999999999984,Natural Gas,NG=F,₹/kg,Energy
2021-12-17,3.690000057220459,3.813999891281128,3.617000102996826,3.7829999923706055,101625,76.1675033569336,288.14,290.5,275.5,281.06,-0.020730984983101552,15.0,Natural Gas,NG=F,₹/kg,Energy
2021-12-20,3.8340001106262207,3.9240000247955322,3.6419999599456787,3.6449999809265137,128582,76.00599670410156,277.04,298.25,276.81,291.41,0.03682487725040917,21.439999999999998,Natural Gas,NG=F,₹/kg,Energy
2021-12-21,3.86899995803833,3.947000026702881,3.7190001010894775,3.8399999141693115,128438,75.75869750976562,290.91,299.02,281.75,293.11,0.00583370508904979,17.269999999999982,Natural Gas,NG=F,₹/kg,Energy
2021-12-22,3.9760000705718994,4.040999889373779,3.815999984741211,3.869999885559082,86619,75.6864013671875,292.91,305.85,288.82,300.93,0.026679403636859833,17.03000000000003,Natural Gas,NG=F,₹/kg,Energy
2021-12-23,3.7309999465942383,4.00600004196167,3.5989999771118164,3.9700000286102295,82233,75.45850372314453,299.57,302.29,271.58,281.54,-0.06443358920679221,30.710000000000036,Natural Gas,NG=F,₹/kg,Energy
2021-12-27,4.059999942779541,4.086999893188477,3.7669999599456787,3.9579999446868896,38911,75.31500244140625,298.1,307.81,283.71,305.78,0.08609789017546343,24.100000000000023,Natural Gas,NG=F,₹/kg,Energy
2021-12-28,4.054999828338623,4.1539998054504395,3.9549999237060547,4.065000057220459,35643,74.98030090332031,304.79,311.47,296.55,304.05,-0.00565766237163956,14.920000000000016,Natural Gas,NG=F,₹/kg,Energy
2021-12-29,4.02400016784668,4.261000156402588,3.9049999713897705,4.079999923706055,141906,74.74500274658203,304.96,318.49,291.88,300.77,-0.010787699391547556,26.610000000000014,Natural Gas,NG=F,₹/kg,Energy
2021-12-30,3.561000108718872,3.9660000801086426,3.5360000133514404,3.8529999256134033,124667,74.57029724121094,287.32,295.75,263.68,265.54,-0.11713269275526139,32.06999999999999,Natural Gas,NG=F,₹/kg,Energy
2021-12-31,3.7300000190734863,3.7939999103546143,3.572000026702881,3.5889999866485596,93098,74.43119812011719,267.13,282.39,265.87,277.63,0.045529863674022675,16.519999999999982,Natural Gas,NG=F,₹/kg,Energy
2022-01-03,3.815000057220459,3.8580000400543213,3.638000011444092,3.7019999027252197,99069,74.51380157470703,275.85,287.47,271.08,284.27,0.023916723697006814,16.390000000000043,Natural Gas,NG=F,₹/kg,Energy
2022-01-04,3.7170000076293945,3.944000005722046,3.7090001106262207,3.816999912261963,133394,74.4032974243164,284.0,293.45,275.96,276.56,-0.02712210222675615,17.49000000000001,Natural Gas,NG=F,₹/kg,Energy
2022-01-05,3.881999969482422,3.8970000743865967,3.7170000076293945,3.746999979019165,96811,74.53489685058594,279.28,290.46,277.05,289.34,0.046210587214347676,13.409999999999968,Natural Gas,NG=F,₹/kg,Energy
2022-01-06,3.812000036239624,3.930999994277954,3.8010001182556152,3.8420000076293945,116579,74.43009948730469,285.96,292.58,282.91,283.73,-0.019388954171562722,9.669999999999959,Natural Gas,NG=F,₹/kg,Energy
2022-01-07,3.9159998893737793,3.9800000190734863,3.799999952316284,3.859999895095825,127012,74.41929626464844,287.26,296.19,282.79,291.43,0.027138476720826032,13.399999999999977,Natural Gas,NG=F,₹/kg,Energy
2022-01-10,4.078999996185303,4.2129998207092285,3.9769999980926514,4.144000053405762,177628,74.2699966430664,307.77,312.9,295.37,302.95,0.03952921799402942,17.529999999999973,Natural Gas,NG=F,₹/kg,Energy
2022-01-11,4.249000072479248,4.261000156402588,4.006999969482422,4.11899995803833,121623,74.05699920654297,305.04,315.56,296.75,314.67,0.038686251856742127,18.810000000000002,Natural Gas,NG=F,₹/kg,Energy
2022-01-12,4.85699987411499,4.879000186920166,4.185999870300293,4.224999904632568,217499,73.81529998779297,311.87,360.14,308.99,358.52,0.13935233736930752,51.14999999999998,Natural Gas,NG=F,₹/kg,Energy
2022-01-13,4.269999980926514,4.843999862670898,4.244999885559082,4.790999889373779,221612,73.79910278320312,353.57,357.48,313.28,315.12,-0.12105321878835207,44.200000000000045,Natural Gas,NG=F,₹/kg,Energy
2022-01-14,4.26200008392334,4.304999828338623,4.0970001220703125,4.263000011444092,108856,73.97229766845703,315.34,318.45,303.06,315.27,0.00047600913937539957,15.389999999999986,Natural Gas,NG=F,₹/kg,Energy
2022-01-18,4.2829999923706055,4.389999866485596,4.216000080108643,4.355999946594238,119454,74.25509643554688,323.46,325.98,313.06,318.03,0.008754400989627875,12.920000000000016,Natural Gas,NG=F,₹/kg,Energy
2022-01-19,4.031000137329102,4.385000228881836,4.010000228881836,4.327000141143799,116542,74.61969757080078,322.88,327.21,299.23,300.79,-0.05420872244756769,27.97999999999996,Natural Gas,NG=F,₹/kg,Energy
2022-01-20,3.802000045776367,4.0370001792907715,3.7809998989105225,4.014999866485596,104199,74.44920349121094,298.91,300.55,281.49,283.06,-0.0589447787492936,19.060000000000002,Natural Gas,NG=F,₹/kg,Energy
2022-01-21,3.999000072479248,4.044000148773193,3.8329999446868896,3.8380000591278076,70256,74.45220184326172,285.75,301.08,285.38,297.73,0.051826467886667116,15.699999999999989,Natural Gas,NG=F,₹/kg,Energy
2022-01-24,4.0269999504089355,4.067999839782715,3.875999927520752,3.9149999618530273,47100,74.41320037841797,291.33,302.71,288.43,299.66,0.0064823833674805265,14.279999999999973,Natural Gas,NG=F,₹/kg,Energy
2022-01-25,4.052999973297119,4.078999996185303,3.8889999389648438,3.9590001106262207,23443,74.6447982788086,295.52,304.48,290.29,302.54,0.009610892344657174,14.189999999999998,Natural Gas,NG=F,₹/kg,Energy
2022-01-26,4.2769999504089355,4.389999866485596,4.011000156402588,4.039999961853027,44321,74.77999877929688,302.11,328.28,299.94,319.83,0.05714946783896324,28.339999999999975,Natural Gas,NG=F,₹/kg,Energy
2022-01-27,6.264999866485596,7.3460001945495605,4.230000019073486,4.230000019073486,193252,74.8949966430664,316.81,550.18,316.81,469.22,0.4670918925679268,233.36999999999995,Natural Gas,NG=F,₹/kg,Energy
2022-01-28,4.638999938964844,4.875999927520752,4.285999774932861,4.3420000076293945,263418,75.20929718017578,326.56,366.72,322.35,348.9,-0.25642555730787275,44.370000000000005,Natural Gas,NG=F,₹/kg,Energy
2022-01-31,4.874000072479248,5.057000160217285,4.695000171661377,4.867000102996826,156746,75.03900146484375,365.21,379.47,352.31,365.74,0.04826597879048444,27.160000000000025,Natural Gas,NG=F,₹/kg,Energy
2022-02-01,4.750999927520752,4.973999977111816,4.619999885559082,4.921000003814697,140785,74.55580139160156,366.89,370.84,344.45,354.21,-0.031525127139498066,26.389999999999986,Natural Gas,NG=F,₹/kg,Energy
2022-02-02,5.500999927520752,5.572000026702881,4.85699987411499,4.89300012588501,305898,74.74549865722656,365.73,416.48,363.04,411.17,0.16080855989384846,53.44,Natural Gas,NG=F,₹/kg,Energy
2022-02-03,4.888000011444092,5.453999996185303,4.815999984741211,5.420000076293945,205841,74.82240295410156,405.54,408.08,360.34,365.73,-0.11051389936036193,47.74000000000001,Natural Gas,NG=F,₹/kg,Energy
2022-02-04,4.572000026702881,5.086999893188477,4.486999988555908,4.928999900817871,152119,74.6438980102539,367.92,379.71,334.93,341.27,-0.06687993875263187,44.77999999999997,Natural Gas,NG=F,₹/kg,Energy
2022-02-07,4.23199987411499,4.4679999351501465,4.119999885559082,4.383999824523926,192859,74.64219665527344,327.23,333.5,307.53,315.89,-0.07436926773522434,25.970000000000027,Natural Gas,NG=F,₹/kg,Energy
2022-02-08,4.248000144958496,4.38100004196167,4.172999858856201,4.276000022888184,154444,74.6583023071289,319.24,327.08,311.55,317.15,0.003988730254202322,15.529999999999973,Natural Gas,NG=F,₹/kg,Energy
2022-02-09,4.008999824523926,4.258999824523926,3.9830000400543213,4.210999965667725,154599,74.69519805908203,314.54,318.13,297.51,299.45,-0.055809553838877424,20.620000000000005,Natural Gas,NG=F,₹/kg,Energy
2022-02-10,3.9590001106262207,4.067999839782715,3.881999969482422,4.034999847412109,141740,74.80889892578125,301.85,304.32,290.41,296.17,-0.01095341459342114,13.909999999999968,Natural Gas,NG=F,₹/kg,Energy
2022-02-11,3.940999984741211,4.056000232696533,3.875999927520752,3.944000005722046,177373,75.53839874267578,297.92,306.38,292.79,297.7,0.005165951987034401,13.589999999999975,Natural Gas,NG=F,₹/kg,Energy
2022-02-14,4.195000171661377,4.229000091552734,4.039999961853027,4.103000164031982,121204,75.34100341796875,309.12,318.62,304.38,316.06,0.061672824991602315,14.240000000000009,Natural Gas,NG=F,₹/kg,Energy
2022-02-15,4.306000232696533,4.427999973297119,4.1570000648498535,4.183000087738037,141954,75.6854019165039,316.59,335.13,314.62,325.9,0.031133329114724884,20.50999999999999,Natural Gas,NG=F,₹/kg,Energy
2022-02-16,4.7170000076293945,4.739999771118164,4.369999885559082,4.39300012588501,155480,75.17479705810547,330.24,356.33,328.51,354.6,0.08806382325866835,27.819999999999993,Natural Gas,NG=F,₹/kg,Energy
2022-02-17,4.486000061035156,4.793000221252441,4.4019999504089355,4.642000198364258,117789,75.04199981689453,348.34,359.68,330.33,336.64,-0.05064861816130861,29.350000000000023,Natural Gas,NG=F,₹/kg,Energy
2022-02-18,4.431000232696533,4.6539998054504395,4.370999813079834,4.517000198364258,73219,75.06300354003906,339.06,349.34,328.1,332.6,-0.012000950570342117,21.239999999999952,Natural Gas,NG=F,₹/kg,Energy
2022-02-22,4.498000144958496,4.861000061035156,4.447999954223633,4.593999862670898,42641,74.51699829101562,342.33,362.23,331.45,335.18,0.007757065544197195,30.78000000000003,Natural Gas,NG=F,₹/kg,Energy
2022-02-23,4.623000144958496,4.703999996185303,4.452000141143799,4.504000186920166,47180,74.62300109863281,336.1,351.03,332.22,344.98,0.02923802136165654,18.809999999999945,Natural Gas,NG=F,₹/kg,Energy
2022-02-24,4.567999839782715,4.940000057220459,4.293000221252441,4.603000164031982,184107,74.63300323486328,343.54,368.69,320.4,340.92,-0.01176879819119947,48.29000000000002,Natural Gas,NG=F,₹/kg,Energy
2022-02-25,4.46999979019165,4.716000080108643,4.416999816894531,4.572999954223633,114859,75.4083023071289,344.84,355.63,333.08,337.08,-0.011263639563534045,22.55000000000001,Natural Gas,NG=F,₹/kg,Energy
2022-02-28,4.4019999504089355,4.683000087738037,4.366000175476074,4.619999885559082,107186,75.06800079345703,346.81,351.54,327.75,330.45,-0.019668921324314637,23.79000000000002,Natural Gas,NG=F,₹/kg,Energy
2022-03-01,4.572999954223633,4.626999855041504,4.340000152587891,4.4079999923706055,112546,75.28479766845703,331.86,348.34,326.74,344.28,0.04185201997276433,21.599999999999966,Natural Gas,NG=F,₹/kg,Energy
2022-03-02,4.76200008392334,4.910999774932861,4.599999904632568,4.599999904632568,141694,75.80120086669922,348.69,372.26,348.69,360.97,0.048477983037062966,23.569999999999993,Natural Gas,NG=F,₹/kg,Energy
2022-03-03,4.7220001220703125,4.935999870300293,4.627999782562256,4.795000076293945,137151,75.63099670410156,362.65,373.31,350.02,357.13,-0.010638003158157328,23.29000000000002,Natural Gas,NG=F,₹/kg,Energy
2022-03-04,5.015999794006348,5.045000076293945,4.728000164031982,4.75,125385,75.8917007446289,360.49,382.87,358.82,380.67,0.06591437291742519,24.05000000000001,Natural Gas,NG=F,₹/kg,Energy
2022-03-07,4.833000183105469,5.184000015258789,4.781000137329102,5.040999889373779,130864,76.41799926757812,385.22,396.15,365.35,369.33,-0.029789581527307152,30.799999999999955,Natural Gas,NG=F,₹/kg,Energy
2022-03-08,4.5269999504089355,4.881999969482422,4.506999969482422,4.817999839782715,159168,77.08080291748047,371.38,376.31,347.4,348.94,-0.055208079495302265,28.910000000000025,Natural Gas,NG=F,₹/kg,Energy
2022-03-09,4.526000022888184,4.625,4.449999809265137,4.568999767303467,95126,76.91449737548828,351.42,355.73,342.27,348.12,-0.0023499742076001917,13.460000000000036,Natural Gas,NG=F,₹/kg,Energy
2022-03-10,4.63100004196167,4.671000003814697,4.499000072479248,4.519999980926514,81807,76.13490295410156,344.13,355.63,342.53,352.58,0.012811674135355666,13.100000000000023,Natural Gas,NG=F,₹/kg,Energy
2022-03-11,4.724999904632568,4.796999931335449,4.622000217437744,4.6570000648498535,84506,76.310302734375,355.38,366.06,352.71,360.57,0.022661523625843838,13.350000000000023,Natural Gas,NG=F,₹/kg,Energy
2022-03-14,4.6579999923706055,4.758999824523926,4.50600004196167,4.704999923706055,73961,76.75370025634766,361.13,365.27,345.85,357.52,-0.008458829076185004,19.41999999999996,Natural Gas,NG=F,₹/kg,Energy
2022-03-15,4.567999839782715,4.682000160217285,4.459000110626221,4.678999900817871,86943,76.49009704589844,357.9,358.13,341.07,349.41,-0.022684045647795803,17.060000000000002,Natural Gas,NG=F,₹/kg,Energy
2022-03-16,4.748000144958496,4.776000022888184,4.593999862670898,4.625,80521,76.26589965820312,352.73,364.25,350.37,362.11,0.03634698491743227,13.879999999999995,Natural Gas,NG=F,₹/kg,Energy
2022-03-17,4.989999771118164,5.000999927520752,4.690999984741211,4.747000217437744,93844,76.02420043945312,360.89,380.2,356.63,379.36,0.047637458230924246,23.569999999999993,Natural Gas,NG=F,₹/kg,Energy
2022-03-18,4.86299991607666,4.956999778747559,4.810999870300293,4.929999828338623,67268,75.98159790039062,374.59,376.64,365.55,369.5,-0.025991142977646597,11.089999999999975,Natural Gas,NG=F,₹/kg,Energy
2022-03-21,4.900000095367432,4.97599983215332,4.748000144958496,4.908999919891357,75457,75.94640350341797,372.82,377.91,360.59,372.14,0.007144790257104239,17.32000000000005,Natural Gas,NG=F,₹/kg,Energy
2022-03-22,5.186999797821045,5.203999996185303,4.876999855041504,4.947999954223633,122753,76.30709838867188,377.57,397.1,372.15,395.8,0.06357822324931495,24.950000000000045,Natural Gas,NG=F,₹/kg,Energy
2022-03-23,5.23199987411499,5.329999923706055,5.0920000076293945,5.146999835968018,74535,76.10189819335938,391.7,405.62,387.51,398.17,0.005987872662961191,18.110000000000014,Natural Gas,NG=F,₹/kg,Energy
2022-03-24,5.401000022888184,5.464000225067139,5.063000202178955,5.114999771118164,84230,76.55239868164062,391.57,418.28,387.58,413.46,0.038400683125298096,30.69999999999999,Natural Gas,NG=F,₹/kg,Energy
2022-03-25,5.571000099182129,5.577000141143799,5.34499979019165,5.401000022888184,29472,76.32350158691406,412.22,425.66,407.95,425.2,0.02839452425869493,17.710000000000036,Natural Gas,NG=F,₹/kg,Energy
2022-03-28,5.507999897003174,5.6519999504089355,5.419000148773193,5.551000118255615,33907,76.27850341796875,423.42,431.13,413.35,420.14,-0.01190028222013173,17.779999999999973,Natural Gas,NG=F,₹/kg,Energy
2022-03-29,5.335999965667725,5.491000175476074,5.255000114440918,5.453000068664551,111300,76.03410339355469,414.61,417.5,399.56,405.72,-0.034321892702432466,17.939999999999998,Natural Gas,NG=F,₹/kg,Energy
2022-03-30,5.605000019073486,5.624000072479248,5.269999980926514,5.328999996185303,117845,75.66670227050781,403.23,425.55,398.76,424.11,0.04532682638272689,26.79000000000002,Natural Gas,NG=F,₹/kg,Energy
2022-03-31,5.642000198364258,5.831999778747559,5.453999996185303,5.574999809265137,159717,75.82779693603516,422.74,442.23,413.56,427.82,0.008747730541604826,28.670000000000016,Natural Gas,NG=F,₹/kg,Energy
2022-04-01,5.71999979019165,5.7779998779296875,5.505000114440918,5.626999855041504,178521,75.9092025756836,427.14,438.6,417.88,434.2,0.014912813800196378,20.720000000000027,Natural Gas,NG=F,₹/kg,Energy
2022-04-04,5.711999893188477,5.85699987411499,5.650000095367432,5.744999885559082,137180,75.99479675292969,436.59,445.1,429.37,434.08,-0.0002763703362506087,15.730000000000018,Natural Gas,NG=F,₹/kg,Energy
2022-04-05,6.0320000648498535,6.201000213623047,5.770999908447266,5.7820000648498535,158216,75.47799682617188,436.41,468.04,435.58,455.28,0.04883892370070031,32.460000000000036,Natural Gas,NG=F,₹/kg,Energy
2022-04-06,6.0289998054504395,6.394000053405762,6.0,6.078000068664551,166720,75.45069885253906,458.59,482.43,452.7,454.89,-0.0008566157090141857,29.730000000000018,Natural Gas,NG=F,₹/kg,Energy
2022-04-07,6.359000205993652,6.440000057220459,6.0,6.116000175476074,199510,75.94509887695312,464.48,489.09,455.67,482.93,0.06164127591285817,33.41999999999996,Natural Gas,NG=F,₹/kg,Energy
2022-04-08,6.2779998779296875,6.538000106811523,6.256999969482422,6.410999774932861,188342,75.91320037841797,486.68,496.32,474.99,476.58,-0.01314890356780496,21.329999999999984,Natural Gas,NG=F,₹/kg,Energy
2022-04-11,6.64300012588501,6.7220001220703125,6.247000217437744,6.394000053405762,177957,75.91729736328125,485.42,510.32,474.26,504.32,0.0582063871752907,36.06,Natural Gas,NG=F,₹/kg,Energy
2022-04-12,6.679999828338623,6.947000026702881,6.599999904632568,6.704999923706055,234248,75.83699798583984,508.49,526.84,500.52,506.59,0.004501110406091247,26.32000000000005,Natural Gas,NG=F,₹/kg,Energy
2022-04-13,6.997000217437744,7.091000080108643,6.6519999504089355,6.703999996185303,210551,76.1498031616211,510.51,539.98,506.55,532.82,0.05177757160623009,33.43000000000001,Natural Gas,NG=F,₹/kg,Energy
2022-04-14,7.300000190734863,7.3460001945495605,6.949999809265137,7.046000003814697,214218,76.12169647216797,536.35,559.19,529.05,555.69,0.042922562966855704,30.1400000000001,Natural Gas,NG=F,₹/kg,Energy
2022-04-18,7.820000171661377,8.0649995803833,7.364999771118164,7.367000102996826,191084,76.3313980102539,562.33,615.61,562.18,596.91,0.07417804891216306,53.430000000000064,Natural Gas,NG=F,₹/kg,Energy
2022-04-19,7.176000118255615,7.939000129699707,6.953999996185303,7.776000022888184,236995,76.28019714355469,593.15,605.59,530.45,547.39,-0.0829605803219916,75.13999999999999,Natural Gas,NG=F,₹/kg,Energy
2022-04-20,6.936999797821045,7.409999847412109,6.790999889373779,7.252999782562256,157958,76.44539642333984,554.46,566.46,519.14,530.3,-0.031220884561281803,47.32000000000005,Natural Gas,NG=F,₹/kg,Energy
2022-04-21,6.956999778747559,7.145999908447266,6.703000068664551,6.824999809265137,145263,76.27619934082031,520.59,545.07,511.28,530.65,0.0006600037714501461,33.79000000000008,Natural Gas,NG=F,₹/kg,Energy
2022-04-22,6.533999919891357,7.079999923706055,6.438000202178955,6.938000202178955,80599,76.28520202636719,529.27,540.1,491.12,498.45,-0.06068029774804484,48.98000000000002,Natural Gas,NG=F,₹/kg,Energy
2022-04-25,6.669000148773193,6.966000080108643,6.34499979019165,6.414000034332275,32516,76.4635009765625,490.44,532.64,485.16,509.94,0.02305145952452614,47.47999999999996,Natural Gas,NG=F,₹/kg,Energy
2022-04-26,6.849999904632568,7.050000190734863,6.6620001792907715,6.835999965667725,41407,76.52780151367188,523.14,539.52,509.83,524.22,0.028003294505235976,29.689999999999998,Natural Gas,NG=F,₹/kg,Energy
2022-04-27,7.267000198364258,7.343999862670898,6.800000190734863,6.857999801635742,155327,76.79409790039062,526.65,563.98,522.2,558.06,0.06455305024607982,41.77999999999997,Natural Gas,NG=F,₹/kg,Energy
2022-04-28,6.888000011444092,7.421999931335449,6.879000186920166,7.394999980926514,139569,76.47219848632812,565.51,567.58,526.05,526.74,-0.056122997527147556,41.530000000000086,Natural Gas,NG=F,₹/kg,Energy
2022-04-29,7.24399995803833,7.335000038146973,6.804999828338623,6.939000129699707,109239,76.58899688720703,531.45,561.78,521.19,554.81,0.05329004822113359,40.58999999999992,Natural Gas,NG=F,₹/kg,Energy
2022-05-02,7.474999904632568,7.617000102996826,7.218999862670898,7.4120001792907715,110917,76.52310180664062,567.19,582.88,552.42,572.01,0.0310016041527732,30.460000000000036,Natural Gas,NG=F,₹/kg,Energy
2022-05-03,7.953999996185303,8.168999671936035,7.539000034332275,7.539999961853027,153339,76.52410125732422,576.99,625.13,576.92,608.67,0.06408978864005865,48.210000000000036,Natural Gas,NG=F,₹/kg,Energy
2022-05-04,8.414999961853027,8.473999977111816,7.729000091552734,7.815000057220459,132317,76.46730041503906,597.59,647.98,591.02,643.47,0.057173838040317504,56.960000000000036,Natural Gas,NG=F,₹/kg,Energy
2022-05-05,8.782999992370605,8.913000106811523,8.116999626159668,8.354999542236328,160163,76.00160217285156,634.99,677.4,616.9,667.52,0.037375479820348945,60.5,Natural Gas,NG=F,₹/kg,Energy
2022-05-06,8.043000221252441,8.996000289916992,7.956999778747559,8.843000411987305,168297,76.54180145263672,676.86,688.57,609.04,615.63,-0.07773549856184081,79.53000000000009,Natural Gas,NG=F,₹/kg,Energy
2022-05-09,7.026000022888184,8.286999702453613,6.961999893188477,7.8429999351501465,202616,76.9574966430664,603.58,637.75,535.78,540.7,-0.1217127170540746,101.97000000000003,Natural Gas,NG=F,₹/kg,Energy
2022-05-10,7.385000228881836,7.4629998207092285,6.429999828338623,7.03000020980835,185464,77.3655014038086,543.88,577.38,497.46,571.34,0.056667283151470293,79.92000000000002,Natural Gas,NG=F,₹/kg,Energy
2022-05-11,7.639999866485596,7.7210001945495605,7.296000003814697,7.311999797821045,120930,77.27140045166016,565.01,596.61,563.77,590.35,0.03327265726187556,32.84000000000003,Natural Gas,NG=F,₹/kg,Energy
2022-05-12,7.738999843597412,7.789999961853027,7.255000114440918,7.63700008392334,107056,77.41840362548828,591.24,603.09,561.67,599.14,0.014889472346912846,41.42000000000007,Natural Gas,NG=F,₹/kg,Energy
2022-05-13,7.663000106811523,7.919000148773193,7.514999866485596,7.672999858856201,85042,77.44380187988281,594.23,613.28,581.99,593.45,-0.009496945622058162,31.289999999999964,Natural Gas,NG=F,₹/kg,Energy
2022-05-16,7.955999851226807,8.182999610900879,7.663000106811523,7.699999809265137,93521,77.48629760742188,596.64,634.07,593.78,616.48,0.03880697615637363,40.29000000000008,Natural Gas,NG=F,₹/kg,Energy
2022-05-17,8.303999900817871,8.371999740600586,8.015000343322754,8.015999794006348,76666,77.8053970336914,623.69,651.39,623.61,646.1,0.04804697638203992,27.779999999999973,Natural Gas,NG=F,₹/kg,Energy
2022-05-18,8.368000030517578,8.54800033569336,8.15999984741211,8.317999839782715,80717,77.37239837646484,643.58,661.38,631.36,647.45,0.0020894598359386674,30.019999999999982,Natural Gas,NG=F,₹/kg,Energy
2022-05-19,8.307999610900879,8.5,7.90500020980835,8.239999771118164,90577,77.81999969482422,641.24,661.47,615.17,646.53,-0.001420959147424572,46.30000000000007,Natural Gas,NG=F,₹/kg,Energy
2022-05-20,8.083000183105469,8.189000129699707,7.836999893188477,8.112000465393066,85458,77.42109680175781,628.04,634.0,606.75,625.79,-0.03207894451920257,27.25,Natural Gas,NG=F,₹/kg,Energy
2022-05-23,8.744000434875488,8.821999549865723,7.85099983215332,8.079000473022461,65546,77.81839752197266,628.69,686.51,610.95,680.44,0.08732961536617734,75.55999999999995,Natural Gas,NG=F,₹/kg,Energy
2022-05-24,8.795999526977539,8.930000305175781,8.604999542236328,8.72700023651123,31660,77.52680206298828,676.58,692.31,667.12,681.93,0.0021897595673385783,25.18999999999994,Natural Gas,NG=F,₹/kg,Energy
2022-05-25,8.970999717712402,9.39900016784668,8.765000343322754,8.831000328063965,37393,77.47879791259766,684.22,728.22,679.1,695.06,0.01925417564852694,49.120000000000005,Natural Gas,NG=F,₹/kg,Energy
2022-05-26,8.907999992370605,9.401000022888184,8.78499984741211,8.984000205993652,163265,77.49729919433594,696.24,728.55,680.81,690.35,-0.006776393404885783,47.74000000000001,Natural Gas,NG=F,₹/kg,Energy
2022-05-27,8.72700023651123,8.895000457763672,8.28499984741211,8.810999870300293,107093,77.63020324707031,684.0,690.52,643.17,677.48,-0.018642717462156844,47.35000000000002,Natural Gas,NG=F,₹/kg,Energy
2022-05-31,8.145000457763672,8.916000366210938,8.118000030517578,8.87399959564209,125484,77.5208969116211,687.92,691.18,629.31,631.41,-0.06800200743933404,61.870000000000005,Natural Gas,NG=F,₹/kg,Energy
2022-06-01,8.696000099182129,8.791000366210938,8.145999908447266,8.270999908447266,111962,77.5989990234375,641.82,682.17,632.12,674.8,0.06871921572353945,50.049999999999955,Natural Gas,NG=F,₹/kg,Energy
2022-06-02,8.484999656677246,9.057000160217285,8.376999855041504,8.782999992370605,119011,77.58409881591797,681.42,702.68,649.92,658.3,-0.02445168938944875,52.75999999999999,Natural Gas,NG=F,₹/kg,Energy
2022-06-03,8.52299976348877,8.692999839782715,8.267000198364258,8.411999702453613,75228,77.3604965209961,650.76,672.49,639.54,659.34,0.0015798268266749016,32.950000000000045,Natural Gas,NG=F,₹/kg,Energy
2022-06-06,9.321999549865723,9.399999618530273,8.732000350952148,8.75,129103,77.69419860839844,679.82,730.33,678.43,724.27,0.09847726514393162,51.90000000000009,Natural Gas,NG=F,₹/kg,Energy
2022-06-07,9.293000221252441,9.543999671936035,9.199999809265137,9.359000205993652,140029,77.82099914550781,728.33,742.72,715.95,723.19,-0.001491156612865252,26.769999999999982,Natural Gas,NG=F,₹/kg,Energy
2022-06-08,8.699000358581543,9.663999557495117,8.427000045776367,9.335000038146973,250296,77.67060089111328,725.06,750.61,654.53,675.66,-0.06572270081168174,96.08000000000004,Natural Gas,NG=F,₹/kg,Energy
2022-06-09,8.963000297546387,9.03600025177002,8.015999794006348,8.628999710083008,244480,77.72429656982422,670.68,702.32,623.04,696.64,0.031051120385992892,79.28000000000009,Natural Gas,NG=F,₹/kg,Energy
2022-06-10,8.850000381469727,9.14900016784668,8.621999740600586,8.996999740600586,134611,77.8187026977539,700.13,711.96,670.95,688.7,-0.011397565457050951,41.00999999999999,Natural Gas,NG=F,₹/kg,Energy
2022-06-13,8.609000205993652,8.949999809265137,8.381999969482422,8.920000076293945,167556,78.17759704589844,697.34,699.69,655.28,673.03,-0.02275301292289833,44.41000000000008,Natural Gas,NG=F,₹/kg,Energy
2022-06-14,7.189000129699707,8.888999938964844,7.007999897003174,8.685999870300293,273717,78.16059875488281,678.9,694.77,547.75,561.9,-0.16511893972036906,147.01999999999998,Natural Gas,NG=F,₹/kg,Energy
2022-06-15,7.420000076293945,7.697999954223633,7.201000213623047,7.269000053405762,123589,77.9854965209961,566.88,600.33,561.57,578.65,0.029809574657412297,38.75999999999999,Natural Gas,NG=F,₹/kg,Energy
2022-06-16,7.464000225067139,8.027000427246094,7.329999923706055,7.539999961853027,137433,77.90019989013672,587.37,625.3,571.01,581.45,0.004838849045191607,54.289999999999964,Natural Gas,NG=F,₹/kg,Energy
2022-06-17,6.943999767303467,7.5879998207092285,6.88100004196167,7.453999996185303,103759,77.97769927978516,581.25,591.69,536.56,541.48,-0.06874193825780384,55.13000000000011,Natural Gas,NG=F,₹/kg,Energy
2022-06-21,6.808000087738037,6.97599983215332,6.553999900817871,6.800000190734863,120010,77.93399810791016,529.95,543.67,510.78,530.57,-0.020148481938391027,32.889999999999986,Natural Gas,NG=F,₹/kg,Energy
2022-06-22,6.857999801635742,6.929999828338623,6.574999809265137,6.843999862670898,92473,78.13490295410156,534.76,541.47,513.74,535.85,0.009951561528167785,27.730000000000018,Natural Gas,NG=F,₹/kg,Energy
2022-06-23,6.238999843597412,6.840000152587891,6.175000190734863,6.828999996185303,78031,78.19309997558594,533.98,534.84,482.84,487.85,-0.08957730708220579,52.00000000000006,Natural Gas,NG=F,₹/kg,Energy
2022-06-24,6.21999979019165,6.336999893188477,6.020999908447266,6.228000164031982,26571,78.14240264892578,486.67,495.19,470.5,486.05,-0.003689658706569676,24.689999999999998,Natural Gas,NG=F,₹/kg,Energy
2022-06-27,6.500999927520752,6.538000106811523,6.010000228881836,6.125999927520752,33103,78.2522964477539,479.37,511.61,470.3,508.72,0.04664129204814316,41.31,Natural Gas,NG=F,₹/kg,Energy
2022-06-28,6.551000118255615,6.764999866485596,6.386000156402588,6.448999881744385,90792,78.44110107421875,505.87,530.65,500.92,513.87,0.010123447082874604,29.72999999999996,Natural Gas,NG=F,₹/kg,Energy
2022-06-29,6.498000144958496,6.833000183105469,6.40500020980835,6.631999969482422,82205,79.07319641113281,524.41,540.31,506.46,513.82,-9.730087376180752e-05,33.849999999999966,Natural Gas,NG=F,₹/kg,Energy
2022-06-30,5.423999786376953,6.6020002365112305,5.35699987411499,6.427999973297119,182579,78.89830017089844,507.16,520.89,422.66,427.94,-0.16714024366509683,98.22999999999996,Natural Gas,NG=F,₹/kg,Energy
2022-07-01,5.730000019073486,5.949999809265137,5.590000152587891,5.701000213623047,106967,78.96299743652344,450.17,469.83,441.4,452.46,0.05729775202131138,28.430000000000007,Natural Gas,NG=F,₹/kg,Energy
2022-07-05,5.5229997634887695,5.9070000648498535,5.324999809265137,5.711999893188477,110174,78.93949890136719,450.9,466.3,420.35,435.98,-0.03642310922512482,45.94999999999999,Natural Gas,NG=F,₹/kg,Energy
2022-07-06,5.510000228881836,5.736999988555908,5.380000114440918,5.460000038146973,73506,79.36840057373047,433.35,455.34,427.0,437.32,0.003073535483278933,28.339999999999975,Natural Gas,NG=F,₹/kg,Energy
2022-07-07,6.296999931335449,6.38100004196167,5.48799991607666,5.539000034332275,127670,79.04389953613281,437.82,504.38,433.79,497.74,0.13815969999085342,70.58999999999997,Natural Gas,NG=F,₹/kg,Energy
2022-07-08,6.033999919891357,6.304999828338623,6.01200008392334,6.188000202178955,107326,79.22160339355469,490.22,499.49,476.28,478.02,-0.03961907823361599,23.210000000000036,Natural Gas,NG=F,₹/kg,Energy
2022-07-11,6.426000118255615,6.689000129699707,6.23199987411499,6.446000099182129,109392,79.3313980102539,511.37,530.65,494.39,509.78,0.06644073469729306,36.25999999999999,Natural Gas,NG=F,₹/kg,Energy
2022-07-12,6.163000106811523,6.785999774932861,6.013999938964844,6.525000095367432,132046,79.47779846191406,518.59,539.34,477.98,489.82,-0.03915414492526181,61.360000000000014,Natural Gas,NG=F,₹/kg,Energy
2022-07-13,6.689000129699707,6.797999858856201,6.201000213623047,6.251999855041504,116805,79.47640228271484,496.89,540.28,492.83,531.62,0.0853374709076804,47.44999999999999,Natural Gas,NG=F,₹/kg,Energy
2022-07-14,6.599999904632568,6.8979997634887695,6.5370001792907715,6.5980000495910645,121044,79.80750274658203,526.57,550.51,521.7,526.73,-0.009198299537263477,28.809999999999945,Natural Gas,NG=F,₹/kg,Energy
2022-07-15,7.015999794006348,7.144000053405762,6.420000076293945,6.669000148773193,105875,79.87830352783203,532.71,570.65,512.82,560.43,0.0639796480170105,57.82999999999993,Natural Gas,NG=F,₹/kg,Energy
2022-07-18,7.479000091552734,7.553999900817871,7.078000068664551,7.168000221252441,91133,79.72049713134766,571.44,602.21,564.26,596.23,0.06387952108202644,37.950000000000045,Natural Gas,NG=F,₹/kg,Energy
2022-07-19,7.263999938964844,7.540999889373779,7.109000205993652,7.432000160217285,96160,80.0302963256836,594.79,603.51,568.94,581.34,-0.024973584019589712,34.569999999999936,Natural Gas,NG=F,₹/kg,Energy
2022-07-20,8.006999969482422,8.039999961853027,7.173999786376953,7.311999797821045,120860,79.85590362548828,583.91,642.04,572.89,639.41,0.09988990951938614,69.14999999999998,Natural Gas,NG=F,₹/kg,Energy
2022-07-21,7.932000160217285,8.175999641418457,7.605999946594238,7.873000144958496,96422,80.00340270996094,629.87,654.11,608.51,634.59,-0.007538199277458801,45.60000000000002,Natural Gas,NG=F,₹/kg,Energy
2022-07-22,8.298999786376953,8.416999816894531,7.75,7.892000198364258,52813,79.7759017944336,629.59,671.47,618.26,662.06,0.04328779211774525,53.210000000000036,Natural Gas,NG=F,₹/kg,Energy
2022-07-25,8.72700023651123,8.87399959564209,8.347000122070312,8.390000343322754,33164,79.87680053710938,670.17,708.83,666.73,697.08,0.05289550796000375,42.10000000000002,Natural Gas,NG=F,₹/kg,Energy
2022-07-26,8.993000030517578,9.751999855041504,8.75,8.814000129699707,38204,79.72250366210938,702.67,777.45,697.57,716.94,0.028490273713203562,79.88,Natural Gas,NG=F,₹/kg,Energy
2022-07-27,8.687000274658203,9.137999534606934,8.487000465393066,8.880999565124512,105217,79.84120178222656,709.07,729.59,677.61,693.58,-0.03258292186235945,51.98000000000002,Natural Gas,NG=F,₹/kg,Energy
2022-07-28,8.133999824523926,8.845000267028809,8.102999687194824,8.579999923706055,89237,79.84739685058594,685.09,706.25,647.0,649.48,-0.0635831483030076,59.25,Natural Gas,NG=F,₹/kg,Energy
2022-07-29,8.229000091552734,8.387999534606934,8.010000228881836,8.154999732971191,77774,79.57150268554688,648.91,667.45,637.37,654.79,0.008175771386339736,30.08000000000004,Natural Gas,NG=F,₹/kg,Energy
2022-08-01,8.282999992370605,8.29800033569336,7.752999782562256,7.909999847412109,104021,79.1948013305664,626.43,657.16,614.0,655.97,0.0018021044915164097,43.15999999999997,Natural Gas,NG=F,₹/kg,Energy
2022-08-02,7.705999851226807,8.232999801635742,7.625,8.227999687194824,106080,78.95570373535156,649.65,650.04,602.04,608.43,-0.072472826501212,48.0,Natural Gas,NG=F,₹/kg,Energy
2022-08-03,8.265999794006348,8.479999542236328,7.550000190734863,7.671000003814697,134210,78.60449981689453,602.98,666.57,593.46,649.74,0.06789606035205376,73.11000000000001,Natural Gas,NG=F,₹/kg,Energy
2022-08-04,8.121999740600586,8.449999809265137,7.824999809265137,8.281000137329102,102540,79.11830139160156,655.18,668.55,619.1,642.6,-0.01098901098901095,49.44999999999993,Natural Gas,NG=F,₹/kg,Energy
2022-08-05,8.064000129699707,8.248000144958496,7.8979997634887695,8.151000022888184,111704,79.15489959716797,645.19,652.87,625.17,638.31,-0.0066760037348273515,27.700000000000045,Natural Gas,NG=F,₹/kg,Energy
2022-08-08,7.589000225067139,7.916999816894531,7.5320000648498535,7.875999927520752,117789,79.41059875488281,625.44,628.69,598.12,602.65,-0.055866271874167706,30.57000000000005,Natural Gas,NG=F,₹/kg,Energy
2022-08-09,7.833000183105469,7.888999938964844,7.623000144958496,7.665999889373779,88511,79.60189819335938,610.23,627.98,606.81,623.52,0.034630382477391475,21.170000000000073,Natural Gas,NG=F,₹/kg,Energy
2022-08-10,8.20199966430664,8.267000198364258,7.704999923706055,7.857999801635742,111811,79.57839965820312,625.33,657.87,613.15,652.7,0.04679881960482435,44.72000000000003,Natural Gas,NG=F,₹/kg,Energy
2022-08-11,8.87399959564209,8.994000434875488,8.178000450134277,8.222000122070312,141751,79.0978012084961,650.34,711.41,646.86,701.91,0.07539451509115969,64.54999999999995,Natural Gas,NG=F,₹/kg,Energy
2022-08-12,8.767999649047852,8.918999671936035,8.515999794006348,8.717000007629395,68126,79.61399841308594,694.0,710.08,677.99,698.06,-0.005485033693778396,32.09000000000003,Natural Gas,NG=F,₹/kg,Energy
2022-08-15,8.727999687194824,8.935999870300293,8.402999877929688,8.678999900817871,80221,79.62760162353516,691.09,711.55,669.11,694.99,-0.004397902759075034,42.43999999999994,Natural Gas,NG=F,₹/kg,Energy
2022-08-16,9.329000473022461,9.41100025177002,8.78499984741211,8.809000015258789,104087,79.55290222167969,700.78,748.67,698.87,742.15,0.06785709146894203,49.799999999999955,Natural Gas,NG=F,₹/kg,Energy
2022-08-17,9.244000434875488,9.677000045776367,9.121000289916992,9.362000465393066,88675,79.14600372314453,740.96,765.9,721.89,731.63,-0.01417503200161685,44.00999999999999,Natural Gas,NG=F,₹/kg,Energy
2022-08-18,9.187999725341797,9.663000106811523,8.913000106811523,9.166000366210938,112102,79.35970306396484,727.41,766.85,707.33,729.16,-0.0033760233998059164,59.51999999999998,Natural Gas,NG=F,₹/kg,Energy
2022-08-19,9.336000442504883,9.395000457763672,8.869999885559082,9.201000213623047,69809,79.7667007446289,733.93,749.41,707.53,744.7,0.021312194854353095,41.879999999999995,Natural Gas,NG=F,₹/kg,Energy
2022-08-22,9.680000305175781,9.982000350952148,9.157999992370605,9.173999786376953,92412,79.91790008544922,733.17,797.74,731.89,773.61,0.03882100174566938,65.85000000000002,Natural Gas,NG=F,₹/kg,Energy
2022-08-23,9.192999839782715,10.027999877929688,9.050000190734863,9.817000389099121,118634,79.88379669189453,784.22,801.07,722.95,734.37,-0.050723232636599835,78.12,Natural Gas,NG=F,₹/kg,Energy
2022-08-24,9.329999923706055,9.454999923706055,9.100000381469727,9.25,50496,79.85449981689453,738.65,755.02,726.68,745.04,0.01452946062611482,28.340000000000032,Natural Gas,NG=F,₹/kg,Energy
2022-08-25,9.375,9.418999671936035,9.175000190734863,9.23900032043457,25827,79.79679870605469,737.24,751.61,732.14,748.09,0.004093739933426432,19.470000000000027,Natural Gas,NG=F,₹/kg,Energy
2022-08-26,9.295999526977539,9.668000221252441,9.185999870300293,9.371999740600586,33977,79.88289642333984,748.66,772.31,733.8,742.59,-0.007352056570733456,38.50999999999999,Natural Gas,NG=F,₹/kg,Energy
2022-08-29,9.352999687194824,9.682000160217285,9.034000396728516,9.670000076293945,89284,79.95909881591797,773.2,774.16,722.35,747.86,0.007096782881536257,51.809999999999945,Natural Gas,NG=F,₹/kg,Energy
2022-08-30,9.041999816894531,9.300000190734863,8.864999771118164,9.26200008392334,76599,79.96790313720703,740.66,743.7,708.92,723.07,-0.03314791538523243,34.780000000000086,Natural Gas,NG=F,₹/kg,Energy
2022-08-31,9.126999855041504,9.284000396728516,8.814000129699707,9.081999778747559,86294,79.68229675292969,723.67,739.77,702.32,727.26,0.0057947363325818735,37.44999999999993,Natural Gas,NG=F,₹/kg,Energy
2022-09-01,9.26200008392334,9.394000053405762,9.010000228881836,9.133000373840332,94244,79.54879760742188,726.52,747.28,716.73,736.78,0.01309022907900892,30.549999999999955,Natural Gas,NG=F,₹/kg,Energy
2022-09-02,8.78600025177002,9.239999771118164,8.619000434875488,9.1899995803833,103166,79.716796875,732.6,736.58,687.08,700.39,-0.04939059149271152,49.5,Natural Gas,NG=F,₹/kg,Energy
2022-09-06,8.145000457763672,9.12600040435791,7.822999954223633,9.027999877929688,149360,79.78299713134766,720.28,728.1,624.14,649.83,-0.07218835220377207,103.96000000000004,Natural Gas,NG=F,₹/kg,Energy
2022-09-07,7.8420000076293945,8.298999786376953,7.750999927520752,8.038999557495117,127189,79.89510345458984,642.28,663.05,619.27,626.54,-0.03584014280658032,43.77999999999997,Natural Gas,NG=F,₹/kg,Energy
2022-09-08,7.914999961853027,8.064000129699707,7.771999835968018,7.841000080108643,105989,79.6498031616211,624.53,642.3,619.04,630.43,0.00620870175886612,23.25999999999999,Natural Gas,NG=F,₹/kg,Energy
2022-09-09,7.995999813079834,8.204999923706055,7.888000011444092,7.974999904632568,90496,79.706298828125,635.66,653.99,628.72,637.33,0.010944910616563552,25.269999999999982,Natural Gas,NG=F,₹/kg,Energy
2022-09-12,8.24899959564209,8.406000137329102,7.855000019073486,8.026000022888184,106172,79.65579986572266,639.32,669.59,625.7,657.08,0.030988655798408926,43.889999999999986,Natural Gas,NG=F,₹/kg,Energy
2022-09-13,8.284000396728516,8.456000328063965,8.154999732971191,8.380999565124512,108829,79.35530090332031,665.08,671.03,647.14,657.38,0.0004565654106043482,23.889999999999986,Natural Gas,NG=F,₹/kg,Energy
2022-09-14,9.11400032043457,9.23799991607666,8.324999809265137,8.390999794006348,137213,79.60240173339844,667.94,735.37,662.69,725.5,0.10362347500684543,72.67999999999995,Natural Gas,NG=F,₹/kg,Energy
2022-09-15,8.324000358581543,9.116999626159668,8.204000473022461,9.072999954223633,127214,79.45369720458984,720.88,724.38,651.84,661.37,-0.08839421088904198,72.53999999999996,Natural Gas,NG=F,₹/kg,Energy
2022-09-16,7.763999938964844,8.319000244140625,7.7170000076293945,8.29800033569336,96572,79.8490982055664,662.59,664.26,616.2,619.95,-0.06262757609205127,48.059999999999945,Natural Gas,NG=F,₹/kg,Energy
2022-09-19,7.751999855041504,7.922999858856201,7.4039998054504395,7.736999988555908,87547,79.68949890136719,616.56,631.38,590.02,617.75,-0.0035486732801033316,41.360000000000014,Natural Gas,NG=F,₹/kg,Energy
2022-09-20,7.7170000076293945,7.985000133514404,7.646999835968018,7.863999843597412,80107,79.7074966430664,626.82,636.46,609.52,615.1,-0.0042897612302711385,26.940000000000055,Natural Gas,NG=F,₹/kg,Energy
2022-09-21,7.7789998054504395,8.123000144958496,7.559999942779541,7.735000133514404,98568,79.76270294189453,616.96,647.91,603.01,620.47,0.008730287758088151,44.89999999999998,Natural Gas,NG=F,₹/kg,Energy
2022-09-22,7.089000225067139,7.776000022888184,7.060999870300293,7.730999946594238,136340,80.05069732666016,618.87,622.47,565.24,567.48,-0.08540300095089204,57.23000000000002,Natural Gas,NG=F,₹/kg,Energy
2022-09-23,6.828000068664551,7.2820000648498535,6.736999988555908,7.182000160217285,73669,81.06220245361328,582.19,590.29,546.12,553.49,-0.024652851201804493,44.16999999999996,Natural Gas,NG=F,₹/kg,Energy
2022-09-26,6.9029998779296875,6.96999979019165,6.526000022888184,6.843999862670898,24604,81.25479888916016,556.11,566.35,530.27,560.9,0.013387775750239417,36.08000000000004,Natural Gas,NG=F,₹/kg,Energy
2022-09-27,6.651000022888184,7.119999885559082,6.617000102996826,6.935999870300293,36366,81.61579895019531,566.09,581.1,540.05,542.83,-0.03221608129791398,41.05000000000007,Natural Gas,NG=F,₹/kg,Energy
2022-09-28,6.868000030517578,6.901000022888184,6.455999851226807,6.665999889373779,98396,81.72460174560547,544.78,563.98,527.61,561.28,0.033988541532339545,36.370000000000005,Natural Gas,NG=F,₹/kg,Energy
2022-09-29,6.874000072479248,7.138999938964844,6.598999977111816,7.0289998054504395,85719,81.42870330810547,572.36,581.32,537.35,559.74,-0.0027437286202963707,43.97000000000003,Natural Gas,NG=F,₹/kg,Energy
2022-09-30,6.765999794006348,7.044000148773193,6.704999923706055,6.894999980926514,97372,81.48059844970703,561.81,573.95,546.33,551.3,-0.015078429270732885,27.620000000000005,Natural Gas,NG=F,₹/kg,Energy
2022-10-03,6.46999979019165,6.828999996185303,6.304999828338623,6.800000190734863,104483,81.52130126953125,554.34,556.71,513.99,527.44,-0.04327952113186995,42.72000000000003,Natural Gas,NG=F,₹/kg,Energy
2022-10-04,6.836999893188477,6.886000156402588,6.309999942779541,6.526000022888184,121681,81.49500274658203,531.84,561.17,514.23,557.18,0.05638556044289378,46.93999999999994,Natural Gas,NG=F,₹/kg,Energy
2022-10-05,6.929999828338623,7.021999835968018,6.626999855041504,6.829999923706055,80869,81.46549987792969,556.41,572.05,539.87,564.56,0.013245270828098565,32.17999999999995,Natural Gas,NG=F,₹/kg,Energy
2022-10-06,6.9720001220703125,7.188000202178955,6.855999946594238,6.921000003814697,109938,81.6488037109375,565.09,586.89,559.78,569.26,0.008325067309054912,27.110000000000014,Natural Gas,NG=F,₹/kg,Energy
2022-10-07,6.748000144958496,6.926000118255615,6.599999904632568,6.855999946594238,124707,82.3489990234375,564.58,570.35,543.5,555.69,-0.023837965077468937,26.850000000000023,Natural Gas,NG=F,₹/kg,Energy
2022-10-10,6.434999942779541,6.901000022888184,6.410999774932861,6.646999835968018,114235,82.8322982788086,550.59,571.63,531.04,533.03,-0.040778131692130626,40.59000000000003,Natural Gas,NG=F,₹/kg,Energy
2022-10-11,6.5960001945495605,6.671000003814697,6.361999988555908,6.51200008392334,106885,82.42070007324219,536.72,549.83,524.36,543.65,0.01992383167926759,25.470000000000027,Natural Gas,NG=F,₹/kg,Energy
2022-10-12,6.434999942779541,6.802999973297119,6.39900016784668,6.60099983215332,112382,82.2739028930664,543.09,559.71,526.47,529.43,-0.02615653453508693,33.24000000000001,Natural Gas,NG=F,₹/kg,Energy
2022-10-13,6.741000175476074,6.7769999504089355,6.336999893188477,6.439000129699707,131392,82.19999694824219,529.29,557.07,520.9,554.11,0.04661617210962743,36.17000000000007,Natural Gas,NG=F,₹/kg,Energy
2022-10-14,6.453000068664551,6.742000102996826,6.408999919891357,6.684000015258789,96729,82.19210052490234,549.37,554.14,526.77,530.39,-0.04280738481528945,27.370000000000005,Natural Gas,NG=F,₹/kg,Energy
2022-10-17,5.999000072479248,6.314000129699707,5.9120001792907715,6.263000011444092,132424,82.41280364990234,516.15,520.35,487.22,494.39,-0.06787458285412618,33.129999999999995,Natural Gas,NG=F,₹/kg,Energy
2022-10-18,5.744999885559082,6.09499979019165,5.672999858856201,5.978000164031982,102085,82.1947021484375,491.36,500.98,466.29,472.21,-0.044863366977487384,34.69,Natural Gas,NG=F,₹/kg,Energy
2022-10-19,5.461999893188477,5.783999919891357,5.427000045776367,5.685999870300293,107157,82.2863998413086,467.88,475.94,446.57,449.45,-0.048198894559623895,29.370000000000005,Natural Gas,NG=F,₹/kg,Energy
2022-10-20,5.357999801635742,5.565000057220459,5.252999782562256,5.455999851226807,104216,82.99700164794922,452.83,461.88,435.98,444.7,-0.010568472577594856,25.899999999999977,Natural Gas,NG=F,₹/kg,Energy
2022-10-21,4.959000110626221,5.375,4.9029998779296875,5.322000026702881,101734,82.82569885253906,440.8,445.19,406.09,410.73,-0.07638857656847309,39.10000000000002,Natural Gas,NG=F,₹/kg,Energy
2022-10-24,5.198999881744385,5.258999824523926,4.75,4.96999979019165,69672,82.54129791259766,410.23,434.08,392.07,429.13,0.04479828597862334,42.00999999999999,Natural Gas,NG=F,₹/kg,Energy
2022-10-25,5.61299991607666,5.739999771118164,5.11899995803833,5.186999797821045,39947,82.7614974975586,429.28,475.05,423.66,464.54,0.08251578775662383,51.389999999999986,Natural Gas,NG=F,₹/kg,Energy
2022-10-26,5.605999946594238,5.748000144958496,5.3470001220703125,5.729000091552734,36778,82.44529724121094,472.33,473.9,440.84,462.19,-0.005058767813320708,33.06,Natural Gas,NG=F,₹/kg,Energy
2022-10-27,5.185999870300293,5.703000068664551,4.947999954223633,5.703000068664551,118808,82.04959869384766,467.93,467.93,405.98,425.51,-0.07936130162920008,61.94999999999999,Natural Gas,NG=F,₹/kg,Energy
2022-10-28,5.684000015258789,5.889999866485596,5.546999931335449,5.8480000495910645,84706,82.44249725341797,482.12,485.59,457.31,468.6,0.10126671523583464,28.279999999999973,Natural Gas,NG=F,₹/kg,Energy
2022-10-31,6.355000019073486,6.400000095367432,5.822999954223633,5.831999778747559,128751,82.23919677734375,479.62,526.33,478.88,522.63,0.11530089628681162,47.450000000000045,Natural Gas,NG=F,₹/kg,Energy
2022-11-01,5.714000225067139,6.309000015258789,5.613999843597412,6.269999980926514,136649,82.72899627685547,518.71,521.94,464.44,472.71,-0.09551690488490905,57.50000000000006,Natural Gas,NG=F,₹/kg,Energy
2022-11-02,6.26800012588501,6.302999973297119,5.7870001792907715,5.828999996185303,104854,82.68450164794922,481.97,521.16,478.5,518.27,0.09638044467009377,42.65999999999997,Natural Gas,NG=F,₹/kg,Energy
2022-11-03,5.974999904632568,6.2179999351501465,5.874000072479248,6.202000141143799,98527,82.88839721679688,514.07,515.4,486.89,495.26,-0.04439770775850427,28.50999999999999,Natural Gas,NG=F,₹/kg,Energy
2022-11-04,6.400000095367432,6.510000228881836,5.89300012588501,5.934999942779541,117251,82.68180084228516,490.72,538.26,487.24,529.16,0.06844889552962075,51.01999999999998,Natural Gas,NG=F,₹/kg,Energy
2022-11-07,6.943999767303467,7.2210001945495605,6.565999984741211,6.980000019073486,171262,81.9749984741211,572.19,591.94,538.25,569.23,0.07572378864615636,53.690000000000055,Natural Gas,NG=F,₹/kg,Energy
2022-11-08,6.138000011444092,6.822999954223633,6.061999797821045,6.686999797821045,146540,81.82599639892578,547.17,558.3,496.03,502.25,-0.11766772657800895,62.26999999999998,Natural Gas,NG=F,₹/kg,Energy
2022-11-09,5.864999771118164,6.349999904632568,5.715000152587891,6.190000057220459,134654,81.40519714355469,503.9,516.92,465.23,477.44,-0.0493977103036336,51.68999999999994,Natural Gas,NG=F,₹/kg,Energy
2022-11-10,6.238999843597412,6.26200008392334,5.763999938964844,5.949999809265137,101637,81.34380340576172,484.0,509.37,468.87,507.5,0.06296079088471851,40.5,Natural Gas,NG=F,₹/kg,Energy
2022-11-11,5.879000186920166,6.505000114440918,5.775000095367432,6.164999961853027,110492,80.48290252685547,496.18,523.54,464.79,473.16,-0.0676650246305418,58.74999999999994,Natural Gas,NG=F,₹/kg,Energy
2022-11-14,5.933000087738037,6.415999889373779,5.889999866485596,6.11899995803833,110910,80.49700164794922,492.56,516.47,474.13,477.59,0.009362583481274722,42.34000000000003,Natural Gas,NG=F,₹/kg,Energy
2022-11-15,6.033999919891357,6.203000068664551,5.841000080108643,6.065000057220459,76925,80.99199676513672,491.22,502.39,473.07,488.71,0.023283569588977926,29.319999999999993,Natural Gas,NG=F,₹/kg,Energy
2022-11-16,6.199999809265137,6.25,5.7270002365112305,6.138000011444092,112921,81.07140350341797,497.62,506.7,464.3,502.64,0.028503611548771346,42.39999999999998,Natural Gas,NG=F,₹/kg,Energy
2022-11-17,6.36899995803833,6.546999931335449,6.1620001792907715,6.204999923706055,106768,81.49530029296875,505.68,533.55,502.17,519.04,0.03262772560878546,31.37999999999994,Natural Gas,NG=F,₹/kg,Energy
2022-11-18,6.302999973297119,6.474999904632568,6.045000076293945,6.382999897003174,102563,81.52490234375,520.37,527.87,492.82,513.85,-0.009999229346485672,35.05000000000001,Natural Gas,NG=F,₹/kg,Energy
2022-11-21,6.776000022888184,6.836999893188477,6.144999980926514,6.333000183105469,107821,81.5198974609375,516.27,557.35,500.94,552.38,0.07498297168434354,56.410000000000025,Natural Gas,NG=F,₹/kg,Energy
2022-11-22,6.7789998054504395,6.97599983215332,6.456999778747559,6.703000068664551,73116,81.72769927978516,547.82,570.13,527.72,554.03,0.0029870741156450276,42.40999999999997,Natural Gas,NG=F,₹/kg,Energy
2022-11-23,7.308000087738037,7.604000091552734,6.88700008392334,6.900000095367432,59054,81.71499633789062,563.83,621.36,562.77,597.17,0.07786581954045801,58.59000000000003,Natural Gas,NG=F,₹/kg,Energy
2022-11-25,7.02400016784668,7.400000095367432,6.800000190734863,7.331999778747559,35506,81.65540313720703,598.7,604.25,555.26,573.55,-0.039553226049533596,48.99000000000001,Natural Gas,NG=F,₹/kg,Energy
2022-11-28,6.711999893188477,6.980000019073486,6.5,6.869999885559082,105914,81.6697006225586,561.07,570.05,530.85,548.17,-0.044250719204951605,39.19999999999993,Natural Gas,NG=F,₹/kg,Energy
2022-11-29,7.235000133514404,7.421000003814697,7.0920000076293945,7.318999767303467,101680,81.65029907226562,597.6,605.93,579.06,590.74,0.07765839064523794,26.870000000000005,Natural Gas,NG=F,₹/kg,Energy
2022-11-30,6.929999828338623,7.304999828338623,6.806000232696533,7.263999938964844,107306,81.63089752197266,592.97,596.31,555.58,565.7,-0.04238751396553464,40.729999999999905,Natural Gas,NG=F,₹/kg,Energy
2022-12-01,6.73799991607666,7.2129998207092285,6.708000183105469,6.966000080108643,94563,81.3052978515625,566.37,586.46,545.4,547.84,-0.03157150433091749,41.06000000000006,Natural Gas,NG=F,₹/kg,Energy
2022-12-02,6.281000137329102,6.839000225067139,6.2210001945495605,6.828999996185303,115609,81.16220092773438,554.26,555.07,504.91,509.78,-0.06947283878504684,50.160000000000025,Natural Gas,NG=F,₹/kg,Energy
2022-12-05,5.577000141143799,6.052000045776367,5.556000232696533,5.900000095367432,167674,81.42250061035156,480.39,492.77,452.38,454.09,-0.10924320295029233,40.389999999999986,Natural Gas,NG=F,₹/kg,Energy
2022-12-06,5.468999862670898,5.673999786376953,5.336999893188477,5.642000198364258,131231,81.89900207519531,462.07,464.69,437.09,447.91,-0.013609636856129703,27.600000000000023,Natural Gas,NG=F,₹/kg,Energy
2022-12-07,5.7230000495910645,5.849999904632568,5.382999897003174,5.388000011444092,172964,82.37220001220703,443.82,481.88,443.41,471.42,0.05248822308052947,38.46999999999997,Natural Gas,NG=F,₹/kg,Energy
2022-12-08,5.961999893188477,6.164000034332275,5.769999980926514,5.814000129699707,154504,82.25350189208984,478.22,507.01,474.6,490.4,0.04026133808493482,32.40999999999997,Natural Gas,NG=F,₹/kg,Energy
2022-12-09,6.244999885559082,6.390999794006348,5.794000148773193,5.929999828338623,160027,82.2791976928711,487.92,525.85,476.73,513.83,0.04777732463295292,49.120000000000005,Natural Gas,NG=F,₹/kg,Energy
2022-12-12,6.586999893188477,7.058000087738037,6.486999988555908,6.949999809265137,171431,82.41300201416016,572.77,581.67,534.61,542.85,0.056477823404627925,47.059999999999945,Natural Gas,NG=F,₹/kg,Energy
2022-12-13,6.934999942779541,7.105000019073486,6.499000072479248,6.533999919891357,168109,82.64469909667969,540.0,587.19,537.11,573.14,0.05579810260661322,50.08000000000004,Natural Gas,NG=F,₹/kg,Energy
2022-12-14,6.429999828338623,6.960999965667725,6.336999893188477,6.951000213623047,139039,82.40249633789062,572.78,573.6,522.18,529.85,-0.07553128380500396,51.42000000000007,Natural Gas,NG=F,₹/kg,Energy
2022-12-15,6.96999979019165,7.035999774932861,6.357999801635742,6.370999813079834,139782,82.50800323486328,525.66,580.53,524.59,575.08,0.08536378220251017,55.93999999999994,Natural Gas,NG=F,₹/kg,Energy
2022-12-16,6.599999904632568,6.888000011444092,6.218999862670898,6.888000011444092,116642,82.85790252685547,570.73,570.73,515.29,546.86,-0.049071433539681464,55.440000000000055,Natural Gas,NG=F,₹/kg,Energy
2022-12-19,5.85099983215332,6.275000095367432,5.764999866485596,6.1539998054504395,121279,82.72599792480469,509.1,519.11,476.92,484.03,-0.11489229418864066,42.19,Natural Gas,NG=F,₹/kg,Energy
2022-12-20,5.326000213623047,5.906000137329102,5.25600004196167,5.831999778747559,123996,82.58190155029297,481.62,487.73,434.05,439.83,-0.09131665392640953,53.68000000000001,Natural Gas,NG=F,₹/kg,Energy
2022-12-21,5.331999778747559,5.609000205993652,5.264999866485596,5.388999938964844,89444,82.63690185546875,445.33,463.51,435.08,440.62,0.0017961485119251108,28.430000000000007,Natural Gas,NG=F,₹/kg,Energy
2022-12-22,4.999000072479248,5.6529998779296875,4.974999904632568,5.465000152587891,66757,82.87860107421875,452.93,468.51,412.32,414.31,-0.05971131587308798,56.19,Natural Gas,NG=F,₹/kg,Energy
2022-12-23,5.078999996185303,5.244999885559082,4.824999809265137,5.0929999351501465,42105,82.8749008178711,422.08,434.68,399.87,420.92,0.01595423716540756,34.81,Natural Gas,NG=F,₹/kg,Energy
2022-12-27,5.2820000648498535,5.367000102996826,5.080999851226807,5.2829999923706055,41154,82.90290069580078,437.98,444.94,421.23,437.89,0.04031644968164971,23.70999999999998,Natural Gas,NG=F,₹/kg,Energy
2022-12-28,4.709000110626221,5.183000087738037,4.5879998207092285,5.183000087738037,115022,82.7761001586914,429.03,429.03,379.78,389.79,-0.10984493822649521,49.25,Natural Gas,NG=F,₹/kg,Energy
2022-12-29,4.559000015258789,4.789999961853027,4.421999931335449,4.767000198364258,78441,82.85199737548828,394.96,396.86,366.37,377.72,-0.030965391621129323,30.49000000000001,Natural Gas,NG=F,₹/kg,Energy
2022-12-30,4.474999904632568,4.614999771118164,4.377999782562256,4.558000087738037,62281,82.83509826660156,377.56,382.28,362.65,370.69,-0.018611670020120763,19.629999999999995,Natural Gas,NG=F,₹/kg,Energy
2023-01-03,3.98799991607666,4.394000053405762,3.8940000534057617,4.39300012588501,116837,82.70600128173828,363.33,363.41,322.06,329.83,-0.11022687420755894,41.35000000000002,Natural Gas,NG=F,₹/kg,Energy
2023-01-04,4.171999931335449,4.218999862670898,3.9000000953674316,4.007999897003174,99759,82.78569793701172,331.81,349.27,322.86,345.38,0.04714549919655586,26.409999999999968,Natural Gas,NG=F,₹/kg,Energy
2023-01-05,3.7200000286102295,4.175000190734863,3.6510000228881836,4.15500020980835,116682,82.66649627685547,343.48,345.13,301.82,307.52,-0.10961839133707807,43.31,Natural Gas,NG=F,₹/kg,Energy
2023-01-06,3.7100000381469727,3.8389999866485596,3.5199999809265137,3.7639999389648438,105050,82.64520263671875,311.08,317.27,290.91,306.61,-0.002959157127991552,26.359999999999957,Natural Gas,NG=F,₹/kg,Energy
2023-01-09,3.9100000858306885,4.127999782562256,3.7809998989105225,3.809999942779541,130276,82.27339935302734,313.46,339.62,311.08,321.69,0.04918300120674468,28.54000000000002,Natural Gas,NG=F,₹/kg,Energy
2023-01-10,3.6389999389648438,3.9110000133514404,3.5460000038146973,3.9110000133514404,112231,82.18009948730469,321.41,321.41,291.41,299.05,-0.07037831452640742,30.0,Natural Gas,NG=F,₹/kg,Energy
2023-01-11,3.6710000038146973,3.7769999504089355,3.421999931335449,3.575000047683716,133203,81.63739776611328,291.85,308.34,279.36,299.69,0.002140110349439839,28.97999999999996,Natural Gas,NG=F,₹/kg,Energy
2023-01-12,3.694999933242798,3.946000099182129,3.6070001125335693,3.694000005722046,123743,81.63179779052734,301.55,322.12,294.45,301.63,0.006473355800994396,27.670000000000016,Natural Gas,NG=F,₹/kg,Energy
2023-01-13,3.4189999103546143,3.759999990463257,3.384000062942505,3.677000045776367,112096,81.1156005859375,298.26,304.99,274.5,277.33,-0.08056227828796869,30.49000000000001,Natural Gas,NG=F,₹/kg,Energy
2023-01-17,3.5859999656677246,3.7890000343322754,3.5209999084472656,3.556999921798706,143310,81.65260314941406,290.44,309.38,287.5,292.81,0.055817978581473415,21.879999999999995,Natural Gas,NG=F,₹/kg,Energy
2023-01-18,3.311000108718872,3.6440000534057617,3.2739999294281006,3.628000020980835,119853,81.52549743652344,295.77,297.08,266.91,269.93,-0.07813940780711037,30.16999999999996,Natural Gas,NG=F,₹/kg,Energy
2023-01-19,3.2750000953674316,3.3959999084472656,3.186000108718872,3.2929999828338623,99670,81.43599700927734,268.17,276.56,259.46,266.7,-0.011966065276182825,17.100000000000023,Natural Gas,NG=F,₹/kg,Energy
2023-01-20,3.1740000247955322,3.3889999389648438,3.0910000801086426,3.203000068664551,106735,81.23979949951172,260.21,275.32,251.11,257.86,-0.033145856767903936,24.20999999999998,Natural Gas,NG=F,₹/kg,Energy
2023-01-23,3.447000026702881,3.563999891281128,3.243000030517578,3.450000047683716,130377,80.97599792480469,279.37,288.6,262.61,279.12,0.0824478399131312,25.99000000000001,Natural Gas,NG=F,₹/kg,Energy
2023-01-24,3.257999897003174,3.5950000286102295,3.2239999771118164,3.450000047683716,62585,81.48799896240234,281.13,292.95,262.72,265.49,-0.048832043565491534,30.22999999999996,Natural Gas,NG=F,₹/kg,Energy
2023-01-25,3.066999912261963,3.250999927520752,2.992000102996826,3.242000102996826,40750,81.60189819335938,264.55,265.29,244.15,250.27,-0.05732795962183135,21.140000000000015,Natural Gas,NG=F,₹/kg,Energy
2023-01-26,2.944000005722046,3.003000020980835,2.760999917984009,3.003000020980835,47669,81.50270080566406,244.75,244.75,225.03,239.94,-0.041275422543652907,19.72,Natural Gas,NG=F,₹/kg,Energy
2023-01-27,3.1089999675750732,3.1760001182556152,2.8320000171661377,2.875999927520752,128689,81.44509887695312,234.24,258.67,230.65,253.21,0.0553054930399266,28.02000000000001,Natural Gas,NG=F,₹/kg,Energy
2023-01-30,2.677000045776367,2.7730000019073486,2.611999988555908,2.7200000286102295,167291,81.50800323486328,221.7,226.02,212.9,218.2,-0.13826468148967264,13.120000000000005,Natural Gas,NG=F,₹/kg,Energy
2023-01-31,2.684000015258789,2.753000020980835,2.614000082015991,2.684999942779541,145544,81.57990264892578,219.04,224.59,213.25,218.96,0.003483043079743453,11.340000000000003,Natural Gas,NG=F,₹/kg,Energy
2023-02-01,2.4679999351501465,2.7799999713897705,2.4630000591278076,2.7300000190734863,210664,81.76840209960938,223.23,227.32,201.4,201.8,-0.07837047862623303,25.919999999999987,Natural Gas,NG=F,₹/kg,Energy
2023-02-02,2.4560000896453857,2.5969998836517334,2.430999994277954,2.503999948501587,160777,81.71029663085938,204.6,212.2,198.64,200.68,-0.005550049554013947,13.560000000000002,Natural Gas,NG=F,₹/kg,Energy
2023-02-03,2.4100000858306885,2.515000104904175,2.3410000801086426,2.4570000171661377,145394,82.0458984375,201.59,206.35,192.07,197.73,-0.014700019932230468,14.280000000000001,Natural Gas,NG=F,₹/kg,Energy
2023-02-06,2.4570000171661377,2.5,2.365000009536743,2.421999931335449,138819,82.22599792480469,199.15,205.56,194.46,202.03,0.02174682648055426,11.099999999999994,Natural Gas,NG=F,₹/kg,Energy
2023-02-07,2.5840001106262207,2.615000009536743,2.4230000972747803,2.499000072479248,228475,82.75499725341797,206.8,216.4,200.52,213.84,0.0584566648517546,15.879999999999995,Natural Gas,NG=F,₹/kg,Energy
2023-02-08,2.3959999084472656,2.6570000648498535,2.367000102996826,2.5989999771118164,204605,82.74189758300781,215.05,219.85,195.85,198.25,-0.07290497568275345,24.0,Natural Gas,NG=F,₹/kg,Energy
2023-02-09,2.430000066757202,2.5290000438690186,2.3499999046325684,2.4110000133514404,227981,82.65950012207031,199.29,209.05,194.25,200.86,0.01316519546027739,14.800000000000011,Natural Gas,NG=F,₹/kg,Energy
2023-02-10,2.5139999389648438,2.5889999866485596,2.4100000858306885,2.4639999866485596,230687,82.533203125,203.36,213.68,198.91,207.49,0.03300806531912781,14.77000000000001,Natural Gas,NG=F,₹/kg,Energy
2023-02-13,2.4049999713897705,2.609999895095825,2.375999927520752,2.5799999237060547,251399,82.51300048828125,212.88,215.36,196.05,198.44,-0.04361655983420898,19.310000000000002,Natural Gas,NG=F,₹/kg,Energy
2023-02-14,2.566999912261963,2.622999906539917,2.4149999618530273,2.427000045776367,169804,82.59739685058594,200.46,216.65,199.47,212.03,0.06848417657730299,17.180000000000007,Natural Gas,NG=F,₹/kg,Energy
2023-02-15,2.4709999561309814,2.6070001125335693,2.446000099182129,2.6029999256134033,147505,82.86759948730469,215.7,216.04,202.69,204.77,-0.03424043767391405,13.349999999999994,Natural Gas,NG=F,₹/kg,Energy
2023-02-16,2.3889999389648438,2.559000015258789,2.3580000400543213,2.4639999866485596,141459,82.73770141601562,203.87,211.73,195.1,197.66,-0.03472188308834312,16.629999999999995,Natural Gas,NG=F,₹/kg,Energy
2023-02-17,2.2750000953674316,2.4200000762939453,2.2200000286102295,2.3910000324249268,133999,82.69529724121094,197.72,200.12,183.58,188.13,-0.048214105028837384,16.539999999999992,Natural Gas,NG=F,₹/kg,Energy
2023-02-21,2.072999954223633,2.2950000762939453,2.056999921798706,2.2249999046325684,108507,82.69750213623047,184.0,189.79,170.11,171.43,-0.08876840482644976,19.67999999999998,Natural Gas,NG=F,₹/kg,Energy
2023-02-22,2.1740000247955322,2.302000045776367,1.9670000076293945,2.065999984741211,57853,82.86119842529297,171.19,190.75,162.99,180.14,0.050807909934083684,27.75999999999999,Natural Gas,NG=F,₹/kg,Energy
2023-02-23,2.313999891281128,2.377000093460083,2.0950000286102295,2.1610000133514404,57085,82.83529663085938,179.01,196.9,173.54,191.68,0.06406128566670377,23.360000000000014,Natural Gas,NG=F,₹/kg,Energy
2023-02-24,2.4509999752044678,2.5769999027252197,2.306999921798706,2.3450000286102295,168130,82.6178970336914,193.74,212.91,190.6,202.5,0.056448247078463964,22.310000000000002,Natural Gas,NG=F,₹/kg,Energy
2023-02-27,2.7309999465942383,2.740000009536743,2.553999900817871,2.6500000953674316,238896,82.91799926757812,219.73,227.2,211.77,226.45,0.11827160493827149,15.429999999999978,Natural Gas,NG=F,₹/kg,Energy
2023-02-28,2.746999979019165,2.7880001068115234,2.568000078201294,2.7230000495910645,160843,82.6520004272461,225.06,230.43,212.25,227.05,0.002649591521307171,18.180000000000007,Natural Gas,NG=F,₹/kg,Energy
2023-03-01,2.811000108718872,2.8389999866485596,2.6640000343322754,2.7690000534057617,157116,82.6353988647461,228.82,234.6,220.14,232.29,0.02307861704470371,14.460000000000008,Natural Gas,NG=F,₹/kg,Energy
2023-03-02,2.765000104904175,2.86299991607666,2.7100000381469727,2.811000108718872,134243,82.4198989868164,231.68,235.97,223.36,227.89,-0.018941839941452487,12.609999999999985,Natural Gas,NG=F,₹/kg,Energy
2023-03-03,3.009000062942505,3.0269999504089355,2.7720000743865967,2.7890000343322754,185066,82.35569763183594,229.69,249.29,228.29,247.81,0.08741059282987407,21.0,Natural Gas,NG=F,₹/kg,Energy
2023-03-06,2.572000026702881,2.8299999237060547,2.5320000648498535,2.8299999237060547,246373,81.7125015258789,231.25,231.25,206.9,210.16,-0.15193091481376864,24.349999999999994,Natural Gas,NG=F,₹/kg,Energy
2023-03-07,2.687000036239624,2.697999954223633,2.50600004196167,2.6029999256134033,149484,81.85440063476562,213.07,220.84,205.13,219.94,0.04653597259231068,15.710000000000008,Natural Gas,NG=F,₹/kg,Energy
2023-03-08,2.5510001182556152,2.694000005722046,2.5190000534057617,2.6619999408721924,132610,82.07460021972656,218.48,221.11,206.75,209.37,-0.048058561425843416,14.360000000000014,Natural Gas,NG=F,₹/kg,Energy
2023-03-09,2.5429999828338623,2.6440000534057617,2.4649999141693115,2.5899999141693115,138147,81.9645004272461,212.29,216.71,202.04,208.44,-0.00444189711993126,14.670000000000016,Natural Gas,NG=F,₹/kg,Energy
2023-03-10,2.430000066757202,2.562000036239624,2.424999952316284,2.49399995803833,127165,82.01840209960938,204.55,210.13,198.89,199.3,-0.04384954903089611,11.240000000000009,Natural Gas,NG=F,₹/kg,Energy
2023-03-13,2.6059999465942383,2.632999897003174,2.3910000324249268,2.4260001182556152,146573,81.95800018310547,198.83,215.8,195.96,213.58,0.07165077772202699,19.840000000000003,Natural Gas,NG=F,₹/kg,Energy
2023-03-14,2.572999954223633,2.6740000247955322,2.5299999713897705,2.624000072479248,93916,82.41739654541016,216.26,220.38,208.52,212.06,-0.0071167712332615984,11.859999999999985,Natural Gas,NG=F,₹/kg,Energy
2023-03-15,2.438999891281128,2.5950000286102295,2.384000062942505,2.5769999027252197,132196,82.30490112304688,212.1,213.58,196.21,200.74,-0.05338111855135341,17.370000000000005,Natural Gas,NG=F,₹/kg,Energy
2023-03-16,2.5139999389648438,2.553999900817871,2.428999900817871,2.4830000400543213,114147,82.7156982421875,205.38,211.26,200.92,207.95,0.03591710670519066,10.340000000000003,Natural Gas,NG=F,₹/kg,Energy
2023-03-17,2.3380000591278076,2.5339999198913574,2.3269999027252197,2.5269999504089355,118455,82.622802734375,208.79,209.37,192.26,193.17,-0.07107477759076697,17.110000000000014,Natural Gas,NG=F,₹/kg,Energy
2023-03-20,2.2230000495910645,2.427000045776367,2.2109999656677246,2.3469998836517334,110519,82.53299713134766,193.7,200.31,182.48,183.47,-0.05021483667236104,17.830000000000013,Natural Gas,NG=F,₹/kg,Energy
2023-03-21,2.3480000495910645,2.3580000400543213,2.127000093460083,2.246000051498413,138551,82.52909851074219,185.36,194.6,175.54,193.78,0.056194473210879226,19.060000000000002,Natural Gas,NG=F,₹/kg,Energy
2023-03-22,2.1710000038146973,2.3259999752044678,2.1519999504089355,2.322000026702881,121562,82.677001953125,191.98,192.31,177.92,179.49,-0.07374342037361947,14.390000000000015,Natural Gas,NG=F,₹/kg,Energy
2023-03-23,2.1540000438690186,2.260999917984009,2.135999917984009,2.2149999141693115,87692,82.52580261230469,182.79,186.59,176.28,177.76,-0.00963841996768633,10.310000000000002,Natural Gas,NG=F,₹/kg,Energy
2023-03-24,2.2160000801086426,2.23799991607666,2.1410000324249268,2.1530001163482666,55636,82.26529693603516,177.12,184.11,176.13,182.3,0.025540054005400714,7.980000000000018,Natural Gas,NG=F,₹/kg,Energy
2023-03-27,2.0880000591278076,2.1429998874664307,2.059000015258789,2.130000114440918,39811,82.33879852294922,175.38,176.45,169.54,171.92,-0.05693911135490959,6.909999999999997,Natural Gas,NG=F,₹/kg,Energy
2023-03-28,2.0299999713897705,2.121999979019165,1.9980000257492065,2.0889999866485596,62598,82.21489715576172,171.75,174.46,164.27,166.9,-0.02919962773382956,10.189999999999998,Natural Gas,NG=F,₹/kg,Energy
2023-03-29,1.9910000562667847,2.0829999446868896,1.944000005722046,2.0239999294281006,155175,82.16429901123047,166.3,171.15,159.73,163.59,-0.019832234871180354,11.420000000000016,Natural Gas,NG=F,₹/kg,Energy
2023-03-30,2.1040000915527344,2.190000057220459,2.0799999237060547,2.183000087738037,153725,82.25540161132812,179.56,180.14,171.09,173.07,0.05794975242985512,9.049999999999983,Natural Gas,NG=F,₹/kg,Energy
2023-03-31,2.2160000801086426,2.240999937057495,2.0739998817443848,2.1070001125335693,164651,82.10050201416016,172.99,183.99,170.28,181.93,0.05119315883746478,13.710000000000008,Natural Gas,NG=F,₹/kg,Energy
2023-04-03,2.0969998836517334,2.1600000858306885,2.015000104904175,2.0850000381469727,173583,82.18479919433594,171.36,177.52,165.6,172.34,-0.05271258176221627,11.920000000000016,Natural Gas,NG=F,₹/kg,Energy
2023-04-04,2.1059999465942383,2.1659998893737793,2.0759999752044678,2.114000082015991,149115,82.14089965820312,173.65,177.92,170.52,172.99,0.0037716142508994466,7.399999999999977,Natural Gas,NG=F,₹/kg,Energy
2023-04-05,2.1549999713897705,2.197000026702881,2.065000057220459,2.0959999561309814,147112,82.11479949951172,172.11,180.41,169.57,176.96,0.022949303427943768,10.840000000000003,Natural Gas,NG=F,₹/kg,Energy
2023-04-06,2.010999917984009,2.180999994277954,1.9919999837875366,2.1410000324249268,0,81.94999694824219,175.45,178.73,163.24,164.8,-0.06871609403254975,15.48999999999998,Natural Gas,NG=F,₹/kg,Energy
2023-04-10,2.171999931335449,2.2230000495910645,2.010999917984009,2.0190000534057617,256800,81.88480377197266,165.33,182.03,164.67,177.85,0.07918689320388328,17.360000000000014,Natural Gas,NG=F,₹/kg,Energy
2023-04-11,2.186000108718872,2.246999979019165,2.125999927520752,2.181999921798706,220673,81.98390197753906,178.89,184.22,174.3,179.22,0.007703120607253311,9.919999999999987,Natural Gas,NG=F,₹/kg,Energy
2023-04-12,2.0929999351501465,2.2290000915527344,2.069000005722046,2.2209999561309814,247319,82.07009887695312,182.28,182.93,169.8,171.77,-0.0415690213145854,13.129999999999995,Natural Gas,NG=F,₹/kg,Energy
2023-04-13,2.006999969482422,2.130000114440918,1.9950000047683716,2.0840001106262207,224382,81.96060180664062,170.81,174.58,163.51,164.49,-0.04238225534144491,11.070000000000022,Natural Gas,NG=F,₹/kg,Energy
2023-04-14,2.114000082015991,2.131999969482422,1.9459999799728394,2.015000104904175,226788,81.68070220947266,164.59,174.14,158.95,172.67,0.049729466836889724,15.189999999999998,Natural Gas,NG=F,₹/kg,Energy
2023-04-17,2.2750000953674316,2.313999891281128,2.1459999084472656,2.1500000953674316,191441,81.84480285644531,175.97,189.39,175.64,186.2,0.07835756066485211,13.75,Natural Gas,NG=F,₹/kg,Energy
2023-04-18,2.365999937057495,2.384999990463257,2.2290000915527344,2.2899999618530273,120611,82.00370025634766,187.79,195.58,182.79,194.02,0.041997851772287875,12.79000000000002,Natural Gas,NG=F,₹/kg,Energy
2023-04-19,2.2219998836517334,2.382999897003174,2.177000045776367,2.372999906539917,147565,82.10790252685547,194.84,195.66,178.75,182.44,-0.059684568601175214,16.909999999999997,Natural Gas,NG=F,₹/kg,Energy
2023-04-20,2.249000072479248,2.2709999084472656,2.140000104904175,2.178999900817871,115594,82.34010314941406,179.42,186.99,176.21,185.18,0.015018636263977259,10.780000000000001,Natural Gas,NG=F,₹/kg,Energy
2023-04-21,2.2330000400543213,2.2739999294281006,2.1640000343322754,2.191999912261963,82961,82.14089965820312,180.05,186.79,177.75,183.42,-0.009504266119451432,9.039999999999992,Natural Gas,NG=F,₹/kg,Energy
2023-04-24,2.2730000019073486,2.2860000133514404,2.180999994277954,2.2200000286102295,56324,82.05480194091797,182.16,187.58,178.96,186.51,0.016846581615963307,8.620000000000005,Natural Gas,NG=F,₹/kg,Energy
2023-04-25,2.306999921798706,2.312000036239624,2.1700000762939453,2.26200008392334,66131,81.85230255126953,185.15,189.24,177.62,188.83,0.01243901131306635,11.620000000000005,Natural Gas,NG=F,₹/kg,Energy
2023-04-26,2.117000102996826,2.2739999294281006,2.1010000705718994,2.239000082015991,149625,81.9916000366211,183.58,186.45,172.26,173.58,-0.08076047238256634,14.189999999999998,Natural Gas,NG=F,₹/kg,Energy
2023-04-27,2.3550000190734863,2.375999927520752,2.2679998874664307,2.313999891281128,105218,81.76689910888672,189.21,194.28,185.45,192.56,0.10934439451549705,8.830000000000013,Natural Gas,NG=F,₹/kg,Energy
2023-04-28,2.4100000858306885,2.5290000438690186,2.2850000858306885,2.3580000400543213,176420,81.76509857177734,192.8,206.78,186.83,197.05,0.023317407561279646,19.94999999999999,Natural Gas,NG=F,₹/kg,Energy
2023-05-01,2.318000078201294,2.4100000858306885,2.2899999618530273,2.3980000019073486,108993,81.74479675292969,196.02,197.0,187.2,189.48,-0.03841664552144142,9.800000000000011,Natural Gas,NG=F,₹/kg,Energy
2023-05-02,2.2139999866485596,2.3450000286102295,2.186000108718872,2.313999891281128,127225,81.77469635009766,189.23,191.76,178.76,181.05,-0.04449018366054458,13.0,Natural Gas,NG=F,₹/kg,Energy
2023-05-03,2.1700000762939453,2.240999937057495,2.1029999256134033,2.2239999771118164,130327,81.77870178222656,181.88,183.27,171.98,177.46,-0.019828776581054974,11.29000000000002,Natural Gas,NG=F,₹/kg,Energy
2023-05-04,2.1010000705718994,2.188999891281128,2.0810000896453857,2.1570000648498535,113278,81.77999877929688,176.4,179.02,170.18,171.82,-0.03178180998534885,8.840000000000003,Natural Gas,NG=F,₹/kg,Energy
2023-05-05,2.13700008392334,2.1670000553131104,2.0309998989105225,2.0859999656677246,120689,81.71610260009766,170.46,177.08,165.97,174.63,0.01635432429286454,11.110000000000014,Natural Gas,NG=F,₹/kg,Energy
2023-05-08,2.23799991607666,2.255000114440918,2.140000104904175,2.1480000019073486,125345,81.72979736328125,175.56,184.3,174.9,182.91,0.04741453358529468,9.400000000000006,Natural Gas,NG=F,₹/kg,Energy
2023-05-09,2.2669999599456787,2.296999931335449,2.184000015258789,2.249000072479248,134534,81.78710174560547,183.94,187.86,178.62,185.41,0.013667924115685404,9.240000000000009,Natural Gas,NG=F,₹/kg,Energy
2023-05-10,2.190999984741211,2.265000104904175,2.1600000858306885,2.26200008392334,126485,82.1050033569336,185.72,185.97,177.35,179.89,-0.029771856965643773,8.620000000000005,Natural Gas,NG=F,₹/kg,Energy
2023-05-11,2.190000057220459,2.255000114440918,2.1649999618530273,2.181999921798706,119033,81.9198989868164,178.75,184.73,177.36,179.4,-0.0027238868197230204,7.369999999999976,Natural Gas,NG=F,₹/kg,Energy
2023-05-12,2.2660000324249268,2.3350000381469727,2.1470000743865967,2.190999984741211,159351,82.10030364990234,179.88,191.7,176.27,186.04,0.03701226309921957,15.429999999999978,Natural Gas,NG=F,₹/kg,Energy
2023-05-15,2.375,2.384000062942505,2.25,2.265000104904175,142753,82.20030212402344,186.18,195.97,184.95,195.23,0.049397978929262454,11.02000000000001,Natural Gas,NG=F,₹/kg,Energy
2023-05-16,2.375999927520752,2.4700000286102295,2.3410000801086426,2.372999906539917,135427,82.2667007446289,195.22,203.2,192.59,195.47,0.0012293192644574624,10.609999999999985,Natural Gas,NG=F,₹/kg,Energy
2023-05-17,2.365000009536743,2.434999942779541,2.322000026702881,2.361999988555908,139262,82.2959976196289,194.38,200.39,191.09,194.63,-0.0042973346293548875,9.299999999999983,Natural Gas,NG=F,₹/kg,Energy
2023-05-18,2.5920000076293945,2.634000062942505,2.3519999980926514,2.380000114440918,186293,82.45030212402344,196.23,217.17,193.92,213.71,0.09803216359245748,23.25,Natural Gas,NG=F,₹/kg,Energy
2023-05-19,2.5850000381469727,2.684999942779541,2.556999921798706,2.615000009536743,162128,82.72509765625,216.33,222.12,211.53,213.84,0.0006083009686022045,10.590000000000003,Natural Gas,NG=F,₹/kg,Energy
2023-05-22,2.4000000953674316,2.569000005722046,2.367000102996826,2.568000078201294,114478,82.90480041503906,212.9,212.98,196.24,198.97,-0.0695379723157501,16.73999999999998,Natural Gas,NG=F,₹/kg,Energy
2023-05-23,2.321000099182129,2.4070000648498535,2.318000078201294,2.4000000953674316,58742,82.82499694824219,198.78,199.36,191.99,192.24,-0.03382419460220132,7.3700000000000045,Natural Gas,NG=F,₹/kg,Energy
2023-05-24,2.3980000019073486,2.4149999618530273,2.316999912261963,2.3469998836517334,33040,82.8906021118164,194.54,200.18,192.06,198.77,0.0339679567207658,8.120000000000005,Natural Gas,NG=F,₹/kg,Energy
2023-05-25,2.306999921798706,2.440999984741211,2.257999897003174,2.4130001068115234,48663,82.71369934082031,199.59,201.9,186.77,190.82,-0.039995975247773874,15.129999999999995,Natural Gas,NG=F,₹/kg,Energy
2023-05-26,2.180999994277954,2.2980000972747803,2.1429998874664307,2.2920000553131104,140560,82.74210357666016,189.64,190.14,177.32,180.46,-0.05429200293470282,12.819999999999993,Natural Gas,NG=F,₹/kg,Energy
2023-05-30,2.3269999027252197,2.447999954223633,2.256999969482422,2.4170000553131104,183534,82.57969665527344,199.6,202.16,186.38,192.16,0.06483431231297798,15.780000000000001,Natural Gas,NG=F,₹/kg,Energy
2023-05-31,2.2660000324249268,2.4100000858306885,2.246999979019165,2.319999933242798,151831,82.68389892578125,191.83,199.27,185.79,187.36,-0.02497918401332211,13.480000000000018,Natural Gas,NG=F,₹/kg,Energy
2023-06-01,2.1579999923706055,2.2829999923706055,2.135999917984009,2.255000114440918,210624,82.66680145263672,186.41,188.73,176.58,178.39,-0.047875747224594534,12.149999999999977,Natural Gas,NG=F,₹/kg,Energy
2023-06-02,2.171999931335449,2.2330000400543213,2.138000011444092,2.1630001068115234,155169,82.27670288085938,177.96,183.72,175.91,178.7,0.001737765569818972,7.810000000000002,Natural Gas,NG=F,₹/kg,Energy
2023-06-05,2.244999885559082,2.316999912261963,2.184000015258789,2.2139999866485596,149918,82.40979766845703,182.46,190.94,179.98,185.01,0.03531057638500279,10.960000000000008,Natural Gas,NG=F,₹/kg,Energy
2023-06-06,2.26200008392334,2.2909998893737793,2.1730000972747803,2.2720000743865967,147732,82.51119995117188,187.47,189.03,179.3,186.64,0.008810334576509371,9.72999999999999,Natural Gas,NG=F,₹/kg,Energy
2023-06-07,2.3289999961853027,2.3459999561309814,2.25,2.2639999389648438,182391,82.51719665527344,186.82,193.59,185.66,192.18,0.02968281183026167,7.930000000000007,Natural Gas,NG=F,₹/kg,Energy
2023-06-08,2.3519999980926514,2.380000114440918,2.2769999504089355,2.3340001106262207,217008,82.61810302734375,192.83,196.63,188.12,194.32,0.011135393901550605,8.509999999999991,Natural Gas,NG=F,₹/kg,Energy
2023-06-09,2.253999948501587,2.3380000591278076,2.25,2.319999933242798,169479,82.48829650878906,191.37,192.86,185.6,185.93,-0.04317620419925894,7.260000000000019,Natural Gas,NG=F,₹/kg,Energy
2023-06-12,2.2660000324249268,2.3239998817443848,2.2060000896453857,2.303999900817871,174479,82.4448013305664,189.95,191.6,181.87,186.82,0.004786747700747496,9.72999999999999,Natural Gas,NG=F,₹/kg,Energy
2023-06-13,2.3399999141693115,2.369999885559082,2.2750000953674316,2.2839999198913574,179755,82.33719635009766,188.06,195.14,187.32,192.67,0.03131356385825934,7.819999999999993,Natural Gas,NG=F,₹/kg,Energy
2023-06-14,2.3420000076293945,2.390000104904175,2.2939999103546143,2.3320000171661377,141175,82.29039764404297,191.9,196.67,188.77,192.72,0.0002595110811232093,7.899999999999977,Natural Gas,NG=F,₹/kg,Energy
2023-06-15,2.5329999923706055,2.568000078201294,2.315000057220459,2.3459999561309814,260280,82.04499816894531,192.48,210.69,189.93,207.82,0.07835201328352004,20.75999999999999,Natural Gas,NG=F,₹/kg,Energy
2023-06-16,2.631999969482422,2.6530001163482666,2.5220000743865967,2.552000045776367,194535,81.9126968383789,209.04,217.31,206.58,215.59,0.0373881243383698,10.72999999999999,Natural Gas,NG=F,₹/kg,Energy
2023-06-20,2.492000102996826,2.696000099182129,2.4839999675750732,2.628999948501587,198217,81.98139953613281,215.53,221.02,203.64,204.3,-0.05236792059000872,17.380000000000024,Natural Gas,NG=F,₹/kg,Energy
2023-06-21,2.5969998836517334,2.6019999980926514,2.447999954223633,2.486999988555908,125413,81.9917984008789,203.91,213.34,200.72,212.93,0.04224180127263821,12.620000000000005,Natural Gas,NG=F,₹/kg,Energy
2023-06-22,2.6080000400543213,2.631999969482422,2.5290000438690186,2.5899999141693115,109156,81.94149780273438,212.23,215.67,207.23,213.7,0.003616211900624444,8.439999999999998,Natural Gas,NG=F,₹/kg,Energy
2023-06-23,2.7290000915527344,2.740000009536743,2.5199999809265137,2.611999988555908,84433,81.91929626464844,213.97,224.46,206.44,223.56,0.04613944782405244,18.02000000000001,Natural Gas,NG=F,₹/kg,Energy
2023-06-26,2.7909998893737793,2.815999984741211,2.7200000286102295,2.757999897003174,31600,81.98480224609375,226.11,230.87,223.0,228.82,0.023528359277151578,7.8700000000000045,Natural Gas,NG=F,₹/kg,Energy
2023-06-27,2.763000011444092,2.809000015258789,2.7239999771118164,2.7769999504089355,71154,82.00650024414062,227.73,230.36,223.39,226.58,-0.009789354077440748,6.970000000000027,Natural Gas,NG=F,₹/kg,Energy
2023-06-28,2.6029999256134033,2.8389999866485596,2.5929999351501465,2.7880001068115234,137907,81.99839782714844,228.61,232.79,212.62,213.44,-0.057992761938388315,20.169999999999987,Natural Gas,NG=F,₹/kg,Energy
2023-06-29,2.7009999752044678,2.746000051498413,2.615999937057495,2.6619999408721924,118610,82.02649688720703,218.35,225.24,214.58,221.55,0.03799662668665671,10.659999999999997,Natural Gas,NG=F,₹/kg,Energy
2023-06-30,2.7980000972747803,2.828000068664551,2.634000062942505,2.677000045776367,147265,82.07540130615234,219.72,232.11,216.19,229.65,0.036560595802301865,15.920000000000016,Natural Gas,NG=F,₹/kg,Energy
2023-07-03,2.7090001106262207,2.746000051498413,2.6700000762939453,2.7290000915527344,79618,82.09629821777344,224.04,225.44,219.2,222.4,-0.031569780100152434,6.240000000000009,Natural Gas,NG=F,₹/kg,Energy
2023-07-05,2.6570000648498535,2.7929999828338623,2.6480000019073486,2.6989998817443848,124912,82.0071029663086,221.34,229.05,217.15,217.89,-0.0202787769784174,11.900000000000006,Natural Gas,NG=F,₹/kg,Energy
2023-07-06,2.6089999675750732,2.687000036239624,2.5859999656677246,2.6519999504089355,109301,82.39409637451172,218.51,221.39,213.07,214.97,-0.01340125751525989,8.319999999999993,Natural Gas,NG=F,₹/kg,Energy
2023-07-07,2.5820000171661377,2.674999952316284,2.5360000133514404,2.634999990463257,103593,82.76840209960938,218.09,221.41,209.9,213.71,-0.0058612829697166635,11.509999999999991,Natural Gas,NG=F,₹/kg,Energy
2023-07-10,2.6689999103546143,2.691999912261963,2.569999933242798,2.569999933242798,124495,82.61530303955078,212.32,222.4,212.32,220.5,0.03177202751392061,10.080000000000013,Natural Gas,NG=F,₹/kg,Energy
2023-07-11,2.7309999465942383,2.747999906539917,2.630000114440918,2.6670000553131104,130580,82.52529907226562,220.09,226.78,217.04,225.38,0.022131519274376288,9.740000000000009,Natural Gas,NG=F,₹/kg,Energy
2023-07-12,2.631999969482422,2.75,2.618000030517578,2.739000082015991,149633,82.39990234375,225.69,226.6,215.72,216.88,-0.037714082882243316,10.879999999999995,Natural Gas,NG=F,₹/kg,Energy
2023-07-13,2.5450000762939453,2.6659998893737793,2.5390000343322754,2.6589999198913574,148019,82.00180053710938,218.04,218.62,208.2,208.69,-0.03776281814828475,10.420000000000016,Natural Gas,NG=F,₹/kg,Energy
2023-07-14,2.5390000343322754,2.6059999465942383,2.492000102996826,2.558000087738037,134591,82.03079986572266,209.83,213.77,204.42,208.28,-0.0019646365422396617,9.350000000000023,Natural Gas,NG=F,₹/kg,Energy
2023-07-17,2.51200008392334,2.5799999237060547,2.4839999675750732,2.5480000972747803,110913,82.07679748535156,209.13,211.76,203.88,206.18,-0.010082581140771985,7.8799999999999955,Natural Gas,NG=F,₹/kg,Energy
2023-07-18,2.628999948501587,2.6470000743865967,2.5290000438690186,2.5369999408721924,134874,82.06159973144531,208.19,217.22,207.53,215.74,0.04636725191580182,9.689999999999998,Natural Gas,NG=F,₹/kg,Energy
2023-07-19,2.6029999256134033,2.6570000648498535,2.5840001106262207,2.619999885559082,102069,82.07540130615234,215.04,218.07,212.08,213.64,-0.009733939000649006,5.989999999999981,Natural Gas,NG=F,₹/kg,Energy
2023-07-20,2.756999969482422,2.7890000343322754,2.617000102996826,2.628999948501587,165848,82.06169891357422,215.74,228.87,214.76,226.24,0.05897771952817843,14.110000000000014,Natural Gas,NG=F,₹/kg,Energy
2023-07-21,2.7130000591278076,2.7860000133514404,2.687000036239624,2.74399995803833,94148,82.0823974609375,225.23,228.68,220.56,222.69,-0.01569130127298446,8.120000000000005,Natural Gas,NG=F,₹/kg,Energy
2023-07-24,2.684999942779541,2.7669999599456787,2.6640000343322754,2.7209999561309814,54167,81.99030303955078,223.1,226.87,218.42,220.14,-0.01145089586420589,8.450000000000017,Natural Gas,NG=F,₹/kg,Energy
2023-07-25,2.7300000190734863,2.753999948501587,2.6559998989105225,2.703000068664551,35545,81.81420135498047,221.14,225.32,217.3,223.35,0.014581629871899704,8.019999999999982,Natural Gas,NG=F,₹/kg,Energy
2023-07-26,2.6649999618530273,2.739000082015991,2.625,2.7200000286102295,37310,81.95010375976562,222.9,224.46,215.12,218.4,-0.022162525184687643,9.340000000000003,Natural Gas,NG=F,₹/kg,Energy
2023-07-27,2.492000102996826,2.6500000953674316,2.4630000591278076,2.627000093460083,166760,81.97550201416016,215.35,217.24,201.91,204.28,-0.06465201465201464,15.330000000000013,Natural Gas,NG=F,₹/kg,Energy
2023-07-28,2.638000011444092,2.684999942779541,2.563999891281128,2.6019999980926514,136505,82.3749008178711,214.34,221.18,211.21,217.3,0.06373604856079895,9.969999999999999,Natural Gas,NG=F,₹/kg,Energy
2023-07-31,2.634000062942505,2.693000078201294,2.6050000190734863,2.6589999198913574,97877,82.25279998779297,218.71,221.51,214.27,216.65,-0.002991256327657621,7.239999999999981,Natural Gas,NG=F,₹/kg,Energy
2023-08-01,2.559999942779541,2.674999952316284,2.5309998989105225,2.6440000534057617,135522,82.2332992553711,217.42,219.97,208.13,210.52,-0.028294484191091596,11.840000000000003,Natural Gas,NG=F,₹/kg,Energy
2023-08-02,2.4769999980926514,2.5810000896453857,2.4570000171661377,2.578000068664551,147612,82.30729675292969,212.19,212.44,202.23,203.88,-0.03154094622838688,10.210000000000008,Natural Gas,NG=F,₹/kg,Energy
2023-08-03,2.565000057220459,2.5859999656677246,2.4739999771118164,2.4839999675750732,139151,82.7332992553711,205.51,213.95,204.68,212.21,0.04085736707867382,9.269999999999982,Natural Gas,NG=F,₹/kg,Energy
2023-08-04,2.5769999027252197,2.61899995803833,2.5290000438690186,2.555999994277954,104012,82.7843017578125,211.6,216.81,209.36,213.34,0.005324914000282677,7.449999999999989,Natural Gas,NG=F,₹/kg,Energy
2023-08-07,2.7249999046325684,2.753999948501587,2.571000099182129,2.5789999961853027,228905,82.69529724121094,213.27,227.74,212.61,225.34,0.05624824224242997,15.129999999999995,Natural Gas,NG=F,₹/kg,Energy
2023-08-08,2.7769999504089355,2.8010001182556152,2.691999912261963,2.734999895095825,186795,82.74829864501953,226.32,231.78,222.76,229.79,0.019747936451584236,9.02000000000001,Natural Gas,NG=F,₹/kg,Energy
2023-08-09,2.9590001106262207,3.0179998874664307,2.7709999084472656,2.796999931335449,312252,82.84500122070312,231.72,250.03,229.56,245.14,0.06680012185038509,20.47,Natural Gas,NG=F,₹/kg,Energy
2023-08-10,2.763000011444092,2.997999906539917,2.746999979019165,2.9739999771118164,230514,82.86630249023438,246.44,248.43,227.63,228.96,-0.06600310026923384,20.80000000000001,Natural Gas,NG=F,₹/kg,Energy
2023-08-11,2.7699999809265137,2.8329999446868896,2.7009999752044678,2.7799999713897705,163958,82.79989624023438,230.18,234.57,223.64,229.36,0.0017470300489168533,10.930000000000007,Natural Gas,NG=F,₹/kg,Energy
2023-08-14,2.7950000762939453,2.8269999027252197,2.749000072479248,2.7760000228881836,93502,82.89730072021484,230.12,234.35,227.88,231.7,0.01020230205790007,6.469999999999999,Natural Gas,NG=F,₹/kg,Energy
2023-08-15,2.6589999198913574,2.86299991607666,2.6470000743865967,2.809999942779541,158887,83.2333984375,233.89,238.3,220.32,221.32,-0.04479930945187738,17.980000000000018,Natural Gas,NG=F,₹/kg,Energy
2023-08-16,2.5920000076293945,2.6740000247955322,2.568000078201294,2.6640000343322754,142515,83.19419860839844,221.63,222.46,213.64,215.64,-0.025664196638351733,8.820000000000022,Natural Gas,NG=F,₹/kg,Energy
2023-08-17,2.621000051498413,2.6700000762939453,2.575000047683716,2.6050000190734863,119544,83.23699951171875,216.83,222.24,214.34,218.16,0.011686143572620988,7.900000000000006,Natural Gas,NG=F,₹/kg,Energy
2023-08-18,2.5510001182556152,2.635999917984009,2.5239999294281006,2.622999906539917,128027,83.09829711914062,217.97,219.05,209.74,211.98,-0.02832783278327833,9.310000000000002,Natural Gas,NG=F,₹/kg,Energy
2023-08-21,2.631999969482422,2.6600000858306885,2.555000066757202,2.559999942779541,102634,83.16729736328125,212.91,221.23,212.49,218.9,0.03264458911218049,8.73999999999998,Natural Gas,NG=F,₹/kg,Energy
2023-08-22,2.559999942779541,2.635999917984009,2.5399999618530273,2.618000030517578,111965,83.1135025024414,217.59,219.09,211.11,212.77,-0.02800365463682042,7.97999999999999,Natural Gas,NG=F,₹/kg,Energy
2023-08-23,2.496999979019165,2.5899999141693115,2.4730000495910645,2.559999942779541,93844,83.07330322265625,212.67,215.16,205.44,207.43,-0.025097523147060263,9.719999999999999,Natural Gas,NG=F,₹/kg,Energy
2023-08-24,2.5190000534057617,2.565000057220459,2.424999952316284,2.4839999675750732,76080,82.5447006225586,205.04,211.73,200.17,207.93,0.0024104517186520624,11.560000000000002,Natural Gas,NG=F,₹/kg,Energy
2023-08-25,2.5399999618530273,2.555000066757202,2.4679999351501465,2.5169999599456787,31329,82.64140319824219,208.01,211.15,203.96,209.91,0.009522435435002086,7.189999999999998,Natural Gas,NG=F,₹/kg,Energy
2023-08-28,2.5789999961853027,2.694999933242798,2.5439999103546143,2.634999990463257,58220,82.66429901123047,217.82,222.78,210.3,213.19,0.01562574436663322,12.47999999999999,Natural Gas,NG=F,₹/kg,Energy
2023-08-29,2.555999994277954,2.5989999771118164,2.515000104904175,2.5789999961853027,145380,82.69149780273438,213.26,214.92,207.97,211.36,-0.008583892302640783,6.949999999999989,Natural Gas,NG=F,₹/kg,Energy
2023-08-30,2.7960000038146973,2.812999963760376,2.6470000743865967,2.680000066757202,146876,82.49469757080078,221.09,232.06,218.36,230.66,0.09131339894019663,13.699999999999989,Natural Gas,NG=F,₹/kg,Energy
2023-08-31,2.7679998874664307,2.865000009536743,2.7079999446868896,2.802999973297119,176016,82.70040130615234,231.81,236.94,223.95,228.91,-0.007586924477586021,12.990000000000009,Natural Gas,NG=F,₹/kg,Energy
2023-09-01,2.765000104904175,2.859999895095825,2.734999895095825,2.765000104904175,127248,82.68240356445312,228.62,236.47,226.14,228.62,-0.0012668734437114582,10.330000000000013,Natural Gas,NG=F,₹/kg,Energy
2023-09-05,2.5820000171661377,2.7079999446868896,2.565999984741211,2.700000047683716,178329,82.7345962524414,223.38,224.05,212.3,213.62,-0.06561105765024933,11.75,Natural Gas,NG=F,₹/kg,Energy
2023-09-06,2.509999990463257,2.614000082015991,2.503000020980835,2.5840001106262207,116663,83.08609771728516,214.69,217.19,207.96,208.55,-0.023733732796554552,9.22999999999999,Natural Gas,NG=F,₹/kg,Energy
2023-09-07,2.5789999961853027,2.614000082015991,2.5,2.5160000324249268,140334,83.25740051269531,209.48,217.63,208.14,214.72,0.029585231359386066,9.490000000000009,Natural Gas,NG=F,₹/kg,Energy
2023-09-08,2.6050000190734863,2.6589999198913574,2.572000026702881,2.5789999961853027,101228,83.24150085449219,214.68,221.34,214.1,216.84,0.00987332339791358,7.240000000000009,Natural Gas,NG=F,₹/kg,Energy
2023-09-11,2.6080000400543213,2.6389999389648438,2.5409998893737793,2.609999895095825,110879,83.03130340576172,216.71,219.12,210.98,216.55,-0.0013373916251613327,8.140000000000015,Natural Gas,NG=F,₹/kg,Energy
2023-09-12,2.743000030517578,2.7820000648498535,2.6040000915527344,2.619999885559082,202189,82.94329833984375,217.31,230.75,215.98,227.51,0.050611867928884724,14.77000000000001,Natural Gas,NG=F,₹/kg,Energy
2023-09-13,2.680000066757202,2.7769999504089355,2.640000104904175,2.746999979019165,191712,82.84300231933594,227.57,230.06,218.71,222.02,-0.024130807437035662,11.349999999999994,Natural Gas,NG=F,₹/kg,Energy
2023-09-14,2.7079999446868896,2.822999954223633,2.697000026702881,2.7149999141693115,154082,82.93679809570312,225.17,234.13,223.68,224.59,0.011575533735699528,10.449999999999989,Natural Gas,NG=F,₹/kg,Energy
2023-09-15,2.6440000534057617,2.7360000610351562,2.63700008392334,2.7039999961853027,127780,83.0282974243164,224.51,227.17,218.95,219.53,-0.022529943452513468,8.219999999999999,Natural Gas,NG=F,₹/kg,Energy
2023-09-18,2.7279999256134033,2.744999885559082,2.5999999046325684,2.624000072479248,128308,83.08580017089844,218.02,228.07,216.02,226.66,0.03247847674577509,12.049999999999983,Natural Gas,NG=F,₹/kg,Energy
2023-09-19,2.8480000495910645,2.871999979019165,2.7100000381469727,2.7290000915527344,164806,83.25489807128906,227.2,239.11,225.62,237.11,0.046104297185211474,13.490000000000009,Natural Gas,NG=F,₹/kg,Energy
2023-09-20,2.7330000400543213,2.8239998817443848,2.693000078201294,2.819000005722046,140309,83.19499969482422,234.53,234.94,224.04,227.37,-0.04107798068407076,10.900000000000006,Natural Gas,NG=F,₹/kg,Energy
2023-09-21,2.609999895095825,2.759000062942505,2.5950000286102295,2.7320001125335693,99971,83.08699798583984,226.99,229.24,215.61,216.86,-0.046224216035536725,13.629999999999995,Natural Gas,NG=F,₹/kg,Energy
2023-09-22,2.63700008392334,2.683000087738037,2.6019999980926514,2.624000072479248,52641,82.89129638671875,217.51,222.4,215.68,218.58,0.007931384303237143,6.719999999999999,Natural Gas,NG=F,₹/kg,Energy
2023-09-25,2.6389999389648438,2.6710000038146973,2.6059999465942383,2.6570000648498535,36175,82.97480010986328,220.46,221.63,216.23,218.97,0.0017842437551467416,5.400000000000006,Natural Gas,NG=F,₹/kg,Energy
2023-09-26,2.6559998989105225,2.6670000553131104,2.552000045776367,2.638000011444092,57087,83.0282974243164,219.03,221.44,211.89,220.52,0.007078595241357233,9.550000000000011,Natural Gas,NG=F,₹/kg,Energy
2023-09-27,2.7639999389648438,2.7809998989105225,2.640000104904175,2.6559998989105225,136011,83.29869842529297,221.24,231.65,219.91,230.24,0.04407763468166159,11.740000000000009,Natural Gas,NG=F,₹/kg,Energy
2023-09-28,2.944999933242798,2.9809999465942383,2.868000030517578,2.8910000324249268,123674,83.22270202636719,240.6,248.09,238.68,245.09,0.06449791521890202,9.409999999999997,Natural Gas,NG=F,₹/kg,Energy
2023-09-29,2.928999900817871,2.996999979019165,2.8550000190734863,2.9489998817443848,114663,83.19300079345703,245.34,249.33,237.52,243.67,-0.005793790036313307,11.810000000000002,Natural Gas,NG=F,₹/kg,Energy
2023-10-02,2.8399999141693115,2.9579999446868896,2.8350000381469727,2.9579999446868896,124338,83.03479766845703,245.62,245.62,235.4,235.82,-0.032215701563590105,10.219999999999999,Natural Gas,NG=F,₹/kg,Energy
2023-10-03,2.9489998817443848,2.9660000801086426,2.819999933242798,2.8420000076293945,128578,83.3593978881836,236.91,247.24,235.07,245.83,0.04244762954796033,12.170000000000016,Natural Gas,NG=F,₹/kg,Energy
2023-10-04,2.9619998931884766,3.055000066757202,2.934999942779541,2.940000057220459,155568,83.22979736328125,244.7,254.27,244.28,246.53,0.0028474962372371238,9.990000000000009,Natural Gas,NG=F,₹/kg,Energy
2023-10-05,3.1659998893737793,3.2049999237060547,2.9649999141693115,2.98799991607666,220407,83.44979858398438,249.35,267.46,247.43,264.2,0.07167484687461978,20.029999999999973,Natural Gas,NG=F,₹/kg,Energy
2023-10-06,3.3380000591278076,3.364000082015991,3.1659998893737793,3.183000087738037,247997,83.22489929199219,264.9,279.97,263.49,277.8,0.05147615442846343,16.480000000000018,Natural Gas,NG=F,₹/kg,Energy
2023-10-09,3.375999927520752,3.4709999561309814,3.322000026702881,3.3499999046325684,208300,83.12460327148438,278.47,288.53,276.14,280.63,0.010187185025197998,12.389999999999986,Natural Gas,NG=F,₹/kg,Energy
2023-10-10,3.381999969482422,3.4489998817443848,3.3359999656677246,3.371000051498413,170101,83.27030181884766,280.7,287.2,277.79,281.62,0.0035277767879413613,9.409999999999968,Natural Gas,NG=F,₹/kg,Energy
2023-10-11,3.377000093460083,3.4539999961853027,3.2249999046325684,3.4049999713897705,211414,83.25029754638672,283.47,287.55,268.48,281.14,-0.0017044244016760635,19.069999999999993,Natural Gas,NG=F,₹/kg,Energy
2023-10-12,3.3440001010894775,3.427999973297119,3.2990000247955322,3.384999990463257,160315,83.21800231933594,281.69,285.27,274.54,278.28,-0.010172867610443226,10.729999999999961,Natural Gas,NG=F,₹/kg,Energy
2023-10-13,3.2360000610351562,3.3480000495910645,3.203000068664551,3.3459999561309814,139194,83.26239776611328,278.6,278.76,266.69,269.44,-0.03176656604858408,12.069999999999993,Natural Gas,NG=F,₹/kg,Energy
2023-10-16,3.1089999675750732,3.184999942779541,3.052999973297119,3.184999942779541,165019,83.28230285644531,265.25,265.25,254.26,258.92,-0.03904394299287406,10.990000000000009,Natural Gas,NG=F,₹/kg,Energy
2023-10-17,3.0789999961853027,3.13700008392334,3.0239999294281006,3.124000072479248,133591,83.19950103759766,259.92,261.0,251.6,256.17,-0.01062104124826202,9.400000000000006,Natural Gas,NG=F,₹/kg,Energy
2023-10-18,3.055999994277954,3.1579999923706055,3.0369999408721924,3.061000108718872,122851,83.26429748535156,254.87,262.95,252.87,254.46,-0.006675254713666701,10.079999999999984,Natural Gas,NG=F,₹/kg,Energy
2023-10-19,2.9570000171661377,3.0920000076293945,2.943000078201294,3.072000026702881,138650,83.26860046386719,255.8,257.47,245.06,246.23,-0.03234300086457609,12.410000000000025,Natural Gas,NG=F,₹/kg,Energy
2023-10-20,2.8989999294281006,2.9769999980926514,2.880000114440918,2.9590001106262207,144044,83.12229919433594,245.96,247.46,239.39,240.97,-0.02136214108760104,8.070000000000022,Natural Gas,NG=F,₹/kg,Energy
2023-10-23,2.9260001182556152,2.9509999752044678,2.8610000610351562,2.9049999713897705,99128,83.15979766845703,241.58,245.4,237.92,243.33,0.00979375025936835,7.480000000000018,Natural Gas,NG=F,₹/kg,Energy
2023-10-24,2.9709999561309814,2.996999979019165,2.875999927520752,2.9179999828338623,65427,83.02940368652344,242.28,248.84,238.79,246.68,0.013767311880984678,10.050000000000011,Natural Gas,NG=F,₹/kg,Energy
2023-10-25,3.009999990463257,3.0339999198913574,2.9539999961853027,2.9749999046325684,31461,82.98780059814453,246.89,251.78,245.15,249.79,0.012607426625587781,6.6299999999999955,Natural Gas,NG=F,₹/kg,Energy
2023-10-26,3.2139999866485596,3.2790000438690186,2.9769999980926514,3.0280001163482666,88611,83.1709976196289,251.84,272.72,247.6,267.31,0.0701389166900197,25.120000000000033,Natural Gas,NG=F,₹/kg,Energy
2023-10-27,3.1640000343322754,3.4010000228881836,3.135999917984009,3.250999927520752,140955,83.28250122070312,270.75,283.24,261.17,263.51,-0.014215704612622115,22.069999999999993,Natural Gas,NG=F,₹/kg,Energy
2023-10-30,3.3519999980926514,3.4049999713897705,3.321000099182129,3.4000000953674316,119526,83.41339874267578,283.61,284.02,277.02,279.6,0.06106030131683826,7.0,Natural Gas,NG=F,₹/kg,Energy
2023-10-31,3.575000047683716,3.630000114440918,3.318000078201294,3.3299999237060547,238330,83.29650115966797,277.38,302.37,276.38,297.78,0.0650214592274676,25.99000000000001,Natural Gas,NG=F,₹/kg,Energy
2023-11-01,3.49399995803833,3.6080000400543213,3.427999973297119,3.5999999046325684,151262,83.2771987915039,299.8,300.46,285.47,290.97,-0.022869232319161603,14.989999999999952,Natural Gas,NG=F,₹/kg,Energy
2023-11-02,3.4719998836517334,3.5199999809265137,3.4010000228881836,3.50600004196167,118508,85.19400024414062,298.69,299.88,289.74,295.79,0.016565281644155716,10.139999999999986,Natural Gas,NG=F,₹/kg,Energy
2023-11-03,3.515000104904175,3.5759999752044678,3.4519999027252197,3.509999990463257,110113,83.24729919433594,292.2,297.69,287.37,292.61,-0.010750870550052416,10.319999999999993,Natural Gas,NG=F,₹/kg,Energy
2023-11-06,3.2639999389648438,3.4070000648498535,3.249000072479248,3.372999906539917,185742,83.15850067138672,280.49,283.32,270.18,271.43,-0.07238303543966373,13.139999999999986,Natural Gas,NG=F,₹/kg,Energy
2023-11-07,3.140000104904175,3.2950000762939453,3.0989999771118164,3.2730000019073486,186182,83.2228012084961,272.39,274.22,257.91,261.32,-0.03724717238330333,16.310000000000002,Natural Gas,NG=F,₹/kg,Energy
2023-11-08,3.1059999465942383,3.187999963760376,3.058000087738037,3.1760001182556152,172750,83.23269653320312,264.35,265.35,254.53,258.52,-0.010714832389407625,10.820000000000022,Natural Gas,NG=F,₹/kg,Energy
2023-11-09,3.0409998893737793,3.1619999408721924,3.0220000743865967,3.121999979019165,142578,83.21769714355469,259.81,263.13,251.48,253.07,-0.021081541079993715,11.650000000000006,Natural Gas,NG=F,₹/kg,Energy
2023-11-10,3.0329999923706055,3.0769999027252197,2.989000082015991,3.0380001068115234,106720,83.31939697265625,253.12,256.37,249.04,252.71,-0.0014225313154462293,7.3300000000000125,Natural Gas,NG=F,₹/kg,Energy
2023-11-13,3.197000026702881,3.246000051498413,3.061000108718872,3.063999891281128,165652,83.29889678955078,255.23,270.39,254.98,266.31,0.053816627755134405,15.409999999999997,Natural Gas,NG=F,₹/kg,Energy
2023-11-14,3.1059999465942383,3.2639999389648438,3.0859999656677246,3.2330000400543213,146724,83.19760131835938,268.98,271.56,256.75,258.41,-0.02966467650482507,14.810000000000002,Natural Gas,NG=F,₹/kg,Energy
2023-11-15,3.190000057220459,3.2750000953674316,3.069999933242798,3.1059999465942383,153744,82.98159790039062,257.74,271.76,254.75,264.71,0.024379861460469554,17.00999999999999,Natural Gas,NG=F,₹/kg,Energy
2023-11-16,3.062000036239624,3.265000104904175,3.0280001163482666,3.1510000228881836,179663,83.18620300292969,262.12,271.6,251.89,254.72,-0.0377394129424653,19.710000000000036,Natural Gas,NG=F,₹/kg,Energy
2023-11-17,2.9600000381469727,3.111999988555908,2.8929998874664307,3.055000066757202,159777,83.12030029296875,253.93,258.67,240.47,246.04,-0.03407663316582921,18.200000000000017,Natural Gas,NG=F,₹/kg,Energy
2023-11-20,2.881999969482422,2.9579999446868896,2.864000082015991,2.9570000171661377,113704,83.29149627685547,246.29,246.38,238.55,240.05,-0.024345634856120846,7.829999999999984,Natural Gas,NG=F,₹/kg,Energy
2023-11-21,2.8459999561309814,2.9210000038146973,2.8410000801086426,2.885999917984009,103671,83.32219696044922,240.47,243.38,236.72,237.13,-0.012164132472401668,6.659999999999997,Natural Gas,NG=F,₹/kg,Energy
2023-11-22,2.8970000743865967,2.921999931335449,2.819000005722046,2.867000102996826,59224,83.345703125,238.95,243.54,234.95,241.45,0.018217855184919696,8.590000000000003,Natural Gas,NG=F,₹/kg,Energy
2023-11-23,2.934000015258789,2.937999963760376,2.8589999675750732,2.8970000743865967,59224,83.54830169677734,242.04,245.46,238.86,245.13,0.015241250776558246,6.599999999999994,Natural Gas,NG=F,₹/kg,Energy
2023-11-24,2.8550000190734863,2.9509999752044678,2.7980000972747803,2.8970000743865967,34118,83.34400177001953,241.45,245.95,233.2,237.95,-0.0292905805083018,12.75,Natural Gas,NG=F,₹/kg,Energy
2023-11-27,2.7939999103546143,2.819999933242798,2.7090001106262207,2.7780001163482666,67039,83.31449890136719,231.45,234.95,225.7,232.78,-0.021727253624711063,9.25,Natural Gas,NG=F,₹/kg,Energy
2023-11-28,2.7060000896453857,2.815000057220459,2.6689999103546143,2.7899999618530273,187190,83.364501953125,232.59,234.67,222.5,225.58,-0.030930492310335844,12.169999999999987,Natural Gas,NG=F,₹/kg,Energy
2023-11-29,2.803999900817871,2.869999885559082,2.759999990463257,2.7920000553131104,141591,83.41809844970703,232.9,239.41,230.23,233.9,0.036882702367231124,9.180000000000007,Natural Gas,NG=F,₹/kg,Energy
2023-11-30,2.802000045776367,2.8550000190734863,2.760999917984009,2.7990000247955322,147752,83.3302993774414,233.24,237.91,230.07,233.49,-0.001752885848653296,7.840000000000003,Natural Gas,NG=F,₹/kg,Energy
2023-12-01,2.813999891281128,2.8440001010894775,2.753999948501587,2.809000015258789,133190,83.35269927978516,234.14,237.06,229.55,234.55,0.0045398089853956325,7.509999999999991,Natural Gas,NG=F,₹/kg,Energy
2023-12-04,2.694000005722046,2.752000093460083,2.6489999294281006,2.7279999256134033,161786,83.21859741210938,227.02,229.02,220.45,224.19,-0.04416968663398002,8.570000000000022,Natural Gas,NG=F,₹/kg,Energy
2023-12-05,2.7100000381469727,2.7860000133514404,2.674999952316284,2.6989998817443848,119974,83.41709899902344,225.14,232.4,223.14,226.06,0.008341139212275417,9.26000000000002,Natural Gas,NG=F,₹/kg,Energy
2023-12-06,2.569000005722046,2.756999969482422,2.5409998893737793,2.6989998817443848,218374,83.31590270996094,224.87,229.7,211.71,214.04,-0.05317172432097683,17.98999999999998,Natural Gas,NG=F,₹/kg,Energy
2023-12-07,2.5850000381469727,2.621000051498413,2.489000082015991,2.569000005722046,248396,83.28959655761719,213.97,218.3,207.31,215.3,0.0058867501401607125,10.990000000000009,Natural Gas,NG=F,₹/kg,Energy
2023-12-08,2.5810000896453857,2.609999895095825,2.5380001068115234,2.559000015258789,190998,83.35489654541016,213.31,217.56,211.55,215.14,-0.0007431490942871877,6.009999999999991,Natural Gas,NG=F,₹/kg,Energy
2023-12-11,2.430999994277954,2.490000009536743,2.2939999103546143,2.490000009536743,330300,83.43009948730469,207.74,207.74,191.39,202.82,-0.057265036720275164,16.350000000000023,Natural Gas,NG=F,₹/kg,Energy
2023-12-12,2.311000108718872,2.4609999656677246,2.2760000228881836,2.437999963760376,223455,83.34349822998047,203.19,205.11,189.69,192.61,-0.050340203135785355,15.420000000000016,Natural Gas,NG=F,₹/kg,Energy
2023-12-13,2.3350000381469727,2.384999990463257,2.234999895095825,2.2780001163482666,255188,83.39600372314453,189.98,198.9,186.39,194.73,0.011006697471574567,12.51000000000002,Natural Gas,NG=F,₹/kg,Energy
2023-12-14,2.3919999599456787,2.421999931335449,2.328000068664551,2.3529999256134033,159486,83.2853012084961,195.97,201.72,193.89,199.22,0.02305756688748528,7.8300000000000125,Natural Gas,NG=F,₹/kg,Energy
2023-12-15,2.490999937057495,2.5439999103546143,2.380000114440918,2.4079999923706055,189244,83.29660034179688,200.58,211.91,198.25,207.49,0.041511896395944214,13.659999999999997,Natural Gas,NG=F,₹/kg,Energy
2023-12-18,2.503000020980835,2.5969998836517334,2.48799991607666,2.503000020980835,154295,83.04170227050781,207.85,215.66,206.61,207.85,0.0017350233746202814,9.049999999999983,Natural Gas,NG=F,₹/kg,Energy
2023-12-19,2.492000102996826,2.565000057220459,2.384999990463257,2.5190000534057617,170435,83.11119842529297,209.36,213.18,198.22,207.11,-0.003560259802742216,14.960000000000008,Natural Gas,NG=F,₹/kg,Energy
2023-12-20,2.447000026702881,2.5899999141693115,2.4100000858306885,2.556999921798706,125263,83.09159851074219,212.47,215.21,200.25,203.33,-0.018251170875380196,14.960000000000008,Natural Gas,NG=F,₹/kg,Energy
2023-12-21,2.572000026702881,2.6040000915527344,2.4079999923706055,2.427000045776367,84545,83.26719665527344,202.09,216.83,200.51,214.16,0.05326316824865973,16.32000000000002,Natural Gas,NG=F,₹/kg,Energy
2023-12-22,2.609999895095825,2.619999885559082,2.5280001163482666,2.5840001106262207,42835,83.13159942626953,214.81,217.8,210.16,216.97,0.013121031004856176,7.640000000000015,Natural Gas,NG=F,₹/kg,Energy
2023-12-26,2.549999952316284,2.5810000896453857,2.4539999961853027,2.5450000762939453,50762,83.17230224609375,211.67,214.67,204.1,212.09,-0.022491588698898446,10.569999999999993,Natural Gas,NG=F,₹/kg,Energy
2023-12-27,2.61899995803833,2.7219998836517334,2.562000036239624,2.5799999237060547,129265,83.18280029296875,214.61,226.42,213.11,217.86,0.027205431656372348,13.309999999999974,Natural Gas,NG=F,₹/kg,Energy
2023-12-28,2.556999921798706,2.5759999752044678,2.4119999408721924,2.4549999237060547,116059,83.26719665527344,204.42,214.5,200.84,212.91,-0.022721013494905073,13.659999999999997,Natural Gas,NG=F,₹/kg,Energy
2023-12-29,2.5139999389648438,2.561000108718872,2.489000082015991,2.5390000343322754,89598,82.302001953125,208.96,210.78,204.85,206.91,-0.028180921516133606,5.930000000000007,Natural Gas,NG=F,₹/kg,Energy
2024-01-02,2.568000078201294,2.674999952316284,2.5239999294281006,2.6050000190734863,132454,83.20259857177734,216.74,222.57,210.0,213.66,0.032622879512831604,12.569999999999993,Natural Gas,NG=F,₹/kg,Energy
2024-01-03,2.6679999828338623,2.7190001010894775,2.5369999408721924,2.575000047683716,166472,83.25700378417969,214.39,226.38,211.22,222.13,0.03964242254048478,15.159999999999997,Natural Gas,NG=F,₹/kg,Energy
2024-01-04,2.821000099182129,2.86299991607666,2.680999994277954,2.687999963760376,206311,83.31809997558594,223.96,238.54,223.38,235.04,0.05811911943456538,15.159999999999997,Natural Gas,NG=F,₹/kg,Energy
2024-01-05,2.8929998874664307,2.9059998989105225,2.680999994277954,2.8450000286102295,187503,83.2406005859375,236.82,241.9,223.17,240.82,0.024591558883594322,18.730000000000018,Natural Gas,NG=F,₹/kg,Energy
2024-01-08,2.9800000190734863,3.01200008392334,2.694000005722046,2.950000047683716,237672,83.19110107421875,245.41,250.57,224.12,247.91,0.02944107632256454,26.44999999999999,Natural Gas,NG=F,₹/kg,Energy
2024-01-09,3.190000057220459,3.3919999599456787,2.884000062942505,2.943000078201294,351780,83.05069732666016,244.42,281.71,239.52,264.93,0.06865394699689409,42.18999999999997,Natural Gas,NG=F,₹/kg,Energy
2024-01-10,3.0390000343322754,3.2260000705718994,2.9560000896453857,3.1670000553131104,258013,83.131103515625,263.28,268.18,245.74,252.64,-0.04638961235043226,22.439999999999998,Natural Gas,NG=F,₹/kg,Energy
2024-01-11,3.0969998836517334,3.2309999465942383,2.944999933242798,3.0290000438690186,235033,83.02559661865234,251.48,268.26,244.51,257.13,0.017772324255858285,23.75,Natural Gas,NG=F,₹/kg,Energy
2024-01-12,3.312999963760376,3.377000093460083,3.1019999980926514,3.118000030517578,265883,83.07610321044922,259.03,280.55,257.7,275.23,0.07039240850931439,22.850000000000023,Natural Gas,NG=F,₹/kg,Energy
2024-01-16,2.9000000953674316,3.188999891281128,2.822000026702881,3.11299991607666,228164,82.8593978881836,257.94,264.24,233.83,240.29,-0.12694837045380236,30.409999999999997,Natural Gas,NG=F,₹/kg,Energy
2024-01-17,2.869999885559082,2.9579999446868896,2.75600004196167,2.8429999351501465,150330,83.08899688720703,236.22,245.78,228.99,238.47,-0.007574181197719354,16.789999999999992,Natural Gas,NG=F,₹/kg,Energy
2024-01-18,2.697000026702881,2.9600000381469727,2.6659998893737793,2.875999927520752,151819,83.17759704589844,239.22,246.21,221.75,224.33,-0.05929467018912227,24.460000000000008,Natural Gas,NG=F,₹/kg,Energy
2024-01-19,2.5190000534057617,2.7139999866485596,2.5139999389648438,2.7119998931884766,138427,83.16059875488281,225.53,225.7,209.07,209.48,-0.06619712031382352,16.629999999999995,Natural Gas,NG=F,₹/kg,Energy
2024-01-22,2.4189999103546143,2.4700000286102295,2.311000108718872,2.380000114440918,121583,83.12470245361328,197.84,205.32,192.1,201.08,-0.04009929348863839,13.219999999999999,Natural Gas,NG=F,₹/kg,Energy
2024-01-23,2.450000047683716,2.49399995803833,2.325000047683716,2.437000036239624,69155,83.09510040283203,202.5,207.24,193.2,203.58,0.012432862542271828,14.04000000000002,Natural Gas,NG=F,₹/kg,Energy
2024-01-24,2.6410000324249268,2.696000099182129,2.494999885559082,2.497999906539917,65497,83.22139739990234,207.89,224.36,207.64,219.79,0.07962471755575184,16.720000000000027,Natural Gas,NG=F,₹/kg,Energy
2024-01-25,2.571000099182129,2.884000062942505,2.5260000228881836,2.683000087738037,44984,83.09760284423828,222.95,239.65,209.9,213.64,-0.02798125483415992,29.75,Natural Gas,NG=F,₹/kg,Energy
2024-01-26,2.7119998931884766,2.803999900817871,2.4240000247955322,2.6070001125335693,73015,83.14610290527344,216.76,233.14,201.55,225.49,0.05546714098483441,31.589999999999975,Natural Gas,NG=F,₹/kg,Energy
2024-01-29,2.490000009536743,2.759999990463257,2.4110000133514404,2.680000066757202,164621,83.12129974365234,222.77,229.41,200.41,206.97,-0.08213224533238728,29.0,Natural Gas,NG=F,₹/kg,Energy
2024-01-30,2.0769999027252197,2.11899995803833,2.0460000038146973,2.059999942779541,139745,83.1530990600586,171.3,176.2,170.13,172.71,-0.16553123641107403,6.069999999999993,Natural Gas,NG=F,₹/kg,Energy
2024-01-31,2.0999999046325684,2.1579999923706055,2.0369999408721924,2.0899999141693115,142856,83.10970306396484,173.7,179.35,169.29,174.53,0.010537895894852545,10.060000000000002,Natural Gas,NG=F,₹/kg,Energy
2024-02-01,2.049999952316284,2.1679999828338623,2.0329999923706055,2.134000062942505,161340,83.05359649658203,177.24,180.06,168.85,170.26,-0.02446570790122049,11.210000000000008,Natural Gas,NG=F,₹/kg,Energy
2024-02-02,2.0789999961853027,2.0999999046325684,2.0209999084472656,2.053999900817871,125062,82.92759704589844,170.33,174.15,167.6,172.41,0.01262774580054038,6.550000000000011,Natural Gas,NG=F,₹/kg,Energy
2024-02-05,2.0820000171661377,2.127000093460083,2.0409998893737793,2.109999895095825,136031,82.99929809570312,175.13,176.54,169.4,172.8,0.00226204976509492,7.139999999999986,Natural Gas,NG=F,₹/kg,Energy
2024-02-06,2.009000062942505,2.1019999980926514,1.996999979019165,2.068000078201294,137680,83.10369873046875,171.86,174.68,165.96,166.96,-0.033796296296296324,8.719999999999999,Natural Gas,NG=F,₹/kg,Energy
2024-02-07,1.9670000076293945,2.0399999618530273,1.9559999704360962,2.003000020980835,204064,83.07060241699219,166.39,169.46,162.49,163.4,-0.021322472448490615,6.969999999999999,Natural Gas,NG=F,₹/kg,Energy
2024-02-08,1.9170000553131104,1.9930000305175781,1.8669999837875366,1.9700000286102295,237169,83.01260375976562,163.53,165.44,154.98,159.14,-0.026070991432068702,10.460000000000008,Natural Gas,NG=F,₹/kg,Energy
2024-02-09,1.847000002861023,1.8849999904632568,1.8170000314712524,1.8849999904632568,247314,82.98529815673828,156.43,156.43,150.78,153.27,-0.0368857609651877,5.650000000000006,Natural Gas,NG=F,₹/kg,Energy
2024-02-12,1.7680000066757202,1.8630000352859497,1.7319999933242798,1.8049999475479126,242152,83.0145034790039,149.84,154.66,143.78,146.77,-0.04240882103477528,10.879999999999995,Natural Gas,NG=F,₹/kg,Energy
2024-02-13,1.6890000104904175,1.7860000133514404,1.6540000438690186,1.753999948501587,286586,82.99019622802734,145.56,148.22,137.27,140.17,-0.04496831777611243,10.949999999999989,Natural Gas,NG=F,₹/kg,Energy
2024-02-14,1.6089999675750732,1.684999942779541,1.590000033378601,1.6690000295639038,208956,83.07460021972656,138.65,139.98,132.09,133.67,-0.046372262252978524,7.889999999999986,Natural Gas,NG=F,₹/kg,Energy
2024-02-15,1.5809999704360962,1.6690000295639038,1.5729999542236328,1.6109999418258667,183342,83.04309844970703,133.78,138.6,130.63,131.29,-0.01780504226827262,7.969999999999999,Natural Gas,NG=F,₹/kg,Energy
2024-02-16,1.6089999675750732,1.6369999647140503,1.5750000476837158,1.5889999866485596,170384,83.00959777832031,131.9,135.89,130.74,133.56,0.017289968771422082,5.149999999999977,Natural Gas,NG=F,₹/kg,Energy
2024-02-20,1.5759999752044678,1.7089999914169312,1.5219999551773071,1.5329999923706055,201471,83.02100372314453,127.27,141.88,126.36,130.84,-0.020365378855944916,15.519999999999996,Natural Gas,NG=F,₹/kg,Energy
2024-02-21,1.7730000019073486,1.7920000553131104,1.6770000457763672,1.718999981880188,170658,82.8291015625,142.38,148.43,138.9,146.86,0.12243962091103655,9.530000000000001,Natural Gas,NG=F,₹/kg,Energy
2024-02-22,1.7319999933242798,1.784000039100647,1.6610000133514404,1.784000039100647,87803,82.93840026855469,147.96,147.96,137.76,143.65,-0.021857551409505738,10.200000000000017,Natural Gas,NG=F,₹/kg,Energy
2024-02-23,1.6030000448226929,1.722000002861023,1.5809999704360962,1.722000002861023,47590,82.87229919433594,142.71,142.71,131.02,132.84,-0.0752523494604943,11.689999999999998,Natural Gas,NG=F,₹/kg,Energy
2024-02-26,1.659000039100647,1.7300000190734863,1.593999981880188,1.659999966621399,110505,82.88179779052734,137.58,143.39,132.11,137.5,0.035079795242396905,11.279999999999973,Natural Gas,NG=F,₹/kg,Energy
2024-02-27,1.6150000095367432,1.7200000286102295,1.5110000371932983,1.625,179943,82.85199737548828,134.63,142.51,125.19,133.81,-0.026836363636363658,17.319999999999993,Natural Gas,NG=F,₹/kg,Energy
2024-02-28,1.8849999904632568,1.906000018119812,1.781999945640564,1.8170000314712524,149429,82.94819641113281,150.72,158.1,147.81,156.36,0.16852253194828504,10.289999999999992,Natural Gas,NG=F,₹/kg,Energy
2024-02-29,1.8600000143051147,1.9179999828338623,1.8289999961853027,1.8680000305175781,141543,82.91190338134766,154.88,159.03,151.65,154.22,-0.013686364799181505,7.3799999999999955,Natural Gas,NG=F,₹/kg,Energy
2024-03-01,1.8350000381469727,1.8880000114440918,1.809999942779541,1.8519999980926514,105501,82.910400390625,153.55,156.53,150.07,152.14,-0.013487226040721167,6.460000000000008,Natural Gas,NG=F,₹/kg,Energy
2024-03-04,1.9160000085830688,1.9889999628067017,1.8700000047683716,1.8730000257492065,185412,82.84609985351562,155.17,164.78,154.92,158.73,0.0433153674247404,9.860000000000014,Natural Gas,NG=F,₹/kg,Energy
2024-03-05,1.9570000171661377,2.009000062942505,1.8899999856948853,1.9279999732971191,142113,82.9104995727539,159.85,166.57,156.7,162.26,0.0222390222390223,9.870000000000005,Natural Gas,NG=F,₹/kg,Energy
2024-03-06,1.9290000200271606,1.9830000400543213,1.9210000038146973,1.9500000476837158,107219,82.88480377197266,161.63,164.36,159.22,159.88,-0.014667817083692802,5.140000000000015,Natural Gas,NG=F,₹/kg,Energy
2024-03-07,1.8179999589920044,1.9550000429153442,1.781999945640564,1.9290000200271606,173658,82.81909942626953,159.76,161.91,147.58,150.57,-0.05823117338003503,14.329999999999984,Natural Gas,NG=F,₹/kg,Energy
2024-03-08,1.8049999475479126,1.8370000123977661,1.7549999952316284,1.7960000038146973,143794,82.7522964477539,148.62,152.02,145.23,149.37,-0.007969715082685735,6.7900000000000205,Natural Gas,NG=F,₹/kg,Energy
2024-03-11,1.7589999437332153,1.840999960899353,1.746000051498413,1.8049999475479126,159954,82.7520980834961,149.37,152.35,144.49,145.56,-0.02550712994577231,7.859999999999985,Natural Gas,NG=F,₹/kg,Energy
2024-03-12,1.7139999866485596,1.8229999542236328,1.690999984741211,1.7580000162124634,199589,82.7782974243164,145.52,150.9,139.98,141.88,-0.025281670788678268,10.920000000000016,Natural Gas,NG=F,₹/kg,Energy
2024-03-13,1.6579999923706055,1.7170000076293945,1.6510000228881836,1.7130000591278076,176633,82.83509826660156,141.9,142.23,136.76,137.34,-0.03199887228643916,5.469999999999999,Natural Gas,NG=F,₹/kg,Energy
2024-03-14,1.7410000562667847,1.7669999599456787,1.6430000066757202,1.6679999828338623,168141,82.83110046386719,138.16,146.36,136.09,144.21,0.0500218435998252,10.27000000000001,Natural Gas,NG=F,₹/kg,Energy
2024-03-15,1.6549999713897705,1.7740000486373901,1.6460000276565552,1.7569999694824219,154729,82.9655990600586,145.77,147.18,136.56,137.31,-0.04784688995215314,10.620000000000005,Natural Gas,NG=F,₹/kg,Energy
2024-03-18,1.7029999494552612,1.7619999647140503,1.684000015258789,1.6890000104904175,137349,82.88890075683594,140.0,146.05,139.58,141.16,0.028038744446871933,6.469999999999999,Natural Gas,NG=F,₹/kg,Energy
2024-03-19,1.74399995803833,1.7690000534057617,1.7009999752044678,1.7170000076293945,128064,82.86360168457031,142.28,146.59,140.95,144.51,0.023731935392462322,5.640000000000015,Natural Gas,NG=F,₹/kg,Energy
2024-03-20,1.6990000009536743,1.7649999856948853,1.6859999895095825,1.75,115068,83.04239654541016,145.32,146.57,140.01,141.09,-0.02366618227112305,6.560000000000002,Natural Gas,NG=F,₹/kg,Energy
2024-03-21,1.6829999685287476,1.7130000591278076,1.6510000228881836,1.6990000009536743,77701,83.05460357666016,141.11,142.27,137.12,139.78,-0.009284853639520918,5.150000000000006,Natural Gas,NG=F,₹/kg,Energy
2024-03-22,1.659000039100647,1.7120000123977661,1.6469999551773071,1.684000015258789,44514,83.22660064697266,140.15,142.48,137.07,138.07,-0.01223350980111615,5.409999999999997,Natural Gas,NG=F,₹/kg,Energy
2024-03-25,1.6150000095367432,1.6749999523162842,1.5889999866485596,1.6640000343322754,84776,83.59359741210938,139.1,140.02,132.83,135.0,-0.022235098138625342,7.189999999999998,Natural Gas,NG=F,₹/kg,Energy
2024-03-26,1.5750000476837158,1.6469999551773071,1.4809999465942383,1.6080000400543213,123173,83.41739654541016,134.14,137.39,123.54,131.38,-0.026814814814814847,13.84999999999998,Natural Gas,NG=F,₹/kg,Energy
2024-03-27,1.718000054359436,1.7890000343322754,1.7039999961853027,1.7890000343322754,144888,83.34549713134766,149.11,149.11,142.02,143.19,0.08989191657786577,7.090000000000003,Natural Gas,NG=F,₹/kg,Energy
2024-03-28,1.7630000114440918,1.7860000133514404,1.6859999895095825,1.7170000076293945,155745,83.36499786376953,143.14,148.89,140.55,146.97,0.026398491514770583,8.339999999999975,Natural Gas,NG=F,₹/kg,Energy
2024-04-01,1.8370000123977661,1.8530000448226929,1.7059999704360962,1.7549999952316284,169145,83.36479949951172,146.31,154.47,142.22,153.14,0.041981356739470455,12.25,Natural Gas,NG=F,₹/kg,Energy
2024-04-02,1.8619999885559082,1.88100004196167,1.777999997138977,1.8370000123977661,170434,83.40969848632812,153.22,156.89,148.3,155.31,0.014170040485830038,8.589999999999975,Natural Gas,NG=F,₹/kg,Energy
2024-04-03,1.840999960899353,1.906000018119812,1.8359999656677246,1.8519999980926514,133034,83.35030364990234,154.36,158.87,153.03,153.45,-0.011976047904191711,5.840000000000003,Natural Gas,NG=F,₹/kg,Energy
2024-04-04,1.7740000486373901,1.8530000448226929,1.7690000534057617,1.843999981880188,179437,83.37329864501953,153.74,154.49,147.49,147.9,-0.03616813294232635,7.0,Natural Gas,NG=F,₹/kg,Energy
2024-04-05,1.784999966621399,1.8229999542236328,1.7549999952316284,1.7790000438690186,191179,83.47779846191406,148.51,152.18,146.5,149.01,0.00750507099391462,5.680000000000007,Natural Gas,NG=F,₹/kg,Energy
2024-04-08,1.843999981880188,1.850000023841858,1.746000051498413,1.7699999809265137,216676,83.29679870605469,147.44,154.1,145.44,153.6,0.03080330179182611,8.659999999999997,Natural Gas,NG=F,₹/kg,Energy
2024-04-09,1.871999979019165,1.9240000247955322,1.8380000591278076,1.847000002861023,215016,83.26959991455078,153.8,160.21,153.05,155.88,0.014843750000000044,7.159999999999997,Natural Gas,NG=F,₹/kg,Energy
2024-04-10,1.8849999904632568,1.9429999589920044,1.8669999837875366,1.8880000114440918,174388,83.22429656982422,157.13,161.7,155.38,156.88,0.006415191172696844,6.319999999999993,Natural Gas,NG=F,₹/kg,Energy
2024-04-11,1.7640000581741333,1.8919999599456787,1.753999948501587,1.8739999532699585,230318,83.4126968383789,156.32,157.82,146.31,147.14,-0.06208567057623671,11.509999999999991,Natural Gas,NG=F,₹/kg,Energy
2024-04-12,1.7699999809265137,1.784999966621399,1.7309999465942383,1.7669999599456787,162917,83.34929656982422,147.28,148.78,144.28,147.53,0.0026505369036293747,4.5,Natural Gas,NG=F,₹/kg,Energy
2024-04-15,1.690999984741211,1.7920000553131104,1.6779999732971191,1.7719999551773071,170569,83.61109924316406,148.16,149.83,140.3,141.39,-0.0416186538331188,9.530000000000001,Natural Gas,NG=F,₹/kg,Energy
2024-04-16,1.7319999933242798,1.8020000457763672,1.6490000486373901,1.6950000524520874,231556,83.50599670410156,141.54,150.48,137.7,144.63,0.02291534054742206,12.780000000000001,Natural Gas,NG=F,₹/kg,Energy
2024-04-17,1.7120000123977661,1.7239999771118164,1.659999966621399,1.6799999475479126,152348,83.6675033569336,140.56,144.24,138.89,143.24,-0.009610730830394654,5.350000000000023,Natural Gas,NG=F,₹/kg,Energy
2024-04-18,1.7569999694824219,1.7799999713897705,1.7130000591278076,1.722000002861023,160729,83.5958023071289,143.95,148.8,143.2,146.88,0.025411896118402666,5.600000000000023,Natural Gas,NG=F,₹/kg,Energy
2024-04-19,1.7519999742507935,1.805999994277954,1.7239999771118164,1.7410000562667847,154111,83.54499816894531,145.45,150.88,144.03,146.37,-0.00347222222222221,6.849999999999994,Natural Gas,NG=F,₹/kg,Energy
2024-04-22,1.7910000085830688,1.7999999523162842,1.7209999561309814,1.7649999856948853,107242,83.38529968261719,147.18,150.09,143.51,149.34,0.02029104324656683,6.5800000000000125,Natural Gas,NG=F,₹/kg,Energy
2024-04-23,1.812000036239624,1.8480000495910645,1.7450000047683716,1.7979999780654907,71346,83.38619995117188,149.93,154.1,145.51,151.1,0.011785188161242743,8.590000000000003,Natural Gas,NG=F,₹/kg,Energy
2024-04-24,1.652999997138977,1.840000033378601,1.6339999437332153,1.8359999656677246,58154,83.2833023071289,152.91,153.24,136.08,137.67,-0.08888153540701527,17.159999999999997,Natural Gas,NG=F,₹/kg,Energy
2024-04-25,1.6380000114440918,1.6749999523162842,1.5829999446868896,1.6440000534057617,75479,83.3405990600586,137.01,139.6,131.93,136.51,-0.008425946102999848,7.6699999999999875,Natural Gas,NG=F,₹/kg,Energy
2024-04-26,1.6139999628067017,1.628000020980835,1.4819999933242798,1.621999979019165,119516,83.30180358886719,135.12,135.62,123.45,134.45,-0.015090469562669462,12.170000000000002,Natural Gas,NG=F,₹/kg,Energy
2024-04-29,2.0299999713897705,2.055999994277954,1.9160000085830688,1.9229999780654907,158855,83.40229797363281,160.38,171.48,159.8,169.31,0.2592785422089998,11.679999999999978,Natural Gas,NG=F,₹/kg,Energy
2024-04-30,1.9910000562667847,2.0920000076293945,1.9509999752044678,2.049999952316284,150370,83.45110321044922,171.07,174.58,162.81,166.15,-0.01866398913236078,11.77000000000001,Natural Gas,NG=F,₹/kg,Energy
2024-05-01,1.9320000410079956,1.9700000286102295,1.9129999876022339,1.9539999961853027,135918,83.49839782714844,163.16,164.49,159.73,161.32,-0.02907011736382792,4.760000000000019,Natural Gas,NG=F,₹/kg,Energy
2024-05-02,2.0350000858306885,2.049999952316284,1.9270000457763672,1.930999994277954,153739,83.40640258789062,161.06,170.98,160.72,169.73,0.05213240763699467,10.259999999999991,Natural Gas,NG=F,₹/kg,Energy
2024-05-03,2.1419999599456787,2.1600000858306885,2.01200008392334,2.0309998989105225,209456,83.40630340576172,169.4,180.16,167.81,178.66,0.05261297354622041,12.349999999999994,Natural Gas,NG=F,₹/kg,Energy
2024-05-06,2.194999933242798,2.26200008392334,2.132999897003174,2.1700000762939453,196381,83.37999725341797,180.93,188.61,177.85,183.02,0.02440389566774881,10.76000000000002,Natural Gas,NG=F,₹/kg,Energy
2024-05-07,2.2070000171661377,2.2300000190734863,2.1419999599456787,2.2060000896453857,149430,83.4728012084961,184.14,186.14,178.8,184.22,0.006556660474265064,7.339999999999975,Natural Gas,NG=F,₹/kg,Energy
2024-05-08,2.187000036239624,2.2739999294281006,2.1670000553131104,2.2190001010894775,149910,83.46990203857422,185.22,189.81,180.88,182.55,-0.009065248072956167,8.930000000000007,Natural Gas,NG=F,₹/kg,Energy
2024-05-09,2.3010001182556152,2.315999984741211,2.1530001163482666,2.186000108718872,207677,83.46430206298828,182.45,193.3,179.7,192.05,0.05204053683922205,13.600000000000023,Natural Gas,NG=F,₹/kg,Energy
2024-05-10,2.252000093460083,2.3440001010894775,2.242000102996826,2.306999921798706,142992,83.45939636230469,192.54,195.63,187.12,187.95,-0.021348607133559128,8.509999999999991,Natural Gas,NG=F,₹/kg,Energy
2024-05-13,2.38100004196167,2.384000062942505,2.2139999866485596,2.25,164690,83.5248031616211,187.93,199.12,184.92,198.87,0.05810055865921804,14.200000000000017,Natural Gas,NG=F,₹/kg,Energy
2024-05-14,2.3440001010894775,2.3970000743865967,2.305999994277954,2.361999988555908,147573,83.50550079345703,197.24,200.16,192.56,195.74,-0.015738924925830955,7.599999999999994,Natural Gas,NG=F,₹/kg,Energy
2024-05-15,2.4159998893737793,2.4240000247955322,2.312999963760376,2.3429999351501465,180743,83.52420043945312,195.7,202.46,193.19,201.79,0.03090834780831697,9.27000000000001,Natural Gas,NG=F,₹/kg,Energy
2024-05-16,2.494999885559082,2.575000047683716,2.3889999389648438,2.4049999713897705,229617,83.40509796142578,200.59,214.77,199.25,208.1,0.0312701323157738,15.52000000000001,Natural Gas,NG=F,₹/kg,Energy
2024-05-17,2.625999927520752,2.6540000438690186,2.484999895095825,2.486999988555908,185798,83.47010040283203,207.59,221.53,207.42,219.19,0.05329168668909179,14.110000000000014,Natural Gas,NG=F,₹/kg,Energy
2024-05-20,2.750999927520752,2.75600004196167,2.625,2.6589999198913574,211255,83.30039978027344,221.5,229.58,218.66,229.16,0.045485651717687814,10.920000000000016,Natural Gas,NG=F,₹/kg,Energy
2024-05-21,2.6710000038146973,2.7980000972747803,2.640000104904175,2.7330000400543213,174162,83.31500244140625,227.7,233.12,219.95,222.53,-0.028931750741839735,13.170000000000016,Natural Gas,NG=F,₹/kg,Energy
2024-05-22,2.8420000076293945,2.8510000705718994,2.6089999675750732,2.6649999618530273,184820,83.31680297851562,222.04,237.54,217.37,236.79,0.06408124747225097,20.169999999999987,Natural Gas,NG=F,₹/kg,Energy
2024-05-23,2.6570000648498535,2.9240000247955322,2.640000104904175,2.7990000247955322,116689,83.26709747314453,233.06,243.47,219.83,221.24,-0.06567000295620584,23.639999999999986,Natural Gas,NG=F,₹/kg,Energy
2024-05-24,2.5199999809265137,2.7090001106262207,2.493000030517578,2.6760001182556152,51814,83.2863998413086,222.87,225.62,207.63,209.88,-0.05134695353462304,17.99000000000001,Natural Gas,NG=F,₹/kg,Energy
2024-05-28,2.5899999141693115,2.621000051498413,2.4749999046325684,2.503000020980835,86031,83.14569854736328,208.11,217.92,205.79,215.35,0.026062511911568498,12.129999999999995,Natural Gas,NG=F,₹/kg,Energy
2024-05-29,2.493000030517578,2.6689999103546143,2.4170000553131104,2.5940001010894775,161403,83.20649719238281,215.84,222.08,201.11,207.43,-0.036777339215230964,20.97,Natural Gas,NG=F,₹/kg,Energy
2024-05-30,2.572000026702881,2.681999921798706,2.562000036239624,2.6619999408721924,160060,83.3656005859375,221.92,223.59,213.58,214.42,0.033698115026755904,10.009999999999991,Natural Gas,NG=F,₹/kg,Energy
2024-05-31,2.5869998931884766,2.624000072479248,2.5179998874664307,2.569999933242798,139119,83.3208999633789,214.13,218.63,209.8,215.55,0.005270030780710977,8.829999999999984,Natural Gas,NG=F,₹/kg,Energy
2024-06-03,2.75600004196167,2.7990000247955322,2.628000020980835,2.6449999809265137,233692,83.45079803466797,220.73,233.58,219.31,229.99,0.06699141730456959,14.27000000000001,Natural Gas,NG=F,₹/kg,Energy
2024-06-04,2.5859999656677246,2.8289999961853027,2.572999954223633,2.7720000743865967,221922,83.09339904785156,230.33,235.07,213.8,214.88,-0.06569850863081006,21.269999999999982,Natural Gas,NG=F,₹/kg,Energy
2024-06-05,2.756999969482422,2.7869999408721924,2.6050000190734863,2.617000102996826,201665,83.62940216064453,218.86,233.08,217.85,230.57,0.0730174981384959,15.230000000000018,Natural Gas,NG=F,₹/kg,Energy
2024-06-06,2.821000099182129,2.877000093460083,2.7239999771118164,2.76200008392334,194237,83.38079833984375,230.3,239.89,227.13,235.22,0.02016741119833454,12.759999999999991,Natural Gas,NG=F,₹/kg,Energy
2024-06-07,2.9179999828338623,2.9670000076293945,2.7909998893737793,2.813999891281128,209110,83.47309875488281,234.89,247.66,232.97,243.57,0.035498682084856625,14.689999999999998,Natural Gas,NG=F,₹/kg,Energy
2024-06-10,2.9059998989105225,3.0959999561309814,2.861999988555908,2.9800000190734863,269719,83.52760314941406,248.91,258.6,239.06,242.73,-0.003448700578889019,19.54000000000002,Natural Gas,NG=F,₹/kg,Energy
2024-06-11,3.128999948501587,3.1589999198913574,2.9660000801086426,2.984999895095825,227818,83.52980041503906,249.34,263.87,247.75,261.36,0.07675194660734164,16.120000000000005,Natural Gas,NG=F,₹/kg,Energy
2024-06-12,3.0450000762939453,3.131999969482422,2.994999885559082,3.130000114440918,224795,83.5968017578125,261.66,261.83,250.37,254.55,-0.026056014692378282,11.45999999999998,Natural Gas,NG=F,₹/kg,Energy
2024-06-13,2.9590001106262207,3.0910000801086426,2.8980000019073486,3.0280001163482666,209730,83.5343017578125,252.94,258.2,242.08,247.18,-0.028953054409742718,16.119999999999976,Natural Gas,NG=F,₹/kg,Energy
2024-06-14,2.88100004196167,3.0,2.869999885559082,2.9210000038146973,154123,83.52210235595703,243.97,250.57,239.71,240.63,-0.026498907678614847,10.859999999999985,Natural Gas,NG=F,₹/kg,Energy
2024-06-17,2.7880001068115234,2.8480000495910645,2.759000062942505,2.8459999561309814,152241,83.55180358886719,237.79,237.96,230.52,232.94,-0.03195777750072726,7.439999999999998,Natural Gas,NG=F,₹/kg,Energy
2024-06-18,2.9089999198913574,2.9159998893737793,2.7720000743865967,2.7720000743865967,147414,83.51010131835938,231.49,243.52,231.49,242.93,0.042886580235253824,12.030000000000001,Natural Gas,NG=F,₹/kg,Energy
2024-06-20,2.740999937057495,2.947999954223633,2.7230000495910645,2.9030001163482666,186686,83.41950225830078,242.17,245.92,227.15,228.65,-0.05878236529041292,18.769999999999982,Natural Gas,NG=F,₹/kg,Energy
2024-06-21,2.7049999237060547,2.7699999809265137,2.671999931335449,2.7249999046325684,79372,83.60160064697266,227.81,231.58,223.38,226.14,-0.01097747649245584,8.200000000000017,Natural Gas,NG=F,₹/kg,Energy
2024-06-24,2.811000108718872,2.8340001106262207,2.634999990463257,2.6700000762939453,45418,83.5625,223.11,236.82,220.19,234.89,0.03869284514017868,16.629999999999995,Natural Gas,NG=F,₹/kg,Energy
2024-06-25,2.75600004196167,2.8440001010894775,2.6989998817443848,2.815999984741211,78233,83.46040344238281,235.02,237.36,225.26,230.02,-0.02073310911490478,12.100000000000023,Natural Gas,NG=F,₹/kg,Energy
2024-06-26,2.628000020980835,2.746000051498413,2.61299991607666,2.736999988555908,141345,83.41459655761719,228.31,229.06,217.96,219.21,-0.04699591339883491,11.099999999999994,Natural Gas,NG=F,₹/kg,Energy
2024-06-27,2.684999942779541,2.7839999198913574,2.6730000972747803,2.7339999675750732,139995,83.58039855957031,228.51,232.69,223.41,224.41,0.023721545549929335,9.280000000000001,Natural Gas,NG=F,₹/kg,Energy
2024-06-28,2.6010000705718994,2.765000104904175,2.5940001010894775,2.7019999027252197,151326,83.45089721679688,225.48,230.74,216.47,217.06,-0.03275255113408493,14.27000000000001,Natural Gas,NG=F,₹/kg,Energy
2024-07-01,2.4779999256134033,2.6019999980926514,2.4709999561309814,2.5759999752044678,181931,83.36750030517578,214.75,216.92,206.0,206.58,-0.04828158112964154,10.919999999999987,Natural Gas,NG=F,₹/kg,Energy
2024-07-02,2.434999942779541,2.4839999675750732,2.4149999618530273,2.4760000705718994,154263,83.44129943847656,206.6,207.27,201.51,203.18,-0.01645851486107075,5.760000000000019,Natural Gas,NG=F,₹/kg,Energy
2024-07-03,2.4179999828338623,2.4800000190734863,2.4100000858306885,2.4660000801086426,125894,83.4791030883789,205.86,207.03,201.18,201.85,-0.006545919874003436,5.849999999999994,Natural Gas,NG=F,₹/kg,Energy
2024-07-05,2.319000005722046,2.440000057220459,2.315000057220459,2.4210000038146973,156544,83.49340057373047,202.14,203.72,193.29,193.62,-0.040772851127074516,10.430000000000007,Natural Gas,NG=F,₹/kg,Energy
2024-07-08,2.365999937057495,2.390000104904175,2.2679998874664307,2.2699999809265137,162309,83.47209930419922,189.48,199.5,189.31,197.49,0.019987604586303,10.189999999999998,Natural Gas,NG=F,₹/kg,Energy
2024-07-09,2.3440001010894775,2.447999954223633,2.3310000896453857,2.372999906539917,155187,83.45760345458984,198.04,204.3,194.54,195.62,-0.009468833865005855,9.76000000000002,Natural Gas,NG=F,₹/kg,Energy
2024-07-10,2.3289999961853027,2.384999990463257,2.2920000553131104,2.3459999561309814,146358,83.49299621582031,195.87,199.13,191.37,194.46,-0.00592986402208362,7.759999999999991,Natural Gas,NG=F,₹/kg,Energy
2024-07-11,2.2679998874664307,2.3429999351501465,2.260999917984009,2.3259999752044678,122365,83.49590301513672,194.21,195.63,188.78,189.37,-0.026175048853234628,6.849999999999994,Natural Gas,NG=F,₹/kg,Energy
2024-07-12,2.3289999961853027,2.3499999046325684,2.249000072479248,2.2669999599456787,129723,83.51850128173828,189.34,196.27,187.83,194.51,0.02714263082853674,8.439999999999998,Natural Gas,NG=F,₹/kg,Energy
2024-07-15,2.1579999923706055,2.2850000858306885,2.1470000743865967,2.2730000019073486,189516,83.52030181884766,189.84,190.84,179.32,180.24,-0.07336383733484131,11.52000000000001,Natural Gas,NG=F,₹/kg,Energy
2024-07-16,2.187999963760376,2.2179999351501465,2.1489999294281006,2.1700000762939453,131219,83.58760070800781,181.39,185.4,179.63,182.89,0.01470261873058143,5.77000000000001,Natural Gas,NG=F,₹/kg,Energy
2024-07-17,2.0350000858306885,2.2079999446868896,2.015000104904175,2.180999994277954,212196,83.52960205078125,182.18,184.43,168.31,169.98,-0.07058887856088358,16.120000000000005,Natural Gas,NG=F,₹/kg,Energy
2024-07-18,2.125,2.134000062942505,2.0239999294281006,2.046999931335449,159464,83.57209777832031,171.07,178.34,169.15,177.59,0.0447699729379929,9.189999999999998,Natural Gas,NG=F,₹/kg,Energy
2024-07-19,2.128000020980835,2.1429998874664307,2.056999921798706,2.0889999866485596,101992,83.67430114746094,174.8,179.31,172.12,178.06,0.0026465454135931044,7.189999999999998,Natural Gas,NG=F,₹/kg,Energy
2024-07-22,2.250999927520752,2.2699999809265137,2.0899999141693115,2.1040000915527344,148699,83.73030090332031,176.17,190.07,175.0,188.48,0.058519600134785854,15.069999999999993,Natural Gas,NG=F,₹/kg,Energy
2024-07-23,2.187000036239624,2.265000104904175,2.122999906539917,2.244999885559082,112276,83.67130279541016,187.84,189.52,177.63,182.99,-0.02912775891341246,11.890000000000015,Natural Gas,NG=F,₹/kg,Energy
2024-07-24,2.117000102996826,2.1700000762939453,2.1019999980926514,2.1530001163482666,65013,83.70680236816406,180.22,181.64,175.95,177.21,-0.031586425487731606,5.689999999999998,Natural Gas,NG=F,₹/kg,Energy
2024-07-25,2.0409998893737793,2.1549999713897705,2.0350000858306885,2.125999927520752,44964,83.74299621582031,178.04,180.47,170.42,170.92,-0.035494610913605396,10.050000000000011,Natural Gas,NG=F,₹/kg,Energy
2024-07-26,2.00600004196167,2.0840001106262207,1.99399995803833,2.052000045776367,58506,83.73760223388672,171.83,174.51,166.97,167.98,-0.017201029721507166,7.539999999999992,Natural Gas,NG=F,₹/kg,Energy
2024-07-29,1.906999945640564,2.055999994277954,1.8559999465942383,2.0160000324249268,162676,83.72779846191406,168.8,172.14,155.4,159.67,-0.04947017502083584,16.73999999999998,Natural Gas,NG=F,₹/kg,Energy
2024-07-30,2.125999927520752,2.134999990463257,1.9910000562667847,2.065000057220459,157477,83.75050354003906,172.94,178.81,166.75,178.05,0.11511241936494043,12.060000000000002,Natural Gas,NG=F,₹/kg,Energy
2024-07-31,2.0360000133514404,2.1489999294281006,2.0230000019073486,2.119999885559082,167713,83.73899841308594,177.53,179.96,169.4,170.49,-0.04245998315080035,10.560000000000002,Natural Gas,NG=F,₹/kg,Energy
2024-08-01,1.968000054359436,2.125999927520752,1.965000033378601,2.0460000038146973,215979,83.7177963256836,171.29,177.98,164.51,164.76,-0.03360900932606026,13.469999999999999,Natural Gas,NG=F,₹/kg,Energy
2024-08-02,1.9670000076293945,2.0230000019073486,1.9199999570846558,1.9850000143051147,164207,83.743896484375,166.23,169.41,160.79,164.72,-0.00024277737314881698,8.620000000000005,Natural Gas,NG=F,₹/kg,Energy
2024-08-05,1.9420000314712524,1.9739999771118164,1.8819999694824219,1.9500000476837158,150595,83.73529815673828,163.28,165.29,157.59,162.61,-0.012809616318601225,7.699999999999989,Natural Gas,NG=F,₹/kg,Energy
2024-08-06,2.009999990463257,2.0329999923706055,1.899999976158142,1.9570000171661377,154471,84.00260162353516,164.39,170.78,159.6,168.85,0.03837402373777743,11.180000000000007,Natural Gas,NG=F,₹/kg,Energy
2024-08-07,2.111999988555908,2.119999885559082,2.009999990463257,2.0250000953674316,226781,83.93489837646484,169.97,177.94,168.71,177.27,0.049866745632217935,9.22999999999999,Natural Gas,NG=F,₹/kg,Energy
2024-08-08,2.127000093460083,2.178999900817871,2.0280001163482666,2.0999999046325684,232204,83.94239807128906,176.28,182.91,170.24,178.55,0.007220623907034485,12.669999999999987,Natural Gas,NG=F,₹/kg,Energy
2024-08-09,2.1429998874664307,2.187000036239624,2.1040000915527344,2.1510000228881836,183426,83.98899841308594,180.66,183.68,176.71,179.99,0.008064967796135525,6.969999999999999,Natural Gas,NG=F,₹/kg,Energy
2024-08-12,2.188999891281128,2.25600004196167,2.1549999713897705,2.1730000972747803,181250,83.94979858398438,182.42,189.39,180.91,183.77,0.02100116673148511,8.47999999999999,Natural Gas,NG=F,₹/kg,Energy
2024-08-13,2.1480000019073486,2.239000082015991,2.134000062942505,2.174999952316284,202099,83.88999938964844,182.46,187.83,179.02,180.2,-0.01942645698427392,8.810000000000002,Natural Gas,NG=F,₹/kg,Energy
2024-08-14,2.2190001010894775,2.2760000228881836,2.1440000534057617,2.1600000858306885,189925,83.88200378417969,181.19,190.92,179.84,186.13,0.03290788013318546,11.079999999999984,Natural Gas,NG=F,₹/kg,Energy
2024-08-15,2.197000026702881,2.3010001182556152,2.188999891281128,2.2279999256134033,165423,83.97149658203125,187.09,193.22,183.81,184.49,-0.008811046043088133,9.409999999999997,Natural Gas,NG=F,₹/kg,Energy
2024-08-16,2.122999906539917,2.2160000801086426,2.1110000610351562,2.2049999237060547,140820,83.94830322265625,185.11,186.03,177.21,178.22,-0.03398558187435641,8.819999999999993,Natural Gas,NG=F,₹/kg,Energy
2024-08-19,2.234999895095825,2.253999948501587,2.0969998836517334,2.125,179074,83.88980102539062,178.27,189.09,175.92,187.49,0.052014364268881286,13.170000000000016,Natural Gas,NG=F,₹/kg,Energy
2024-08-20,2.197999954223633,2.2780001163482666,2.1730000972747803,2.246000051498413,129952,83.87860107421875,188.39,191.08,182.27,184.37,-0.016640887514000724,8.810000000000002,Natural Gas,NG=F,₹/kg,Energy
2024-08-21,2.177000045776367,2.2279999256134033,2.13100004196167,2.2009999752044678,124659,83.77940368652344,184.4,186.66,178.53,182.39,-0.010739274285404443,8.129999999999995,Natural Gas,NG=F,₹/kg,Energy
2024-08-22,2.052999973297119,2.200000047683716,2.0309998989105225,2.187999963760376,153777,83.88860321044922,183.55,184.55,170.38,172.22,-0.055759635944953034,14.170000000000016,Natural Gas,NG=F,₹/kg,Energy
2024-08-23,2.0220000743865967,2.0739998817443848,2.005000114440918,2.061000108718872,62492,83.94059753417969,173.0,174.09,168.3,169.73,-0.014458251074207507,5.789999999999992,Natural Gas,NG=F,₹/kg,Energy
2024-08-26,1.9559999704360962,2.0220000743865967,1.944000005722046,2.003999948501587,50432,83.81379699707031,167.96,169.47,162.93,163.94,-0.03411300300477227,6.539999999999992,Natural Gas,NG=F,₹/kg,Energy
2024-08-27,1.9040000438690186,1.9739999771118164,1.875,1.9559999704360962,68871,83.88369750976562,164.08,165.59,157.28,159.71,-0.025802122727827226,8.310000000000002,Natural Gas,NG=F,₹/kg,Energy
2024-08-28,1.9299999475479126,2.0,1.8559999465942383,1.9240000247955322,165219,83.92160034179688,161.47,167.84,155.76,161.97,0.014150648049589876,12.080000000000013,Natural Gas,NG=F,₹/kg,Energy
2024-08-29,2.13700008392334,2.1489999294281006,2.0260000228881836,2.0969998836517334,154737,83.94149780273438,176.03,180.39,170.07,179.38,0.10748904118046543,10.319999999999993,Natural Gas,NG=F,₹/kg,Energy
2024-08-30,2.127000093460083,2.1710000038146973,2.0929999351501465,2.1449999809265137,131106,83.89510345458984,179.95,182.14,175.59,178.44,-0.005240272048165906,6.549999999999983,Natural Gas,NG=F,₹/kg,Energy
2024-09-03,2.203000068664551,2.2249999046325684,2.075000047683716,2.1459999084472656,221115,83.92729949951172,180.11,186.74,174.15,184.89,0.03614660390047075,12.590000000000003,Natural Gas,NG=F,₹/kg,Energy
2024-09-04,2.1449999809265137,2.2699999809265137,2.13100004196167,2.197000026702881,150022,83.95030212402344,184.44,190.57,178.9,180.07,-0.026069554870463474,11.669999999999987,Natural Gas,NG=F,₹/kg,Energy
2024-09-05,2.253999948501587,2.2860000133514404,2.117000102996826,2.1389999389648438,196899,83.98249816894531,179.64,191.98,177.79,189.3,0.05125784417171109,14.189999999999998,Natural Gas,NG=F,₹/kg,Energy
2024-09-06,2.2750000953674316,2.2939999103546143,2.2320001125335693,2.260999917984009,121498,83.98359680175781,189.89,192.66,187.45,191.06,0.009297411516111964,5.210000000000008,Natural Gas,NG=F,₹/kg,Energy
2024-09-09,2.1700000762939453,2.246999979019165,2.1410000324249268,2.2200000286102295,121498,83.98259735107422,186.44,188.71,179.81,182.24,-0.04616350884538889,8.900000000000006,Natural Gas,NG=F,₹/kg,Energy
2024-09-10,2.2320001125335693,2.257999897003174,2.125,2.1489999294281006,183556,83.98090362548828,180.47,189.63,178.46,187.45,0.028588674275680237,11.169999999999987,Natural Gas,NG=F,₹/kg,Energy
2024-09-11,2.2699999809265137,2.325000047683716,2.2139999866485596,2.2360000610351562,198836,83.98200225830078,187.78,195.26,185.94,190.64,0.01701787143238187,9.319999999999993,Natural Gas,NG=F,₹/kg,Energy
2024-09-12,2.3570001125335693,2.3940000534057617,2.2290000915527344,2.2860000133514404,231423,83.99259948730469,192.01,201.08,187.22,197.97,0.03844943348720098,13.860000000000014,Natural Gas,NG=F,₹/kg,Energy
2024-09-13,2.305000066757202,2.4070000648498535,2.2939999103546143,2.36299991607666,173713,83.93479919433594,198.34,202.03,192.55,193.47,-0.022730716775268944,9.47999999999999,Natural Gas,NG=F,₹/kg,Energy
2024-09-16,2.372999906539917,2.3970000743865967,2.265000104904175,2.2980000972747803,163817,83.88480377197266,192.77,201.07,190.0,199.06,0.028893368480901405,11.069999999999993,Natural Gas,NG=F,₹/kg,Energy
2024-09-17,2.3239998817443848,2.436000108718872,2.306999921798706,2.3910000324249268,171895,83.88400268554688,200.57,204.34,193.52,194.95,-0.020647041093137863,10.819999999999993,Natural Gas,NG=F,₹/kg,Energy
2024-09-18,2.2839999198913574,2.377000093460083,2.2750000953674316,2.312000036239624,137696,83.77059936523438,193.68,199.12,190.58,191.33,-0.01856886381123357,8.539999999999992,Natural Gas,NG=F,₹/kg,Energy
2024-09-19,2.3480000495910645,2.3610000610351562,2.2230000495910645,2.2880001068115234,190187,83.69170379638672,191.49,197.6,186.05,196.51,0.02707364239795096,11.549999999999983,Natural Gas,NG=F,₹/kg,Energy
2024-09-20,2.434000015258789,2.4600000381469727,2.313999891281128,2.3580000400543213,161905,83.61470031738281,197.16,205.69,193.48,203.52,0.03567248486082142,12.210000000000008,Natural Gas,NG=F,₹/kg,Energy
2024-09-23,2.61299991607666,2.6459999084472656,2.4579999446868896,2.4619998931884766,124650,83.48709869384766,205.55,220.91,205.21,218.15,0.0718848270440251,15.699999999999989,Natural Gas,NG=F,₹/kg,Energy
2024-09-24,2.5510001182556152,2.6740000247955322,2.5350000858306885,2.634000062942505,61695,83.55960083007812,220.1,223.44,211.82,213.16,-0.022874169149667667,11.620000000000005,Natural Gas,NG=F,₹/kg,Energy
2024-09-25,2.63700008392334,2.6579999923706055,2.562999963760376,2.5829999446868896,91605,83.56759643554688,215.86,222.12,214.18,220.37,0.03382435729029831,7.939999999999998,Natural Gas,NG=F,₹/kg,Energy
2024-09-26,2.5850000381469727,2.690000057220459,2.5239999294281006,2.640000104904175,187374,83.62409973144531,220.77,224.95,211.07,216.17,-0.019058855561101873,13.879999999999995,Natural Gas,NG=F,₹/kg,Energy
2024-09-27,2.9019999504089355,2.931999921798706,2.7200000286102295,2.74399995803833,224258,83.61710357666016,229.45,245.17,227.44,242.66,0.12254244344728682,17.72999999999999,Natural Gas,NG=F,₹/kg,Energy
2024-09-30,2.9230000972747803,2.947999954223633,2.865000009536743,2.8989999294281006,156783,83.71640014648438,242.69,246.8,239.85,244.7,0.008406824363306642,6.950000000000017,Natural Gas,NG=F,₹/kg,Energy
2024-10-01,2.8959999084472656,2.941999912261963,2.825000047683716,2.9070000648498535,161084,83.82730102539062,243.69,246.62,236.81,242.76,-0.007928075194115203,9.810000000000002,Natural Gas,NG=F,₹/kg,Energy
2024-10-02,2.885999917984009,3.0,2.869999885559082,2.8980000019073486,162673,83.87210083007812,243.06,251.62,240.71,242.05,-0.002924699291481203,10.909999999999997,Natural Gas,NG=F,₹/kg,Energy
2024-10-03,2.9700000286102295,2.98799991607666,2.9000000953674316,2.9210000038146973,133170,83.91960144042969,245.13,250.75,243.37,249.24,0.029704606486263163,7.3799999999999955,Natural Gas,NG=F,₹/kg,Energy
2024-10-04,2.8540000915527344,3.0190000534057617,2.8310000896453857,2.9709999561309814,173745,84.0093994140625,249.59,253.62,237.83,239.76,-0.038035628310062686,15.789999999999992,Natural Gas,NG=F,₹/kg,Energy
2024-10-07,2.746000051498413,2.8389999866485596,2.7049999237060547,2.8269999027252197,216871,84.02780151367188,237.55,238.55,227.3,230.74,-0.03762095428762091,11.25,Natural Gas,NG=F,₹/kg,Energy
2024-10-08,2.7330000400543213,2.7809998989105225,2.6989998817443848,2.7330000400543213,162513,83.96410369873047,229.47,233.5,226.62,229.47,-0.005504030510531388,6.8799999999999955,Natural Gas,NG=F,₹/kg,Energy
2024-10-09,2.6600000858306885,2.7239999771118164,2.631999969482422,2.7090001106262207,190644,83.91459655761719,227.32,228.58,220.86,223.21,-0.02728025449949878,7.719999999999999,Natural Gas,NG=F,₹/kg,Energy
2024-10-10,2.674999952316284,2.700000047683716,2.5880000591278076,2.6470000743865967,188461,83.94219970703125,222.2,226.64,217.24,224.55,0.006003315263653164,9.399999999999977,Natural Gas,NG=F,₹/kg,Energy
2024-10-11,2.631999969482422,2.7269999980926514,2.615000009536743,2.687000036239624,150928,83.94599914550781,225.56,228.92,219.52,220.95,-0.01603206412825664,9.399999999999977,Natural Gas,NG=F,₹/kg,Energy
2024-10-14,2.49399995803833,2.625,2.4760000705718994,2.624000072479248,139692,84.16829681396484,220.86,220.94,208.4,209.92,-0.04992079656030779,12.539999999999992,Natural Gas,NG=F,₹/kg,Energy
2024-10-15,2.497999906539917,2.549999952316284,2.444999933242798,2.4820001125335693,156441,84.04850006103516,208.61,214.32,205.5,209.95,0.00014291158536594573,8.819999999999993,Natural Gas,NG=F,₹/kg,Energy
2024-10-16,2.367000102996826,2.496999979019165,2.3580000400543213,2.48799991607666,173482,84.05619812011719,209.13,209.89,198.2,198.96,-0.052345796618242346,11.689999999999998,Natural Gas,NG=F,₹/kg,Energy
2024-10-17,2.3469998836517334,2.4170000553131104,2.3380000591278076,2.377000093460083,135847,84.03929901123047,199.76,203.12,196.48,197.24,-0.008644953759549656,6.640000000000015,Natural Gas,NG=F,₹/kg,Energy
2024-10-18,2.257999897003174,2.369999885559082,2.247999906539917,2.3489999771118164,164160,84.05380249023438,197.44,199.21,188.95,189.79,-0.037771243155546586,10.26000000000002,Natural Gas,NG=F,₹/kg,Energy
2024-10-21,2.312000036239624,2.36899995803833,2.2100000381469727,2.2200000286102295,154025,84.0687026977539,186.63,199.16,185.79,194.37,0.02413193529690716,13.370000000000005,Natural Gas,NG=F,₹/kg,Energy
2024-10-22,2.311000108718872,2.375,2.2709999084472656,2.364000082015991,198772,84.07350158691406,198.75,199.67,190.93,194.29,-0.00041158615012615307,8.73999999999998,Natural Gas,NG=F,₹/kg,Energy
2024-10-23,2.3420000076293945,2.441999912261963,2.257999897003174,2.3010001182556152,145225,84.08399963378906,193.48,205.33,189.86,196.92,0.013536466107365364,15.469999999999999,Natural Gas,NG=F,₹/kg,Energy
2024-10-24,2.5220000743865967,2.5820000171661377,2.372999906539917,2.4000000953674316,139719,84.06759643554688,201.76,217.06,199.49,212.02,0.07668088563883813,17.569999999999993,Natural Gas,NG=F,₹/kg,Energy
2024-10-25,2.559999942779541,2.5789999961853027,2.4600000381469727,2.5309998989105225,67455,84.08180236816406,212.81,216.85,206.84,215.25,0.015234411847938834,10.009999999999991,Natural Gas,NG=F,₹/kg,Energy
2024-10-28,2.309000015258789,2.5160000324249268,2.2679998874664307,2.505000114440918,89409,84.10199737548828,210.68,211.6,190.74,194.19,-0.09783972125435536,20.859999999999985,Natural Gas,NG=F,₹/kg,Energy
2024-10-29,2.3459999561309814,2.3910000324249268,2.200000047683716,2.259000062942505,143883,84.10279846191406,189.99,201.09,185.03,197.31,0.016066738761007393,16.060000000000002,Natural Gas,NG=F,₹/kg,Energy
2024-10-30,2.8450000286102295,2.9189999103546143,2.7699999809265137,2.9049999713897705,162834,84.08930206298828,244.28,245.46,232.93,239.23,0.21245755410268097,12.530000000000001,Natural Gas,NG=F,₹/kg,Energy
2024-10-31,2.7070000171661377,2.8299999237060547,2.687999963760376,2.812999963760376,185486,84.08910369873047,236.54,237.97,226.03,227.63,-0.04848890189357524,11.939999999999998,Natural Gas,NG=F,₹/kg,Energy
2024-11-01,2.6630001068115234,2.7239999771118164,2.631999969482422,2.7019999027252197,166422,84.09149932861328,227.22,229.07,221.33,223.94,-0.01621051706717036,7.739999999999981,Natural Gas,NG=F,₹/kg,Energy
2024-11-04,2.7809998989105225,2.7950000762939453,2.5139999389648438,2.559999942779541,201168,84.13359832763672,215.38,235.15,211.51,233.98,0.04483343752790914,23.640000000000015,Natural Gas,NG=F,₹/kg,Energy
2024-11-05,2.6700000762939453,2.818000078201294,2.6510000228881836,2.7890000343322754,153934,84.15249633789062,234.7,237.14,223.09,224.69,-0.03970424822634411,14.049999999999983,Natural Gas,NG=F,₹/kg,Energy
2024-11-06,2.746999979019165,2.7960000038146973,2.6600000858306885,2.678999900817871,157298,84.11630249023438,225.35,235.19,223.75,231.07,0.028394677110685773,11.439999999999998,Natural Gas,NG=F,₹/kg,Energy
2024-11-07,2.693000078201294,2.7780001163482666,2.6559998989105225,2.7109999656677246,165551,84.2511978149414,228.4,234.05,223.77,226.89,-0.018089756350889385,10.280000000000001,Natural Gas,NG=F,₹/kg,Energy
2024-11-08,2.6689999103546143,2.747999906539917,2.6429998874664307,2.694000005722046,158000,84.306396484375,227.12,231.67,222.82,225.01,-0.008285953545771108,8.849999999999994,Natural Gas,NG=F,₹/kg,Energy
2024-11-11,2.9200000762939453,2.9560000896453857,2.7690000534057617,2.7699999809265137,252383,84.38289642333984,233.74,249.44,233.66,246.4,0.09506244166925915,15.780000000000001,Natural Gas,NG=F,₹/kg,Energy
2024-11-12,2.9070000648498535,3.013000011444092,2.8550000190734863,2.9519999027252197,245266,84.39649963378906,249.14,254.29,240.95,245.34,-0.004301948051948057,13.340000000000003,Natural Gas,NG=F,₹/kg,Energy
2024-11-13,2.9830000400543213,3.0199999809265137,2.8299999237060547,2.9140000343322754,218400,84.39530181884766,245.93,254.87,238.84,251.75,0.02612700741827667,16.03,Natural Gas,NG=F,₹/kg,Energy
2024-11-14,2.7850000858306885,2.984999895095825,2.759000062942505,2.9809999465942383,209678,84.4229965209961,251.66,252.0,232.92,235.12,-0.06605759682224432,19.080000000000013,Natural Gas,NG=F,₹/kg,Energy
2024-11-15,2.822999954223633,2.8429999351501465,2.687999963760376,2.765000104904175,181092,84.47380065917969,233.57,240.16,227.07,238.47,0.014248043552228529,13.090000000000003,Natural Gas,NG=F,₹/kg,Energy
2024-11-18,2.9730000495910645,2.9769999980926514,2.8320000171661377,2.924999952316284,188338,84.47750091552734,247.1,251.49,239.24,251.15,0.05317230678911389,12.25,Natural Gas,NG=F,₹/kg,Energy
2024-11-19,2.997999906539917,3.058000087738037,2.9049999713897705,2.9509999752044678,211932,84.39849853515625,249.06,258.09,245.18,253.03,0.007485566394584975,12.909999999999968,Natural Gas,NG=F,₹/kg,Energy
2024-11-20,3.193000078201294,3.236999988555908,2.941999912261963,2.9619998931884766,225693,84.39759826660156,249.99,273.2,248.3,269.48,0.06501205390665143,24.899999999999977,Natural Gas,NG=F,₹/kg,Energy
2024-11-21,3.3389999866485596,3.4509999752044678,3.194999933242798,3.2160000801086426,192156,84.38310241699219,271.38,291.21,269.6,281.76,0.04556924447083266,21.609999999999957,Natural Gas,NG=F,₹/kg,Energy
2024-11-22,3.128999948501587,3.562999963760376,3.071000099182129,3.390000104904175,95807,84.48829650878906,286.42,301.03,259.46,264.36,-0.061754684838160046,41.56999999999999,Natural Gas,NG=F,₹/kg,Energy
2024-11-25,3.36899995803833,3.4609999656677246,3.2639999389648438,3.3559999465942383,108485,84.43599700927734,283.37,292.23,275.6,284.46,0.07603268270540164,16.629999999999995,Natural Gas,NG=F,₹/kg,Energy
2024-11-26,3.430999994277954,3.5,3.255000114440918,3.3299999237060547,222049,84.37750244140625,280.98,295.32,274.65,289.5,0.01771778105884847,20.670000000000016,Natural Gas,NG=F,₹/kg,Energy
2024-11-27,3.2039999961853027,3.4700000286102295,3.188999891281128,3.4679999351501465,214291,84.33910369873047,292.49,292.66,268.96,270.22,-0.06659758203799648,23.700000000000045,Natural Gas,NG=F,₹/kg,Energy
2024-11-29,3.36299991607666,3.384000062942505,3.174999952316284,3.194999933242798,163060,84.47160339355469,269.89,285.85,268.2,284.08,0.05129154022648197,17.650000000000034,Natural Gas,NG=F,₹/kg,Energy
2024-12-02,3.2130000591278076,3.2790000438690186,3.1480000019073486,3.2200000286102295,208653,84.55699920654297,272.27,277.26,266.19,271.68,-0.04364967614756399,11.069999999999993,Natural Gas,NG=F,₹/kg,Energy
2024-12-03,3.0420000553131104,3.2170000076293945,3.0299999713897705,3.2070000171661377,184347,84.73709869384766,271.75,272.6,256.75,257.77,-0.051199941107185065,15.850000000000023,Natural Gas,NG=F,₹/kg,Energy
2024-12-04,3.0429999828338623,3.0880000591278076,2.9769999980926514,3.0480000972747803,171700,84.68309783935547,258.11,261.5,252.1,257.69,-0.00031035419172120715,9.400000000000006,Natural Gas,NG=F,₹/kg,Energy
2024-12-05,3.0789999961853027,3.1549999713897705,3.0350000858306885,3.071000099182129,183885,84.70700073242188,260.14,267.25,257.09,260.81,0.012107571112577098,10.160000000000025,Natural Gas,NG=F,₹/kg,Energy
2024-12-06,3.0759999752044678,3.1080000400543213,3.003999948501587,3.0869998931884766,188687,84.68379974365234,261.42,263.2,254.39,260.49,-0.0012269468195237332,8.810000000000002,Natural Gas,NG=F,₹/kg,Energy
2024-12-09,3.181999921798706,3.3239998817443848,3.13700008392334,3.259999990463257,258430,84.66600036621094,276.01,281.43,265.6,269.41,0.03424315712695303,15.829999999999984,Natural Gas,NG=F,₹/kg,Energy
2024-12-10,3.1630001068115234,3.193000078201294,3.069000005722046,3.188999891281128,233880,84.84729766845703,270.58,270.92,260.4,268.37,-0.003860287294458309,10.520000000000039,Natural Gas,NG=F,₹/kg,Energy
2024-12-11,3.378000020980835,3.4040000438690186,3.180999994277954,3.193000078201294,276534,84.8740005493164,271.0,288.91,269.98,286.7,0.06830122591943955,18.930000000000007,Natural Gas,NG=F,₹/kg,Energy
2024-12-12,3.4549999237060547,3.559000015258789,3.2820000648498535,3.364000082015991,328089,84.85710144042969,285.46,302.01,278.5,293.18,0.02260202302057901,23.50999999999999,Natural Gas,NG=F,₹/kg,Energy
2024-12-13,3.2799999713897705,3.489000082015991,3.2639999389648438,3.4579999446868896,213643,84.83920288085938,293.37,296.0,276.92,278.27,-0.05085612934033712,19.079999999999984,Natural Gas,NG=F,₹/kg,Energy
2024-12-16,3.2139999866485596,3.253000020980835,3.1449999809265137,3.2100000381469727,172230,84.802001953125,272.21,275.86,266.7,272.55,-0.02055557552017817,9.160000000000025,Natural Gas,NG=F,₹/kg,Energy
2024-12-17,3.308000087738037,3.3940000534057617,3.0910000801086426,3.2269999980926514,229155,84.91729736328125,274.03,288.21,262.48,280.91,0.030673270959457044,25.72999999999996,Natural Gas,NG=F,₹/kg,Energy
2024-12-18,3.374000072479248,3.440999984741211,3.312000036239624,3.368000030517578,193391,84.91539764404297,286.0,292.19,281.24,286.5,0.019899611975365605,10.949999999999989,Natural Gas,NG=F,₹/kg,Energy
2024-12-19,3.5840001106262207,3.6459999084472656,3.3910000324249268,3.4049999713897705,195546,85.16549682617188,289.99,310.51,288.8,305.23,0.06537521815008729,21.70999999999998,Natural Gas,NG=F,₹/kg,Energy
2024-12-20,3.747999906539917,3.828000068664551,3.553999900817871,3.631999969482422,221930,85.27940368652344,309.73,326.45,303.08,319.63,0.047177538249844275,23.370000000000005,Natural Gas,NG=F,₹/kg,Energy
2024-12-23,3.6559998989105225,3.944000005722046,3.5810000896453857,3.86899995803833,125622,84.94499969482422,328.65,335.02,304.19,310.56,-0.028376560397960104,30.829999999999984,Natural Gas,NG=F,₹/kg,Energy
2024-12-24,3.946000099182129,3.9579999446868896,3.6659998893737793,3.694999933242798,66852,85.0988998413086,314.44,336.82,311.97,335.8,0.0812725399278722,24.849999999999966,Natural Gas,NG=F,₹/kg,Energy
2024-12-26,3.7149999141693115,4.010000228881836,3.6519999504089355,3.9700000286102295,67209,85.41339874267578,339.09,342.51,311.93,317.31,-0.055062537224538466,30.579999999999984,Natural Gas,NG=F,₹/kg,Energy
2024-12-27,3.5139999389648438,3.88700008392334,3.369999885559082,3.7070000171661377,189959,85.26090240478516,316.06,331.41,287.33,299.61,-0.055781412498818184,44.08000000000004,Natural Gas,NG=F,₹/kg,Energy
2024-12-30,3.936000108718872,4.201000213623047,3.6480000019073486,3.6570000648498535,374324,85.38600158691406,312.26,358.71,311.49,336.08,0.12172490904842959,47.21999999999997,Natural Gas,NG=F,₹/kg,Energy
2024-12-31,3.632999897003174,4.01200008392334,3.5769999027252197,3.9149999618530273,184552,85.7865982055664,335.85,344.18,306.86,311.66,-0.07266127112592224,37.31999999999999,Natural Gas,NG=F,₹/kg,Energy
2025-01-02,3.6600000858306885,3.8010001182556152,3.5409998893737793,3.6559998989105225,156670,85.78569793701172,313.63,326.07,303.77,313.98,0.007444009497529436,22.30000000000001,Natural Gas,NG=F,₹/kg,Energy
2025-01-03,3.3540000915527344,3.680000066757202,3.3299999237060547,3.6689999103546143,188094,85.80400085449219,314.81,315.76,285.73,287.79,-0.08341295623925093,30.029999999999973,Natural Gas,NG=F,₹/kg,Energy
2025-01-06,3.671999931335449,3.7260000705718994,3.502000093460083,3.553999900817871,228124,85.75900268554688,304.79,319.54,300.33,314.91,0.09423537996455744,19.210000000000036,Natural Gas,NG=F,₹/kg,Energy
2025-01-07,3.4489998817443848,3.73799991607666,3.427000045776367,3.7049999237060547,182148,85.68070220947266,317.45,320.27,293.63,295.51,-0.06160490298815546,26.639999999999986,Natural Gas,NG=F,₹/kg,Energy
2025-01-08,3.6510000228881836,3.694000005722046,3.427000045776367,3.447999954223633,189259,85.80650329589844,295.86,316.97,294.06,313.28,0.06013332882135969,22.910000000000025,Natural Gas,NG=F,₹/kg,Energy
2025-01-09,3.7009999752044678,3.8299999237060547,3.552000045776367,3.681999921798706,145203,85.90750122070312,316.31,329.03,305.14,317.94,0.014874872318692667,23.889999999999986,Natural Gas,NG=F,₹/kg,Energy
2025-01-10,3.989000082015991,4.01800012588501,3.684999942779541,3.7090001106262207,229112,85.91999816894531,318.68,345.23,316.62,342.73,0.0779706862930114,28.610000000000014,Natural Gas,NG=F,₹/kg,Energy
2025-01-13,3.934000015258789,4.36899995803833,3.8450000286102295,4.3470001220703125,195514,86.18800354003906,374.66,376.56,331.39,339.06,-0.010708137601027068,45.170000000000016,Natural Gas,NG=F,₹/kg,Energy
2025-01-14,3.9679999351501465,4.059000015258789,3.7360000610351562,3.930000066757202,167416,86.65059661865234,340.54,351.71,323.73,343.83,0.014068306494425808,27.97999999999996,Natural Gas,NG=F,₹/kg,Energy
2025-01-15,4.083000183105469,4.140999794006348,3.8589999675750732,3.9549999237060547,169338,86.535400390625,342.25,358.34,333.94,353.32,0.027600849256900206,24.399999999999977,Natural Gas,NG=F,₹/kg,Energy
2025-01-16,4.257999897003174,4.328000068664551,4.01800012588501,4.130000114440918,193018,86.43099975585938,356.96,374.07,347.28,368.02,0.0416053435978716,26.79000000000002,Natural Gas,NG=F,₹/kg,Energy
2025-01-17,3.947999954223633,4.308000087738037,3.9100000858306885,4.28000020980835,204277,86.6061019897461,370.67,373.1,338.63,341.92,-0.07092005869246232,34.47000000000003,Natural Gas,NG=F,₹/kg,Energy
2025-01-21,3.75600004196167,3.9140000343322754,3.7190001010894775,3.815000057220459,209907,86.21109771728516,328.9,337.43,320.62,323.81,-0.05296560598970523,16.810000000000002,Natural Gas,NG=F,₹/kg,Energy
2025-01-22,3.9600000381469727,4.008999824523926,3.7109999656677246,3.7860000133514404,128783,86.45189666748047,327.31,346.59,320.82,342.35,0.057255798153238,25.769999999999982,Natural Gas,NG=F,₹/kg,Energy
2025-01-23,3.944999933242798,4.047999858856201,3.8610000610351562,4.000999927520752,120839,86.47270202636719,345.98,350.04,333.87,341.13,-0.003563604498320494,16.170000000000016,Natural Gas,NG=F,₹/kg,Energy
2025-01-24,4.0269999504089355,4.050000190734863,3.808000087738037,3.933000087738037,87568,86.44020080566406,339.97,350.08,329.16,348.09,0.020402778999208504,20.91999999999996,Natural Gas,NG=F,₹/kg,Energy
2025-01-27,3.697000026702881,3.8269999027252197,3.6089999675750732,3.7850000858306885,66940,86.2030029296875,326.28,329.9,311.11,318.69,-0.08446091528053079,18.789999999999964,Natural Gas,NG=F,₹/kg,Energy
2025-01-28,3.4709999561309814,3.7200000286102295,3.3610000610351562,3.6989998817443848,63816,86.46839904785156,319.85,321.66,290.62,300.13,-0.058238413505287245,31.04000000000002,Natural Gas,NG=F,₹/kg,Energy
2025-01-29,3.5350000858306885,3.5880000591278076,3.312999963760376,3.3350000381469727,167840,86.58460235595703,288.76,310.67,286.85,306.08,0.019824742611534996,23.819999999999993,Natural Gas,NG=F,₹/kg,Energy
2025-01-30,3.046999931335449,3.240000009536743,3.0350000858306885,3.174999952316284,201741,86.6406021118164,275.08,280.72,262.95,263.99,-0.13751306847882894,17.77000000000004,Natural Gas,NG=F,₹/kg,Energy
2025-01-31,3.0439999103546143,3.118000030517578,2.990000009536743,3.0810000896453857,138212,86.64700317382812,266.96,270.17,259.07,263.75,-0.0009091253456570136,11.100000000000023,Natural Gas,NG=F,₹/kg,Energy
2025-02-03,3.3519999980926514,3.4070000648498535,3.2300000190734863,3.2300000190734863,273510,86.55400085449219,279.57,294.89,279.57,290.13,0.10001895734597155,15.319999999999993,Natural Gas,NG=F,₹/kg,Energy
2025-02-04,3.253000020980835,3.3499999046325684,3.1679999828338623,3.3269999027252197,182531,86.94339752197266,289.26,291.26,275.44,282.83,-0.025161134663771456,15.819999999999993,Natural Gas,NG=F,₹/kg,Energy
2025-02-05,3.359999895095825,3.375,3.1610000133514404,3.2290000915527344,170256,87.13009643554688,281.34,294.06,275.42,292.76,0.03510942969274833,18.639999999999986,Natural Gas,NG=F,₹/kg,Energy
2025-02-06,3.4079999923706055,3.434000015258789,3.302999973297119,3.3550000190734863,177672,87.33409881591797,293.01,299.91,288.46,297.63,0.016634786172974536,11.450000000000045,Natural Gas,NG=F,₹/kg,Energy
2025-02-07,3.309000015258789,3.434999942779541,3.2960000038146973,3.380000114440918,188698,87.58830261230469,296.05,300.87,288.69,289.83,-0.02620703558109061,12.180000000000007,Natural Gas,NG=F,₹/kg,Energy
2025-02-10,3.444000005722046,3.486999988555908,3.3519999980926514,3.4059998989105225,203924,87.51309967041016,298.07,305.16,293.34,301.4,0.039919953075941095,11.82000000000005,Natural Gas,NG=F,₹/kg,Energy
2025-02-11,3.5190000534057617,3.5759999752044678,3.430999994277954,3.441999912261963,219162,87.49009704589844,301.14,312.86,300.18,307.88,0.021499668214996825,12.680000000000007,Natural Gas,NG=F,₹/kg,Energy
2025-02-12,3.565000057220459,3.5829999446868896,3.4690001010894775,3.509999990463257,194725,86.81120300292969,304.71,311.04,301.15,309.48,0.005196829933740599,9.890000000000043,Natural Gas,NG=F,₹/kg,Energy
2025-02-13,3.628000020980835,3.7860000133514404,3.5829999446868896,3.5910000801086426,305899,86.8740005493164,311.96,328.9,311.27,315.18,0.018417991469561912,17.629999999999995,Natural Gas,NG=F,₹/kg,Energy
2025-02-14,3.7249999046325684,3.8010001182556152,3.634999990463257,3.6500000953674316,201102,86.75409698486328,316.65,329.75,315.35,323.16,0.025318865410241864,14.399999999999977,Natural Gas,NG=F,₹/kg,Energy
2025-02-18,4.006999969482422,4.017000198364258,3.553999900817871,3.614000082015991,300505,86.85479736328125,313.89,348.9,308.68,348.03,0.07695878202747841,40.21999999999997,Natural Gas,NG=F,₹/kg,Energy
2025-02-19,4.28000020980835,4.394000053405762,3.947000026702881,4.013000011444092,338827,86.88719940185547,348.68,381.78,342.94,371.88,0.06852857512283439,38.839999999999975,Natural Gas,NG=F,₹/kg,Energy
2025-02-20,4.1519999504089355,4.47599983215332,4.033999919891357,4.38100004196167,211817,86.872802734375,380.59,388.84,350.44,360.7,-0.030063461331612418,38.39999999999998,Natural Gas,NG=F,₹/kg,Energy
2025-02-21,4.234000205993652,4.443999767303467,4.1479997634887695,4.173999786376953,164320,86.45120239257812,360.85,384.19,358.6,366.03,0.014776822844469129,25.589999999999975,Natural Gas,NG=F,₹/kg,Energy
2025-02-24,3.99399995803833,4.090000152587891,3.9059998989105225,4.065000057220459,82872,86.52940368652344,351.74,353.91,337.98,345.6,-0.05581509712318644,15.930000000000007,Natural Gas,NG=F,₹/kg,Energy
2025-02-25,4.173999786376953,4.185999870300293,3.934999942779541,3.986999988555908,91529,86.69010162353516,345.63,362.88,341.13,361.84,0.04699074074074061,21.75,Natural Gas,NG=F,₹/kg,Energy
2025-02-26,3.9059998989105225,4.211999893188477,3.859999895095825,4.130000114440918,172826,87.0811996459961,359.65,366.79,336.13,340.14,-0.05997125801459202,30.660000000000025,Natural Gas,NG=F,₹/kg,Energy
2025-02-27,3.934000015258789,4.065000057220459,3.878000020980835,3.9660000801086426,171402,87.16220092773438,345.69,354.31,338.02,342.9,0.00811430587405182,16.29000000000002,Natural Gas,NG=F,₹/kg,Energy
2025-02-28,3.8340001106262207,3.9539999961853027,3.813999891281128,3.938999891281128,141989,87.3270034790039,343.98,345.29,333.07,334.81,-0.023592884222805366,12.220000000000027,Natural Gas,NG=F,₹/kg,Energy
2025-03-03,4.122000217437744,4.172999858856201,3.742000102996826,3.7790000438690186,269838,87.46399688720703,330.53,364.99,327.29,360.53,0.07681968877871026,37.69999999999999,Natural Gas,NG=F,₹/kg,Energy
2025-03-04,4.349999904632568,4.551000118255615,4.056000232696533,4.168000221252441,350513,87.32959747314453,363.99,397.44,354.21,379.88,0.05367098438410123,43.23000000000002,Natural Gas,NG=F,₹/kg,Energy
2025-03-05,4.449999809265137,4.51800012588501,4.2270002365112305,4.316999912261963,224571,87.21700286865234,376.52,394.05,368.67,388.12,0.021691060334842582,25.379999999999995,Natural Gas,NG=F,₹/kg,Energy
2025-03-06,4.302000045776367,4.4710001945495605,4.254000186920166,4.466000080108643,202475,86.88929748535156,388.05,388.48,369.63,373.8,-0.03689580542100379,18.850000000000023,Natural Gas,NG=F,₹/kg,Energy
2025-03-07,4.39900016784668,4.426000118255615,4.131999969482422,4.285999774932861,211901,87.12879943847656,373.43,385.63,360.02,383.28,0.025361155698234272,25.610000000000014,Natural Gas,NG=F,₹/kg,Energy
2025-03-10,4.491000175476074,4.901000022888184,4.447000026702881,4.4670000076293945,221480,87.07379913330078,388.96,426.75,387.22,391.05,0.0202723857232312,39.52999999999997,Natural Gas,NG=F,₹/kg,Energy
2025-03-11,4.453000068664551,4.5879998207092285,4.334000110626221,4.460999965667725,192161,87.3551025390625,389.69,400.79,378.6,388.99,-0.005267868559007849,22.189999999999998,Natural Gas,NG=F,₹/kg,Energy
2025-03-12,4.084000110626221,4.379000186920166,4.0289998054504395,4.3460001945495605,224052,87.20010375976562,378.97,381.85,351.33,356.13,-0.08447517931052217,30.52000000000004,Natural Gas,NG=F,₹/kg,Energy
2025-03-13,4.111000061035156,4.195000171661377,3.9549999237060547,4.0320000648498535,227071,87.3405990600586,352.16,366.39,345.43,359.06,0.008227332715581515,20.95999999999998,Natural Gas,NG=F,₹/kg,Energy
2025-03-14,4.104000091552734,4.140999794006348,3.9619998931884766,4.039999961853027,144405,86.9220962524414,351.17,359.94,344.39,356.73,-0.0064891661560742,15.550000000000011,Natural Gas,NG=F,₹/kg,Energy
2025-03-17,4.01800012588501,4.2179999351501465,3.9769999980926514,4.124000072479248,153362,86.93900299072266,358.54,366.71,345.76,349.32,-0.020772012446388044,20.94999999999999,Natural Gas,NG=F,₹/kg,Energy
2025-03-18,4.052000045776367,4.127999782562256,3.9700000286102295,4.002999782562256,171724,86.91639709472656,347.93,358.79,345.06,352.19,0.008215962441314506,13.730000000000018,Natural Gas,NG=F,₹/kg,Energy
2025-03-19,4.247000217437744,4.258999824523926,4.046000003814697,4.052000045776367,149299,86.57610321044922,350.81,368.73,350.29,367.69,0.04401033533036136,18.439999999999998,Natural Gas,NG=F,₹/kg,Energy
2025-03-20,3.9749999046325684,4.247000217437744,3.9549999237060547,4.209000110626221,185932,86.33709716796875,363.39,366.67,341.46,343.19,-0.06663221735701275,25.210000000000036,Natural Gas,NG=F,₹/kg,Energy
2025-03-21,3.9800000190734863,4.045000076293945,3.864000082015991,3.9609999656677246,125273,86.33609771728516,341.98,349.23,333.6,343.62,0.0012529502607885323,15.629999999999995,Natural Gas,NG=F,₹/kg,Energy
2025-03-24,3.9140000343322754,4.01200008392334,3.861999988555908,3.880000114440918,78987,85.98699951171875,333.63,344.98,332.08,336.55,-0.020575053838542523,12.900000000000034,Natural Gas,NG=F,₹/kg,Energy
2025-03-25,3.8399999141693115,3.990000009536743,3.7960000038146973,3.9089999198913574,50289,85.53209686279297,334.34,341.27,324.68,328.44,-0.02409745951567377,16.589999999999975,Natural Gas,NG=F,₹/kg,Energy
2025-03-26,3.8610000610351562,3.930000066757202,3.812999963760376,3.865999937057495,52751,85.59040069580078,330.89,336.37,326.36,330.46,0.006150286201437094,10.009999999999991,Natural Gas,NG=F,₹/kg,Energy
2025-03-27,3.950000047683716,4.015999794006348,3.688999891281128,3.8589999675750732,181918,86.09539794921875,332.24,345.76,317.61,340.08,0.029110936270652976,28.149999999999977,Natural Gas,NG=F,₹/kg,Energy
2025-03-28,4.065000057220459,4.099999904632568,3.8359999656677246,3.9149999618530273,176361,85.69490051269531,335.5,351.35,328.73,348.35,0.024317807574688377,22.620000000000005,Natural Gas,NG=F,₹/kg,Energy
2025-03-31,4.11899995803833,4.252999782562256,4.054999828338623,4.176000118255615,171857,85.53880310058594,357.21,363.8,346.86,352.33,0.011425290655949327,16.939999999999998,Natural Gas,NG=F,₹/kg,Energy
2025-04-01,3.9509999752044678,4.1479997634887695,3.934000015258789,4.131999969482422,156694,85.46810150146484,353.15,354.52,336.23,337.68,-0.04158033661624039,18.289999999999964,Natural Gas,NG=F,₹/kg,Energy
2025-04-02,4.054999828338623,4.089000225067139,3.934999942779541,3.950000047683716,141243,85.61009979248047,338.16,350.06,336.88,347.15,0.028044302298033452,13.180000000000007,Natural Gas,NG=F,₹/kg,Energy
2025-04-03,4.138000011444092,4.203000068664551,3.9679999351501465,4.011000156402588,165412,85.65119934082031,343.55,359.99,339.86,354.42,0.0209419559268329,20.129999999999995,Natural Gas,NG=F,₹/kg,Energy
2025-04-04,3.8369998931884766,4.1529998779296875,3.811000108718872,4.11899995803833,246548,85.28289794921875,351.28,354.18,325.01,327.23,-0.0767168895660516,29.170000000000016,Natural Gas,NG=F,₹/kg,Energy
2025-04-07,3.6549999713897705,3.938999891281128,3.5999999046325684,3.811000108718872,298843,85.529296875,325.95,336.9,307.91,312.61,-0.0446780551905388,28.989999999999952,Natural Gas,NG=F,₹/kg,Energy
2025-04-08,3.4649999141693115,3.7829999923706055,3.4619998931884766,3.630000114440918,278152,86.0270004272461,312.28,325.44,297.83,298.08,-0.046479639167013254,27.610000000000014,Natural Gas,NG=F,₹/kg,Energy
2025-04-09,3.815999984741211,3.8289999961853027,3.3359999656677246,3.4809999465942383,359064,86.435302734375,300.88,330.96,288.35,329.84,0.10654857756307035,42.60999999999996,Natural Gas,NG=F,₹/kg,Energy
2025-04-10,3.556999921798706,3.750999927520752,3.4660000801086426,3.746999979019165,260676,86.20929718017578,323.03,323.37,298.8,306.65,-0.07030681542566097,24.569999999999993,Natural Gas,NG=F,₹/kg,Energy
2025-04-11,3.5269999504089355,3.5759999752044678,3.3940000534057617,3.5199999809265137,181628,86.2603988647461,303.64,308.47,292.77,304.24,-0.00785912277841172,15.700000000000045,Natural Gas,NG=F,₹/kg,Energy
2025-04-14,3.325000047683716,3.61299991607666,3.312000036239624,3.5,160225,86.19300079345703,301.68,311.42,285.47,286.59,-0.05801341046542219,25.94999999999999,Natural Gas,NG=F,₹/kg,Energy
2025-04-15,3.3289999961853027,3.378000020980835,3.2160000801086426,3.3450000286102295,143589,86.0447998046875,287.82,290.66,276.72,286.44,-0.0005233957918977516,13.939999999999998,Natural Gas,NG=F,₹/kg,Energy
2025-04-16,3.246999979019165,3.318000078201294,3.2039999961853027,3.318000078201294,150410,85.72669982910156,284.44,284.44,274.67,278.35,-0.028243262114229783,9.769999999999982,Natural Gas,NG=F,₹/kg,Energy
2025-04-17,3.244999885559082,3.3340001106262207,3.190999984741211,3.26200008392334,145610,85.62049865722656,279.29,285.46,273.22,277.84,-0.0018322256152327743,12.239999999999952,Natural Gas,NG=F,₹/kg,Energy
2025-04-21,3.0160000324249268,3.2249999046325684,2.99399995803833,3.197999954223633,175116,85.62049865722656,273.81,276.13,256.35,258.23,-0.07058019003743143,19.779999999999973,Natural Gas,NG=F,₹/kg,Energy
2025-04-22,3.006999969482422,3.0950000286102295,2.9549999237060547,3.0510001182556152,133976,85.15889739990234,259.82,263.57,251.64,256.07,-0.008364636177051521,11.930000000000007,Natural Gas,NG=F,₹/kg,Energy
2025-04-23,3.0220000743865967,3.0739998817443848,2.9670000076293945,3.0460000038146973,86140,85.2323989868164,259.62,262.0,252.88,257.57,0.005857773265122823,9.120000000000005,Natural Gas,NG=F,₹/kg,Energy
2025-04-24,2.930000066757202,3.0160000324249268,2.8580000400543213,3.010999917984009,66984,85.4999008178711,257.44,257.87,244.36,250.51,-0.02741002445937024,13.509999999999991,Natural Gas,NG=F,₹/kg,Energy
2025-04-25,2.937000036239624,2.9830000400543213,2.868000030517578,2.938999891281128,58815,85.2573013305664,250.57,254.32,244.52,250.4,-0.0004391042273761414,9.799999999999983,Natural Gas,NG=F,₹/kg,Energy
2025-04-28,3.1700000762939453,3.187000036239624,2.8589999675750732,2.884000062942505,229473,85.38490295410156,246.25,272.12,244.12,270.67,0.08095047923322696,28.0,Natural Gas,NG=F,₹/kg,Energy
2025-04-29,3.385999917984009,3.4570000171661377,3.306999921798706,3.319999933242798,156565,85.1603012084961,282.73,294.4,281.63,288.35,0.06531939261831754,12.769999999999982,Natural Gas,NG=F,₹/kg,Energy
2025-04-30,3.3259999752044678,3.3989999294281006,3.259999990463257,3.380000114440918,145962,85.1707992553711,287.88,289.5,277.66,283.28,-0.017582798682157286,11.839999999999975,Natural Gas,NG=F,₹/kg,Energy
2025-05-01,3.4790000915527344,3.5399999618530273,3.3399999141693115,3.3529999256134033,159640,84.53119659423828,283.43,299.24,282.33,294.08,0.03812482349618751,16.910000000000025,Natural Gas,NG=F,₹/kg,Energy
2025-05-02,3.630000114440918,3.6730000972747803,3.4179999828338623,3.446000099182129,140954,84.69670104980469,291.86,311.09,289.49,307.45,0.04546381936887922,21.599999999999966,Natural Gas,NG=F,₹/kg,Energy
2025-05-05,3.549999952316284,3.746999979019165,3.5309998989105225,3.6710000038146973,161317,84.52629852294922,310.3,316.72,298.46,300.07,-0.024003903073670507,18.260000000000048,Natural Gas,NG=F,₹/kg,Energy
2025-05-06,3.4630000591278076,3.6480000019073486,3.4230000972747803,3.568000078201294,200855,84.2208023071289,300.5,307.24,288.29,291.66,-0.028026793748125334,18.94999999999999,Natural Gas,NG=F,₹/kg,Energy
2025-05-07,3.621000051498413,3.6559998989105225,3.486999988555908,3.486999988555908,162366,84.79319763183594,295.67,310.0,295.67,307.04,0.05273263388877458,14.329999999999984,Natural Gas,NG=F,₹/kg,Energy
2025-05-08,3.5920000076293945,3.7230000495910645,3.5269999504089355,3.631999969482422,158746,84.81719970703125,308.06,315.77,299.15,304.66,-0.0077514330380406005,16.620000000000005,Natural Gas,NG=F,₹/kg,Energy
2025-05-09,3.7950000762939453,3.815000057220459,3.61299991607666,3.621000051498413,174974,86.08219909667969,311.7,328.4,311.01,326.68,0.07227729271975303,17.389999999999986,Natural Gas,NG=F,₹/kg,Energy
2025-05-12,3.6459999084472656,3.8399999141693115,3.6080000400543213,3.7750000953674316,163731,85.4083023071289,322.42,327.97,308.15,311.4,-0.046773601077507165,19.82000000000005,Natural Gas,NG=F,₹/kg,Energy
2025-05-13,3.6470000743865967,3.7279999256134033,3.569999933242798,3.677000045776367,130015,84.9656982421875,312.42,316.75,303.33,309.87,-0.004913294797687762,13.420000000000016,Natural Gas,NG=F,₹/kg,Energy
2025-05-14,3.492000102996826,3.634999990463257,3.4539999961853027,3.621999979019165,119947,85.060302734375,308.09,309.19,293.8,297.03,-0.04143673153257832,15.389999999999986,Natural Gas,NG=F,₹/kg,Energy
2025-05-15,3.361999988555908,3.499000072479248,3.3350000381469727,3.4670000076293945,152653,85.48760223388672,296.39,299.12,285.1,287.41,-0.03238730094603226,14.019999999999982,Natural Gas,NG=F,₹/kg,Energy
2025-05-16,3.3340001106262207,3.4489998817443848,3.305000066757202,3.371999979019165,141334,85.44490051269531,288.12,294.7,282.4,284.87,-0.008837549145819579,12.300000000000011,Natural Gas,NG=F,₹/kg,Energy
2025-05-19,3.11299991607666,3.2699999809265137,3.0980000495910645,3.2690000534057617,182905,85.50029754638672,279.5,279.59,264.88,266.16,-0.06567908168638315,14.70999999999998,Natural Gas,NG=F,₹/kg,Energy
2025-05-20,3.427000045776367,3.453000068664551,3.1070001125335693,3.1070001125335693,230771,85.37210083007812,265.25,294.79,265.25,292.57,0.09922602945596615,29.54000000000002,Natural Gas,NG=F,₹/kg,Energy
2025-05-21,3.368000030517578,3.513000011444092,3.3359999656677246,3.4149999618530273,135733,85.53610229492188,292.11,300.49,285.35,288.09,-0.015312574768431508,15.139999999999986,Natural Gas,NG=F,₹/kg,Energy
2025-05-22,3.253000020980835,3.38100004196167,3.23799991607666,3.3559999465942383,91988,85.60030364990234,287.27,289.41,277.17,278.46,-0.03342705404561075,12.240000000000009,Natural Gas,NG=F,₹/kg,Energy
2025-05-23,3.3340001106262207,3.3499999046325684,3.2170000076293945,3.2829999923706055,60597,85.97489929199219,282.26,288.02,276.58,286.64,0.029375852905264788,11.439999999999998,Natural Gas,NG=F,₹/kg,Energy
2025-05-27,3.3980000019073486,3.444999933242798,3.2139999866485596,3.375999927520752,55895,85.158203125,287.49,293.37,273.7,289.37,0.00952414178063088,19.670000000000016,Natural Gas,NG=F,₹/kg,Energy
2025-05-28,3.2039999961853027,3.510999917984009,3.1519999504089355,3.4049999713897705,204259,85.3604965209961,290.65,299.7,269.06,273.5,-0.05484328022946405,30.639999999999986,Natural Gas,NG=F,₹/kg,Energy
2025-05-29,3.5220000743865967,3.5759999752044678,3.437000036239624,3.5350000858306885,180662,85.38590240478516,301.84,305.34,293.47,300.73,0.09956124314442416,11.869999999999948,Natural Gas,NG=F,₹/kg,Energy
2025-05-30,3.447000026702881,3.563999891281128,3.440000057220459,3.5350000858306885,131545,85.36129760742188,301.75,304.23,293.64,294.24,-0.021580820004655332,10.590000000000032,Natural Gas,NG=F,₹/kg,Energy
2025-06-02,3.694000005722046,3.75,3.500999927520752,3.500999927520752,199977,85.52429962158203,299.42,320.72,299.42,315.93,0.07371533442088096,21.30000000000001,Natural Gas,NG=F,₹/kg,Energy
2025-06-03,3.7219998836517334,3.7639999389648438,3.630000114440918,3.747999906539917,139410,85.36370086669922,319.94,321.31,309.87,317.72,0.005665812046972585,11.439999999999998,Natural Gas,NG=F,₹/kg,Energy
2025-06-04,3.7160000801086426,3.740000009536743,3.6610000133514404,3.7290000915527344,126093,85.70880126953125,319.61,320.55,313.78,318.49,0.0024235175626337035,6.770000000000039,Natural Gas,NG=F,₹/kg,Energy
2025-06-05,3.677000045776367,3.7909998893737793,3.619999885559082,3.703000068664551,208764,85.9041976928711,318.1,325.66,310.97,315.87,-0.008226317937768846,14.689999999999998,Natural Gas,NG=F,₹/kg,Energy
2025-06-06,3.7839999198913574,3.816999912261963,3.6489999294281006,3.6530001163482666,180631,85.87750244140625,313.71,327.79,313.37,324.96,0.028777661696267387,14.420000000000016,Natural Gas,NG=F,₹/kg,Energy
2025-06-09,3.634999990463257,3.7690000534057617,3.5810000896453857,3.7190001010894775,215678,85.7853012084961,319.04,323.32,307.2,311.83,-0.04040497291974399,16.120000000000005,Natural Gas,NG=F,₹/kg,Energy
2025-06-10,3.5329999923706055,3.6619999408721924,3.515000104904175,3.611999988555908,179312,85.75599670410156,309.75,314.04,301.43,302.98,-0.028380848539268033,12.610000000000014,Natural Gas,NG=F,₹/kg,Energy
2025-06-11,3.506999969482422,3.625999927520752,3.453000068664551,3.5260000228881836,211742,85.65280151367188,302.01,310.58,295.76,300.38,-0.008581424516469816,14.819999999999993,Natural Gas,NG=F,₹/kg,Energy
2025-06-12,3.492000102996826,3.6440000534057617,3.4660000801086426,3.5190000534057617,220853,85.46980285644531,300.77,311.45,296.24,298.46,-0.006391903588787606,15.20999999999998,Natural Gas,NG=F,₹/kg,Energy
2025-06-13,3.5810000896453857,3.622999906539917,3.499000072479248,3.5409998893737793,133290,85.68840026855469,303.42,310.45,299.82,306.85,0.028110969644173478,10.629999999999995,Natural Gas,NG=F,₹/kg,Energy
2025-06-16,3.747999906539917,3.759999990463257,3.634000062942505,3.7039999961853027,171746,86.24919891357422,319.47,324.3,313.43,323.26,0.05347889848460152,10.870000000000005,Natural Gas,NG=F,₹/kg,Energy
2025-06-17,3.8510000705718994,3.88100004196167,3.7200000286102295,3.746000051498413,163883,86.10420227050781,322.55,334.17,320.31,331.59,0.025768731052403515,13.860000000000014,Natural Gas,NG=F,₹/kg,Energy
2025-06-18,3.989000082015991,4.001999855041504,3.813999891281128,3.861999988555908,0,86.36270141601562,333.53,345.62,329.39,344.5,0.038933622847492355,16.230000000000018,Natural Gas,NG=F,₹/kg,Energy
2025-06-20,3.8469998836517334,4.1479997634887695,3.818000078201294,3.984999895095825,194501,86.58380126953125,345.04,359.15,330.58,333.09,-0.03312046444121919,28.569999999999993,Natural Gas,NG=F,₹/kg,Energy
2025-06-23,3.697999954223633,3.9489998817443848,3.6659998893737793,3.9489998817443848,102698,86.5802993774414,341.91,341.91,317.4,320.17,-0.038788315470293155,24.510000000000048,Natural Gas,NG=F,₹/kg,Energy
2025-06-24,3.5369999408721924,3.684000015258789,3.5299999713897705,3.680999994277954,70983,86.23300170898438,317.42,317.68,304.4,305.01,-0.04734984539463416,13.28000000000003,Natural Gas,NG=F,₹/kg,Energy
2025-06-25,3.4059998989105225,3.5869998931884766,3.371999979019165,3.5490000247955322,74500,85.90480041503906,304.88,308.14,289.67,292.59,-0.04071997639421665,18.46999999999997,Natural Gas,NG=F,₹/kg,Energy
2025-06-26,3.260999917984009,3.424999952316284,3.1989998817443848,3.3940000534057617,230496,86.006103515625,291.9,294.57,275.13,280.47,-0.041423151850712436,19.439999999999998,Natural Gas,NG=F,₹/kg,Energy
2025-06-27,3.739000082015991,3.750999927520752,3.513000011444092,3.5299999713897705,153056,85.66639709472656,302.4,321.33,300.95,320.31,0.14204727778372006,20.379999999999995,Natural Gas,NG=F,₹/kg,Energy
2025-06-30,3.4560000896453857,3.73799991607666,3.4210000038146973,3.734999895095825,212922,85.4552993774414,319.18,319.43,292.34,295.33,-0.07798695014204993,27.090000000000032,Natural Gas,NG=F,₹/kg,Energy
2025-07-01,3.4149999618530273,3.4679999351501465,3.2929999828338623,3.453000068664551,177010,85.71399688720703,295.97,297.26,282.26,292.71,-0.00887143195747131,15.0,Natural Gas,NG=F,₹/kg,Energy
2025-07-02,3.48799991607666,3.5199999809265137,3.365999937057495,3.4170000553131104,115605,85.6427993774414,292.64,301.46,288.27,298.72,0.020532267431929485,13.189999999999998,Natural Gas,NG=F,₹/kg,Energy
2025-07-03,3.4089999198913574,3.5739998817443848,3.3919999599456787,3.5,0,85.69409942626953,299.93,306.27,290.67,292.13,-0.022060792715586586,15.599999999999966,Natural Gas,NG=F,₹/kg,Energy
2025-07-04,3.38700008392334,3.434999942779541,3.365999937057495,3.4030001163482666,0,85.31909942626953,290.34,293.07,287.18,288.98,-0.01078287063978356,5.889999999999986,Natural Gas,NG=F,₹/kg,Energy
2025-07-07,3.4119999408721924,3.4719998836517334,3.2750000953674316,3.3440001010894775,163396,85.49629974365234,285.9,296.84,280.0,291.71,0.00944702055505564,16.839999999999975,Natural Gas,NG=F,₹/kg,Energy
2025-07-08,3.3399999141693115,3.4690001010894775,3.325000047683716,3.4059998989105225,130237,85.89199829101562,292.55,297.96,285.59,286.88,-0.016557540022625106,12.370000000000005,Natural Gas,NG=F,₹/kg,Energy
2025-07-09,3.2139999866485596,3.3589999675750732,3.1489999294281006,3.3480000495910645,217203,85.7073974609375,286.95,287.89,269.89,275.46,-0.039807585052983874,18.0,Natural Gas,NG=F,₹/kg,Energy
2025-07-10,3.3369998931884766,3.3980000019073486,3.190999984741211,3.2079999446868896,163043,85.70850372314453,274.95,291.24,273.5,286.01,0.03829957162564446,17.74000000000001,Natural Gas,NG=F,₹/kg,Energy
2025-07-11,3.313999891281128,3.4179999828338623,3.2929999828338623,3.365000009536743,130290,85.73480224609375,288.5,293.04,282.32,284.13,-0.006573196741372689,10.720000000000027,Natural Gas,NG=F,₹/kg,Energy
2025-07-14,3.4660000801086426,3.499000072479248,3.382999897003174,3.4040000438690186,149455,85.82129669189453,292.14,300.29,290.33,297.46,0.046915144476119996,9.960000000000036,Natural Gas,NG=F,₹/kg,Energy
2025-07-15,3.5230000019073486,3.5420000553131104,3.4010000228881836,3.447000026702881,132955,85.96839904785156,296.33,304.5,292.38,302.87,0.018187319303435867,12.120000000000005,Natural Gas,NG=F,₹/kg,Energy
2025-07-16,3.5510001182556152,3.5980000495910645,3.490999937057495,3.5190000534057617,116044,85.99310302734375,302.61,309.4,300.2,305.36,0.008221349093670671,9.199999999999989,Natural Gas,NG=F,₹/kg,Energy
2025-07-17,3.5420000553131104,3.628999948501587,3.510999917984009,3.556999921798706,108569,85.88520050048828,305.49,311.68,301.54,304.21,-0.003766046633481901,10.139999999999986,Natural Gas,NG=F,₹/kg,Energy
2025-07-18,3.565000057220459,3.628000020980835,3.49399995803833,3.5190000534057617,123961,86.04650115966797,302.8,312.18,300.65,306.76,0.008382367443542371,11.53000000000003,Natural Gas,NG=F,₹/kg,Energy
2025-07-21,3.325000047683716,3.4749999046325684,3.2869999408721924,3.4639999866485596,176972,86.14859771728516,298.42,299.37,283.17,286.44,-0.06624070934932846,16.19999999999999,Natural Gas,NG=F,₹/kg,Energy
2025-07-22,3.252000093460083,3.3310000896453857,3.2100000381469727,3.316999912261963,124612,86.19529724121094,285.91,287.12,276.69,280.31,-0.021400642368384237,10.430000000000007,Natural Gas,NG=F,₹/kg,Energy
2025-07-23,3.0769999027252197,3.2669999599456787,3.061000108718872,3.253000020980835,158442,86.3427963256836,280.87,282.08,264.3,265.68,-0.05219221576112165,17.779999999999973,Natural Gas,NG=F,₹/kg,Energy
2025-07-24,3.0940001010894775,3.1659998893737793,3.065000057220459,3.069999933242798,75361,86.39869689941406,265.24,273.54,264.81,267.32,0.006172839506172867,8.730000000000018,Natural Gas,NG=F,₹/kg,Energy
2025-07-25,3.109999895095825,3.1449999809265137,3.068000078201294,3.109999895095825,39115,86.4302978515625,268.8,271.82,265.17,268.8,0.005536435732455658,6.649999999999977,Natural Gas,NG=F,₹/kg,Energy
2025-07-28,2.98799991607666,3.140000104904175,2.9839999675750732,3.0929999351501465,69852,86.506103515625,267.56,271.63,258.13,258.48,-0.03839285714285712,13.5,Natural Gas,NG=F,₹/kg,Energy
2025-07-29,3.0810000896453857,3.111999988555908,3.010999917984009,3.0339999198913574,117204,86.77760314941406,263.28,270.05,261.29,267.36,0.0343546889507893,8.759999999999991,Natural Gas,NG=F,₹/kg,Energy
2025-07-30,3.0450000762939453,3.186000108718872,3.0139999389648438,3.1640000343322754,126252,87.06320190429688,275.47,277.38,262.41,265.11,-0.008415619389587126,14.96999999999997,Natural Gas,NG=F,₹/kg,Energy
2025-07-31,3.1059999465942383,3.114000082015991,2.9719998836517334,3.0260000228881836,168396,87.714599609375,265.42,273.14,260.69,272.44,0.027648900456414216,12.449999999999989,Natural Gas,NG=F,₹/kg,Energy
2025-08-01,3.0829999446868896,3.13100004196167,3.0510001182556152,3.0999999046325684,102378,87.4894027709961,271.22,273.93,266.93,269.73,-0.009947144325355928,7.0,Natural Gas,NG=F,₹/kg,Energy
2025-08-04,2.931999921798706,3.078000068664551,2.8949999809265137,3.065000057220459,167435,87.24530029296875,267.41,268.54,252.58,255.8,-0.051644236829421986,15.960000000000008,Natural Gas,NG=F,₹/kg,Energy
2025-08-05,3.009999990463257,3.0409998893737793,2.928999900817871,2.946000099182129,134125,87.89330291748047,258.93,267.28,257.44,264.56,0.03424550430023454,9.839999999999975,Natural Gas,NG=F,₹/kg,Energy
2025-08-06,3.0769999027252197,3.0959999561309814,2.944999933242798,3.015000104904175,133710,87.72309875488281,264.49,271.59,258.34,269.92,0.02026005442999712,13.25,Natural Gas,NG=F,₹/kg,Energy
2025-08-07,3.066999912261963,3.1480000019073486,3.0350000858306885,3.0989999771118164,171662,87.76249694824219,271.98,276.28,266.36,269.17,-0.0027786010669828,9.919999999999959,Natural Gas,NG=F,₹/kg,Energy
2025-08-08,2.990000009536743,3.1059999465942383,2.9600000381469727,3.0859999656677246,164260,87.43319702148438,269.82,271.57,258.8,261.43,-0.028755061856819197,12.769999999999982,Natural Gas,NG=F,₹/kg,Energy
2025-08-11,2.9539999961853027,3.0,2.88100004196167,2.8949999809265137,156872,87.48829650878906,253.28,262.46,252.05,258.44,-0.011437095972153144,10.409999999999968,Natural Gas,NG=F,₹/kg,Energy
2025-08-12,2.808000087738037,2.984999895095825,2.7739999294281006,2.9779999256134033,219061,87.66449737548828,261.06,261.68,243.18,246.16,-0.047515864417272846,18.5,Natural Gas,NG=F,₹/kg,Energy
2025-08-13,2.828000068664551,2.8510000705718994,2.7639999389648438,2.7839999198913574,179251,87.59559631347656,243.87,249.74,242.11,247.72,0.00633734156646093,7.6299999999999955,Natural Gas,NG=F,₹/kg,Energy
2025-08-14,2.8410000801086426,2.8519999980926514,2.7739999294281006,2.818000078201294,138654,87.44999694824219,246.43,249.41,242.59,248.45,0.0029468755046018202,6.819999999999993,Natural Gas,NG=F,₹/kg,Energy
2025-08-15,2.9159998893737793,2.9660000801086426,2.8359999656677246,2.8499999046325684,132775,87.69180297851562,249.92,260.09,248.69,255.71,0.02922117126182333,11.399999999999977,Natural Gas,NG=F,₹/kg,Energy
2025-08-18,2.890000104904175,2.921999931335449,2.7990000247955322,2.877000093460083,143784,87.51280212402344,251.77,255.71,244.95,252.91,-0.01094990418833841,10.76000000000002,Natural Gas,NG=F,₹/kg,Energy
2025-08-19,2.7660000324249268,2.9119999408721924,2.7249999046325684,2.9049999713897705,171271,87.29509735107422,253.59,254.2,237.88,241.46,-0.04527302202364469,16.319999999999993,Natural Gas,NG=F,₹/kg,Energy
2025-08-20,2.752000093460083,2.7769999504089355,2.7249999046325684,2.756999969482422,121113,87.0791015625,240.08,241.82,237.29,239.64,-0.00753748032800472,4.530000000000001,Natural Gas,NG=F,₹/kg,Energy
2025-08-21,2.8259999752044678,2.8489999771118164,2.740000009536743,2.765000104904175,115270,87.01820373535156,240.61,247.91,238.43,245.91,0.02616424636955439,9.47999999999999,Natural Gas,NG=F,₹/kg,Energy
2025-08-22,2.697999954223633,2.819000005722046,2.688999891281128,2.812999963760376,79364,87.29340362548828,245.56,246.08,234.73,235.52,-0.04225123012484233,11.350000000000023,Natural Gas,NG=F,₹/kg,Energy
2025-08-25,2.696000099182129,2.7170000076293945,2.621999979019165,2.6389999389648438,60316,87.3301010131836,230.46,237.28,228.98,235.44,-0.00033967391304357,8.300000000000011,Natural Gas,NG=F,₹/kg,Energy
2025-08-26,2.7170000076293945,2.742000102996826,2.6540000438690186,2.7109999656677246,70243,87.60859680175781,237.51,240.22,232.51,238.03,0.011000679578661243,7.710000000000008,Natural Gas,NG=F,₹/kg,Energy
2025-08-27,2.867000102996826,2.9059998989105225,2.6760001182556152,2.73799991607666,162239,87.60070037841797,239.85,254.57,234.42,251.15,0.055119102634121786,20.150000000000006,Natural Gas,NG=F,₹/kg,Energy
2025-08-28,2.944000005722046,2.999000072479248,2.8499999046325684,2.874000072479248,186265,87.65910339355469,251.93,262.89,249.83,258.07,0.027553255026876222,13.059999999999974,Natural Gas,NG=F,₹/kg,Energy
2025-08-29,2.996999979019165,3.0230000019073486,2.9210000038146973,2.984999895095825,0,87.5916976928711,261.46,264.79,255.86,262.51,0.01720463440151887,8.930000000000007,Natural Gas,NG=F,₹/kg,Energy
2025-09-02,3.009000062942505,3.065000057220459,2.86899995803833,2.9719998836517334,226571,88.00140380859375,261.54,269.72,252.48,264.8,0.008723477200868635,17.240000000000038,Natural Gas,NG=F,₹/kg,Energy
2025-09-03,3.063999891281128,3.13100004196167,2.9639999866485596,2.992000102996826,187561,87.99829864501953,263.29,275.52,260.83,269.63,0.01824018126888216,14.689999999999998,Natural Gas,NG=F,₹/kg,Energy
2025-09-04,3.0739998817443848,3.130000114440918,3.0220000743865967,3.075000047683716,165913,88.072998046875,270.82,275.67,266.16,270.74,0.0041167525868783805,9.509999999999991,Natural Gas,NG=F,₹/kg,Energy
2025-09-05,3.0480000972747803,3.130000114440918,3.0209999084472656,3.078000068664551,130911,88.19290161132812,271.46,276.04,266.43,268.81,-0.007128610474994468,9.610000000000014,Natural Gas,NG=F,₹/kg,Energy
2025-09-08,3.0899999141693115,3.197999954223633,3.055999994277954,3.0869998931884766,200532,88.1863021850586,272.23,282.02,269.5,272.5,0.013727167888099467,12.519999999999982,Natural Gas,NG=F,₹/kg,Energy
2025-09-09,3.117000102996826,3.1649999618530273,3.0460000038146973,3.0980000495910645,181519,87.98049926757812,272.56,278.46,267.99,274.24,0.006385321100917496,10.46999999999997,Natural Gas,NG=F,₹/kg,Energy
2025-09-10,3.0290000438690186,3.117000102996826,3.007999897003174,3.1070001125335693,171976,88.21829986572266,274.09,274.98,265.36,267.21,-0.0256344807467912,9.620000000000005,Natural Gas,NG=F,₹/kg,Energy
2025-09-11,2.934000015258789,3.062000036239624,2.9110000133514404,3.0290000438690186,199072,88.05339813232422,266.71,269.62,256.32,258.35,-0.03315744171251056,13.300000000000011,Natural Gas,NG=F,₹/kg,Energy
2025-09-12,2.940999984741211,3.0,2.8970000743865967,2.9179999828338623,160049,88.2676010131836,257.56,264.8,255.71,259.6,0.004838397522740401,9.090000000000003,Natural Gas,NG=F,₹/kg,Energy
2025-09-15,3.0429999828338623,3.049999952316284,2.9159998893737793,2.9509999752044678,152709,88.27729797363281,260.51,269.25,257.42,268.63,0.034784283513096925,11.829999999999984,Natural Gas,NG=F,₹/kg,Energy
2025-09-16,3.1029999256134033,3.138000011444092,2.86899995803833,3.0450000762939453,166585,88.12349700927734,268.34,276.53,252.83,273.45,0.017942895432379036,23.69999999999996,Natural Gas,NG=F,₹/kg,Energy
2025-09-17,3.0999999046325684,3.1679999828338623,3.068000078201294,3.117000102996826,132465,87.88459777832031,273.94,278.42,269.63,272.44,-0.003693545437922774,8.79000000000002,Natural Gas,NG=F,₹/kg,Energy
2025-09-18,2.938999891281128,3.1070001125335693,2.924999952316284,3.0759999752044678,180476,87.91069793701172,270.41,273.14,257.14,258.37,-0.051644398766700905,16.0,Natural Gas,NG=F,₹/kg,Energy
2025-09-19,2.888000011444092,2.9489998817443848,2.8570001125335693,2.938999891281128,142217,88.20690155029297,259.24,260.12,252.01,254.74,-0.014049618763788296,8.110000000000014,Natural Gas,NG=F,₹/kg,Energy
2025-09-22,2.805999994277954,2.944999933242798,2.803999900817871,2.9089999198913574,163184,88.09919738769531,256.28,259.45,247.03,247.21,-0.029559550914658117,12.419999999999987,Natural Gas,NG=F,₹/kg,Energy
2025-09-23,2.8529999256134033,2.869999885559082,2.7720000743865967,2.805999994277954,70892,88.30439758300781,247.78,253.43,244.78,251.93,0.019093078758949833,8.650000000000006,Natural Gas,NG=F,₹/kg,Energy
2025-09-24,2.8580000400543213,2.9140000343322754,2.815999984741211,2.86299991607666,55699,88.80799865722656,254.26,258.79,250.08,253.81,0.007462390346524739,8.710000000000008,Natural Gas,NG=F,₹/kg,Energy
2025-09-25,2.9040000438690186,2.9679999351501465,2.8480000495910645,2.878999948501587,74214,88.77860260009766,255.59,263.49,252.84,257.81,0.015759820338048236,10.650000000000006,Natural Gas,NG=F,₹/kg,Energy
2025-09-26,2.8350000381469727,2.944000005722046,2.7880001068115234,2.9119999408721924,168752,88.77310180664062,258.51,261.35,247.5,251.67,-0.023815988518676612,13.850000000000023,Natural Gas,NG=F,₹/kg,Energy
2025-09-29,3.2669999599456787,3.2990000247955322,3.132999897003174,3.1489999294281006,166628,88.67680358886719,279.24,292.54,277.82,289.71,0.15115031588985572,14.720000000000027,Natural Gas,NG=F,₹/kg,Energy
2025-09-30,3.302999973297119,3.3510000705718994,3.244999885559082,3.2790000438690186,162025,88.70449829101562,290.86,297.25,287.85,292.99,0.011321666494080285,9.399999999999977,Natural Gas,NG=F,₹/kg,Energy
2025-10-01,3.4760000705718994,3.492000102996826,3.318000078201294,3.3310000896453857,240703,88.8406982421875,295.93,310.23,294.77,308.81,0.053995016894774484,15.460000000000036,Natural Gas,NG=F,₹/kg,Energy
2025-10-02,3.441999912261963,3.5850000381469727,3.4019999504089355,3.4570000171661377,259354,88.68299865722656,306.58,317.93,301.7,305.25,-0.011528124089245861,16.230000000000018,Natural Gas,NG=F,₹/kg,Energy
2025-10-03,3.3239998817443848,3.4509999752044678,3.306999921798706,3.4130001068115234,217261,88.72019958496094,302.8,306.17,293.4,294.91,-0.03387387387387375,12.770000000000039,Natural Gas,NG=F,₹/kg,Energy
2025-10-06,3.3570001125335693,3.484999895095825,3.2960000038146973,3.299999952316284,165229,88.73509979248047,292.83,309.24,292.47,297.88,0.010070869078701916,16.769999999999982,Natural Gas,NG=F,₹/kg,Energy
2025-10-07,3.497999906539917,3.5239999294281006,3.3550000190734863,3.3980000019073486,230258,88.72109985351562,301.47,312.65,297.66,310.35,0.0418624949644153,14.989999999999952,Natural Gas,NG=F,₹/kg,Energy
2025-10-08,3.3329999446868896,3.549999952316284,3.315999984741211,3.5239999294281006,242687,88.74259948730469,312.73,315.04,294.27,295.78,-0.046946995327855845,20.77000000000004,Natural Gas,NG=F,₹/kg,Energy
2025-10-09,3.2690000534057617,3.3929998874664307,3.234999895095825,3.3359999656677246,198680,88.7771987915039,296.16,301.22,287.19,290.21,-0.018831564000270418,14.03000000000003,Natural Gas,NG=F,₹/kg,Energy
2025-10-10,3.1059999465942383,3.253000020980835,3.0889999866485596,3.239000082015991,195346,88.86540222167969,287.84,289.08,274.51,276.02,-0.04889562730436581,14.569999999999993,Natural Gas,NG=F,₹/kg,Energy
2025-10-13,3.118000030517578,3.138000011444092,3.0290000438690186,3.0999999046325684,195346,88.7573013305664,275.15,278.52,268.85,276.75,0.002644735888703842,9.669999999999959,Natural Gas,NG=F,₹/kg,Energy
2025-10-14,3.0280001163482666,3.1059999465942383,3.003999948501587,3.1029999256134033,150478,88.66510009765625,275.13,275.39,266.35,268.48,-0.02988256549232149,9.039999999999964,Natural Gas,NG=F,₹/kg,Energy
2025-10-15,3.0160000324249268,3.0409998893737793,2.9639999866485596,3.0290000438690186,149150,88.78250122070312,268.92,269.99,263.15,267.77,-0.002644517282479275,6.840000000000032,Natural Gas,NG=F,₹/kg,Energy
2025-10-16,2.937999963760376,3.066999912261963,2.921999931335449,3.0360000133514404,161360,87.80950164794922,266.59,269.31,256.58,257.98,-0.03656122791948302,12.730000000000018,Natural Gas,NG=F,₹/kg,Energy
2025-10-17,3.007999897003174,3.0239999294281006,2.8929998874664307,2.9260001182556152,128236,87.9906997680664,257.46,266.08,254.56,264.68,0.025971005504302536,11.519999999999982,Natural Gas,NG=F,₹/kg,Energy
2025-10-20,3.3970000743865967,3.430000066757202,3.135999917984009,3.1600000858306885,266597,88.0022964477539,278.09,301.85,275.98,298.94,0.12943932295602223,25.870000000000005,Natural Gas,NG=F,₹/kg,Energy
2025-10-21,3.4739999771118164,3.503999948501587,3.3570001125335693,3.4210000038146973,197775,87.87999725341797,300.64,307.93,295.01,305.3,0.02127517227537301,12.920000000000016,Natural Gas,NG=F,₹/kg,Energy
2025-10-22,3.450000047683716,3.572000026702881,3.385999917984009,3.486999988555908,202361,88.00160217285156,306.86,314.34,297.97,303.61,-0.005535538814281038,16.369999999999948,Natural Gas,NG=F,₹/kg,Energy
2025-10-23,3.3440001010894775,3.506999969482422,3.2899999618530273,3.438999891281128,157089,87.74030303955078,301.74,307.71,288.67,293.4,-0.03362866835743239,19.039999999999964,Natural Gas,NG=F,₹/kg,Energy
2025-10-24,3.303999900817871,3.3970000743865967,3.200000047683716,3.2850000858306885,108141,87.77899932861328,288.35,298.19,280.89,290.02,-0.011520109066121331,17.30000000000001,Natural Gas,NG=F,₹/kg,Energy
2025-10-27,3.441999912261963,3.4690001010894775,3.260999917984009,3.4100000858306885,67444,87.8290023803711,299.5,304.68,286.41,302.31,0.04237638783532183,18.269999999999982,Natural Gas,NG=F,₹/kg,Energy
2025-10-28,3.3450000286102295,3.434999942779541,3.239000082015991,3.4110000133514404,85022,88.22209930419922,300.93,303.04,285.75,295.1,-0.02384969071482912,17.29000000000002,Natural Gas,NG=F,₹/kg,Energy
2025-10-29,3.375999927520752,3.4049999713897705,3.193000078201294,3.2709999084472656,153684,88.22550201416016,288.59,300.41,281.7,297.85,0.009318874957641388,18.710000000000036,Natural Gas,NG=F,₹/kg,Energy
2025-10-30,3.9560000896453857,4.071000099182129,3.7860000133514404,3.7980000972747803,201075,88.34559631347656,335.54,359.65,334.48,349.5,0.17340943427899935,25.16999999999996,Natural Gas,NG=F,₹/kg,Energy
2025-10-31,4.124000072479248,4.1570000648498535,4.014999866485596,4.060999870300293,238492,88.6344985961914,359.94,368.45,355.87,365.53,0.04586552217453499,12.579999999999984,Natural Gas,NG=F,₹/kg,Energy
2025-11-03,4.265999794006348,4.297999858856201,4.086999893188477,4.159999847412109,0,88.77539825439453,369.31,381.56,362.83,378.72,0.03608458950017801,18.730000000000018,Natural Gas,NG=F,₹/kg,Energy
2025-11-04,4.3429999351501465,4.395999908447266,4.183000087738037,4.25600004196167,231288,88.72339630126953,377.61,390.03,371.13,385.33,0.017453527672158797,18.899999999999977,Natural Gas,NG=F,₹/kg,Energy
2025-11-05,4.23199987411499,4.35099983215332,4.205999851226807,4.320000171661377,156270,88.73200225830078,383.32,386.07,373.21,375.51,-0.025484649521189562,12.860000000000014,Natural Gas,NG=F,₹/kg,Energy
2025-11-06,4.35699987411499,4.420000076293945,4.191999912261963,4.238999843597412,193866,88.55690002441406,375.39,391.42,371.23,385.84,0.027509254081116374,20.189999999999998,Natural Gas,NG=F,₹/kg,Energy
2025-11-07,4.315000057220459,4.419000148773193,4.26800012588501,4.413000106811523,178319,88.6729965209961,391.31,391.85,378.46,382.62,-0.00834542815674888,13.390000000000043,Natural Gas,NG=F,₹/kg,Energy
2025-11-10,4.3379998207092285,4.508999824523926,4.26200008392334,4.480000019073486,189080,88.65799713134766,397.19,399.76,377.86,384.6,0.005174847106790059,21.899999999999977,Natural Gas,NG=F,₹/kg,Energy
2025-11-11,4.565000057220459,4.580999851226807,4.276000022888184,4.375,243691,88.70709991455078,388.09,406.37,379.31,404.95,0.05291211648465932,27.060000000000002,Natural Gas,NG=F,₹/kg,Energy
2025-11-12,4.5329999923706055,4.581999778747559,4.460999965667725,4.526000022888184,170351,88.46649932861328,400.4,405.35,394.65,401.02,-0.009704901839733271,10.700000000000045,Natural Gas,NG=F,₹/kg,Energy
2025-11-13,4.645999908447266,4.688000202178955,4.453999996185303,4.534999847412109,201019,88.59400177001953,401.77,415.33,394.6,411.61,0.026407660465812333,20.72999999999996,Natural Gas,NG=F,₹/kg,Energy
2025-11-14,4.565999984741211,4.635000228881836,4.375999927520752,4.5970001220703125,227908,88.81610107421875,408.29,411.66,388.66,405.53,-0.01477126406064,23.0,Natural Gas,NG=F,₹/kg,Energy
2025-11-17,4.361000061035156,4.540999889373779,4.322999954223633,4.531000137329102,191623,88.68199920654297,401.82,402.7,383.37,386.74,-0.04633442655290598,19.329999999999984,Natural Gas,NG=F,₹/kg,Energy
2025-11-18,4.370999813079834,4.401000022888184,4.235000133514404,4.3420000076293945,204812,88.63590240478516,384.86,390.09,375.37,387.43,0.001784144386409503,14.71999999999997,Natural Gas,NG=F,₹/kg,Energy
2025-11-19,4.550000190734863,4.6020002365112305,4.349999904632568,4.374000072479248,152272,88.55680084228516,387.35,407.54,385.22,402.93,0.04000722711199445,22.319999999999993,Natural Gas,NG=F,₹/kg,Energy
2025-11-20,4.473999977111816,4.611999988555908,4.458000183105469,4.565999984741211,105538,88.48719787597656,404.03,408.1,394.48,395.89,-0.017472017472017543,13.620000000000005,Natural Gas,NG=F,₹/kg,Energy
2025-11-21,4.579999923706055,4.675000190734863,4.460999965667725,4.488999843597412,80707,88.69219970703125,398.14,414.64,395.66,406.21,0.02606784712925303,18.97999999999996,Natural Gas,NG=F,₹/kg,Energy
2025-11-24,4.548999786376953,4.576000213623047,4.443999767303467,4.465000152587891,78483,89.63400268554688,400.22,410.17,398.33,407.75,0.0037911425124936837,11.840000000000032,Natural Gas,NG=F,₹/kg,Energy
2025-11-25,4.423999786376953,4.546999931335449,4.267000198364258,4.500999927520752,240457,89.14779663085938,401.25,405.36,380.39,394.39,-0.03276517473942375,24.970000000000027,Natural Gas,NG=F,₹/kg,Energy
2025-11-26,4.558000087738037,4.644000053405762,4.441999912261963,4.482999801635742,155159,89.15059661865234,399.66,414.02,396.01,406.35,0.030325312507923696,18.00999999999999,Natural Gas,NG=F,₹/kg,Energy
2025-11-28,4.849999904632568,4.870999813079834,4.5269999504089355,4.618000030517578,127694,89.36479949951172,412.69,435.3,404.55,433.42,0.06661744801279679,30.75,Natural Gas,NG=F,₹/kg,Energy
2025-12-01,4.921000003814697,4.952000141143799,4.757999897003174,4.869999885559082,209469,89.3499984741211,435.13,442.46,425.13,439.69,0.01446633750173043,17.329999999999984,Natural Gas,NG=F,₹/kg,Energy
2025-12-02,4.840000152587891,4.984000205993652,4.804999828338623,4.9019999504089355,172375,89.61270141601562,439.28,446.63,430.59,433.73,-0.013555004662375691,16.04000000000002,Natural Gas,NG=F,₹/kg,Energy
2025-12-03,4.994999885559082,5.039000034332275,4.818999767303467,4.827000141143799,186366,89.91719818115234,434.03,453.09,433.31,449.14,0.03552901574712375,19.779999999999973,Natural Gas,NG=F,₹/kg,Energy
2025-12-04,5.063000202178955,5.090000152587891,4.870999813079834,5.010000228881836,209843,90.17050170898438,451.75,458.97,439.22,456.53,0.016453667008059725,19.75,Natural Gas,NG=F,₹/kg,Energy
2025-12-05,5.289000034332275,5.495999813079834,5.0269999504089355,5.077000141143799,376679,89.8364028930664,456.1,493.74,451.61,475.14,0.040764024270037114,42.129999999999995,Natural Gas,NG=F,₹/kg,Energy
2025-12-08,4.9120001792907715,5.204999923706055,4.849999904632568,5.099999904632568,301953,89.93800354003906,458.68,468.13,436.2,441.78,-0.0702108852127794,31.930000000000007,Natural Gas,NG=F,₹/kg,Energy
2025-12-09,4.573999881744385,4.877999782562256,4.551000118255615,4.868000030517578,249501,90.12999725341795,438.75,439.65,410.18,412.25,-0.06684322513468233,29.46999999999997,Natural Gas,NG=F,₹/kg,Energy
2025-12-10,4.59499979019165,4.696000099182129,4.454999923706055,4.578000068664551,271105,89.91690063476562,411.64,422.25,400.58,413.17,0.002231655548817546,21.670000000000016,Natural Gas,NG=F,₹/kg,Energy
2025-12-11,4.230999946594238,4.63100004196167,4.196000099182129,4.625999927520752,287859,89.79299926757812,415.38,415.83,376.77,379.91,-0.08049955224241834,39.06,Natural Gas,NG=F,₹/kg,Energy
2025-12-12,4.11299991607666,4.256999969482422,4.065000057220459,4.230999946594238,199844,90.25299835205078,381.86,384.21,366.88,371.21,-0.022900160564344296,17.329999999999984,Natural Gas,NG=F,₹/kg,Energy
2025-12-15,4.01200008392334,4.2179999351501465,3.993000030517578,4.171000003814697,169239,90.5770034790039,377.8,382.05,361.67,363.39,-0.021066242827510018,20.379999999999995,Natural Gas,NG=F,₹/kg,Energy
2025-12-16,3.885999917984009,4.045000076293945,3.8420000076293945,4.0370001792907715,155859,90.7769012451172,366.47,367.19,348.76,352.76,-0.02925231844574694,18.430000000000007,Natural Gas,NG=F,₹/kg,Energy
2025-12-17,4.02400016784668,4.113999843597412,3.9200000762939453,3.936000108718872,153559,90.94889831542967,357.97,374.16,356.52,365.98,0.03747590429753944,17.640000000000043,Natural Gas,NG=F,₹/kg,Energy
2025-12-18,3.9079999923706055,4.2179999351501465,3.877000093460083,4.117000102996826,158058,90.4136962890625,372.23,381.36,350.53,353.34,-0.034537406415651284,30.83000000000004,Natural Gas,NG=F,₹/kg,Energy
2025-12-19,3.9839999675750732,4.03000020980835,3.8399999141693115,3.941999912261963,145508,90.25579833984376,355.79,363.73,346.58,359.58,0.017660044150110465,17.150000000000034,Natural Gas,NG=F,₹/kg,Energy
2025-12-22,3.9649999141693115,4.139999866485596,3.796999931335449,4.080999851226807,157602,89.56999969482422,365.54,370.82,340.1,355.15,-0.012319928805828995,30.71999999999997,Natural Gas,NG=F,₹/kg,Energy
2025-12-23,4.4079999923706055,4.448999881744385,3.943000078201294,3.990000009536743,126794,89.60389709472656,357.52,398.65,353.31,394.97,0.11212163874419279,45.339999999999975,Natural Gas,NG=F,₹/kg,Energy
2025-12-24,4.242000102996826,4.5929999351501465,4.179999828338623,4.414999961853027,57070,89.50789642333984,395.18,411.11,374.14,379.69,-0.038686482517659604,36.97000000000003,Natural Gas,NG=F,₹/kg,Energy
2025-12-26,4.366000175476074,4.421000003814697,4.196000099182129,4.196000099182129,46351,90.10590362548828,378.08,398.36,378.08,393.4,0.03610840422449879,20.28000000000003,Natural Gas,NG=F,₹/kg,Energy
2025-12-29,4.686999797821045,4.7210001945495605,4.35099983215332,4.449999809265137,163457,89.82929992675781,399.74,424.08,390.85,421.03,0.07023385866802245,33.22999999999996,Natural Gas,NG=F,₹/kg,Energy
2025-12-30,3.9719998836517334,4.176000118255615,3.9159998893737793,3.947000026702881,136981,89.9000015258789,354.84,375.42,352.05,357.08,-0.15188941405600553,23.370000000000005,Natural Gas,NG=F,₹/kg,Energy
2025-12-31,3.686000108718872,3.9830000400543213,3.678999900817871,3.9760000705718994,132231,89.76940155029297,356.92,357.55,330.26,330.89,-0.07334490870393184,27.29000000000002,Natural Gas,NG=F,₹/kg,Energy
2026-01-02,3.618000030517578,3.703000068664551,3.562999963760376,3.678999900817871,133024,89.96189880371094,330.97,333.13,320.53,325.48,-0.016349844359152543,12.600000000000023,Natural Gas,NG=F,₹/kg,Energy
2026-01-05,3.5230000019073486,3.5299999713897705,3.3550000190734863,3.506999969482422,228737,90.00700378417969,315.65,317.72,301.97,317.09,-0.02577731350620638,15.75,Natural Gas,NG=F,₹/kg,Energy
2026-01-06,3.3499999046325684,3.502000093460083,3.3239998817443848,3.492000102996826,145165,90.23300170898438,315.09,316.0,299.93,302.28,-0.04670598252861968,16.069999999999993,Natural Gas,NG=F,₹/kg,Energy
2026-01-07,3.5250000953674316,3.5910000801086426,3.4189999103546143,3.424999952316284,151941,90.16609954833984,308.82,323.79,308.28,317.84,0.05147545322217817,15.510000000000048,Natural Gas,NG=F,₹/kg,Energy
2026-01-08,3.4070000648498535,3.634000062942505,3.3550000190734863,3.562999963760376,193218,89.8644027709961,320.19,326.57,301.5,306.17,-0.036716586961993314,25.069999999999993,Natural Gas,NG=F,₹/kg,Energy
2026-01-09,3.1689999103546143,3.496000051498413,3.13100004196167,3.4100000858306885,322218,89.90540313720703,306.58,314.31,281.49,284.91,-0.069438547212333,32.81999999999999,Natural Gas,NG=F,₹/kg,Energy
2026-01-12,3.4089999198913574,3.430999994277954,3.181999921798706,3.2899999618530273,248893,90.23600006103516,296.88,309.6,287.13,307.61,0.07967428310694591,22.470000000000027,Natural Gas,NG=F,₹/kg,Energy
2026-01-13,3.4189999103546143,3.499000072479248,3.2980000972747803,3.3580000400543213,187132,90.13269805908205,302.67,315.37,297.26,308.16,0.001787978284190972,18.110000000000014,Natural Gas,NG=F,₹/kg,Energy
2026-01-14,3.119999885559082,3.443000078201294,3.068000078201294,3.384000062942505,215332,90.27300262451172,305.48,310.81,276.96,281.65,-0.08602673935617877,33.85000000000002,Natural Gas,NG=F,₹/kg,Energy
2026-01-15,3.128000020980835,3.2179999351501465,3.00600004196167,3.1019999980926514,180723,90.18319702148438,279.75,290.21,271.09,282.09,0.001562222616722897,19.120000000000005,Natural Gas,NG=F,₹/kg,Energy
2026-01-16,3.1029999256134033,3.2300000190734863,3.0199999809265137,3.1459999084472656,139667,90.36160278320312,284.28,291.87,272.89,280.39,-0.00602644546066855,18.980000000000018,Natural Gas,NG=F,₹/kg,Energy
2026-01-20,3.9070000648498535,3.990000009536743,3.380000114440918,3.5,410520,90.90450286865234,318.17,362.71,307.26,355.16,0.2666642890259996,55.44999999999999,Natural Gas,NG=F,₹/kg,Energy
2026-01-21,4.875,5.098999977111816,3.8340001106262207,3.9030001163482666,367003,91.11840057373048,355.64,464.61,349.35,444.2,0.25070390809775867,115.25999999999999,Natural Gas,NG=F,₹/kg,Energy
2026-01-22,5.045000076293945,5.650000095367432,4.769000053405762,5.039000034332275,310947,91.53690338134766,461.25,517.18,436.54,461.8,0.039621791985592125,80.63999999999993,Natural Gas,NG=F,₹/kg,Energy
2026-01-23,5.275000095367432,5.434000015258789,4.659999847412109,4.872000217437744,107108,91.55829620361328,446.07,497.53,426.66,482.97,0.04584235599826769,70.86999999999995,Natural Gas,NG=F,₹/kg,Energy
2026-01-26,6.800000190734863,7.439000129699707,5.728000164031982,5.790999889373779,99498,91.5009994506836,529.88,680.68,524.12,622.21,0.28829948029898333,156.55999999999995,Natural Gas,NG=F,₹/kg,Energy
2026-01-27,6.953999996185303,7.309999942779541,5.771999835968018,6.645999908447266,77676,91.71309661865234,609.53,670.42,529.37,637.77,0.025007634078526353,141.04999999999995,Natural Gas,NG=F,₹/kg,Energy
2026-01-28,7.460000038146973,7.827000141143799,5.900000095367432,6.5,235065,91.5343017578125,594.97,716.44,540.05,682.85,0.07068378882669313,176.3900000000001,Natural Gas,NG=F,₹/kg,Energy
2026-01-29,3.9179999828338623,3.930000066757202,3.7279999256134033,3.742000102996826,234642,92.04080200195312,344.42,361.72,343.13,360.62,-0.47188987332503474,18.590000000000032,Natural Gas,NG=F,₹/kg,Energy
2026-01-30,4.354000091552734,4.425000190734863,3.818000078201294,3.878999948501587,351649,91.78189849853516,356.02,406.13,350.42,399.62,0.10814708002883933,55.70999999999998,Natural Gas,NG=F,₹/kg,Energy
2026-02-02,3.236999988555908,3.7360000610351562,3.1549999713897705,3.7079999446868896,554857,91.68699645996094,339.98,342.54,289.27,296.79,-0.25731945348080676,53.27000000000004,Natural Gas,NG=F,₹/kg,Energy
2026-02-03,3.311000108718872,3.3970000743865967,3.1689999103546143,3.263000011444092,238550,90.24559783935548,294.47,306.56,285.99,298.8,0.006772465379561332,20.569999999999993,Natural Gas,NG=F,₹/kg,Energy
2026-02-04,3.4649999141693115,3.5480000972747803,3.2639999389648438,3.369999885559082,194662,90.4228973388672,304.73,320.82,295.14,313.32,0.04859437751004014,25.680000000000007,Natural Gas,NG=F,₹/kg,Energy
2026-02-05,3.509000062942505,3.572999954223633,3.328000068664551,3.4719998836517334,202389,90.125,312.91,322.02,299.94,316.25,0.009351461764330438,22.079999999999984,Natural Gas,NG=F,₹/kg,Energy
2026-02-06,3.421999931335449,3.6589999198913574,3.38700008392334,3.5169999599456787,215129,90.3147964477539,317.64,330.46,305.9,309.06,-0.022735177865612632,24.560000000000002,Natural Gas,NG=F,₹/kg,Energy
2026-02-09,3.138000011444092,3.265000104904175,3.1110000610351562,3.25,211763,90.58799743652344,294.41,295.77,281.82,284.27,-0.08021096227269797,13.949999999999989,Natural Gas,NG=F,₹/kg,Energy
2026-02-10,3.115000009536743,3.2139999866485596,3.061000108718872,3.1410000324249268,175754,90.8227996826172,285.27,291.9,278.01,282.91,-0.004784184050374507,13.889999999999986,Natural Gas,NG=F,₹/kg,Energy
2026-02-11,3.1589999198913574,3.249000072479248,3.055000066757202,3.1589999198913574,174848,90.58789825439452,286.17,294.32,276.75,286.17,0.011523099218832877,17.569999999999993,Natural Gas,NG=F,₹/kg,Energy
2026-02-12,3.2170000076293945,3.315999984741211,3.180000066757202,3.2219998836517334,222258,90.73570251464844,292.35,300.88,288.54,291.9,0.020023063214173353,12.339999999999975,Natural Gas,NG=F,₹/kg,Energy
2026-02-13,3.243000030517578,3.2780001163482666,3.114000082015991,3.2190001010894775,125822,90.56410217285156,291.53,296.87,282.02,293.7,0.006166495375128589,14.850000000000023,Natural Gas,NG=F,₹/kg,Energy
2026-02-17,3.0309998989105225,3.1710000038146973,2.9679999351501465,3.049999952316284,183610,90.78299713134766,276.89,287.87,269.44,275.16,-0.06312563840653718,18.430000000000007,Natural Gas,NG=F,₹/kg,Energy
2026-02-18,3.010999917984009,3.055999994277954,2.921999931335449,3.049999952316284,142497,90.6261978149414,276.41,276.95,264.81,272.88,-0.00828608809419984,12.139999999999986,Natural Gas,NG=F,₹/kg,Energy
2026-02-19,2.996000051498413,3.0950000286102295,2.9609999656677246,3.0220000743865967,120477,90.7935028076172,274.38,281.01,268.84,272.02,-0.0031515684549985323,12.170000000000016,Natural Gas,NG=F,₹/kg,Energy
2026-02-20,3.046999931335449,3.1549999713897705,2.9489998817443848,2.9709999561309814,90717,91.04109954833984,270.48,287.23,268.48,277.4,0.01977795750312472,18.75,Natural Gas,NG=F,₹/kg,Energy
2026-02-23,2.984999895095825,3.253000020980835,2.9769999980926514,3.240000009536743,55412,90.72660064697266,293.95,295.13,270.09,270.82,-0.023720259552992062,25.04000000000002,Natural Gas,NG=F,₹/kg,Energy
2026-02-24,2.9149999618530273,3.0139999389648438,2.9049999713897705,2.9809999465942383,69623,91.02010345458984,271.33,274.33,264.41,265.32,-0.020308692120227456,9.919999999999959,Natural Gas,NG=F,₹/kg,Energy
2026-02-25,2.9690001010894775,3.0169999599456787,2.8949999809265137,2.9200000762939453,133499,90.91799926757812,265.48,274.3,263.21,269.94,0.017412935323383172,11.090000000000032,Natural Gas,NG=F,₹/kg,Energy
2026-02-26,2.8269999027252197,2.8910000324249268,2.7750000953674316,2.8910000324249268,139781,90.95099639892578,262.94,262.94,252.39,257.12,-0.04749203526709633,10.550000000000011,Natural Gas,NG=F,₹/kg,Energy
2026-02-27,2.8589999675750732,2.8940000534057617,2.818000078201294,2.8320000171661377,109106,91.00740051269533,257.73,263.38,256.46,260.19,0.011939950217797035,6.920000000000016,Natural Gas,NG=F,₹/kg,Energy
2026-03-02,2.9600000381469727,3.069999933242798,2.867000102996826,2.928999900817871,174543,91.07959747314452,266.77,279.61,261.13,269.6,0.03616587878089095,18.480000000000018,Natural Gas,NG=F,₹/kg,Energy
2026-03-03,3.053999900817871,3.187999963760376,2.9730000495910645,2.9800000190734863,225190,91.56340026855467,272.86,291.9,272.22,279.63,0.037203264094955335,19.67999999999995,Natural Gas,NG=F,₹/kg,Energy
2026-03-04,2.9170000553131104,3.0759999752044678,2.8910000324249268,3.0409998893737793,155742,92.00859832763672,279.8,283.02,266.0,268.39,-0.04019597325036661,17.019999999999982,Natural Gas,NG=F,₹/kg,Energy
2026-03-05,3.003000020980835,3.0460000038146973,2.9200000762939453,2.937000036239624,148177,92.1230010986328,270.57,280.61,269.0,276.65,0.030776109393047424,11.610000000000014,Natural Gas,NG=F,₹/kg,Energy
2026-03-06,3.186000108718872,3.2799999713897705,2.9509999752044678,3.0220000743865967,196840,91.78690338134766,277.38,301.06,270.86,292.43,0.057039580697632486,30.19999999999999,Natural Gas,NG=F,₹/kg,Energy
2026-03-09,3.119999885559082,3.49399995803833,3.0209999084472656,3.303999900817871,233306,91.93620300292967,303.76,321.23,277.74,286.84,-0.019115685805150107,43.49000000000001,Natural Gas,NG=F,₹/kg,Energy
2026-03-10,3.0199999809265137,3.1470000743865967,2.9609999656677246,3.0269999504089355,205911,91.220703125,276.13,287.07,270.1,275.49,-0.03956909775484574,16.96999999999997,Natural Gas,NG=F,₹/kg,Energy
2026-03-11,3.2090001106262207,3.2279999256134033,3.0190000534057617,3.063999891281128,141651,92.16510009765624,282.39,297.51,278.25,295.76,0.07357798831173534,19.25999999999999,Natural Gas,NG=F,₹/kg,Energy
2026-03-12,3.2330000400543213,3.2920000553131104,3.1449999809265137,3.2309999465942383,150134,92.22879791259766,297.99,303.62,290.06,298.18,0.008182309981065838,13.560000000000002,Natural Gas,NG=F,₹/kg,Energy
2026-03-13,3.13100004196167,3.316999912261963,3.1089999675750732,3.252000093460083,129471,92.38990020751952,300.45,306.46,287.24,289.27,-0.029881279763901092,19.21999999999997,Natural Gas,NG=F,₹/kg,Energy
2026-03-16,3.0230000019073486,3.180000066757202,2.992000102996826,3.180000066757202,130165,92.5635986328125,294.35,294.35,276.95,279.82,-0.03266844124866042,17.400000000000034,Natural Gas,NG=F,₹/kg,Energy
2026-03-17,3.0329999923706055,3.0969998836517334,3.00600004196167,3.0360000133514404,101786,92.28269958496094,280.17,285.8,277.4,279.89,0.0002501608176683767,8.400000000000034,Natural Gas,NG=F,₹/kg,Energy
2026-03-18,3.065000057220459,3.2109999656677246,2.9230000972747803,3.0439999103546143,141167,92.39129638671876,281.24,296.67,270.06,283.18,0.011754617885598062,26.610000000000014,Natural Gas,NG=F,₹/kg,Energy
2026-03-19,3.1659998893737793,3.2699999809265137,3.1029999256134033,3.1640000343322754,154492,93.24659729003906,295.03,304.92,289.34,295.22,0.04251712691574272,15.580000000000041,Natural Gas,NG=F,₹/kg,Energy
2026-03-20,3.0950000286102295,3.1689999103546143,3.0450000762939453,3.119999885559082,106682,93.0822982788086,290.42,294.98,283.44,288.09,-0.024151480252015634,11.54000000000002,Natural Gas,NG=F,₹/kg,Energy
2026-03-23,2.8910000324249268,3.1530001163482666,2.875,3.1080000400543213,119426,93.89530181884766,291.83,296.05,269.95,271.45,-0.057759727862820576,26.100000000000023,Natural Gas,NG=F,₹/kg,Energy
2026-03-24,2.943000078201294,2.9739999771118164,2.875999927520752,2.9100000858306885,52369,93.2436981201172,271.34,277.31,268.17,274.42,0.010941241480935782,9.139999999999986,Natural Gas,NG=F,₹/kg,Energy
2026-03-25,2.9519999027252197,2.984999895095825,2.864000082015991,2.9000000953674316,30840,94.29969787597656,273.47,281.48,270.07,278.37,0.014393994606807015,11.410000000000025,Natural Gas,NG=F,₹/kg,Energy
2026-03-26,2.999000072479248,3.0250000953674316,2.9179999828338623,2.9839999675750732,61382,94.6937026977539,282.57,286.45,276.32,283.99,0.020188957143370434,10.129999999999995,Natural Gas,NG=F,₹/kg,Energy
2026-03-27,3.0950000286102295,3.124000072479248,2.9649999141693115,2.9700000286102295,132398,94.30950164794922,280.1,294.62,279.63,291.89,0.027817880911299664,14.990000000000009,Natural Gas,NG=F,₹/kg,Energy
2026-03-30,2.88700008392334,3.056999921798706,2.8510000705718994,3.055000066757202,126193,94.78179931640624,289.56,289.75,270.22,273.64,-0.06252355339340165,19.529999999999973,Natural Gas,NG=F,₹/kg,Energy
2026-03-31,2.884000062942505,2.9769999980926514,2.802999973297119,2.88700008392334,154156,94.35590362548828,272.41,280.9,264.48,272.12,-0.005554743458558664,16.41999999999996,Natural Gas,NG=F,₹/kg,Energy
2026-04-01,2.819000005722046,2.8989999294281006,2.7850000858306885,2.880000114440918,126772,93.48429870605467,269.23,271.01,260.35,263.53,-0.03156695575481416,10.659999999999968,Natural Gas,NG=F,₹/kg,Energy
2026-04-02,2.799999952316284,2.8889999389648438,2.7790000438690186,2.812999963760376,0,92.6426010131836,260.6,267.64,257.45,259.4,-0.0156718400182142,10.189999999999998,Natural Gas,NG=F,₹/kg,Energy
2026-04-06,2.811000108718872,2.868000030517578,2.7690000534057617,2.8380000591278076,100084,92.97100067138672,263.85,266.64,257.44,261.34,0.007478797224363953,9.199999999999989,Natural Gas,NG=F,₹/kg,Energy
2026-04-07,2.869999885559082,2.888000011444092,2.75600004196167,2.803999900817871,135271,92.81659698486328,260.26,268.05,255.8,266.38,0.019285222315757355,12.25,Natural Gas,NG=F,₹/kg,Energy
2026-04-08,2.7239999771118164,2.8440001010894775,2.7019999027252197,2.8429999351501465,223335,92.86019897460938,264.0,264.09,250.91,252.95,-0.050416697950296574,13.179999999999978,Natural Gas,NG=F,₹/kg,Energy
2026-04-09,2.6700000762939453,2.73799991607666,2.6549999713897705,2.7309999465942383,170766,92.2748031616211,252.0,252.65,244.99,246.37,-0.026013046056532874,7.659999999999997,Natural Gas,NG=F,₹/kg,Energy
2026-04-10,2.6480000019073486,2.688999891281128,2.628000020980835,2.6710000038146973,151051,92.46980285644533,246.99,248.65,243.01,244.86,-0.006128992978041148,5.640000000000015,Natural Gas,NG=F,₹/kg,Energy
2026-04-13,2.627000093460083,2.7230000495910645,2.615000009536743,2.690999984741211,155024,94.50879669189452,254.32,257.35,247.14,248.27,0.01392632524708004,10.210000000000036,Natural Gas,NG=F,₹/kg,Energy
2026-04-14,2.5989999771118164,2.6600000858306885,2.561000108718872,2.628000020980835,174530,94.9468002319336,249.52,252.56,243.16,246.77,-0.006041809320497804,9.400000000000006,Natural Gas,NG=F,₹/kg,Energy
2026-04-15,2.609999895095825,2.628000020980835,2.569999933242798,2.5989999771118164,114648,93.16539764404295,242.14,244.84,239.44,243.16,-0.014629006767435282,5.400000000000006,Natural Gas,NG=F,₹/kg,Energy
2026-04-16,2.6470000743865967,2.678999900817871,2.5880000591278076,2.614000082015991,108047,93.38680267333984,244.11,250.18,241.69,247.19,0.016573449580523203,8.490000000000009,Natural Gas,NG=F,₹/kg,Energy
2026-04-17,2.6740000247955322,2.7070000171661377,2.622999906539917,2.6670000553131104,109843,93.0478973388672,248.16,251.88,244.06,248.81,0.006553663174076574,7.819999999999993,Natural Gas,NG=F,₹/kg,Energy
2026-04-20,2.688999891281128,2.746000051498413,2.671999931335449,2.687999963760376,92530,92.60330200195312,248.92,254.29,247.44,249.01,0.0008038262127727513,6.849999999999994,Natural Gas,NG=F,₹/kg,Energy
2026-04-21,2.697000026702881,2.7200000286102295,2.6429998874664307,2.674999952316284,94189,93.12359619140624,249.11,253.3,246.13,251.15,0.008594032368178128,7.170000000000016,Natural Gas,NG=F,₹/kg,Energy
2026-04-22,2.7219998836517334,2.763000011444092,2.6760001182556152,2.7009999752044678,78929,93.622802734375,252.88,258.68,250.53,254.84,0.014692414891499084,8.150000000000006,Natural Gas,NG=F,₹/kg,Energy
2026-04-23,2.614000082015991,2.740000009536743,2.568000078201294,2.7179999351501465,79279,93.80049896240234,254.95,257.01,240.88,245.19,-0.03786689687647149,16.129999999999995,Natural Gas,NG=F,₹/kg,Energy
2026-04-24,2.5230000019073486,2.5940001010894775,2.494999885559082,2.5940001010894775,50988,94.11289978027344,244.13,244.13,234.81,237.45,-0.03156735592805582,9.319999999999993,Natural Gas,NG=F,₹/kg,Energy
2026-04-27,2.549999952316284,2.630000114440918,2.505000114440918,2.505000114440918,65552,94.25029754638672,236.1,247.88,236.1,240.34,0.012170983364919064,11.780000000000001,Natural Gas,NG=F,₹/kg,Energy
2026-04-28,2.559000015258789,2.578000068664551,2.4830000400543213,2.5390000343322754,102074,94.2584991455078,239.32,243.0,234.04,241.21,0.003619871848214995,8.960000000000008,Natural Gas,NG=F,₹/kg,Energy
2026-04-29,2.6470000743865967,2.691999912261963,2.615000009536743,2.680000066757202,98371,94.64550018310548,253.65,254.79,247.5,250.53,0.03863853074084811,7.289999999999992,Natural Gas,NG=F,₹/kg,Energy
2026-04-30,2.7669999599456787,2.7939999103546143,2.5920000076293945,2.6489999294281006,172760,94.9166030883789,251.43,265.2,246.02,262.63,0.04829760906877412,19.17999999999998,Natural Gas,NG=F,₹/kg,Energy
2026-05-01,2.7799999713897705,2.821000099182129,2.746000051498413,2.755000114440918,111530,94.75910186767578,261.06,267.32,260.21,263.43,0.0030461104976582387,7.110000000000014,Natural Gas,NG=F,₹/kg,Energy
2026-05-04,2.867000102996826,2.882999897003174,2.752000093460083,2.7829999923706055,125100,94.90299987792967,264.12,273.61,261.17,272.09,0.03287400827544307,12.439999999999998,Natural Gas,NG=F,₹/kg,Energy
2026-05-05,2.7880001068115234,2.868000030517578,2.759999990463257,2.8510000705718994,115367,95.2593994140625,271.58,273.2,262.92,265.58,-0.023925906869050606,10.279999999999973,Natural Gas,NG=F,₹/kg,Energy
2026-05-06,2.7300000190734863,2.7890000343322754,2.690000057220459,2.7809998989105225,107146,95.18299865722656,264.7,265.47,256.04,259.85,-0.02157541983583089,9.430000000000007,Natural Gas,NG=F,₹/kg,Energy
2026-05-07,2.7690000534057617,2.812999963760376,2.6760001182556152,2.7260000705718994,166306,94.60800170898438,257.9,266.13,253.17,261.97,0.00815855301135282,12.960000000000008,Natural Gas,NG=F,₹/kg,Energy
2026-05-08,2.756999969482422,2.8450000286102295,2.734999895095825,2.7880001068115234,124590,94.25299835205078,262.78,268.15,257.78,259.86,-0.008054357369164489,10.370000000000005,Natural Gas,NG=F,₹/kg,Energy
2026-05-11,2.9100000858306885,2.936000108718872,2.750999927520752,2.752000093460083,162409,94.42530059814452,259.86,277.23,259.76,274.78,0.057415531440005996,17.470000000000027,Natural Gas,NG=F,₹/kg,Energy
2026-05-12,2.8429999351501465,2.944999933242798,2.803999900817871,2.9260001182556152,140080,95.3914031982422,279.12,280.93,267.48,271.2,-0.013028604701943336,13.449999999999989,Natural Gas,NG=F,₹/kg,Energy
2026-05-13,2.864000082015991,2.927000045776367,2.812999963760376,2.8329999446868896,132794,95.63300323486328,270.93,279.92,269.02,273.89,0.009918879056047158,10.900000000000034,Natural Gas,NG=F,₹/kg,Energy
2026-05-14,2.8940000534057617,2.921999931335449,2.7980000972747803,2.867000102996826,144509,95.69580078125,274.36,279.62,267.76,276.94,0.011135857461024523,11.860000000000014,Natural Gas,NG=F,₹/kg,Energy
2026-05-15,2.9600000381469727,2.9820001125335693,2.8940000534057617,2.9200000762939453,144038,95.70989990234376,279.47,285.41,276.98,283.3,0.022965263233913458,8.430000000000007,Natural Gas,NG=F,₹/kg,Energy
2026-05-18,3.0239999294281006,3.0899999141693115,2.9670000076293945,2.99399995803833,149997,95.97029876708984,287.34,296.55,284.74,290.21,0.02439110483586293,11.810000000000002,Natural Gas,NG=F,₹/kg,Energy
2026-05-19,3.114000082015991,3.132999897003174,3.00600004196167,3.0309998989105225,144723,96.27020263671876,291.79,301.61,289.39,299.79,0.03301057854656997,12.220000000000027,Natural Gas,NG=F,₹/kg,Energy
2026-05-20,3.003999948501587,3.138000011444092,2.984999895095825,3.11299991607666,149151,96.56580352783205,300.61,303.02,288.25,290.08,-0.03238933920410969,14.769999999999982,Natural Gas,NG=F,₹/kg,Energy
2026-05-21,3.0179998874664307,3.065999984741211,2.9800000190734863,3.0299999713897705,73478,96.5282974243164,292.48,295.96,287.65,291.32,0.004274682846111544,8.310000000000002,Natural Gas,NG=F,₹/kg,Energy
2026-05-22,2.9070000648498535,3.009999990463257,2.888000011444092,3.0,63029,96.17389678955078,288.52,289.48,277.75,279.58,-0.04029932720032958,11.730000000000018,Natural Gas,NG=F,₹/kg,Energy
2026-05-26,2.8940000534057617,2.989000082015991,2.8589999675750732,2.9000000953674316,55626,95.25279998779295,276.23,284.71,272.33,275.66,-0.014021031547320817,12.379999999999995,Natural Gas,NG=F,₹/kg,Energy
2026-05-27,3.0399999618530273,3.055000066757202,2.8570001125335693,2.9100000858306885,188474,95.90499877929688,279.08,292.99,274.0,291.55,0.05764347384459101,18.99000000000001,Natural Gas,NG=F,₹/kg,Energy
2026-05-28,3.2850000858306885,3.305999994277954,3.056999921798706,3.0880000591278076,200655,96.04889678955078,296.6,317.54,293.62,315.52,0.08221574344023308,23.920000000000016,Natural Gas,NG=F,₹/kg,Energy
2026-05-29,3.2899999618530273,3.388000011444092,3.2720000743865967,3.2990000247955322,167682,96.04820251464844,316.86,325.41,314.27,316.0,0.0015212981744423537,11.140000000000043,Natural Gas,NG=F,₹/kg,Energy
2026-06-01,3.178999900817871,3.3959999084472656,3.1600000858306885,3.3350000381469727,171269,95.00299835205078,316.84,322.63,300.21,302.01,-0.044272151898734236,22.420000000000016,Natural Gas,NG=F,₹/kg,Energy
2026-06-02,3.1670000553131104,3.2279999256134033,3.0989999771118164,3.194000005722046,140767,95.55139923095705,305.19,308.44,296.11,302.61,0.0019866891824775745,12.329999999999984,Natural Gas,NG=F,₹/kg,Energy
2026-06-03,3.2139999866485596,3.26200008392334,3.1429998874664307,3.171999931335449,135015,95.26300048828124,302.17,310.75,299.41,306.18,0.01179736294240108,11.339999999999975,Natural Gas,NG=F,₹/kg,Energy
2026-06-04,3.3359999656677246,3.375999927520752,3.2109999656677246,3.255000114440918,194709,96.16449737548828,313.02,324.65,308.78,320.8,0.04774968972499849,15.870000000000005,Natural Gas,NG=F,₹/kg,Energy
2026-06-05,3.2290000915527344,3.365000009536743,3.2079999446868896,3.3550000190734863,181904,95.79029846191406,321.38,322.33,307.3,309.31,-0.03581670822942651,15.029999999999973,Natural Gas,NG=F,₹/kg,Energy
2026-06-08,3.1470000743865967,3.194999933242798,3.0969998836517334,3.184999942779541,199640,94.95030212402344,302.42,303.37,294.06,298.81,-0.033946526138825095,9.310000000000002,Natural Gas,NG=F,₹/kg,Energy
2026-06-09,3.140000104904175,3.2070000171661377,3.117000102996826,3.1440000534057617,179403,95.68830108642578,300.84,306.87,298.26,300.46,0.005521903550751217,8.610000000000014,Natural Gas,NG=F,₹/kg,Energy
2026-06-10,3.184999942779541,3.249000072479248,3.072000026702881,3.138000011444092,194341,95.36029815673828,299.24,309.83,292.95,303.72,0.010850029954070584,16.879999999999995,Natural Gas,NG=F,₹/kg,Energy
2026-06-11,3.0869998931884766,3.2039999961853027,3.053999900817871,3.186000108718872,206797,95.64450073242188,304.72,306.44,292.1,295.25,-0.02788752798630323,14.339999999999975,Natural Gas,NG=F,₹/kg,Energy
2026-06-12,3.119999885559082,3.1429998874664307,3.0309998989105225,3.0850000381469727,138859,95.76010131835938,295.42,300.97,290.25,298.77,0.011922099915326001,10.720000000000027,Natural Gas,NG=F,₹/kg,Energy
2026-06-15,3.1470000743865967,3.1630001068115234,3.0169999599456787,3.0850000381469727,139274,95.11029815673828,293.42,300.83,286.95,299.31,0.0018074103825687082,13.879999999999995,Natural Gas,NG=F,₹/kg,Energy
2026-06-16,3.239000082015991,3.2679998874664307,3.127000093460083,3.1549999713897705,148973,94.74169921875,298.91,309.62,296.26,306.87,0.02525809361531528,13.360000000000014,Natural Gas,NG=F,₹/kg,Energy
2026-06-17,3.1449999809265137,3.2990000247955322,3.121000051498413,3.256999969482422,170489,94.88860321044922,309.05,313.04,296.15,298.42,-0.02753609020106229,16.890000000000043,Natural Gas,NG=F,₹/kg,Energy
2026-06-18,3.2330000400543213,3.246000051498413,3.125,3.1540000438690186,147984,94.85890197753906,299.18,307.91,296.43,306.68,0.02767910997922396,11.480000000000018,Natural Gas,NG=F,₹/kg,Energy
2026-06-22,3.253000020980835,3.3350000381469727,3.2339999675750732,3.2799999713897705,151751,94.3302993774414,309.4,314.59,305.06,306.86,0.0005869310030000019,9.529999999999973,Natural Gas,NG=F,₹/kg,Energy
2026-06-23,3.1470000743865967,3.2769999504089355,3.1419999599456787,3.236999988555908,76512,94.70059967041016,306.55,310.33,297.55,298.02,-0.028807925438310678,12.779999999999973,Natural Gas,NG=F,₹/kg,Energy
2026-06-24,3.2209999561309814,3.2320001125335693,3.135999917984009,3.1610000133514404,39410,95.18370056152344,300.88,307.63,298.5,306.59,0.02875645929803361,9.129999999999995,Natural Gas,NG=F,₹/kg,Energy
2026-06-25,3.3429999351501465,3.36299991607666,3.196000099182129,3.2230000495910645,106506,94.4406967163086,304.38,317.6,301.83,315.72,0.02977918392641654,15.770000000000039,Natural Gas,NG=F,₹/kg,Energy
2026-06-26,3.2309999465942383,3.440999984741211,3.2009999752044678,3.302000045776367,171611,94.40039825439452,311.71,324.83,302.18,305.01,-0.03392246294184731,22.649999999999977,Natural Gas,NG=F,₹/kg,Energy
2026-06-29,3.180999994277954,3.312999963760376,3.1630001068115234,3.2809998989105225,153806,94.36029815673828,309.6,312.62,298.46,300.16,-0.015901117996131142,14.160000000000025,Natural Gas,NG=F,₹/kg,Energy
2026-06-30,3.2750000953674316,3.328000068664551,3.1589999198913574,3.1710000038146973,207986,94.79049682617188,300.58,315.46,299.44,310.44,0.03424840085287828,16.019999999999982,Natural Gas,NG=F,₹/kg,Energy
2026-07-01,3.2200000286102295,3.2709999084472656,3.194999933242798,3.25600004196167,122894,94.91799926757812,309.05,310.48,303.26,305.64,-0.015461925009663702,7.220000000000027,Natural Gas,NG=F,₹/kg,Energy
2026-07-02,3.196000099182129,3.2200000286102295,3.1510000228881836,3.2139999866485596,137589,95.4175033569336,306.67,307.24,300.66,304.95,-0.0022575579112681377,6.579999999999984,Natural Gas,NG=F,₹/kg,Energy
2026-07-06,3.244999885559082,3.25600004196167,3.1589999198913574,3.2060000896453857,205853,95.2147979736328,305.26,310.02,300.78,308.97,0.01318248893261198,9.240000000000009,Natural Gas,NG=F,₹/kg,Energy
2026-07-07,3.265000104904175,3.319999933242798,3.180999994277954,3.253999948501587,172662,95.60350036621094,311.09,317.4,304.11,312.15,0.010292261384600376,13.289999999999964,Natural Gas,NG=F,₹/kg,Energy
2026-07-08,3.2119998931884766,3.3550000190734863,3.203000068664551,3.2809998989105225,158732,95.60350036621094,313.68,320.75,306.22,307.08,-0.016242191254204674,14.529999999999973,Natural Gas,NG=F,₹/kg,Energy
2026-07-09,3.01200008392334,3.24399995803833,2.990999937057495,3.2190001010894775,240595,95.60350036621094,307.75,310.14,285.95,287.96,-0.06226390517129088,24.189999999999998,Natural Gas,NG=F,₹/kg,Energy
2026-07-10,2.940000057220459,3.0220000743865967,2.874000072479248,3.0160000324249268,187170,95.60350036621094,288.34,288.91,274.76,281.07,-0.023926934296430002,14.150000000000034,Natural Gas,NG=F,₹/kg,Energy
2026-07-13,2.8970000743865967,2.953000068664551,2.8469998836517334,2.930999994277954,137746,95.60350036621094,280.21,282.32,272.18,276.96,-0.014622691856121306,10.139999999999986,Natural Gas,NG=F,₹/kg,Energy
2026-07-14,2.9040000438690186,2.927999973297119,2.8499999046325684,2.9030001163482666,113702,95.60350036621094,277.54,279.93,272.47,277.63,0.0024191218948586,7.4599999999999795,Natural Gas,NG=F,₹/kg,Energy
2026-07-15,2.9240000247955322,2.940999984741211,2.865000009536743,2.9230000972747803,114040,95.60350036621094,279.45,281.17,273.9,279.54,0.0068796599791089985,7.270000000000039,Natural Gas,NG=F,₹/kg,Energy
2026-07-16,2.8580000400543213,2.9679999351501465,2.822999954223633,2.9210000038146973,141791,95.60350036621094,279.26,283.75,269.89,273.23,-0.022572798168419506,13.860000000000014,Natural Gas,NG=F,₹/kg,Energy
2026-07-17,2.9110000133514404,2.9260001182556152,2.8429999351501465,2.8940000534057617,106995,95.60350036621094,276.68,279.74,271.8,278.3,0.018555795483658377,7.939999999999998,Natural Gas,NG=F,₹/kg,Energy
2026-07-20,2.859999895095825,2.9100000858306885,2.8310000896453857,2.875,131706,95.60350036621094,274.86,278.21,270.65,273.43,-0.01749910168882507,7.560000000000002,Natural Gas,NG=F,₹/kg,Energy
2026-07-21,2.865000009536743,2.9059998989105225,2.8389999866485596,2.8420000076293945,105685,95.60350036621094,271.71,277.82,271.42,273.9,0.0017189042899461437,6.399999999999977,Natural Gas,NG=F,₹/kg,Energy
2026-07-22,2.924999952316284,2.9509999752044678,2.865000009536743,2.8919999599456787,127528,95.60350036621094,276.49,282.13,273.9,279.64,0.020956553486674023,8.230000000000018,Natural Gas,NG=F,₹/kg,Energy
2026-07-23,2.9159998893737793,2.990999937057495,2.9059998989105225,2.943000078201294,125863,95.60350036621094,281.36,285.95,277.82,278.78,-0.003075382634816215,8.129999999999995,Natural Gas,NG=F,₹/kg,Energy
2026-07-24,2.871000051498413,2.9579999446868896,2.8589999675750732,2.9149999618530273,69670,95.60350036621094,278.68,282.8,273.33,274.48,-0.015424348948991917,9.470000000000027,Natural Gas,NG=F,₹/kg,Energy
2026-07-27,2.7669999599456787,2.8359999656677246,2.7339999675750732,2.819999933242798,57067,95.60350036621094,269.6,271.13,261.38,264.53,-0.036250364325269735,9.75,Natural Gas,NG=F,₹/kg,Energy
2026-07-28,2.6619999408721924,2.760999917984009,2.634999990463257,2.740999937057495,45760,95.60350036621094,262.05,263.96,251.92,254.5,-0.03791630438891613,12.039999999999992,Natural Gas,NG=F,₹/kg,Energy
2026-07-29,2.7249999046325684,2.7709999084472656,2.619999885559082,2.631999969482422,112922,95.60350036621094,251.63,264.92,250.48,260.52,0.023654223968565757,14.440000000000026,Natural Gas,NG=F,₹/kg,Energy
2026-07-30,2.757999897003174,2.7760000228881836,2.680000066757202,2.7320001125335693,122809,95.60350036621094,261.19,265.4,256.22,263.67,0.012091202210962715,9.17999999999995,Natural Gas,NG=F,₹/kg,Energy
2026-07-31,2.746999979019165,2.802000045776367,2.7119998931884766,2.746000051498413,117480,95.60350036621094,262.53,267.88,259.28,262.62,-0.003982250540448318,8.600000000000023,Natural Gas,NG=F,₹/kg,Energy
2026-08-03,2.7809998989105225,2.809999942779541,2.7100000381469727,2.744999885559082,101918,95.60350036621094,262.43,268.65,259.09,265.87,0.01237529510319102,9.560000000000002,Natural Gas,NG=F,₹/kg,Energy
2026-08-04,2.681999921798706,2.7860000133514404,2.6589999198913574,2.7739999294281006,139814,95.60350036621094,265.2,266.35,254.21,256.41,-0.035581299131154265,12.140000000000015,Natural Gas,NG=F,₹/kg,Energy
2026-08-05,2.687999963760376,2.7079999446868896,2.6600000858306885,2.687000036239624,87311,95.60350036621094,256.89,258.89,254.31,256.98,0.0022230022230020907,4.579999999999984,Natural Gas,NG=F,₹/kg,Energy
2026-08-06,2.640000104904175,2.7019999027252197,2.615999937057495,2.6710000038146973,124916,95.60350036621094,255.36,258.32,250.1,252.39,-0.017861312164370924,8.219999999999999,Natural Gas,NG=F,₹/kg,Energy
2026-08-07,2.6619999408721924,2.690000057220459,2.617000102996826,2.632999897003174,124916,95.60350036621094,251.72,257.17,250.19,254.5,0.00836007765759339,6.980000000000018,Natural Gas,NG=F,₹/kg,Energy
