date,close_usd,high_usd,low_usd,open_usd,volume,usdinr,open_inr,high_inr,low_inr,close_inr,daily_return,price_range_inr,commodity,ticker,unit,sector
2010-01-04,17.440000534057617,17.440000534057617,16.8700008392334,17.440000534057617,28,46.28799819946289,25954.06,25954.06,25105.79,25954.06,,848.2700000000004,Silver,SI=F,₹/kg,Precious Metal
2010-01-05,17.7810001373291,17.81999969482422,17.575000762939453,17.7810001373291,38,46.119998931884766,26365.49,26423.32,26060.04,26365.49,0.015852240458718247,363.27999999999884,Silver,SI=F,₹/kg,Precious Metal
2010-01-06,18.163000106811523,18.190000534057617,17.84000015258789,18.163000106811523,19,45.720001220703125,26698.34,26738.03,26223.55,26698.34,0.012624457197647265,514.4799999999996,Silver,SI=F,₹/kg,Precious Metal
2010-01-07,18.33300018310547,18.33300018310547,18.09000015258789,18.33300018310547,7,45.6879997253418,26929.37,26929.37,26572.42,26929.37,0.00865334698711595,356.9500000000007,Silver,SI=F,₹/kg,Precious Metal
2010-01-08,18.45800018310547,18.45800018310547,18.1200008392334,18.45800018310547,3,45.51800155639648,27012.09,27012.09,26517.45,27012.09,0.003071739145772856,494.6399999999994,Silver,SI=F,₹/kg,Precious Metal
2010-01-11,18.683000564575195,18.683000564575195,18.683000564575195,18.683000564575195,22,45.358001708984375,27245.26,27245.26,27245.26,27245.26,0.008632060680976439,0.0,Silver,SI=F,₹/kg,Precious Metal
2010-01-12,18.243000030517578,18.700000762939453,18.243000030517578,18.700000762939453,35,45.61800003051758,27426.37,27426.37,26756.11,26756.11,-0.017953581650532846,670.2599999999984,Silver,SI=F,₹/kg,Precious Metal
2010-01-13,18.538000106811523,18.538000106811523,18.538000106811523,18.538000106811523,15,45.48799896240234,27111.29,27111.29,27111.29,27111.29,0.013274724913300284,0.0,Silver,SI=F,₹/kg,Precious Metal
2010-01-14,18.64299964904785,18.64299964904785,18.64299964904785,18.64299964904785,29,45.5629997253418,27309.8,27309.8,27309.8,27309.8,0.007322041850461591,0.0,Silver,SI=F,₹/kg,Precious Metal
2010-01-15,18.410999298095703,18.395000457763672,18.389999389648438,18.395000457763672,54,45.803001403808594,27088.45,27088.45,27081.09,27112.01,-0.007242455089381816,7.360000000000582,Silver,SI=F,₹/kg,Precious Metal
2010-01-19,18.784000396728516,18.784000396728516,18.479999542236328,18.784000396728516,136,45.84799957275391,27688.47,27688.47,27240.36,27688.47,0.021262163889730124,448.1100000000006,Silver,SI=F,₹/kg,Precious Metal
2010-01-20,17.865999221801758,17.865999221801758,17.865999221801758,17.865999221801758,6,46.11800003051758,26490.38,26490.38,26490.38,26490.38,-0.04327035766151033,0.0,Silver,SI=F,₹/kg,Precious Metal
2010-01-21,17.496000289916992,17.496000289916992,17.496000289916992,17.496000289916992,1,46.108001708984375,25936.15,25936.15,25936.15,25936.15,-0.02092193467968373,0.0,Silver,SI=F,₹/kg,Precious Metal
2010-01-22,16.917999267578125,17.139999389648438,16.917999267578125,16.917999267578125,5,46.22299957275391,25141.87,25471.78,25141.87,25141.87,-0.03062443732011122,329.90999999999985,Silver,SI=F,₹/kg,Precious Metal
2010-01-25,17.131000518798828,17.131000518798828,17.131000518798828,17.131000518798828,2,46.07799911499024,25378.55,25378.55,25378.55,25378.55,0.009413778688697416,0.0,Silver,SI=F,₹/kg,Precious Metal
2010-01-26,16.84600067138672,16.84600067138672,16.84600067138672,16.84600067138672,1,45.84799957275391,24831.77,24831.77,24831.77,24831.77,-0.02154496612296597,0.0,Silver,SI=F,₹/kg,Precious Metal
2010-01-27,16.42799949645996,16.42799949645996,16.42799949645996,16.42799949645996,55,46.31800079345703,24463.86,24463.86,24463.86,24463.86,-0.014816100503508234,0.0,Silver,SI=F,₹/kg,Precious Metal
2010-01-28,16.20199966430664,16.20199966430664,16.20199966430664,16.20199966430664,135,46.34799957275391,24142.93,24142.93,24142.93,24142.93,-0.013118534851000674,0.0,Silver,SI=F,₹/kg,Precious Metal
2010-01-29,16.183000564575195,16.34000015258789,16.100000381469727,16.183000564575195,23,46.09799957275391,23984.55,24217.24,23861.54,23984.55,-0.006560098546448234,355.7000000000007,Silver,SI=F,₹/kg,Precious Metal
2010-02-01,16.652999877929688,16.652999877929688,16.652999877929688,16.652999877929688,128,46.28799819946289,24782.85,24782.85,24782.85,24782.85,0.03328392652770229,0.0,Silver,SI=F,₹/kg,Precious Metal
2010-02-02,16.736000061035156,16.736000061035156,16.736000061035156,16.736000061035156,18,46.09999847412109,24805.22,24805.22,24805.22,24805.22,0.0009026403339407185,0.0,Silver,SI=F,₹/kg,Precious Metal
2010-02-03,16.309999465942383,16.6200008392334,16.360000610351562,16.6200008392334,3,45.900001525878906,24526.42,24526.42,24142.73,24068.95,-0.029682058856966398,383.6899999999987,Silver,SI=F,₹/kg,Precious Metal
2010-02-04,15.343000411987305,16.030000686645508,15.260000228881836,16.030000686645508,4,46.209999084472656,23815.51,23815.51,22671.54,22794.85,-0.05293542094690473,1143.9699999999975,Silver,SI=F,₹/kg,Precious Metal
2010-02-05,14.822999954223633,14.822999954223633,14.822999954223633,14.822999954223633,54,46.619998931884766,22217.68,22217.68,22217.68,22217.68,-0.02532019293831711,0.0,Silver,SI=F,₹/kg,Precious Metal
2010-02-08,15.07800006866455,15.15999984741211,15.0,15.07800006866455,224,46.709999084472656,22643.52,22766.67,22526.39,22643.52,0.019166717677093104,240.27999999999884,Silver,SI=F,₹/kg,Precious Metal
2010-02-09,15.430999755859375,15.430999755859375,15.430999755859375,15.430999755859375,3,46.38999938964844,23014.89,23014.89,23014.89,23014.89,0.01640071861618675,0.0,Silver,SI=F,₹/kg,Precious Metal
2010-02-10,15.302000045776367,15.302000045776367,15.302000045776367,15.302000045776367,300,46.37799835205078,22816.58,22816.58,22816.58,22816.58,-0.008616595603976318,0.0,Silver,SI=F,₹/kg,Precious Metal
2010-02-11,15.592000007629395,15.592000007629395,15.592000007629395,15.592000007629395,91,46.400001525878906,23260.03,23260.03,23260.03,23260.03,0.019435428096585827,0.0,Silver,SI=F,₹/kg,Precious Metal
2010-02-12,15.449000358581543,15.449000358581543,15.449000358581543,15.449000358581543,91,46.400001525878906,23046.7,23046.7,23046.7,23046.7,-0.009171527293816872,0.0,Silver,SI=F,₹/kg,Precious Metal
2010-02-16,16.149999618530273,16.149999618530273,16.149999618530273,16.149999618530273,48,45.97999954223633,23874.37,23874.37,23874.37,23874.37,0.03591273371024917,0.0,Silver,SI=F,₹/kg,Precious Metal
2010-02-17,16.097999572753906,16.097999572753906,16.097999572753906,16.097999572753906,14,46.007999420166016,23811.99,23811.99,23811.99,23811.99,-0.0026128438153549816,0.0,Silver,SI=F,₹/kg,Precious Metal
2010-02-18,16.059999465942383,16.059999465942383,16.059999465942383,16.059999465942383,14,46.13999938964844,23823.94,23823.94,23823.94,23823.94,0.0005018480185821073,0.0,Silver,SI=F,₹/kg,Precious Metal
2010-02-19,16.413000106811523,16.413000106811523,16.413000106811523,16.413000106811523,5,46.18000030517578,24368.7,24368.7,24368.7,24368.7,0.022866075048879386,0.0,Silver,SI=F,₹/kg,Precious Metal
2010-02-22,16.222000122070312,16.222000122070312,16.222000122070312,16.222000122070312,5,46.09999847412109,24043.39,24043.39,24043.39,24043.39,-0.013349501614776438,0.0,Silver,SI=F,₹/kg,Precious Metal
2010-02-23,15.887999534606934,15.887999534606934,15.887999534606934,15.887999534606934,5,46.26800155639648,23634.17,23634.17,23634.17,23634.17,-0.017020062478710463,0.0,Silver,SI=F,₹/kg,Precious Metal
2010-02-24,15.9399995803833,15.9399995803833,15.9399995803833,15.9399995803833,45350,46.28799819946289,23721.77,23721.77,23721.77,23721.77,0.003706497837664857,0.0,Silver,SI=F,₹/kg,Precious Metal
2010-02-25,16.110000610351562,16.155000686645508,15.609999656677246,15.930000305175781,36532,46.29999923706055,23713.04,24047.97,23236.69,23980.98,0.010927093551619471,811.2800000000025,Silver,SI=F,₹/kg,Precious Metal
2010-02-26,16.5,16.520000457763672,16.024999618530273,16.084999084472656,3883,45.900001525878906,23736.91,24378.85,23648.37,24349.33,0.015360089537625354,730.4799999999996,Silver,SI=F,₹/kg,Precious Metal
2010-03-01,16.448999404907227,16.739999771118164,16.415000915527344,16.5,1010,46.0,24402.38,24757.32,24276.67,24326.95,-0.0009191217992445821,480.65000000000146,Silver,SI=F,₹/kg,Precious Metal
2010-03-02,17.04400062561035,17.075000762939453,16.31999969482422,16.475000381469727,749,46.02799987792969,24380.24,25268.14,24150.86,25222.26,0.03680321618616378,1117.2799999999988,Silver,SI=F,₹/kg,Precious Metal
2010-03-03,17.30900001525879,17.350000381469727,16.895000457763672,16.94499969482422,852,45.54999923706055,24815.35,25408.46,24742.13,25348.41,0.005001534358935356,666.3299999999981,Silver,SI=F,₹/kg,Precious Metal
2010-03-04,17.1560001373291,17.350000381469727,17.059999465942383,17.139999389648438,648,45.66999816894531,25167.05,25475.39,25049.58,25190.54,-0.0062280040444351314,425.8099999999977,Silver,SI=F,₹/kg,Precious Metal
2010-03-05,17.36199951171875,17.475000381469727,17.1299991607666,17.36199951171875,339,45.45000076293945,25370.21,25535.33,25031.2,25370.21,0.007132439399869961,504.130000000001,Silver,SI=F,₹/kg,Precious Metal
2010-03-08,17.25200080871582,17.479999542236328,17.165000915527344,17.25200080871582,293,45.400001525878906,25181.74,25514.54,25054.75,25181.74,-0.007428791484185515,459.7900000000009,Silver,SI=F,₹/kg,Precious Metal
2010-03-09,17.31800079345703,17.325000762939453,16.90999984741211,17.31800079345703,374,45.54999923706055,25361.59,25371.85,24764.09,25361.59,0.007142079935699375,607.7599999999984,Silver,SI=F,₹/kg,Precious Metal
2010-03-10,16.993999481201172,16.993999481201172,16.993999481201172,16.993999481201172,256,45.310001373291016,24755.98,24755.98,24755.98,24755.98,-0.023879023357762708,0.0,Silver,SI=F,₹/kg,Precious Metal
2010-03-11,17.13599967956543,17.13599967956543,16.8799991607666,17.13599967956543,474,45.45000076293945,25039.97,25039.97,24665.89,25039.97,0.011471571717217577,374.08000000000175,Silver,SI=F,₹/kg,Precious Metal
2010-03-12,17.02400016784668,17.02400016784668,17.02400016784668,17.02400016784668,351,45.49800109863281,24902.58,24902.58,24902.58,24902.58,-0.005486827659937243,0.0,Silver,SI=F,₹/kg,Precious Metal
2010-03-15,17.08300018310547,17.1200008392334,17.0049991607666,17.08300018310547,285,45.55799865722656,25021.84,25076.03,24907.59,25021.84,0.0047890620168673514,168.4399999999987,Silver,SI=F,₹/kg,Precious Metal
2010-03-16,17.33300018310547,17.450000762939453,17.125,17.125,53,45.38999938964844,24990.86,25465.14,24990.86,25294.4,0.010892883976558076,474.27999999999884,Silver,SI=F,₹/kg,Precious Metal
2010-03-17,17.50200080871582,17.50200080871582,17.399999618530273,17.50200080871582,55,45.27999877929688,25479.13,25479.13,25330.64,25479.13,0.007303197545701856,148.4900000000016,Silver,SI=F,₹/kg,Precious Metal
2010-03-18,17.406999588012695,17.520000457763672,17.354999542236328,17.406999588012695,144,45.38999938964844,25402.39,25567.29,25326.5,25402.39,-0.003011876779152267,240.79000000000087,Silver,SI=F,₹/kg,Precious Metal
2010-03-19,17.017000198364258,17.364999771118164,16.989999771118164,17.017000198364258,209,45.25,24756.66,25262.93,24717.38,24756.66,-0.025420049058376026,545.5499999999993,Silver,SI=F,₹/kg,Precious Metal
2010-03-22,16.920000076293945,16.920000076293945,16.920000076293945,16.920000076293945,65,45.470001220703125,24735.22,24735.22,24735.22,24735.22,-0.0008660295855741351,0.0,Silver,SI=F,₹/kg,Precious Metal
2010-03-23,17.011999130249023,17.011999130249023,17.011999130249023,17.011999130249023,29,45.400001525878906,24831.43,24831.43,24831.43,24831.43,0.0038895954836868363,0.0,Silver,SI=F,₹/kg,Precious Metal
2010-03-24,16.625999450683594,16.625999450683594,16.625999450683594,16.625999450683594,31,45.400001525878906,24268.0,24268.0,24268.0,24268.0,-0.02269019544987949,0.0,Silver,SI=F,₹/kg,Precious Metal
2010-03-25,16.726999282836914,16.726999282836914,16.726999282836914,16.726999282836914,111,45.48799896240234,24462.75,24462.75,24462.75,24462.75,0.008024971155430993,0.0,Silver,SI=F,₹/kg,Precious Metal
2010-03-26,16.893999099731445,16.920000076293945,16.59000015258789,16.893999099731445,114,45.11000061035156,24501.67,24539.38,24060.78,24501.67,0.0015909903833377648,478.6000000000022,Silver,SI=F,₹/kg,Precious Metal
2010-03-29,17.37299919128418,17.37299919128418,17.37299919128418,17.37299919128418,137,44.79999923706055,25023.22,25023.22,25023.22,25023.22,0.021286304158043334,0.0,Silver,SI=F,₹/kg,Precious Metal
2010-03-30,17.31599998474121,17.31599998474121,17.31599998474121,17.31599998474121,94,44.93999862670898,25019.06,25019.06,25019.06,25019.06,-0.00016624559109501558,0.0,Silver,SI=F,₹/kg,Precious Metal
2010-03-31,17.511999130249023,17.511999130249023,17.511999130249023,17.511999130249023,24,44.79999923706055,25223.43,25223.43,25223.43,25223.43,0.008168572280493391,0.0,Silver,SI=F,₹/kg,Precious Metal
2010-04-01,17.875999450683594,17.94499969482422,17.559999465942383,17.875999450683594,17,44.59999847412109,25632.77,25731.71,25179.65,25632.77,0.01622856209484591,552.0599999999977,Silver,SI=F,₹/kg,Precious Metal
2010-04-05,18.104000091552734,18.104000091552734,18.104000091552734,18.104000091552734,11,44.36000061035156,25820.02,25820.02,25820.02,25820.02,0.007305102023698495,0.0,Silver,SI=F,₹/kg,Precious Metal
2010-04-06,17.91699981689453,17.91699981689453,17.91699981689453,17.91699981689453,19,44.34000015258789,25541.79,25541.79,25541.79,25541.79,-0.010775746881683257,0.0,Silver,SI=F,₹/kg,Precious Metal
2010-04-07,18.184999465942383,18.21500015258789,18.170000076293945,18.184999465942383,52,44.400001525878906,25958.93,26001.75,25937.51,25958.93,0.016331666652963595,64.2400000000016,Silver,SI=F,₹/kg,Precious Metal
2010-04-08,18.115999221801758,18.115999221801758,18.115999221801758,18.115999221801758,44,44.34000015258789,25825.48,25825.48,25825.48,25825.48,-0.00514081281470391,0.0,Silver,SI=F,₹/kg,Precious Metal
2010-04-09,18.34000015258789,18.34000015258789,18.34000015258789,18.34000015258789,49,44.119998931884766,26015.09,26015.09,26015.09,26015.09,0.007341973895548248,0.0,Silver,SI=F,₹/kg,Precious Metal
2010-04-12,18.402999877929688,18.549999237060547,18.21500015258789,18.402999877929688,19,44.34000015258789,26234.62,26444.17,25966.61,26234.62,0.008438563925783127,477.5599999999977,Silver,SI=F,₹/kg,Precious Metal
2010-04-13,18.238000869750977,18.238000869750977,18.238000869750977,18.238000869750977,13,44.57799911499024,26138.96,26138.96,26138.96,26138.96,-0.003646326876470818,0.0,Silver,SI=F,₹/kg,Precious Metal
2010-04-14,18.40399932861328,18.40399932861328,18.40399932861328,18.40399932861328,4,44.209999084472656,26159.12,26159.12,26159.12,26159.12,0.0007712625138873719,0.0,Silver,SI=F,₹/kg,Precious Metal
2010-04-15,18.423999786376953,18.423999786376953,18.423999786376953,18.423999786376953,2,44.290000915527344,26234.94,26234.94,26234.94,26234.94,0.002898415543030497,0.0,Silver,SI=F,₹/kg,Precious Metal
2010-04-16,17.66900062561035,17.66900062561035,17.66900062561035,17.66900062561035,3,44.31800079345703,25175.76,25175.76,25175.76,25175.76,-0.0403728767818794,0.0,Silver,SI=F,₹/kg,Precious Metal
2010-04-19,17.725000381469727,17.725000381469727,17.725000381469727,17.725000381469727,3,44.72800064086914,25489.2,25489.2,25489.2,25489.2,0.012450071020696285,0.0,Silver,SI=F,₹/kg,Precious Metal
2010-04-20,17.815000534057617,17.815000534057617,17.815000534057617,17.815000534057617,1,44.38999938964844,25425.03,25425.03,25425.03,25425.03,-0.0025175368391319175,0.0,Silver,SI=F,₹/kg,Precious Metal
2010-04-21,18.072999954223633,18.072999954223633,17.889999389648438,18.072999954223633,1,44.400001525878906,25799.05,25799.05,25537.82,25799.05,0.01471070043968492,261.22999999999956,Silver,SI=F,₹/kg,Precious Metal
2010-04-22,18.006000518798828,18.006000518798828,18.006000518798828,18.006000518798828,2,44.43999862670898,25726.56,25726.56,25726.56,25726.56,-0.002809793383864778,0.0,Silver,SI=F,₹/kg,Precious Metal
2010-04-23,18.18899917602539,18.18899917602539,18.18899917602539,18.18899917602539,1,44.290000915527344,25900.31,25900.31,25900.31,25900.31,0.006753720668445373,0.0,Silver,SI=F,₹/kg,Precious Metal
2010-04-26,18.333999633789062,18.333999633789062,18.333999633789062,18.333999633789062,11,44.25,26083.2,26083.2,26083.2,26083.2,0.007061305443834431,0.0,Silver,SI=F,₹/kg,Precious Metal
2010-04-27,18.115999221801758,18.115999221801758,18.115999221801758,18.115999221801758,3,44.45000076293945,25889.55,25889.55,25889.55,25889.55,-0.007424319101950738,0.0,Silver,SI=F,₹/kg,Precious Metal
2010-04-28,18.10700035095215,18.10700035095215,18.10700035095215,18.10700035095215,44456,44.5,25905.8,25905.8,25905.8,25905.8,0.0006276663750433009,0.0,Silver,SI=F,₹/kg,Precious Metal
2010-04-29,18.548999786376953,18.565000534057617,18.05500030517578,18.09000015258789,21023,44.45000076293945,25852.39,26531.22,25802.38,26508.35,0.02325927012483686,728.8400000000001,Silver,SI=F,₹/kg,Precious Metal
2010-04-30,18.611000061035156,18.764999389648438,18.454999923706055,18.485000610351562,3374,44.25,26298.03,26696.37,26255.35,26477.28,-0.0011720835133081087,441.02000000000044,Silver,SI=F,₹/kg,Precious Metal
2010-05-03,18.812999725341797,18.854999542236328,18.5,18.812999725341797,409,44.400001525878906,26855.39,26915.34,26408.59,26855.39,0.014280545433669856,506.75,Silver,SI=F,₹/kg,Precious Metal
2010-05-04,17.81800079345703,18.81999969482422,17.790000915527344,18.80500030517578,2138,44.54999923706055,26934.66,26956.14,25480.86,25520.97,-0.04968909407012889,1475.2799999999988,Silver,SI=F,₹/kg,Precious Metal
2010-05-05,17.51099967956543,17.834999084472656,17.09000015258789,17.51099967956543,470,44.84999847412109,25250.14,25717.33,24643.08,25250.14,-0.01061205745706384,1074.25,Silver,SI=F,₹/kg,Precious Metal
2010-05-06,17.493000030517578,17.709999084472656,17.260000228881836,17.493000030517578,967,45.459999084472656,25567.26,25884.42,25226.71,25567.26,0.012559138285965998,657.7099999999991,Silver,SI=F,₹/kg,Precious Metal
2010-05-07,18.429000854492188,18.614999771118164,17.479999542236328,18.429000854492188,418,45.417999267578125,26910.4,27182.0,25524.65,26910.4,0.052533591788873846,1657.3499999999985,Silver,SI=F,₹/kg,Precious Metal
2010-05-10,18.530000686645508,18.530000686645508,18.530000686645508,18.530000686645508,173,44.76300048828125,26667.67,26667.67,26667.67,26667.67,-0.009019932814079423,0.0,Silver,SI=F,₹/kg,Precious Metal
2010-05-11,19.27199935913086,19.399999618530273,18.40999984741211,19.27199935913086,167,44.9900016784668,27876.18,28061.32,26629.33,27876.18,0.045317419932075165,1431.989999999998,Silver,SI=F,₹/kg,Precious Metal
2010-05-12,19.639999389648438,19.649999618530273,19.295000076293945,19.639999389648438,116,44.95000076293945,28383.22,28397.67,27884.63,28383.22,0.018189005810695713,513.0399999999972,Silver,SI=F,₹/kg,Precious Metal
2010-05-13,19.47599983215332,19.47599983215332,19.47599983215332,19.47599983215332,85,44.93999862670898,28139.95,28139.95,28139.95,28139.95,-0.00857090914984282,0.0,Silver,SI=F,₹/kg,Precious Metal
2010-05-14,19.20199966430664,19.20199966430664,19.20199966430664,19.20199966430664,170,45.25,27935.44,27935.44,27935.44,27935.44,-0.007267603531633915,0.0,Silver,SI=F,₹/kg,Precious Metal
2010-05-17,18.834999084472656,19.309999465942383,18.799999237060547,18.834999084472656,564,45.52799987792969,27569.86,28265.15,27518.63,27569.86,-0.013086602537851544,746.5200000000004,Silver,SI=F,₹/kg,Precious Metal
2010-05-18,18.854999542236328,18.854999542236328,18.854999542236328,18.854999542236328,108,45.560001373291016,27618.54,27618.54,27618.54,27618.54,0.0017656963074894616,0.0,Silver,SI=F,₹/kg,Precious Metal
2010-05-19,18.090999603271484,18.090999603271484,18.090999603271484,18.090999603271484,9,46.27299880981445,26914.15,26914.15,26914.15,26914.15,-0.025504244612495786,0.0,Silver,SI=F,₹/kg,Precious Metal
2010-05-20,17.694000244140625,17.694000244140625,17.694000244140625,17.694000244140625,31,46.7400016784668,26589.19,26589.19,26589.19,26589.19,-0.012073946232743826,0.0,Silver,SI=F,₹/kg,Precious Metal
2010-05-21,17.631000518798828,17.774999618530273,17.5,17.739999771118164,33,46.917999267578125,26759.84,26812.64,26397.81,26595.42,0.00023430574605698418,414.8299999999981,Silver,SI=F,₹/kg,Precious Metal
2010-05-24,17.98200035095215,17.98200035095215,17.98200035095215,17.98200035095215,48,46.810001373291016,27062.45,27062.45,27062.45,27062.45,0.01756054237910143,0.0,Silver,SI=F,₹/kg,Precious Metal
2010-05-25,17.76300048828125,17.93000030517578,17.565000534057617,17.93000030517578,51,47.47999954223633,27370.42,27370.42,26813.24,27115.49,0.0019599112423303033,557.1799999999967,Silver,SI=F,₹/kg,Precious Metal
2010-05-26,18.29199981689453,18.29199981689453,18.29199981689453,18.29199981689453,140,47.09999847412109,27699.54,27699.54,27699.54,27699.54,0.02153934891089926,0.0,Silver,SI=F,₹/kg,Precious Metal
2010-05-27,18.457000732421875,18.540000915527344,18.174999237060547,18.457000732421875,195,46.720001220703125,27723.91,27848.58,27300.32,27723.91,0.0008797980038657283,548.260000000002,Silver,SI=F,₹/kg,Precious Metal
2010-05-28,18.410999298095703,18.600000381469727,18.3799991607666,18.410999298095703,15,46.29999923706055,27406.2,27687.54,27360.05,27406.2,-0.011459783270108659,327.4900000000016,Silver,SI=F,₹/kg,Precious Metal
2010-06-01,18.540000915527344,18.6299991607666,18.450000762939453,18.540000915527344,18,47.08300018310547,28064.95,28201.19,27928.71,28064.95,0.024036531879647605,272.47999999999956,Silver,SI=F,₹/kg,Precious Metal
2010-06-02,18.304000854492188,18.304000854492188,18.304000854492188,18.304000854492188,11,46.79999923706055,27541.16,27541.16,27541.16,27541.16,-0.018663493075882887,0.0,Silver,SI=F,₹/kg,Precious Metal
2010-06-03,17.920000076293945,17.920000076293945,17.920000076293945,17.920000076293945,19,46.5,26790.54,26790.54,26790.54,26790.54,-0.027254480203448228,0.0,Silver,SI=F,₹/kg,Precious Metal
2010-06-04,17.290000915527344,17.799999237060547,17.290000915527344,17.290000915527344,8,46.86000061035156,26048.8,26817.16,26048.8,26048.8,-0.02768663864184906,768.3600000000006,Silver,SI=F,₹/kg,Precious Metal
2010-06-07,18.152999877929688,18.15999984741211,17.309999465942383,18.152999877929688,49,46.790000915527344,27308.13,27318.66,26039.97,27308.13,0.04834502932956619,1278.6899999999987,Silver,SI=F,₹/kg,Precious Metal
2010-06-08,18.468000411987305,18.468000411987305,17.309999465942383,18.468000411987305,1,46.83000183105469,27805.74,27805.74,26062.24,27805.74,0.0182220459621365,1743.5,Silver,SI=F,₹/kg,Precious Metal
2010-06-09,18.18000030517578,18.299999237060547,18.165000915527344,18.18000030517578,2,46.810001373291016,27360.43,27541.03,27337.86,27360.43,-0.016015038621522093,203.16999999999825,Silver,SI=F,₹/kg,Precious Metal
2010-06-10,18.341999053955078,18.341999053955078,18.341999053955078,18.341999053955078,2,46.75,27568.85,27568.85,27568.85,27568.85,0.00761757033789312,0.0,Silver,SI=F,₹/kg,Precious Metal
2010-06-11,18.222000122070312,18.280000686645508,18.200000762939453,18.222000122070312,2,46.75,27388.49,27475.67,27355.42,27388.49,-0.006542166249226877,120.25,Silver,SI=F,₹/kg,Precious Metal
2010-06-14,18.402000427246094,18.402000427246094,18.402000427246094,18.402000427246094,2,46.400001525878906,27451.97,27451.97,27451.97,27451.97,0.0023177619503667035,0.0,Silver,SI=F,₹/kg,Precious Metal
2010-06-15,18.569000244140625,18.575000762939453,18.200000762939453,18.569000244140625,1,46.400001525878906,27701.1,27710.05,27150.63,27701.1,0.009075122841821548,559.4199999999983,Silver,SI=F,₹/kg,Precious Metal
2010-06-16,18.43199920654297,18.43199920654297,18.43199920654297,18.43199920654297,1,46.40999984741211,27502.64,27502.64,27502.64,27502.64,-0.00716433643429315,0.0,Silver,SI=F,₹/kg,Precious Metal
2010-06-17,18.767000198364258,18.767000198364258,18.549999237060547,18.767000198364258,2,46.09000015258789,27809.42,27809.42,27487.87,27809.42,0.011154565525345994,321.5499999999993,Silver,SI=F,₹/kg,Precious Metal
2010-06-18,19.174999237060547,19.174999237060547,19.174999237060547,19.174999237060547,1,46.0099983215332,28364.69,28364.69,28364.69,28364.69,0.019966975219188443,0.0,Silver,SI=F,₹/kg,Precious Metal
2010-06-21,18.802000045776367,18.802000045776367,18.802000045776367,18.802000045776367,1,45.65999984741211,27601.35,27601.35,27601.35,27601.35,-0.026911628507133356,0.0,Silver,SI=F,₹/kg,Precious Metal
2010-06-22,18.895999908447266,18.895999908447266,18.895999908447266,18.895999908447266,1,46.02000045776367,27958.05,27958.05,27958.05,27958.05,0.012923280926476544,0.0,Silver,SI=F,₹/kg,Precious Metal
2010-06-23,18.45400047302246,18.45400047302246,18.45400047302246,18.45400047302246,1,46.150001525878906,27381.21,27381.21,27381.21,27381.21,-0.02063234023832139,0.0,Silver,SI=F,₹/kg,Precious Metal
2010-06-24,18.731000900268555,18.731000900268555,18.731000900268555,18.731000900268555,5,46.2599983215332,27858.46,27858.46,27858.46,27858.46,0.01742983600797765,0.0,Silver,SI=F,₹/kg,Precious Metal
2010-06-25,19.104999542236328,19.104999542236328,19.104999542236328,19.104999542236328,5,46.150001525878906,28347.14,28347.14,28347.14,28347.14,0.017541529574857995,0.0,Silver,SI=F,₹/kg,Precious Metal
2010-06-28,18.67300033569336,18.67300033569336,18.67300033569336,18.67300033569336,30687,46.09999847412109,27676.14,27676.14,27676.14,27676.14,-0.02367081829066353,0.0,Silver,SI=F,₹/kg,Precious Metal
2010-06-29,18.5939998626709,18.774999618530273,18.3700008392334,18.729999542236328,13683,46.40999984741211,27947.29,28014.44,27410.14,27744.37,0.0024653004356820496,604.2999999999993,Silver,SI=F,₹/kg,Precious Metal
2010-06-30,18.67099952697754,18.770000457763672,18.450000762939453,18.67099952697754,1885,46.400001525878906,27853.26,28000.95,27523.57,27853.26,0.003924760230634261,477.380000000001,Silver,SI=F,₹/kg,Precious Metal
2010-07-01,17.760000228881836,18.65999984741211,17.719999313354492,18.584999084472656,1177,46.40999984741211,27730.94,27842.85,26440.26,26499.94,-0.04858749029736553,1402.5900000000001,Silver,SI=F,₹/kg,Precious Metal
2010-07-02,17.697999954223633,18.079999923706055,17.6200008392334,17.697999954223633,793,46.560001373291016,26492.78,27064.61,26376.02,26492.78,-0.00027018929099464906,688.5900000000001,Silver,SI=F,₹/kg,Precious Metal
2010-07-06,17.83300018310547,18.0,17.600000381469727,17.854999542236328,225,46.59999847412109,26750.76,26968.01,26368.72,26717.8,0.008493634869575883,599.2899999999972,Silver,SI=F,₹/kg,Precious Metal
2010-07-07,17.979000091552734,18.05500030517578,17.55500030517578,17.979000091552734,178,46.95000076293945,27138.86,27253.58,26498.84,27138.86,0.01575953109911743,754.7400000000016,Silver,SI=F,₹/kg,Precious Metal
2010-07-08,17.851999282836914,18.165000915527344,17.739999771118164,17.851999282836914,155,46.650001525878906,26774.97,27244.42,26606.99,26774.97,-0.013408448254642935,637.4299999999967,Silver,SI=F,₹/kg,Precious Metal
2010-07-09,18.05299949645996,18.05299949645996,18.05299949645996,18.05299949645996,97,46.52000045776367,27000.98,27000.98,27000.98,27000.98,0.008441092557713414,0.0,Silver,SI=F,₹/kg,Precious Metal
2010-07-12,17.89699935913086,17.89699935913086,17.89699935913086,17.89699935913086,36,46.65999984741211,26848.21,26848.21,26848.21,26848.21,-0.005657942785780357,0.0,Silver,SI=F,₹/kg,Precious Metal
2010-07-13,18.23699951171875,18.329999923706055,17.875,17.920000076293945,98,46.40999984741211,26738.68,27350.45,26671.54,27211.68,0.01353796025880305,678.9099999999999,Silver,SI=F,₹/kg,Precious Metal
2010-07-14,18.27400016784668,18.350000381469727,18.104999542236328,18.27400016784668,120,46.59999847412109,27378.52,27492.38,27125.32,27378.52,0.00613119072398316,367.0600000000013,Silver,SI=F,₹/kg,Precious Metal
2010-07-15,18.34600067138672,18.420000076293945,18.19499969482422,18.34600067138672,38,46.45000076293945,27397.92,27508.43,27172.41,27397.92,0.0007085846860968026,336.02000000000044,Silver,SI=F,₹/kg,Precious Metal
2010-07-16,17.773000717163086,17.773000717163086,17.773000717163086,17.773000717163086,269,46.70000076293945,26685.05,26685.05,26685.05,26685.05,-0.026019128459386698,0.0,Silver,SI=F,₹/kg,Precious Metal
2010-07-19,17.534000396728516,17.864999771118164,17.4950008392334,17.534000396728516,302,46.09000015258789,25982.33,26472.82,25924.54,25982.33,-0.026333846104841352,548.2799999999988,Silver,SI=F,₹/kg,Precious Metal
2010-07-20,17.684999465942383,17.684999465942383,17.684999465942383,17.684999465942383,115,47.25,26865.65,26865.65,26865.65,26865.65,0.033996951004779064,0.0,Silver,SI=F,₹/kg,Precious Metal
2010-07-21,17.79800033569336,17.895000457763672,17.655000686645508,17.79800033569336,200,47.06999969482422,26934.31,27081.1,26717.9,26934.31,0.0025556798365198308,363.1999999999971,Silver,SI=F,₹/kg,Precious Metal
2010-07-22,18.114999771118164,18.114999771118164,18.114999771118164,18.114999771118164,12,47.040000915527344,27396.56,27396.56,27396.56,27396.56,0.017162125185312016,0.0,Silver,SI=F,₹/kg,Precious Metal
2010-07-23,18.09600067138672,18.190000534057617,18.09000015258789,18.09600067138672,228,46.88999938964844,27280.56,27422.27,27271.51,27280.56,-0.00423410822380621,150.76000000000204,Silver,SI=F,₹/kg,Precious Metal
2010-07-26,18.19499969482422,18.19499969482422,18.024999618530273,18.19499969482422,36,47.042999267578125,27519.31,27519.31,27262.19,27519.31,0.00875165319186988,257.1200000000026,Silver,SI=F,₹/kg,Precious Metal
2010-07-27,17.621000289916992,18.209999084472656,17.600000381469727,17.621000289916992,52,46.64799880981445,26427.37,27310.73,26395.88,26427.37,-0.03967904718541282,914.8499999999985,Silver,SI=F,₹/kg,Precious Metal
2010-07-28,17.42300033569336,17.42300033569336,17.42300033569336,17.42300033569336,133,46.68999862670898,26153.95,26153.95,26153.95,26153.95,-0.010346091949369085,0.0,Silver,SI=F,₹/kg,Precious Metal
2010-07-29,17.60099983215332,17.60099983215332,17.60099983215332,17.60099983215332,121,46.459999084472656,26290.99,26290.99,26290.99,26290.99,0.005239743901017002,0.0,Silver,SI=F,₹/kg,Precious Metal
2010-07-30,17.98699951171875,17.98699951171875,17.98699951171875,17.98699951171875,1,46.36000061035156,26809.74,26809.74,26809.74,26809.74,0.019731094188541354,0.0,Silver,SI=F,₹/kg,Precious Metal
2010-08-02,18.402999877929688,18.402999877929688,18.402999877929688,18.402999877929688,1,46.0880012512207,27268.86,27268.86,27268.86,27268.86,0.017125119452855442,0.0,Silver,SI=F,₹/kg,Precious Metal
2010-08-03,18.406999588012695,18.406999588012695,18.406999588012695,18.406999588012695,3,46.12799835205078,27298.45,27298.45,27298.45,27298.45,0.001085120536758799,0.0,Silver,SI=F,₹/kg,Precious Metal
2010-08-04,18.26300048828125,18.26300048828125,18.26300048828125,18.26300048828125,3,46.12799835205078,27084.9,27084.9,27084.9,27084.9,-0.007822788473338171,0.0,Silver,SI=F,₹/kg,Precious Metal
2010-08-05,18.308000564575195,18.308000564575195,18.308000564575195,18.308000564575195,3,46.0,27076.29,27076.29,27076.29,27076.29,-0.000317889303634189,0.0,Silver,SI=F,₹/kg,Precious Metal
2010-08-06,18.458999633789062,18.458999633789062,18.458999633789062,18.458999633789062,3,46.055999755859375,27332.84,27332.84,27332.84,27332.84,0.009475079488364235,0.0,Silver,SI=F,₹/kg,Precious Metal
2010-08-09,18.229000091552734,18.229000091552734,18.229000091552734,18.229000091552734,3,45.95800018310547,26934.84,26934.84,26934.84,26934.84,-0.014561238422352019,0.0,Silver,SI=F,₹/kg,Precious Metal
2010-08-10,18.145999908447266,18.145999908447266,18.145999908447266,18.145999908447266,3,46.07799911499024,26882.21,26882.21,26882.21,26882.21,-0.001953974851901852,0.0,Silver,SI=F,₹/kg,Precious Metal
2010-08-11,17.889999389648438,17.889999389648438,17.889999389648438,17.889999389648438,3,46.310001373291016,26636.4,26636.4,26636.4,26636.4,-0.009143965470100768,0.0,Silver,SI=F,₹/kg,Precious Metal
2010-08-12,18.05299949645996,18.05299949645996,18.05299949645996,18.05299949645996,3,46.59000015258789,27041.61,27041.61,27041.61,27041.61,0.015212641347929878,0.0,Silver,SI=F,₹/kg,Precious Metal
2010-08-13,18.097000122070312,18.097000122070312,18.097000122070312,18.097000122070312,2,46.709999084472656,27177.34,27177.34,27177.34,27177.34,0.00501930173536258,0.0,Silver,SI=F,₹/kg,Precious Metal
2010-08-16,18.417999267578125,18.417999267578125,18.100000381469727,18.417999267578125,5,46.62799835205078,27610.84,27610.84,27134.12,27610.84,0.015950788414171413,476.72000000000116,Silver,SI=F,₹/kg,Precious Metal
2010-08-17,18.586000442504883,18.586000442504883,18.586000442504883,18.586000442504883,5,46.68299865722656,27895.56,27895.56,27895.56,27895.56,0.0103118919960421,0.0,Silver,SI=F,₹/kg,Precious Metal
2010-08-18,18.389999389648438,18.389999389648438,18.389999389648438,18.389999389648438,6,46.608001708984375,27557.04,27557.04,27557.04,27557.04,-0.01213526453672198,0.0,Silver,SI=F,₹/kg,Precious Metal
2010-08-19,18.31800079345703,18.31800079345703,18.31800079345703,18.31800079345703,6,46.53799819946289,27407.93,27407.93,27407.93,27407.93,-0.00541095850642892,0.0,Silver,SI=F,₹/kg,Precious Metal
2010-08-20,17.98200035095215,17.98200035095215,17.98200035095215,17.98200035095215,3,46.358001708984375,26801.13,26801.13,26801.13,26801.13,-0.02213957785210341,0.0,Silver,SI=F,₹/kg,Precious Metal
2010-08-23,17.982999801635742,17.982999801635742,17.982999801635742,17.982999801635742,1,46.608001708984375,26947.16,26947.16,26947.16,26947.16,0.005448650859124271,0.0,Silver,SI=F,₹/kg,Precious Metal
2010-08-24,18.368999481201172,18.368999481201172,18.368999481201172,18.368999481201172,1,46.5629997253418,27499.0,27499.0,27499.0,27499.0,0.020478595889140028,0.0,Silver,SI=F,₹/kg,Precious Metal
2010-08-25,19.02199935913086,19.02199935913086,19.02199935913086,19.02199935913086,1,46.858001708984375,28656.98,28656.98,28656.98,28656.98,0.042109894905269174,0.0,Silver,SI=F,₹/kg,Precious Metal
2010-08-26,18.97800064086914,18.97800064086914,18.97800064086914,18.97800064086914,3,46.87300109863281,28599.84,28599.84,28599.84,28599.84,-0.0019939295766685516,0.0,Silver,SI=F,₹/kg,Precious Metal
2010-08-27,19.038999557495117,19.038999557495117,19.038999557495117,19.038999557495117,36100,46.78799819946289,28639.74,28639.74,28639.74,28639.74,0.0013951126999312002,0.0,Silver,SI=F,₹/kg,Precious Metal
2010-08-30,19.038000106811523,19.239999771118164,18.985000610351562,19.06999969482422,6886,46.803001403808594,28695.57,28951.38,28567.67,28647.42,0.00026815885898390235,383.71000000000276,Silver,SI=F,₹/kg,Precious Metal
2010-08-31,19.398000717163086,19.399999618530273,18.829999923706055,19.024999618530273,1753,46.87300109863281,28670.67,29235.8,28376.81,29232.78,0.020433253675200103,858.989999999998,Silver,SI=F,₹/kg,Precious Metal
2010-09-01,19.358999252319336,19.4950008392334,19.299999237060547,19.358999252319336,397,47.02799987792969,29270.48,29476.11,29181.27,29270.48,0.0012896481278892313,294.84000000000015,Silver,SI=F,₹/kg,Precious Metal
2010-09-02,19.63800048828125,19.670000076293945,19.31999969482422,19.3700008392334,325,46.650001525878906,29051.71,29501.66,28976.72,29453.67,0.006258523946310435,524.9399999999987,Silver,SI=F,₹/kg,Precious Metal
2010-09-03,19.915000915527344,19.93000030517578,19.489999771118164,19.915000915527344,218,46.59999847412109,29837.1,29859.58,29200.36,29837.1,0.013018072111217416,659.2200000000012,Silver,SI=F,₹/kg,Precious Metal
2010-09-07,19.882999420166016,20.0,19.584999084472656,19.882999420166016,352,46.51300048828125,29733.54,29908.51,29287.91,29733.54,-0.0034708466975676977,620.5999999999985,Silver,SI=F,₹/kg,Precious Metal
2010-09-08,19.97800064086914,20.110000610351562,19.860000610351562,19.97800064086914,348,46.65999984741211,29970.03,30168.05,29793.01,29970.03,0.007953644268391846,375.0400000000009,Silver,SI=F,₹/kg,Precious Metal
2010-09-09,19.81399917602539,20.030000686645508,19.649999618530273,19.81399917602539,587,46.51800155639648,29633.55,29956.59,29388.27,29633.55,-0.011227215988772743,568.3199999999997,Silver,SI=F,₹/kg,Precious Metal
2010-09-10,19.802000045776367,20.0049991607666,19.674999237060547,19.802000045776367,726,46.303001403808594,29478.72,29780.92,29289.66,29478.72,-0.005224821190846107,491.2599999999984,Silver,SI=F,₹/kg,Precious Metal
2010-09-13,20.110000610351562,20.18000030517578,19.989999771118164,20.110000610351562,59,46.28300094604492,29924.3,30028.46,29745.74,29924.3,0.015115310298411844,282.7199999999975,Silver,SI=F,₹/kg,Precious Metal
2010-09-14,20.400999069213867,20.450000762939453,20.149999618530273,20.400999069213867,318,46.22999954223633,30322.55,30395.39,29949.49,30322.55,0.013308581988551005,445.8999999999978,Silver,SI=F,₹/kg,Precious Metal
2010-09-15,20.54199981689453,20.54199981689453,20.54199981689453,20.54199981689453,103,46.13999938964844,30472.69,30472.69,30472.69,30472.69,0.004951430536020096,0.0,Silver,SI=F,₹/kg,Precious Metal
2010-09-16,20.7450008392334,20.7450008392334,20.7450008392334,20.7450008392334,246,46.20000076293945,30813.84,30813.84,30813.84,30813.84,0.011195270256744605,0.0,Silver,SI=F,₹/kg,Precious Metal
2010-09-17,20.790000915527344,20.959999084472656,20.635000228881836,20.790000915527344,217,46.09999847412109,30813.84,31065.8,30584.11,30813.84,0.0,481.6899999999987,Silver,SI=F,₹/kg,Precious Metal
2010-09-20,20.777000427246094,20.905000686645508,20.739999771118164,20.777000427246094,34,45.87799835205078,30646.28,30835.08,30591.7,30646.28,-0.005437816253994976,243.38000000000102,Silver,SI=F,₹/kg,Precious Metal
2010-09-21,20.6200008392334,20.829999923706055,20.549999237060547,20.6200008392334,207,45.619998931884766,30243.66,30551.67,30140.99,30243.66,-0.013137646722538587,410.67999999999665,Silver,SI=F,₹/kg,Precious Metal
2010-09-22,21.035999298095703,21.135000228881836,20.975000381469727,21.079999923706055,31,45.58000183105469,30891.24,30971.84,30737.37,30826.76,0.019280073906398743,234.47000000000116,Silver,SI=F,₹/kg,Precious Metal
2010-09-23,21.194000244140625,21.194000244140625,21.194000244140625,21.194000244140625,19,45.55799865722656,31043.31,31043.31,31043.31,31043.31,0.007024740842047628,0.0,Silver,SI=F,₹/kg,Precious Metal
2010-09-24,21.382999420166016,21.440000534057617,21.354999542236328,21.382999420166016,130,45.45000076293945,31245.89,31329.19,31204.98,31245.89,0.006525721645017857,124.20999999999913,Silver,SI=F,₹/kg,Precious Metal
2010-09-27,21.454999923706055,21.56999969482422,21.399999618530273,21.56999969482422,73,45.2400016784668,31373.52,31373.52,31126.25,31206.25,-0.0012686468524339967,247.27000000000044,Silver,SI=F,₹/kg,Precious Metal
2010-09-28,21.687999725341797,21.655000686645508,21.309999465942383,21.350000381469727,139,44.93000030517578,30840.74,31281.32,30782.95,31328.99,0.003933186461045457,498.369999999999,Silver,SI=F,₹/kg,Precious Metal
2010-09-29,21.929000854492188,21.75,21.709999084472656,21.709999084472656,13,45.04999923706055,31444.52,31502.46,31444.52,31761.72,0.013812446555091507,57.93999999999869,Silver,SI=F,₹/kg,Precious Metal
2010-09-30,21.79800033569336,21.8799991607666,21.71500015258789,21.8799991607666,3,44.68999862670898,31437.51,31437.51,31200.43,31319.69,-0.013917067463600885,237.0799999999981,Silver,SI=F,₹/kg,Precious Metal
2010-10-01,22.03700065612793,21.959999084472656,21.959999084472656,21.959999084472656,1,44.5629997253418,31462.79,31462.79,31462.79,31573.11,0.008091395540632762,0.0,Silver,SI=F,₹/kg,Precious Metal
2010-10-04,22.01300048828125,22.024999618530273,22.0,22.0049991607666,11,44.41299819946289,31421.14,31449.69,31414.0,31432.56,-0.004451572873245602,35.68999999999869,Silver,SI=F,₹/kg,Precious Metal
2010-10-05,22.714000701904297,22.860000610351562,22.329999923706055,22.329999923706055,16,44.45000076293945,31911.77,32669.2,31911.77,32460.55,0.03270462221339909,757.4300000000003,Silver,SI=F,₹/kg,Precious Metal
2010-10-06,23.020000457763672,23.049999237060547,23.020000457763672,23.049999237060547,4,44.400001525878906,32903.67,32903.67,32860.85,32860.85,0.01233189209671437,42.81999999999971,Silver,SI=F,₹/kg,Precious Metal
2010-10-07,22.565000534057617,23.049999237060547,23.024999618530273,23.049999237060547,4,44.18999862670898,32748.04,32748.04,32712.52,32058.99,-0.024401681636354366,35.52000000000044,Silver,SI=F,₹/kg,Precious Metal
2010-10-08,23.086999893188477,23.2450008392334,23.2450008392334,23.2450008392334,1,44.20000076293945,33032.56,33032.56,33032.56,32808.03,0.02336442913516601,0.0,Silver,SI=F,₹/kg,Precious Metal
2010-10-11,23.33099937438965,23.5049991607666,23.364999771118164,23.364999771118164,4,44.40800094604492,33359.34,33559.22,33359.34,33310.8,0.015324601934343596,199.88000000000466,Silver,SI=F,₹/kg,Precious Metal
2010-10-12,23.128999710083008,23.204999923706055,23.165000915527344,23.170000076293945,3,44.36000061035156,33045.17,33095.09,33038.04,32986.7,-0.009729577194183436,57.049999999995634,Silver,SI=F,₹/kg,Precious Metal
2010-10-13,23.913999557495117,23.913999557495117,23.913999557495117,23.913999557495117,3,44.5,34213.91,34213.91,34213.91,34213.91,0.03720317582540855,0.0,Silver,SI=F,₹/kg,Precious Metal
2010-10-14,24.41699981689453,24.41699981689453,24.41699981689453,24.41699981689453,3,44.34000015258789,34807.95,34807.95,34807.95,34807.95,0.01736252886618317,0.0,Silver,SI=F,₹/kg,Precious Metal
2010-10-15,24.27199935913086,24.350000381469727,24.075000762939453,24.075000762939453,12,44.06800079345703,34109.87,34499.5,34109.87,34388.98,-0.012036618071446181,389.6299999999974,Silver,SI=F,₹/kg,Precious Metal
2010-10-18,24.39699935913086,24.434999465942383,23.915000915527344,24.229999542236328,16,44.15800094604492,34399.59,34690.63,33952.38,34636.68,0.007202888832410714,738.25,Silver,SI=F,₹/kg,Precious Metal
2010-10-19,23.763999938964844,24.30500030517578,23.53499984741211,24.30500030517578,30,44.16999816894531,34515.44,34515.44,33421.97,33747.17,-0.0256811565080719,1093.4700000000012,Silver,SI=F,₹/kg,Precious Metal
2010-10-20,23.847999572753906,24.30500030517578,23.53499984741211,24.30500030517578,30,44.33000183105469,34640.47,34640.47,33543.04,33989.14,0.007170082706194458,1097.4300000000003,Silver,SI=F,₹/kg,Precious Metal
2010-10-21,23.12299919128418,23.844999313354492,23.735000610351562,23.735000610351562,20,44.20000076293945,33728.88,33885.2,33728.88,32859.19,-0.033244442195359936,156.3199999999997,Silver,SI=F,₹/kg,Precious Metal
2010-10-22,23.125,23.125,23.125,23.125,5,44.20000076293945,32862.03,32862.03,32862.03,32862.03,8.642939768144231e-05,0.0,Silver,SI=F,₹/kg,Precious Metal
2010-10-25,23.54400062561035,23.450000762939453,23.34000015258789,23.34000015258789,93,44.52799987792969,33413.69,33571.17,33413.69,33705.74,0.02567431165999179,157.47999999999593,Silver,SI=F,₹/kg,Precious Metal
2010-10-26,23.823999404907227,23.823999404907227,23.823999404907227,23.823999404907227,100,44.25,33893.65,33893.65,33893.65,33893.65,0.005575014819434454,0.0,Silver,SI=F,₹/kg,Precious Metal
2010-10-27,23.398000717163086,23.969999313354492,23.719999313354492,23.969999313354492,52,44.400001525878906,34216.96,34216.96,33860.09,33400.44,-0.01455169331128392,356.8700000000026,Silver,SI=F,₹/kg,Precious Metal
2010-10-28,23.871000289916992,24.0,23.871000289916992,23.871000289916992,25,44.41999816894531,34090.99,34275.22,34090.99,34090.99,0.020674877336945174,184.2300000000032,Silver,SI=F,₹/kg,Precious Metal
2010-10-29,24.559999465942383,24.700000762939453,23.80500030517578,23.875,47,44.41999816894531,34096.7,35274.91,33996.73,35074.97,0.028863344830994953,1278.1800000000003,Silver,SI=F,₹/kg,Precious Metal
2010-11-01,24.54800033569336,24.885000228881836,24.6200008392334,24.864999771118164,7,44.448001861572266,35532.94,35561.52,35182.83,35079.94,0.00014169648612671892,378.68999999999505,Silver,SI=F,₹/kg,Precious Metal
2010-11-02,24.832000732421875,24.84000015258789,24.614999771118164,24.614999771118164,6,44.34000015258789,35090.21,35410.96,35090.21,35399.56,0.00911119004194405,320.75,Silver,SI=F,₹/kg,Precious Metal
2010-11-03,24.43199920654297,24.71500015258789,24.114999771118164,24.71500015258789,47,44.20000076293945,35121.52,35121.52,34268.88,34719.36,-0.01921492809515135,852.6399999999994,Silver,SI=F,₹/kg,Precious Metal
2010-11-04,26.038999557495117,26.038999557495117,25.489999771118164,25.530000686645508,35,44.25,36320.73,37044.86,36263.82,37044.86,0.06697992128887176,781.0400000000009,Silver,SI=F,₹/kg,Precious Metal
2010-11-05,26.743999481201172,26.81999969482422,26.06999969482422,26.31999969482422,35,44.01300048828125,37244.08,37951.61,36890.32,37844.06,0.021573843172844942,1061.2900000000009,Silver,SI=F,₹/kg,Precious Metal
2010-11-08,27.42799949645996,27.5,26.59000015258789,26.59000015258789,33,43.900001525878906,37529.55,38813.93,37529.55,38712.31,0.022942834357624342,1284.3799999999974,Silver,SI=F,₹/kg,Precious Metal
2010-11-09,28.902000427246094,28.902000427246094,26.924999237060547,27.760000228881836,169,44.29999923706055,39537.9,41164.43,38348.63,41164.43,0.06334212554094565,2815.800000000003,Silver,SI=F,₹/kg,Precious Metal
2010-11-10,26.861000061035156,27.655000686645508,26.954999923706055,26.954999923706055,17,44.18999862670898,38296.03,39290.55,38296.03,38162.48,-0.07292582455289665,994.5200000000041,Silver,SI=F,₹/kg,Precious Metal
2010-11-11,27.400999069213867,27.024999618530273,26.985000610351562,26.985000610351562,2,44.2599983215332,38399.38,38456.3,38399.38,38991.35,0.02171950040982651,56.92000000000553,Silver,SI=F,₹/kg,Precious Metal
2010-11-12,25.937999725341797,26.979999542236328,26.03499984741211,26.959999084472656,50,44.2400016784668,38346.47,38374.92,37030.8,36892.84,-0.05381988569259599,1344.1199999999953,Silver,SI=F,₹/kg,Precious Metal
2010-11-15,26.08799934387207,26.399999618530273,25.5,26.399999618530273,11,44.77799987792969,38006.6,38006.6,36710.92,37557.43,0.01801406451766807,1295.6800000000003,Silver,SI=F,₹/kg,Precious Metal
2010-11-16,25.229000091552734,25.364999771118164,25.100000381469727,25.309999465942383,17,45.11000061035156,36707.55,36787.32,36402.98,36590.08,-0.02575655469503635,384.3399999999965,Silver,SI=F,₹/kg,Precious Metal
2010-11-17,25.506999969482422,25.545000076293945,25.05500030517578,25.174999237060547,20,45.18999862670898,36576.51,37114.08,36402.16,37058.87,0.012811942471839366,711.9199999999983,Silver,SI=F,₹/kg,Precious Metal
2010-11-18,26.829999923706055,26.934999465942383,26.34000015258789,26.479999542236328,58,45.108001708984375,38402.72,39062.59,38199.69,38910.31,0.04995942941595355,862.8999999999942,Silver,SI=F,₹/kg,Precious Metal
2010-11-19,27.174999237060547,26.799999237060547,26.475000381469727,26.799999237060547,75,45.150001525878906,38902.99,38902.99,38431.22,39447.34,0.013801740464159717,471.7699999999968,Silver,SI=F,₹/kg,Precious Metal
2010-11-22,27.457000732421875,27.524999618530273,27.174999237060547,27.524999618530273,20,45.26300048828125,40055.4,40055.4,39546.07,39956.45,0.012906066670148153,509.33000000000175,Silver,SI=F,₹/kg,Precious Metal
2010-11-23,27.56800079345703,27.457000732421875,27.457000732421875,27.457000732421875,20,45.29999923706055,39989.11,39989.11,39989.11,40150.77,0.004863294912335725,0.0,Silver,SI=F,₹/kg,Precious Metal
2010-11-24,27.52400016784668,27.469999313354492,27.3799991607666,27.420000076293945,7,45.540000915527344,40146.8,40220.0,40088.23,40299.07,0.003693577981194407,131.7699999999968,Silver,SI=F,₹/kg,Precious Metal
2010-11-26,26.69499969482422,27.389999389648438,27.389999389648438,27.389999389648438,61873,45.55799865722656,40118.72,40118.72,40118.72,39100.74,-0.02973592194559338,0.0,Silver,SI=F,₹/kg,Precious Metal
2010-11-29,27.148000717163086,27.270000457763672,26.450000762939453,26.735000610351562,48884,45.709999084472656,39289.98,40076.22,38871.15,39896.93,0.020362530223213327,1205.0699999999997,Silver,SI=F,₹/kg,Precious Metal
2010-11-30,28.184999465942383,28.354999542236328,26.889999389648438,27.190000534057617,8378,45.79999923706055,40037.33,41752.79,39595.58,41502.47,0.040242194073579096,2157.209999999999,Silver,SI=F,₹/kg,Precious Metal
2010-12-01,28.38800048828125,28.799999237060547,28.020000457763672,28.094999313354492,1602,45.77000045776367,41342.85,42380.28,41232.48,41774.01,0.006542743118662653,1147.7999999999956,Silver,SI=F,₹/kg,Precious Metal
2010-12-02,28.54199981689453,29.014999389648438,28.334999084472656,28.454999923706055,1375,45.22999954223633,41378.58,42192.92,41204.08,41505.1,-0.0064372560833878545,988.8399999999965,Silver,SI=F,₹/kg,Precious Metal
2010-12-03,29.240999221801758,29.415000915527344,28.579999923706055,28.600000381469727,647,45.130001068115234,41497.49,42680.02,41468.47,42427.55,0.0222249795808227,1211.5499999999956,Silver,SI=F,₹/kg,Precious Metal
2010-12-06,29.704999923706055,30.270000457763672,29.4950008392334,29.4950008392334,323,44.91299819946289,42590.32,43709.41,42590.32,42893.55,0.010983429399057831,1119.0900000000038,Silver,SI=F,₹/kg,Precious Metal
2010-12-07,29.74799919128418,30.690000534057617,28.56999969482422,30.149999618530273,447,44.810001373291016,43436.29,44214.25,41160.02,42857.14,-0.0008488455723529853,3054.230000000003,Silver,SI=F,₹/kg,Precious Metal
2010-12-08,28.224000930786133,29.165000915527344,28.010000228881836,28.940000534057617,347,44.5,41404.64,41726.55,40074.08,40380.25,-0.05779410385294026,1652.4700000000012,Silver,SI=F,₹/kg,Precious Metal
2010-12-09,28.788999557495117,28.950000762939453,28.299999237060547,28.299999237060547,174,45.0,40943.92,41884.33,40943.92,41651.39,0.0314792503761121,940.4100000000035,Silver,SI=F,₹/kg,Precious Metal
2010-12-10,28.576000213623047,28.954999923706055,28.09000015258789,28.790000915527344,201,45.04999923706055,41699.12,41938.1,40685.25,41389.16,-0.00629582830248876,1252.8499999999985,Silver,SI=F,₹/kg,Precious Metal
2010-12-13,29.599000930786133,29.655000686645508,28.850000381469727,28.94499969482422,75,44.95000076293945,41830.56,42856.64,41693.27,42775.71,0.033500317474430386,1163.3700000000026,Silver,SI=F,₹/kg,Precious Metal
2010-12-14,29.759000778198242,29.764999389648438,29.290000915527344,29.59000015258789,119,44.90999984741211,42724.64,42977.32,42291.48,42968.66,0.004510737519026753,685.8399999999965,Silver,SI=F,₹/kg,Precious Metal
2010-12-15,29.225000381469727,29.225000381469727,28.799999237060547,29.0,34,44.90999984741211,41872.75,42197.63,41583.97,42197.63,-0.017944008493632424,613.6599999999962,Silver,SI=F,₹/kg,Precious Metal
2010-12-16,28.756999969482422,29.020000457763672,28.399999618530273,29.020000457763672,61,45.25,42218.85,42218.85,41316.86,41836.23,-0.008564462032583209,901.989999999998,Silver,SI=F,₹/kg,Precious Metal
2010-12-17,29.113000869750977,29.25,28.75,29.06999969482422,24,45.25,42291.59,42553.46,41826.05,42354.15,0.01237970056097315,727.4099999999962,Silver,SI=F,₹/kg,Precious Metal
2010-12-20,29.334999084472656,29.364999771118164,28.829999923706055,29.364999771118164,127,45.167999267578125,42643.35,42643.35,41866.43,42599.78,0.00579943169677577,776.9199999999983,Silver,SI=F,₹/kg,Precious Metal
2010-12-21,29.375999450683594,29.5049991607666,29.200000762939453,29.280000686645508,61,45.2599983215332,42606.52,42933.92,42490.11,42746.21,0.003437341695191831,443.8099999999977,Silver,SI=F,₹/kg,Precious Metal
2010-12-22,29.367000579833984,29.399999618530273,29.25,29.350000381469727,47,45.18000030517578,42632.89,42705.52,42487.63,42657.58,-0.0020734001915022615,217.88999999999942,Silver,SI=F,₹/kg,Precious Metal
2010-12-23,29.309999465942383,29.309999465942383,29.049999237060547,29.25,171,44.95000076293945,42271.34,42358.05,41982.3,42358.05,-0.007021729784014941,375.75,Silver,SI=F,₹/kg,Precious Metal
2010-12-27,29.235000610351562,29.264999389648438,28.860000610351562,28.8700008392334,71,45.0099983215332,41777.86,42349.47,41763.39,42306.06,-0.0012273936123122775,586.0800000000017,Silver,SI=F,₹/kg,Precious Metal
2010-12-28,30.297000885009766,30.299999237060547,29.545000076293945,29.575000762939453,109,45.09999847412109,42883.65,43934.89,42840.15,43930.55,0.03839851784827064,1094.739999999998,Silver,SI=F,₹/kg,Precious Metal
2010-12-29,30.679000854492188,30.614999771118164,30.34000015258789,30.354999542236328,542,44.95000076293945,43868.26,44244.0,43846.58,44336.49,0.00924049437122898,397.41999999999825,Silver,SI=F,₹/kg,Precious Metal
2010-12-30,30.488000869750977,30.899999618530273,30.424999237060547,30.854999542236328,203,44.91999816894531,44561.08,44626.07,43940.07,44031.06,-0.006888907985273529,686.0,Silver,SI=F,₹/kg,Precious Metal
2010-12-31,30.90999984741211,30.899999618530273,30.739999771118164,30.739999771118164,22,44.810001373291016,44286.28,44516.79,44286.28,44531.2,0.01135879990170574,230.51000000000204,Silver,SI=F,₹/kg,Precious Metal
2011-01-03,31.09600067138672,31.19499969482422,30.614999771118164,30.854999542236328,50,44.81800079345703,44459.9,44949.81,44114.07,44807.16,0.006197003449267102,835.739999999998,Silver,SI=F,₹/kg,Precious Metal
2011-01-04,29.492000579833984,30.450000762939453,29.46500015258789,30.450000762939453,51,44.61000061035156,43672.69,43672.69,42259.96,42298.69,-0.05598368653581265,1412.7300000000032,Silver,SI=F,₹/kg,Precious Metal
2011-01-05,29.17300033569336,29.78499984741211,28.719999313354492,29.7549991607666,121,44.900001525878906,42953.32,42996.63,41459.23,42113.17,-0.004385951432538504,1537.3999999999942,Silver,SI=F,₹/kg,Precious Metal
2011-01-06,29.110000610351562,29.344999313354492,28.81999969482422,29.325000762939453,196,45.209999084472656,42624.86,42653.93,41890.82,42312.35,0.00472963683332317,763.1100000000006,Silver,SI=F,₹/kg,Precious Metal
2011-01-07,28.660999298095703,29.280000686645508,28.424999237060547,28.969999313354492,99,45.18000030517578,42080.91,42531.21,41289.26,41632.07,-0.016077575459647053,1241.949999999997,Silver,SI=F,₹/kg,Precious Metal
2011-01-10,28.85099983215332,29.020000457763672,28.899999618530273,28.899999618530273,8,45.358001708984375,42144.62,42319.62,42144.62,42073.17,0.01059519740430881,175.0,Silver,SI=F,₹/kg,Precious Metal
2011-01-11,29.489999771118164,29.649999618530273,29.399999618530273,29.649999618530273,15,45.310001373291016,43192.59,43192.59,42828.4,42959.51,0.02106663225043426,364.18999999999505,Silver,SI=F,₹/kg,Precious Metal
2011-01-12,29.531999588012695,29.809999465942383,29.531999588012695,29.799999237060547,43,45.09799957275391,43207.98,43222.48,42819.4,42819.4,-0.003261443158918742,403.08000000000175,Silver,SI=F,₹/kg,Precious Metal
2011-01-13,29.25200080871582,29.479999542236328,28.579999923706055,29.434999465942383,13,44.90999984741211,42500.84,42565.82,41266.32,42236.61,-0.013610419576173483,1299.5,Silver,SI=F,₹/kg,Precious Metal
2011-01-14,28.30900001525879,28.864999771118164,28.100000381469727,28.864999771118164,68,44.959999084472656,41724.23,41724.23,40618.42,40920.53,-0.03115969771248217,1105.810000000005,Silver,SI=F,₹/kg,Precious Metal
2011-01-18,28.900999069213867,28.924999237060547,28.05500030517578,28.174999237060547,86,45.43999862670898,41161.64,42257.33,40986.33,42222.27,0.03181141593229597,1271.0,Silver,SI=F,₹/kg,Precious Metal
2011-01-19,28.79199981689453,29.325000762939453,28.889999389648438,29.309999465942383,10,45.31999969482422,42706.71,42728.57,42094.74,41951.95,-0.006402308544756097,633.8300000000017,Silver,SI=F,₹/kg,Precious Metal
2011-01-20,27.458999633789062,28.604999542236328,27.405000686645508,28.604999542236328,76,45.29999923706055,41661.08,41661.08,39913.37,39992.02,-0.046718448129348,1747.7099999999991,Silver,SI=F,₹/kg,Precious Metal
2011-01-21,27.416000366210938,27.325000762939453,27.09000015258789,27.174999237060547,53,45.77799987792969,39996.02,40216.79,39870.92,40350.73,0.00896953942311507,345.8700000000026,Silver,SI=F,₹/kg,Precious Metal
2011-01-24,27.31800079345703,27.459999084472656,26.954999923706055,27.174999237060547,168,45.5880012512207,39830.02,40247.74,39507.57,40039.62,-0.0077101455165743404,740.1699999999983,Silver,SI=F,₹/kg,Precious Metal
2011-01-25,26.81100082397461,26.950000762939453,26.565000534057617,26.915000915527344,77,45.45000076293945,39329.53,39380.67,38818.09,39177.56,-0.02153017436229432,562.5800000000017,Silver,SI=F,₹/kg,Precious Metal
2011-01-26,27.131999969482422,27.024999618530273,26.684999465942383,27.024999618530273,49,45.61000061035156,39629.28,39629.28,39130.71,39786.19,0.015535168601618077,498.5699999999997,Silver,SI=F,₹/kg,Precious Metal
2011-01-27,27.045000076293945,27.684999465942383,27.40999984741211,27.684999465942383,184,45.45000076293945,40454.69,40454.69,40052.84,39519.49,-0.006703330979920485,401.8500000000058,Silver,SI=F,₹/kg,Precious Metal
2011-01-28,27.93400001525879,27.950000762939453,26.5049991607666,26.69499969482422,64,45.6879997253418,39212.32,41055.79,38933.22,41032.29,0.038279846222711855,2122.5699999999997,Silver,SI=F,₹/kg,Precious Metal
2011-01-31,28.173999786376953,28.1299991607666,27.774999618530273,27.774999618530273,44,45.8380012512207,40932.68,41455.85,40932.68,41520.69,0.011902820924691193,523.1699999999983,Silver,SI=F,₹/kg,Precious Metal
2011-02-01,28.52400016784668,28.625,27.9950008392334,27.9950008392334,121,45.79999923706055,41222.7,42150.37,41222.7,42001.65,0.011583622526504245,927.6700000000055,Silver,SI=F,₹/kg,Precious Metal
2011-02-02,28.298999786376953,28.53499984741211,28.219999313354492,28.219999313354492,20,45.40999984741211,41200.16,41660.05,41200.16,41315.5,-0.0163362629801449,459.8899999999994,Silver,SI=F,₹/kg,Precious Metal
2011-02-03,28.732999801635742,28.905000686645508,28.295000076293945,28.295000076293945,39,45.45000076293945,41346.05,42237.41,41346.05,41986.08,0.016230712444482043,891.3600000000006,Silver,SI=F,₹/kg,Precious Metal
2011-02-04,29.06399917602539,29.155000686645508,28.790000915527344,28.875,21,45.560001373291016,42295.69,42705.83,42171.19,42572.54,0.013967962715261795,534.6399999999994,Silver,SI=F,₹/kg,Precious Metal
2011-02-07,29.347999572753906,29.290000915527344,29.135000228881836,29.135000228881836,4,45.608001708984375,42721.5,42948.78,42721.5,43033.83,0.010835388257313339,227.27999999999884,Silver,SI=F,₹/kg,Precious Metal
2011-02-08,30.270999908447266,30.094999313354492,29.8700008392334,29.8700008392334,3,45.310001373291016,43513.07,43840.84,43513.07,44097.23,0.024710791486604933,327.7699999999968,Silver,SI=F,₹/kg,Precious Metal
2011-02-09,30.273000717163086,30.273000717163086,30.06999969482422,30.204999923706055,230,45.150001525878906,43845.7,43944.41,43649.74,43944.41,-0.00346552379820686,294.67000000000553,Silver,SI=F,₹/kg,Precious Metal
2011-02-10,30.090999603271484,29.850000381469727,29.850000381469727,29.850000381469727,56,45.34999847412109,43522.32,43522.32,43522.32,43873.71,-0.0016088508185684303,0.0,Silver,SI=F,₹/kg,Precious Metal
2011-02-11,29.992000579833984,30.149999618530273,30.149999618530273,30.149999618530273,1,45.630001068115234,44231.15,44231.15,44231.15,43999.36,0.0028639018674281314,0.0,Silver,SI=F,₹/kg,Precious Metal
2011-02-14,30.52899932861328,30.40999984741211,30.399999618530273,30.40999984741211,39,45.608001708984375,44591.07,44591.07,44576.41,44765.56,0.017413889656576753,14.659999999996217,Silver,SI=F,₹/kg,Precious Metal
2011-02-15,30.69300079345703,30.795000076293945,30.780000686645508,30.780000686645508,10,45.34999847412109,44878.29,44900.16,44878.29,44751.44,-0.0003154210513617306,21.87000000000262,Silver,SI=F,₹/kg,Precious Metal
2011-02-16,30.6299991607666,30.600000381469727,30.5,30.600000381469727,10,45.40999984741211,44674.88,44674.88,44528.88,44718.67,-0.0007322669393432513,146.0,Silver,SI=F,₹/kg,Precious Metal
2011-02-17,31.57200050354004,30.709999084472656,30.635000228881836,30.700000762939453,37,45.310001373291016,44722.17,44736.74,44627.48,45992.46,0.028484523354563196,109.25999999999476,Silver,SI=F,₹/kg,Precious Metal
2011-02-18,32.29800033569336,32.64500045776367,31.639999389648438,31.649999618530273,77,45.209999084472656,46004.32,47450.59,45989.79,46946.21,0.020737094732484307,1460.7999999999956,Silver,SI=F,₹/kg,Precious Metal
2011-02-22,32.86399841308594,34.0099983215332,33.060001373291016,33.400001525878906,31,44.917999267578125,48234.45,49115.37,47743.44,47460.38,0.01095232181681971,1371.9300000000003,Silver,SI=F,₹/kg,Precious Metal
2011-02-23,33.301998138427734,33.654998779296875,33.07500076293945,33.07500076293945,23,45.150001525878906,48011.81,48853.74,48011.81,48341.32,0.018561587581051864,841.9300000000003,Silver,SI=F,₹/kg,Precious Metal
2011-02-24,33.17900085449219,33.560001373291016,33.560001373291016,33.560001373291016,83200,45.04999923706055,48607.94,48607.94,48607.94,48056.1,-0.005900128502904001,0.0,Silver,SI=F,₹/kg,Precious Metal
2011-02-25,32.89799880981445,33.375,32.03499984741211,32.06999969482422,37642,45.400001525878906,46810.71,48715.55,46759.63,48019.3,-0.0007657716710260942,1955.9200000000055,Silver,SI=F,₹/kg,Precious Metal
2011-02-28,33.80400085449219,33.96500015258789,33.25,33.34000015258789,4514,45.25,48503.67,49412.93,48372.74,49178.71,0.02414466683187788,1040.1900000000023,Silver,SI=F,₹/kg,Precious Metal
2011-03-01,34.41600036621094,34.689998626708984,33.82500076293945,33.8849983215332,1737,45.09999847412109,49133.13,50300.38,49046.13,49903.08,0.01472934121289482,1254.25,Silver,SI=F,₹/kg,Precious Metal
2011-03-02,34.82500076293945,34.93000030517578,34.2400016784668,34.70000076293945,913,44.83000183105469,50013.66,50345.17,49350.66,50193.83,0.005826293687684281,994.5099999999948,Silver,SI=F,₹/kg,Precious Metal
2011-03-03,34.3129997253418,34.790000915527344,34.04499816894531,34.58000183105469,526,44.810001373291016,49818.47,50121.01,49047.71,49433.81,-0.015141701679270203,1073.300000000003,Silver,SI=F,₹/kg,Precious Metal
2011-03-04,35.31700134277344,35.619998931884766,34.20000076293945,34.244998931884766,649,44.84999847412109,49379.88,51362.57,49314.99,50925.66,0.030178737993288518,2047.5800000000017,Silver,SI=F,₹/kg,Precious Metal
2011-03-07,35.85499954223633,36.72999954223633,35.650001525878906,35.66999816894531,740,44.90299987792969,51495.45,53025.74,51466.58,51762.53,0.016433169447386486,1559.1599999999962,Silver,SI=F,₹/kg,Precious Metal
2011-03-08,35.65299987792969,36.39500045776367,35.650001525878906,35.814998626708984,659,44.970001220703125,51781.93,52620.51,51543.38,51547.71,-0.004150106264125819,1077.1300000000047,Silver,SI=F,₹/kg,Precious Metal
2011-03-09,36.042999267578125,36.39500045776367,35.65999984741211,36.029998779296875,439,44.900001525878906,52011.7,52538.6,51477.58,52030.47,0.00936530449170303,1061.0199999999968,Silver,SI=F,₹/kg,Precious Metal
2011-03-10,35.06399917602539,36.17499923706055,34.77000045776367,35.94499969482422,162,44.869998931884766,51854.32,52186.12,50159.27,50583.39,-0.02781216467965797,2026.8500000000058,Silver,SI=F,₹/kg,Precious Metal
2011-03-11,35.93299865722656,36.060001373291016,34.06999969482422,35.165000915527344,234,45.11000061035156,51000.44,52298.47,49412.34,52114.28,0.03026467779245312,2886.1300000000047,Silver,SI=F,₹/kg,Precious Metal
2011-03-14,35.82500076293945,36.32500076293945,35.599998474121094,36.26499938964844,1001,45.23799896240234,52745.02,52832.29,51777.82,52105.08,-0.00017653510707615894,1054.4700000000012,Silver,SI=F,₹/kg,Precious Metal
2011-03-15,34.11600112915039,35.79999923706055,33.599998474121094,35.79999923706055,530,44.95000076293945,51737.23,51737.23,48557.84,49303.56,-0.05376673445276359,3179.3900000000067,Silver,SI=F,₹/kg,Precious Metal
2011-03-16,34.47100067138672,34.939998626708984,33.900001525878906,34.349998474121094,235,45.15999984741211,49873.64,50730.28,49220.28,50049.33,0.015126088258129888,1510.0,Silver,SI=F,₹/kg,Precious Metal
2011-03-17,34.2599983215332,34.599998474121094,33.70000076293945,33.79999923706055,239,45.02000045776367,48922.95,50080.89,48778.21,49588.76,-0.009202320990111201,1302.6800000000003,Silver,SI=F,₹/kg,Precious Metal
2011-03-18,35.060001373291016,35.220001220703125,34.80500030517578,34.834999084472656,64,45.04999923706055,50454.63,51012.26,50411.18,50780.52,0.024032865512265245,601.0800000000017,Silver,SI=F,₹/kg,Precious Metal
2011-03-21,36.00199890136719,36.15999984741211,35.70500183105469,35.75,105,44.99800109863281,51720.14,52313.29,51655.04,52084.71,0.025682879970508443,658.25,Silver,SI=F,₹/kg,Precious Metal
2011-03-22,36.270999908447266,36.404998779296875,35.83000183105469,36.189998626708984,266,44.90999984741211,52254.3,52564.74,51734.51,52371.26,0.005501614581323366,830.2299999999959,Silver,SI=F,₹/kg,Precious Metal
2011-03-23,37.20199966430664,37.400001525878906,36.25,36.25,320,44.84999847412109,52271.01,53929.26,52271.01,53643.75,0.024297486827699055,1658.25,Silver,SI=F,₹/kg,Precious Metal
2011-03-24,37.38800048828125,38.130001068115234,37.11000061035156,37.29999923706055,494,44.75,53665.14,54859.3,53391.78,53791.75,0.0027589420948386234,1467.520000000004,Silver,SI=F,₹/kg,Precious Metal
2011-03-25,37.05799865722656,37.625,37.0,37.435001373291016,81,44.59999847412109,53678.84,53951.28,53055.08,53138.25,-0.012148703100382519,896.1999999999971,Silver,SI=F,₹/kg,Precious Metal
2011-03-28,37.09700012207031,37.21500015258789,36.45000076293945,37.18000030517578,202,44.69300079345703,53424.36,53474.65,52375.42,53305.1,0.003139922748679025,1099.2300000000032,Silver,SI=F,₹/kg,Precious Metal
2011-03-29,36.97700119018555,37.15999984741211,36.61000061035156,36.650001525878906,256,44.70000076293945,52671.05,53403.99,52613.56,53140.99,-0.003078692282727169,790.4300000000003,Silver,SI=F,₹/kg,Precious Metal
2011-03-30,37.500999450683594,37.63999938964844,36.959999084472656,37.04999923706055,215,44.65999984741211,53198.25,54045.4,53069.02,53845.82,0.013263396109105319,976.3800000000047,Silver,SI=F,₹/kg,Precious Metal
2011-03-31,37.87200164794922,37.91999816894531,37.3650016784668,37.3650016784668,63,44.61000061035156,53590.48,54386.48,53590.48,54317.64,0.008762425755611147,796.0,Silver,SI=F,₹/kg,Precious Metal
2011-04-01,37.73699951171875,37.775001525878906,37.18000030517578,37.5,49,44.45000076293945,53591.2,53984.2,53133.89,53929.89,-0.007138564930287861,850.3099999999977,Silver,SI=F,₹/kg,Precious Metal
2011-04-04,38.48400115966797,38.5099983215332,38.32500076293945,38.32500076293945,18,44.448001861572266,54767.74,55032.11,54767.74,54994.96,0.01974915951061651,264.3700000000026,Silver,SI=F,₹/kg,Precious Metal
2011-04-05,39.17499923706055,39.30500030517578,38.29999923706055,38.70500183105469,45,44.31800079345703,55149.01,56003.92,54571.94,55818.68,0.01497809981132825,1431.979999999996,Silver,SI=F,₹/kg,Precious Metal
2011-04-06,39.38399887084961,39.71500015258789,39.400001525878906,39.53499984741211,29,44.29999923706055,56308.75,56565.12,56116.48,56093.68,0.004926666126823465,448.6399999999994,Silver,SI=F,₹/kg,Precious Metal
2011-04-07,39.54199981689453,39.66999816894531,39.459999084472656,39.560001373291016,49,44.04999923706055,56026.39,56182.17,55884.76,56000.9,-0.0016540187771598713,297.4099999999962,Silver,SI=F,₹/kg,Precious Metal
2011-04-08,40.599998474121094,40.92499923706055,39.845001220703125,39.845001220703125,65,44.09999847412109,56494.07,58025.34,56494.07,57564.54,0.02792169411563017,1531.2699999999968,Silver,SI=F,₹/kg,Precious Metal
2011-04-11,40.604000091552734,41.724998474121094,39.834999084472656,40.970001220703125,19,44.0629997253418,58040.41,59109.98,56432.5,57521.91,-0.0007405600739621709,2677.480000000003,Silver,SI=F,₹/kg,Precious Metal
2011-04-12,40.05799865722656,40.775001525878906,39.900001525878906,40.2599983215332,20,44.2599983215332,57289.57,58022.42,56777.3,57002.13,-0.00903620898541102,1245.1199999999953,Silver,SI=F,₹/kg,Precious Metal
2011-04-13,40.23500061035156,40.70500183105469,40.209999084472656,40.209999084472656,13,44.1879997253418,57125.35,57828.58,57125.35,57160.86,0.002784632784774921,703.2300000000032,Silver,SI=F,₹/kg,Precious Metal
2011-04-14,41.6609992980957,41.849998474121094,40.7400016784668,41.23500061035156,22,44.41999816894531,58889.11,59767.41,58182.18,59497.49,0.04087814633999565,1585.2300000000032,Silver,SI=F,₹/kg,Precious Metal
2011-04-15,42.566001892089844,42.790000915527344,42.5,42.5,8,44.41999816894531,60695.7,61109.86,60695.7,60789.96,0.02172310126023813,414.1600000000035,Silver,SI=F,₹/kg,Precious Metal
2011-04-18,42.957000732421875,42.939998626708984,42.75,42.939998626708984,31,44.27299880981445,61121.13,61121.13,60850.69,61145.33,0.005845866652980147,270.43999999999505,Silver,SI=F,₹/kg,Precious Metal
2011-04-19,43.91899871826172,43.2400016784668,43.05500030517578,43.05500030517578,10,44.36000061035156,61405.26,61669.11,61405.26,62637.5,0.02440366255280657,263.84999999999854,Silver,SI=F,₹/kg,Precious Metal
2011-04-20,44.46500015258789,45.31999969482422,44.46500015258789,44.599998474121094,68,44.40999984741211,63680.44,64708.47,63487.69,63487.69,0.013573179006186376,1220.7799999999988,Silver,SI=F,₹/kg,Precious Metal
2011-04-21,46.0620002746582,46.27000045776367,45.09000015258789,45.119998931884766,57,44.2599983215332,64205.3,65841.74,64162.62,65545.76,0.032416835452667936,1679.1200000000026,Silver,SI=F,₹/kg,Precious Metal
2011-04-25,47.1510009765625,49.10499954223633,45.935001373291016,47.23500061035156,84,44.26800155639648,67227.08,69888.55,65376.86,67107.53,0.023827170514156837,4511.690000000002,Silver,SI=F,₹/kg,Precious Metal
2011-04-26,45.05799865722656,46.14500045776367,44.7599983215332,46.11000061035156,75,44.40999984741211,65836.44,65886.41,63908.89,64334.38,-0.041323976608884316,1977.520000000004,Silver,SI=F,₹/kg,Precious Metal
2011-04-27,45.9640007019043,45.89500045776367,44.89500045776367,45.2400016784668,170297,44.40999984741211,64594.24,65529.46,64101.65,65627.98,0.020107444884057246,1427.8099999999977,Silver,SI=F,₹/kg,Precious Metal
2011-04-28,47.52000045776367,49.52000045776367,47.244998931884766,47.82500076293945,40534,44.33000183105469,68162.13,70577.91,67335.49,67727.43,0.03199016638939667,3242.4199999999983,Silver,SI=F,₹/kg,Precious Metal
2011-04-29,48.58399963378906,49.189998626708984,47.540000915527344,48.459999084472656,3975,44.29999923706055,69020.41,70060.13,67710.08,69197.02,0.02169859390796325,2350.050000000003,Silver,SI=F,₹/kg,Precious Metal
2011-05-02,46.077999114990234,48.084999084472656,42.189998626708984,47.970001220703125,3936,44.24800109863281,68242.33,68405.92,60019.67,65550.76,-0.0526938876847588,8386.25,Silver,SI=F,₹/kg,Precious Metal
2011-05-03,42.57600021362305,45.42499923706055,40.845001220703125,43.89500045776367,1682,44.220001220703125,62405.7,64580.9,58069.5,60530.47,-0.07658629739761968,6511.4000000000015,Silver,SI=F,₹/kg,Precious Metal
2011-05-04,39.382999420166016,42.255001068115234,38.97999954223633,41.5,990,44.40999984741211,59254.22,60332.22,55656.13,56231.54,-0.07102092549421801,4676.090000000004,Silver,SI=F,₹/kg,Precious Metal
2011-05-05,36.23099899291992,39.52000045776367,34.439998626708984,39.21500015258789,963,44.31999969482422,55878.2,56312.8,49074.21,51626.24,-0.08189887739158497,7238.590000000004,Silver,SI=F,₹/kg,Precious Metal
2011-05-06,35.28300094604492,36.32500076293945,33.53499984741211,34.81999969482422,479,44.70000076293945,50041.09,52203.98,48194.37,50706.48,-0.017815746411127265,4009.6100000000006,Silver,SI=F,₹/kg,Precious Metal
2011-05-09,37.11000061035156,37.93000030517578,35.540000915527344,35.540000915527344,283,44.72299957275391,51102.11,54538.63,51102.11,53359.57,0.05232250394821336,3436.519999999997,Silver,SI=F,₹/kg,Precious Metal
2011-05-10,38.47999954223633,38.69499969482422,37.6150016784668,37.70000076293945,171,44.61000061035156,54070.95,55498.02,53949.04,55189.66,0.03429731536442304,1548.979999999996,Silver,SI=F,₹/kg,Precious Metal
2011-05-11,35.50899887084961,39.380001068115234,35.025001525878906,38.83000183105469,332,44.61000061035156,55691.65,56480.48,50234.35,50928.52,-0.07720902792298423,6246.130000000005,Silver,SI=F,₹/kg,Precious Metal
2011-05-12,34.792999267578125,35.150001525878906,32.595001220703125,34.845001220703125,131,44.58000183105469,49942.58,50379.73,46717.71,49868.05,-0.02082271387426915,3662.020000000004,Silver,SI=F,₹/kg,Precious Metal
2011-05-13,35.01100158691406,36.404998779296875,34.025001525878906,34.494998931884766,297,44.709999084472656,49585.1,52330.65,48909.5,50326.84,0.009200079008503392,3421.1500000000015,Silver,SI=F,₹/kg,Precious Metal
2011-05-16,34.12900161743164,35.224998474121094,33.505001068115234,35.21500015258789,91,44.858001708984375,50787.64,50802.06,48321.45,49221.4,-0.021965217764516765,2480.6100000000006,Silver,SI=F,₹/kg,Precious Metal
2011-05-17,33.487998962402344,34.150001525878906,33.095001220703125,33.75,24,44.959999084472656,48785.47,49363.67,47838.67,48406.75,-0.016550727935410237,1525.0,Silver,SI=F,₹/kg,Precious Metal
2011-05-18,35.09400177001953,35.18000030517578,34.439998626708984,34.439998626708984,34,45.0099983215332,49838.22,50909.08,49838.22,50784.63,0.04912290124827634,1070.8600000000006,Silver,SI=F,₹/kg,Precious Metal
2011-05-19,34.926998138427734,35.69499969482422,34.599998474121094,35.400001525878906,58,44.959999084472656,51170.54,51596.96,50014.14,50486.82,-0.005864175834302543,1582.8199999999997,Silver,SI=F,₹/kg,Precious Metal
2011-05-20,35.082000732421875,35.220001220703125,34.2599983215332,34.654998779296875,67,44.84999847412109,49971.08,50785.79,49401.51,50586.8,0.001980318823803895,1384.2799999999988,Silver,SI=F,₹/kg,Precious Metal
2011-05-23,34.9010009765625,35.10499954223633,34.39500045776367,34.61000061035156,41,44.99300003051758,50065.32,50781.36,49754.31,50486.27,-0.001987277313449498,1027.050000000003,Silver,SI=F,₹/kg,Precious Metal
2011-05-24,36.12099838256836,36.65999984741211,35.0,35.0,104,45.150001525878906,50806.15,53215.81,50806.15,52433.39,0.038567317411248636,2409.659999999996,Silver,SI=F,₹/kg,Precious Metal
2011-05-25,37.63999938964844,37.70000076293945,36.650001525878906,36.650001525878906,151,45.15999984741211,53213.08,54737.6,53213.08,54650.48,0.04228393395887631,1524.5199999999968,Silver,SI=F,₹/kg,Precious Metal
2011-05-26,37.32600021362305,38.82500076293945,36.93000030517578,38.189998626708984,833,45.22999954223633,55534.99,56458.39,53702.73,54278.58,-0.006805063743264506,2755.659999999996,Silver,SI=F,₹/kg,Precious Metal
2011-05-27,37.856998443603516,38.150001525878906,37.400001525878906,37.400001525878906,350,45.18999862670898,54338.09,55427.76,54338.09,55002.06,0.013329014871059641,1089.6700000000055,Silver,SI=F,₹/kg,Precious Metal
2011-05-31,38.303001403808594,38.650001525878906,37.845001220703125,38.32500076293945,55,45.08300018310547,55550.17,56021.25,54854.44,55518.29,0.009385648464802943,1166.8099999999977,Silver,SI=F,₹/kg,Precious Metal
2011-06-01,37.68899917602539,38.334999084472656,36.474998474121094,38.224998474121094,439,44.959999084472656,55254.06,55413.07,52724.44,54479.28,-0.018714733468916278,2688.6299999999974,Silver,SI=F,₹/kg,Precious Metal
2011-06-02,36.20000076293945,37.25,35.65999984741211,36.790000915527344,185,44.7599983215332,52943.21,53605.18,51317.07,52094.16,-0.04378031427728113,2288.1100000000006,Silver,SI=F,₹/kg,Precious Metal
2011-06-03,36.1870002746582,36.209999084472656,35.17499923706055,36.18000030517578,436,44.7599983215332,52065.38,52108.55,50619.12,52075.46,-0.000358965381148324,1489.4300000000003,Silver,SI=F,₹/kg,Precious Metal
2011-06-06,36.7760009765625,37.275001525878906,36.52000045776367,36.75,99,44.823001861572266,52960.09,53716.66,52628.64,52997.56,0.017706996731281954,1088.020000000004,Silver,SI=F,₹/kg,Precious Metal
2011-06-07,37.040000915527344,37.439998626708984,36.654998779296875,37.0,152,44.66999816894531,53138.35,53770.27,52642.87,53195.8,0.0037405495649234233,1127.3999999999942,Silver,SI=F,₹/kg,Precious Metal
2011-06-08,36.61899948120117,36.779998779296875,36.099998474121094,36.720001220703125,21,44.61000061035156,52665.4,52751.45,51776.16,52520.53,-0.012694047274408926,975.2899999999936,Silver,SI=F,₹/kg,Precious Metal
2011-06-09,37.42300033569336,37.4900016784668,36.900001525878906,37.01499938964844,48,44.65999984741211,53148.0,53830.03,52982.88,53733.82,0.023101252024684493,847.1500000000015,Silver,SI=F,₹/kg,Precious Metal
2011-06-10,36.32600021362305,37.83000183105469,36.400001525878906,37.650001525878906,24,44.59999847412109,53987.13,54245.24,52194.73,52088.62,-0.03061758869925868,2050.5099999999948,Silver,SI=F,₹/kg,Precious Metal
2011-06-13,34.736000061035156,36.04999923706055,34.736000061035156,36.04999923706055,43,44.72299957275391,51835.42,51835.42,49946.05,49946.05,-0.04113316881883222,1889.3699999999953,Silver,SI=F,₹/kg,Precious Metal
2011-06-14,35.40999984741211,35.45500183105469,34.619998931884766,34.959999084472656,23,44.79999923706055,50354.68,51067.66,49864.96,51002.84,0.021158630161944636,1202.7000000000044,Silver,SI=F,₹/kg,Precious Metal
2011-06-15,35.40599822998047,35.79999923706055,35.09000015258789,35.650001525878906,15,44.73899841308594,51278.61,51494.37,50473.11,50927.64,-0.0014744276985358962,1021.260000000002,Silver,SI=F,₹/kg,Precious Metal
2011-06-16,35.553001403808594,35.650001525878906,35.349998474121094,35.650001525878906,7,44.709999084472656,51245.37,51245.37,50814.13,51105.94,0.0035010457975277465,431.24000000000524,Silver,SI=F,₹/kg,Precious Metal
2011-06-17,35.73899841308594,35.80500030517578,35.19499969482422,35.19499969482422,12,44.79999923706055,50693.16,51571.78,50693.16,51476.71,0.0072549296617965275,878.6199999999953,Silver,SI=F,₹/kg,Precious Metal
2011-06-20,36.064998626708984,36.06999969482422,35.72999954223633,35.79999923706055,14,44.76300048828125,51521.99,51910.57,51421.25,51903.37,0.008288408486090137,489.3199999999997,Silver,SI=F,₹/kg,Precious Metal
2011-06-21,36.37300109863281,36.54999923706055,36.06999969482422,36.06999969482422,21,44.869998931884766,52034.65,52727.1,52034.65,52471.76,0.010950926693199303,692.4499999999971,Silver,SI=F,₹/kg,Precious Metal
2011-06-22,36.73400115966797,36.73400115966797,36.189998626708984,36.189998626708984,20,44.7599983215332,52079.77,52862.63,52079.77,52862.63,0.007449149790287102,782.8600000000006,Silver,SI=F,₹/kg,Precious Metal
2011-06-23,35.005001068115234,35.56999969482422,35.005001068115234,35.564998626708984,12,44.75,51168.92,51176.12,50363.23,50363.23,-0.04728103766309011,812.8899999999994,Silver,SI=F,₹/kg,Precious Metal
2011-06-24,34.64099884033203,35.334999084472656,34.935001373291016,35.334999084472656,6,44.84999847412109,50951.61,50951.61,50374.83,49950.89,-0.008187322377853912,576.7799999999988,Silver,SI=F,₹/kg,Precious Metal
2011-06-27,33.58000183105469,33.95500183105469,33.58000183105469,33.95500183105469,14,44.98799896240234,49112.37,49112.37,48569.97,48569.97,-0.027645553462610994,542.4000000000015,Silver,SI=F,₹/kg,Precious Metal
2011-06-28,33.632999420166016,34.03499984741211,33.724998474121094,33.724998474121094,60150,44.95000076293945,48738.49,49186.5,48738.49,48605.54,0.0007323455213170682,448.01000000000204,Silver,SI=F,₹/kg,Precious Metal
2011-06-29,34.75,34.93000030517578,33.849998474121094,33.904998779296875,33621,44.93999862670898,48987.72,50468.7,48908.25,50208.62,0.03298142557412187,1560.449999999997,Silver,SI=F,₹/kg,Precious Metal
2011-06-30,34.8120002746582,35.13999938964844,34.45000076293945,34.8849983215332,2964,44.7599983215332,50201.79,50568.75,49575.8,50096.74,-0.0022283026301062048,992.9499999999971,Silver,SI=F,₹/kg,Precious Metal
2011-07-01,33.694000244140625,34.68000030517578,33.474998474121094,34.68000030517578,1803,44.59299850463867,49720.58,49720.58,47992.98,48306.96,-0.03572647641343529,1727.5999999999985,Silver,SI=F,₹/kg,Precious Metal
2011-07-05,35.402000427246094,35.650001525878906,33.83000183105469,33.83000183105469,1252,44.41999816894531,48313.78,50912.98,48313.78,50558.8,0.04661522894423498,2599.2000000000044,Silver,SI=F,₹/kg,Precious Metal
2011-07-06,35.9109992980957,36.19499969482422,35.119998931884766,35.435001373291016,1413,44.34000015258789,50514.79,51598.22,50065.74,51193.36,0.0125509307974081,1532.4800000000032,Silver,SI=F,₹/kg,Precious Metal
2011-07-07,36.52799987792969,36.625,35.7400016784668,36.150001525878906,214,44.33000183105469,51522.45,52199.44,50938.1,52061.19,0.01695200315040868,1261.3400000000038,Silver,SI=F,₹/kg,Precious Metal
2011-07-08,36.5359992980957,36.81999969482422,36.08000183105469,36.42499923706055,280,44.33000183105469,51914.39,52477.36,51422.68,52072.59,0.00021897309685003918,1054.6800000000003,Silver,SI=F,₹/kg,Precious Metal
2011-07-11,35.68899917602539,36.810001373291016,35.625,36.65999984741211,310,44.41299819946289,52347.14,52561.33,50869.26,50960.64,-0.02135384470025392,1692.0699999999997,Silver,SI=F,₹/kg,Precious Metal
2011-07-12,35.62900161743164,36.38999938964844,34.849998474121094,35.845001220703125,278,44.34999847412109,51110.8,51887.9,49692.04,50802.81,-0.00309709611182285,2195.8600000000006,Silver,SI=F,₹/kg,Precious Metal
2011-07-13,38.14799880981445,38.185001373291016,36.130001068115234,36.13999938964844,384,44.560001373291016,51775.44,54705.18,51761.11,54652.17,0.07577061190119205,2944.0699999999997,Silver,SI=F,₹/kg,Precious Metal
2011-07-14,38.68899917602539,39.35499954223633,38.099998474121094,38.52000045776367,368,44.45000076293945,55048.88,56242.18,54448.66,55290.4,0.011678035840114065,1793.5199999999968,Silver,SI=F,₹/kg,Precious Metal
2011-07-15,39.0629997253418,39.30500030517578,37.90999984741211,38.3849983215332,234,44.400001525878906,54794.24,56107.54,54116.19,55762.09,0.008531137412642886,1991.3499999999985,Silver,SI=F,₹/kg,Precious Metal
2011-07-18,40.33300018310547,40.66999816894531,39.63999938964844,39.77000045776367,545,44.507999420166016,56909.41,58197.28,56723.39,57715.04,0.03502289817329318,1473.8899999999994,Silver,SI=F,₹/kg,Precious Metal
2011-07-19,40.21099853515625,40.869998931884766,38.70500183105469,40.33000183105469,665,44.5,57700.38,58472.96,55375.48,57530.12,-0.0032040175316520036,3097.479999999996,Silver,SI=F,₹/kg,Precious Metal
2011-07-20,39.54600143432617,40.060001373291016,38.435001373291016,38.834999084472656,142,44.369998931884766,55399.16,57146.65,54828.55,56413.42,-0.01941070173328341,2318.0999999999985,Silver,SI=F,₹/kg,Precious Metal
2011-07-21,38.9370002746582,40.2599983215332,38.9370002746582,39.88999938964844,64,44.369998931884766,56904.14,57431.96,55544.66,55544.66,-0.015399881801174131,1887.2999999999956,Silver,SI=F,₹/kg,Precious Metal
2011-07-22,40.112998962402344,40.255001068115234,39.189998626708984,39.189998626708984,80,44.29999923706055,55817.37,57334.23,55817.37,57131.98,0.028577364592743848,1516.8600000000006,Silver,SI=F,₹/kg,Precious Metal
2011-07-25,40.354000091552734,40.974998474121094,40.1150016784668,40.45000076293945,97,44.34299850463867,57667.89,58416.35,57190.29,57531.02,0.006984529505191128,1226.0599999999977,Silver,SI=F,₹/kg,Precious Metal
2011-07-26,40.691001892089844,40.900001525878906,40.130001068115234,40.279998779296875,215,44.310001373291016,57382.79,58266.04,57169.1,57968.3,0.0076007691155137724,1096.9400000000023,Silver,SI=F,₹/kg,Precious Metal
2011-07-27,40.553001403808594,41.41999816894531,40.505001068115234,40.94499969482422,492,44.04999923706055,57987.88,58660.59,57364.73,57432.71,-0.009239360133038277,1295.8599999999933,Silver,SI=F,₹/kg,Precious Metal
2011-07-28,39.77899932861328,40.39500045776367,39.435001373291016,40.39500045776367,143,44.02999877929688,57182.97,57182.97,55824.0,56310.96,-0.019531552663978435,1358.9700000000012,Silver,SI=F,₹/kg,Precious Metal
2011-07-29,40.09199905395508,40.380001068115234,39.44499969482422,39.44499969482422,71,44.0099983215332,55812.79,57135.77,55812.79,56728.26,0.007410635513939168,1322.979999999996,Silver,SI=F,₹/kg,Precious Metal
2011-08-01,39.29800033569336,39.81999969482422,39.16999816894531,39.625,53,44.20299911499024,56313.36,56590.49,55666.73,55848.64,-0.015505851933410253,923.7599999999948,Silver,SI=F,₹/kg,Precious Metal
2011-08-02,40.08100128173828,40.869998931884766,39.709999084472656,39.709999084472656,25,44.0629997253418,56255.42,57898.74,56255.42,56781.0,0.01669440831504576,1643.3199999999997,Silver,SI=F,₹/kg,Precious Metal
2011-08-03,41.74700164794922,41.904998779296875,41.08000183105469,41.310001373291016,60,44.26300048828125,58787.7,59634.44,58460.39,59409.59,0.04629347845229903,1174.050000000003,Silver,SI=F,₹/kg,Precious Metal
2011-08-04,39.417999267578125,42.20000076293945,38.98500061035156,41.619998931884766,84,44.3129997253418,59295.76,60122.09,55541.69,56158.59,-0.054721805014981584,4580.399999999994,Silver,SI=F,₹/kg,Precious Metal
2011-08-05,38.196998596191406,39.459999084472656,37.790000915527344,38.91999816894531,31,44.5629997253418,55761.91,56535.59,54142.93,54726.05,-0.025508831329276505,2392.659999999996,Silver,SI=F,₹/kg,Precious Metal
2011-08-08,39.374000549316406,40.21500015258789,38.849998474121094,39.08000183105469,29,44.733001708984375,56204.75,57837.11,55873.96,56627.58,0.034746341093501165,1963.1500000000015,Silver,SI=F,₹/kg,Precious Metal
2011-08-09,37.87699890136719,38.8650016784668,37.21500015258789,38.8650016784668,31,45.00299835205078,56232.91,56232.91,53845.56,54803.39,-0.03221380818322106,2387.350000000006,Silver,SI=F,₹/kg,Precious Metal
2011-08-10,39.32500076293945,39.380001068115234,38.095001220703125,38.29999923706055,16,45.20299911499024,55661.7,57231.27,55363.77,57151.34,0.04284315258599869,1867.5,Silver,SI=F,₹/kg,Precious Metal
2011-08-11,38.65599822998047,38.86000061035156,38.224998474121094,38.224998474121094,248,45.24800109863281,55608.0,56531.78,55608.0,56235.0,-0.016033569816560678,923.7799999999988,Silver,SI=F,₹/kg,Precious Metal
2011-08-12,39.10100173950195,38.72999954223633,38.56999969482422,38.56999969482422,100,45.292999267578125,56165.7,56398.69,56165.7,56938.94,0.012517826976082613,232.99000000000524,Silver,SI=F,₹/kg,Precious Metal
2011-08-15,39.29800033569336,39.470001220703125,39.470001220703125,39.470001220703125,3,45.39300155639648,57603.18,57603.18,57603.18,57352.16,0.00725724785182158,0.0,Silver,SI=F,₹/kg,Precious Metal
2011-08-16,39.82099914550781,40.08000183105469,39.36000061035156,39.775001525878906,309,45.233001708984375,57843.7,58287.25,57240.17,57910.59,0.009736860826165872,1047.0800000000017,Silver,SI=F,₹/kg,Precious Metal
2011-08-17,40.349998474121094,40.30500030517578,39.845001220703125,39.845001220703125,2,45.25299835205078,57971.11,58640.37,57971.11,58705.84,0.013732376064550467,669.260000000002,Silver,SI=F,₹/kg,Precious Metal
2011-08-18,40.6870002746582,40.6870002746582,40.6870002746582,40.6870002746582,2,45.303001403808594,59261.56,59261.56,59261.56,59261.56,0.009466179173996947,0.0,Silver,SI=F,₹/kg,Precious Metal
2011-08-19,42.428001403808594,42.19499969482422,42.07500076293945,42.19499969482422,4,45.709999084472656,62010.13,62010.13,61833.78,62352.55,0.05215843119890873,176.34999999999854,Silver,SI=F,₹/kg,Precious Metal
2011-08-22,43.32099914550781,43.85499954223633,42.95000076293945,43.654998779296875,19,45.66299819946289,64089.79,64383.41,63054.78,63599.44,0.019997417908329318,1328.6300000000047,Silver,SI=F,₹/kg,Precious Metal
2011-08-23,42.28099822998047,44.150001525878906,41.974998474121094,43.95500183105469,94,45.61000061035156,64455.33,64741.27,61551.86,62000.58,-0.025139529530448734,3189.409999999996,Silver,SI=F,₹/kg,Precious Metal
2011-08-24,39.15700149536133,41.44499969482422,40.994998931884766,41.29499816894531,46,45.540000915527344,60461.78,60681.4,60022.54,57331.45,-0.07530784389436362,658.8600000000006,Silver,SI=F,₹/kg,Precious Metal
2011-08-25,40.7400016784668,40.7400016784668,40.7400016784668,40.7400016784668,46,45.93999862670898,60173.11,60173.11,60173.11,60173.11,0.04956546537720574,0.0,Silver,SI=F,₹/kg,Precious Metal
2011-08-26,40.946998596191406,40.946998596191406,40.946998596191406,40.946998596191406,46,46.0099983215332,60571.0,60571.0,60571.0,60571.0,0.006612422060285672,0.0,Silver,SI=F,₹/kg,Precious Metal
2011-08-29,40.54100036621094,40.54100036621094,40.54100036621094,40.54100036621094,43237,46.15299987792969,60156.81,60156.81,60156.81,60156.81,-0.006838090835548427,0.0,Silver,SI=F,₹/kg,Precious Metal
2011-08-30,41.39799880981445,41.66999816894531,40.42499923706055,40.80500030517578,18996,45.84999847412109,60151.04,61426.14,59590.88,61025.19,0.014435273412935379,1835.260000000002,Silver,SI=F,₹/kg,Precious Metal
2011-08-31,41.69900131225586,42.0099983215332,41.150001525878906,41.29499816894531,2300,45.93999862670898,60992.84,62048.9,60778.68,61589.55,0.009247984315984947,1270.2200000000012,Silver,SI=F,₹/kg,Precious Metal
2011-09-01,41.481998443603516,41.78499984741211,41.189998626708984,41.584999084472656,1235,45.7400016784668,61153.78,61447.9,60572.9,61002.31,-0.009534734382699694,875.0,Silver,SI=F,₹/kg,Precious Metal
2011-09-02,43.02000045776367,43.39500045776367,41.52000045776367,41.52000045776367,703,45.70000076293945,61004.8,63759.71,61004.8,63208.73,0.03616944997656657,2754.909999999996,Silver,SI=F,₹/kg,Precious Metal
2011-09-06,41.81800079345703,43.279998779296875,41.65999984741211,43.005001068115234,421,45.98400115966797,63579.36,63985.92,61590.89,61824.48,-0.021899664808959107,2395.029999999999,Silver,SI=F,₹/kg,Precious Metal
2011-09-07,41.571998596191406,41.89500045776367,40.58000183105469,41.89500045776367,295,46.040000915527344,62013.74,62013.74,60067.26,61535.63,-0.004672097525122876,1946.479999999996,Silver,SI=F,₹/kg,Precious Metal
2011-09-08,42.479000091552734,42.619998931884766,41.52000045776367,41.52000045776367,264,46.040000915527344,61458.66,63086.9,61458.66,62878.19,0.02181760388249865,1628.239999999998,Silver,SI=F,₹/kg,Precious Metal
2011-09-09,41.573001861572266,42.474998474121094,41.29999923706055,42.279998779296875,230,46.130001068115234,62705.97,62995.17,61252.52,61657.41,-0.01941499906406341,1742.6500000000015,Silver,SI=F,₹/kg,Precious Metal
2011-09-12,40.16400146484375,41.349998474121094,39.70000076293945,41.224998474121094,196,46.64300155639648,61821.22,62008.67,59534.33,60230.14,-0.023148393680500146,2474.3399999999965,Silver,SI=F,₹/kg,Precious Metal
2011-09-13,41.12300109863281,41.189998626708984,40.310001373291016,40.54499816894531,149,47.15999984741211,61475.42,62453.39,61119.11,62351.8,0.03522588524615755,1334.2799999999988,Silver,SI=F,₹/kg,Precious Metal
2011-09-14,40.46900177001953,41.17499923706055,40.400001525878906,41.07500076293945,344,47.459999084472656,62675.2,62827.79,61645.24,61750.52,-0.009643346302753208,1182.550000000003,Silver,SI=F,₹/kg,Precious Metal
2011-09-15,39.452999114990234,40.73500061035156,39.452999114990234,40.73500061035156,263,47.560001373291016,62287.37,62287.37,60327.08,60327.08,-0.023051465801421478,1960.2900000000009,Silver,SI=F,₹/kg,Precious Metal
2011-09-16,40.78099822998047,40.78099822998047,39.474998474121094,39.474998474121094,51,47.5,60284.57,62279.04,60284.57,62279.04,0.032356281789206465,1994.4700000000012,Silver,SI=F,₹/kg,Precious Metal
2011-09-19,39.11000061035156,40.709999084472656,39.11000061035156,40.709999084472656,52,47.16999816894531,61738.69,61738.69,59312.21,59312.21,-0.04763769640636728,2426.480000000003,Silver,SI=F,₹/kg,Precious Metal
2011-09-20,40.08100128173828,40.150001525878906,39.375,39.51499938964844,121,47.72299957275391,60628.96,61603.27,60414.16,61497.4,0.036842161167152554,1189.1099999999933,Silver,SI=F,₹/kg,Precious Metal
2011-09-21,40.41999816894531,40.44499969482422,39.505001068115234,40.11000061035156,78,47.90999984741211,61783.04,62299.05,60851.13,62260.54,0.012409305108833868,1447.9200000000055,Silver,SI=F,₹/kg,Precious Metal
2011-09-22,36.53799819946289,39.619998931884766,35.5,39.619998931884766,150,48.209999084472656,61410.41,61410.41,55024.48,56633.36,-0.09038116277179731,6385.93,Silver,SI=F,₹/kg,Precious Metal
2011-09-23,30.051000595092773,36.529998779296875,30.051000595092773,36.470001220703125,293,49.47299957275391,58008.88,58104.31,47798.87,47798.87,-0.15599445273951607,10305.439999999995,Silver,SI=F,₹/kg,Precious Metal
2011-09-26,29.927000045776367,30.78499984741211,26.584999084472656,30.78499984741211,140,49.34299850463867,48837.69,48837.69,42174.76,47476.55,-0.006743255646001645,6662.93,Silver,SI=F,₹/kg,Precious Metal
2011-09-27,31.496999740600586,32.849998474121094,30.3799991607666,30.3799991607666,117,49.400001525878906,48250.87,52173.83,48250.87,50024.94,0.05367681518560219,3922.959999999999,Silver,SI=F,₹/kg,Precious Metal
2011-09-28,30.084999084472656,32.41999816894531,30.6299991607666,31.690000534057617,250,48.810001373291016,49730.35,50875.92,48066.91,47211.66,-0.05623754871070308,2809.0099999999948,Silver,SI=F,₹/kg,Precious Metal
2011-09-29,30.472000122070312,30.700000762939453,29.264999389648438,29.829999923706055,94,48.75,46753.95,48117.54,45868.4,47760.19,0.01161852813478692,2249.1399999999994,Silver,SI=F,₹/kg,Precious Metal
2011-09-30,30.041000366210938,30.274999618530273,29.684999465942383,29.899999618530273,9,48.86000061035156,46969.41,47558.49,46631.67,47190.9,-0.011919759950703712,926.8199999999997,Silver,SI=F,₹/kg,Precious Metal
2011-10-03,30.75,31.200000762939453,29.93000030517578,29.96500015258789,30,49.04999923706055,47254.56,49202.15,47199.37,48492.5,0.027581588823268888,2002.7799999999988,Silver,SI=F,₹/kg,Precious Metal
2011-10-04,29.795000076293945,31.25,29.43000030517578,31.184999465942383,43,49.09999847412109,49228.62,49331.23,46458.18,47034.37,-0.030069185956591138,2873.050000000003,Silver,SI=F,₹/kg,Precious Metal
2011-10-05,30.316999435424805,30.389999389648438,28.40999984741211,28.604999542236328,179,49.303001403808594,45342.53,48171.98,45033.43,48056.26,0.021726452379398298,3138.550000000003,Silver,SI=F,₹/kg,Precious Metal
2011-10-06,31.969999313354492,31.969999313354492,30.34000015258789,30.34000015258789,8,49.150001525878906,47943.48,50519.22,47943.48,50519.22,0.05125159552574421,2575.739999999998,Silver,SI=F,₹/kg,Precious Metal
2011-10-07,30.95800018310547,32.529998779296875,30.764999389648438,31.905000686645508,55,49.040000915527344,50303.67,51289.08,48506.26,48810.56,-0.03382197904084827,2782.8199999999997,Silver,SI=F,₹/kg,Precious Metal
2011-10-10,31.944000244140625,32.25,32.20000076293945,32.25,57,48.89300155639648,50695.2,50695.2,50616.61,50214.19,0.028756687077550636,78.58999999999651,Silver,SI=F,₹/kg,Precious Metal
2011-10-11,31.96299934387207,32.255001068115234,32.04499816894531,32.255001068115234,10,48.8129997253418,50620.1,50620.1,50290.53,50161.84,-0.0010425339928814559,329.5699999999997,Silver,SI=F,₹/kg,Precious Metal
2011-10-12,32.75400161743164,32.75400161743164,32.75400161743164,32.75400161743164,10,49.23799896240234,51850.77,51850.77,51850.77,51850.77,0.03366961817987546,0.0,Silver,SI=F,₹/kg,Precious Metal
2011-10-13,31.632999420166016,31.809999465942383,31.632999420166016,31.790000915527344,4,48.90999984741211,49989.48,50020.93,49742.6,49742.6,-0.040658412594451354,278.33000000000175,Silver,SI=F,₹/kg,Precious Metal
2011-10-14,32.13999938964844,32.41999816894531,31.559999465942383,31.809999465942383,27,49.20000076293945,50317.52,51282.42,49922.06,50839.52,0.02205192330115424,1360.3600000000006,Silver,SI=F,₹/kg,Precious Metal
2011-10-17,31.791000366210938,32.44499969482422,31.989999771118164,32.02000045776367,5,48.89300155639648,50333.65,51001.73,50286.5,49973.68,-0.017030845295156194,715.2300000000032,Silver,SI=F,₹/kg,Precious Metal
2011-10-18,31.801000595092773,30.850000381469727,30.649999618530273,30.649999618530273,32,48.900001525878906,48186.99,48501.42,48186.99,49996.56,0.00045784100750623224,314.4300000000003,Silver,SI=F,₹/kg,Precious Metal
2011-10-19,31.25200080871582,31.84000015258789,31.079999923706055,31.825000762939453,59,49.2400016784668,50382.18,50405.92,49202.76,49475.06,-0.010430717633373221,1203.1599999999962,Silver,SI=F,₹/kg,Precious Metal
2011-10-20,30.266000747680664,30.375,30.104999542236328,30.3700008392334,7,49.0099983215332,47854.19,47862.06,47436.62,47690.31,-0.03607373088582411,425.43999999999505,Silver,SI=F,₹/kg,Precious Metal
2011-10-21,31.17300033569336,31.280000686645508,30.625,30.625,3,49.86000061035156,49092.91,50142.9,49092.91,49971.38,0.04783089059391732,1049.989999999998,Silver,SI=F,₹/kg,Precious Metal
2011-10-24,31.6200008392334,32.0,31.354999542236328,31.354999542236328,4,49.823001861572266,50225.83,51259.02,50225.83,50650.32,0.01358657695665011,1033.189999999995,Silver,SI=F,₹/kg,Precious Metal
2011-10-25,33.034000396728516,33.209999084472656,32.959999084472656,32.959999084472656,33,49.54999923706055,52507.49,52905.76,52507.49,52625.38,0.038994028073267906,398.2700000000041,Silver,SI=F,₹/kg,Precious Metal
2011-10-26,33.29100036621094,33.59000015258789,33.28499984741211,33.59000015258789,10,49.40999984741211,53359.93,53359.93,52875.42,52884.95,0.0049324109393604765,484.51000000000204,Silver,SI=F,₹/kg,Precious Metal
2011-10-27,35.095001220703125,35.31999969482422,33.935001373291016,33.935001373291016,85,49.36000061035156,53853.44,56051.38,53853.44,55694.31,0.05312210751830149,2197.939999999995,Silver,SI=F,₹/kg,Precious Metal
2011-10-28,35.27000045776367,35.45500183105469,34.875,35.45500183105469,55,49.790000915527344,56755.78,56755.78,55827.32,56459.63,0.01374143965514607,928.4599999999991,Silver,SI=F,₹/kg,Precious Metal
2011-10-31,34.33700180053711,34.470001220703125,34.16999816894531,34.27000045776367,60,48.62799835205078,53578.55,53891.23,53422.2,53683.3,-0.04917371934601755,469.0300000000061,Silver,SI=F,₹/kg,Precious Metal
2011-11-01,32.72200012207031,33.41999816894531,32.72200012207031,32.869998931884766,14,48.67300033569336,51437.31,52297.99,51205.71,51205.71,-0.04615196904810259,1092.2799999999988,Silver,SI=F,₹/kg,Precious Metal
2011-11-02,33.92900085449219,33.92900085449219,33.3650016784668,33.400001525878906,8,49.257999420166016,52894.89,53732.65,52839.46,53732.65,0.04934879332793174,893.1900000000023,Silver,SI=F,₹/kg,Precious Metal
2011-11-03,34.487998962402344,34.79499816894531,33.86000061035156,33.9900016784668,19,49.12300109863281,53681.73,54953.09,53476.42,54468.24,0.01368981429354399,1476.6699999999983,Silver,SI=F,₹/kg,Precious Metal
2011-11-04,34.06999969482422,34.18000030517578,33.959999084472656,34.0,39,49.04800033569336,53615.54,53899.38,53552.46,53725.92,-0.013628492493974464,346.91999999999825,Silver,SI=F,₹/kg,Precious Metal
2011-11-07,34.8120002746582,34.8120002746582,34.06999969482422,34.06999969482422,108,48.99300003051758,53665.68,54834.44,53665.68,54834.44,0.020632871433378996,1168.760000000002,Silver,SI=F,₹/kg,Precious Metal
2011-11-08,35.137001037597656,35.137001037597656,35.137001037597656,35.137001037597656,70,48.90999984741211,55252.61,55252.61,55252.61,55252.61,0.0076260466962003726,0.0,Silver,SI=F,₹/kg,Precious Metal
2011-11-09,34.347999572753906,35.040000915527344,34.96500015258789,34.994998931884766,48,49.310001373291016,55479.36,55550.7,55431.8,54453.64,-0.014460312372573947,118.89999999999418,Silver,SI=F,₹/kg,Precious Metal
2011-11-10,34.095001220703125,34.095001220703125,34.095001220703125,34.095001220703125,48,50.04999923706055,54863.72,54863.72,54863.72,54863.72,0.007530809694264784,0.0,Silver,SI=F,₹/kg,Precious Metal
2011-11-11,34.67100143432617,34.67100143432617,34.67100143432617,34.67100143432617,48,49.959999084472656,55690.26,55690.26,55690.26,55690.26,0.015065329146474182,0.0,Silver,SI=F,₹/kg,Precious Metal
2011-11-14,34.01300048828125,34.01300048828125,34.01300048828125,34.01300048828125,48,50.03300094604492,54713.18,54713.18,54713.18,54713.18,-0.01754489923372604,0.0,Silver,SI=F,₹/kg,Precious Metal
2011-11-15,34.448001861572266,34.599998474121094,34.599998474121094,34.599998474121094,1,50.36800003051758,56030.08,56030.08,56030.08,55783.94,0.01957042160590916,0.0,Silver,SI=F,₹/kg,Precious Metal
2011-11-16,33.81399917602539,34.459999084472656,33.81399917602539,34.23500061035156,3,50.62300109863281,55719.69,56085.89,55034.48,55034.48,-0.013435049585956094,1051.4099999999962,Silver,SI=F,₹/kg,Precious Metal
2011-11-17,31.493000030517578,31.565000534057617,31.3799991607666,31.559999465942383,13,50.70299911499024,51447.12,51455.27,51153.69,51337.9,-0.06716843695079888,301.57999999999447,Silver,SI=F,₹/kg,Precious Metal
2011-11-18,32.41299819946289,32.41299819946289,32.41299819946289,32.41299819946289,0,50.948001861572266,53092.94,53092.94,53092.94,53092.94,0.0341860496825932,0.0,Silver,SI=F,₹/kg,Precious Metal
2011-11-21,31.113000869750977,31.174999237060547,31.040000915527344,31.174999237060547,3,51.22800064086914,51345.73,51345.73,51123.38,51243.61,-0.03483193810702523,222.35000000000582,Silver,SI=F,₹/kg,Precious Metal
2011-11-22,32.948001861572266,33.0,31.8799991607666,31.8799991607666,16,52.05799865722656,53357.59,55232.14,53357.59,55145.11,0.07613632216777866,1874.550000000003,Silver,SI=F,₹/kg,Precious Metal
2011-11-23,31.881999969482422,31.881999969482422,31.6200008392334,31.6200008392334,2,52.483001708984375,53354.49,53796.58,53354.49,53796.58,-0.02445420817911137,442.0900000000038,Silver,SI=F,₹/kg,Precious Metal
2011-11-25,31.011999130249023,31.235000610351562,31.011999130249023,31.190000534057617,11,52.0629997253418,52207.75,52283.08,51909.8,51909.8,-0.03507248973819521,373.27999999999884,Silver,SI=F,₹/kg,Precious Metal
2011-11-28,32.15999984741211,32.15999984741211,32.060001373291016,32.060001373291016,41025,52.22800064086914,53834.09,54002.0,53834.09,54002.0,0.04030452823936903,167.9100000000035,Silver,SI=F,₹/kg,Precious Metal
2011-11-29,31.85300064086914,32.14500045776367,31.440000534057617,32.0,16524,51.94300079345703,53440.12,53682.27,52504.92,53194.63,-0.014950742565090214,1177.3499999999985,Silver,SI=F,₹/kg,Precious Metal
2011-11-30,32.73099899291992,32.915000915527344,31.135000228881836,31.895000457763672,2427,51.90299987792969,53223.75,54925.85,51955.53,54618.8,0.026772815225897917,2970.3199999999997,Silver,SI=F,₹/kg,Precious Metal
2011-12-01,32.69499969482422,33.380001068115234,32.4900016784668,32.71500015258789,629,51.72999954223633,54410.14,55516.14,54035.93,54376.87,-0.004429427230184468,1480.2099999999991,Silver,SI=F,₹/kg,Precious Metal
2011-12-02,32.62099838256836,33.55500030517578,32.380001068115234,32.814998626708984,297,51.29999923706055,54122.79,55343.3,53405.34,53802.82,-0.010556878319770924,1937.9600000000064,Silver,SI=F,₹/kg,Precious Metal
2011-12-05,32.305999755859375,32.959999084472656,31.850000381469727,32.73500061035156,402,51.10300064086914,53783.52,54153.19,52329.46,53078.67,-0.013459331685588216,1823.7300000000032,Silver,SI=F,₹/kg,Precious Metal
2011-12-06,32.672000885009766,32.672000885009766,31.700000762939453,32.09000015258789,192,51.20000076293945,52823.86,53781.9,52181.87,53781.9,0.013248824810418336,1600.0299999999988,Silver,SI=F,₹/kg,Precious Metal
2011-12-07,32.55500030517578,32.665000915527344,32.36000061035156,32.529998779296875,209,51.20000076293945,53548.15,53770.38,53268.31,53589.3,-0.0035811304546696787,502.0699999999997,Silver,SI=F,₹/kg,Precious Metal
2011-12-08,31.466999053955078,33.150001525878906,31.459999084472656,32.58000183105469,161,51.59999847412109,54049.44,54995.06,52191.39,52203.0,-0.025868970111570855,2803.6699999999983,Silver,SI=F,₹/kg,Precious Metal
2011-12-09,32.17300033569336,32.255001068115234,31.829999923706055,31.969999313354492,109,51.70000076293945,53140.25,53613.98,52907.55,53477.68,0.02441775376894051,706.4300000000003,Silver,SI=F,₹/kg,Precious Metal
2011-12-12,30.934999465942383,31.7549991607666,30.934999465942383,31.7549991607666,219,51.86800003051758,52954.4,52954.4,51586.97,51586.97,-0.035355123857280235,1367.4300000000003,Silver,SI=F,₹/kg,Precious Metal
2011-12-13,31.19499969482422,31.399999618530273,30.450000762939453,31.274999618530273,95,52.650001525878906,52940.27,53151.86,51543.76,52804.85,0.023608287131420935,1608.0999999999985,Silver,SI=F,₹/kg,Precious Metal
2011-12-14,28.881000518798828,30.989999771118164,28.649999618530273,30.979999542236328,90,53.09999847412109,52889.12,52906.19,48911.34,49305.71,-0.06626550402093745,3994.850000000006,Silver,SI=F,₹/kg,Precious Metal
2011-12-15,29.225000381469727,29.225000381469727,28.665000915527344,28.915000915527344,82,53.709999084472656,49930.83,50466.14,49499.13,50466.14,0.023535407967961497,967.010000000002,Silver,SI=F,₹/kg,Precious Metal
2011-12-16,29.614999771118164,29.75,29.475000381469727,29.75,57,53.209999084472656,50894.48,50894.48,50424.02,50663.53,0.003911335402311256,470.4600000000064,Silver,SI=F,₹/kg,Precious Metal
2011-12-19,28.82200050354004,29.600000381469727,28.68000030517578,29.600000381469727,91,52.49300003051758,49955.53,49955.53,48402.85,48642.51,-0.03989102220078222,1552.6800000000003,Silver,SI=F,₹/kg,Precious Metal
2011-12-20,29.496000289916992,29.496000289916992,29.200000762939453,29.229999542236328,44,52.70000076293945,49525.61,49976.31,49474.79,49976.31,0.027420460005044944,501.5199999999968,Silver,SI=F,₹/kg,Precious Metal
2011-12-21,29.197999954223633,29.975000381469727,29.184999465942383,29.81999969482422,30,52.709999084472656,50534.86,50797.54,49458.75,49480.78,-0.009915297868129946,1338.7900000000009,Silver,SI=F,₹/kg,Precious Metal
2011-12-22,29.000999450683594,29.235000610351562,29.000999450683594,29.235000610351562,12,52.39300155639648,49245.53,49245.53,48851.36,48851.36,-0.012720494705216856,394.16999999999825,Silver,SI=F,₹/kg,Precious Metal
2011-12-23,29.04599952697754,29.280000686645508,29.020000457763672,29.219999313354492,53,52.5099983215332,49330.17,49431.47,48992.53,49036.42,0.003788226161973718,438.9400000000023,Silver,SI=F,₹/kg,Precious Metal
2011-12-27,28.69700050354004,28.969999313354492,28.69700050354004,28.969999313354492,11,52.70000076293945,49085.08,49085.08,48622.53,48622.53,-0.00844046119190589,462.5500000000029,Silver,SI=F,₹/kg,Precious Metal
2011-12-28,27.191999435424805,28.594999313354492,27.191999435424805,28.594999313354492,300,52.84999847412109,48587.61,48587.61,46203.68,46203.68,-0.049747514166786466,2383.9300000000003,Silver,SI=F,₹/kg,Precious Metal
2011-12-29,27.27400016784668,27.520000457763672,26.385000228881836,26.924999237060547,168,52.86000061035156,45758.66,46769.86,44840.94,46351.78,0.0032053723859224448,1928.9199999999983,Silver,SI=F,₹/kg,Precious Metal
2011-12-30,27.875,28.34000015258789,27.375,27.485000610351562,181,53.0,46834.09,48290.99,46646.65,47498.64,0.0247425233723495,1644.3399999999965,Silver,SI=F,₹/kg,Precious Metal
2012-01-03,29.533000946044922,29.6299991607666,28.110000610351562,28.165000915527344,137,53.29800033569336,48262.64,50773.02,48168.4,50606.81,0.06543703146026925,2604.6199999999953,Silver,SI=F,₹/kg,Precious Metal
2012-01-04,29.062999725341797,29.625,29.05500030517578,29.415000915527344,67,53.04999923706055,50170.07,50528.24,49556.05,49569.7,-0.020493486943753192,972.189999999995,Silver,SI=F,₹/kg,Precious Metal
2012-01-05,29.264999389648438,29.350000381469727,28.700000762939453,29.079999923706055,33,52.84999847412109,49411.7,49870.48,48766.02,49726.05,0.0031541445681535496,1104.4600000000064,Silver,SI=F,₹/kg,Precious Metal
2012-01-06,28.652999877929688,29.405000686645508,28.652999877929688,29.350000381469727,79,52.7599983215332,49785.55,49878.85,48603.25,48603.25,-0.022579714254399863,1275.5999999999985,Silver,SI=F,₹/kg,Precious Metal
2012-01-09,28.749000549316406,29.149999618530273,28.749000549316406,28.81999969482422,61,52.67300033569336,48805.92,49364.76,48685.68,48685.68,0.0016959771208715502,679.0800000000017,Silver,SI=F,₹/kg,Precious Metal
2012-01-10,29.783000946044922,30.100000381469727,29.690000534057617,29.719999313354492,100,52.380001068115234,50050.07,50690.02,49999.56,50156.17,0.030203747796066382,690.4599999999991,Silver,SI=F,₹/kg,Precious Metal
2012-01-11,29.857999801635742,29.989999771118164,29.780000686645508,29.954999923706055,153,51.59999847412109,49694.63,49752.69,49404.31,49533.71,-0.012410437240323535,348.38000000000466,Silver,SI=F,₹/kg,Precious Metal
2012-01-12,30.091999053955078,30.639999389648438,30.091999053955078,30.549999237060547,72,51.75,50829.05,50978.79,50067.03,50067.03,0.010766809108383013,911.760000000002,Silver,SI=F,₹/kg,Precious Metal
2012-01-13,29.493000030517578,29.850000381469727,29.493000030517578,29.639999389648438,92,51.45000076293945,49029.11,49376.48,48785.95,48785.95,-0.025587297668745346,590.5300000000061,Silver,SI=F,₹/kg,Precious Metal
2012-01-17,30.106000900268555,30.5,30.106000900268555,30.5,58,51.380001068115234,50383.04,50383.04,49732.19,49732.19,0.01939574816109979,650.8499999999985,Silver,SI=F,₹/kg,Precious Metal
2012-01-18,30.513999938964844,30.513999938964844,29.899999618530273,29.950000762939453,213,50.650001525878906,48771.57,49690.0,48690.15,49690.0,-0.0008483438995950943,999.8499999999985,Silver,SI=F,₹/kg,Precious Metal
2012-01-19,30.48200035095215,30.48200035095215,30.34000015258789,30.440000534057617,7,50.36000061035156,49285.69,49353.69,49123.78,49353.69,-0.0067681626081705915,229.9100000000035,Silver,SI=F,₹/kg,Precious Metal
2012-01-20,31.64699935913086,31.64699935913086,30.514999389648438,30.514999389648438,77,50.303001403808594,49351.2,51181.95,49351.2,51181.95,0.03704403865242889,1830.75,Silver,SI=F,₹/kg,Precious Metal
2012-01-23,32.233001708984375,32.65999984741211,32.220001220703125,32.54999923706055,86,50.22299957275391,52558.63,52736.25,52025.78,52046.78,0.01689716784921247,710.4700000000012,Silver,SI=F,₹/kg,Precious Metal
2012-01-24,31.930999755859375,32.16999816894531,31.930999755859375,32.16999816894531,42,49.84000015258789,51548.91,51548.91,51165.94,51165.94,-0.01692400567335761,382.97000000000116,Silver,SI=F,₹/kg,Precious Metal
2012-01-25,33.09199905395508,33.189998626708984,31.68000030517578,32.20000076293945,98,50.0,51762.63,53354.08,50926.71,53196.55,0.03968675255453147,2427.3700000000026,Silver,SI=F,₹/kg,Precious Metal
2012-01-26,33.70199966430664,33.70199966430664,33.349998474121094,33.349998474121094,13,50.0,53611.29,54177.14,53611.29,54177.14,0.018433338252198617,565.8499999999985,Silver,SI=F,₹/kg,Precious Metal
2012-01-27,33.74700164794922,33.75,33.29999923706055,33.52000045776367,186,52.49300003051758,56571.26,56959.43,56199.97,56954.37,0.051262026751504486,759.4599999999991,Silver,SI=F,₹/kg,Precious Metal
2012-01-30,33.49700164794922,33.49700164794922,33.10499954223633,33.26499938964844,59,49.38800048828125,52820.12,53188.51,52566.06,53188.51,-0.06612065061908334,622.4500000000044,Silver,SI=F,₹/kg,Precious Metal
2012-01-31,33.233001708984375,33.79999923706055,32.9900016784668,33.599998474121094,122,52.49300003051758,56706.27,57043.81,55676.79,56086.89,0.054492596239300584,1367.0199999999968,Silver,SI=F,₹/kg,Precious Metal
2012-02-01,33.77799987792969,33.900001525878906,33.165000915527344,33.16999816894531,93,49.5,52788.71,53950.48,52780.76,53756.32,-0.04155284773322254,1169.7200000000012,Silver,SI=F,₹/kg,Precious Metal
2012-02-02,34.1510009765625,34.334999084472656,33.66999816894531,33.80500030517578,144,49.0099983215332,53266.73,54101.86,53054.01,53811.93,0.0010344830152064777,1047.8499999999985,Silver,SI=F,₹/kg,Precious Metal
2012-02-03,33.724998474121094,34.2400016784668,33.505001068115234,34.2400016784668,118,49.0,53941.16,53941.16,52783.25,53129.83,-0.012675627876569395,1157.9100000000035,Silver,SI=F,₹/kg,Precious Metal
2012-02-06,33.72200012207031,33.75,33.345001220703125,33.5,82,48.65299987792969,52401.64,52792.7,52159.18,52748.9,-0.007169795197914275,633.5199999999968,Silver,SI=F,₹/kg,Precious Metal
2012-02-07,34.165000915527344,34.290000915527344,33.25,33.25,49,49.053001403808594,52438.19,54078.36,52438.19,53881.22,0.021466229627537192,1640.1699999999983,Silver,SI=F,₹/kg,Precious Metal
2012-02-08,33.67300033569336,34.400001525878906,33.67300033569336,34.400001525878906,22,49.042999267578125,54240.78,54240.78,53094.47,53094.47,-0.014601562473900875,1146.3099999999977,Silver,SI=F,₹/kg,Precious Metal
2012-02-09,33.88399887084961,34.400001525878906,33.810001373291016,33.810001373291016,37,49.14799880981445,53424.62,54356.91,53424.62,53541.55,0.008420462620683411,932.2900000000009,Silver,SI=F,₹/kg,Precious Metal
2012-02-10,33.57600021362305,33.900001525878906,33.375,33.900001525878906,86,49.48799896240234,53937.4,53937.4,53102.09,53421.89,-0.00223489981145486,835.310000000005,Silver,SI=F,₹/kg,Precious Metal
2012-02-13,33.69599914550781,33.849998474121094,33.630001068115234,33.630001068115234,115,49.35300064086914,53361.85,53710.93,53361.85,53466.57,0.0008363612743764737,349.08000000000175,Silver,SI=F,₹/kg,Precious Metal
2012-02-14,33.32600021362305,33.70500183105469,33.32600021362305,33.525001525878906,63,49.1879997253418,53017.4,53302.05,52702.69,52702.69,-0.014287058249668805,599.3600000000006,Silver,SI=F,₹/kg,Precious Metal
2012-02-15,33.38600158691406,33.75,33.345001220703125,33.685001373291016,99,49.358001708984375,53454.54,53557.68,52914.99,52980.06,0.005262919217216444,642.6900000000023,Silver,SI=F,₹/kg,Precious Metal
2012-02-16,33.354000091552734,33.354000091552734,32.70000076293945,32.79999923706055,50,49.28300094604492,51971.04,52848.85,51812.59,52848.85,-0.002476592136739786,1036.260000000002,Silver,SI=F,₹/kg,Precious Metal
2012-02-17,33.20000076293945,33.54999923706055,33.20000076293945,33.54999923706055,49,49.28300094604492,53159.4,53159.4,52604.84,52604.84,-0.004617129795634223,554.560000000005,Silver,SI=F,₹/kg,Precious Metal
2012-02-21,34.41299819946289,34.41299819946289,33.52000045776367,33.52000045776367,36,49.14799880981445,52966.38,54377.44,52966.38,54377.44,0.033696519179604145,1411.060000000005,Silver,SI=F,₹/kg,Precious Metal
2012-02-22,34.23899841308594,34.26499938964844,34.07500076293945,34.26499938964844,36,49.303001403808594,54314.34,54314.34,54013.17,54273.13,-0.001918258748481061,301.16999999999825,Silver,SI=F,₹/kg,Precious Metal
2012-02-23,35.54399871826172,35.54399871826172,34.30500030517578,34.30500030517578,74,49.21799850463867,54284.0,56244.58,54284.0,56244.58,0.03632460482747191,1960.5800000000017,Silver,SI=F,₹/kg,Precious Metal
2012-02-24,35.332000732421875,35.59000015258789,35.332000732421875,35.41999816894531,17,49.09299850463867,55906.01,56174.34,55767.12,55767.12,-0.008488995739678318,407.2199999999939,Silver,SI=F,₹/kg,Precious Metal
2012-02-27,35.51599884033203,35.54999923706055,35.345001220703125,35.380001068115234,61904,49.007999420166016,55746.2,56014.05,55691.05,55960.48,0.0034672760580070072,323.0,Silver,SI=F,₹/kg,Precious Metal
2012-02-28,37.13999938964844,37.224998474121094,35.314998626708984,35.45000076293945,26149,49.17300033569336,56044.55,58850.73,55831.12,58716.35,0.04924671839841244,3019.6100000000006,Silver,SI=F,₹/kg,Precious Metal
2012-02-29,34.58300018310547,37.47999954223633,33.75,36.93000030517578,4321,49.06800079345703,58259.68,59127.34,53243.01,54557.12,-0.07083597669133035,5884.3299999999945,Silver,SI=F,₹/kg,Precious Metal
2012-03-01,35.611000061035156,35.6150016784668,34.505001068115234,34.619998931884766,1127,49.00299835205078,54543.14,56110.75,54361.96,56104.44,0.02836146776076154,1748.7900000000009,Silver,SI=F,₹/kg,Precious Metal
2012-03-02,34.48099899291992,35.5,34.380001068115234,35.5,524,49.198001861572266,56152.13,56152.13,54380.57,54540.33,-0.02787854223302111,1771.5599999999977,Silver,SI=F,₹/kg,Precious Metal
2012-03-05,33.6510009765625,34.78499984741211,33.53499984741211,34.78499984741211,792,49.51800155639648,55379.06,55379.06,53389.01,53573.69,-0.01772339844661741,1990.0499999999956,Silver,SI=F,₹/kg,Precious Metal
2012-03-06,32.74100112915039,34.029998779296875,32.45500183105469,34.029998779296875,495,49.83300018310547,54521.7,54521.7,51998.3,52456.51,-0.020853146385847232,2523.399999999994,Silver,SI=F,₹/kg,Precious Metal
2012-03-07,33.542999267578125,33.542999267578125,32.80500030517578,32.939998626708984,196,50.358001708984375,53331.34,54307.63,53112.77,54307.63,0.03528866102605743,1194.8600000000006,Silver,SI=F,₹/kg,Precious Metal
2012-03-08,33.78900146484375,33.869998931884766,33.400001525878906,33.76499938964844,119,50.27799987792969,54580.21,54749.94,53990.2,54619.0,0.0057334485043814,759.7400000000052,Silver,SI=F,₹/kg,Precious Metal
2012-03-09,34.17499923706055,34.31999969482422,33.279998779296875,33.845001220703125,75,50.073001861572266,54486.46,55251.15,53576.87,55017.72,0.007300023801241284,1674.2799999999988,Silver,SI=F,₹/kg,Precious Metal
2012-03-12,33.374000549316406,33.96500015258789,33.369998931884766,33.939998626708984,199,49.75299835205078,54290.21,54330.2,53378.44,53384.84,-0.029679165185325873,951.7599999999948,Silver,SI=F,₹/kg,Precious Metal
2012-03-13,33.54399871826172,33.7599983215332,33.26499938964844,33.654998779296875,60,49.96799850463867,54066.96,54235.64,53440.43,53888.64,0.009437136085825193,795.2099999999991,Silver,SI=F,₹/kg,Precious Metal
2012-03-14,32.14699935913086,33.099998474121094,31.6200008392334,32.9900016784668,71,49.83000183105469,52852.27,53028.5,50657.44,51501.73,-0.044293379829218105,2371.0599999999977,Silver,SI=F,₹/kg,Precious Metal
2012-03-15,32.69300079345703,32.69300079345703,31.989999771118164,32.084999084472656,80,49.90800094604492,51482.86,52458.44,51330.42,52458.44,0.018576269185520466,1128.020000000004,Silver,SI=F,₹/kg,Precious Metal
2012-03-16,32.573001861572266,32.584999084472656,32.1150016784668,32.1150016784668,14,50.37799835205078,52016.28,52777.53,52016.28,52758.1,0.005712331514242441,761.25,Silver,SI=F,₹/kg,Precious Metal
2012-03-19,32.92599868774414,32.9900016784668,32.45000076293945,32.650001525878906,28,50.132999420166016,52625.63,53173.65,52303.27,53070.49,0.005921176084809687,870.3800000000047,Silver,SI=F,₹/kg,Precious Metal
2012-03-20,31.80500030517578,32.33000183105469,31.80500030517578,32.130001068115234,70,50.22800064086914,51885.63,52208.6,51360.79,51360.79,-0.0322156437598371,847.8099999999977,Silver,SI=F,₹/kg,Precious Metal
2012-03-21,32.19900131225586,32.29999923706055,32.06999969482422,32.20000076293945,23,50.38800048828125,52164.31,52326.31,51953.7,52162.69,0.01561307760258357,372.6100000000006,Silver,SI=F,₹/kg,Precious Metal
2012-03-22,31.319000244140625,32.29499816894531,31.190000534057617,32.29499816894531,124,50.62799835205078,52567.39,52567.39,50768.76,50978.74,-0.022697257369204027,1798.6299999999974,Silver,SI=F,₹/kg,Precious Metal
2012-03-23,32.24800109863281,32.24800109863281,31.5,31.5,38,51.119998931884766,51771.63,53001.0,51771.63,53001.0,0.039668693263113175,1229.3700000000026,Silver,SI=F,₹/kg,Precious Metal
2012-03-26,32.72600173950195,32.72600173950195,32.119998931884766,32.13999938964844,35,51.167999267578125,52873.09,53837.12,52840.19,53837.12,0.015775551404690447,996.9300000000003,Silver,SI=F,₹/kg,Precious Metal
2012-03-27,32.60100173950195,32.9900016784668,32.599998474121094,32.9900016784668,99,51.02299880981445,54117.63,54117.63,53477.86,53479.5,-0.006642628729025657,639.7699999999968,Silver,SI=F,₹/kg,Precious Metal
2012-03-28,31.81599998474121,32.45000076293945,31.81599998474121,32.45000076293945,151,50.678001403808594,52871.86,52871.86,51838.87,51838.87,-0.030677736328873606,1032.989999999998,Silver,SI=F,₹/kg,Precious Metal
2012-03-29,31.97800064086914,32.040000915527344,31.645000457763672,32.040000915527344,19,50.77299880981445,52301.7,52301.7,51656.9,52200.49,0.006975846502826899,644.7999999999956,Silver,SI=F,₹/kg,Precious Metal
2012-03-30,32.46900177001953,32.46900177001953,32.31999969482422,32.31999969482422,2,51.3380012512207,53345.86,53591.8,53345.86,53591.8,0.0266531980830067,245.94000000000233,Silver,SI=F,₹/kg,Precious Metal
2012-04-02,33.08300018310547,33.10499954223633,32.970001220703125,33.10499954223633,21,50.86800003051758,54141.3,54141.3,53920.52,54105.32,0.009582062927537383,220.7800000000061,Silver,SI=F,₹/kg,Precious Metal
2012-04-03,33.25,33.25,33.25,33.25,5,50.86800003051758,54378.44,54378.44,54378.44,54378.44,0.005047932439915304,0.0,Silver,SI=F,₹/kg,Precious Metal
2012-04-04,31.02899932861328,31.02899932861328,31.02899932861328,31.02899932861328,5,50.25,50129.6,50129.6,50129.6,50129.6,-0.07813464306809836,0.0,Silver,SI=F,₹/kg,Precious Metal
2012-04-05,31.715999603271484,31.75,31.28499984741211,31.28499984741211,5,51.108001708984375,51406.2,52170.27,51406.2,52114.4,0.039593373974657675,764.0699999999997,Silver,SI=F,₹/kg,Precious Metal
2012-04-09,31.51300048828125,31.51300048828125,31.51300048828125,31.51300048828125,5,51.03300094604492,51704.85,51704.85,51704.85,51704.85,-0.007858672459051697,0.0,Silver,SI=F,₹/kg,Precious Metal
2012-04-10,31.670000076293945,31.760000228881836,31.670000076293945,31.670000076293945,5,51.04999923706055,51979.76,52127.47,51979.76,51979.76,0.005316909342160336,147.70999999999913,Silver,SI=F,₹/kg,Precious Metal
2012-04-11,31.51099967956543,31.51099967956543,31.51099967956543,31.51099967956543,5,51.47299957275391,52147.33,52147.33,52147.33,52147.33,0.003223754784554611,0.0,Silver,SI=F,₹/kg,Precious Metal
2012-04-12,32.51499938964844,32.51499938964844,31.59000015258789,31.59000015258789,127,51.45800018310547,52262.84,53793.16,52262.84,53793.16,0.03156115567182449,1530.320000000007,Silver,SI=F,₹/kg,Precious Metal
2012-04-13,31.3799991607666,31.3799991607666,31.3799991607666,31.3799991607666,25,51.22800064086914,51683.36,51683.36,51683.36,51683.36,-0.039220599793728494,0.0,Silver,SI=F,₹/kg,Precious Metal
2012-04-16,31.36400032043457,31.36400032043457,31.36400032043457,31.36400032043457,71,51.542999267578125,51974.65,51974.65,51974.65,51974.65,0.005636049978174906,0.0,Silver,SI=F,₹/kg,Precious Metal
2012-04-17,31.665000915527344,31.665000915527344,31.665000915527344,31.665000915527344,71,51.667999267578125,52600.71,52600.71,52600.71,52600.71,0.012045487559800838,0.0,Silver,SI=F,₹/kg,Precious Metal
2012-04-18,31.47800064086914,31.604999542236328,31.46500015258789,31.545000076293945,40,51.46799850463867,52198.53,52297.81,52066.15,52087.66,-0.009753670625358368,231.65999999999622,Silver,SI=F,₹/kg,Precious Metal
2012-04-19,31.770999908447266,31.770999908447266,31.469999313354492,31.469999313354492,11,51.78799819946289,52398.19,52899.36,52398.19,52899.36,0.015583345460325804,501.16999999999825,Silver,SI=F,₹/kg,Precious Metal
2012-04-20,31.643999099731445,31.643999099731445,31.643999099731445,31.643999099731445,11,52.13800048828125,53043.99,53043.99,53043.99,53043.99,0.002734059542497169,0.0,Silver,SI=F,₹/kg,Precious Metal
2012-04-23,30.524999618530273,31.610000610351562,30.524999618530273,31.559999465942383,8,52.06800079345703,52832.15,52915.86,51099.54,51099.54,-0.03665731028152286,1816.3199999999997,Silver,SI=F,₹/kg,Precious Metal
2012-04-24,30.739999771118164,30.96500015258789,30.725000381469727,30.725000381469727,19,52.49800109863281,51859.11,52264.2,51859.11,51884.43,0.01536002085341659,405.0899999999965,Silver,SI=F,₹/kg,Precious Metal
2012-04-25,30.35099983215332,30.924999237060547,30.35099983215332,30.760000228881836,4,52.67300033569336,52091.26,52370.68,51398.62,51398.62,-0.009363309956378019,972.0599999999977,Silver,SI=F,₹/kg,Precious Metal
2012-04-26,31.202999114990234,31.202999114990234,31.202999114990234,31.202999114990234,43708,52.53799819946289,52706.03,52706.03,52706.03,52706.03,0.02543667514808745,0.0,Silver,SI=F,₹/kg,Precious Metal
2012-04-27,31.347000122070312,31.395000457763672,30.885000228881836,31.030000686645508,22059,52.40299987792969,52279.13,52894.08,52034.84,52813.21,0.0020335434104978845,859.2400000000052,Silver,SI=F,₹/kg,Precious Metal
2012-04-30,30.958999633789062,31.3799991607666,30.549999237060547,31.260000228881836,2408,52.53799819946289,52802.31,53005.01,51603.02,52293.88,-0.009833335258356835,1401.9900000000052,Silver,SI=F,₹/kg,Precious Metal
2012-05-01,30.87700080871582,31.280000686645508,30.764999389648438,31.045000076293945,867,52.65800094604492,52558.92,52956.78,52084.89,52274.5,-0.0003705978596347803,871.8899999999994,Silver,SI=F,₹/kg,Precious Metal
2012-05-02,30.591999053955078,30.899999618530273,30.40999984741211,30.844999313354492,312,52.52999877929688,52093.39,52186.27,51358.73,51666.1,-0.011638561822686078,827.5399999999936,Silver,SI=F,₹/kg,Precious Metal
2012-05-03,29.958999633789062,30.479999542236328,29.8799991607666,30.395000457763672,109,52.95800018310547,51751.65,51896.37,50874.79,51009.29,-0.012712591041321053,1021.5800000000017,Silver,SI=F,₹/kg,Precious Metal
2012-05-04,30.3799991607666,30.3799991607666,30.03499984741211,30.045000076293945,53,53.40800094604492,51590.41,52165.64,51573.24,52165.64,0.02266940002497586,592.4000000000015,Silver,SI=F,₹/kg,Precious Metal
2012-05-07,30.07200050354004,30.149999618530273,29.905000686645508,30.149999618530273,29,53.46799850463867,51828.86,51828.86,51407.7,51694.78,-0.009026247928713205,421.1600000000035,Silver,SI=F,₹/kg,Precious Metal
2012-05-08,29.413999557495117,29.90999984741211,29.15999984741211,29.90999984741211,102,52.90299987792969,50872.98,50872.98,49597.32,50029.34,-0.032216792488525936,1275.6600000000035,Silver,SI=F,₹/kg,Precious Metal
2012-05-09,29.19700050354004,29.270000457763672,28.735000610351562,28.75,82,53.11800003051758,49098.7,49986.75,49073.08,49862.08,-0.003343238187831221,913.6699999999983,Silver,SI=F,₹/kg,Precious Metal
2012-05-10,29.13599967956543,29.209999084472656,29.0,29.149999618530273,52,53.81800079345703,50437.85,50541.66,50178.31,50413.62,0.011061311521701533,363.3500000000058,Silver,SI=F,₹/kg,Precious Metal
2012-05-11,28.857999801635742,29.0049991607666,28.485000610351562,28.5,15,53.25299835205078,48795.45,49660.07,48769.77,49408.39,-0.01993965122917185,890.3000000000029,Silver,SI=F,₹/kg,Precious Metal
2012-05-14,28.319000244140625,28.395000457763672,28.170000076293945,28.25,32,53.62799835205078,48708.02,48958.03,48570.09,48826.99,-0.011767232245373793,387.9400000000023,Silver,SI=F,₹/kg,Precious Metal
2012-05-15,28.054000854492188,28.360000610351562,27.635000228881836,28.049999237060547,20,53.95800018310547,48660.79,49198.57,47940.85,48667.73,-0.0032617206180433067,1257.7200000000012,Silver,SI=F,₹/kg,Precious Metal
2012-05-16,27.170000076293945,27.684999465942383,26.895000457763672,27.684999465942383,9,53.78799819946289,47876.27,47876.27,46510.11,46985.67,-0.034562121553645575,1366.1599999999962,Silver,SI=F,₹/kg,Precious Metal
2012-05-17,27.996000289916992,28.125,27.204999923706055,27.204999923706055,67,54.48799896240234,47658.46,49270.14,47658.46,49044.16,0.04381101727399028,1611.6800000000003,Silver,SI=F,₹/kg,Precious Metal
2012-05-18,28.694000244140625,28.709999084472656,28.030000686645508,28.030000686645508,98,54.46799850463867,49085.7,50276.5,49085.7,50248.48,0.024555828869329277,1190.800000000003,Silver,SI=F,₹/kg,Precious Metal
2012-05-21,28.304000854492188,28.304000854492188,28.304000854492188,28.304000854492188,11,54.417999267578125,49520.02,49520.02,49520.02,49520.02,-0.014497154938816204,0.0,Silver,SI=F,₹/kg,Precious Metal
2012-05-22,28.165000915527344,28.610000610351562,28.0,28.350000381469727,41,55.02799987792969,50156.5,50616.49,49537.28,49829.2,0.006243535442836956,1079.2099999999991,Silver,SI=F,₹/kg,Precious Metal
2012-05-23,27.507999420166016,27.739999771118164,27.299999237060547,27.68000030517578,58,55.38800048828125,49291.52,49398.36,48614.83,48985.23,-0.016937257672208106,783.5299999999988,Silver,SI=F,₹/kg,Precious Metal
2012-05-24,28.142000198364258,28.44499969482422,28.06999969482422,28.104999542236328,48,55.99300003051758,50595.02,51207.09,50532.01,50661.63,0.034222560555497994,675.0799999999945,Silver,SI=F,₹/kg,Precious Metal
2012-05-25,28.3700008392334,28.415000915527344,28.3700008392334,28.415000915527344,16,55.560001373291016,50757.52,50757.52,50677.13,50677.13,0.00030595146662282247,80.38999999999942,Silver,SI=F,₹/kg,Precious Metal
2012-05-29,27.767000198364258,28.239999771118164,27.767000198364258,28.225000381469727,399,55.36800003051758,50243.89,50270.59,49428.59,49428.59,-0.02463714894667479,842.0,Silver,SI=F,₹/kg,Precious Metal
2012-05-30,27.961999893188477,28.0,27.40999984741211,27.764999389648438,67,55.667999267578125,49692.83,50113.42,49057.46,50045.41,0.01247901265239415,1055.9599999999991,Silver,SI=F,₹/kg,Precious Metal
2012-05-31,27.740999221801758,28.149999618530273,27.56999969482422,27.825000762939453,167,56.22800064086914,50301.19,50888.71,49840.21,50149.33,0.002076514109885297,1048.5,Silver,SI=F,₹/kg,Precious Metal
2012-06-01,28.496999740600586,28.510000228881836,27.260000228881836,27.719999313354492,44,56.07799911499024,49977.69,51402.02,49148.33,51378.58,0.02451179307879081,2253.689999999995,Silver,SI=F,₹/kg,Precious Metal
2012-06-04,27.992000579833984,28.415000915527344,27.992000579833984,28.3799991607666,10,55.53799819946289,50674.92,50737.41,49982.11,49982.11,-0.027180003807034003,755.3000000000029,Silver,SI=F,₹/kg,Precious Metal
2012-06-05,28.389999389648438,28.389999389648438,28.079999923706055,28.135000228881836,25,55.64799880981445,50336.95,50793.18,50238.55,50793.18,0.016227206094340474,554.6299999999974,Silver,SI=F,₹/kg,Precious Metal
2012-06-06,29.47599983215332,29.47599983215332,29.229999542236328,29.229999542236328,5,55.63800048828125,52286.64,52726.69,52286.64,52726.69,0.03806633095230505,440.0500000000029,Silver,SI=F,₹/kg,Precious Metal
2012-06-07,28.518999099731445,29.2450008392334,28.518999099731445,29.2450008392334,14,55.358001708984375,52050.21,52050.21,50758.07,50758.07,-0.037336309182313565,1292.1399999999994,Silver,SI=F,₹/kg,Precious Metal
2012-06-08,28.461000442504883,28.461000442504883,27.940000534057617,27.940000534057617,17,54.9379997253418,49350.29,50270.53,49350.29,50270.53,-0.009605172143070106,920.239999999998,Silver,SI=F,₹/kg,Precious Metal
2012-06-11,28.606000900268555,28.65999984741211,28.606000900268555,28.6200008392334,16,55.417999267578125,50993.04,51064.31,50968.1,50968.1,0.013876320778794193,96.20999999999913,Silver,SI=F,₹/kg,Precious Metal
2012-06-12,28.94300079345703,28.94300079345703,28.420000076293945,28.420000076293945,4,55.65800094604492,50855.99,51791.87,50855.99,51791.87,0.01616246240295416,935.8800000000047,Silver,SI=F,₹/kg,Precious Metal
2012-06-13,28.934999465942383,29.05500030517578,28.78499984741211,28.78499984741211,5,55.79800033569336,51638.7,52123.07,51638.7,51907.79,0.0022381891211882277,484.3700000000026,Silver,SI=F,₹/kg,Precious Metal
2012-06-14,28.400999069213867,28.899999618530273,28.170000076293945,28.899999618530273,9,55.678001403808594,51733.51,51733.51,50426.74,50840.25,-0.02056608458961562,1306.770000000004,Silver,SI=F,₹/kg,Precious Metal
2012-06-15,28.733999252319336,28.733999252319336,28.645000457763672,28.645000457763672,1,55.79800033569336,51387.55,51547.21,51387.55,51547.21,0.013905517773810994,159.65999999999622,Silver,SI=F,₹/kg,Precious Metal
2012-06-18,28.665000915527344,28.770000457763672,28.434999465942383,28.44499969482422,5,55.38800048828125,50653.8,51232.55,50635.99,51045.57,-0.009731661519605028,596.560000000005,Silver,SI=F,₹/kg,Precious Metal
2012-06-19,28.36199951171875,28.3799991607666,28.34000015258789,28.36199951171875,24,55.90299987792969,50975.61,51007.96,50936.07,50975.61,-0.0013705400880037466,71.88999999999942,Silver,SI=F,₹/kg,Precious Metal
2012-06-20,28.382999420166016,28.524999618530273,28.010000228881836,28.024999618530273,7,55.948001861572266,50410.46,51309.84,50383.48,51054.41,0.0015458373131778114,926.3599999999933,Silver,SI=F,₹/kg,Precious Metal
2012-06-21,26.83300018310547,27.8799991607666,26.83300018310547,27.854999542236328,6,56.14799880981445,50283.77,50328.9,48438.86,48438.86,-0.051230638058494926,1890.0400000000009,Silver,SI=F,₹/kg,Precious Metal
2012-06-22,26.656999588012695,26.809999465942383,26.649999618530273,26.790000915527344,161,56.29800033569336,48490.44,48526.64,48237.04,48249.71,-0.0039049226179146412,289.59999999999854,Silver,SI=F,₹/kg,Precious Metal
2012-06-25,27.51799964904785,27.51799964904785,26.639999389648438,26.68000030517578,15,57.11800003051758,48994.72,50533.61,48921.26,50533.61,0.04733499952642206,1612.3499999999985,Silver,SI=F,₹/kg,Precious Metal
2012-06-26,27.03700065612793,27.03700065612793,27.03700065612793,27.03700065612793,1,57.007999420166016,49554.69,49554.69,49554.69,49554.69,-0.019371661751456104,0.0,Silver,SI=F,₹/kg,Precious Metal
2012-06-27,26.94099998474121,26.94099998474121,26.8799991607666,26.8799991607666,52011,57.007999420166016,49266.93,49378.73,49266.93,49378.73,-0.0035508243518423965,111.80000000000291,Silver,SI=F,₹/kg,Precious Metal
2012-06-28,26.246999740600586,27.065000534057617,26.06999969482422,26.875,23940,56.84999847412109,49121.24,49468.52,47649.89,47973.41,-0.028460027222247275,1818.6299999999974,Silver,SI=F,₹/kg,Precious Metal
2012-06-29,27.579999923706055,27.84000015258789,26.235000610351562,26.260000228881836,2012,56.79800033569336,47953.27,50838.5,47907.62,50363.71,0.04982551792753509,2930.8799999999974,Silver,SI=F,₹/kg,Precious Metal
2012-07-02,27.468000411987305,27.549999237060547,27.19499969482422,27.440000534057617,503,55.50299835205078,48965.59,49161.88,48528.4,49015.55,-0.026768480717564214,633.4799999999959,Silver,SI=F,₹/kg,Precious Metal
2012-07-03,28.243000030517578,28.3700008392334,27.440000534057617,27.44499969482422,189,55.428001403808594,48908.34,50556.73,48899.43,50330.41,0.02682536460368201,1657.300000000003,Silver,SI=F,₹/kg,Precious Metal
2012-07-05,27.63800048828125,28.334999084472656,27.4950008392334,28.084999084472656,360,54.47800064086914,49191.04,49628.92,48157.65,48408.12,-0.03819341030601575,1471.2699999999968,Silver,SI=F,₹/kg,Precious Metal
2012-07-06,26.888999938964844,27.674999237060547,26.885000228881836,27.65999984741211,264,54.9379997253418,48855.72,48882.22,47486.85,47493.91,-0.018885467975207404,1395.3700000000026,Silver,SI=F,₹/kg,Precious Metal
2012-07-09,27.410999298095703,27.410999298095703,27.09000015258789,27.125,265,55.40299987792969,48316.28,48825.71,48253.93,48825.71,0.028041489951027287,571.7799999999988,Silver,SI=F,₹/kg,Precious Metal
2012-07-10,26.85099983215332,27.5,26.729999542236328,27.235000610351562,348,55.84299850463867,48897.49,49373.27,47990.81,48208.06,-0.012650097663710391,1382.4599999999991,Silver,SI=F,₹/kg,Precious Metal
2012-07-11,26.9950008392334,27.15999984741211,26.815000534057617,26.985000610351562,191,55.38800048828125,48053.89,48365.52,47751.16,48071.7,-0.002828572649469785,614.3599999999933,Silver,SI=F,₹/kg,Precious Metal
2012-07-12,27.13599967956543,27.13599967956543,26.44499969482422,26.760000228881836,55,55.61800003051758,47851.1,48523.44,47287.83,48523.44,0.00939721291321094,1235.6100000000006,Silver,SI=F,₹/kg,Precious Metal
2012-07-13,27.3439998626709,27.475000381469727,27.139999389648438,27.219999313354492,93,55.928001403808594,48944.94,49403.47,48801.09,49167.91,0.013281622242775848,602.3800000000047,Silver,SI=F,₹/kg,Precious Metal
2012-07-16,27.297000885009766,27.297000885009766,26.885000228881836,27.1299991607666,176,55.13800048828125,48094.04,48390.08,47659.72,48390.08,-0.015819871131394492,730.3600000000006,Silver,SI=F,₹/kg,Precious Metal
2012-07-17,27.29199981689453,27.325000762939453,26.770000457763672,27.290000915527344,1101,55.04800033569336,48298.71,48360.65,47378.4,48302.25,-0.001815041429979125,982.25,Silver,SI=F,₹/kg,Precious Metal
2012-07-18,27.070999145507812,27.264999389648438,26.915000915527344,27.264999389648438,54,55.09799957275391,48298.29,48298.29,47678.29,47954.63,-0.007196766196191695,620.0,Silver,SI=F,₹/kg,Precious Metal
2012-07-19,27.194000244140625,27.395000457763672,27.194000244140625,27.219999313354492,19,55.3129997253418,48406.73,48717.94,48360.5,48360.5,0.008463624888775056,357.4400000000023,Silver,SI=F,₹/kg,Precious Metal
2012-07-20,27.27899932861328,27.27899932861328,27.010000228881836,27.15999984741211,18,55.11800003051758,48129.75,48340.63,47863.94,48340.63,-0.0004108725095894883,476.68999999999505,Silver,SI=F,₹/kg,Precious Metal
2012-07-23,27.018999099731445,27.018999099731445,26.950000762939453,26.950000762939453,58,55.31800079345703,47930.91,48053.63,47930.91,48053.63,-0.005937034746961278,122.71999999999389,Silver,SI=F,₹/kg,Precious Metal
2012-07-24,26.790000915527344,26.860000610351562,26.774999618530273,26.860000610351562,100,55.9630012512207,48327.85,48327.85,48174.91,48201.9,0.003085510917697709,152.93999999999505,Silver,SI=F,₹/kg,Precious Metal
2012-07-25,27.44499969482422,27.44499969482422,27.239999771118164,27.239999771118164,5,56.108001708984375,49138.55,49508.35,49138.55,49508.35,0.027103703380986888,369.79999999999563,Silver,SI=F,₹/kg,Precious Metal
2012-07-26,27.430999755859375,27.6200008392334,27.430999755859375,27.55500030517578,42,56.15800094604492,49751.08,49868.44,49527.19,49527.19,0.00038054186818992086,341.25,Silver,SI=F,₹/kg,Precious Metal
2012-07-27,27.47800064086914,27.47800064086914,27.47800064086914,27.47800064086914,207,55.51800155639648,49046.65,49046.65,49046.65,49046.65,-0.009702549246181746,0.0,Silver,SI=F,₹/kg,Precious Metal
2012-07-30,28.013999938964844,28.059999465942383,27.549999237060547,27.56999969482422,102,55.24800109863281,48971.54,49841.91,48936.01,49760.2,0.014548394232837492,905.9000000000015,Silver,SI=F,₹/kg,Precious Metal
2012-07-31,27.895000457763672,28.229999542236328,27.895000457763672,28.084999084472656,26,55.42300033569336,50044.33,50302.7,49705.77,49705.77,-0.0010938460858276322,596.9300000000003,Silver,SI=F,₹/kg,Precious Metal
2012-08-01,27.517000198364258,27.517000198364258,27.049999237060547,27.049999237060547,42,55.64799880981445,48395.75,49231.27,48395.75,49231.27,-0.009546175423899461,835.5199999999968,Silver,SI=F,₹/kg,Precious Metal
2012-08-02,26.981000900268555,27.475000381469727,26.96500015258789,27.389999389648438,26,55.46799850463867,48845.54,48997.13,48087.63,48116.16,-0.022650441477540473,909.5,Silver,SI=F,₹/kg,Precious Metal
2012-08-03,27.790000915527344,27.790000915527344,27.790000915527344,27.790000915527344,3,55.8380012512207,49889.47,49889.47,49889.47,49889.47,0.036854769790440445,0.0,Silver,SI=F,₹/kg,Precious Metal
2012-08-06,27.851999282836914,27.851999282836914,27.851999282836914,27.851999282836914,2,55.74800109863281,49920.18,49920.18,49920.18,49920.18,0.0006155607586129097,0.0,Silver,SI=F,₹/kg,Precious Metal
2012-08-07,28.075000762939453,28.075000762939453,27.895000457763672,27.895000457763672,6,55.51800155639648,49790.97,50112.27,49790.97,50112.27,0.0038479428559752282,321.29999999999563,Silver,SI=F,₹/kg,Precious Metal
2012-08-08,28.066999435424805,28.066999435424805,28.066999435424805,28.066999435424805,0,55.0629997253418,49687.4,49687.4,49687.4,49687.4,-0.008478362684428253,0.0,Silver,SI=F,₹/kg,Precious Metal
2012-08-09,28.09000015258789,28.09000015258789,28.040000915527344,28.040000915527344,10,55.417999267578125,49959.64,50048.72,49959.64,50048.72,0.007271863691801217,89.08000000000175,Silver,SI=F,₹/kg,Precious Metal
2012-08-10,28.05500030517578,28.05500030517578,27.75,27.764999389648438,2,55.26800155639648,49335.76,49851.07,49309.11,49851.07,-0.003949151946343488,541.9599999999991,Silver,SI=F,₹/kg,Precious Metal
2012-08-13,27.760000228881836,27.844999313354492,27.760000228881836,27.844999313354492,1,55.27799987792969,49486.87,49486.87,49335.81,49335.81,-0.010335986770193761,151.06000000000495,Silver,SI=F,₹/kg,Precious Metal
2012-08-14,27.756000518798828,27.84000015258789,27.684999465942383,27.84000015258789,15,55.3380012512207,49531.69,49531.69,49255.92,49382.24,0.0009411014028146703,275.7700000000041,Silver,SI=F,₹/kg,Precious Metal
2012-08-15,27.80500030517578,27.920000076293945,27.795000076293945,27.81999969482422,36,55.64799880981445,49773.38,49952.29,49728.65,49746.54,0.0073771461156886264,223.63999999999942,Silver,SI=F,₹/kg,Precious Metal
2012-08-16,28.204999923706055,28.204999923706055,27.920000076293945,27.920000076293945,37,55.64799880981445,49952.29,50462.19,49952.29,50462.19,0.01438592513167758,509.90000000000146,Silver,SI=F,₹/kg,Precious Metal
2012-08-17,27.9950008392334,28.139999389648438,27.9950008392334,28.1200008392334,5,55.61800003051758,50282.99,50318.75,50059.47,50059.47,-0.007980628664748801,259.27999999999884,Silver,SI=F,₹/kg,Precious Metal
2012-08-20,28.586000442504883,28.586000442504883,28.385000228881836,28.385000228881836,30,55.72800064086914,50857.24,51217.37,50857.24,51217.37,0.02313048859686284,360.13000000000466,Silver,SI=F,₹/kg,Precious Metal
2012-08-21,29.42099952697754,29.42099952697754,28.670000076293945,28.670000076293945,19,55.49800109863281,51155.87,52495.88,51155.87,52495.88,0.024962429738192293,1340.0099999999948,Silver,SI=F,₹/kg,Precious Metal
2012-08-22,29.548999786376953,29.548999786376953,29.548999786376953,29.548999786376953,0,55.36299896240234,52596.01,52596.01,52596.01,52596.01,0.0019073877797648464,0.0,Silver,SI=F,₹/kg,Precious Metal
2012-08-23,30.44700050354004,30.75,30.44700050354004,30.594999313354492,26,55.49300003051758,54585.73,54862.27,54321.67,54321.67,0.0328097131322318,540.5999999999985,Silver,SI=F,₹/kg,Precious Metal
2012-08-24,30.606000900268555,30.649999618530273,30.350000381469727,30.350000381469727,30,55.257999420166016,53919.31,54452.28,53919.31,54374.11,0.0009653606010271432,532.9700000000012,Silver,SI=F,₹/kg,Precious Metal
2012-08-27,31.038999557495117,31.110000610351562,30.899999618530273,30.899999618530273,89,55.49800109863281,55134.86,55509.56,55134.86,55382.87,0.01855221170516641,374.6999999999971,Silver,SI=F,₹/kg,Precious Metal
2012-08-28,30.868999481201172,30.868999481201172,30.809999465942383,30.868999481201172,14,55.6879997253418,55268.11,55268.11,55162.47,55268.11,-0.0020721208561420568,105.63999999999942,Silver,SI=F,₹/kg,Precious Metal
2012-08-29,30.83099937438965,30.83099937438965,30.75,30.75,42548,55.66299819946289,55030.33,55175.29,55030.33,55175.29,-0.001679449505329611,144.95999999999913,Silver,SI=F,₹/kg,Precious Metal
2012-08-30,30.367000579833984,30.889999389648438,30.19499969482422,30.674999237060547,14491,55.62300109863281,54856.67,55241.15,53998.27,54305.87,-0.01575741604620473,1242.8800000000047,Silver,SI=F,₹/kg,Precious Metal
2012-08-31,31.3700008392334,31.700000762939453,30.270000457763672,30.434999465942383,858,55.62799835205078,54432.36,56694.79,54137.26,56104.59,0.03312201793286795,2557.529999999999,Silver,SI=F,₹/kg,Precious Metal
2012-09-04,32.347999572753906,32.36000061035156,31.520000457763672,31.65999984741211,326,55.52799987792969,56521.46,57771.15,56271.52,57749.72,0.029322556318476023,1499.6300000000047,Silver,SI=F,₹/kg,Precious Metal
2012-09-05,32.27199935913086,32.310001373291016,32.03499984741211,32.29499816894531,367,55.64799880981445,57779.7,57806.54,57314.53,57738.55,-0.0001934208512179847,492.01000000000204,Silver,SI=F,₹/kg,Precious Metal
2012-09-06,32.61899948120117,32.8650016784668,32.20000076293945,32.224998474121094,521,55.90299987792969,57918.65,59068.94,57873.72,58626.8,0.01538400254249539,1195.2200000000012,Silver,SI=F,₹/kg,Precious Metal
2012-09-07,33.632999420166016,33.685001373291016,32.029998779296875,32.56999969482422,115,55.65800094604492,58282.18,60277.41,57315.88,60184.36,0.026567371918644778,2961.530000000006,Silver,SI=F,₹/kg,Precious Metal
2012-09-10,33.57400131225586,33.849998474121094,33.310001373291016,33.654998779296875,190,55.358001708984375,59899.12,60246.18,59285.09,59754.96,-0.0071347439766743515,961.0900000000038,Silver,SI=F,₹/kg,Precious Metal
2012-09-11,33.50899887084961,33.76499938964844,33.41999816894531,33.70000076293945,76,55.4379997253418,60065.89,60181.74,59566.82,59725.45,-0.0004938502176221604,614.9199999999983,Silver,SI=F,₹/kg,Precious Metal
2012-09-12,33.233001708984375,33.70000076293945,32.5099983215332,33.70000076293945,53,55.3380012512207,59957.54,59957.54,57840.34,59126.68,-0.010025374442553359,2117.2000000000044,Silver,SI=F,₹/kg,Precious Metal
2012-09-13,34.715999603271484,34.75,32.709999084472656,33.28499984741211,144,55.20800018310547,59080.07,61680.41,58059.46,61620.06,0.04217013368584199,3620.9500000000044,Silver,SI=F,₹/kg,Precious Metal
2012-09-14,34.60300064086914,34.744998931884766,34.380001068115234,34.595001220703125,225,55.417999267578125,61638.86,61906.12,61255.79,61653.12,0.0005365135963841805,650.3300000000017,Silver,SI=F,₹/kg,Precious Metal
2012-09-17,34.29800033569336,34.665000915527344,34.20000076293945,34.665000915527344,771,54.29800033569336,60515.34,60515.34,59703.58,59874.66,-0.02884622870667375,811.7599999999948,Silver,SI=F,₹/kg,Precious Metal
2012-09-18,34.64400100708008,34.845001220703125,34.0,34.029998779296875,91,54.007999420166016,59089.52,60504.69,59037.43,60155.67,0.00469330431270909,1467.260000000002,Silver,SI=F,₹/kg,Precious Metal
2012-09-19,34.51900100708008,34.845001220703125,34.51900100708008,34.57500076293945,83,54.01800155639648,60046.98,60515.89,59949.72,59949.72,-0.0034236174245918516,566.1699999999983,Silver,SI=F,₹/kg,Precious Metal
2012-09-20,34.61800003051758,34.61800003051758,34.20000076293945,34.2599983215332,45,54.01800155639648,59499.91,60121.65,59395.71,60121.65,0.0028679033029679335,725.9400000000023,Silver,SI=F,₹/kg,Precious Metal
2012-09-21,34.56700134277344,35.09000015258789,34.47999954223633,34.869998931884766,91,54.257999420166016,60828.37,61212.14,60148.04,60299.81,0.0029633251915075487,1064.0999999999985,Silver,SI=F,₹/kg,Precious Metal
2012-09-24,33.92100143432617,34.07500076293945,33.814998626708984,33.904998779296875,125,53.358001708984375,58163.93,58455.57,58009.53,58191.38,-0.03496578181589627,446.0400000000009,Silver,SI=F,₹/kg,Precious Metal
2012-09-25,33.88600158691406,34.244998931884766,33.88600158691406,34.244998931884766,51,53.46799850463867,58868.3,58868.3,58251.17,58251.17,0.001027471766436916,617.1300000000047,Silver,SI=F,₹/kg,Precious Metal
2012-09-26,33.882999420166016,33.882999420166016,33.67499923706055,33.70000076293945,321,53.358001708984375,57812.25,58126.19,57769.36,58126.19,-0.002145536304249296,356.83000000000175,Silver,SI=F,₹/kg,Precious Metal
2012-09-27,34.595001220703125,34.689998626708984,33.86000061035156,33.90999984741211,324,53.507999420166016,58336.04,59677.89,58250.02,59514.46,0.02388372607941447,1427.8700000000026,Silver,SI=F,₹/kg,Precious Metal
2012-09-28,34.516998291015625,34.75,34.47999954223633,34.61000061035156,78,53.007999420166016,58983.9,59222.49,58762.34,58825.4,-0.011578026583791479,460.15000000000146,Silver,SI=F,₹/kg,Precious Metal
2012-10-01,34.88100051879883,34.900001525878906,34.375,34.375,23,52.84799957275391,58406.57,59298.6,58406.57,59266.31,0.0074952316516334605,892.0299999999988,Silver,SI=F,₹/kg,Precious Metal
2012-10-02,34.604000091552734,34.900001525878906,34.56999969482422,34.900001525878906,28,52.39799880981445,58793.67,58793.67,58237.74,58295.02,-0.016388568817596427,555.9300000000003,Silver,SI=F,₹/kg,Precious Metal
2012-10-03,34.63100051879883,34.7400016784668,34.4900016784668,34.529998779296875,25,52.39799880981445,58170.35,58524.13,58102.97,58340.5,0.0007801695582230206,421.1599999999962,Silver,SI=F,₹/kg,Precious Metal
2012-10-04,35.04100036621094,35.04100036621094,34.70000076293945,34.97999954223633,24,52.15299987792969,58652.9,58755.19,58183.42,58755.19,0.007108098147941888,571.7700000000041,Silver,SI=F,₹/kg,Precious Metal
2012-10-05,34.51599884033203,34.95000076293945,34.38999938964844,34.86000061035156,61,51.73799896240234,57986.57,58136.28,57204.77,57414.36,-0.022820622314386196,931.510000000002,Silver,SI=F,₹/kg,Precious Metal
2012-10-08,33.981998443603516,34.04999923706055,33.8650016784668,33.880001068115234,210,51.90800094604492,56541.61,56825.31,56516.58,56711.83,-0.012236137440180483,308.7299999999959,Silver,SI=F,₹/kg,Precious Metal
2012-10-09,33.95100021362305,33.95100021362305,33.625,33.900001525878906,80,52.63800048828125,57370.62,57456.93,56905.22,57456.93,0.01313835226265847,551.7099999999991,Silver,SI=F,₹/kg,Precious Metal
2012-10-10,34.073001861572266,34.073001861572266,33.73500061035156,33.82500076293945,25,52.71799850463867,57330.69,57751.03,57178.15,57751.03,0.0051186166751338025,572.8799999999974,Silver,SI=F,₹/kg,Precious Metal
2012-10-11,34.04600143432617,34.04999923706055,34.04600143432617,34.04999923706055,1,53.042999267578125,58067.83,58067.83,58061.01,58061.01,0.005367523315168654,6.819999999999709,Silver,SI=F,₹/kg,Precious Metal
2012-10-12,33.632999420166016,33.73500061035156,33.632999420166016,33.73500061035156,1,52.667999267578125,57123.92,57123.92,56951.2,56951.2,-0.01911454864460682,172.72000000000116,Silver,SI=F,₹/kg,Precious Metal
2012-10-15,32.707000732421875,32.755001068115234,32.56999969482422,32.56999969482422,4,52.803001403808594,55292.57,55606.64,55292.57,55525.15,-0.025039858686032868,314.0699999999997,Silver,SI=F,₹/kg,Precious Metal
2012-10-16,32.922000885009766,32.970001220703125,32.76499938964844,32.76499938964844,9,53.01300048828125,55844.83,56194.24,55844.83,56112.43,0.01057682869834653,349.4099999999962,Silver,SI=F,₹/kg,Precious Metal
2012-10-17,33.196998596191406,33.20000076293945,33.02000045776367,33.02000045776367,2,52.86800003051758,56125.52,56431.48,56125.52,56426.37,0.0055948387906208374,305.9600000000064,Silver,SI=F,₹/kg,Precious Metal
2012-10-18,32.8380012512207,32.97999954223633,32.78499984741211,32.78499984741211,15,52.86800003051758,55726.08,56057.53,55726.08,55816.17,-0.010814092772581385,331.4499999999971,Silver,SI=F,₹/kg,Precious Metal
2012-10-19,32.073001861572266,32.61000061035156,32.040000915527344,32.61000061035156,39,53.40800094604492,55994.78,55994.78,55016.03,55072.7,-0.013319975197151668,978.75,Silver,SI=F,₹/kg,Precious Metal
2012-10-22,32.22700119018555,32.22700119018555,32.150001525878906,32.150001525878906,10,53.8380012512207,55649.38,55782.66,55649.38,55782.66,0.01289132365037493,133.2800000000061,Silver,SI=F,₹/kg,Precious Metal
2012-10-23,31.76799964904785,31.899999618530273,31.700000762939453,31.899999618530273,23,53.46799850463867,54837.17,54837.17,54493.37,54610.26,-0.021017283865631398,343.79999999999563,Silver,SI=F,₹/kg,Precious Metal
2012-10-24,31.594999313354492,31.850000381469727,31.594999313354492,31.594999313354492,1,53.71799850463867,54566.82,55007.22,54566.82,54566.82,-0.0007954549200095418,440.40000000000146,Silver,SI=F,₹/kg,Precious Metal
2012-10-25,32.04899978637695,32.04899978637695,32.0,32.0,1,53.733001708984375,55281.72,55366.37,55281.72,55366.37,0.014652677213002452,84.65000000000146,Silver,SI=F,₹/kg,Precious Metal
2012-10-26,32.01100158691406,32.30500030517578,31.649999618530273,32.119998931884766,27,53.54800033569336,55297.97,55616.47,54488.82,55110.32,-0.004624648500524797,1127.6500000000015,Silver,SI=F,₹/kg,Precious Metal
2012-10-31,32.28799819946289,32.28799819946289,32.189998626708984,32.189998626708984,4,53.95800018310547,55842.81,56012.81,55842.81,56012.81,0.016376061688627486,170.0,Silver,SI=F,₹/kg,Precious Metal
2012-11-01,32.22600173950195,32.470001220703125,32.22600173950195,32.470001220703125,2,53.87799835205078,56245.03,56245.03,55822.38,55822.38,-0.0033997580196387656,422.65000000000146,Silver,SI=F,₹/kg,Precious Metal
2012-11-02,30.834999084472656,32.10499954223633,30.834999084472656,32.10499954223633,10,53.65299987792969,55380.53,55380.53,53189.8,53189.8,-0.04715993836163912,2190.729999999996,Silver,SI=F,₹/kg,Precious Metal
2012-11-05,31.113000869750977,31.155000686645508,30.78499984741211,30.78499984741211,15,53.80799865722656,53256.97,53897.06,53256.97,53824.4,0.011930858924079413,640.0899999999965,Silver,SI=F,₹/kg,Precious Metal
2012-11-06,32.01900100708008,32.150001525878906,31.1200008392334,31.1200008392334,23,54.5880012512207,54616.92,56424.62,54616.92,56194.71,0.044037834142136134,1807.7000000000044,Silver,SI=F,₹/kg,Precious Metal
2012-11-07,31.650999069213867,32.154998779296875,31.56999969482422,31.954999923706055,34,54.417999267578125,55907.73,56257.64,55234.14,55375.85,-0.014571834252725901,1023.5,Silver,SI=F,₹/kg,Precious Metal
2012-11-08,32.23099899291992,32.349998474121094,31.809999465942383,31.809999465942383,23,54.198001861572266,55429.04,56369.99,55429.04,56162.63,0.014207998613113837,940.9499999999971,Silver,SI=F,₹/kg,Precious Metal
2012-11-09,32.59000015258789,32.665000915527344,32.095001220703125,32.275001525878906,6,54.358001708984375,56405.34,57086.92,56090.76,56955.84,0.01412344827868628,996.1599999999962,Silver,SI=F,₹/kg,Precious Metal
2012-11-12,32.51300048828125,32.51300048828125,32.51300048828125,32.51300048828125,0,54.5880012512207,57061.7,57061.7,57061.7,57061.7,0.0018586329338659002,0.0,Silver,SI=F,₹/kg,Precious Metal
2012-11-13,32.47800064086914,32.56999969482422,32.19499969482422,32.21500015258789,12,54.87799835205078,56839.05,57465.4,56803.76,57303.08,0.004230157881731644,661.6399999999994,Silver,SI=F,₹/kg,Precious Metal
2012-11-14,32.87099838256836,32.87099838256836,32.63999938964844,32.63999938964844,5,54.87799835205078,57588.91,57996.47,57588.91,57996.47,0.012100396697699356,407.5599999999977,Silver,SI=F,₹/kg,Precious Metal
2012-11-15,32.665000915527344,32.665000915527344,32.665000915527344,32.665000915527344,0,54.803001403808594,57554.26,57554.26,57554.26,57554.26,-0.007624774404373258,0.0,Silver,SI=F,₹/kg,Precious Metal
2012-11-16,32.361000061035156,32.361000061035156,32.361000061035156,32.361000061035156,0,54.698001861572266,56909.38,56909.38,56909.38,56909.38,-0.011204730979079702,0.0,Silver,SI=F,₹/kg,Precious Metal
2012-11-19,33.180999755859375,33.180999755859375,33.180999755859375,33.180999755859375,0,55.15800094604492,58842.13,58842.13,58842.13,58842.13,0.033961888180823685,0.0,Silver,SI=F,₹/kg,Precious Metal
2012-11-20,32.92300033569336,32.92300033569336,32.92300033569336,32.92300033569336,1,55.05799865722656,58278.75,58278.75,58278.75,58278.75,-0.009574432468709038,0.0,Silver,SI=F,₹/kg,Precious Metal
2012-11-21,33.34400177001953,33.34400177001953,33.34400177001953,33.34400177001953,0,55.09799957275391,59066.87,59066.87,59066.87,59066.87,0.013523282500053746,0.0,Silver,SI=F,₹/kg,Precious Metal
2012-11-23,34.111000061035156,34.111000061035156,33.31999969482422,33.334999084472656,4,55.20800018310547,59168.82,60546.2,59142.19,60546.2,0.02504500407758181,1404.0099999999948,Silver,SI=F,₹/kg,Precious Metal
2012-11-26,34.13800048828125,34.13800048828125,34.005001068115234,34.005001068115234,8,55.44300079345703,60614.98,60852.05,60614.98,60852.05,0.005051514380753908,237.0699999999997,Silver,SI=F,₹/kg,Precious Metal
2012-11-27,33.981998443603516,34.099998474121094,33.981998443603516,34.099998474121094,2,55.63600158691406,60995.91,60995.91,60784.84,60784.84,-0.0011044821004387861,211.07000000000698,Silver,SI=F,₹/kg,Precious Metal
2012-11-28,33.680999755859375,33.680999755859375,33.525001525878906,33.560001373291016,90510,55.448001861572266,59827.15,60042.85,59764.75,60042.85,-0.012206826570572482,278.09999999999854,Silver,SI=F,₹/kg,Precious Metal
2012-11-29,34.347999572753906,34.39500045776367,33.53499984741211,33.75,16173,55.70299911499024,60442.55,61597.68,60057.51,61513.5,0.02449334100563183,1540.1699999999983,Silver,SI=F,₹/kg,Precious Metal
2012-11-30,33.20399856567383,34.345001220703125,33.13999938964844,34.22999954223633,1463,54.8380012512207,60350.23,60552.99,58428.47,58541.31,-0.04831768636153044,2124.519999999997,Silver,SI=F,₹/kg,Precious Metal
2012-12-03,33.680999755859375,33.849998474121094,33.40999984741211,33.5,445,54.257999420166016,58438.49,59049.04,58281.49,58754.24,0.0036372605942709413,767.5500000000029,Silver,SI=F,₹/kg,Precious Metal
2012-12-04,32.73400115966797,33.47999954223633,32.720001220703125,33.400001525878906,443,54.76800155639648,58811.71,58952.57,57614.35,57639.0,-0.01898143861617474,1338.2200000000012,Silver,SI=F,₹/kg,Precious Metal
2012-12-05,32.882999420166016,33.165000915527344,32.529998779296875,32.93000030517578,442,54.67300033569336,57883.54,58296.62,57180.43,57800.92,0.002809209042488492,1116.1900000000023,Silver,SI=F,₹/kg,Precious Metal
2012-12-06,33.03900146484375,33.150001525878906,32.54499816894531,32.75,227,54.53799819946289,57424.99,58126.37,57065.53,57931.74,0.002263285774690038,1060.8400000000038,Silver,SI=F,₹/kg,Precious Metal
2012-12-07,33.053001403808594,33.220001220703125,32.64500045776367,33.04999923706055,134,54.132999420166016,57520.68,57816.55,56815.81,57525.9,-0.00700548611175833,1000.7400000000052,Silver,SI=F,₹/kg,Precious Metal
2012-12-10,33.29999923706055,33.400001525878906,33.13999938964844,33.13999938964844,92,54.3380012512207,57895.74,58349.96,57895.74,58175.26,0.011288132823649821,454.22000000000116,Silver,SI=F,₹/kg,Precious Metal
2012-12-11,32.941001892089844,33.189998626708984,32.775001525878906,33.06999969482422,435,54.48799896240234,57932.93,58143.15,57416.14,57706.95,-0.008049985509304247,727.010000000002,Silver,SI=F,₹/kg,Precious Metal
2012-12-12,33.707000732421875,33.707000732421875,32.9900016784668,32.9900016784668,573,54.257999420166016,57548.84,58799.59,57548.84,58799.59,0.01893428781108697,1250.75,Silver,SI=F,₹/kg,Precious Metal
2012-12-13,32.279998779296875,33.36000061035156,32.255001068115234,33.36000061035156,880,54.31800079345703,58258.63,58258.63,56328.9,56372.56,-0.041276308219155955,1929.729999999996,Silver,SI=F,₹/kg,Precious Metal
2012-12-14,32.222999572753906,32.630001068115234,32.222999572753906,32.4900016784668,315,54.45800018310547,56885.54,57130.66,56418.05,56418.05,0.0008069528862979514,712.6100000000006,Silver,SI=F,₹/kg,Precious Metal
2012-12-17,32.20600128173828,32.334999084472656,32.10499954223633,32.290000915527344,72,54.4379997253418,56514.6,56593.36,56190.81,56367.58,-0.000894571861310367,402.5500000000029,Silver,SI=F,₹/kg,Precious Metal
2012-12-18,31.594999313354492,32.459999084472656,31.350000381469727,32.43000030517578,192,54.84799957275391,57187.11,57240.01,55282.64,55714.67,-0.01158307665505609,1957.3700000000026,Silver,SI=F,₹/kg,Precious Metal
2012-12-19,31.045000076293945,31.725000381469727,30.979999542236328,31.709999084472656,357,54.84799957275391,55917.46,55943.92,54630.18,54744.8,-0.017407803007717604,1313.739999999998,Silver,SI=F,₹/kg,Precious Metal
2012-12-20,29.61199951171875,31.200000762939453,29.61199951171875,31.010000228881836,645,54.54800033569336,54383.99,54717.2,51932.23,51932.23,-0.05137602110154749,2784.969999999994,Silver,SI=F,₹/kg,Precious Metal
2012-12-21,30.142000198364258,30.15999984741211,29.635000228881836,29.950000762939453,252,54.84799957275391,52813.88,53184.19,52258.41,53152.45,0.023496391354655755,925.7799999999988,Silver,SI=F,₹/kg,Precious Metal
2012-12-24,29.839000701904297,30.084999084472656,29.839000701904297,30.084999084472656,7,55.05799865722656,53255.06,53255.06,52819.6,52819.6,-0.006262176061498592,435.4599999999991,Silver,SI=F,₹/kg,Precious Metal
2012-12-26,29.982999801635742,30.204999923706055,29.982999801635742,30.18000030517578,38,55.007999420166016,53374.71,53418.92,53026.3,53026.3,0.003913320055433989,392.61999999999534,Silver,SI=F,₹/kg,Precious Metal
2012-12-27,30.18400001525879,30.18400001525879,29.950000762939453,29.950000762939453,485,54.8380012512207,52804.25,53216.81,52804.25,53216.81,0.003592745486673543,412.5599999999977,Silver,SI=F,₹/kg,Precious Metal
2012-12-28,29.920000076293945,30.200000762939453,29.920000076293945,30.200000762939453,202,54.94200134277344,53346.0,53346.0,52851.4,52851.4,-0.006866439382593459,494.59999999999854,Silver,SI=F,₹/kg,Precious Metal
2012-12-31,30.17300033569336,30.375,30.09000015258789,30.09000015258789,7,54.75299835205078,52968.85,53470.55,52968.85,53114.96,0.004986812080663761,501.70000000000437,Silver,SI=F,₹/kg,Precious Metal
2013-01-02,30.95199966430664,31.084999084472656,30.584999084472656,30.6299991607666,13,54.678001403808594,53845.58,54645.44,53766.47,54411.64,0.02441270783221894,878.9700000000012,Silver,SI=F,₹/kg,Precious Metal
2013-01-03,30.67099952697754,31.0,30.454999923706055,30.774999618530273,24,54.34799957275391,53773.96,54167.11,53214.82,53592.24,-0.015059277757479839,952.2900000000009,Silver,SI=F,₹/kg,Precious Metal
2013-01-04,29.895999908447266,30.209999084472656,29.209999084472656,29.434999465942383,125,54.49800109863281,51574.5,52932.42,51180.27,52382.24,-0.022577895605781717,1752.1500000000015,Silver,SI=F,₹/kg,Precious Metal
2013-01-07,30.031999588012695,30.395000457763672,29.90999984741211,30.395000457763672,91,54.880001068115234,53629.86,53629.86,52774.11,52989.37,0.011590378723781214,855.75,Silver,SI=F,₹/kg,Precious Metal
2013-01-08,30.415000915527344,30.415000915527344,30.125,30.2549991607666,57,55.21799850463867,53711.62,53995.67,53480.83,53995.67,0.01899060132249164,514.8399999999965,Silver,SI=F,₹/kg,Precious Metal
2013-01-09,30.201000213623047,30.270000457763672,30.094999313354492,30.094999313354492,70,54.98799896240234,53205.03,53514.41,53205.03,53392.43,-0.011172006940556534,309.38000000000466,Silver,SI=F,₹/kg,Precious Metal
2013-01-10,30.875,30.875,30.665000915527344,30.760000228881836,52,54.74800109863281,54143.34,54345.76,53976.12,54345.76,0.017855152874667768,369.6399999999994,Silver,SI=F,₹/kg,Precious Metal
2013-01-11,30.367000579833984,30.780000686645508,30.149999618530273,30.780000686645508,55,54.55799865722656,53990.52,53990.52,52885.45,53266.08,-0.019866867258825693,1105.0699999999997,Silver,SI=F,₹/kg,Precious Metal
2013-01-14,31.079999923706055,31.079999923706055,30.6200008392334,30.6200008392334,25,54.86800003051758,54015.05,54826.51,54015.05,54826.51,0.02929500349941283,811.4599999999991,Silver,SI=F,₹/kg,Precious Metal
2013-01-15,31.49799919128418,31.49799919128418,30.950000762939453,30.950000762939453,23,54.49300003051758,54224.03,55184.12,54224.03,55184.12,0.006522574572045636,960.0900000000038,Silver,SI=F,₹/kg,Precious Metal
2013-01-16,31.513999938964844,31.513999938964844,31.2549991607666,31.375,8,54.61299896240234,55089.67,55333.74,54878.97,55333.74,0.0027112872326313653,454.7699999999968,Silver,SI=F,₹/kg,Precious Metal
2013-01-17,31.785999298095703,31.785999298095703,31.165000915527344,31.30500030517578,28,54.6879997253418,55042.25,55887.97,54796.1,55887.97,0.010016131206746604,1091.8700000000026,Silver,SI=F,₹/kg,Precious Metal
2013-01-18,31.902000427246094,32.060001373291016,31.764999389648438,32.060001373291016,54,54.34799957275391,56019.28,56019.28,55503.82,55743.2,-0.002590360680482795,515.4599999999991,Silver,SI=F,₹/kg,Precious Metal
2013-01-22,32.14699935913086,32.25,31.834999084472656,31.834999084472656,13,53.76800155639648,55032.49,55749.89,55032.49,55571.84,-0.0030740969302085475,717.4000000000015,Silver,SI=F,₹/kg,Precious Metal
2013-01-23,32.409000396728516,32.409000396728516,32.1349983215332,32.1349983215332,3,53.80799865722656,55592.42,56066.43,55592.42,56066.43,0.00890001122870876,474.01000000000204,Silver,SI=F,₹/kg,Precious Metal
2013-01-24,31.69499969482422,31.75,31.69499969482422,31.735000610351562,2,53.667999267578125,54757.59,54783.47,54688.57,54688.57,-0.024575490181914517,94.90000000000146,Silver,SI=F,₹/kg,Precious Metal
2013-01-25,31.18000030517578,31.18000030517578,31.18000030517578,31.18000030517578,0,53.678001403808594,53809.99,53809.99,53809.99,53809.99,-0.0160651485310368,0.0,Silver,SI=F,₹/kg,Precious Metal
2013-01-28,30.756000518798828,31.0,30.756000518798828,31.0,4,53.792999267578125,53613.96,53613.96,53191.97,53191.97,-0.011485227928865971,421.98999999999796,Silver,SI=F,₹/kg,Precious Metal
2013-01-29,31.159000396728516,31.159000396728516,31.065000534057617,31.065000534057617,68,53.90800094604492,53841.24,54004.16,53841.24,54004.16,0.015269034029008477,162.92000000000553,Silver,SI=F,₹/kg,Precious Metal
2013-01-30,32.152000427246094,32.2599983215332,31.5,31.5,60,53.757999420166016,54443.26,55756.8,54443.26,55570.15,0.02899758092709881,1313.5400000000009,Silver,SI=F,₹/kg,Precious Metal
2013-01-31,31.334999084472656,31.864999771118164,31.299999237060547,31.864999771118164,3,53.303001403808594,54607.97,54607.97,53639.71,53699.69,-0.03365943766572521,968.260000000002,Silver,SI=F,₹/kg,Precious Metal
2013-02-01,31.941999435424805,31.941999435424805,31.600000381469727,31.600000381469727,1,53.2130012512207,54062.39,54647.5,54062.39,54647.5,0.017650195001125635,585.1100000000006,Silver,SI=F,₹/kg,Precious Metal
2013-02-04,31.700000762939453,31.704999923706055,31.690000534057617,31.704999923706055,4,53.16299819946289,54191.06,54191.06,54165.42,54182.52,-0.008508714945788975,25.639999999999418,Silver,SI=F,₹/kg,Precious Metal
2013-02-05,31.858999252319336,32.02000045776367,31.670000076293945,32.02000045776367,2,53.28300094604492,54853.01,54853.01,54253.43,54577.2,0.007284268062836441,599.5800000000017,Silver,SI=F,₹/kg,Precious Metal
2013-02-06,31.861000061035156,31.861000061035156,31.861000061035156,31.861000061035156,0,53.132999420166016,54426.97,54426.97,54426.97,54426.97,-0.002752614644943252,0.0,Silver,SI=F,₹/kg,Precious Metal
2013-02-07,31.386999130249023,31.760000228881836,31.344999313354492,31.485000610351562,34,53.15299987792969,53804.91,54274.86,53565.66,53637.44,-0.014506227335455146,709.1999999999971,Silver,SI=F,₹/kg,Precious Metal
2013-02-08,31.424999237060547,31.600000381469727,31.399999618530273,31.450000762939453,48,53.21799850463867,53810.82,54067.47,53725.27,53768.04,0.0024348663918336566,342.20000000000437,Silver,SI=F,₹/kg,Precious Metal
2013-02-11,30.895000457763672,31.174999237060547,30.895000457763672,31.15999984741211,22,53.5880012512207,53685.31,53711.15,53228.74,53228.74,-0.010030121983245155,482.4100000000035,Silver,SI=F,₹/kg,Precious Metal
2013-02-12,31.003999710083008,31.079999923706055,30.799999237060547,30.81999969482422,53,53.95800018310547,53466.15,53917.19,53431.45,53785.35,0.010456944876019891,485.74000000000524,Silver,SI=F,₹/kg,Precious Metal
2013-02-13,30.854000091552734,30.924999237060547,30.854000091552734,30.889999389648438,55,53.84799957275391,53478.34,53538.93,53416.01,53416.01,-0.006866925659124612,122.91999999999825,Silver,SI=F,₹/kg,Precious Metal
2013-02-14,30.343000411987305,31.040000915527344,30.343000411987305,30.985000610351562,73,53.81800079345703,53612.93,53708.09,52502.08,52502.08,-0.017109664312253914,1206.0099999999948,Silver,SI=F,₹/kg,Precious Metal
2013-02-15,29.839000701904297,30.25,29.770000457763672,30.25,67,53.917999267578125,52438.42,52438.42,51606.34,51725.95,-0.01478284288927223,832.0800000000017,Silver,SI=F,₹/kg,Precious Metal
2013-02-19,29.413000106811523,30.045000076293945,29.413000106811523,30.040000915527344,58,54.178001403808594,52325.5,52334.2,51233.35,51233.35,-0.009523266368234862,1100.8499999999985,Silver,SI=F,₹/kg,Precious Metal
2013-02-20,28.614999771118164,28.739999771118164,28.315000534057617,28.739999771118164,9,54.16299819946289,50047.21,50047.21,49307.13,49829.54,-0.0274003163954728,740.0800000000017,Silver,SI=F,₹/kg,Precious Metal
2013-02-21,28.69499969482422,28.69499969482422,28.44499969482422,28.44499969482422,1,54.06800079345703,49446.63,49881.21,49446.63,49881.21,0.0010369351192083265,434.58000000000175,Silver,SI=F,₹/kg,Precious Metal
2013-02-22,28.45599937438965,28.45599937438965,28.420000076293945,28.420000076293945,2,54.46799850463867,49768.66,49831.7,49768.66,49831.7,-0.0009925581195805444,63.0399999999936,Silver,SI=F,₹/kg,Precious Metal
2013-02-25,28.982999801635742,28.989999771118164,28.96500015258789,28.975000381469727,11,54.27299880981445,50558.91,50585.08,50541.46,50572.87,0.014873464080093601,43.62000000000262,Silver,SI=F,₹/kg,Precious Metal
2013-02-26,29.256000518798828,29.256000518798828,29.256000518798828,29.256000518798828,70905,53.86299896240234,50663.59,50663.59,50663.59,50663.59,0.001793847175372676,0.0,Silver,SI=F,₹/kg,Precious Metal
2013-02-27,28.94300079345703,29.389999389648438,28.829999923706055,29.360000610351562,25170,54.0880012512207,51056.08,51108.24,50134.42,50330.93,-0.006566056609884852,973.8199999999997,Silver,SI=F,₹/kg,Precious Metal
2013-02-28,28.395000457763672,29.135000228881836,28.389999389648438,28.954999923706055,1524,53.858001708984375,50137.68,50449.36,49159.34,49168.0,-0.023105672794045296,1290.020000000004,Silver,SI=F,₹/kg,Precious Metal
2013-03-01,28.451000213623047,28.7450008392334,27.959999084472656,28.485000610351562,947,54.36299896240234,49786.33,50240.76,48868.72,49726.9,0.011367149365441032,1372.0400000000009,Silver,SI=F,₹/kg,Precious Metal
2013-03-04,28.457000732421875,28.700000762939453,28.457000732421875,28.635000228881836,78,54.89799880981445,50541.04,50655.76,50226.86,50226.86,0.010054115579294143,428.90000000000146,Silver,SI=F,₹/kg,Precious Metal
2013-03-05,28.562999725341797,28.9950008392334,28.562999725341797,28.579999923706055,309,54.858001708984375,50407.21,51139.15,50377.22,50377.22,0.0029936173593172466,761.9300000000003,Silver,SI=F,₹/kg,Precious Metal
2013-03-06,28.760000228881836,28.9950008392334,28.579999923706055,28.674999237060547,212,54.917999267578125,50630.07,51195.08,50462.34,50780.16,0.007998456445194924,732.7400000000052,Silver,SI=F,₹/kg,Precious Metal
2013-03-07,28.767000198364258,29.040000915527344,28.735000610351562,28.954999923706055,53,54.7130012512207,50933.62,51083.14,50546.63,50602.92,-0.003490339534180431,536.510000000002,Silver,SI=F,₹/kg,Precious Metal
2013-03-08,28.909000396728516,29.190000534057617,28.350000381469727,28.850000381469727,333,54.55799865722656,50605.15,51201.53,49728.11,50708.64,0.0020892075002787447,1473.4199999999983,Silver,SI=F,₹/kg,Precious Metal
2013-03-11,28.812000274658203,28.959999084472656,28.719999313354492,28.860000610351562,124,54.34299850463867,50423.2,50597.91,50178.59,50339.33,-0.0072829797841156285,419.320000000007,Silver,SI=F,₹/kg,Precious Metal
2013-03-12,29.131000518798828,29.290000915527344,28.84000015258789,28.940000534057617,58,54.40800094604492,50623.45,51235.69,50448.52,50957.56,0.012281252054804792,787.1700000000055,Silver,SI=F,₹/kg,Precious Metal
2013-03-13,28.922000885009766,29.21500015258789,28.829999923706055,29.030000686645508,69,54.141998291015625,50532.61,50854.64,50184.47,50344.62,-0.012028440922210448,670.1699999999983,Silver,SI=F,₹/kg,Precious Metal
2013-03-14,28.77199935913086,28.799999237060547,28.56999969482422,28.799999237060547,30,54.36299896240234,50336.88,50336.88,49934.89,50287.94,-0.0011258402586016292,401.98999999999796,Silver,SI=F,₹/kg,Precious Metal
2013-03-15,28.816999435424805,28.889999389648438,28.75,28.885000228881836,62,54.35300064086914,50476.16,50484.9,50240.25,50357.33,0.0013798536985210053,244.65000000000146,Silver,SI=F,₹/kg,Precious Metal
2013-03-18,28.840999603271484,29.049999237060547,28.684999465942383,28.815000534057617,98,54.02299880981445,50048.12,50456.28,49822.32,50093.28,-0.005243526612709659,633.9599999999991,Silver,SI=F,₹/kg,Precious Metal
2013-03-19,28.809999465942383,29.049999237060547,28.684999465942383,28.84000015258789,245,54.073001861572266,50137.9,50502.98,49868.44,50085.75,-0.0001503195638217214,634.5400000000009,Silver,SI=F,₹/kg,Precious Metal
2013-03-20,28.783000946044922,28.8799991607666,28.424999237060547,28.8799991607666,23,54.36800003051758,50481.35,50481.35,49686.02,50311.8,0.004513259759512556,795.3300000000017,Silver,SI=F,₹/kg,Precious Metal
2013-03-21,29.179000854492188,29.190000534057617,28.940000534057617,28.940000534057617,144,54.34999847412109,50569.48,51006.33,50569.48,50987.11,0.013422497306794678,436.84999999999854,Silver,SI=F,₹/kg,Precious Metal
2013-03-22,28.666000366210938,29.104999542236328,28.594999313354492,29.104999542236328,135,54.27799987792969,50790.43,50790.43,49900.44,50024.34,-0.01888261562579252,889.989999999998,Silver,SI=F,₹/kg,Precious Metal
2013-03-25,28.78499984741211,28.78499984741211,28.459999084472656,28.459999084472656,64,54.34299850463867,49724.33,50292.16,49724.33,50292.16,0.00535379377319134,567.8300000000017,Silver,SI=F,₹/kg,Precious Metal
2013-03-26,28.643999099731445,28.78499984741211,28.575000762939453,28.78499984741211,126,54.167999267578125,50130.2,50130.2,49764.48,49884.64,-0.008103052245121423,365.7199999999939,Silver,SI=F,₹/kg,Precious Metal
2013-03-27,28.57699966430664,28.665000915527344,28.1200008392334,28.665000915527344,163,54.36299896240234,50100.93,50100.93,49148.38,49947.12,0.0012524897443382255,952.5500000000029,Silver,SI=F,₹/kg,Precious Metal
2013-03-28,28.29199981689453,28.719999313354492,28.29199981689453,28.719999313354492,8,54.38800048828125,50220.14,50220.14,49471.74,49471.74,-0.009517665883438386,748.4000000000015,Silver,SI=F,₹/kg,Precious Metal
2013-04-01,27.913000106811523,27.975000381469727,27.854999542236328,27.959999084472656,23,54.27799987792969,48792.31,48818.49,48609.08,48710.3,-0.01539141336043559,209.40999999999622,Silver,SI=F,₹/kg,Precious Metal
2013-04-02,27.216999053955078,27.920000076293945,27.170000076293945,27.899999618530273,7,54.25,48662.5,48697.38,47389.25,47471.22,-0.025437741093772837,1308.1299999999974,Silver,SI=F,₹/kg,Precious Metal
2013-04-03,26.773000717163086,27.209999084472656,26.700000762939453,27.104999542236328,95,54.42300033569336,47426.64,47610.36,46717.99,46845.72,-0.01317640456680913,892.3700000000026,Silver,SI=F,₹/kg,Precious Metal
2013-04-04,26.74799919128418,26.959999084472656,26.704999923706055,26.90999984741211,192,54.428001403808594,47089.76,47177.26,46731.04,46806.28,-0.0008419125589275156,446.22000000000116,Silver,SI=F,₹/kg,Precious Metal
2013-04-05,27.201000213623047,27.239999771118164,26.844999313354492,26.860000610351562,26,54.882999420166016,47395.19,48065.71,47368.72,47996.9,0.025437184924758105,696.989999999998,Silver,SI=F,₹/kg,Precious Metal
2013-04-08,27.1200008392334,27.235000610351562,27.079999923706055,27.235000610351562,33,54.803001403808594,47986.84,47986.84,47713.74,47784.22,-0.004431119509801684,273.09999999999854,Silver,SI=F,₹/kg,Precious Metal
2013-04-09,27.865999221801758,27.934999465942383,27.280000686645508,27.360000610351562,45,54.55799865722656,47991.57,49000.16,47851.24,48879.13,0.022913631320130357,1148.9200000000055,Silver,SI=F,₹/kg,Precious Metal
2013-04-10,27.638999938964844,27.729999542236328,27.514999389648438,27.729999542236328,10,54.57799911499024,48658.41,48658.41,48281.14,48498.73,-0.007782462576563787,377.2700000000041,Silver,SI=F,₹/kg,Precious Metal
2013-04-11,27.684999465942383,27.684999465942383,27.684999465942383,27.684999465942383,23,54.51300048828125,48521.59,48521.59,48521.59,48521.59,0.00047135254881913724,0.0,Silver,SI=F,₹/kg,Precious Metal
2013-04-12,26.32200050354004,27.28499984741211,26.084999084472656,27.28499984741211,148,54.29800033569336,47631.93,47631.93,45537.07,45950.81,-0.05298218792912601,2094.8600000000006,Silver,SI=F,₹/kg,Precious Metal
2013-04-15,23.354999542236328,24.639999389648438,23.030000686645508,24.5,120,54.51300048828125,42939.46,43184.83,40363.1,40932.7,-0.10920612716076172,2821.730000000003,Silver,SI=F,₹/kg,Precious Metal
2013-04-16,23.621999740600586,23.7549991607666,23.434999465942383,23.709999084472656,51,54.542999267578125,41577.75,41656.66,41095.51,41423.43,0.011988703408277512,561.1500000000015,Silver,SI=F,₹/kg,Precious Metal
2013-04-17,23.301000595092773,23.301000595092773,23.100000381469727,23.100000381469727,5,54.14799880981445,40214.7,40564.62,40214.7,40564.62,-0.02073246952268315,349.92000000000553,Silver,SI=F,₹/kg,Precious Metal
2013-04-18,23.23900032043457,23.5,22.600000381469727,22.600000381469727,4,54.20800018310547,39387.85,40956.39,39387.85,40501.51,-0.001555789256746376,1568.5400000000009,Silver,SI=F,₹/kg,Precious Metal
2013-04-19,22.954999923706055,23.770000457763672,22.954999923706055,23.7450008392334,22,54.02299880981445,41242.15,41285.57,39870.02,39870.02,-0.015591764356440163,1415.550000000003,Silver,SI=F,₹/kg,Precious Metal
2013-04-22,23.31999969482422,23.434999465942383,23.094999313354492,23.100000381469727,30,53.93299865722656,40055.02,40635.91,40046.35,40436.5,0.014208169446616958,589.560000000005,Silver,SI=F,₹/kg,Precious Metal
2013-04-23,22.812999725341797,23.200000762939453,22.790000915527344,23.200000762939453,3,54.13800048828125,40381.33,40381.33,39667.7,39707.73,-0.01802257861090839,713.6300000000047,Silver,SI=F,₹/kg,Precious Metal
2013-04-24,22.82900047302246,22.989999771118164,22.82900047302246,22.96500015258789,4,54.37799835205078,40149.5,40193.2,39911.73,39911.73,0.0051375387109764414,281.4699999999939,Silver,SI=F,₹/kg,Precious Metal
2013-04-25,24.139999389648438,24.200000762939453,23.600000381469727,23.600000381469727,7,54.27299880981445,41179.99,42226.94,41179.99,42122.24,0.055384970784278176,1046.9500000000044,Silver,SI=F,₹/kg,Precious Metal
2013-04-26,23.757999420166016,24.100000381469727,23.757999420166016,24.094999313354492,85932,54.21799850463867,42001.12,42009.83,41413.68,41413.68,-0.016821517564118094,596.1500000000015,Silver,SI=F,₹/kg,Precious Metal
2013-04-29,24.121999740600586,24.549999237060547,23.924999237060547,23.969999313354492,19709,54.37300109863281,41902.68,42916.59,41824.01,42168.39,0.018223688404411353,1092.5799999999945,Silver,SI=F,₹/kg,Precious Metal
2013-04-30,24.143999099731445,24.510000228881836,23.985000610351562,24.5049991607666,2035,54.22800064086914,42723.69,42732.41,41817.09,42094.29,-0.0017572404353117799,915.320000000007,Silver,SI=F,₹/kg,Precious Metal
2013-05-01,23.30500030517578,24.274999618530273,23.229999542236328,24.25,1646,53.79800033569336,41943.85,41987.09,40179.61,40309.34,-0.0424036134117004,1807.479999999996,Silver,SI=F,₹/kg,Precious Metal
2013-05-02,23.790000915527344,24.0,23.354999542236328,23.559999465942383,1083,53.65800094604492,40644.35,41403.41,40290.7,41041.14,0.01815460139014946,1112.7100000000064,Silver,SI=F,₹/kg,Precious Metal
2013-05-03,23.975000381469727,24.299999237060547,23.604999542236328,23.75,242,53.80799865722656,41086.66,42038.14,40835.82,41475.91,0.010593516651828061,1202.3199999999997,Silver,SI=F,₹/kg,Precious Metal
2013-05-06,23.917999267578125,24.375,23.844999313354492,24.094999313354492,284,53.77999877929688,41661.81,42145.95,41229.54,41355.77,-0.002896621195291549,916.4099999999962,Silver,SI=F,₹/kg,Precious Metal
2013-05-07,23.770999908447266,23.969999313354492,23.385000228881836,23.969999313354492,595,54.17300033569336,41748.54,41748.54,40729.65,41401.95,0.0011166519206389225,1018.8899999999994,Silver,SI=F,₹/kg,Precious Metal
2013-05-08,23.892000198364258,23.915000915527344,23.614999771118164,23.829999923706055,105,54.12799835205078,41470.23,41618.15,41096.08,41578.13,0.004255355122162019,522.0699999999997,Silver,SI=F,₹/kg,Precious Metal
2013-05-09,23.878999710083008,24.05500030517578,23.600000381469727,24.024999618530273,290,54.15800094604492,41832.75,41884.99,41092.74,41578.54,9.86095334254422e-06,792.25,Silver,SI=F,₹/kg,Precious Metal
2013-05-10,23.631999969482422,23.75,23.139999389648438,23.635000228881836,470,54.24800109863281,41222.07,41422.64,40358.73,41216.84,-0.00869919915417916,1063.9099999999962,Silver,SI=F,₹/kg,Precious Metal
2013-05-13,23.670000076293945,23.719999313354492,23.489999771118164,23.709999084472656,97,54.803001403808594,41775.95,41793.57,41388.32,41705.47,0.011855105825677281,405.25,Silver,SI=F,₹/kg,Precious Metal
2013-05-14,23.354999542236328,23.524999618530273,23.219999313354492,23.219999313354492,63,54.82799911499024,40931.25,41468.89,40931.25,41169.23,-0.012857785801238975,537.6399999999994,Silver,SI=F,₹/kg,Precious Metal
2013-05-15,22.64299964904785,23.239999771118164,22.479999542236328,23.239999771118164,139,54.79800033569336,40944.09,40944.09,39605.13,39892.3,-0.031016611192388077,1338.9599999999991,Silver,SI=F,₹/kg,Precious Metal
2013-05-16,22.64299964904785,22.709999084472656,22.075000762939453,22.68000030517578,251,54.77799987792969,39942.91,39995.74,38877.41,39877.74,-0.00036498271596285825,1118.3299999999945,Silver,SI=F,₹/kg,Precious Metal
2013-05-17,22.339000701904297,22.6299991607666,22.15999984741211,22.6299991607666,99,54.77799987792969,39854.85,39854.85,39027.11,39342.35,-0.013425785914648158,827.739999999998,Silver,SI=F,₹/kg,Precious Metal
2013-05-20,22.56800079345703,22.799999237060547,21.010000228881836,22.280000686645508,125,54.88800048828125,39317.24,40234.88,37076.09,39825.47,0.012279896854153316,3158.790000000001,Silver,SI=F,₹/kg,Precious Metal
2013-05-21,22.441999435424805,22.514999389648438,22.34000015258789,22.5,37,55.108001708984375,39864.62,39891.19,39581.14,39761.86,-0.0015972190660901164,310.0500000000029,Silver,SI=F,₹/kg,Precious Metal
2013-05-22,22.45800018310547,22.65999984741211,22.344999313354492,22.344999313354492,53,55.40800094604492,39805.52,40366.66,39805.52,40006.82,0.006160677594056141,561.1400000000067,Silver,SI=F,₹/kg,Precious Metal
2013-05-23,22.493999481201172,22.493999481201172,22.03499984741211,22.049999237060547,42,55.65299987792969,39453.69,40248.13,39426.85,40248.13,0.006031721591468697,821.2799999999988,Silver,SI=F,₹/kg,Precious Metal
2013-05-24,22.48200035095215,22.48200035095215,22.329999923706055,22.48200035095215,13,55.70800018310547,40266.41,40266.41,39994.17,40266.41,0.0004541825918373821,272.24000000000524,Silver,SI=F,₹/kg,Precious Metal
2013-05-28,22.18000030517578,22.594999313354492,22.18000030517578,22.594999313354492,45,55.56499862670898,40364.92,40364.92,39623.54,39623.54,-0.015965416335849247,741.3799999999974,Silver,SI=F,₹/kg,Precious Metal
2013-05-29,22.44499969482422,22.44499969482422,22.3700008392334,22.3700008392334,320,56.108001708984375,40353.5,40488.79,40353.5,40488.79,0.02183676673008006,135.29000000000087,Silver,SI=F,₹/kg,Precious Metal
2013-05-30,22.673999786376953,22.93000030517578,22.334999084472656,22.334999084472656,364,56.29800033569336,40426.8,41503.76,40426.8,41040.4,0.013623770925236256,1076.9599999999991,Silver,SI=F,₹/kg,Precious Metal
2013-05-31,22.22800064086914,22.280000686645508,22.139999389648438,22.2450008392334,30,56.37799835205078,40321.11,40384.55,40130.79,40290.3,-0.018277112308846877,253.76000000000204,Silver,SI=F,₹/kg,Precious Metal
2013-06-03,22.71500015258789,22.8700008392334,22.30500030517578,22.334999084472656,90,56.573001861572266,40624.27,41597.37,40569.71,41315.44,0.025443841321608485,1027.6600000000035,Silver,SI=F,₹/kg,Precious Metal
2013-06-04,22.399999618530273,22.6299991607666,22.329999923706055,22.6299991607666,58,56.667999267578125,41229.95,41229.95,40683.38,40810.91,-0.01221165743363739,546.5699999999997,Silver,SI=F,₹/kg,Precious Metal
2013-06-05,22.46500015258789,22.665000915527344,22.454999923706055,22.454999923706055,72,56.4379997253418,40745.07,41126.12,40745.07,40763.22,-0.0011685600737646462,381.0500000000029,Silver,SI=F,₹/kg,Precious Metal
2013-06-06,22.701000213623047,22.701000213623047,22.329999923706055,22.329999923706055,12,56.72299957275391,40722.87,41399.45,40722.87,41399.45,0.015607942650261553,676.5799999999945,Silver,SI=F,₹/kg,Precious Metal
2013-06-07,21.73699951171875,22.704999923706055,21.579999923706055,22.704999923706055,53,56.8380012512207,41490.7,41490.7,39434.89,39721.79,-0.0405237267644859,2055.8099999999977,Silver,SI=F,₹/kg,Precious Metal
2013-06-10,21.92099952697754,21.92099952697754,21.53499984741211,21.6299991607666,37,56.8380012512207,39526.26,40058.03,39352.66,40058.03,0.008464875324097898,705.3699999999953,Silver,SI=F,₹/kg,Precious Metal
2013-06-11,21.645000457763672,21.709999084472656,21.579999923706055,21.579999923706055,103,56.8380012512207,39434.89,39672.45,39434.89,39553.67,-0.012590733992660197,237.55999999999767,Silver,SI=F,₹/kg,Precious Metal
2013-06-12,21.79599952697754,21.815000534057617,21.649999618530273,21.760000228881836,37,56.8380012512207,39763.82,39864.33,39562.81,39829.61,0.006976343788073436,301.5200000000041,Silver,SI=F,₹/kg,Precious Metal
2013-06-13,21.582000732421875,21.80500030517578,21.520000457763672,21.80500030517578,27,57.82799911499024,40540.09,40540.09,40010.21,40125.49,0.007428644166990184,529.8799999999974,Silver,SI=F,₹/kg,Precious Metal
2013-06-14,21.952999114990234,22.06999969482422,21.952999114990234,22.059999465942383,4,57.99800109863281,41134.76,41153.41,40935.24,40935.24,0.020180438918004473,218.17000000000553,Silver,SI=F,₹/kg,Precious Metal
2013-06-17,21.756999969482422,21.915000915527344,21.756999969482422,21.8700008392334,7,57.49800109863281,40428.91,40512.09,40220.01,40220.01,-0.01747223174946566,292.07999999999447,Silver,SI=F,₹/kg,Precious Metal
2013-06-18,21.676000595092773,21.676000595092773,21.676000595092773,21.676000595092773,0,58.10300064086914,40491.9,40491.9,40491.9,40491.9,0.006760067936333103,0.0,Silver,SI=F,₹/kg,Precious Metal
2013-06-19,21.621999740600586,21.625,21.610000610351562,21.625,2,58.8380012512207,40907.64,40907.64,40879.27,40901.97,0.010127210627310701,28.37000000000262,Silver,SI=F,₹/kg,Precious Metal
2013-06-20,19.82200050354004,21.18000030517578,19.59000015258789,21.170000076293945,8,58.7130012512207,39961.85,39980.73,36979.34,37417.28,-0.08519614091937389,3001.3900000000067,Silver,SI=F,₹/kg,Precious Metal
2013-06-21,19.95800018310547,20.0,19.780000686645508,19.780000686645508,42,59.56800079345703,37881.73,38303.06,37881.73,38222.62,0.021523210666301917,421.32999999999447,Silver,SI=F,₹/kg,Precious Metal
2013-06-24,19.493000030517578,20.05500030517578,19.493000030517578,20.05500030517578,8,59.26800155639648,38214.96,38214.96,37144.06,37144.06,-0.028217845872418046,1070.9000000000015,Silver,SI=F,₹/kg,Precious Metal
2013-06-25,19.525999069213867,19.65999984741211,19.525999069213867,19.65999984741211,9,59.80799865722656,37803.6,37803.6,37545.94,37545.94,0.010819495768637166,257.6599999999962,Silver,SI=F,₹/kg,Precious Metal
2013-06-26,18.586999893188477,18.645000457763672,18.586999893188477,18.645000457763672,89816,59.65800094604492,35761.98,35761.98,35650.73,35650.73,-0.050477095526174076,111.25,Silver,SI=F,₹/kg,Precious Metal
2013-06-27,18.533000946044922,18.93000030517578,18.334999084472656,18.5,19460,60.7130012512207,36111.36,36950.71,35789.29,36175.78,0.014727608663272607,1161.4199999999983,Silver,SI=F,₹/kg,Precious Metal
2013-06-28,19.451000213623047,19.6299991607666,18.184999465942383,18.454999923706055,3748,60.1879997253418,35712.02,37985.74,35189.54,37639.36,0.04045745523662525,2796.199999999997,Silver,SI=F,₹/kg,Precious Metal
2013-07-01,19.559999465942383,20.059999465942383,19.364999771118164,19.485000610351562,557,59.5260009765625,37290.44,38390.88,37060.79,37433.98,-0.005456522108771122,1330.0899999999965,Silver,SI=F,₹/kg,Precious Metal
2013-07-02,19.29800033569336,19.7549991607666,19.295000076293945,19.594999313354492,499,59.37799835205078,37407.72,37713.17,36835.01,36840.74,-0.01584763362057695,878.1599999999962,Silver,SI=F,₹/kg,Precious Metal
2013-07-03,19.68899917602539,19.850000381469727,19.364999771118164,19.40999984741211,223,59.54800033569336,37160.64,38003.02,37074.48,37694.78,0.023181944770924723,928.5399999999936,Silver,SI=F,₹/kg,Precious Metal
2013-07-05,18.72599983215332,19.735000610351562,18.684999465942383,19.709999084472656,306,60.17499923706055,38132.31,38180.68,36149.28,36228.6,-0.03889610179446601,2031.4000000000015,Silver,SI=F,₹/kg,Precious Metal
2013-07-08,19.024999618530273,19.084999084472656,18.764999389648438,18.920000076293945,301,60.22299957275391,36633.12,36952.6,36333.01,36836.42,0.016777352699248738,619.5899999999965,Silver,SI=F,₹/kg,Precious Metal
2013-07-09,19.125,19.454999923706055,18.934999465942383,19.03499984741211,224,60.6879997253418,37140.36,37959.85,36945.25,37315.97,0.013018366062717446,1014.5999999999985,Silver,SI=F,₹/kg,Precious Metal
2013-07-10,19.150999069213867,19.415000915527344,19.014999389648438,19.229999542236328,165,60.095001220703125,37154.21,37511.65,36738.81,37001.58,-0.00842507912831958,772.8400000000038,Silver,SI=F,₹/kg,Precious Metal
2013-07-11,19.94300079345703,20.139999389648438,19.475000381469727,19.5,215,59.88800048828125,37546.1,38778.38,37497.97,38399.07,0.0377683871877903,1280.4099999999962,Silver,SI=F,₹/kg,Precious Metal
2013-07-12,19.77899932861328,20.135000228881836,19.6200008392334,20.075000762939453,90,59.82699966430664,38613.86,38729.27,37738.68,38044.51,-0.00923355695854089,990.5899999999965,Silver,SI=F,₹/kg,Precious Metal
2013-07-15,19.826000213623047,20.100000381469727,19.670000076293945,20.100000381469727,148,59.88399887084961,38698.78,38698.78,37870.9,38171.25,0.0033313610820588924,827.8799999999974,Silver,SI=F,₹/kg,Precious Metal
2013-07-16,19.92300033569336,19.96500015258789,19.674999237060547,19.68000030517578,15,59.80799865722656,37842.06,38390.08,37832.45,38309.32,0.003617120214821412,557.6300000000047,Silver,SI=F,₹/kg,Precious Metal
2013-07-17,19.409000396728516,20.040000915527344,19.239999771118164,19.93000030517578,258,59.292999267578125,37992.79,38202.48,36677.43,36999.6,-0.03418802526382614,1525.050000000003,Silver,SI=F,₹/kg,Precious Metal
2013-07-18,19.375999450683594,19.43000030517578,19.25,19.290000915527344,271,59.323001861572266,36791.36,37058.37,36715.06,36955.38,-0.0011951480556546823,343.31000000000495,Silver,SI=F,₹/kg,Precious Metal
2013-07-19,19.447999954223633,19.46500015258789,19.295000076293945,19.385000228881836,104,59.73799896240234,37231.19,37384.84,37058.33,37352.19,0.010737543491637913,326.50999999999476,Silver,SI=F,₹/kg,Precious Metal
2013-07-22,20.49799919128418,20.520000457763672,19.524999618530273,19.524999618530273,176,59.33300018310547,37245.84,39143.9,37245.84,39101.93,0.04684437512231532,1898.060000000005,Silver,SI=F,₹/kg,Precious Metal
2013-07-23,20.246000289916992,20.420000076293945,20.145000457763672,20.145000457763672,103,59.71799850463867,38677.91,39205.9,38677.91,38871.82,-0.0058848757593295,527.989999999998,Silver,SI=F,₹/kg,Precious Metal
2013-07-24,20.013999938964844,20.40999984741211,19.989999771118164,20.3799991607666,82,59.757999420166016,39155.31,39212.95,38406.02,38452.13,-0.01079676742689184,806.9300000000003,Silver,SI=F,₹/kg,Precious Metal
2013-07-25,20.14699935913086,20.14699935913086,19.829999923706055,19.829999923706055,56,59.12699890136719,37696.32,38298.93,37696.32,38298.93,-0.003984174608792745,602.6100000000006,Silver,SI=F,₹/kg,Precious Metal
2013-07-26,19.764999389648438,20.290000915527344,19.704999923706055,20.2549991607666,64,58.95800018310547,38394.18,38460.53,37351.63,37465.37,-0.021764576712717476,1108.9000000000015,Silver,SI=F,₹/kg,Precious Metal
2013-07-29,19.854000091552734,19.895000457763672,19.854000091552734,19.895000457763672,75,59.060001373291016,37777.03,37777.03,37699.18,37699.18,0.006240696408443158,77.84999999999854,Silver,SI=F,₹/kg,Precious Metal
2013-07-30,19.666000366210938,19.829999923706055,19.645000457763672,19.799999237060547,106,59.4119987487793,37820.72,37878.02,37524.65,37564.76,-0.0035655947954305045,353.36999999999534,Silver,SI=F,₹/kg,Precious Metal
2013-07-31,19.617000579833984,19.885000228881836,19.395000457763672,19.8700008392334,20,60.80799865722656,38846.24,38875.57,37917.61,38351.62,0.020946759675823934,957.9599999999991,Silver,SI=F,₹/kg,Precious Metal
2013-08-01,19.614999771118164,19.614999771118164,19.610000610351562,19.610000610351562,19,60.630001068115234,38225.71,38235.46,38225.71,38235.46,-0.0030288159926491476,9.75,Silver,SI=F,₹/kg,Precious Metal
2013-08-02,19.902999877929688,19.902999877929688,19.902999877929688,19.902999877929688,12,60.43299865722656,38670.8,38670.8,38670.8,38670.8,0.011385765987907748,0.0,Silver,SI=F,₹/kg,Precious Metal
2013-08-05,19.711000442504883,19.780000686645508,19.709999084472656,19.780000686645508,17,61.09799957275391,38854.71,38854.71,38717.21,38719.17,0.0012508145680978355,137.5,Silver,SI=F,₹/kg,Precious Metal
2013-08-06,19.514999389648438,19.575000762939453,19.459999084472656,19.575000762939453,190,60.87699890136719,38312.94,38312.94,38087.85,38195.5,-0.01352482504144581,225.09000000000378,Silver,SI=F,₹/kg,Precious Metal
2013-08-07,19.49799919128418,19.49799919128418,19.49799919128418,19.49799919128418,25,60.78300094604492,38103.3,38103.3,38103.3,38103.3,-0.0024138969250303566,0.0,Silver,SI=F,₹/kg,Precious Metal
2013-08-08,20.18400001525879,20.219999313354492,19.93000030517578,19.985000610351562,9,61.20299911499024,39324.87,39787.28,39216.65,39716.45,0.04233622809572912,570.6299999999974,Silver,SI=F,₹/kg,Precious Metal
2013-08-09,20.39900016784668,20.39900016784668,20.39900016784668,20.39900016784668,26,60.7239990234375,39825.36,39825.36,39825.36,39825.36,0.002742188690076919,0.0,Silver,SI=F,₹/kg,Precious Metal
2013-08-12,21.332000732421875,21.40999984741211,21.19499969482422,21.19499969482422,16,60.672000885009766,41343.97,41763.36,41343.97,41611.21,0.04484203030430867,419.3899999999994,Silver,SI=F,₹/kg,Precious Metal
2013-08-13,21.336000442504883,21.65999984741211,21.336000442504883,21.469999313354492,8,61.369998931884766,42362.21,42737.09,42097.82,42097.82,0.011694204518445828,639.2699999999968,Silver,SI=F,₹/kg,Precious Metal
2013-08-14,21.7810001373291,21.790000915527344,21.59000015258789,21.625,11,61.45000076293945,42723.66,43049.64,42654.51,43031.86,0.022187372172715936,395.1299999999974,Silver,SI=F,₹/kg,Precious Metal
2013-08-15,22.929000854492188,23.165000915527344,21.729999542236328,21.889999389648438,75,61.290000915527344,43134.6,45647.01,42819.32,45181.97,0.04996553716246521,2827.6900000000023,Silver,SI=F,₹/kg,Precious Metal
2013-08-16,23.316999435424805,23.316999435424805,22.850000381469727,22.959999084472656,7,61.2599983215332,45220.91,45924.04,45004.26,45924.04,0.016424029319660027,919.7799999999988,Silver,SI=F,₹/kg,Precious Metal
2013-08-19,23.160999298095703,23.160999298095703,23.160999298095703,23.160999298095703,0,62.4900016784668,46532.7,46532.7,46532.7,46532.7,0.013253624898854621,0.0,Silver,SI=F,₹/kg,Precious Metal
2013-08-20,23.06599998474121,23.06599998474121,23.06599998474121,23.06599998474121,1,63.84999847412109,47350.4,47350.4,47350.4,47350.4,0.017572588738671957,0.0,Silver,SI=F,₹/kg,Precious Metal
2013-08-21,22.95800018310547,23.30500030517578,22.95800018310547,23.079999923706055,13,63.36000061035156,47015.54,47473.88,46767.02,46767.02,-0.012320487260931379,706.8600000000006,Silver,SI=F,₹/kg,Precious Metal
2013-08-22,23.030000686645508,23.03499984741211,22.860000610351562,22.860000610351562,2,64.69000244140625,47544.89,47908.86,47544.89,47898.46,0.0241931172864982,363.97000000000116,Silver,SI=F,₹/kg,Precious Metal
2013-08-23,23.732999801635742,23.7549991607666,23.5,23.5,21,64.41000366210938,48664.43,49192.49,48664.43,49146.93,0.026064929853694796,528.0599999999977,Silver,SI=F,₹/kg,Precious Metal
2013-08-26,24.007999420166016,24.149999618530273,23.950000762939453,24.149999618530273,8,64.06999969482422,49746.47,49746.47,49334.49,49453.97,0.006247389206202714,411.9800000000032,Silver,SI=F,₹/kg,Precious Metal
2013-08-27,24.64900016784668,24.64900016784668,24.64900016784668,24.64900016784668,1,64.29299926757812,50951.08,50951.08,50951.08,50951.08,0.030272797108098715,0.0,Silver,SI=F,₹/kg,Precious Metal
2013-08-28,24.388999938964844,24.985000610351562,24.388999938964844,24.985000610351562,85956,66.86000061035156,53707.65,53707.65,52426.49,52426.49,0.028957384220314797,1281.1600000000035,Silver,SI=F,₹/kg,Precious Metal
2013-08-29,24.09000015258789,24.415000915527344,23.65999984741211,24.329999923706055,19701,67.3499984741211,52682.96,52867.01,51232.17,52163.27,-0.0050207442840441985,1634.8400000000038,Silver,SI=F,₹/kg,Precious Metal
2013-08-30,23.46299934387207,24.014999389648438,23.385000228881836,23.774999618530273,0,67.38999938964844,51511.76,52031.75,50666.78,50835.77,-0.025448941371965406,1364.9700000000012,Silver,SI=F,₹/kg,Precious Metal
2013-09-03,24.381999969482422,24.459999084472656,23.100000381469727,23.200000762939453,1125,66.51000213623047,49609.56,52303.87,49395.73,52137.08,0.025598313943115292,2908.1399999999994,Silver,SI=F,₹/kg,Precious Metal
2013-09-04,23.368999481201172,24.375,23.350000381469727,24.30500030517578,864,68.61000061035156,53613.42,53767.83,51506.82,51548.73,-0.011284674937683481,2261.010000000002,Silver,SI=F,₹/kg,Precious Metal
2013-09-05,23.20599937438965,23.600000381469727,22.9950008392334,23.459999084472656,553,66.2699966430664,49984.5,50282.79,48993.76,49443.32,-0.040843101275240046,1289.0299999999988,Silver,SI=F,₹/kg,Precious Metal
2013-09-06,23.841999053955078,23.860000610351562,23.165000915527344,23.174999237060547,325,66.00800323486328,49182.06,50635.78,49160.85,50597.57,0.02334491292251406,1474.9300000000003,Silver,SI=F,₹/kg,Precious Metal
2013-09-09,23.667999267578125,24.0,23.469999313354492,24.0,308,65.23799896240234,50338.74,50338.74,49227.09,49642.38,-0.0188781793275844,1111.6500000000015,Silver,SI=F,₹/kg,Precious Metal
2013-09-10,22.965999603271484,23.700000762939453,22.799999237060547,23.700000762939453,239,64.05999755859375,48811.9,48811.9,46958.28,47300.17,-0.04718166212014818,1853.6200000000026,Silver,SI=F,₹/kg,Precious Metal
2013-09-11,23.121000289916992,23.170000076293945,22.7549991607666,22.770000457763672,182,63.619998931884766,46574.39,47392.56,46543.7,47292.33,-0.00016574993282258976,848.8600000000006,Silver,SI=F,₹/kg,Precious Metal
2013-09-12,22.099000930786133,23.139999389648438,21.8700008392334,23.125,137,63.15999984741211,46958.51,46988.97,44410.06,44875.08,-0.05111293945550999,2578.9100000000035,Silver,SI=F,₹/kg,Precious Metal
2013-09-13,21.670000076293945,22.170000076293945,21.46500015258789,22.094999313354492,62,63.619998931884766,45193.72,45347.13,43905.1,44324.41,-0.012271175895396724,1442.0299999999988,Silver,SI=F,₹/kg,Precious Metal
2013-09-16,21.96299934387207,22.25,21.700000762939453,22.235000610351562,137,63.290000915527344,45244.18,45274.7,44155.55,44690.7,0.00826384378269207,1119.1499999999942,Silver,SI=F,₹/kg,Precious Metal
2013-09-17,21.735000610351562,22.0049991607666,21.709999084472656,22.0049991607666,141,63.290000915527344,44776.16,44776.16,44175.89,44226.77,-0.010380906989597372,600.2700000000041,Silver,SI=F,₹/kg,Precious Metal
2013-09-18,21.513999938964844,22.950000762939453,21.209999084472656,21.645000457763672,144,63.18000030517578,43967.08,46617.91,43083.47,43700.98,-0.011888501014204578,3534.4400000000023,Silver,SI=F,₹/kg,Precious Metal
2013-09-19,23.242000579833984,23.274999618530273,22.84000015258789,22.84000015258789,150,63.58000183105469,46688.19,47577.39,46688.19,47509.94,0.08715960145516188,889.1999999999971,Silver,SI=F,₹/kg,Precious Metal
2013-09-20,21.875999450683594,22.709999084472656,21.770000457763672,22.709999084472656,37,62.18999862670898,45407.55,45407.55,43528.07,43740.01,-0.07935034226521864,1879.4800000000032,Silver,SI=F,₹/kg,Precious Metal
2013-09-23,21.80500030517578,21.8700008392334,21.354999542236328,21.825000762939453,144,62.720001220703125,44009.94,44100.68,43062.18,43969.61,0.005249198617009787,1038.5,Silver,SI=F,₹/kg,Precious Metal
2013-09-24,21.538999557495117,21.825000762939453,21.538999557495117,21.825000762939453,79,62.68000030517578,43981.87,43981.87,43405.52,43405.52,-0.012829088090615448,576.3500000000058,Silver,SI=F,₹/kg,Precious Metal
2013-09-25,21.83799934387207,21.875,21.545000076293945,21.59000015258789,41,62.720001220703125,43536.06,44110.76,43445.32,44036.15,0.014528797258966275,665.4400000000023,Silver,SI=F,₹/kg,Precious Metal
2013-09-26,21.719999313354492,21.719999313354492,21.719999313354492,21.719999313354492,60,62.43000030517578,43595.69,43595.69,43595.69,43595.69,-0.010002236798630215,0.0,Silver,SI=F,₹/kg,Precious Metal
2013-09-27,21.783000946044922,21.825000762939453,21.469999313354492,21.594999313354492,149,61.72999954223633,42858.79,43315.26,42610.71,43231.91,-0.008344402852667243,704.5500000000029,Silver,SI=F,₹/kg,Precious Metal
2013-09-30,21.6560001373291,21.795000076293945,21.645000457763672,21.700000762939453,123,62.90999984741211,43890.43,44082.58,43779.19,43801.44,0.013173833864846607,303.3899999999994,Silver,SI=F,₹/kg,Precious Metal
2013-10-01,21.124000549316406,21.684999465942383,20.795000076293945,21.665000915527344,67,62.58000183105469,43589.78,43630.02,41839.35,42501.3,-0.029682585778001758,1790.6699999999983,Silver,SI=F,₹/kg,Precious Metal
2013-10-02,21.84600067138672,21.850000381469727,21.09000015258789,21.145000457763672,71,62.61000061035156,42563.94,43983.08,42453.23,43975.02,0.03467470406787543,1529.8499999999985,Silver,SI=F,₹/kg,Precious Metal
2013-10-03,21.73900032043457,21.73900032043457,21.43000030517578,21.690000534057617,33,62.06999969482422,43284.43,43382.22,42765.58,43382.22,-0.013480380452356666,616.6399999999994,Silver,SI=F,₹/kg,Precious Metal
2013-10-04,21.704999923706055,21.799999237060547,21.649999618530273,21.649999618530273,63,61.959999084472656,43128.04,43426.85,43128.04,43237.6,-0.0033336237749014286,298.8099999999977,Silver,SI=F,₹/kg,Precious Metal
2013-10-07,22.339000701904297,22.339000701904297,21.709999084472656,21.709999084472656,14,61.380001068115234,42842.73,44084.01,42842.73,44084.01,0.019575785890058706,1241.2799999999988,Silver,SI=F,₹/kg,Precious Metal
2013-10-08,22.39699935913086,22.39699935913086,22.229999542236328,22.229999542236328,13,61.380001068115234,43868.9,44198.46,43868.9,44198.46,0.002596179431045398,329.5599999999977,Silver,SI=F,₹/kg,Precious Metal
2013-10-09,21.84600067138672,21.899999618530273,21.844999313354492,21.844999313354492,5,62.02999877929688,43565.65,43675.34,43565.65,43567.65,-0.014272216724293019,109.68999999999505,Silver,SI=F,₹/kg,Precious Metal
2013-10-10,21.850000381469727,21.950000762939453,21.81999969482422,21.950000762939453,33,61.810001373291016,43619.81,43619.81,43361.46,43421.08,-0.003364193386606762,258.34999999999854,Silver,SI=F,₹/kg,Precious Metal
2013-10-11,21.21500015258789,21.549999237060547,21.19499969482422,21.5,24,61.61000061035156,42587.3,42686.34,41983.15,42022.77,-0.03220348273235041,703.189999999995,Silver,SI=F,₹/kg,Precious Metal
2013-10-14,21.309999465942383,21.549999237060547,21.309999465942383,21.5,20,60.9900016784668,42158.73,42256.77,41786.17,41786.17,-0.005630280916750552,470.59999999999854,Silver,SI=F,₹/kg,Precious Metal
2013-10-15,21.145999908447266,21.18000030517578,20.674999237060547,20.719999313354492,14,61.380001068115234,40889.05,41796.82,40800.25,41729.73,-0.0013506861241409096,996.5699999999997,Silver,SI=F,₹/kg,Precious Metal
2013-10-16,21.31999969482422,21.31999969482422,21.31999969482422,21.31999969482422,0,61.83000183105469,42381.55,42381.55,42381.55,42381.55,0.015620038758937582,0.0,Silver,SI=F,₹/kg,Precious Metal
2013-10-17,21.902999877929688,21.902999877929688,21.8799991607666,21.8799991607666,3,61.45000076293945,43227.45,43272.89,43227.45,43272.89,0.02103132141226549,45.44000000000233,Silver,SI=F,₹/kg,Precious Metal
2013-10-18,21.868999481201172,21.868999481201172,21.868999481201172,21.868999481201172,0,61.09999847412109,42959.63,42959.63,42959.63,42959.63,-0.007239174457726372,0.0,Silver,SI=F,₹/kg,Precious Metal
2013-10-21,22.232999801635742,22.232999801635742,22.184999465942383,22.219999313354492,6,61.2400016784668,43749.15,43774.75,43680.24,43774.75,0.01897409265396388,94.51000000000204,Silver,SI=F,₹/kg,Precious Metal
2013-10-22,22.753999710083008,22.753999710083008,22.475000381469727,22.549999237060547,8,60.619998931884766,43949.39,44346.99,43803.22,44346.99,0.013072376198607571,543.7699999999968,Silver,SI=F,₹/kg,Precious Metal
2013-10-23,22.582000732421875,22.582000732421875,22.545000076293945,22.545000076293945,9,61.18999862670898,44352.81,44425.6,44352.81,44425.6,0.0017726118503194055,72.79000000000087,Silver,SI=F,₹/kg,Precious Metal
2013-10-24,22.785999298095703,22.815000534057617,22.65999984741211,22.65999984741211,19,61.52000045776367,44819.46,45126.04,44819.46,45068.68,0.014475437585536266,306.58000000000175,Silver,SI=F,₹/kg,Precious Metal
2013-10-25,22.60300064086914,22.60300064086914,22.399999618530273,22.399999618530273,10,61.45000076293945,44254.8,44655.86,44254.8,44655.86,-0.009159797890685994,401.0599999999977,Silver,SI=F,₹/kg,Precious Metal
2013-10-28,22.49799919128418,22.53499984741211,22.454999923706055,22.53499984741211,16,61.43999862670898,44514.26,44514.26,44356.24,44441.17,-0.004807655702969371,158.02000000000407,Silver,SI=F,₹/kg,Precious Metal
2013-10-29,22.45199966430664,22.45199966430664,22.329999923706055,22.329999923706055,23,61.5099983215332,44159.57,44400.84,44159.57,44400.84,-0.0009074918594628167,241.2699999999968,Silver,SI=F,₹/kg,Precious Metal
2013-10-30,22.945999145507812,23.0,22.479999542236328,22.479999542236328,31,61.45000076293945,44412.85,45440.19,44412.85,45333.51,0.021005683676254883,1027.3400000000038,Silver,SI=F,₹/kg,Precious Metal
2013-10-31,21.832000732421875,22.334999084472656,21.832000732421875,22.31999969482422,24,61.31999969482422,44003.45,44033.02,43041.37,43041.37,-0.05056171472272941,991.6499999999942,Silver,SI=F,₹/kg,Precious Metal
2013-11-01,21.804000854492188,21.8799991607666,21.795000076293945,21.8700008392334,23,62.220001220703125,43749.11,43769.11,43599.08,43617.09,0.013375968283537265,170.02999999999884,Silver,SI=F,₹/kg,Precious Metal
2013-11-04,21.67799949645996,21.78499984741211,21.600000381469727,21.639999389648438,13,62.20000076293945,43275.1,43565.07,43195.11,43351.09,-0.006098526976467289,369.9599999999991,Silver,SI=F,₹/kg,Precious Metal
2013-11-05,21.61400032043457,21.670000076293945,21.61400032043457,21.61400032043457,2,61.97999954223633,43070.23,43181.82,43070.23,43070.23,-0.0064787298312452,111.58999999999651,Silver,SI=F,₹/kg,Precious Metal
2013-11-06,21.746000289916992,21.780000686645508,21.746000289916992,21.746000289916992,19,62.15999984741211,43459.11,43527.06,43459.11,43459.11,0.00902897430545413,67.94999999999709,Silver,SI=F,₹/kg,Precious Metal
2013-11-07,21.638999938964844,21.764999389648438,21.3799991607666,21.764999389648438,33,62.470001220703125,43714.01,43714.01,42940.75,43460.94,4.2108547551933384e-05,773.260000000002,Silver,SI=F,₹/kg,Precious Metal
2013-11-08,21.30699920654297,21.3700008392334,21.30699920654297,21.31999969482422,16,62.84999847412109,43080.71,43181.75,43054.44,43054.44,-0.009353226138228976,127.30999999999767,Silver,SI=F,₹/kg,Precious Metal
2013-11-11,21.27199935913086,21.27199935913086,21.27199935913086,21.27199935913086,2,63.34000015258789,43318.84,43318.84,43318.84,43318.84,0.006141062338750558,0.0,Silver,SI=F,₹/kg,Precious Metal
2013-11-12,20.76799964904785,20.76799964904785,20.649999618530273,20.76799964904785,2,63.47999954223633,42385.96,42385.96,42145.13,42385.96,-0.021535202697025024,240.83000000000175,Silver,SI=F,₹/kg,Precious Metal
2013-11-13,20.43199920654297,20.649999618530273,20.43199920654297,20.649999618530273,9,63.959999084472656,42463.81,42463.81,42015.52,42015.52,-0.008739686443341221,448.2900000000009,Silver,SI=F,₹/kg,Precious Metal
2013-11-14,20.711999893188477,20.760000228881836,20.711999893188477,20.711999893188477,11,63.369998931884766,42198.42,42296.21,42198.42,42198.42,0.004353153310967084,97.79000000000087,Silver,SI=F,₹/kg,Precious Metal
2013-11-15,20.716999053955078,20.716999053955078,20.716999053955078,20.716999053955078,1,63.040000915527344,41988.8,41988.8,41988.8,41988.8,-0.004967484564587843,0.0,Silver,SI=F,₹/kg,Precious Metal
2013-11-18,20.349000930786133,20.399999618530273,20.349000930786133,20.399999618530273,3,62.709999084472656,41129.87,41129.87,41027.05,41027.05,-0.022904917501810007,102.81999999999971,Silver,SI=F,₹/kg,Precious Metal
2013-11-19,20.326000213623047,20.326000213623047,20.2549991607666,20.280000686645508,5,62.20000076293945,40555.41,40647.4,40505.41,40647.4,-0.009253650944925362,141.98999999999796,Silver,SI=F,₹/kg,Precious Metal
2013-11-20,20.049999237060547,20.135000228881836,20.049999237060547,20.049999237060547,12,62.11000061035156,40037.44,40207.18,40037.44,40037.44,-0.015006125853068042,169.73999999999796,Silver,SI=F,₹/kg,Precious Metal
2013-11-21,19.92799949645996,19.92799949645996,19.92799949645996,19.92799949645996,0,62.7599983215332,40210.28,40210.28,40210.28,40210.28,0.004316959326070791,0.0,Silver,SI=F,₹/kg,Precious Metal
2013-11-22,19.856000900268555,19.856000900268555,19.856000900268555,19.856000900268555,0,62.9900016784668,40211.83,40211.83,40211.83,40211.83,3.8547356546736466e-05,0.0,Silver,SI=F,₹/kg,Precious Metal
2013-11-25,19.8799991607666,19.8799991607666,19.8799991607666,19.8799991607666,2,62.2400016784668,39781.06,39781.06,39781.06,39781.06,-0.01071251917657079,0.0,Silver,SI=F,₹/kg,Precious Metal
2013-11-26,19.84600067138672,19.93000030517578,19.84600067138672,19.93000030517578,53262,62.50299835205078,40049.64,40049.64,39880.84,39880.84,0.002508228790283562,168.8000000000029,Silver,SI=F,₹/kg,Precious Metal
2013-11-27,19.632999420166016,20.079999923706055,19.584999084472656,19.815000534057617,25508,62.459999084472656,39791.15,40323.3,39329.28,39425.67,-0.011413250071964365,994.0200000000041,Silver,SI=F,₹/kg,Precious Metal
2013-11-29,19.981000900268555,20.049999237060547,19.600000381469727,19.65999984741211,3182,62.41299819946289,39450.18,40232.76,39329.78,40094.31,0.016959508868206852,902.9800000000032,Silver,SI=F,₹/kg,Precious Metal
2013-12-02,19.232999801635742,19.90999984741211,19.059999465942383,19.90999984741211,1583,62.459999084472656,39981.92,39981.92,38275.01,38622.42,-0.03671069535801963,1706.9099999999962,Silver,SI=F,₹/kg,Precious Metal
2013-12-03,19.01099967956543,19.2549991607666,18.979999542236328,19.149999618530273,582,62.31800079345703,38368.31,38578.69,38027.71,38089.82,-0.01378991787671513,550.9800000000032,Silver,SI=F,₹/kg,Precious Metal
2013-12-04,19.77400016784668,19.80500030517578,19.040000915527344,19.040000915527344,585,62.36299896240234,38175.47,39709.3,38175.47,39647.15,0.04088572747258978,1533.8300000000017,Silver,SI=F,₹/kg,Precious Metal
2013-12-05,19.513999938964844,19.610000610351562,19.235000610351562,19.604999542236328,399,61.70000076293945,38890.4,38900.32,38156.44,38709.89,-0.023640034655706743,743.8799999999974,Silver,SI=F,₹/kg,Precious Metal
2013-12-06,19.46500015258789,19.59000015258789,19.149999618530273,19.3799991607666,459,61.58000183105469,38369.3,38785.07,37913.94,38537.59,-0.004451058889601622,871.1299999999974,Silver,SI=F,₹/kg,Precious Metal
2013-12-09,19.643999099731445,19.889999389648438,19.459999084472656,19.46500015258789,92,61.150001525878906,38268.49,39104.04,38258.66,38620.4,0.0021488110699190432,845.3799999999974,Silver,SI=F,₹/kg,Precious Metal
2013-12-10,20.256000518798828,20.315000534057617,19.719999313354492,19.7549991607666,253,60.869998931884766,38660.79,39756.72,38592.3,39641.26,0.026433180391710165,1164.4199999999983,Silver,SI=F,₹/kg,Precious Metal
2013-12-11,20.29800033569336,20.399999618530273,20.229999542236328,20.2450008392334,123,60.97999954223633,39691.33,39995.21,39661.92,39795.24,0.0038843366734557794,333.2900000000009,Silver,SI=F,₹/kg,Precious Metal
2013-12-12,19.402000427246094,20.270000457763672,19.402000427246094,20.270000457763672,83,61.59000015258789,40137.88,40137.88,38419.1,38419.1,-0.034580517669952515,1718.7799999999988,Silver,SI=F,₹/kg,Precious Metal
2013-12-13,19.55900001525879,19.6299991607666,19.415000915527344,19.459999084472656,139,62.15999984741211,38890.57,39230.31,38800.64,39088.42,0.01742154293046938,429.66999999999825,Silver,SI=F,₹/kg,Precious Metal
2013-12-16,20.048999786376953,20.200000762939453,19.454999923706055,19.5,40,62.1879997253418,38988.06,40387.63,38898.09,40085.72,0.025513950167338706,1489.5400000000009,Silver,SI=F,₹/kg,Precious Metal
2013-12-17,19.79199981689453,19.84000015258789,19.79199981689453,19.84000015258789,84,61.77999877929688,39407.6,39407.6,39312.26,39312.26,-0.01929515049249453,95.33999999999651,Silver,SI=F,₹/kg,Precious Metal
2013-12-18,20.013999938964844,20.174999237060547,19.739999771118164,19.899999618530273,50,61.709999084472656,39481.99,40027.6,39164.55,39708.17,0.010070904089461985,863.0499999999956,Silver,SI=F,₹/kg,Precious Metal
2013-12-19,19.14299964904785,19.829999923706055,19.14299964904785,19.799999237060547,49,62.02999877929688,39487.29,39547.13,38177.04,38177.04,-0.038559570990050585,1370.0899999999965,Silver,SI=F,₹/kg,Precious Metal
2013-12-20,19.417999267578125,19.417999267578125,19.100000381469727,19.100000381469727,36,62.459999084472656,38355.34,38993.92,38355.34,38993.92,0.021397153891448806,638.5800000000017,Silver,SI=F,₹/kg,Precious Metal
2013-12-23,19.378000259399414,19.440000534057617,19.378000259399414,19.43000030517578,18,62.02000045776367,38743.16,38763.1,38639.47,38639.47,-0.009089878627232095,123.62999999999738,Silver,SI=F,₹/kg,Precious Metal
2013-12-24,19.452999114990234,19.452999114990234,19.350000381469727,19.350000381469727,39,61.84000015258789,38471.66,38676.44,38471.66,38676.44,0.0009567936620249462,204.77999999999884,Silver,SI=F,₹/kg,Precious Metal
2013-12-26,19.885000228881836,19.93000030517578,19.81999969482422,19.81999969482422,67,61.790000915527344,39374.25,39592.77,39374.25,39503.38,0.02138097508457326,218.5199999999968,Silver,SI=F,₹/kg,Precious Metal
2013-12-27,20.01300048828125,20.01300048828125,19.954999923706055,19.9950008392334,133,61.88999938964844,39786.19,39822.0,39706.59,39822.0,0.00806563894026291,115.41000000000349,Silver,SI=F,₹/kg,Precious Metal
2013-12-30,19.58099937438965,19.834999084472656,19.58099937438965,19.834999084472656,76,61.66999816894531,39327.52,39327.52,38823.91,38823.91,-0.02506378383807939,503.6099999999933,Silver,SI=F,₹/kg,Precious Metal
2013-12-31,19.339000701904297,19.339000701904297,18.934999465942383,18.950000762939453,159,61.77999877929688,37639.82,38412.48,37610.03,38412.48,-0.010597335507938288,802.4500000000044,Silver,SI=F,₹/kg,Precious Metal
2014-01-02,20.097999572753906,20.31999969482422,20.020000457763672,20.309999465942383,45,61.84000015258789,40380.33,40400.21,39803.75,39958.83,0.04025644790443095,596.4599999999991,Silver,SI=F,₹/kg,Precious Metal
2014-01-03,20.18199920654297,20.18199920654297,20.09000015258789,20.09000015258789,22,62.060001373291016,40085.02,40268.59,40085.02,40268.59,0.007751978724101605,183.5699999999997,Silver,SI=F,₹/kg,Precious Metal
2014-01-06,20.07699966430664,20.239999771118164,20.07699966430664,20.239999771118164,17,62.22999954223633,40494.94,40494.94,40168.82,40168.82,-0.00247761344511932,326.1200000000026,Silver,SI=F,₹/kg,Precious Metal
2014-01-07,19.764999389648438,20.25,19.670000076293945,20.25,27,62.310001373291016,40567.03,40567.03,39405.11,39595.42,-0.014274753403261564,1161.9199999999983,Silver,SI=F,₹/kg,Precious Metal
2014-01-08,19.51799964904785,19.735000610351562,19.3700008392334,19.719999313354492,33,62.08000183105469,39359.45,39389.39,38660.89,38956.28,-0.01614176589110561,728.5,Silver,SI=F,₹/kg,Precious Metal
2014-01-09,19.663000106811523,19.663000106811523,19.440000534057617,19.44499969482422,8,62.119998931884766,38835.58,39270.97,38825.6,39270.97,0.008078030037775852,445.3700000000026,Silver,SI=F,₹/kg,Precious Metal
2014-01-10,20.201000213623047,20.201000213623047,20.075000762939453,20.201000213623047,6,61.77999877929688,40124.64,40124.64,39874.38,40124.64,0.02173794026478082,250.26000000000204,Silver,SI=F,₹/kg,Precious Metal
2014-01-13,20.361000061035156,20.405000686645508,20.299999237060547,20.299999237060547,41,61.43999862670898,40099.38,40306.79,40099.38,40219.88,0.002373603850402084,207.4100000000035,Silver,SI=F,₹/kg,Precious Metal
2014-01-14,20.250999450683594,20.530000686645508,20.200000762939453,20.309999465942383,22,61.470001220703125,40138.72,40573.51,39921.33,40022.12,-0.004916971408169157,652.1800000000003,Silver,SI=F,₹/kg,Precious Metal
2014-01-15,20.10300064086914,20.19499969482422,20.010000228881836,20.19499969482422,27,61.470001220703125,39911.45,39911.45,39545.83,39729.63,-0.007308208560666052,365.61999999999534,Silver,SI=F,₹/kg,Precious Metal
2014-01-16,20.024999618530273,20.139999389648438,20.024999618530273,20.125,39,61.540000915527344,39818.4,39848.08,39620.55,39620.55,-0.0027455579123186746,227.52999999999884,Silver,SI=F,₹/kg,Precious Metal
2014-01-17,20.267000198364258,20.28499984741211,20.09000015258789,20.09000015258789,475,61.41999816894531,39671.64,40056.71,39671.64,40021.16,0.010111167058508785,385.0699999999997,Silver,SI=F,₹/kg,Precious Metal
2014-01-21,19.83799934387207,20.309999465942383,19.829999923706055,20.299999237060547,81,61.61800003051758,40215.55,40235.36,39284.46,39300.3,-0.018011971666988202,950.9000000000015,Silver,SI=F,₹/kg,Precious Metal
2014-01-22,19.80900001525879,19.80900001525879,19.80900001525879,19.80900001525879,103,61.970001220703125,39467.03,39467.03,39467.03,39467.03,0.004242461253476382,0.0,Silver,SI=F,₹/kg,Precious Metal
2014-01-23,19.986000061035156,20.079999923706055,19.920000076293945,19.920000076293945,28,61.869998931884766,39624.14,39942.41,39624.14,39755.43,0.007307365160236223,318.2700000000041,Silver,SI=F,₹/kg,Precious Metal
2014-01-24,19.743000030517578,20.15999984741211,19.743000030517578,20.15999984741211,2,62.130001068115234,40270.06,40270.06,39437.1,39437.1,-0.008007208071953986,832.9599999999991,Silver,SI=F,₹/kg,Precious Metal
2014-01-27,19.770999908447266,19.799999237060547,19.55500030517578,19.799999237060547,13,62.72999954223633,39932.9,39932.9,39438.79,39874.42,0.011089050665490152,494.1100000000006,Silver,SI=F,₹/kg,Precious Metal
2014-01-28,19.482999801635742,19.7549991607666,19.482999801635742,19.7549991607666,2,63.380001068115234,40254.99,40254.99,39700.73,39700.73,-0.004355925427880658,554.2599999999948,Silver,SI=F,₹/kg,Precious Metal
2014-01-29,19.533000946044922,19.533000946044922,19.533000946044922,19.533000946044922,9,62.380001068115234,39174.62,39174.62,39174.62,39174.62,-0.013251897383247169,0.0,Silver,SI=F,₹/kg,Precious Metal
2014-01-30,19.111000061035156,19.670000076293945,19.059999465942383,19.670000076293945,92,62.46799850463867,39505.03,39505.03,38279.91,38382.34,-0.02022431870430408,1225.1199999999953,Silver,SI=F,₹/kg,Precious Metal
2014-01-31,19.104999542236328,19.325000762939453,19.104999542236328,19.325000762939453,154,62.310001373291016,38713.97,38713.97,38273.24,38273.24,-0.002842453065654671,440.7300000000032,Silver,SI=F,₹/kg,Precious Metal
2014-02-03,19.388999938964844,19.514999389648438,19.09000015258789,19.1299991607666,435,62.5,38440.18,39213.81,38359.8,38960.62,0.017959806904249698,854.0099999999948,Silver,SI=F,₹/kg,Precious Metal
2014-02-04,19.402000427246094,19.402000427246094,19.402000427246094,19.402000427246094,0,62.869998931884766,39217.54,39217.54,39217.54,39217.54,0.006594350911253377,0.0,Silver,SI=F,₹/kg,Precious Metal
2014-02-05,19.78499984741211,20.045000076293945,19.7450008392334,19.7450008392334,4,62.130001068115234,39441.09,40040.35,39441.09,39520.99,0.0077376092432110966,599.260000000002,Silver,SI=F,₹/kg,Precious Metal
2014-02-06,19.908000946044922,19.908000946044922,19.908000946044922,19.908000946044922,0,62.22999954223633,39830.69,39830.69,39830.69,39830.69,0.007836342156408715,0.0,Silver,SI=F,₹/kg,Precious Metal
2014-02-07,19.920000076293945,19.920000076293945,19.920000076293945,19.920000076293945,0,62.22999954223633,39854.7,39854.7,39854.7,39854.7,0.0006028015080832283,0.0,Silver,SI=F,₹/kg,Precious Metal
2014-02-10,20.099000930786133,20.099000930786133,20.099000930786133,20.099000930786133,0,62.09000015258789,40122.37,40122.37,40122.37,40122.37,0.0067161464018046235,0.0,Silver,SI=F,₹/kg,Precious Metal
2014-02-11,20.14299964904785,20.170000076293945,20.14299964904785,20.170000076293945,2,62.448001861572266,40496.26,40496.26,40442.05,40442.05,0.007967625043086901,54.20999999999913,Silver,SI=F,₹/kg,Precious Metal
2014-02-12,20.33099937438965,20.33099937438965,20.25,20.25,2,62.02999877929688,40384.73,40546.27,40384.73,40546.27,0.0025770206999891077,161.5399999999936,Silver,SI=F,₹/kg,Precious Metal
2014-02-13,20.385000228881836,20.385000228881836,20.385000228881836,20.385000228881836,0,61.68000030517578,40424.58,40424.58,40424.58,40424.58,-0.0030012625082405098,0.0,Silver,SI=F,₹/kg,Precious Metal
2014-02-14,21.410999298095703,21.424999237060547,20.520000457763672,20.520000457763672,14,62.150001525878906,41002.37,42810.71,41002.37,42782.73,0.0583345578358514,1808.3399999999965,Silver,SI=F,₹/kg,Precious Metal
2014-02-18,21.891000747680664,21.895000457763672,21.815000534057617,21.825000762939453,12,61.790000915527344,43357.37,43496.43,43337.5,43488.48,0.016496142251791746,158.9300000000003,Silver,SI=F,₹/kg,Precious Metal
2014-02-19,21.8439998626709,21.8439998626709,21.700000762939453,21.8439998626709,129,62.209999084472656,43690.08,43690.08,43402.06,43690.08,0.00463571042262223,288.0200000000041,Silver,SI=F,₹/kg,Precious Metal
2014-02-20,21.67799949645996,21.67799949645996,21.67799949645996,21.67799949645996,0,62.2599983215332,43392.91,43392.91,43392.91,43392.91,-0.006801772850953736,0.0,Silver,SI=F,₹/kg,Precious Metal
2014-02-21,21.777000427246094,21.777000427246094,21.777000427246094,21.777000427246094,0,62.130001068115234,43500.06,43500.06,43500.06,43500.06,0.0024692974036539805,0.0,Silver,SI=F,₹/kg,Precious Metal
2014-02-24,22.047000885009766,22.047000885009766,22.047000885009766,22.047000885009766,0,62.0099983215332,43954.33,43954.33,43954.33,43954.33,0.010442974101644964,0.0,Silver,SI=F,₹/kg,Precious Metal
2014-02-25,21.959999084472656,21.959999084472656,21.959999084472656,21.959999084472656,0,62.06800079345703,43821.83,43821.83,43821.83,43821.83,-0.0030144925426004443,0.0,Silver,SI=F,₹/kg,Precious Metal
2014-02-26,21.253999710083008,21.253999710083008,21.253999710083008,21.253999710083008,73725,61.97800064086914,42351.49,42351.49,42351.49,42351.49,-0.033552683673867656,0.0,Silver,SI=F,₹/kg,Precious Metal
2014-02-27,21.31399917602539,21.479999542236328,20.985000610351562,21.2450008392334,15921,62.150001525878906,42451.04,42920.61,41931.52,42588.91,0.005605942081376769,989.0900000000038,Silver,SI=F,₹/kg,Precious Metal
2014-02-28,21.20400047302246,21.389999389648438,21.06999969482422,21.25,1525,62.02000045776367,42372.21,42651.37,42013.29,42280.49,-0.007241791348968629,638.0800000000017,Silver,SI=F,₹/kg,Precious Metal
2014-03-03,21.447999954223633,21.68000030517578,21.31999969482422,21.350000381469727,402,61.81999969482422,42434.33,43090.22,42374.7,42629.11,0.008245410590085545,715.5200000000041,Silver,SI=F,₹/kg,Precious Metal
2014-03-04,21.187999725341797,21.489999771118164,21.010000228881836,21.489999771118164,933,62.16999816894531,42954.4,42954.4,41994.98,42350.76,-0.006529575681969435,959.4199999999983,Silver,SI=F,₹/kg,Precious Metal
2014-03-05,21.23900032043457,21.290000915527344,21.165000915527344,21.200000762939453,146,61.59999847412109,41986.24,42164.49,41916.93,42063.48,-0.006783349342491141,247.55999999999767,Silver,SI=F,₹/kg,Precious Metal
2014-03-06,21.54199981689453,21.594999313354492,21.184999465942383,21.225000381469727,245,61.74800109863281,42136.75,42871.29,42057.34,42766.07,0.01670308780918739,813.9500000000044,Silver,SI=F,₹/kg,Precious Metal
2014-03-07,20.89699935913086,21.540000915527344,20.760000228881836,21.475000381469727,216,60.79999923706055,41978.53,42105.59,40580.87,40848.67,-0.04483460837060782,1524.719999999994,Silver,SI=F,₹/kg,Precious Metal
2014-03-10,20.878999710083008,20.885000228881836,20.600000381469727,20.799999237060547,110,61.22999954223633,40946.62,41113.95,40552.9,41102.13,0.006204853181266401,561.0499999999956,Silver,SI=F,₹/kg,Precious Metal
2014-03-11,20.784000396728516,21.260000228881836,20.784000396728516,21.0,76,60.810001373291016,41056.77,41565.09,40634.47,40634.47,-0.011377999145056328,930.6199999999953,Silver,SI=F,₹/kg,Precious Metal
2014-03-12,21.327999114990234,21.327999114990234,20.94499969482422,21.114999771118164,102,61.040000915527344,41437.74,41855.75,41104.12,41855.75,0.030055270808257095,751.6299999999974,Silver,SI=F,₹/kg,Precious Metal
2014-03-13,21.16900062561035,21.184999465942383,21.149999618530273,21.184999465942383,68,60.77000045776367,41391.21,41391.21,41322.83,41359.95,-0.011845445368915963,68.37999999999738,Silver,SI=F,₹/kg,Precious Metal
2014-03-14,21.384000778198242,21.709999084472656,21.15999984741211,21.219999313354492,79,61.459999084472656,41930.34,42898.57,41811.78,42254.4,0.02162599326159742,1086.7900000000009,Silver,SI=F,₹/kg,Precious Metal
2014-03-17,21.249000549316406,21.389999389648438,21.249000549316406,21.3700008392334,99,60.97999954223633,41896.95,41936.16,41659.72,41659.72,-0.014073800598280894,276.4400000000023,Silver,SI=F,₹/kg,Precious Metal
2014-03-18,20.836000442504883,21.06999969482422,20.655000686645508,21.06999969482422,9,61.040000915527344,41349.43,41349.43,40535.0,40890.21,-0.018471319538393538,814.4300000000003,Silver,SI=F,₹/kg,Precious Metal
2014-03-19,20.799999237060547,20.799999237060547,20.5,20.774999618530273,79,61.108001708984375,40815.92,40865.03,40275.63,40865.03,-0.0006157953211783918,589.4000000000015,Silver,SI=F,₹/kg,Precious Metal
2014-03-20,20.40399932861328,20.479999542236328,20.25,20.479999542236328,64,60.95000076293945,40132.3,40132.3,39681.6,39983.37,-0.021574926043122833,450.70000000000437,Silver,SI=F,₹/kg,Precious Metal
2014-03-21,20.285999298095703,20.5,20.285999298095703,20.454999923706055,50,61.33300018310547,40335.19,40423.93,40001.94,40001.94,0.0004644430922156051,421.98999999999796,Silver,SI=F,₹/kg,Precious Metal
2014-03-24,20.042999267578125,20.15999984741211,19.90999984741211,20.15999984741211,165,61.02000045776367,39550.61,39550.61,39060.15,39321.07,-0.01702092448516257,490.4599999999991,Silver,SI=F,₹/kg,Precious Metal
2014-03-25,19.954999923706055,20.1200008392334,19.954999923706055,20.1200008392334,37,60.59000015258789,39193.98,39193.98,38872.56,38872.56,-0.0114063528790036,321.42000000000553,Silver,SI=F,₹/kg,Precious Metal
2014-03-26,19.759000778198242,20.0,19.759000778198242,20.0,113,60.220001220703125,38722.3,38722.3,38255.7,38255.7,-0.015868777358630348,466.6000000000058,Silver,SI=F,₹/kg,Precious Metal
2014-03-27,19.690000534057617,19.690000534057617,19.690000534057617,19.690000534057617,83,60.15999984741211,38084.13,38084.13,38084.13,38084.13,-0.004484821869682132,0.0,Silver,SI=F,₹/kg,Precious Metal
2014-03-28,19.77199935913086,19.8799991607666,19.6299991607666,19.790000915527344,111,60.23799896240234,38327.17,38501.47,38017.3,38292.31,0.005466318910265278,484.16999999999825,Silver,SI=F,₹/kg,Precious Metal
2014-03-31,19.733999252319336,19.733999252319336,19.733999252319336,19.733999252319336,6,59.84000015258789,37966.2,37966.2,37966.2,37966.2,-0.008516331346946737,0.0,Silver,SI=F,₹/kg,Precious Metal
2014-04-01,19.66900062561035,19.66900062561035,19.66900062561035,19.66900062561035,210,59.9900016784668,37936.01,37936.01,37936.01,37936.01,-0.0007951809767634543,0.0,Silver,SI=F,₹/kg,Precious Metal
2014-04-02,20.0310001373291,20.0310001373291,20.0310001373291,20.0310001373291,0,59.77999877929688,38498.96,38498.96,38498.96,38498.96,0.014839462558134064,0.0,Silver,SI=F,₹/kg,Precious Metal
2014-04-03,19.785999298095703,19.785999298095703,19.785999298095703,19.785999298095703,0,59.89799880981445,38103.14,38103.14,38103.14,38103.14,-0.010281316690113229,0.0,Silver,SI=F,₹/kg,Precious Metal
2014-04-04,19.927000045776367,19.940000534057617,19.927000045776367,19.940000534057617,15,60.38999938964844,38715.12,38715.12,38689.88,38689.88,0.01539873091823929,25.24000000000524,Silver,SI=F,₹/kg,Precious Metal
2014-04-07,19.891000747680664,19.959999084472656,19.891000747680664,19.94499969482422,5,59.66999816894531,38263.13,38291.91,38159.54,38159.54,-0.013707460452190512,132.37000000000262,Silver,SI=F,₹/kg,Precious Metal
2014-04-08,20.04199981689453,20.149999618530273,20.04199981689453,20.149999618530273,7,60.119998931884766,38947.94,38947.94,38739.18,38739.18,0.015189910570200693,208.76000000000204,Silver,SI=F,₹/kg,Precious Metal
2014-04-09,19.7549991607666,20.049999237060547,19.739999771118164,20.049999237060547,34,60.09000015258789,38735.31,38735.31,38136.41,38165.39,-0.014811619657411512,598.8999999999942,Silver,SI=F,₹/kg,Precious Metal
2014-04-10,20.077999114990234,20.21500015258789,20.077999114990234,20.21500015258789,38,59.959999084472656,38969.59,38969.59,38705.48,38705.48,0.014151303052320596,264.1099999999933,Silver,SI=F,₹/kg,Precious Metal
2014-04-11,19.933000564575195,20.010000228881836,19.933000564575195,20.010000228881836,3,60.29999923706055,38793.13,38793.13,38643.85,38643.85,-0.0015922809896687928,149.27999999999884,Silver,SI=F,₹/kg,Precious Metal
2014-04-14,19.999000549316406,19.999000549316406,19.954999923706055,19.999000549316406,5,60.34000015258789,38797.53,38797.53,38712.17,38797.53,0.003976829430814899,85.36000000000058,Silver,SI=F,₹/kg,Precious Metal
2014-04-15,19.47800064086914,19.479999542236328,19.475000381469727,19.479999542236328,11,60.34000015258789,37790.68,37790.68,37780.98,37786.8,-0.026051400694837912,9.69999999999709,Silver,SI=F,₹/kg,Precious Metal
2014-04-16,19.62299919128418,19.62299919128418,19.600000381469727,19.62299919128418,2,60.29999923706055,38042.86,38042.86,37998.27,38042.86,0.006776440450104282,44.59000000000378,Silver,SI=F,₹/kg,Precious Metal
2014-04-17,19.586000442504883,19.586000442504883,19.586000442504883,19.586000442504883,5,60.25,37939.64,37939.64,37939.64,37939.64,-0.0027132555228497335,0.0,Silver,SI=F,₹/kg,Precious Metal
2014-04-21,19.340999603271484,19.340999603271484,19.340999603271484,19.340999603271484,1,60.150001525878906,37402.88,37402.88,37402.88,37402.88,-0.014147735719158172,0.0,Silver,SI=F,₹/kg,Precious Metal
2014-04-22,19.35099983215332,19.395000457763672,19.35099983215332,19.35099983215332,1,60.47999954223633,37627.52,37713.08,37627.52,37627.52,0.0060059546216761905,85.56000000000495,Silver,SI=F,₹/kg,Precious Metal
2014-04-23,19.43000030517578,19.43000030517578,19.43000030517578,19.43000030517578,152,60.757999420166016,37954.8,37954.8,37954.8,37954.8,0.008697889204497322,0.0,Silver,SI=F,₹/kg,Precious Metal
2014-04-24,19.68199920654297,19.68199920654297,19.100000381469727,19.100000381469727,23,61.0099983215332,37464.92,38606.52,37464.92,38606.52,0.017170950709791466,1141.5999999999985,Silver,SI=F,₹/kg,Precious Metal
2014-04-25,19.684999465942383,19.760000228881836,19.684999465942383,19.69499969482422,29,61.119998931884766,38701.67,38829.4,38682.02,38682.02,0.0019556282203110342,147.38000000000466,Silver,SI=F,₹/kg,Precious Metal
2014-04-28,19.584999084472656,19.584999084472656,19.582000732421875,19.582000732421875,42029,60.63800048828125,38176.17,38182.02,38176.17,38182.02,-0.012925902008219858,5.849999999998545,Silver,SI=F,₹/kg,Precious Metal
2014-04-29,19.488000869750977,19.59000015258789,19.30500030517578,19.559999465942383,16950,60.64300155639648,38136.42,38194.92,37639.25,37996.05,-0.004870617112452291,555.6699999999983,Silver,SI=F,₹/kg,Precious Metal
2014-04-30,19.118999481201172,19.450000762939453,19.024999618530273,19.434999465942383,3110,60.417999267578125,37752.12,37781.26,36955.7,37138.29,-0.022574978188522277,825.560000000005,Silver,SI=F,₹/kg,Precious Metal
2014-05-01,18.98900032043457,19.170000076293945,18.75,19.170000076293945,849,60.119998931884766,37053.69,37053.69,36241.88,36703.84,-0.011698169194112151,811.810000000005,Silver,SI=F,₹/kg,Precious Metal
2014-05-02,19.492000579833984,19.600000381469727,18.864999771118164,19.0,350,60.13999938964844,36737.32,37897.45,36476.29,37688.62,0.026830435180624335,1421.1599999999962,Silver,SI=F,₹/kg,Precious Metal
2014-05-05,19.520000457763672,19.65999984741211,19.475000381469727,19.475000381469727,178,60.02000045776367,37580.62,37937.61,37580.62,37667.45,-0.0005617080169028066,356.98999999999796,Silver,SI=F,₹/kg,Precious Metal
2014-05-06,19.597999572753906,19.604999542236328,19.475000381469727,19.489999771118164,127,60.11000061035156,37665.96,37888.2,37636.97,37874.67,0.0055013015216056615,251.22999999999593,Silver,SI=F,₹/kg,Precious Metal
2014-05-07,19.29800033569336,19.719999313354492,19.280000686645508,19.645000457763672,166,59.97800064086914,37882.14,38026.76,37178.29,37213.0,-0.017469987197248127,848.4700000000012,Silver,SI=F,₹/kg,Precious Metal
2014-05-08,19.0939998626709,19.315000534057617,19.0939998626709,19.290000915527344,195,59.88999938964844,37143.0,37191.14,36765.6,36765.6,-0.012022680246150608,425.5400000000009,Silver,SI=F,₹/kg,Precious Metal
2014-05-09,19.07699966430664,19.200000762939453,19.020000457763672,19.200000762939453,62,59.93000030517578,36994.4,36994.4,36647.57,36757.4,-0.00022303457579908592,346.83000000000175,Silver,SI=F,₹/kg,Precious Metal
2014-05-12,19.5,19.579999923706055,19.100000381469727,19.100000381469727,295,59.84999847412109,36752.59,37676.21,36752.59,37522.28,0.020808871138872753,923.6200000000026,Silver,SI=F,₹/kg,Precious Metal
2014-05-13,19.503999710083008,19.524999618530273,19.395000457763672,19.395000457763672,67,59.41999816894531,37052.1,37300.45,37052.1,37260.33,-0.006981185578274984,248.34999999999854,Silver,SI=F,₹/kg,Precious Metal
2014-05-14,19.735000610351562,19.915000915527344,19.690000534057617,19.690000534057617,198,59.310001373291016,37546.04,37975.08,37546.04,37631.85,0.009970926183423323,429.0400000000009,Silver,SI=F,₹/kg,Precious Metal
2014-05-15,19.44700050354004,19.514999389648438,19.44499969482422,19.514999389648438,110,59.400001525878906,37268.8,37268.8,37135.12,37138.94,-0.013098213348533116,133.6800000000003,Silver,SI=F,₹/kg,Precious Metal
2014-05-16,19.29199981689453,19.454999923706055,19.29199981689453,19.454999923706055,79,59.33000183105469,37110.43,37110.43,36799.51,36799.51,-0.00913946386191955,310.91999999999825,Silver,SI=F,₹/kg,Precious Metal
2014-05-19,19.32200050354004,19.55500030517578,19.32200050354004,19.55500030517578,283,58.560001373291016,36817.08,36817.08,36378.4,36378.4,-0.011443358892550437,438.6800000000003,Silver,SI=F,₹/kg,Precious Metal
2014-05-20,19.367000579833984,19.420000076293945,19.270000457763672,19.280000686645508,17,58.36800003051758,36180.31,36443.03,36161.54,36343.57,-0.0009574362808699721,281.48999999999796,Silver,SI=F,₹/kg,Precious Metal
2014-05-21,19.30699920654297,19.30699920654297,19.295000076293945,19.295000076293945,4,58.58300018310547,36341.83,36364.43,36341.83,36364.43,0.0005739667291904116,22.599999999998545,Silver,SI=F,₹/kg,Precious Metal
2014-05-22,19.489999771118164,19.7450008392334,19.489999771118164,19.700000762939453,21,58.6879997253418,37171.15,37256.06,36774.91,36774.91,0.011287953640411796,481.1499999999942,Silver,SI=F,₹/kg,Precious Metal
2014-05-23,19.38800048828125,19.38800048828125,19.3700008392334,19.3700008392334,11,58.27799987792969,36293.15,36326.88,36293.15,36326.88,-0.012183034574387963,33.729999999995925,Silver,SI=F,₹/kg,Precious Metal
2014-05-27,19.038999557495117,19.350000381469727,19.038999557495117,19.350000381469727,55,58.650001525878906,36487.11,36487.11,35900.67,35900.67,-0.011732634346797721,586.4400000000023,Silver,SI=F,₹/kg,Precious Metal
2014-05-28,19.03499984741211,19.03499984741211,19.03499984741211,19.03499984741211,71,59.03799819946289,36130.58,36130.58,36130.58,36130.58,0.006404058754335251,0.0,Silver,SI=F,₹/kg,Precious Metal
2014-05-29,18.982999801635742,19.0049991607666,18.844999313354492,18.940000534057617,196,58.83000183105469,35823.6,35946.54,35643.92,35904.93,-0.006245402094292474,302.6200000000026,Silver,SI=F,₹/kg,Precious Metal
2014-05-30,18.652999877929688,18.959999084472656,18.604999542236328,18.950000762939453,40,58.900001525878906,35885.17,35904.1,35231.85,35322.74,-0.016214764936180126,672.25,Silver,SI=F,₹/kg,Precious Metal
2014-06-02,18.708999633789062,18.809999465942383,18.674999237060547,18.75,33,59.1879997253418,35680.04,35794.22,35537.32,35602.02,0.00790652140802206,256.90000000000146,Silver,SI=F,₹/kg,Precious Metal
2014-06-03,18.73200035095215,18.809999465942383,18.73200035095215,18.790000915527344,18,59.15999984741211,35739.25,35777.28,35628.93,35628.93,0.0007558559879468074,148.34999999999854,Silver,SI=F,₹/kg,Precious Metal
2014-06-04,18.766000747680664,18.766000747680664,18.766000747680664,18.766000747680664,0,59.29999923706055,35778.07,35778.07,35778.07,35778.07,0.004185924191380419,0.0,Silver,SI=F,₹/kg,Precious Metal
2014-06-05,19.05500030517578,19.05500030517578,18.899999618530273,18.899999618530273,31,59.2599983215332,36009.23,36304.55,36009.23,36304.55,0.014715159314071524,295.3199999999997,Silver,SI=F,₹/kg,Precious Metal
2014-06-06,18.96299934387207,18.96299934387207,18.954999923706055,18.954999923706055,1,59.16299819946289,36054.91,36070.12,36054.91,36070.12,-0.006457317333502299,15.209999999999127,Silver,SI=F,₹/kg,Precious Metal
2014-06-09,19.045000076293945,19.049999237060547,19.045000076293945,19.045000076293945,3,59.167999267578125,36229.16,36238.67,36229.16,36229.16,0.004409189656147561,9.509999999994761,Silver,SI=F,₹/kg,Precious Metal
2014-06-10,19.14699935913086,19.14699935913086,19.14699935913086,19.14699935913086,0,59.198001861572266,36441.66,36441.66,36441.66,36441.66,0.005865440987315118,0.0,Silver,SI=F,₹/kg,Precious Metal
2014-06-11,19.15399932861328,19.15399932861328,19.15399932861328,19.15399932861328,0,59.119998931884766,36406.95,36406.95,36406.95,36406.95,-0.0009524813084805794,0.0,Silver,SI=F,₹/kg,Precious Metal
2014-06-12,19.514999389648438,19.514999389648438,19.514999389648438,19.514999389648438,0,59.33300018310547,37226.76,37226.76,37226.76,37226.76,0.022517953302872318,0.0,Silver,SI=F,₹/kg,Precious Metal
2014-06-13,19.636999130249023,19.636999130249023,19.53499984741211,19.53499984741211,2,59.28799819946289,37236.65,37431.08,37236.65,37431.08,0.005488524921320126,194.4300000000003,Silver,SI=F,₹/kg,Precious Metal
2014-06-16,19.70199966430664,19.795000076293945,19.670000076293945,19.7549991607666,14,59.70299911499024,37919.59,37996.37,37756.43,37817.85,0.010332857080265878,239.94000000000233,Silver,SI=F,₹/kg,Precious Metal
2014-06-17,19.72100067138672,19.72100067138672,19.72100067138672,19.72100067138672,0,60.09000015258789,38099.7,38099.7,38099.7,38099.7,0.007452829814492246,0.0,Silver,SI=F,₹/kg,Precious Metal
2014-06-18,19.767000198364258,19.850000381469727,19.75,19.75,5,60.323001861572266,38303.68,38497.62,38303.68,38336.65,0.006219209075137178,193.94000000000233,Silver,SI=F,₹/kg,Precious Metal
2014-06-19,20.636999130249023,20.636999130249023,20.020000457763672,20.020000457763672,4,59.810001373291016,38497.13,39683.58,38497.13,39683.58,0.0351342644701611,1186.4500000000044,Silver,SI=F,₹/kg,Precious Metal
2014-06-20,20.941999435424805,20.950000762939453,20.860000610351562,20.950000762939453,2,60.15999984741211,40521.2,40521.2,40347.12,40505.72,0.020717384873038203,174.07999999999447,Silver,SI=F,₹/kg,Precious Metal
2014-06-23,20.909000396728516,20.909000396728516,20.909000396728516,20.909000396728516,0,60.167999267578125,40447.28,40447.28,40447.28,40447.28,-0.0014427591954914165,0.0,Silver,SI=F,₹/kg,Precious Metal
2014-06-24,21.038000106811523,21.038000106811523,21.038000106811523,21.038000106811523,0,60.15299987792969,40686.67,40686.67,40686.67,40686.67,0.005918568566291693,0.0,Silver,SI=F,₹/kg,Precious Metal
2014-06-25,21.111000061035156,21.111000061035156,21.111000061035156,21.111000061035156,0,60.18999862670898,40852.96,40852.96,40852.96,40852.96,0.004087087982378446,0.0,Silver,SI=F,₹/kg,Precious Metal
2014-06-26,21.10300064086914,21.10300064086914,21.10300064086914,21.10300064086914,56351,59.95000076293945,40674.65,40674.65,40674.65,40674.65,-0.004364677614547285,0.0,Silver,SI=F,₹/kg,Precious Metal
2014-06-27,21.07699966430664,21.204999923706055,20.899999618530273,21.104999542236328,17332,60.08000183105469,40766.72,40959.88,40370.73,40712.63,0.0009337511201692461,589.1499999999942,Silver,SI=F,₹/kg,Precious Metal
2014-06-30,21.006999969482422,21.114999771118164,20.764999389648438,20.959999084472656,2611,60.03799819946289,40458.32,40757.52,40081.92,40549.05,-0.004017917781287905,675.5999999999985,Silver,SI=F,₹/kg,Precious Metal
2014-07-01,21.066999435424805,21.209999084472656,21.010000228881836,21.010000228881836,168,59.970001220703125,40508.91,40894.52,40508.91,40618.81,0.0017203855577379024,385.6099999999933,Silver,SI=F,₹/kg,Precious Metal
2014-07-02,21.253999710083008,21.253999710083008,20.979999542236328,21.045000076293945,231,60.02799987792969,40615.63,41018.99,40490.19,41018.99,0.009852085770114982,528.7999999999956,Silver,SI=F,₹/kg,Precious Metal
2014-07-03,21.089000701904297,21.155000686645508,20.780000686645508,21.155000686645508,498,59.43999862670898,40428.0,40428.0,39711.36,40301.87,-0.017482634262813268,716.6399999999994,Silver,SI=F,₹/kg,Precious Metal
2014-07-07,20.965999603271484,21.09000015258789,20.81999969482422,21.09000015258789,87,59.71799850463867,40492.28,40492.28,39973.89,40254.2,-0.001182823526551191,518.3899999999994,Silver,SI=F,₹/kg,Precious Metal
2014-07-08,20.966999053955078,21.149999618530273,20.934999465942383,21.059999465942383,208,59.948001861572266,40590.42,40763.88,40349.49,40411.17,0.0038994688752975737,414.3899999999994,Silver,SI=F,₹/kg,Precious Metal
2014-07-09,21.02199935913086,21.200000762939453,21.02199935913086,21.125,63,59.74800109863281,40579.86,40723.93,40382.0,40382.0,-0.0007218301276602501,341.9300000000003,Silver,SI=F,₹/kg,Precious Metal
2014-07-10,21.458999633789062,21.524999618530273,21.094999313354492,21.094999313354492,136,59.757999420166016,40529.01,41355.15,40529.01,41228.35,0.020958595413798298,826.1399999999994,Silver,SI=F,₹/kg,Precious Metal
2014-07-11,21.410999298095703,21.5,21.410999298095703,21.475000381469727,61,60.1879997253418,41555.98,41604.36,41432.13,41432.13,0.004942715388803975,172.2300000000032,Silver,SI=F,₹/kg,Precious Metal
2014-07-14,20.86400032043457,21.204999923706055,20.86400032043457,21.204999923706055,76,60.0880012512207,40965.33,40965.33,40306.56,40306.56,-0.027166597517433888,658.7700000000041,Silver,SI=F,₹/kg,Precious Metal
2014-07-15,20.841999053955078,20.94499969482422,20.674999237060547,20.905000686645508,82,60.060001373291016,40366.95,40444.19,39922.83,40245.3,-0.0015198518553802831,521.3600000000006,Silver,SI=F,₹/kg,Precious Metal
2014-07-16,20.726999282836914,20.790000915527344,20.726999282836914,20.760000228881836,66,60.16999816894531,40160.38,40218.41,40096.54,40096.54,-0.0036963322425227485,121.87000000000262,Silver,SI=F,₹/kg,Precious Metal
2014-07-17,21.086000442504883,21.15999984741211,20.795000076293945,20.825000762939453,40,60.08000183105469,40225.87,40872.95,40167.92,40730.02,0.015798869428633955,705.0299999999988,Silver,SI=F,₹/kg,Precious Metal
2014-07-18,20.83799934387207,20.954999923706055,20.75,20.954999923706055,3,60.59999847412109,40827.3,40827.3,40427.9,40599.35,-0.0032081987683776347,399.40000000000146,Silver,SI=F,₹/kg,Precious Metal
2014-07-21,20.965999603271484,21.06999969482422,20.905000686645508,21.0,20,60.27799987792969,40697.58,40833.24,40513.47,40631.69,0.0007965644770175917,319.7699999999968,Silver,SI=F,₹/kg,Precious Metal
2014-07-22,20.96500015258789,20.989999771118164,20.75,20.75,20,60.25,40194.4,40659.3,40194.4,40610.88,-0.0005121618126148197,464.90000000000146,Silver,SI=F,₹/kg,Precious Metal
2014-07-23,20.95199966430664,21.014999389648438,20.940000534057617,20.959999084472656,127,60.09799957275391,40498.76,40605.03,40460.12,40483.3,-0.0031415226658469964,144.90999999999622,Silver,SI=F,₹/kg,Precious Metal
2014-07-24,20.375999450683594,20.829999923706055,20.375999450683594,20.80500030517578,82,59.86000061035156,40040.07,40088.19,39214.44,39214.44,-0.03134280061161021,873.75,Silver,SI=F,₹/kg,Precious Metal
2014-07-25,20.58799934387207,20.75,20.434999465942383,20.434999465942383,52,60.060001373291016,39459.39,40067.65,39459.39,39754.83,0.013780382940569824,608.260000000002,Silver,SI=F,₹/kg,Precious Metal
2014-07-28,20.525999069213867,20.670000076293945,20.525999069213867,20.635000228881836,155,60.053001403808594,39840.94,39908.52,39630.49,39630.49,-0.003127670273020966,278.02999999999884,Silver,SI=F,₹/kg,Precious Metal
2014-07-29,20.54599952697754,20.69499969482422,20.54599952697754,20.68000030517578,117,60.04999923706055,39925.83,39954.79,39667.12,39667.12,0.0009242883446558547,287.66999999999825,Silver,SI=F,₹/kg,Precious Metal
2014-07-30,20.558000564575195,20.558000564575195,20.549999237060547,20.549999237060547,113,60.040000915527344,39668.24,39683.69,39668.24,39683.69,0.0004177263184219626,15.450000000004366,Silver,SI=F,₹/kg,Precious Metal
2014-07-31,20.37299919128418,20.584999084472656,20.37299919128418,20.584999084472656,17,60.25,39874.78,39874.78,39464.12,39464.12,-0.00553300360929132,410.6599999999962,Silver,SI=F,₹/kg,Precious Metal
2014-08-01,20.332000732421875,20.332000732421875,20.295000076293945,20.332000732421875,30,60.77000045776367,39724.62,39724.62,39652.33,39724.62,0.006600932695319139,72.29000000000087,Silver,SI=F,₹/kg,Precious Metal
2014-08-04,20.194000244140625,20.360000610351562,20.165000915527344,20.350000381469727,31,61.20800018310547,40046.36,40066.04,39682.3,39739.37,0.0003713062579326909,383.73999999999796,Silver,SI=F,₹/kg,Precious Metal
2014-08-05,19.79400062561035,19.79400062561035,19.79400062561035,19.79400062561035,1,60.900001525878906,38756.21,38756.21,38756.21,38756.21,-0.024740200964434078,0.0,Silver,SI=F,₹/kg,Precious Metal
2014-08-06,19.985000610351562,20.024999618530273,19.985000610351562,19.985000610351562,2,60.84299850463867,39093.56,39171.8,39093.56,39093.56,0.008704411499473208,78.24000000000524,Silver,SI=F,₹/kg,Precious Metal
2014-08-07,19.951000213623047,19.951000213623047,19.951000213623047,19.951000213623047,3,61.18999862670898,39249.63,39249.63,39249.63,39249.63,0.003992217644031459,0.0,Silver,SI=F,₹/kg,Precious Metal
2014-08-08,19.902000427246094,19.934999465942383,19.902000427246094,19.934999465942383,2,61.23799896240234,39248.91,39248.91,39183.94,39183.94,-0.0016736463502966537,64.97000000000116,Silver,SI=F,₹/kg,Precious Metal
2014-08-11,20.059999465942383,20.059999465942383,20.059999465942383,20.059999465942383,0,61.13800048828125,39430.53,39430.53,39430.53,39430.53,0.006293139485207266,0.0,Silver,SI=F,₹/kg,Precious Metal
2014-08-12,19.8700008392334,19.8700008392334,19.8700008392334,19.8700008392334,0,61.119998931884766,39045.56,39045.56,39045.56,39045.56,-0.009763246905380218,0.0,Silver,SI=F,₹/kg,Precious Metal
2014-08-13,19.809999465942383,19.809999465942383,19.809999465942383,19.809999465942383,0,61.220001220703125,38991.35,38991.35,38991.35,38991.35,-0.0013883780895957987,0.0,Silver,SI=F,₹/kg,Precious Metal
2014-08-14,19.871000289916992,19.871000289916992,19.8700008392334,19.871000289916992,11,61.02000045776367,38983.64,38983.64,38981.68,38983.64,-0.00019773616455953658,1.9599999999991269,Silver,SI=F,₹/kg,Precious Metal
2014-08-15,19.489999771118164,19.53499984741211,19.489999771118164,19.489999771118164,11,60.63999938964844,37998.06,38085.8,37998.06,37998.06,-0.02528188747895277,87.74000000000524,Silver,SI=F,₹/kg,Precious Metal
2014-08-18,19.600000381469727,19.600000381469727,19.55500030517578,19.55500030517578,1,60.77299880981445,38208.41,38296.33,38208.41,38296.33,0.00784961126962802,87.91999999999825,Silver,SI=F,₹/kg,Precious Metal
2014-08-19,19.386999130249023,19.434999465942383,19.386999130249023,19.434999465942383,9,60.81999969482422,38003.31,38003.31,37909.45,37909.45,-0.010102273507670456,93.86000000000058,Silver,SI=F,₹/kg,Precious Metal
2014-08-20,19.472000122070312,19.472000122070312,19.434999465942383,19.434999465942383,3,60.7400016784668,37953.32,38025.58,37953.32,38025.58,0.0030633522775984634,72.26000000000204,Silver,SI=F,₹/kg,Precious Metal
2014-08-21,19.389999389648438,19.40999984741211,19.28499984741211,19.28499984741211,6,60.608001708984375,37578.55,37822.13,37578.55,37783.15,-0.006375445160862747,243.57999999999447,Silver,SI=F,₹/kg,Precious Metal
2014-08-22,19.361000061035156,19.361000061035156,19.361000061035156,19.361000061035156,0,60.43999862670898,37622.07,37622.07,37622.07,37622.07,-0.004263276090003099,0.0,Silver,SI=F,₹/kg,Precious Metal
2014-08-25,19.33799934387207,19.360000610351562,19.33799934387207,19.360000610351562,3,60.4630012512207,37634.44,37634.44,37591.67,37591.67,-0.0008080363467507512,42.770000000004075,Silver,SI=F,₹/kg,Precious Metal
2014-08-26,19.3700008392334,19.5,19.3700008392334,19.5,1,60.5099983215332,37936.06,37936.06,37683.15,37683.15,0.0024335178511623035,252.90999999999622,Silver,SI=F,₹/kg,Precious Metal
2014-08-27,19.395000457763672,19.40999984741211,19.395000457763672,19.40999984741211,41245,60.428001403808594,37709.8,37709.8,37680.66,37680.66,-6.607727857144141e-05,29.139999999999418,Silver,SI=F,₹/kg,Precious Metal
2014-08-28,19.534000396728516,19.875,19.415000915527344,19.424999237060547,18998,60.448001861572266,37751.43,38625.98,37732.0,37963.27,0.007500134021006799,893.9800000000032,Silver,SI=F,₹/kg,Precious Metal
2014-08-29,19.398000717163086,19.56999969482422,19.395000457763672,19.459999084472656,3301,60.61000061035156,37920.8,38135.16,37794.14,37799.99,-0.0043009993606978325,341.0200000000041,Silver,SI=F,₹/kg,Precious Metal
2014-09-02,19.070999145507812,19.469999313354492,19.040000915527344,19.405000686645508,327,60.52299880981445,37759.35,37885.83,37049.11,37109.43,-0.018268787901795647,836.7200000000012,Silver,SI=F,₹/kg,Precious Metal
2014-09-03,19.107999801635742,19.174999237060547,19.100000381469727,19.139999389648438,130,60.678001403808594,37339.08,37407.36,37261.05,37276.65,0.004506132268806029,146.30999999999767,Silver,SI=F,₹/kg,Precious Metal
2014-09-04,19.06399917602539,19.295000076293945,18.985000610351562,19.145000457763672,120,60.38999938964844,37171.56,37462.8,36860.91,37014.29,-0.0070381861030967,601.8899999999994,Silver,SI=F,₹/kg,Precious Metal
2014-09-05,19.082000732421875,19.1299991607666,18.989999771118164,19.03499984741211,131,60.369998931884766,36945.75,37130.14,36858.41,37036.98,0.000613006490196133,271.7299999999959,Silver,SI=F,₹/kg,Precious Metal
2014-09-08,18.886999130249023,19.235000610351562,18.8799991607666,19.204999923706055,80,60.38800048828125,37286.82,37345.07,36655.83,36669.42,-0.00992413528316849,689.239999999998,Silver,SI=F,₹/kg,Precious Metal
2014-09-09,18.8439998626709,18.975000381469727,18.8439998626709,18.90999984741211,157,60.380001068115234,36709.21,36835.4,36581.09,36581.09,-0.0024088191195825726,254.31000000000495,Silver,SI=F,₹/kg,Precious Metal
2014-09-10,18.856000900268555,19.040000915527344,18.85099983215332,18.979999542236328,99,60.790000915527344,37095.29,37212.56,36843.17,36852.94,0.007431435203270498,369.3899999999994,Silver,SI=F,₹/kg,Precious Metal
2014-09-11,18.533000946044922,18.899999618530273,18.533000946044922,18.885000228881836,96,60.79999923706055,36915.69,36945.01,36227.62,36227.62,-0.016967981387644993,717.3899999999994,Silver,SI=F,₹/kg,Precious Metal
2014-09-12,18.54599952697754,18.649999618530273,18.46500015258789,18.6200008392334,121,60.810001373291016,36403.67,36462.32,36100.63,36258.99,0.0008659139076758748,361.6900000000023,Silver,SI=F,₹/kg,Precious Metal
2014-09-15,18.555999755859375,18.635000228881836,18.5,18.614999771118164,51,60.64799880981445,36296.93,36335.93,36072.7,36181.89,-0.0021263692121594735,263.2300000000032,Silver,SI=F,₹/kg,Precious Metal
2014-09-16,18.6560001373291,18.690000534057617,18.59000015258789,18.594999313354492,414,60.970001220703125,36450.44,36636.67,36440.64,36570.02,0.01072718976261311,196.02999999999884,Silver,SI=F,₹/kg,Precious Metal
2014-09-17,18.663000106811523,18.684999465942383,18.469999313354492,18.600000381469727,45,61.053001403808594,36509.88,36676.72,36254.7,36633.54,0.0017369418994028774,422.0200000000041,Silver,SI=F,₹/kg,Precious Metal
2014-09-18,18.45199966430664,18.524999618530273,18.31999969482422,18.475000381469727,36,60.90800094604492,36178.39,36276.3,35874.86,36133.35,-0.013653881115502364,401.4400000000023,Silver,SI=F,₹/kg,Precious Metal
2014-09-19,17.7810001373291,18.295000076293945,17.7810001373291,18.295000076293945,84,60.68999862670898,35697.68,35697.68,34694.75,34694.75,-0.03981363477230859,1002.9300000000003,Silver,SI=F,₹/kg,Precious Metal
2014-09-22,17.698999404907227,17.71500015258789,17.520000457763672,17.700000762939453,197,60.85300064086914,34629.46,34658.81,34277.3,34627.5,-0.0019383336095518677,381.50999999999476,Silver,SI=F,₹/kg,Precious Metal
2014-09-23,17.71299934387207,17.735000610351562,17.674999237060547,17.735000610351562,103,61.0,34781.75,34781.75,34664.08,34738.61,0.003208721391957381,117.66999999999825,Silver,SI=F,₹/kg,Precious Metal
2014-09-24,17.64299964904785,17.64299964904785,17.56999969482422,17.59000015258789,35,60.97999954223633,34486.07,34589.98,34446.86,34589.98,-0.004278524673266948,143.12000000000262,Silver,SI=F,₹/kg,Precious Metal
2014-09-25,17.378999710083008,17.540000915527344,17.354999542236328,17.5049991607666,94,60.810001373291016,34223.75,34292.18,33930.48,33977.41,-0.01770946383894989,361.6999999999971,Silver,SI=F,₹/kg,Precious Metal
2014-09-26,17.476999282836914,17.476999282836914,17.476999282836914,17.476999282836914,72,61.4900016784668,34551.09,34551.09,34551.09,34551.09,0.016884159210486915,0.0,Silver,SI=F,₹/kg,Precious Metal
2014-09-29,17.516000747680664,17.530000686645508,17.40999984741211,17.5049991607666,232,61.13800048828125,34408.34,34457.49,34221.61,34429.97,-0.003505533399959182,235.87999999999738,Silver,SI=F,₹/kg,Precious Metal
2014-09-30,17.006000518798828,17.454999923706055,16.8700008392334,17.420000076293945,53,61.553001403808594,34473.69,34542.96,33385.26,33654.4,-0.02252601439966395,1157.699999999997,Silver,SI=F,₹/kg,Precious Metal
2014-10-01,17.209999084472656,17.219999313354492,16.950000762939453,16.950000762939453,13,61.81999969482422,33689.08,34225.72,33689.08,34205.84,0.016385376057810985,536.6399999999994,Silver,SI=F,₹/kg,Precious Metal
2014-10-02,17.000999450683594,17.184999465942383,17.0,17.184999465942383,7,61.7130012512207,34097.04,34097.04,33729.98,33731.96,-0.013853774677072606,367.0599999999977,Silver,SI=F,₹/kg,Precious Metal
2014-10-03,16.780000686645508,17.100000381469727,16.780000686645508,17.100000381469727,180,61.43999862670898,33778.3,33778.3,33146.19,33146.19,-0.017365430292221262,632.1100000000006,Silver,SI=F,₹/kg,Precious Metal
2014-10-06,17.18000030517578,17.18000030517578,17.030000686645508,17.030000686645508,17,61.53799819946289,33693.68,33990.45,33693.68,33990.45,0.02547080071646235,296.7699999999968,Silver,SI=F,₹/kg,Precious Metal
2014-10-07,17.19099998474121,17.19099998474121,17.075000762939453,17.100000381469727,161,61.209999084472656,33651.85,33830.93,33602.65,33830.93,-0.004693082910052548,228.27999999999884,Silver,SI=F,₹/kg,Precious Metal
2014-10-08,17.014999389648438,17.360000610351562,17.014999389648438,17.360000610351562,75,61.27000045776367,34197.0,34197.0,33517.39,33517.39,-0.009267850455189963,679.6100000000006,Silver,SI=F,₹/kg,Precious Metal
2014-10-09,17.367000579833984,17.600000381469727,17.367000579833984,17.600000381469727,16,60.880001068115234,34449.09,34449.09,33993.03,33993.03,0.014190842425379824,456.0599999999977,Silver,SI=F,₹/kg,Precious Metal
2014-10-10,17.25200080871582,17.299999237060547,17.25200080871582,17.299999237060547,17,61.02000045776367,33939.76,33939.76,33845.59,33845.59,-0.00433735974698346,94.17000000000553,Silver,SI=F,₹/kg,Precious Metal
2014-10-13,17.29400062561035,17.40999984741211,17.29400062561035,17.40999984741211,12,61.27799987792969,34299.97,34299.97,34071.44,34071.44,0.006672952074406213,228.52999999999884,Silver,SI=F,₹/kg,Precious Metal
2014-10-14,17.35300064086914,17.5,17.35300064086914,17.5,10,61.00299835205078,34322.56,34322.56,34034.25,34034.25,-0.0010915300321912014,288.3099999999977,Silver,SI=F,₹/kg,Precious Metal
2014-10-15,17.415000915527344,17.700000762939453,17.010000228881836,17.010000228881836,42,61.39300155639648,33574.81,34936.76,33574.81,34374.22,0.009989055142981096,1361.9500000000044,Silver,SI=F,₹/kg,Precious Metal
2014-10-16,17.38800048828125,17.43000030517578,17.38800048828125,17.43000030517578,2,61.37300109863281,34392.61,34392.61,34309.74,34309.74,-0.0018758243823424614,82.87000000000262,Silver,SI=F,₹/kg,Precious Metal
2014-10-17,17.281999588012695,17.281999588012695,17.281999588012695,17.281999588012695,0,61.72299957275391,34295.05,34295.05,34295.05,34295.05,-0.00042815830140352507,0.0,Silver,SI=F,₹/kg,Precious Metal
2014-10-20,17.304000854492188,17.459999084472656,17.304000854492188,17.459999084472656,9,61.358001708984375,34443.39,34443.39,34135.65,34135.65,-0.00464790108193458,307.73999999999796,Silver,SI=F,₹/kg,Precious Metal
2014-10-21,17.503999710083008,17.503999710083008,17.5,17.5,6,61.22800064086914,34449.15,34457.03,34449.15,34457.03,0.00941479069535811,7.879999999997381,Silver,SI=F,₹/kg,Precious Metal
2014-10-22,17.18600082397461,17.469999313354492,17.114999771118164,17.469999313354492,18,61.14300155639648,34342.36,34342.36,33644.5,33784.07,-0.01953041222647456,697.8600000000006,Silver,SI=F,₹/kg,Precious Metal
2014-10-23,17.11400032043457,17.174999237060547,17.11400032043457,17.174999237060547,12,61.09999847412109,33738.7,33738.7,33618.87,33618.87,-0.004889878572948647,119.82999999999447,Silver,SI=F,₹/kg,Precious Metal
2014-10-24,17.13599967956543,17.13599967956543,17.13599967956543,17.13599967956543,0,61.130001068115234,33678.62,33678.62,33678.62,33678.62,0.0017772756788076993,0.0,Silver,SI=F,₹/kg,Precious Metal
2014-10-27,17.114999771118164,17.114999771118164,17.114999771118164,17.114999771118164,0,61.16299819946289,33655.5,33655.5,33655.5,33655.5,-0.0006864889357106607,0.0,Silver,SI=F,₹/kg,Precious Metal
2014-10-28,17.184999465942383,17.184999465942383,17.184999465942383,17.184999465942383,0,61.29800033569336,33867.74,33867.74,33867.74,33867.74,0.006306250092852572,0.0,Silver,SI=F,₹/kg,Precious Metal
2014-10-29,17.2189998626709,17.2189998626709,17.2189998626709,17.2189998626709,431,61.180999755859375,33869.98,33869.98,33869.98,33869.98,6.61396361258948e-05,0.0,Silver,SI=F,₹/kg,Precious Metal
2014-10-30,16.391000747680664,16.391000747680664,16.34000015258789,16.350000381469727,485,61.28300094604492,32214.26,32295.05,32194.56,32295.05,-0.04649928934118075,100.48999999999796,Silver,SI=F,₹/kg,Precious Metal
2014-10-31,16.07699966430664,16.1299991607666,15.859999656677246,16.1299991607666,15,61.43299865722656,31858.59,31858.59,31325.31,31753.91,-0.016756128261142145,533.2799999999988,Silver,SI=F,₹/kg,Precious Metal
2014-11-03,16.174999237060547,16.174999237060547,16.03499984741211,16.03499984741211,51,61.39799880981445,31652.91,31929.26,31652.91,31929.26,0.005522154594505002,276.34999999999854,Silver,SI=F,₹/kg,Precious Metal
2014-11-04,15.927000045776367,15.930000305175781,15.925000190734863,15.925000190734863,17,61.41299819946289,31443.45,31453.32,31443.45,31447.4,-0.015091486617603955,9.869999999998981,Silver,SI=F,₹/kg,Precious Metal
2014-11-05,15.418000221252441,15.46500015258789,15.21500015258789,15.46500015258789,32,61.28799819946289,30473.04,30473.04,29980.43,30380.43,-0.03392871906739514,492.6100000000006,Silver,SI=F,₹/kg,Precious Metal
2014-11-06,15.392000198364258,15.392000198364258,15.392000198364258,15.392000198364258,3,61.369998931884766,30369.78,30369.78,30369.78,30369.78,-0.0003505546169031426,0.0,Silver,SI=F,₹/kg,Precious Metal
2014-11-07,15.699000358581543,15.699000358581543,15.045000076293945,15.045000076293945,26,61.49300003051758,29744.61,31037.6,29744.61,31037.6,0.021989622578760804,1292.989999999998,Silver,SI=F,₹/kg,Precious Metal
2014-11-10,15.656999588012695,15.656999588012695,15.656999588012695,15.656999588012695,59,61.51300048828125,30964.63,30964.63,30964.63,30964.63,-0.00235101940871707,0.0,Silver,SI=F,₹/kg,Precious Metal
2014-11-11,15.663999557495117,15.663999557495117,15.663999557495117,15.663999557495117,0,61.52999877929688,30987.03,30987.03,30987.03,30987.03,0.0007234060281036125,0.0,Silver,SI=F,₹/kg,Precious Metal
2014-11-12,15.619000434875488,15.720000267028809,15.619000434875488,15.720000267028809,42,61.4900016784668,31077.6,31077.6,30877.93,30877.93,-0.0035208279076761606,199.66999999999825,Silver,SI=F,₹/kg,Precious Metal
2014-11-13,15.616999626159668,15.616999626159668,15.616999626159668,15.616999626159668,10,61.36800003051758,30812.72,30812.72,30812.72,30812.72,-0.0021118643639648216,0.0,Silver,SI=F,₹/kg,Precious Metal
2014-11-14,16.309999465942383,16.309999465942383,15.595000267028809,15.595000267028809,5,61.59299850463867,30882.12,32298.01,30882.12,32298.01,0.04820379375790251,1415.8899999999994,Silver,SI=F,₹/kg,Precious Metal
2014-11-17,16.05299949645996,16.05299949645996,16.05299949645996,16.05299949645996,0,61.70800018310547,31848.44,31848.44,31848.44,31848.44,-0.01391943342639379,0.0,Silver,SI=F,₹/kg,Precious Metal
2014-11-18,16.170000076293945,16.170000076293945,16.170000076293945,16.170000076293945,0,61.823001861572266,32140.35,32140.35,32140.35,32140.35,0.009165598063829883,0.0,Silver,SI=F,₹/kg,Precious Metal
2014-11-19,16.290000915527344,16.290000915527344,16.290000915527344,16.290000915527344,0,61.71799850463867,32323.87,32323.87,32323.87,32323.87,0.005709956487717216,0.0,Silver,SI=F,₹/kg,Precious Metal
2014-11-20,16.132999420166016,16.132999420166016,16.132999420166016,16.132999420166016,0,61.9379997253418,32126.45,32126.45,32126.45,32126.45,-0.006107560759277875,0.0,Silver,SI=F,₹/kg,Precious Metal
2014-11-21,16.391000747680664,16.391000747680664,16.391000747680664,16.391000747680664,0,61.92300033569336,32632.32,32632.32,32632.32,32632.32,0.01574621534592202,0.0,Silver,SI=F,₹/kg,Precious Metal
2014-11-24,16.37700080871582,16.475000381469727,16.37700080871582,16.43000030517578,96,61.7599983215332,32623.86,32713.21,32518.62,32518.62,-0.0034842757119322165,194.59000000000015,Silver,SI=F,₹/kg,Precious Metal
2014-11-25,16.554000854492188,16.554000854492188,16.554000854492188,16.554000854492188,71173,61.85300064086914,32919.57,32919.57,32919.57,32919.57,0.012329859016157574,0.0,Silver,SI=F,₹/kg,Precious Metal
2014-11-26,16.54800033569336,16.649999618530273,16.440000534057617,16.645000457763672,23490,61.84000015258789,33093.58,33103.52,32686.0,32900.72,-0.0005726077223973114,417.5199999999968,Silver,SI=F,₹/kg,Precious Metal
2014-11-28,15.48900032043457,16.510000228881836,15.364999771118164,16.4950008392334,5086,61.85300064086914,32802.24,32832.07,30555.1,30801.69,-0.06379890774426833,2276.970000000001,Silver,SI=F,₹/kg,Precious Metal
2014-12-01,16.648000717163086,16.68000030517578,14.100000381469727,15.390000343322754,1954,62.20299911499024,30778.0,33357.83,28198.17,33293.84,0.08090952152300734,5159.6600000000035,Silver,SI=F,₹/kg,Precious Metal
2014-12-02,16.408000946044922,16.475000381469727,16.06999969482422,16.440000534057617,508,61.948001861572266,32743.08,32812.79,32006.16,32679.35,-0.018456567340985552,806.630000000001,Silver,SI=F,₹/kg,Precious Metal
2014-12-03,16.358999252319336,16.530000686645508,16.299999237060547,16.434999465942383,90,61.78799819946289,32648.58,32837.3,32380.4,32497.6,-0.005561616127615743,456.90000000000146,Silver,SI=F,₹/kg,Precious Metal
2014-12-04,16.520000457763672,16.579999923706055,16.334999084472656,16.354999542236328,83,61.85599899291992,32525.41,32972.87,32485.64,32853.55,0.010953116537836705,487.2300000000032,Silver,SI=F,₹/kg,Precious Metal
2014-12-05,16.195999145507812,16.479999542236328,16.174999237060547,16.415000915527344,241,61.78300094604492,32606.21,32735.32,32129.48,32171.19,-0.02076974938781362,605.8400000000001,Silver,SI=F,₹/kg,Precious Metal
2014-12-08,16.215999603271484,16.260000228881836,16.1299991607666,16.1299991607666,223,61.9109992980957,32106.47,32365.24,32106.47,32277.65,0.003309171964108293,258.77000000000044,Silver,SI=F,₹/kg,Precious Metal
2014-12-09,17.08099937438965,17.1299991607666,16.280000686645508,16.280000686645508,183,61.81800079345703,32356.37,34045.74,32356.37,33948.35,0.05176027374979264,1689.369999999999,Silver,SI=F,₹/kg,Precious Metal
2014-12-10,17.132999420166016,17.139999389648438,17.010000228881836,17.024999618530273,60,61.87300109863281,33867.16,34095.92,33837.32,34082.0,0.003936862910863148,258.59999999999854,Silver,SI=F,₹/kg,Precious Metal
2014-12-11,17.05900001525879,17.18000030517578,17.05900001525879,17.104999542236328,28,62.00299835205078,34097.79,34247.3,34006.09,34006.09,-0.0022272753946365187,241.2100000000064,Silver,SI=F,₹/kg,Precious Metal
2014-12-12,17.018999099731445,17.110000610351562,17.014999389648438,17.06999969482422,488,62.47299957275391,34285.96,34366.3,34175.49,34183.52,0.0052175948484520784,190.81000000000495,Silver,SI=F,₹/kg,Precious Metal
2014-12-15,16.527000427246094,16.850000381469727,16.527000427246094,16.809999465942383,37,62.51800155639648,33788.06,33868.46,33219.23,33219.23,-0.02820920724372422,649.2299999999959,Silver,SI=F,₹/kg,Precious Metal
2014-12-16,15.71500015258789,16.15999984741211,15.71500015258789,16.135000228881836,75,63.167999267578125,32768.5,32819.27,31915.52,31915.52,-0.03924564175629608,903.7499999999964,Silver,SI=F,₹/kg,Precious Metal
2014-12-17,15.890999794006348,15.890999794006348,15.829999923706055,15.829999923706055,27,63.65299987792969,32395.91,32520.75,32395.91,32520.75,0.01896350114301759,124.84000000000015,Silver,SI=F,₹/kg,Precious Metal
2014-12-18,15.894000053405762,15.894000053405762,15.894000053405762,15.894000053405762,3,63.51800155639648,32457.9,32457.9,32457.9,32457.9,-0.0019326122552523195,0.0,Silver,SI=F,₹/kg,Precious Metal
2014-12-19,15.991000175476074,15.991000175476074,15.991000175476074,15.991000175476074,2,62.983001708984375,32380.94,32380.94,32380.94,32380.94,-0.0023710714494776797,0.0,Silver,SI=F,₹/kg,Precious Metal
2014-12-22,15.64900016784668,16.104999542236328,15.64900016784668,16.079999923706055,68,63.2400016784668,32694.02,32744.85,31817.71,31817.71,-0.01739387429765782,927.1399999999994,Silver,SI=F,₹/kg,Precious Metal
2014-12-23,15.729999542236328,15.75,15.579999923706055,15.579999923706055,12,63.22299957275391,31668.9,32014.45,31668.9,31973.8,0.004905758459675447,345.5499999999993,Silver,SI=F,₹/kg,Precious Metal
2014-12-24,15.67300033569336,15.680000305175781,15.67300033569336,15.680000305175781,1,63.43299865722656,31978.03,31978.03,31963.76,31963.76,-0.0003140070933076444,14.270000000000437,Silver,SI=F,₹/kg,Precious Metal
2014-12-26,16.11199951171875,16.114999771118164,15.9399995803833,15.9399995803833,4,63.51300048828125,32549.28,32906.63,32549.28,32900.5,0.02930631440105924,357.34999999999854,Silver,SI=F,₹/kg,Precious Metal
2014-12-29,15.744000434875488,15.949999809265137,15.744000434875488,15.949999809265137,277,63.59000015258789,32609.18,32609.18,32188.03,32188.03,-0.021655293992492552,421.15000000000146,Silver,SI=F,₹/kg,Precious Metal
2014-12-30,16.239999771118164,16.354999542236328,15.805000305175781,15.845000267028809,77,63.66299819946289,32431.7,33475.58,32349.83,33240.19,0.032687927779364134,1125.75,Silver,SI=F,₹/kg,Precious Metal
2014-12-31,15.5649995803833,16.2450008392334,15.5649995803833,16.2450008392334,24,63.37799835205078,33101.58,33101.58,31715.97,31715.97,-0.04585473187728473,1385.6100000000006,Silver,SI=F,₹/kg,Precious Metal
2015-01-02,15.734000205993652,15.8149995803833,15.53499984741211,15.789999961853027,13,63.02799987792969,31996.77,32047.43,31480.04,31883.29,0.0052755756800122455,567.3899999999994,Silver,SI=F,₹/kg,Precious Metal
2015-01-05,16.179000854492188,16.179000854492188,16.179000854492188,16.179000854492188,0,63.27799987792969,32915.08,32915.08,32915.08,32915.08,0.03236146583367017,0.0,Silver,SI=F,₹/kg,Precious Metal
2015-01-06,16.60300064086914,16.60300064086914,16.60300064086914,16.60300064086914,2,63.3380012512207,33809.7,33809.7,33809.7,33809.7,0.02717963924134459,0.0,Silver,SI=F,₹/kg,Precious Metal
2015-01-07,16.510000228881836,16.549999237060547,16.479999542236328,16.479999542236328,9,63.56800079345703,33681.09,33824.16,33681.09,33742.41,-0.001990257233870585,143.07000000000698,Silver,SI=F,₹/kg,Precious Metal
2015-01-08,16.35099983215332,16.35099983215332,16.35099983215332,16.35099983215332,0,63.27299880981445,33262.37,33262.37,33262.37,33262.37,-0.01422660681320631,0.0,Silver,SI=F,₹/kg,Precious Metal
2015-01-09,16.38599967956543,16.38599967956543,16.38599967956543,16.38599967956543,0,62.667999267578125,33014.84,33014.84,33014.84,33014.84,-0.007441742726089773,0.0,Silver,SI=F,₹/kg,Precious Metal
2015-01-12,16.53499984741211,16.53499984741211,16.53499984741211,16.53499984741211,0,62.34799957275391,33144.93,33144.93,33144.93,33144.93,0.003940349249004438,0.0,Silver,SI=F,₹/kg,Precious Metal
2015-01-13,17.125,17.125,17.0,17.0,484,62.06800079345703,33924.0,34173.45,33924.0,34173.45,0.03103099026004874,249.4499999999971,Silver,SI=F,₹/kg,Precious Metal
2015-01-14,16.95599937438965,16.95599937438965,16.899999618530273,16.899999618530273,13,61.97299957275391,33672.83,33784.41,33672.83,33784.41,-0.011384276390004389,111.58000000000175,Silver,SI=F,₹/kg,Precious Metal
2015-01-15,17.072999954223633,17.200000762939453,17.030000686645508,17.174999237060547,78,62.0880012512207,34284.26,34334.17,33994.82,34080.66,0.008768837460828793,339.34999999999854,Silver,SI=F,₹/kg,Precious Metal
2015-01-16,17.73900032043457,17.770000457763672,16.905000686645508,17.059999465942383,114,62.05799865722656,34038.25,35454.85,33728.99,35393.0,0.038506883376084655,1725.8600000000006,Silver,SI=F,₹/kg,Precious Metal
2015-01-20,17.94700050354004,18.0,17.94700050354004,17.954999923706055,24,61.63800048828125,35581.51,35670.69,35565.66,35565.66,0.004878365778543836,105.02999999999884,Silver,SI=F,₹/kg,Precious Metal
2015-01-21,18.179000854492188,18.260000228881836,17.959999084472656,17.959999084472656,21,61.64799880981445,35597.19,36191.8,35597.19,36031.26,0.01309127962197243,594.6100000000006,Silver,SI=F,₹/kg,Precious Metal
2015-01-22,18.34600067138672,18.34600067138672,18.34600067138672,18.34600067138672,0,61.553001403808594,36306.22,36306.22,36306.22,36306.22,0.007631151394650093,0.0,Silver,SI=F,₹/kg,Precious Metal
2015-01-23,18.284000396728516,18.354999542236328,18.284000396728516,18.315000534057617,20,61.59799957275391,36271.37,36350.59,36209.98,36209.98,-0.002650785457698368,140.6099999999933,Silver,SI=F,₹/kg,Precious Metal
2015-01-26,17.966999053955078,17.966999053955078,17.966999053955078,17.966999053955078,0,61.43299865722656,35486.87,35486.87,35486.87,35486.87,-0.01996990884833405,0.0,Silver,SI=F,₹/kg,Precious Metal
2015-01-27,18.06800079345703,18.110000610351562,18.06800079345703,18.110000610351562,10,61.47299957275391,35792.6,35792.6,35709.6,35709.6,0.00627640589322187,83.0,Silver,SI=F,₹/kg,Precious Metal
2015-01-28,18.06800079345703,18.06800079345703,18.06800079345703,18.06800079345703,166,61.40299987792969,35668.93,35668.93,35668.93,35668.93,-0.0011389094249164566,0.0,Silver,SI=F,₹/kg,Precious Metal
2015-01-29,16.757999420166016,17.475000381469727,16.757999420166016,17.420000076293945,30,61.35100173950195,34360.56,34469.05,33054.78,33054.78,-0.07328927444697675,1414.270000000004,Silver,SI=F,₹/kg,Precious Metal
2015-01-30,17.191999435424805,17.191999435424805,16.809999465942383,16.809999465942383,21,61.79600143432617,33397.85,34156.8,33397.85,34156.8,0.033339202378597,758.9500000000044,Silver,SI=F,₹/kg,Precious Metal
2015-02-02,17.235000610351562,17.235000610351562,17.235000610351562,17.235000610351562,4,62.01300048828125,34362.48,34362.48,34362.48,34362.48,0.006021641371557029,0.0,Silver,SI=F,₹/kg,Precious Metal
2015-02-03,17.30500030517578,17.520000457763672,17.30500030517578,17.31999969482422,24,61.72800064086914,34373.24,34770.17,34343.48,34343.48,-0.0005529286593982663,426.68999999999505,Silver,SI=F,₹/kg,Precious Metal
2015-02-04,17.378999710083008,17.600000381469727,17.378999710083008,17.399999618530273,43,61.61399841308594,34468.24,34864.42,34426.64,34426.64,0.002421420310346978,437.77999999999884,Silver,SI=F,₹/kg,Precious Metal
2015-02-05,17.18000030517578,17.28499984741211,17.18000030517578,17.18000030517578,11,61.86000061035156,34168.31,34377.14,34168.31,34168.31,-0.0075037819549047535,208.83000000000175,Silver,SI=F,₹/kg,Precious Metal
2015-02-06,16.67799949645996,16.67799949645996,16.67799949645996,16.67799949645996,0,61.733001708984375,33101.81,33101.81,33101.81,33101.81,-0.03121313287077998,0.0,Silver,SI=F,₹/kg,Precious Metal
2015-02-09,17.054000854492188,17.054000854492188,17.054000854492188,17.054000854492188,2,61.9630012512207,33974.19,33974.19,33974.19,33974.19,0.026354450104088212,0.0,Silver,SI=F,₹/kg,Precious Metal
2015-02-10,16.85700035095215,16.85700035095215,16.85700035095215,16.85700035095215,0,62.130001068115234,33672.25,33672.25,33672.25,33672.25,-0.008887334767951893,0.0,Silver,SI=F,₹/kg,Precious Metal
2015-02-11,16.7450008392334,16.7450008392334,16.7450008392334,16.7450008392334,3,62.34199905395508,33562.66,33562.66,33562.66,33562.66,-0.0032546087653778644,0.0,Silver,SI=F,₹/kg,Precious Metal
2015-02-12,16.777999877929688,16.8799991607666,16.777999877929688,16.84000015258789,17,62.38199996948242,33774.72,33854.95,33650.38,33650.38,0.0026136188252061654,204.5699999999997,Silver,SI=F,₹/kg,Precious Metal
2015-02-13,17.277999877929688,17.277999877929688,16.90999984741211,16.90999984741211,20,62.16999816894531,33799.86,34535.42,33799.86,34535.42,0.026301040285429123,735.5599999999977,Silver,SI=F,₹/kg,Precious Metal
2015-02-17,16.36199951171875,16.36199951171875,16.36199951171875,16.36199951171875,0,62.18600082397461,32712.93,32712.93,32712.93,32712.93,-0.05277161824005605,0.0,Silver,SI=F,₹/kg,Precious Metal
2015-02-18,16.25,16.25,16.25,16.25,0,62.11199951171875,32450.34,32450.34,32450.34,32450.34,-0.008027101210438814,0.0,Silver,SI=F,₹/kg,Precious Metal
2015-02-19,16.371000289916992,16.405000686645508,16.334999084472656,16.405000686645508,10,62.07400131225586,32739.83,32739.83,32600.13,32671.98,0.006830128744413688,139.70000000000073,Silver,SI=F,₹/kg,Precious Metal
2015-02-20,16.26300048828125,16.43000030517578,16.26300048828125,16.43000030517578,6,62.165000915527344,32837.79,32837.79,32504.02,32504.02,-0.005140796486775456,333.77000000000044,Silver,SI=F,₹/kg,Precious Metal
2015-02-23,16.246999740600586,16.325000762939453,16.246999740600586,16.246999740600586,20,62.10100173950195,32438.61,32594.34,32438.61,32438.61,-0.0020123664703627364,155.72999999999956,Silver,SI=F,₹/kg,Precious Metal
2015-02-24,16.18199920654297,16.18199920654297,16.18199920654297,16.18199920654297,0,62.17100143432617,32345.25,32345.25,32345.25,32345.25,-0.0028780518030828706,0.0,Silver,SI=F,₹/kg,Precious Metal
2015-02-25,16.423999786376953,16.423999786376953,16.423999786376953,16.423999786376953,49194,62.233001708984375,32861.71,32861.71,32861.71,32861.71,0.015967104907212093,0.0,Silver,SI=F,₹/kg,Precious Metal
2015-02-26,16.58300018310547,16.860000610351562,16.489999771118164,16.5,17624,61.87699890136719,32824.92,33541.1,32805.02,32990.04,0.003905152835929737,736.0800000000017,Silver,SI=F,₹/kg,Precious Metal
2015-02-27,16.51300048828125,16.649999618530273,16.395000457763672,16.56999969482422,1696,61.75400161743164,32898.65,33057.48,32551.2,32785.48,-0.0062006593505190555,506.2800000000025,Silver,SI=F,₹/kg,Precious Metal
2015-03-02,16.406999588012695,16.729999542236328,16.315000534057617,16.584999084472656,269,61.6510009765625,32873.51,33160.91,32338.34,32520.69,-0.008076441156268044,822.5700000000033,Silver,SI=F,₹/kg,Precious Metal
2015-03-03,16.257999420166016,16.5049991607666,16.09000015258789,16.395000457763672,293,61.9010009765625,32628.68,32847.6,32021.68,32356.03,-0.005063238203125486,825.9199999999983,Silver,SI=F,₹/kg,Precious Metal
2015-03-04,16.131999969482422,16.299999237060547,16.075000762939453,16.260000228881836,232,61.8129997253418,32314.01,32393.5,31946.35,32059.63,-0.00916057995990227,447.15000000000146,Silver,SI=F,₹/kg,Precious Metal
2015-03-05,16.131999969482422,16.28499984741211,16.131999969482422,16.2549991607666,56,62.30500030517578,32561.19,32621.29,32314.81,32314.81,0.007959542889297344,306.47999999999956,Silver,SI=F,₹/kg,Precious Metal
2015-03-06,15.784000396728516,16.170000076293945,15.744999885559082,16.170000076293945,112,62.44300079345703,32462.67,32462.67,31609.44,31687.74,-0.019405034409919142,853.2299999999996,Silver,SI=F,₹/kg,Precious Metal
2015-03-09,15.755000114440918,15.90999984741211,15.6899995803833,15.800000190734863,70,62.45299911499024,31724.94,31945.81,31504.07,31634.59,-0.001677304850393302,441.7400000000016,Silver,SI=F,₹/kg,Precious Metal
2015-03-10,15.61299991607666,15.744999885559082,15.61299991607666,15.6899995803833,109,62.67300033569336,31615.05,31725.87,31459.9,31459.9,-0.005522119932643288,265.9699999999975,Silver,SI=F,₹/kg,Precious Metal
2015-03-11,15.345000267028809,15.640000343322754,15.270000457763672,15.640000343322754,160,62.7130012512207,31534.41,31534.41,30788.4,30939.62,-0.016537878378507287,746.0099999999984,Silver,SI=F,₹/kg,Precious Metal
2015-03-12,15.493000030517578,15.5649995803833,15.46500015258789,15.5600004196167,94,62.755001068115234,31394.12,31404.21,31202.45,31258.94,0.010320747313638634,201.7599999999984,Silver,SI=F,₹/kg,Precious Metal
2015-03-13,15.47700023651123,15.619999885559082,15.475000381469727,15.609999656677246,59,62.53499984741211,31384.59,31404.7,31113.17,31117.19,-0.004534702712248095,291.5300000000025,Silver,SI=F,₹/kg,Precious Metal
2015-03-16,15.60099983215332,15.71500015258789,15.5,15.6899995803833,71,63.07600021362305,31818.34,31869.04,31433.03,31637.85,0.016732230641648638,436.01000000000204,Silver,SI=F,₹/kg,Precious Metal
2015-03-17,15.562000274658203,15.635000228881836,15.489999771118164,15.489999771118164,39,62.78900146484375,31269.82,31562.54,31269.82,31415.17,-0.007038404948503163,292.72000000000116,Silver,SI=F,₹/kg,Precious Metal
2015-03-18,15.524999618530273,15.899999618530273,15.475000381469727,15.475000381469727,19,62.61600112915039,31153.47,32009.06,31153.47,31254.13,-0.005126185852248999,855.5900000000001,Silver,SI=F,₹/kg,Precious Metal
2015-03-19,16.097999572753906,16.100000381469727,15.859999656677246,15.904999732971191,8,62.69300079345703,32058.5,32451.54,31967.79,32447.51,0.03818311371969063,483.75,Silver,SI=F,₹/kg,Precious Metal
2015-03-20,16.867000579833984,16.867000579833984,16.2549991607666,16.2549991607666,93,62.483001708984375,32654.22,33883.65,32654.22,33883.65,0.044260407038937855,1229.4300000000003,Silver,SI=F,₹/kg,Precious Metal
2015-03-23,16.871999740600586,16.975000381469727,16.670000076293945,16.700000762939453,149,62.40299987792969,33505.21,34056.95,33445.02,33850.3,-0.0009842505161042903,611.9300000000003,Silver,SI=F,₹/kg,Precious Metal
2015-03-24,16.96299934387207,17.0,16.860000610351562,16.979999542236328,295,62.22299957275391,33968.71,34008.72,33728.65,33934.7,0.002493330930597226,280.0699999999997,Silver,SI=F,₹/kg,Precious Metal
2015-03-25,16.979999542236328,17.045000076293945,16.950000762939453,16.950000762939453,146,62.27799987792969,33938.67,34128.88,33938.67,33998.74,0.0018871538572611257,190.20999999999913,Silver,SI=F,₹/kg,Precious Metal
2015-03-26,17.121999740600586,17.325000762939453,17.05500030517578,17.315000534057617,97,62.46200180053711,34771.93,34792.02,34249.8,34384.35,0.011341890905368857,542.2199999999939,Silver,SI=F,₹/kg,Precious Metal
2015-03-27,17.052000045776367,17.052000045776367,17.010000228881836,17.010000228881836,180,62.82899856567383,34360.14,34444.98,34360.14,34444.98,0.0017633021999836629,84.84000000000378,Silver,SI=F,₹/kg,Precious Metal
2015-03-30,16.656999588012695,16.7549991607666,16.655000686645508,16.7549991607666,8,62.51499938964844,33675.89,33675.89,33474.9,33478.92,-0.028046467148478693,200.98999999999796,Silver,SI=F,₹/kg,Precious Metal
2015-03-31,16.58099937438965,16.649999618530273,16.58099937438965,16.649999618530273,24,62.50899887084961,33461.64,33461.64,33322.97,33322.97,-0.004658155042038259,138.66999999999825,Silver,SI=F,₹/kg,Precious Metal
2015-04-01,17.04400062561035,17.04400062561035,16.6200008392334,16.6200008392334,50,62.305999755859375,33292.88,34142.23,33292.88,34142.23,0.024585443614419722,849.3500000000058,Silver,SI=F,₹/kg,Precious Metal
2015-04-02,16.68600082397461,16.68600082397461,16.68600082397461,16.68600082397461,0,62.16899871826172,33351.59,33351.59,33351.59,33351.59,-0.023157245440617258,0.0,Silver,SI=F,₹/kg,Precious Metal
2015-04-06,17.094999313354492,17.094999313354492,17.03499984741211,17.03499984741211,17,62.060001373291016,33989.47,34109.18,33989.47,34109.18,0.022715258852726405,119.70999999999913,Silver,SI=F,₹/kg,Precious Metal
2015-04-07,16.825000762939453,16.825000762939453,16.825000762939453,16.825000762939453,200,62.060001373291016,33570.46,33570.46,33570.46,33570.46,-0.01579398859779102,0.0,Silver,SI=F,₹/kg,Precious Metal
2015-04-08,16.440000534057617,16.440000534057617,16.440000534057617,16.440000534057617,0,62.30899810791016,32933.89,32933.89,32933.89,32933.89,-0.018962206654302594,0.0,Silver,SI=F,₹/kg,Precious Metal
2015-04-09,16.163999557495117,16.163999557495117,16.163999557495117,16.163999557495117,99,62.18199920654297,32314.98,32314.98,32314.98,32314.98,-0.018792496118739677,0.0,Silver,SI=F,₹/kg,Precious Metal
2015-04-10,16.3700008392334,16.399999618530273,16.3700008392334,16.3700008392334,5,62.31399917602539,32796.29,32856.39,32796.29,32796.29,0.014894330740727657,60.099999999998545,Silver,SI=F,₹/kg,Precious Metal
2015-04-13,16.280000686645508,16.280000686645508,16.280000686645508,16.280000686645508,0,62.26900100708008,32592.43,32592.43,32592.43,32592.43,-0.0062159469866865935,0.0,Silver,SI=F,₹/kg,Precious Metal
2015-04-14,16.150999069213867,16.150999069213867,16.150999069213867,16.150999069213867,23,62.39099884033203,32397.52,32397.52,32397.52,32397.52,-0.005980223014976138,0.0,Silver,SI=F,₹/kg,Precious Metal
2015-04-15,16.268999099731445,16.268999099731445,16.268999099731445,16.268999099731445,0,62.31399917602539,32593.94,32593.94,32593.94,32593.94,0.006062809745931208,0.0,Silver,SI=F,₹/kg,Precious Metal
2015-04-16,16.275999069213867,16.28499984741211,16.149999618530273,16.149999618530273,12,62.38999938964844,32395.0,32665.79,32395.0,32647.74,0.0016506135803160404,270.7900000000009,Silver,SI=F,₹/kg,Precious Metal
2015-04-17,16.22100067138672,16.22100067138672,16.22100067138672,16.22100067138672,0,62.32600021362305,32504.04,32504.04,32504.04,32504.04,-0.004401529784297531,0.0,Silver,SI=F,₹/kg,Precious Metal
2015-04-20,15.883000373840332,15.883000373840332,15.883000373840332,15.883000373840332,0,62.542999267578125,31937.56,31937.56,31937.56,31937.56,-0.017427987413256907,0.0,Silver,SI=F,₹/kg,Precious Metal
2015-04-21,16.00200080871582,16.00200080871582,15.920000076293945,15.920000076293945,1,63.14500045776367,32320.08,32486.56,32320.08,32486.56,0.017189791580822122,166.47999999999956,Silver,SI=F,₹/kg,Precious Metal
2015-04-22,15.791000366210938,15.791000366210938,15.791000366210938,15.791000366210938,0,62.87799835205078,31922.64,31922.64,31922.64,31922.64,-0.017358563048842424,0.0,Silver,SI=F,₹/kg,Precious Metal
2015-04-23,15.824000358581543,15.824000358581543,15.824000358581543,15.824000358581543,0,62.935001373291016,32018.35,32018.35,32018.35,32018.35,0.002998185613721116,0.0,Silver,SI=F,₹/kg,Precious Metal
2015-04-24,15.630999565124512,15.630999565124512,15.630999565124512,15.630999565124512,0,63.2869987487793,31804.73,31804.73,31804.73,31804.73,-0.006671799140180568,0.0,Silver,SI=F,₹/kg,Precious Metal
2015-04-27,16.389999389648438,16.389999389648438,15.9350004196167,15.9350004196167,70,63.65499877929688,32611.82,33543.0,32611.82,33543.0,0.05465444919670759,931.1800000000003,Silver,SI=F,₹/kg,Precious Metal
2015-04-28,16.586999893188477,16.586999893188477,16.586999893188477,16.586999893188477,60635,63.13999938964844,33671.53,33671.53,33671.53,33671.53,0.003831797990638819,0.0,Silver,SI=F,₹/kg,Precious Metal
2015-04-29,16.670000076293945,16.684999465942383,16.385000228881836,16.56999969482422,16432,63.03300094604492,33580.02,33813.07,33205.11,33782.67,0.0033007113130885113,607.9599999999991,Silver,SI=F,₹/kg,Precious Metal
2015-04-30,16.124000549316406,16.700000762939453,15.8149995803833,16.545000076293945,2479,63.44200134277344,33746.92,34063.07,32257.93,32888.2,-0.026477184899831863,1805.1399999999994,Silver,SI=F,₹/kg,Precious Metal
2015-05-01,16.111000061035156,16.190000534057617,15.904999732971191,16.09000015258789,733,63.52299880981445,32860.75,33064.98,32482.92,32903.64,0.0004694692929378963,582.060000000005,Silver,SI=F,₹/kg,Precious Metal
2015-05-04,16.417999267578125,16.69499969482422,16.149999618530273,16.149999618530273,71,63.52299880981445,32983.29,34096.35,32983.29,33530.63,0.019055338558287005,1113.0599999999977,Silver,SI=F,₹/kg,Precious Metal
2015-05-05,16.55699920654297,16.56999969482422,16.350000381469727,16.389999389648438,47,63.59299850463867,33510.33,33878.35,33428.55,33851.77,0.009577511666198912,449.79999999999563,Silver,SI=F,₹/kg,Precious Metal
2015-05-06,16.483999252319336,16.545000076293945,16.3799991607666,16.520000457763672,98,63.34400177001953,33643.87,33694.79,33358.75,33570.55,-0.008307394266237611,336.0400000000009,Silver,SI=F,₹/kg,Precious Metal
2015-05-07,16.27199935913086,16.329999923706055,16.229999542236328,16.329999923706055,101,63.65999984741211,33422.83,33422.83,33218.16,33304.12,-0.007936420463769633,204.66999999999825,Silver,SI=F,₹/kg,Precious Metal
2015-05-08,16.441999435424805,16.454999923706055,16.31999969482422,16.3700008392334,67,64.08200073242188,33726.8,33901.93,33623.79,33875.14,0.01714562642700046,278.1399999999994,Silver,SI=F,₹/kg,Precious Metal
2015-05-11,16.29800033569336,16.475000381469727,16.21500015258789,16.475000381469727,242,63.70399856567383,33742.91,33742.91,33210.4,33380.39,-0.014605105691076092,532.510000000002,Silver,SI=F,₹/kg,Precious Metal
2015-05-12,16.510000228881836,16.540000915527344,16.30500030517578,16.46500015258789,28,64.0199966430664,33889.71,34044.08,33560.38,33982.33,0.018032743176457755,483.70000000000437,Silver,SI=F,₹/kg,Precious Metal
2015-05-13,17.207000732421875,17.207000732421875,16.524999618530273,16.524999618530273,137,64.21099853515625,34114.68,35522.62,34114.68,35522.62,0.04532620335333104,1407.9400000000023,Silver,SI=F,₹/kg,Precious Metal
2015-05-14,17.448999404907227,17.448999404907227,17.125,17.125,15,64.04399871826172,35261.39,35928.53,35261.39,35928.53,0.011426803540954822,667.1399999999994,Silver,SI=F,₹/kg,Precious Metal
2015-05-15,17.545000076293945,17.545000076293945,17.334999084472656,17.485000610351562,44,63.40800094604492,35645.13,35767.44,35339.33,35767.44,-0.00448362346024167,428.1100000000006,Silver,SI=F,₹/kg,Precious Metal
2015-05-18,17.711999893188477,17.711999893188477,17.594999313354492,17.6200008392334,215,63.43299865722656,35934.5,36122.12,35883.51,36122.12,0.009916281400066618,238.61000000000058,Silver,SI=F,₹/kg,Precious Metal
2015-05-19,17.049999237060547,17.46500015258789,16.905000686645508,17.46500015258789,24,63.729000091552734,35784.6,35784.6,34637.2,34934.29,-0.03288372886198265,1147.4000000000015,Silver,SI=F,₹/kg,Precious Metal
2015-05-20,17.091999053955078,17.100000381469727,17.091999053955078,17.091999053955078,8,63.78499984741211,35051.12,35067.52,35051.12,35051.12,0.003344278644277665,16.39999999999418,Silver,SI=F,₹/kg,Precious Metal
2015-05-21,17.111000061035156,17.184999465942383,17.065000534057617,17.065000534057617,11,63.625,34907.97,35153.43,34907.97,35002.06,-0.0013996699677500946,245.45999999999913,Silver,SI=F,₹/kg,Precious Metal
2015-05-22,17.030000686645508,17.09000015258789,17.030000686645508,17.030000686645508,15,63.6259994506836,34836.92,34959.65,34836.92,34836.92,-0.004718008025813347,122.7300000000032,Silver,SI=F,₹/kg,Precious Metal
2015-05-26,16.733999252319336,17.079999923706055,16.733999252319336,16.9950008392334,114,63.57099914550781,34735.27,34908.99,34201.82,34201.82,-0.01823065873791363,707.1699999999983,Silver,SI=F,₹/kg,Precious Metal
2015-05-27,16.63800048828125,16.69499969482422,16.63800048828125,16.649999618530273,94,63.97600173950195,34246.94,34339.5,34222.26,34222.26,0.0005976290150642161,117.23999999999796,Silver,SI=F,₹/kg,Precious Metal
2015-05-28,16.652999877929688,16.75,16.55500030517578,16.665000915527344,73,63.874000549316406,34223.14,34397.7,33997.25,34198.5,-0.0006942849478672741,400.4499999999971,Silver,SI=F,₹/kg,Precious Metal
2015-05-29,16.68400001525879,16.690000534057617,16.670000076293945,16.684999465942383,24,63.82500076293945,34237.93,34248.19,34207.15,34235.88,0.001093030396069894,41.04000000000087,Silver,SI=F,₹/kg,Precious Metal
2015-06-01,16.663999557495117,17.100000381469727,16.614999771118164,16.635000228881836,24,63.73600006103516,34087.73,35040.59,34046.74,34147.15,-0.0025917254062111095,993.8499999999985,Silver,SI=F,₹/kg,Precious Metal
2015-06-02,16.783000946044922,16.783000946044922,16.783000946044922,16.783000946044922,0,63.61000061035156,34323.02,34323.02,34323.02,34323.02,0.00515035661834129,0.0,Silver,SI=F,₹/kg,Precious Metal
2015-06-03,16.464000701904297,16.464000701904297,16.3700008392334,16.375,2,63.6619987487793,33515.99,33698.15,33505.75,33698.15,-0.018205565827249304,192.40000000000146,Silver,SI=F,₹/kg,Precious Metal
2015-06-04,16.089000701904297,16.135000228881836,16.089000701904297,16.114999771118164,11,64.05899810791016,33189.51,33230.7,33135.97,33135.97,-0.016682814931976986,94.72999999999593,Silver,SI=F,₹/kg,Precious Metal
2015-06-05,15.970999717712402,16.059999465942383,15.9399995803833,15.979999542236328,14,64.0009994506836,32881.68,33046.29,32799.37,32863.16,-0.008233047048267994,246.91999999999825,Silver,SI=F,₹/kg,Precious Metal
2015-06-08,15.951000213623047,16.059999465942383,15.899999618530273,16.03499984741211,16,63.762001037597656,32871.64,32922.89,32594.89,32699.44,-0.004981870276625999,328.0,Silver,SI=F,₹/kg,Precious Metal
2015-06-09,15.949000358581543,15.970000267028809,15.949000358581543,15.970000267028809,1,63.97600173950195,32848.27,32848.27,32805.07,32805.07,0.003230330550003435,43.19999999999709,Silver,SI=F,₹/kg,Precious Metal
2015-06-10,15.95199966430664,15.95199966430664,15.95199966430664,15.95199966430664,0,64.03800201416016,32843.04,32843.04,32843.04,32843.04,0.0011574430415786097,0.0,Silver,SI=F,₹/kg,Precious Metal
2015-06-11,15.95300006866455,15.95300006866455,15.944999694824219,15.944999694824219,5,63.79899978637695,32706.1,32722.51,32706.1,32722.51,-0.0036698795239418214,16.409999999999854,Silver,SI=F,₹/kg,Precious Metal
2015-06-12,15.817999839782715,15.994999885559082,15.817999839782715,15.994999885559082,5,63.999000549316406,32911.51,32911.51,32547.32,32547.32,-0.005353806905399328,364.1900000000023,Silver,SI=F,₹/kg,Precious Metal
2015-06-15,16.076000213623047,16.200000762939453,16.076000213623047,16.200000762939453,2,64.09200286865234,33381.77,33381.77,33126.25,33126.25,0.017787332413237156,255.5199999999968,Silver,SI=F,₹/kg,Precious Metal
2015-06-16,15.958000183105469,15.958000183105469,15.958000183105469,15.958000183105469,0,64.052001953125,32862.58,32862.58,32862.58,32862.58,-0.007959548696275576,0.0,Silver,SI=F,₹/kg,Precious Metal
2015-06-17,15.9399995803833,15.9399995803833,15.9399995803833,15.9399995803833,2,64.18199920654297,32892.13,32892.13,32892.13,32892.13,0.0008991990281954632,0.0,Silver,SI=F,₹/kg,Precious Metal
2015-06-18,16.148000717163086,16.148000717163086,16.148000717163086,16.148000717163086,46,64.00299835205078,33228.41,33228.41,33228.41,33228.41,0.010223722209537822,0.0,Silver,SI=F,₹/kg,Precious Metal
2015-06-19,16.104000091552734,16.104000091552734,16.104000091552734,16.104000091552734,0,63.64500045776367,32952.51,32952.51,32952.51,32952.51,-0.008303135780496351,0.0,Silver,SI=F,₹/kg,Precious Metal
2015-06-22,16.136999130249023,16.136999130249023,16.100000381469727,16.100000381469727,1,63.492000579833984,32865.13,32940.65,32865.13,32940.65,-0.00035991188531614426,75.52000000000407,Silver,SI=F,₹/kg,Precious Metal
2015-06-23,15.732000350952148,15.824999809265137,15.732000350952148,15.789999961853027,4,63.50699996948242,32239.94,32311.4,32121.51,32121.51,-0.024867147430302827,189.89000000000306,Silver,SI=F,₹/kg,Precious Metal
2015-06-24,15.847999572753906,15.854999542236328,15.84000015258789,15.84000015258789,21,63.59999847412109,32389.39,32420.06,32389.39,32405.74,0.008848587753190973,30.67000000000189,Silver,SI=F,₹/kg,Precious Metal
2015-06-25,15.805000305175781,15.805000305175781,15.805000305175781,15.805000305175781,1,63.5620002746582,32298.51,32298.51,32298.51,32298.51,-0.0033089816804060534,0.0,Silver,SI=F,₹/kg,Precious Metal
2015-06-26,15.734999656677246,15.734999656677246,15.725000381469727,15.725000381469727,56759,63.51100158691406,32109.24,32129.66,32109.24,32129.66,-0.005227795337927277,20.419999999998254,Silver,SI=F,₹/kg,Precious Metal
2015-06-29,15.663999557495117,15.994999885559082,15.635000228881836,15.9350004196167,19508,63.44400024414063,32503.72,32626.11,31891.79,31950.94,-0.005562461600900903,734.3199999999997,Silver,SI=F,₹/kg,Precious Metal
2015-06-30,15.550999641418457,15.770000457763672,15.420000076293945,15.725000381469727,1989,63.7239990234375,32216.93,32309.12,31592.05,31860.44,-0.002832467526777016,717.0699999999997,Silver,SI=F,₹/kg,Precious Metal
2015-07-01,15.552000045776367,15.640000343322754,15.489999771118164,15.635000228881836,220,63.59000015258789,31965.18,31975.4,31668.73,31795.49,-0.0020385782493900217,306.6700000000019,Silver,SI=F,₹/kg,Precious Metal
2015-07-02,15.536999702453613,15.694999694824219,15.444999694824219,15.470000267028809,257,63.57400131225586,31619.89,32079.77,31568.79,31756.83,-0.00121589571351155,510.97999999999956,Silver,SI=F,₹/kg,Precious Metal
2015-07-06,15.72599983215332,15.72599983215332,15.484999656677246,15.654999732971191,87,63.40399932861328,31912.45,32057.18,31565.91,32057.18,0.009457807973906718,491.27000000000044,Silver,SI=F,₹/kg,Precious Metal
2015-07-07,14.949999809265137,15.595000267028809,14.805000305175781,15.595000267028809,1041,63.3650016784668,31770.59,31770.59,30161.18,30456.58,-0.049929532167208635,1609.4099999999999,Silver,SI=F,₹/kg,Precious Metal
2015-07-08,15.147000312805176,15.147000312805176,14.739999771118164,15.045000076293945,109,63.51800155639648,30724.12,30932.42,30101.26,30932.42,0.015623553268292012,831.1599999999999,Silver,SI=F,₹/kg,Precious Metal
2015-07-09,15.345000267028809,15.4399995803833,15.140000343322754,15.140000343322754,366,63.5620002746582,30939.54,31552.61,30939.54,31358.47,0.013773574780117537,613.0699999999997,Silver,SI=F,₹/kg,Precious Metal
2015-07-10,15.468000411987305,15.585000038146973,15.329999923706055,15.329999923706055,51,63.36399841308594,31230.23,31749.71,31230.23,31511.36,0.00487555674750717,519.4799999999996,Silver,SI=F,₹/kg,Precious Metal
2015-07-13,15.435999870300293,15.494999885559082,15.300000190734863,15.494999885559082,152,63.35200119018555,31560.39,31560.39,31163.21,31440.22,-0.002257598529546101,397.1800000000003,Silver,SI=F,₹/kg,Precious Metal
2015-07-14,15.295000076293945,15.380000114440918,15.295000076293945,15.359999656677246,27,63.51399993896485,31365.42,31406.26,31232.69,31232.69,-0.006600780783340698,173.5699999999997,Silver,SI=F,₹/kg,Precious Metal
2015-07-15,15.027999877929688,15.045000076293945,14.989999771118164,15.045000076293945,86,63.32400131225586,30630.28,30630.28,30518.3,30595.67,-0.020395937717820667,111.97999999999956,Silver,SI=F,₹/kg,Precious Metal
2015-07-16,14.96399974822998,14.989999771118164,14.96399974822998,14.989999771118164,12,63.52399826049805,30614.69,30614.69,30561.59,30561.59,-0.0011138831082959655,53.099999999998545,Silver,SI=F,₹/kg,Precious Metal
2015-07-17,14.819999694824219,14.9350004196167,14.819999694824219,14.9350004196167,62,63.48199844360352,30482.2,30482.2,30247.48,30247.48,-0.01027793383786646,234.72000000000116,Silver,SI=F,₹/kg,Precious Metal
2015-07-20,14.744999885559082,14.904999732971191,14.484999656677246,14.71500015258789,46,63.48400115966797,30034.13,30421.93,29564.68,30095.36,-0.0050291792903077726,857.25,Silver,SI=F,₹/kg,Precious Metal
2015-07-21,14.769000053405762,14.835000038146973,14.614999771118164,14.614999771118164,102,63.625,29896.27,30346.3,29896.27,30211.29,0.0038520888269819586,450.02999999999884,Silver,SI=F,₹/kg,Precious Metal
2015-07-22,14.71399974822998,14.71399974822998,14.71399974822998,14.71399974822998,10,63.58300018310547,30078.92,30078.92,30078.92,30078.92,-0.004381474607671576,0.0,Silver,SI=F,₹/kg,Precious Metal
2015-07-23,14.682999610900879,14.682999610900879,14.635000228881836,14.682999610900879,172,63.66400146484375,30053.78,30053.78,29955.54,30053.78,-0.0008358012854184915,98.23999999999796,Silver,SI=F,₹/kg,Precious Metal
2015-07-24,14.47700023651123,14.630000114440918,14.329999923706055,14.595000267028809,29,63.84799957275391,29960.0,30031.85,29416.02,29717.78,-0.011179958061847795,615.8299999999981,Silver,SI=F,₹/kg,Precious Metal
2015-07-27,14.593999862670898,14.649999618530273,14.5600004196167,14.609999656677246,18,64.0999984741211,30109.16,30191.6,30006.12,30076.19,0.012060456736674219,185.47999999999956,Silver,SI=F,₹/kg,Precious Metal
2015-07-28,14.630999565124512,14.640000343322754,14.630999565124512,14.640000343322754,168,64.21700286865234,30226.06,30226.06,30207.48,30207.48,0.004365247060881039,18.580000000001746,Silver,SI=F,₹/kg,Precious Metal
2015-07-29,14.734000205993652,14.734000205993652,14.640000343322754,14.640000343322754,206,63.8390007019043,30048.14,30241.07,30048.14,30241.07,0.001111976238997725,192.9300000000003,Silver,SI=F,₹/kg,Precious Metal
2015-07-30,14.690999984741211,14.78499984741211,14.630000114440918,14.75,39,63.882999420166016,30294.78,30366.66,30048.31,30173.6,-0.0022310718503015803,318.34999999999854,Silver,SI=F,₹/kg,Precious Metal
2015-07-31,14.746000289916992,14.864999771118164,14.746000289916992,14.854999542236328,101,64.11799621582031,30622.67,30643.28,30397.97,30397.97,0.007435970517273516,245.30999999999767,Silver,SI=F,₹/kg,Precious Metal
2015-08-03,14.515999794006348,14.729999542236328,14.414999961853027,14.729999542236328,131,63.97999954223633,30299.64,30299.64,29651.68,29859.44,-0.017715985639830678,647.9599999999991,Silver,SI=F,₹/kg,Precious Metal
2015-08-04,14.550000190734863,14.604999542236328,14.550000190734863,14.604999542236328,119,64.1240005493164,30110.13,30110.13,29996.74,29996.74,0.0045982108170816716,113.38999999999942,Silver,SI=F,₹/kg,Precious Metal
2015-08-05,14.545999526977539,14.545999526977539,14.545999526977539,14.545999526977539,1,63.81900024414063,29845.85,29845.85,29845.85,29845.85,-0.0050302132831768764,0.0,Silver,SI=F,₹/kg,Precious Metal
2015-08-06,14.670000076293945,14.670000076293945,14.670000076293945,14.670000076293945,0,63.69599914550781,30042.27,30042.27,30042.27,30042.27,0.006581149473042336,0.0,Silver,SI=F,₹/kg,Precious Metal
2015-08-07,14.815999984741211,14.815999984741211,14.815999984741211,14.815999984741211,16,63.733001708984375,30358.88,30358.88,30358.88,30358.88,0.01053881747284735,0.0,Silver,SI=F,₹/kg,Precious Metal
2015-08-10,15.288999557495117,15.335000038146973,14.890000343322754,14.890000343322754,6,63.733001708984375,30510.51,31422.34,30510.51,31328.09,0.031925090780687615,911.8300000000017,Silver,SI=F,₹/kg,Precious Metal
2015-08-11,15.281000137329102,15.281000137329102,15.220000267028809,15.220000267028809,15,63.8380012512207,31238.08,31363.28,31238.08,31363.28,0.0011232730753774067,125.19999999999709,Silver,SI=F,₹/kg,Precious Metal
2015-08-12,15.472999572753906,15.510000228881836,15.472999572753906,15.479999542236328,4,64.32599639892578,32014.59,32076.63,32000.11,32000.11,0.020304955349057963,76.52000000000044,Silver,SI=F,₹/kg,Precious Metal
2015-08-13,15.395999908447266,15.395999908447266,15.395999908447266,15.395999908447266,0,64.79900360107422,32075.0,32075.0,32075.0,32075.0,0.0023403044552035013,0.0,Silver,SI=F,₹/kg,Precious Metal
2015-08-14,15.210000038146973,15.210000038146973,15.175000190734863,15.210000038146973,1,65.26899719238281,31917.33,31917.33,31843.89,31917.33,-0.004915666406858921,73.44000000000233,Silver,SI=F,₹/kg,Precious Metal
2015-08-17,15.295000076293945,15.295000076293945,15.295000076293945,15.295000076293945,0,65.12200164794922,32023.42,32023.42,32023.42,32023.42,0.0033238995868387633,0.0,Silver,SI=F,₹/kg,Precious Metal
2015-08-18,14.786999702453613,14.786999702453613,14.786999702453613,14.786999702453613,0,65.44300079345703,31112.41,31112.41,31112.41,31112.41,-0.028448241942927943,0.0,Silver,SI=F,₹/kg,Precious Metal
2015-08-19,15.175999641418457,15.175999641418457,15.175999641418457,15.175999641418457,0,65.44599914550781,31932.35,31932.35,31932.35,31932.35,0.02635411400145471,0.0,Silver,SI=F,₹/kg,Precious Metal
2015-08-20,15.517000198364258,15.517000198364258,15.46500015258789,15.46500015258789,252,65.05400085449219,32345.54,32454.3,32345.54,32454.3,0.016345492893570235,108.7599999999984,Silver,SI=F,₹/kg,Precious Metal
2015-08-21,15.300999641418457,15.300999641418457,15.300999641418457,15.300999641418457,0,65.46099853515625,32202.74,32202.74,32202.74,32202.74,-0.0077512070819582,0.0,Silver,SI=F,₹/kg,Precious Metal
2015-08-24,14.76200008392334,14.76200008392334,14.76200008392334,14.76200008392334,9,66.0260009765625,31336.51,31336.51,31336.51,31336.51,-0.02689926385146113,0.0,Silver,SI=F,₹/kg,Precious Metal
2015-08-25,14.609999656677246,14.654999732971191,14.609999656677246,14.609999656677246,13,66.80699920654297,31380.7,31477.35,31380.7,31380.7,0.0014101761810745295,96.64999999999782,Silver,SI=F,₹/kg,Precious Metal
2015-08-26,14.045000076293945,14.699999809265137,14.045000076293945,14.664999961853027,35,66.28299713134766,31251.77,31326.36,29930.52,29930.52,-0.04621248091980101,1395.8400000000001,Silver,SI=F,₹/kg,Precious Metal
2015-08-27,14.420999526977539,14.420999526977539,14.130000114440918,14.1850004196167,59871,66.05599975585938,30125.35,30626.55,30008.54,30626.55,0.02325485825171092,618.0099999999984,Silver,SI=F,₹/kg,Precious Metal
2015-08-28,14.53499984741211,14.649999618530273,14.34000015258789,14.470000267028809,13209,66.05500030517578,30730.15,31112.42,30454.07,30868.19,0.00788988638942345,658.3499999999985,Silver,SI=F,₹/kg,Precious Metal
2015-08-31,14.57699966430664,14.635000228881836,14.390000343322754,14.510000228881836,1441,66.14299774169922,30856.15,31121.97,30600.96,30998.63,0.004225709379137577,521.010000000002,Silver,SI=F,₹/kg,Precious Metal
2015-09-01,14.61299991607666,14.71500015258789,14.515000343322754,14.619999885559082,779,66.3499984741211,31187.37,31390.02,30963.38,31172.44,0.005607021987745764,426.6399999999994,Silver,SI=F,₹/kg,Precious Metal
2015-09-02,14.66100025177002,14.8100004196167,14.444999694824219,14.53499984741211,382,66.4229965209961,31040.16,31627.43,30847.96,31309.24,0.004388491885781276,779.4700000000012,Silver,SI=F,₹/kg,Precious Metal
2015-09-03,14.70199966430664,14.925000190734863,14.555000305175781,14.739999771118164,123,66.22599792480469,31384.59,31778.49,30990.68,31303.68,-0.00017758335877848808,787.8100000000013,Silver,SI=F,₹/kg,Precious Metal
2015-09-04,14.543999671936035,14.8100004196167,14.5,14.670000076293945,120,66.16000366210938,31204.42,31502.21,30842.81,30936.4,-0.011732805855413808,659.3999999999978,Silver,SI=F,₹/kg,Precious Metal
2015-09-08,14.75,14.854999542236328,14.4399995803833,14.630000114440918,233,66.8030014038086,31421.78,31905.02,31013.7,31679.51,0.024020571236472055,891.3199999999997,Silver,SI=F,₹/kg,Precious Metal
2015-09-09,14.567999839782715,14.864999771118164,14.5649995803833,14.789999961853027,85,66.40599822998047,31576.64,31736.76,31096.26,31102.67,-0.01820861496910775,640.5,Silver,SI=F,₹/kg,Precious Metal
2015-09-10,14.633999824523926,14.8149995803833,14.5649995803833,14.574999809265137,155,66.59700012207031,31207.12,31720.99,31185.71,31333.44,0.0074196202448213455,535.2800000000025,Silver,SI=F,₹/kg,Precious Metal
2015-09-11,14.489999771118164,14.704999923706055,14.279999732971191,14.699999809265137,47,66.31900024414062,31343.37,31354.03,30447.85,30895.61,-0.013973250303828677,906.1800000000003,Silver,SI=F,₹/kg,Precious Metal
2015-09-14,14.357000350952148,14.53499984741211,14.354999542236328,14.510000228881836,33,66.23400115966797,30898.6,30951.84,30568.53,30572.79,-0.010448733655040288,383.3100000000013,Silver,SI=F,₹/kg,Precious Metal
2015-09-15,14.319000244140625,14.375,14.265000343322754,14.375,24,66.31500244140625,30648.56,30648.56,30414.03,30529.16,-0.001427085980703735,234.53000000000247,Silver,SI=F,₹/kg,Precious Metal
2015-09-16,14.878000259399414,14.899999618530273,14.510000228881836,14.510000228881836,25,66.43000030517578,30990.04,31822.99,30990.04,31776.0,0.04084095337048255,832.9500000000007,Silver,SI=F,₹/kg,Precious Metal
2015-09-17,14.975000381469727,15.204999923706055,14.850000381469727,14.904999732971191,28,66.19599914550781,31721.53,32360.01,31604.48,31870.51,0.0029742573011077855,755.5299999999988,Silver,SI=F,₹/kg,Precious Metal
2015-09-18,15.154000282287598,15.265000343322754,15.154000282287598,15.265000343322754,3,66.12200164794922,32451.39,32451.39,32215.41,32215.41,0.010821916561736922,235.97999999999956,Silver,SI=F,₹/kg,Precious Metal
2015-09-21,15.215999603271484,15.234999656677246,15.149999618530273,15.149999618530273,57,65.86100006103516,32079.78,32259.77,32079.78,32219.53,0.00012788910648664498,179.9900000000016,Silver,SI=F,₹/kg,Precious Metal
2015-09-22,14.75,14.789999961853027,14.75,14.770000457763672,37,65.73899841308594,31217.21,31259.48,31174.93,31174.93,-0.032421329547637656,84.54999999999927,Silver,SI=F,₹/kg,Precious Metal
2015-09-23,14.779999732971191,14.84000015258789,14.739999771118164,14.739999771118164,12,65.875,31218.25,31430.04,31218.25,31302.97,0.004107146351250757,211.79000000000087,Silver,SI=F,₹/kg,Precious Metal
2015-09-24,15.125,15.125,14.744999885559082,14.744999885559082,189,66.16200256347656,31364.9,32173.21,31364.9,32173.21,0.027800556943957666,808.3099999999977,Silver,SI=F,₹/kg,Precious Metal
2015-09-25,15.105999946594238,15.119999885559082,15.029999732971191,15.0649995803833,21,66.22100067138672,32074.16,32191.26,31999.64,32161.45,-0.00036552150065216615,191.61999999999898,Silver,SI=F,₹/kg,Precious Metal
2015-09-28,14.538000106811523,14.619999885559082,14.538000106811523,14.614999771118164,37,66.16300201416016,31088.84,31099.47,30925.04,30925.04,-0.03844385125670635,174.4300000000003,Silver,SI=F,₹/kg,Precious Metal
2015-09-29,14.569000244140625,14.640000343322754,14.569000244140625,14.630000114440918,19,66.26000213623047,31166.37,31187.67,31036.42,31036.42,0.003601612156362455,151.25,Silver,SI=F,₹/kg,Precious Metal
2015-09-30,14.512999534606934,14.512999534606934,14.479999542236328,14.512999534606934,10,65.91999816894531,30758.48,30758.48,30688.54,30758.48,-0.008955285435626847,69.93999999999869,Silver,SI=F,₹/kg,Precious Metal
2015-10-01,14.505999565124512,14.515000343322754,14.46500015258789,14.515000343322754,15,65.5270004272461,30579.32,30579.32,30473.98,30560.35,-0.0064414756515926985,105.34000000000015,Silver,SI=F,₹/kg,Precious Metal
2015-10-02,15.256999969482422,15.256999969482422,14.40999984741211,14.40999984741211,3,65.61799621582031,30400.27,32187.15,30400.27,32187.15,0.05323237462921737,1786.880000000001,Silver,SI=F,₹/kg,Precious Metal
2015-10-05,15.70199966430664,15.70199966430664,15.140000343322754,15.140000343322754,8,65.35700225830078,31813.28,32994.19,31813.28,32994.19,0.025073360021002244,1180.9100000000035,Silver,SI=F,₹/kg,Precious Metal
2015-10-06,15.979000091552734,15.984999656677246,15.59000015258789,15.59000015258789,37,65.12300109863281,32641.56,33468.59,32641.56,33456.03,0.013997615943897923,827.0299999999952,Silver,SI=F,₹/kg,Precious Metal
2015-10-07,16.08799934387207,16.08799934387207,15.850000381469727,15.850000381469727,10,65.18399810791016,33217.02,33715.8,33217.02,33715.8,0.007764519579878559,498.7800000000061,Silver,SI=F,₹/kg,Precious Metal
2015-10-08,15.760000228881836,15.760000228881836,15.609999656677246,15.609999656677246,7,64.93900299072266,32591.09,32904.27,32591.09,32904.27,-0.0240697239869736,313.17999999999665,Silver,SI=F,₹/kg,Precious Metal
2015-10-09,15.809000015258789,15.8149995803833,15.809000015258789,15.809000015258789,1,64.99500274658203,33035.04,33047.57,33035.04,33035.04,0.0039742562287510275,12.529999999998836,Silver,SI=F,₹/kg,Precious Metal
2015-10-12,15.854999542236328,15.854999542236328,15.854999542236328,15.854999542236328,5,64.77200317382812,33017.49,33017.49,33017.49,33017.49,-0.0005312540865699544,0.0,Silver,SI=F,₹/kg,Precious Metal
2015-10-13,15.897000312805176,15.897000312805176,15.699999809265137,15.710000038146973,15,64.78199768066406,32720.58,33110.06,32699.75,33110.06,0.002803665572398195,410.3099999999977,Silver,SI=F,₹/kg,Precious Metal
2015-10-14,16.101999282836914,16.104999542236328,15.979999542236328,16.010000228881836,18,65.08499908447266,33501.38,33700.17,33438.6,33693.89,0.017633009423722035,261.5699999999997,Silver,SI=F,₹/kg,Precious Metal
2015-10-15,16.152000427246094,16.152000427246094,16.0,16.135000228881836,16,64.8489990234375,33640.52,33675.96,33359.05,33675.96,-0.0005321439584446974,316.9099999999962,Silver,SI=F,₹/kg,Precious Metal
2015-10-16,16.101999282836914,16.101999282836914,16.101999282836914,16.101999282836914,12,64.78399658203125,33538.06,33538.06,33538.06,33538.06,-0.0040949092468336445,0.0,Silver,SI=F,₹/kg,Precious Metal
2015-10-19,15.829000473022461,15.829000473022461,15.819999694824219,15.819999694824219,1,64.69499969482422,32905.43,32924.16,32905.43,32924.16,-0.01830457694929266,18.7300000000032,Silver,SI=F,₹/kg,Precious Metal
2015-10-20,15.904999732971191,15.904999732971191,15.890000343322754,15.904999732971191,6,64.95099639892578,33213.14,33213.14,33181.82,33213.14,0.008777141163206492,31.31999999999971,Silver,SI=F,₹/kg,Precious Metal
2015-10-21,15.696000099182129,15.696000099182129,15.696000099182129,15.696000099182129,10,64.99400329589844,32798.4,32798.4,32798.4,32798.4,-0.012487226441101229,0.0,Silver,SI=F,₹/kg,Precious Metal
2015-10-22,15.822999954223633,15.822999954223633,15.822999954223633,15.822999954223633,0,65.15899658203125,33147.72,33147.72,33147.72,33147.72,0.010650519537538372,0.0,Silver,SI=F,₹/kg,Precious Metal
2015-10-23,15.817999839782715,15.859999656677246,15.817999839782715,15.817999839782715,5,65.05000305175781,33081.81,33169.65,33081.81,33081.81,-0.0019883720509284997,87.84000000000378,Silver,SI=F,₹/kg,Precious Metal
2015-10-26,15.899999618530273,15.899999618530273,15.899999618530273,15.899999618530273,1,64.88500213623047,33168.96,33168.96,33168.96,33168.96,0.0026343782277935546,0.0,Silver,SI=F,₹/kg,Precious Metal
2015-10-27,15.857999801635742,15.857999801635742,15.829999923706055,15.829999923706055,7,64.9010009765625,33031.08,33089.5,33031.08,33089.5,-0.0023956132480487113,58.419999999998254,Silver,SI=F,₹/kg,Precious Metal
2015-10-28,16.288000106811523,16.288000106811523,16.059999465942383,16.059999465942383,45,65.06700134277344,33596.71,34073.68,33596.71,34073.68,0.02974296982426461,476.97000000000116,Silver,SI=F,₹/kg,Precious Metal
2015-10-29,15.543999671936035,15.975000381469727,15.543999671936035,15.875,31,64.94599914550781,33147.94,33356.75,32456.79,32456.79,-0.04745275532317028,899.9599999999991,Silver,SI=F,₹/kg,Precious Metal
2015-10-30,15.565999984741211,15.574999809265137,15.529999732971191,15.574999809265137,19,65.44400024414062,32770.9,32770.9,32676.21,32751.96,0.009094244994652945,94.69000000000233,Silver,SI=F,₹/kg,Precious Metal
2015-11-02,15.413000106811523,15.413000106811523,15.413000106811523,15.413000106811523,4,65.41500091552734,32415.67,32415.67,32415.67,32415.67,-0.010267782447218488,0.0,Silver,SI=F,₹/kg,Precious Metal
2015-11-03,15.244000434875488,15.385000228881836,15.244000434875488,15.385000228881836,1,65.54100036621094,32419.1,32419.1,32121.99,32121.99,-0.009059815823643236,297.10999999999694,Silver,SI=F,₹/kg,Precious Metal
2015-11-04,15.062999725341797,15.199999809265137,15.062999725341797,15.199999809265137,1,65.53099822998047,32024.39,32024.39,31735.74,31735.74,-0.012024472954508703,288.6499999999978,Silver,SI=F,₹/kg,Precious Metal
2015-11-05,14.98799991607666,14.98799991607666,14.98799991607666,14.98799991607666,0,65.58499908447266,31603.75,31603.75,31603.75,31603.75,-0.004159033317011063,0.0,Silver,SI=F,₹/kg,Precious Metal
2015-11-06,14.696000099182129,15.045000076293945,14.696000099182129,15.03499984741211,14,65.86000061035156,31835.79,31856.96,31117.97,31117.97,-0.015370960724597538,738.989999999998,Silver,SI=F,₹/kg,Precious Metal
2015-11-09,14.418000221252441,14.418000221252441,14.418000221252441,14.418000221252441,0,66.13300323486328,30655.87,30655.87,30655.87,30655.87,-0.014849940404210282,0.0,Silver,SI=F,₹/kg,Precious Metal
2015-11-10,14.355999946594238,14.355999946594238,14.355999946594238,14.355999946594238,3,66.46800231933594,30678.67,30678.67,30678.67,30678.67,0.0007437401058916215,0.0,Silver,SI=F,₹/kg,Precious Metal
2015-11-11,14.26200008392334,14.3100004196167,14.26200008392334,14.3100004196167,10,66.19300079345703,30453.85,30453.85,30351.69,30351.69,-0.010658219538200342,102.15999999999985,Silver,SI=F,₹/kg,Precious Metal
2015-11-12,14.223999977111816,14.449999809265137,14.223999977111816,14.449999809265137,16,66.06300354003906,30691.39,30691.39,30211.37,30211.37,-0.0046231363064132,480.02000000000044,Silver,SI=F,₹/kg,Precious Metal
2015-11-13,14.20300006866455,14.20300006866455,14.20300006866455,14.20300006866455,0,66.0479965209961,30159.92,30159.92,30159.92,30159.92,-0.0017030012210634826,0.0,Silver,SI=F,₹/kg,Precious Metal
2015-11-16,14.220999717712402,14.454999923706055,14.1850004196167,14.449999809265137,4,66.0510025024414,30685.82,30696.43,30123.07,30199.52,0.0013130008302411067,573.3600000000006,Silver,SI=F,₹/kg,Precious Metal
2015-11-17,14.170000076293945,14.170000076293945,14.135000228881836,14.135000228881836,2,65.89700317382812,29946.9,30021.05,29946.9,30021.05,-0.005909696577958923,74.14999999999782,Silver,SI=F,₹/kg,Precious Metal
2015-11-18,14.079999923706055,14.100000381469727,14.020000457763672,14.020000457763672,14,66.03700256347656,29766.37,29936.22,29766.37,29893.75,-0.004240358015459078,169.85000000000218,Silver,SI=F,₹/kg,Precious Metal
2015-11-19,14.241999626159668,14.241999626159668,14.241999626159668,14.241999626159668,33,66.07499694824219,30255.1,30255.1,30255.1,30255.1,0.012087810997281956,0.0,Silver,SI=F,₹/kg,Precious Metal
2015-11-20,14.105999946594238,14.105999946594238,14.105999946594238,14.105999946594238,1,66.08499908447266,29970.72,29970.72,29970.72,29970.72,-0.00939940704211839,0.0,Silver,SI=F,₹/kg,Precious Metal
2015-11-23,14.041999816894531,14.145000457763672,14.041999816894531,14.041999816894531,3,66.05000305175781,29818.94,30037.67,29818.94,29818.94,-0.00506427606677462,218.72999999999956,Silver,SI=F,₹/kg,Precious Metal
2015-11-24,14.168999671936035,14.279999732971191,14.168999671936035,14.274999618530273,5,66.37100219726562,30461.05,30471.72,30234.86,30234.86,0.013948181927325498,236.86000000000058,Silver,SI=F,₹/kg,Precious Metal
2015-11-25,14.168000221252441,14.168000221252441,14.168000221252441,14.168000221252441,54195,66.30000305175781,30200.39,30200.39,30200.39,30200.39,-0.0011400747349251672,0.0,Silver,SI=F,₹/kg,Precious Metal
2015-11-27,14.008000373840332,14.350000381469727,13.904999732971191,14.15999984741211,17231,66.55799865722656,30300.79,30707.37,29755.12,29975.53,-0.007445599212460574,952.25,Silver,SI=F,₹/kg,Precious Metal
2015-11-30,14.050000190734863,14.154999732971191,13.954999923706055,14.020000457763672,1623,66.9000015258789,30155.36,30445.73,30015.56,30219.89,0.008151982633834987,430.16999999999825,Silver,SI=F,₹/kg,Precious Metal
2015-12-01,14.055000305175781,14.21500015258789,14.039999961853027,14.039999961853027,281,66.50800323486328,30021.44,30395.63,30021.44,30053.51,-0.005505645454037089,374.1900000000023,Silver,SI=F,₹/kg,Precious Metal
2015-12-02,13.979000091552734,14.140000343322754,13.890000343322754,14.125,210,66.46099853515625,30181.84,30213.89,29679.7,29869.87,-0.0061104343552550455,534.1899999999987,Silver,SI=F,₹/kg,Precious Metal
2015-12-03,14.053000450134277,14.095000267028809,13.770000457763672,13.854999542236328,498,66.55699920654297,29647.68,30161.24,29465.79,30071.37,0.006745928254793254,695.4500000000007,Silver,SI=F,₹/kg,Precious Metal
2015-12-04,14.505000114440918,14.555000305175781,14.050000190734863,14.050000190734863,92,66.8030014038086,30176.07,31260.69,30176.07,31153.31,0.035979072453300454,1084.619999999999,Silver,SI=F,₹/kg,Precious Metal
2015-12-07,14.307000160217285,14.604999542236328,14.307000160217285,14.479999542236328,60,66.63600158691406,31021.87,31289.66,30651.23,30651.23,-0.016116425509841492,638.4300000000003,Silver,SI=F,₹/kg,Precious Metal
2015-12-08,14.090999603271484,14.25,14.090999603271484,14.194999694824219,72,66.76799774169922,30471.52,30589.59,30248.27,30248.27,-0.013146617607188937,341.3199999999997,Silver,SI=F,₹/kg,Precious Metal
2015-12-09,14.163999557495117,14.265000343322754,14.109999656677246,14.140000343322754,37,66.83300018310547,30383.01,30651.6,30318.55,30434.58,0.00615936051879995,333.0499999999993,Silver,SI=F,₹/kg,Precious Metal
2015-12-10,14.085000038146973,14.114999771118164,14.079999923706055,14.109999656677246,6,66.88999938964844,30344.41,30355.16,30279.89,30290.64,-0.004729488627738698,75.27000000000044,Silver,SI=F,₹/kg,Precious Metal
2015-12-11,13.859000205993652,14.024999618530273,13.859000205993652,14.024999618530273,20,66.78600311279297,30114.71,30114.71,29758.28,29758.28,-0.017575066093024172,356.4300000000003,Silver,SI=F,₹/kg,Precious Metal
2015-12-14,13.666000366210938,13.925000190734863,13.666000366210938,13.875,90,67.14099884033203,29950.99,30058.92,29499.84,29499.84,-0.008684641719884256,559.0799999999981,Silver,SI=F,₹/kg,Precious Metal
2015-12-15,13.739999771118164,13.739999771118164,13.635000228881836,13.635000228881836,2,67.07099914550781,29402.24,29628.65,29402.24,29628.65,0.004366464360484601,226.40999999999985,Silver,SI=F,₹/kg,Precious Metal
2015-12-16,14.218000411987305,14.234999656677246,13.760000228881836,13.760000228881836,22,66.90299987792969,29597.46,30619.18,29597.46,30582.61,0.032197214520405026,1021.7200000000012,Silver,SI=F,₹/kg,Precious Metal
2015-12-17,13.682999610900879,13.885000228881836,13.682999610900879,13.885000228881836,150,66.4280014038086,29654.29,29654.29,29222.87,29222.87,-0.0444612150499909,431.4200000000019,Silver,SI=F,₹/kg,Precious Metal
2015-12-18,14.079999923706055,14.15999984741211,13.819999694824219,13.819999694824219,20,66.45899963378906,29529.24,30255.72,29529.24,30084.78,0.02949436520095383,726.4799999999996,Silver,SI=F,₹/kg,Precious Metal
2015-12-21,14.300999641418457,14.300999641418457,14.104999542236328,14.104999542236328,19,66.24800109863281,30042.52,30459.98,30042.52,30459.98,0.012471422426888257,417.4599999999991,Silver,SI=F,₹/kg,Precious Metal
2015-12-22,14.302000045776367,14.380000114440918,14.225000381469727,14.225000381469727,35,66.26899719238281,30307.71,30637.95,30307.71,30471.76,0.0003867369578050006,330.2400000000016,Silver,SI=F,₹/kg,Precious Metal
2015-12-23,14.277000427246094,14.300000190734863,14.239999771118164,14.300000190734863,71,66.24299621582031,30455.55,30455.55,30327.76,30406.57,-0.0021393578841523153,127.79000000000087,Silver,SI=F,₹/kg,Precious Metal
2015-12-24,14.369000434875488,14.369000434875488,14.364999771118164,14.364999771118164,4,66.15399932861328,30552.88,30561.39,30552.88,30561.39,0.005091662755779325,8.5099999999984,Silver,SI=F,₹/kg,Precious Metal
2015-12-28,13.873000144958496,14.03499984741211,13.854999542236328,14.03499984741211,10,65.94000244140625,29754.44,29754.44,29372.84,29411.0,-0.03764193971543828,381.59999999999854,Silver,SI=F,₹/kg,Precious Metal
2015-12-29,13.916999816894531,14.020000457763672,13.916999816894531,14.020000457763672,108,66.13400268554688,29810.09,29810.09,29591.08,29591.08,0.006122879194859099,219.0099999999984,Silver,SI=F,₹/kg,Precious Metal
2015-12-30,13.814000129699707,13.925000190734863,13.744999885559082,13.925000190734863,106,66.26000213623047,29664.5,29664.5,29281.05,29428.04,-0.005509768484286526,383.4500000000007,Silver,SI=F,₹/kg,Precious Metal
2015-12-31,13.774999618530273,13.774999618530273,13.774999618530273,13.774999618530273,13,66.45500183105469,29431.32,29431.32,29431.32,29431.32,0.00011145832342207562,0.0,Silver,SI=F,₹/kg,Precious Metal
2016-01-04,13.817000389099121,14.100000381469727,13.817000389099121,14.100000381469727,27,66.19300079345703,30006.93,30006.93,29404.67,29404.67,-0.0009054979525213724,602.260000000002,Silver,SI=F,₹/kg,Precious Metal
2016-01-05,13.949000358581543,13.949000358581543,13.949000358581543,13.949000358581543,4,66.60099792480469,29868.56,29868.56,29868.56,29868.56,0.01577606550252053,0.0,Silver,SI=F,₹/kg,Precious Metal
2016-01-06,13.956999778747559,14.0649995803833,13.956999778747559,14.0,105,66.52400207519531,29943.11,30082.13,29851.14,29851.14,-0.0005832219564653185,230.9900000000016,Silver,SI=F,₹/kg,Precious Metal
2016-01-07,14.335000038146973,14.34000015258789,14.329999923706055,14.335000038146973,286,66.7239990234375,30751.78,30762.5,30741.05,30751.78,0.030171042043955376,21.450000000000728,Silver,SI=F,₹/kg,Precious Metal
2016-01-08,13.907999992370605,14.0600004196167,13.907999992370605,14.0600004196167,6,66.9209976196289,30250.89,30250.89,29923.85,29923.85,-0.026922994376260556,327.0400000000009,Silver,SI=F,₹/kg,Precious Metal
2016-01-11,13.854999542236328,14.010000228881836,13.854999542236328,13.949999809265137,17,66.83999633789062,29977.89,30106.83,29773.74,29773.74,-0.005016399961903173,333.09000000000015,Silver,SI=F,₹/kg,Precious Metal
2016-01-12,13.739999771118164,13.859999656677246,13.710000038146973,13.859999656677246,15,66.79299926757812,29763.54,29763.54,29441.43,29505.85,-0.00899752600781778,322.1100000000006,Silver,SI=F,₹/kg,Precious Metal
2016-01-13,14.145000457763672,14.145000457763672,13.850000381469727,13.850000381469727,17,66.91999816894531,29798.62,30433.32,29798.62,30433.32,0.03143342760842338,634.7000000000007,Silver,SI=F,₹/kg,Precious Metal
2016-01-14,13.737000465393066,13.737000465393066,13.737000465393066,13.737000465393066,1,66.93599700927734,29562.56,29562.56,29562.56,29562.56,-0.02861206072817546,0.0,Silver,SI=F,₹/kg,Precious Metal
2016-01-15,13.883999824523926,13.883999824523926,13.883999824523926,13.883999824523926,0,67.30400085449219,30043.18,30043.18,30043.18,30043.18,0.01625772598854769,0.0,Silver,SI=F,₹/kg,Precious Metal
2016-01-19,14.109999656677246,14.109999656677246,14.0649995803833,14.0649995803833,3,67.71099853515625,30618.89,30716.85,30618.89,30716.85,0.022423391931213565,97.95999999999913,Silver,SI=F,₹/kg,Precious Metal
2016-01-20,14.147000312805176,14.147000312805176,14.147000312805176,14.147000312805176,1,67.76699829101562,30822.87,30822.87,30822.87,30822.87,0.003451525791218879,0.0,Silver,SI=F,₹/kg,Precious Metal
2016-01-21,14.083000183105469,14.083000183105469,14.083000183105469,14.083000183105469,2,67.9489974975586,30765.83,30765.83,30765.83,30765.83,-0.001850573940713418,0.0,Silver,SI=F,₹/kg,Precious Metal
2016-01-22,14.043000221252441,14.289999961853027,14.043000221252441,14.289999961853027,7,67.80799865722656,31153.27,31153.27,30614.79,30614.79,-0.00490934260509146,538.4799999999996,Silver,SI=F,₹/kg,Precious Metal
2016-01-25,14.239999771118164,14.239999771118164,14.095000267028809,14.095000267028809,8,67.54100036621094,30607.16,30922.02,30607.16,30922.02,0.010035345661361772,314.8600000000006,Silver,SI=F,₹/kg,Precious Metal
2016-01-26,14.543999671936035,14.543999671936035,14.385000228881836,14.385000228881836,1,67.74099731445312,31329.39,31675.67,31329.39,31675.67,0.024372599202768797,346.27999999999884,Silver,SI=F,₹/kg,Precious Metal
2016-01-27,14.4399995803833,14.4399995803833,14.4399995803833,14.4399995803833,53,67.7699966430664,31462.63,31462.63,31462.63,31462.63,-0.006725666734121116,0.0,Silver,SI=F,₹/kg,Precious Metal
2016-01-28,14.215999603271484,14.354999542236328,14.21500015258789,14.354999542236328,27,68.19599914550781,31474.04,31474.04,31167.09,31169.28,-0.009323759647556606,306.9500000000007,Silver,SI=F,₹/kg,Precious Metal
2016-01-29,14.229000091552734,14.265000343322754,14.229000091552734,14.229000091552734,27,68.09300231933594,31150.66,31229.48,31150.66,31150.66,-0.0005973830643505318,78.81999999999971,Silver,SI=F,₹/kg,Precious Metal
2016-02-01,14.329000473022461,14.369999885559082,14.234999656677246,14.244999885559082,9,67.87000274658203,31083.56,31356.32,31061.74,31266.85,0.0037299370222010353,294.5799999999981,Silver,SI=F,₹/kg,Precious Metal
2016-02-02,14.276000022888184,14.276000022888184,14.255000114440918,14.260000228881836,2,67.88200378417969,31121.79,31156.71,31110.88,31156.71,-0.0035225806245272606,45.82999999999811,Silver,SI=F,₹/kg,Precious Metal
2016-02-03,14.720000267028809,14.774999618530273,14.399999618530273,14.399999618530273,47,67.98600006103516,31475.48,32295.16,31475.48,32174.94,0.03268092170193837,819.6800000000003,Silver,SI=F,₹/kg,Precious Metal
2016-02-04,14.836000442504883,14.899999618530273,14.734999656677246,14.765000343322754,23,67.927001953125,32245.29,32540.12,32179.78,32400.35,0.007005762870109455,360.34000000000015,Silver,SI=F,₹/kg,Precious Metal
2016-02-05,14.763999938964844,14.899999618530273,14.725000381469727,14.859999656677246,7,67.56400299072266,32279.34,32366.23,31986.09,32070.8,-0.010171186422368916,380.1399999999994,Silver,SI=F,₹/kg,Precious Metal
2016-02-08,15.416000366210938,15.420000076293945,14.90999984741211,14.90999984741211,62,67.802001953125,32502.04,33613.78,32502.04,33605.06,0.047839779487883094,1111.739999999998,Silver,SI=F,₹/kg,Precious Metal
2016-02-09,15.444000244140625,15.444000244140625,15.34000015258789,15.390000343322754,18,68.07599639892578,33683.95,33802.14,33574.52,33802.14,0.005864593010695529,227.62000000000262,Silver,SI=F,₹/kg,Precious Metal
2016-02-10,15.277000427246094,15.300000190734863,15.277000427246094,15.277000427246094,3,67.9280014038086,33363.94,33414.17,33363.94,33363.94,-0.012963676264283741,50.229999999995925,Silver,SI=F,₹/kg,Precious Metal
2016-02-11,15.788999557495117,15.788999557495117,15.300000190734863,15.300000190734863,58,67.89299774169922,33396.95,34464.35,33396.95,34464.35,0.03298201591298855,1067.4000000000015,Silver,SI=F,₹/kg,Precious Metal
2016-02-12,15.78499984741211,15.78499984741211,15.729999542236328,15.729999542236328,2,68.4739990234375,34629.39,34750.47,34629.39,34750.47,0.008301911975708398,121.08000000000175,Silver,SI=F,₹/kg,Precious Metal
2016-02-16,15.329000473022461,15.385000228881836,15.329000473022461,15.385000228881836,7,68.13700103759766,33703.19,33703.19,33580.51,33580.51,-0.03366745831063578,122.68000000000029,Silver,SI=F,₹/kg,Precious Metal
2016-02-17,15.371999740600586,15.371999740600586,15.371999740600586,15.371999740600586,0,68.50599670410156,33857.07,33857.07,33857.07,33857.07,0.008235729594338936,0.0,Silver,SI=F,₹/kg,Precious Metal
2016-02-18,15.427000045776367,15.427000045776367,15.427000045776367,15.427000045776367,0,68.35600280761719,33903.82,33903.82,33903.82,33903.82,0.0013808046591154977,0.0,Silver,SI=F,₹/kg,Precious Metal
2016-02-19,15.368000030517578,15.368000030517578,15.368000030517578,15.368000030517578,1,68.56600189208984,33877.91,33877.91,33877.91,33877.91,-0.0007642206689392195,0.0,Silver,SI=F,₹/kg,Precious Metal
2016-02-22,15.178999900817871,15.178999900817871,15.178999900817871,15.178999900817871,1,68.53800201416016,33447.61,33447.61,33447.61,33447.61,-0.012701491916118912,0.0,Silver,SI=F,₹/kg,Precious Metal
2016-02-23,15.234999656677246,15.234999656677246,15.234999656677246,15.234999656677246,0,68.5739974975586,33588.63,33588.63,33588.63,33588.63,0.004216145787397041,0.0,Silver,SI=F,₹/kg,Precious Metal
2016-02-24,15.291999816894531,15.291999816894531,15.291999816894531,15.291999816894531,1,68.60299682617188,33728.56,33728.56,33728.56,33728.56,0.004165993075633034,0.0,Silver,SI=F,₹/kg,Precious Metal
2016-02-25,15.164999961853027,15.1850004196167,15.164999961853027,15.1850004196167,68976,68.3759994506836,33381.74,33381.74,33337.77,33337.77,-0.011586323282108735,43.970000000001164,Silver,SI=F,₹/kg,Precious Metal
2016-02-26,14.689000129699707,15.229999542236328,14.675000190734863,15.135000228881836,23335,68.7969970703125,33476.68,33686.8,32459.22,32490.18,-0.02542431602353712,1227.5800000000017,Silver,SI=F,₹/kg,Precious Metal
2016-02-29,14.895999908447266,14.925000190734863,14.609999656677246,14.734999656677246,1598,68.7300033569336,32560.19,32980.04,32283.98,32915.95,0.013104574982348405,696.0600000000013,Silver,SI=F,₹/kg,Precious Metal
2016-03-01,14.732999801635742,15.039999961853027,14.725000381469727,14.925000190734863,921,68.21800231933594,32734.35,32986.58,32295.7,32313.25,-0.018310272071746292,690.880000000001,Silver,SI=F,₹/kg,Precious Metal
2016-03-02,15.003000259399414,15.003000259399414,14.760000228881836,14.8100004196167,809,67.74600219726562,32257.39,32677.76,32148.48,32677.76,0.011280511864327991,529.2799999999988,Silver,SI=F,₹/kg,Precious Metal
2016-03-03,15.130999565124512,15.329999923706055,14.920000076293945,14.944999694824219,678,67.38800048828125,32379.41,33213.54,32325.25,32782.39,0.0032018718541295677,888.2900000000009,Silver,SI=F,₹/kg,Precious Metal
2016-03-04,15.680999755859375,15.779999732971191,15.140000343322754,15.220000267028809,912,67.14299774169922,32855.33,34064.2,32682.63,33850.49,0.032581517088900336,1381.569999999996,Silver,SI=F,₹/kg,Precious Metal
2016-03-07,15.623000144958496,15.795000076293945,15.524999618530273,15.569999694824219,933,66.93000030517578,33504.25,33988.41,33407.41,33618.3,-0.0068592803235638655,581.0,Silver,SI=F,₹/kg,Precious Metal
2016-03-08,15.383999824523926,15.75,15.364999771118164,15.710000038146973,906,67.0459976196289,33864.1,33950.32,33120.42,33161.38,-0.013591407061035343,829.9000000000015,Silver,SI=F,₹/kg,Precious Metal
2016-03-09,15.354999542236328,15.395000457763672,15.194999694824219,15.385000228881836,163,67.35700225830078,33317.37,33339.02,32905.91,33252.4,0.0027447591143674455,433.1099999999933,Silver,SI=F,₹/kg,Precious Metal
2016-03-10,15.545999526977539,15.625,15.175000190734863,15.3149995803833,571,67.1449966430664,33061.39,33730.6,32759.16,33560.06,0.009252264498201601,971.4399999999987,Silver,SI=F,₹/kg,Precious Metal
2016-03-11,15.607000350952148,15.65999984741211,15.550000190734863,15.604999542236328,379,67.30899810791016,33769.71,33888.73,33650.69,33774.04,0.0063760315088829955,238.04000000000087,Silver,SI=F,₹/kg,Precious Metal
2016-03-14,15.517999649047852,15.800000190734863,15.369999885559082,15.550000190734863,276,66.91300201416016,33452.71,33990.54,33065.48,33383.87,-0.01155236388658265,925.0599999999977,Silver,SI=F,₹/kg,Precious Metal
2016-03-15,15.255000114440918,15.40999984741211,15.244999885559082,15.385000228881836,259,67.17400360107422,33226.85,33280.84,32924.49,32946.09,-0.013113518594459084,356.34999999999854,Silver,SI=F,₹/kg,Precious Metal
2016-03-16,15.21399974822998,15.65999984741211,15.21399974822998,15.270000457763672,167,67.35900115966797,33069.31,33913.91,32948.03,32948.03,5.8884073952381044e-05,965.8800000000047,Silver,SI=F,₹/kg,Precious Metal
2016-03-17,16.02199935913086,16.03499984741211,15.595000267028809,15.630000114440918,382,66.83000183105469,33583.11,34453.3,33507.91,34425.37,0.04483849262004447,945.3899999999994,Silver,SI=F,₹/kg,Precious Metal
2016-03-18,15.805999755859375,16.149999618530273,15.805999755859375,16.084999084472656,118,66.61199951171875,34447.99,34587.2,33850.48,33850.48,-0.01669960264769843,736.7199999999939,Silver,SI=F,₹/kg,Precious Metal
2016-03-21,15.840999603271484,15.859999656677246,15.75,15.795000076293945,21,66.3759994506836,33707.08,33845.79,33611.05,33805.25,-0.0013361701222553979,234.73999999999796,Silver,SI=F,₹/kg,Precious Metal
2016-03-22,15.876999855041504,15.954999923706055,15.845000267028809,15.949999809265137,45,66.5199966430664,34111.7,34122.39,33887.14,33955.58,0.004446942412790866,235.25,Silver,SI=F,₹/kg,Precious Metal
2016-03-23,15.262999534606934,15.5,15.255000114440918,15.5,215,66.76399993896484,33270.89,33270.89,32745.0,32762.17,-0.03514621160940279,525.8899999999994,Silver,SI=F,₹/kg,Precious Metal
2016-03-24,15.190999984741211,15.3149995803833,15.180000305175781,15.289999961853027,73,66.9020004272461,32887.97,32941.74,32651.36,32675.02,-0.00266008020836217,290.3799999999974,Silver,SI=F,₹/kg,Precious Metal
2016-03-28,15.194000244140625,15.324999809265137,15.180000305175781,15.180000305175781,91,66.90699768066406,32653.8,32965.71,32653.8,32683.92,0.00027237932830637135,311.90999999999985,Silver,SI=F,₹/kg,Precious Metal
2016-03-29,15.237000465393066,15.237000465393066,15.114999771118164,15.114999771118164,60,66.90699768066406,32513.98,32776.42,32513.98,32776.42,0.002830137878198302,262.4399999999987,Silver,SI=F,₹/kg,Precious Metal
2016-03-30,15.206000328063965,15.364999771118164,15.206000328063965,15.364999771118164,36,66.36799621582031,32785.49,32785.49,32446.22,32446.22,-0.010074315620802965,339.2699999999968,Silver,SI=F,₹/kg,Precious Metal
2016-03-31,15.460000038146973,15.460000038146973,15.420000076293945,15.420000076293945,39,66.36799621582031,32902.85,32988.2,32902.85,32988.2,0.016703948872934804,85.34999999999854,Silver,SI=F,₹/kg,Precious Metal
2016-04-01,15.041999816894531,15.041999816894531,15.041999816894531,15.041999816894531,4,66.24800109863281,32038.25,32038.25,32038.25,32038.25,-0.02879666062410191,0.0,Silver,SI=F,₹/kg,Precious Metal
2016-04-04,14.942000389099121,15.020000457763672,14.942000389099121,15.020000457763672,4,66.35800170898438,32044.51,32044.51,31878.1,31878.1,-0.0049987124764929725,166.40999999999985,Silver,SI=F,₹/kg,Precious Metal
2016-04-05,15.11400032043457,15.11400032043457,15.11400032043457,15.11400032043457,8,66.13300323486328,32135.73,32135.73,32135.73,32135.73,0.008081723816664166,0.0,Silver,SI=F,₹/kg,Precious Metal
2016-04-06,15.052000045776367,15.052000045776367,15.052000045776367,15.052000045776367,12,66.46800231933594,32166.02,32166.02,32166.02,32166.02,0.0009425645535359184,0.0,Silver,SI=F,₹/kg,Precious Metal
2016-04-07,15.156000137329102,15.156000137329102,15.156000137329102,15.156000137329102,12,66.53299713134766,32419.93,32419.93,32419.93,32419.93,0.007893733822213589,0.0,Silver,SI=F,₹/kg,Precious Metal
2016-04-08,15.381999969482422,15.381999969482422,15.381999969482422,15.381999969482422,14,66.77899932861328,33025.02,33025.02,33025.02,33025.02,0.018664136535766707,0.0,Silver,SI=F,₹/kg,Precious Metal
2016-04-11,15.973999977111816,15.973999977111816,15.470000267028809,15.470000267028809,14,66.54399871826172,33097.08,34175.35,33097.08,34175.35,0.03483207580192227,1078.2699999999968,Silver,SI=F,₹/kg,Precious Metal
2016-04-12,16.219999313354492,16.219999313354492,15.960000038146973,15.960000038146973,7,66.29000091552734,34015.07,34569.2,34015.07,34569.2,0.011524388192074131,554.1299999999974,Silver,SI=F,₹/kg,Precious Metal
2016-04-13,16.322999954223633,16.322999954223633,16.125,16.125,4,66.31500244140625,34379.69,34801.84,34379.69,34801.84,0.006729690013075107,422.1499999999942,Silver,SI=F,₹/kg,Precious Metal
2016-04-14,16.16900062561035,16.190000534057617,16.065000534057617,16.065000534057617,2,66.5250015258789,34360.23,34627.58,34360.23,34582.67,-0.0062976555262594935,267.34999999999854,Silver,SI=F,₹/kg,Precious Metal
2016-04-15,16.30900001525879,16.30900001525879,16.165000915527344,16.239999771118164,35,66.63700103759766,34793.0,34940.83,34632.32,34940.83,0.010356632382635622,308.51000000000204,Silver,SI=F,₹/kg,Precious Metal
2016-04-18,16.249000549316406,16.249000549316406,16.21500015258789,16.21500015258789,4,66.65299987792969,34747.78,34820.64,34747.78,34820.64,-0.003439815253386991,72.86000000000058,Silver,SI=F,₹/kg,Precious Metal
2016-04-19,16.968000411987305,16.968000411987305,16.968000411987305,16.968000411987305,2,66.40899658203125,36228.31,36228.31,36228.31,36228.31,0.04042631037223887,0.0,Silver,SI=F,₹/kg,Precious Metal
2016-04-20,17.131000518798828,17.131000518798828,16.940000534057617,16.96500015258789,2,66.22200012207031,36119.9,36473.33,36066.68,36473.33,0.006763219150990096,406.65000000000146,Silver,SI=F,₹/kg,Precious Metal
2016-04-21,17.086000442504883,17.086000442504883,17.086000442504883,17.086000442504883,0,66.2040023803711,36367.64,36367.64,36367.64,36367.64,-0.002897733768756572,0.0,Silver,SI=F,₹/kg,Precious Metal
2016-04-22,16.895999908447266,16.895999908447266,16.895999908447266,16.895999908447266,7,66.51200103759766,36130.53,36130.53,36130.53,36130.53,-0.006519807169230729,0.0,Silver,SI=F,₹/kg,Precious Metal
2016-04-25,17.0049991607666,17.0049991607666,17.0049991607666,17.0049991607666,1,66.65299987792969,36440.7,36440.7,36440.7,36440.7,0.008584706617921212,0.0,Silver,SI=F,₹/kg,Precious Metal
2016-04-26,17.106000900268555,17.106000900268555,17.106000900268555,17.106000900268555,2,66.70500183105469,36685.74,36685.74,36685.74,36685.74,0.006724349422486453,0.0,Silver,SI=F,₹/kg,Precious Metal
2016-04-27,17.285999298095703,17.285999298095703,17.285999298095703,17.285999298095703,75957,66.45700073242188,36933.94,36933.94,36933.94,36933.94,0.006765571581764496,0.0,Silver,SI=F,₹/kg,Precious Metal
2016-04-28,17.55299949645996,17.655000686645508,17.139999389648438,17.229999542236328,24298,66.3550033569336,36757.79,37664.47,36565.79,37446.86,0.013887497515834957,1098.6800000000003,Silver,SI=F,₹/kg,Precious Metal
2016-04-29,17.788999557495117,17.989999771118164,17.59000015258789,17.59000015258789,4872,66.43800354003906,37572.74,38427.15,37572.74,37997.81,0.01471284908801418,854.4100000000035,Silver,SI=F,₹/kg,Precious Metal
2016-05-02,17.6560001373291,18.030000686645508,17.520000457763672,17.850000381469727,1122,66.41799926757812,38116.63,38501.0,37411.95,37702.36,-0.007775448111351557,1089.050000000003,Silver,SI=F,₹/kg,Precious Metal
2016-05-03,17.474000930786133,17.729999542236328,17.360000610351562,17.584999084472656,452,66.37100219726562,37524.18,37833.59,37044.06,37287.32,-0.011008329452055543,789.5299999999988,Silver,SI=F,₹/kg,Precious Metal
2016-05-04,17.277000427246094,17.475000381469727,17.200000762939453,17.475000381469727,421,66.59200286865234,37413.62,37413.62,36824.85,36989.7,-0.007981801856502546,588.7700000000041,Silver,SI=F,₹/kg,Precious Metal
2016-05-05,17.302000045776367,17.604999542236328,17.270000457763672,17.364999771118164,242,66.62000274658203,37193.74,37707.79,36990.26,37058.8,0.0018680876027652449,717.5299999999988,Silver,SI=F,₹/kg,Precious Metal
2016-05-06,17.506999969482422,17.59000015258789,17.334999084472656,17.34000015258789,128,66.60199737548828,37130.16,37665.48,37119.45,37487.75,0.011574848618951528,546.0300000000061,Silver,SI=F,₹/kg,Precious Metal
2016-05-09,17.06999969482422,17.475000381469727,16.959999084472656,17.469999313354492,368,66.59400177001953,37404.03,37414.74,36312.1,36547.62,-0.02507832558635814,1102.6399999999994,Silver,SI=F,₹/kg,Precious Metal
2016-05-10,17.075000762939453,17.1299991607666,16.959999084472656,16.969999313354492,190,66.72100067138672,36402.8,36746.02,36381.35,36628.04,0.0022004168807707725,364.66999999999825,Silver,SI=F,₹/kg,Precious Metal
2016-05-11,17.302000045776367,17.575000762939453,17.229999542236328,17.235000610351562,58,66.66600036621094,36940.79,37669.53,36930.07,37084.39,0.012459034117031642,739.4599999999991,Silver,SI=F,₹/kg,Precious Metal
2016-05-12,17.086999893188477,17.31999969482422,17.086999893188477,17.31999969482422,36,66.59100341796875,37081.21,37081.21,36582.37,36582.37,-0.01353723224246095,498.8399999999965,Silver,SI=F,₹/kg,Precious Metal
2016-05-13,17.114999771118164,17.18000030517578,16.985000610351562,17.155000686645508,54,66.7509994506836,36816.2,36869.85,36451.36,36730.35,0.004045117907888196,418.48999999999796,Silver,SI=F,₹/kg,Precious Metal
2016-05-16,17.142000198364258,17.219999313354492,17.142000198364258,17.219999313354492,30,66.9000015258789,37038.18,37038.18,36870.42,36870.42,0.0038134676092114184,167.76000000000204,Silver,SI=F,₹/kg,Precious Metal
2016-05-17,17.235000610351562,17.31999969482422,17.235000610351562,17.31999969482422,65,66.875,37239.35,37239.35,37056.6,37056.6,0.005049576327039507,182.75,Silver,SI=F,₹/kg,Precious Metal
2016-05-18,17.1200008392334,17.145000457763672,16.799999237060547,17.145000457763672,78,66.86799621582031,36859.23,36859.23,36117.53,36805.48,-0.006776660567887949,741.7000000000044,Silver,SI=F,₹/kg,Precious Metal
2016-05-19,16.479000091552734,16.90999984741211,16.415000915527344,16.90999984741211,80,67.16000366210938,36512.77,36512.77,35443.95,35582.13,-0.03323825691174265,1068.8199999999997,Silver,SI=F,₹/kg,Precious Metal
2016-05-20,16.518999099731445,16.518999099731445,16.46500015258789,16.46500015258789,2,67.47699737548828,35719.71,35836.86,35719.71,35836.86,0.007158930620511095,117.15000000000146,Silver,SI=F,₹/kg,Precious Metal
2016-05-23,16.40999984741211,16.434999465942383,16.31999969482422,16.31999969482422,23,67.4229965209961,35376.81,35626.09,35376.81,35571.9,-0.007393504899703807,249.27999999999884,Silver,SI=F,₹/kg,Precious Metal
2016-05-24,16.238000869750977,16.31999969482422,16.238000869750977,16.31999969482422,10,67.447998046875,35389.93,35389.93,35212.11,35212.11,-0.01011444426640129,177.8199999999997,Silver,SI=F,₹/kg,Precious Metal
2016-05-25,16.2549991607666,16.334999084472656,16.2450008392334,16.2450008392334,205,67.6510009765625,35333.32,35529.06,35333.32,35355.06,0.004059682876146775,195.73999999999796,Silver,SI=F,₹/kg,Precious Metal
2016-05-26,16.33799934387207,16.454999923706055,16.280000686645508,16.28499984741211,197,67.30400085449219,35238.63,35606.49,35227.82,35353.32,-4.921502042420922e-05,378.66999999999825,Silver,SI=F,₹/kg,Precious Metal
2016-05-27,16.246000289916992,16.325000762939453,16.174999237060547,16.295000076293945,400,66.9540023803711,35076.91,35141.49,34818.6,34971.43,-0.01080209722877512,322.8899999999994,Silver,SI=F,₹/kg,Precious Metal
2016-05-31,15.972000122070312,16.104999542236328,15.960000038146973,16.010000228881836,80,67.13300323486328,34555.55,34760.6,34447.63,34473.53,-0.014237336019716662,312.97000000000116,Silver,SI=F,₹/kg,Precious Metal
2016-06-01,15.906000137329102,16.0,15.906000137329102,16.0,7,67.23100280761719,34584.38,34584.38,34381.2,34381.2,-0.00267828678989368,203.1800000000003,Silver,SI=F,₹/kg,Precious Metal
2016-06-02,16.0049991607666,16.024999618530273,16.0049991607666,16.024999618530273,2,67.4260025024414,34738.88,34738.88,34695.53,34695.53,0.00914249648063481,43.349999999998545,Silver,SI=F,₹/kg,Precious Metal
2016-06-03,16.34600067138672,16.43000030517578,16.344999313354492,16.350000381469727,7,67.29199981689453,35372.98,35546.06,35362.16,35364.33,0.019276258353741804,183.89999999999418,Silver,SI=F,₹/kg,Precious Metal
2016-06-06,16.42799949645996,16.42799949645996,16.42799949645996,16.42799949645996,0,66.99199676513672,35383.28,35383.28,35383.28,35383.28,0.0005358506721320211,0.0,Silver,SI=F,₹/kg,Precious Metal
2016-06-07,16.37700080871582,16.37700080871582,16.37700080871582,16.37700080871582,10,66.8010025024414,35172.87,35172.87,35172.87,35172.87,-0.005946593984503257,0.0,Silver,SI=F,₹/kg,Precious Metal
2016-06-08,16.968000411987305,17.049999237060547,16.549999237060547,16.549999237060547,10,66.76300048828125,35524.2,36597.43,35524.2,36421.43,0.03549781408227415,1073.2300000000032,Silver,SI=F,₹/kg,Precious Metal
2016-06-09,17.253000259399414,17.253000259399414,16.979999542236328,17.1299991607666,25,66.51000213623047,36629.82,36892.83,36309.07,36892.83,0.012942929478606535,583.760000000002,Silver,SI=F,₹/kg,Precious Metal
2016-06-10,17.315000534057617,17.315000534057617,17.315000534057617,17.315000534057617,0,66.74099731445312,37154.0,37154.0,37154.0,37154.0,0.007079153320577403,0.0,Silver,SI=F,₹/kg,Precious Metal
2016-06-13,17.42799949645996,17.42799949645996,17.42799949645996,17.42799949645996,0,66.94499969482422,37510.78,37510.78,37510.78,37510.78,0.009602734564245985,0.0,Silver,SI=F,₹/kg,Precious Metal
2016-06-14,17.40999984741211,17.40999984741211,17.40999984741211,17.40999984741211,1,67.15399932861328,37589.03,37589.03,37589.03,37589.03,0.002086066991942026,0.0,Silver,SI=F,₹/kg,Precious Metal
2016-06-15,17.48900032043457,17.489999771118164,17.48900032043457,17.489999771118164,1,67.2979965209961,37842.72,37842.72,37840.56,37840.56,0.006691579963622241,2.1600000000034925,Silver,SI=F,₹/kg,Precious Metal
2016-06-16,17.5939998626709,17.700000762939453,17.2549991607666,17.700000762939453,10,67.072998046875,38169.06,38169.06,37209.44,37940.47,0.002640288621521547,959.6199999999953,Silver,SI=F,₹/kg,Precious Metal
2016-06-17,17.399999618530273,17.454999923706055,17.399999618530273,17.420000076293945,2,67.30699920654297,37696.31,37772.05,37653.03,37653.03,-0.007576079052262763,119.02000000000407,Silver,SI=F,₹/kg,Precious Metal
2016-06-20,17.503000259399414,17.503000259399414,17.44499969482422,17.44499969482422,3,67.06600189208984,37615.24,37740.3,37615.24,37740.3,0.002317741759428227,125.06000000000495,Silver,SI=F,₹/kg,Precious Metal
2016-06-21,17.31100082397461,17.31100082397461,17.31100082397461,17.31100082397461,80,67.12999725341797,37361.92,37361.92,37361.92,37361.92,-0.010025887446575843,0.0,Silver,SI=F,₹/kg,Precious Metal
2016-06-22,17.30500030517578,17.30500030517578,17.229999542236328,17.229999542236328,3,67.60600280761719,37450.79,37613.81,37450.79,37613.81,0.006741891209017137,163.0199999999968,Silver,SI=F,₹/kg,Precious Metal
2016-06-23,17.347999572753906,17.347999572753906,17.347999572753906,17.347999572753906,34,67.4219970703125,37604.64,37604.64,37604.64,37604.64,-0.00024379343650637875,0.0,Silver,SI=F,₹/kg,Precious Metal
2016-06-24,17.78499984741211,17.825000762939453,17.21500015258789,17.21500015258789,64,67.24199676513672,37216.72,38535.46,37216.72,38448.99,0.022453346182811362,1318.739999999998,Silver,SI=F,₹/kg,Precious Metal
2016-06-27,17.739999771118164,17.864999771118164,17.739999771118164,17.864999771118164,1,67.87699890136719,38986.66,38986.66,38713.88,38713.88,0.006889387731641383,272.7800000000061,Silver,SI=F,₹/kg,Precious Metal
2016-06-28,17.839000701904297,17.839000701904297,17.839000701904297,17.839000701904297,61138,67.9209976196289,38955.16,38955.16,38955.16,38955.16,0.006232390036855051,0.0,Silver,SI=F,₹/kg,Precious Metal
2016-06-29,18.36199951171875,18.514999389648438,17.799999237060547,17.799999237060547,26073,67.70500183105469,38746.38,40302.77,38746.38,39969.72,0.02604430324506435,1556.3899999999994,Silver,SI=F,₹/kg,Precious Metal
2016-06-30,18.582000732421875,18.854999542236328,18.2450008392334,18.315000534057617,1444,67.41600036621094,39697.24,40867.68,39545.52,40275.96,0.007661799982586759,1322.1600000000035,Silver,SI=F,₹/kg,Precious Metal
2016-07-01,19.54400062561035,19.924999237060547,18.774999618530273,18.790000915527344,1083,67.5009994506836,40778.14,43241.32,40745.59,42414.48,0.05309668596353756,2495.730000000003,Silver,SI=F,₹/kg,Precious Metal
2016-07-05,19.865999221801758,21.094999313354492,19.625,19.7549991607666,948,67.23699951171875,42704.71,45601.41,42423.69,42944.66,0.012499976423146153,3177.720000000001,Silver,SI=F,₹/kg,Precious Metal
2016-07-06,20.15999984741211,20.4950008392334,19.94499969482422,20.329999923706055,407,67.4260025024414,44071.24,44428.92,43236.63,43702.71,0.017651787207070502,1192.2900000000009,Silver,SI=F,₹/kg,Precious Metal
2016-07-07,19.79800033569336,20.219999313354492,19.530000686645508,20.139999389648438,536,67.4010009765625,43643.16,43816.52,42321.3,42902.06,-0.018320374182745236,1495.219999999994,Silver,SI=F,₹/kg,Precious Metal
2016-07-08,20.058000564575195,20.209999084472656,19.399999618530273,19.735000610351562,384,67.49700164794922,42826.45,43857.23,42099.47,43527.38,0.014575523879272856,1757.760000000002,Silver,SI=F,₹/kg,Precious Metal
2016-07-11,20.263999938964844,20.604999542236328,20.21500015258789,20.3700008392334,138,67.13200378417969,43965.41,44472.61,43630.86,43736.62,0.004807089239003304,841.75,Silver,SI=F,₹/kg,Precious Metal
2016-07-12,20.1299991607666,20.46500015258789,20.100000381469727,20.40999984741211,141,67.1449966430664,44060.26,44179.0,43391.05,43455.81,-0.006420477851283524,787.9499999999971,Silver,SI=F,₹/kg,Precious Metal
2016-07-13,20.3700008392334,20.420000076293945,20.19499969482422,20.385000228881836,86,66.87000274658203,43826.07,43901.31,43417.58,43793.82,0.007778246453121085,483.7299999999959,Silver,SI=F,₹/kg,Precious Metal
2016-07-14,20.2810001373291,20.440000534057617,20.084999084472656,20.440000534057617,115,67.00599670410156,44033.68,44033.68,43268.91,43691.15,-0.002344394711399911,764.7699999999968,Silver,SI=F,₹/kg,Precious Metal
2016-07-15,20.125,20.229999542236328,20.079999923706055,20.229999542236328,93,66.83799743652344,43472.01,43472.01,43149.68,43246.38,-0.010179864800995309,322.33000000000175,Silver,SI=F,₹/kg,Precious Metal
2016-07-18,20.04400062561035,20.094999313354492,19.7450008392334,20.024999618530273,301,67.13300323486328,43221.42,43372.5,42617.08,43262.43,0.00037112932920635444,755.4199999999983,Silver,SI=F,₹/kg,Precious Metal
2016-07-19,19.975000381469727,20.010000228881836,19.920000076293945,19.959999084472656,46,67.13899993896484,43084.97,43192.9,42998.63,43117.35,-0.003353487078742501,194.27000000000407,Silver,SI=F,₹/kg,Precious Metal
2016-07-20,19.582000732421875,19.625,19.40999984741211,19.625,136,67.20600128173828,42404.13,42404.13,41939.57,42311.22,-0.018696186106057056,464.5599999999977,Silver,SI=F,₹/kg,Precious Metal
2016-07-21,19.784000396728516,19.784000396728516,19.325000762939453,19.375,28,67.16400146484375,41837.79,42720.97,41729.82,42720.97,0.009684192514420431,991.1500000000015,Silver,SI=F,₹/kg,Precious Metal
2016-07-22,19.656999588012695,19.795000076293945,19.656999588012695,19.790000915527344,75,67.15399932861328,42727.56,42738.36,42440.41,42440.41,-0.006567266614030509,297.9499999999971,Silver,SI=F,₹/kg,Precious Metal
2016-07-25,19.614999771118164,19.665000915527344,19.399999618530273,19.5,122,67.14600372314453,42096.42,42452.63,41880.55,42344.69,-0.002255397626931499,572.0799999999945,Silver,SI=F,₹/kg,Precious Metal
2016-07-26,19.655000686645508,19.684999465942383,19.59000015258789,19.674999237060547,171,67.40499877929688,42638.04,42659.71,42453.84,42594.7,0.005904164134865386,205.87000000000262,Silver,SI=F,₹/kg,Precious Metal
2016-07-27,19.96500015258789,19.96500015258789,19.96500015258789,19.96500015258789,124,67.28399658203125,43188.84,43188.84,43188.84,43188.84,0.01394868375642977,0.0,Silver,SI=F,₹/kg,Precious Metal
2016-07-28,20.15999984741211,20.5,20.15999984741211,20.290000915527344,23,67.06300354003906,43747.73,44200.51,43467.43,43467.43,0.006450508974077618,733.0800000000017,Silver,SI=F,₹/kg,Precious Metal
2016-07-29,20.312000274658203,20.312000274658203,20.06999969482422,20.200000762939453,90,67.00700378417969,43517.31,43758.59,43237.24,43758.59,0.006698348625626016,521.3499999999985,Silver,SI=F,₹/kg,Precious Metal
2016-08-01,20.46500015258789,20.655000686645508,20.46500015258789,20.4950008392334,19,66.64800262451172,43916.28,44259.12,43851.99,43851.99,0.0021344380611898472,407.13000000000466,Silver,SI=F,₹/kg,Precious Metal
2016-08-02,20.666000366210938,20.75,20.405000686645508,20.405000686645508,32,66.7509994506836,43791.0,44531.4,43791.0,44351.12,0.011382151642377103,740.4000000000015,Silver,SI=F,₹/kg,Precious Metal
2016-08-03,20.43600082397461,20.645000457763672,20.405000686645508,20.625,22,66.6760025024414,44213.4,44256.28,43741.8,43808.25,-0.012240277133925836,514.4799999999959,Silver,SI=F,₹/kg,Precious Metal
2016-08-04,20.4060001373291,20.420000076293945,20.100000381469727,20.395000457763672,28,66.76000213623047,43775.44,43829.1,43142.25,43799.05,-0.00021000610615573567,686.8499999999985,Silver,SI=F,₹/kg,Precious Metal
2016-08-05,19.780000686645508,20.270000457763672,19.780000686645508,20.270000457763672,10,66.84100341796875,43559.93,43559.93,42506.93,42506.93,-0.029501096484969458,1053.0,Silver,SI=F,₹/kg,Precious Metal
2016-08-08,19.76799964904785,19.84000015258789,19.690000534057617,19.690000534057617,29,66.83499908447266,42309.72,42632.03,42309.72,42477.32,-0.0006965922968324989,322.3099999999977,Silver,SI=F,₹/kg,Precious Metal
2016-08-09,19.81399917602539,19.81399917602539,19.81399917602539,19.81399917602539,9,66.79399871826172,42550.04,42550.04,42550.04,42550.04,0.0017119724125722602,0.0,Silver,SI=F,₹/kg,Precious Metal
2016-08-10,20.134000778198242,20.354999542236328,20.134000778198242,20.19499969482422,10,66.78299713134766,43361.09,43704.63,43230.12,43230.12,0.01598306370569813,474.50999999999476,Silver,SI=F,₹/kg,Precious Metal
2016-08-11,19.983999252319336,19.983999252319336,19.983999252319336,19.983999252319336,0,66.75800323486328,42891.99,42891.99,42891.99,42891.99,-0.007821629919139816,0.0,Silver,SI=F,₹/kg,Precious Metal
2016-08-12,19.672000885009766,19.729999542236328,19.672000885009766,19.672000885009766,10,66.73999786376953,42210.95,42335.4,42210.95,42210.95,-0.015878022912902856,124.45000000000437,Silver,SI=F,₹/kg,Precious Metal
2016-08-15,19.820999145507812,19.820999145507812,19.820999145507812,19.820999145507812,1,66.89959716796875,42632.37,42632.37,42632.37,42632.37,0.009983665375927542,0.0,Silver,SI=F,₹/kg,Precious Metal
2016-08-16,19.847999572753906,20.065000534057617,19.847999572753906,19.950000762939453,27,66.86489868164062,42887.58,43134.8,42668.3,42668.3,0.0008427868307578912,466.5,Silver,SI=F,₹/kg,Precious Metal
2016-08-17,19.62700080871582,19.69499969482422,19.62700080871582,19.62700080871582,1,66.85769653320312,42188.67,42334.83,42188.67,42188.67,-0.011240897809380868,146.1600000000035,Silver,SI=F,₹/kg,Precious Metal
2016-08-18,19.719999313354492,19.850000381469727,19.719999313354492,19.829999923706055,12,66.90550231933594,42655.49,42698.52,42418.88,42418.88,0.005456678297751427,279.6399999999994,Silver,SI=F,₹/kg,Precious Metal
2016-08-19,19.301000595092773,19.364999771118164,19.301000595092773,19.364999771118164,2,66.81999969482422,41602.02,41602.02,41464.53,41464.53,-0.022498236634253432,137.48999999999796,Silver,SI=F,₹/kg,Precious Metal
2016-08-22,18.843000411987305,18.950000762939453,18.843000411987305,18.854999542236328,24,67.12750244140625,40692.79,40897.82,40666.89,40666.89,-0.019236682533239846,230.9300000000003,Silver,SI=F,₹/kg,Precious Metal
2016-08-23,18.90999984741211,18.924999237060547,18.90999984741211,18.924999237060547,26,67.1874008178711,40880.31,40880.31,40847.91,40847.91,0.00445128702981723,32.39999999999418,Silver,SI=F,₹/kg,Precious Metal
2016-08-24,18.545000076293945,18.81999969482422,18.540000915527344,18.81999969482422,13,67.12999725341797,40618.76,40618.76,40014.45,40025.24,-0.020139830899549183,604.310000000005,Silver,SI=F,₹/kg,Precious Metal
2016-08-25,18.47800064086914,18.5049991607666,18.47800064086914,18.47800064086914,3,67.16000366210938,39898.46,39956.76,39898.46,39898.46,-0.0031675013066754243,58.30000000000291,Silver,SI=F,₹/kg,Precious Metal
2016-08-26,18.645000457763672,18.69499969482422,18.594999313354492,18.69499969482422,4,67.00559997558594,40274.21,40274.21,40058.78,40166.49,0.0067178031432790775,215.4300000000003,Silver,SI=F,₹/kg,Precious Metal
2016-08-29,18.761999130249023,18.761999130249023,18.761999130249023,18.761999130249023,47463,67.12899780273438,40492.98,40492.98,40492.98,40492.98,0.008128417494284612,0.0,Silver,SI=F,₹/kg,Precious Metal
2016-08-30,18.57699966430664,18.940000534057617,18.549999237060547,18.860000610351562,14289,67.08999633789062,40680.84,40853.4,40012.17,40070.41,-0.010435636004067828,841.2300000000032,Silver,SI=F,₹/kg,Precious Metal
2016-08-31,18.621999740600586,18.795000076293945,18.520000457763672,18.579999923706055,1589,67.12660217285156,40098.75,40562.75,39969.26,40189.39,0.002969273336609124,593.489999999998,Silver,SI=F,₹/kg,Precious Metal
2016-09-01,18.85700035095215,18.899999618530273,18.584999084472656,18.700000762939453,370,66.97470092773438,40266.4,40697.06,40018.77,40604.47,0.010328099033103166,678.2900000000009,Silver,SI=F,₹/kg,Precious Metal
2016-09-02,19.275999069213867,19.395000457763672,18.780000686645508,18.860000610351562,508,66.79299926757812,40500.75,41649.63,40328.96,41394.08,0.019446381149661685,1320.6699999999983,Silver,SI=F,₹/kg,Precious Metal
2016-09-06,20.048999786376953,20.100000381469727,19.315000534057617,19.395000457763672,825,66.45999908447266,41441.99,42948.38,41271.05,42839.41,0.03491634552573708,1677.3299999999945,Silver,SI=F,₹/kg,Precious Metal
2016-09-07,19.759000778198242,20.014999389648438,19.735000610351562,19.969999313354492,236,66.25520324707031,42539.12,42634.97,42038.53,42089.66,-0.017501408165985444,596.4400000000023,Silver,SI=F,₹/kg,Precious Metal
2016-09-08,19.590999603271484,19.875,19.579999923706055,19.795000076293945,237,66.47160339355469,42304.06,42475.03,41844.59,41868.09,-0.00526423829510636,630.4400000000023,Silver,SI=F,₹/kg,Precious Metal
2016-09-09,19.281999588012695,19.6200008392334,19.024999618530273,19.614999771118164,125,66.44999694824219,41905.76,41916.44,40645.27,41194.33,-0.016092446538640615,1271.1700000000055,Silver,SI=F,₹/kg,Precious Metal
2016-09-12,18.915000915527344,19.03499984741211,18.71500015258789,19.03499984741211,253,66.77799987792969,40867.37,40867.37,40180.35,40609.74,-0.014191030658831094,687.0200000000041,Silver,SI=F,₹/kg,Precious Metal
2016-09-13,18.889999389648438,19.170000076293945,18.889999389648438,19.170000076293945,76,66.7229995727539,41123.31,41123.31,40522.66,40522.66,-0.0021443131623102296,600.6499999999942,Silver,SI=F,₹/kg,Precious Metal
2016-09-14,18.98200035095215,18.9950008392334,18.98200035095215,18.9950008392334,107,66.99500274658203,40914.02,40914.02,40886.02,40886.02,0.008966834852401018,28.0,Silver,SI=F,₹/kg,Precious Metal
2016-09-15,18.958999633789062,19.040000915527344,18.809999465942383,18.96500015258789,133,66.75810241699219,40704.95,40865.93,40372.27,40692.07,-0.004743675221995147,493.6600000000035,Silver,SI=F,₹/kg,Precious Metal
2016-09-16,18.7810001373291,18.889999389648438,18.75,18.889999389648438,79,66.85030364990234,40599.97,40599.97,40299.08,40365.7,-0.008020481631924925,300.8899999999994,Silver,SI=F,₹/kg,Precious Metal
2016-09-19,19.20599937438965,19.235000610351562,18.875,18.875,48,67.06529998779297,40698.21,41474.44,40698.21,41411.91,0.025918292015250755,776.2300000000032,Silver,SI=F,₹/kg,Precious Metal
2016-09-20,19.19499969482422,19.200000762939453,19.139999389648438,19.200000762939453,13,66.9552001953125,41331.01,41331.01,41201.85,41320.24,-0.0022136143925746143,129.1600000000035,Silver,SI=F,₹/kg,Precious Metal
2016-09-21,19.68600082397461,19.68600082397461,19.68600082397461,19.68600082397461,22,66.9749984741211,42389.73,42389.73,42389.73,42389.73,0.025882957117383754,0.0,Silver,SI=F,₹/kg,Precious Metal
2016-09-22,20.020000457763672,20.020000457763672,19.8799991607666,19.985000610351562,42,66.76119995117188,42896.19,42971.32,42670.81,42971.32,0.013720068516595907,300.51000000000204,Silver,SI=F,₹/kg,Precious Metal
2016-09-23,19.732999801635742,19.854999542236328,19.732999801635742,19.854999542236328,48,66.62259674072266,42528.68,42528.68,42267.36,42267.36,-0.01638208926325746,261.3199999999997,Silver,SI=F,₹/kg,Precious Metal
2016-09-26,19.516000747680664,19.559999465942383,19.516000747680664,19.559999465942383,38,66.69650268554688,41943.27,41943.27,41848.93,41848.93,-0.009899601016008619,94.33999999999651,Silver,SI=F,₹/kg,Precious Metal
2016-09-27,19.086999893188477,19.3799991607666,19.086999893188477,19.3799991607666,30,66.60649871826172,41501.21,41501.21,40873.77,40873.77,-0.023301909989096536,627.4400000000023,Silver,SI=F,₹/kg,Precious Metal
2016-09-28,19.04400062561035,19.05500030517578,19.04400062561035,19.049999237060547,56,66.44129943847656,40693.36,40704.04,40680.54,40680.54,-0.004727481707706316,23.5,Silver,SI=F,₹/kg,Precious Metal
2016-09-29,19.114999771118164,19.225000381469727,19.010000228881836,19.225000381469727,94,66.33280181884766,41000.12,41000.12,40541.6,40765.53,0.0020892053055341364,458.5200000000041,Silver,SI=F,₹/kg,Precious Metal
2016-09-30,19.138999938964844,19.600000381469727,19.138999938964844,19.399999618530273,70,66.81629943847656,41674.9,42104.54,41114.22,41114.22,0.008553550021304757,990.3199999999997,Silver,SI=F,₹/kg,Precious Metal
2016-10-03,18.795000076293945,18.8700008392334,18.795000076293945,18.8700008392334,13,66.54650115966797,40372.68,40372.68,40212.21,40212.21,-0.021939124711596203,160.47000000000116,Silver,SI=F,₹/kg,Precious Metal
2016-10-04,17.71299934387207,18.5,17.71299934387207,18.5,160,66.38030242919922,39482.2,39482.2,37802.61,37802.61,-0.05992209828805728,1679.5899999999965,Silver,SI=F,₹/kg,Precious Metal
2016-10-05,17.634000778198242,17.850000381469727,17.604999542236328,17.850000381469727,19,66.5780029296875,38208.45,38208.45,37684.02,37746.1,-0.0014948703277366526,524.4300000000003,Silver,SI=F,₹/kg,Precious Metal
2016-10-06,17.288000106811523,17.764999389648438,17.280000686645508,17.735000610351562,16,66.56320190429688,37953.85,38018.05,36980.13,36997.25,-0.01983913569878737,1037.9200000000055,Silver,SI=F,₹/kg,Precious Metal
2016-10-07,17.323999404907227,17.520000457763672,17.19499969482422,17.2450008392334,69,66.68710327148438,36973.92,37563.53,36866.72,37143.3,0.003947590699308723,696.8099999999977,Silver,SI=F,₹/kg,Precious Metal
2016-10-11,17.45599937438965,17.649999618530273,17.45599937438965,17.649999618530273,5,66.48509979248047,37727.62,37727.62,37312.94,37312.94,0.00456717631443615,414.6800000000003,Silver,SI=F,₹/kg,Precious Metal
2016-10-12,17.454999923706055,17.5,17.454999923706055,17.5,11,66.79850006103516,37583.32,37583.32,37486.68,37486.68,0.004656293500324482,96.63999999999942,Silver,SI=F,₹/kg,Precious Metal
2016-10-13,17.40999984741211,17.450000762939453,17.40999984741211,17.440000534057617,9,66.81809997558594,37465.46,37486.94,37401.01,37401.01,-0.0022853450879085635,85.93000000000029,Silver,SI=F,₹/kg,Precious Metal
2016-10-14,17.39299964904785,17.434999465942383,17.329999923706055,17.344999313354492,32,66.78399658203125,37242.35,37435.6,37210.15,37345.42,-0.0014863234976810746,225.4499999999971,Silver,SI=F,₹/kg,Precious Metal
2016-10-17,17.426000595092773,17.426000595092773,17.415000915527344,17.415000915527344,13,66.7052993774414,37348.6,37372.19,37348.6,37372.19,0.0007168215004678125,23.590000000003783,Silver,SI=F,₹/kg,Precious Metal
2016-10-18,17.590999603271484,17.649999618530273,17.4950008392334,17.649999618530273,21,66.78359985351562,37897.01,37897.01,37564.21,37770.33,0.010653376213703325,332.8000000000029,Silver,SI=F,₹/kg,Precious Metal
2016-10-19,17.615999221801758,17.709999084472656,17.584999084472656,17.584999084472656,9,66.73799896240234,37731.66,37999.87,37731.66,37798.18,0.0007373512489829981,268.2099999999991,Silver,SI=F,₹/kg,Precious Metal
2016-10-20,17.50200080871582,17.684999465942383,17.424999237060547,17.684999465942383,17,66.63639831542969,37888.46,37888.46,37331.44,37496.41,-0.007983717734557527,557.0199999999968,Silver,SI=F,₹/kg,Precious Metal
2016-10-21,17.447999954223633,17.447999954223633,17.447999954223633,17.447999954223633,0,66.84130096435547,37495.66,37495.66,37495.66,37495.66,-2.0001914849965274e-05,0.0,Silver,SI=F,₹/kg,Precious Metal
2016-10-24,17.562000274658203,17.562000274658203,17.562000274658203,17.562000274658203,12,66.91120147705078,37780.11,37780.11,37780.11,37780.11,0.007586211310855573,0.0,Silver,SI=F,₹/kg,Precious Metal
2016-10-25,17.736000061035156,17.736000061035156,17.6299991607666,17.6299991607666,12,66.83399963378906,37882.63,38110.41,37882.63,38110.41,0.00874269556123597,227.7800000000061,Silver,SI=F,₹/kg,Precious Metal
2016-10-26,17.584999084472656,17.655000686645508,17.584999084472656,17.655000686645508,6,66.78130340576172,37906.45,37906.45,37756.15,37756.15,-0.009295622901984046,150.29999999999563,Silver,SI=F,₹/kg,Precious Metal
2016-10-27,17.604000091552734,17.604000091552734,17.59000015258789,17.59000015258789,33,66.86399841308594,37813.65,37843.75,37813.65,37843.75,0.002320151816326499,30.099999999998545,Silver,SI=F,₹/kg,Precious Metal
2016-10-28,17.761999130249023,17.854999542236328,17.604999542236328,17.625,38,66.90299987792969,37910.99,38405.72,37867.97,38205.67,0.00956353426919887,537.75,Silver,SI=F,₹/kg,Precious Metal
2016-10-31,17.761999130249023,17.809999465942383,17.761999130249023,17.809999465942383,4,66.78140258789062,38239.29,38239.29,38136.23,38136.23,-0.0018175312721906423,103.05999999999767,Silver,SI=F,₹/kg,Precious Metal
2016-11-01,18.385000228881836,18.450000762939453,18.0,18.0,50,66.66549682617188,38580.16,39544.67,38580.16,39405.35,0.03327859098814945,964.5099999999948,Silver,SI=F,₹/kg,Precious Metal
2016-11-02,18.65999984741211,18.65999984741211,18.329999923706055,18.329999923706055,14,66.67849731445312,39295.13,40002.57,39295.13,40002.57,0.01515581006132427,707.4400000000023,Silver,SI=F,₹/kg,Precious Metal
2016-11-03,18.382999420166016,18.382999420166016,18.329999923706055,18.382999420166016,4,66.77749633789062,39467.26,39467.26,39353.47,39467.26,-0.013381890213553738,113.79000000000087,Silver,SI=F,₹/kg,Precious Metal
2016-11-04,18.341999053955078,18.3700008392334,18.341999053955078,18.341999053955078,10,66.68450164794922,39324.39,39384.43,39324.39,39324.39,-0.003619962470158833,60.04000000000087,Silver,SI=F,₹/kg,Precious Metal
2016-11-07,18.124000549316406,18.19499969482422,18.124000549316406,18.149999618530273,10,66.7853012084961,38971.57,39068.2,38915.75,38915.75,-0.010391515291146236,152.4499999999971,Silver,SI=F,₹/kg,Precious Metal
2016-11-08,18.329999923706055,18.700000762939453,18.299999237060547,18.299999237060547,21,66.73500061035156,39264.06,40122.29,39264.06,39328.43,0.010604446785684507,858.2300000000032,Silver,SI=F,₹/kg,Precious Metal
2016-11-09,18.35700035095215,18.799999237060547,18.35700035095215,18.770000457763672,19,66.22949981689453,39967.43,40031.3,39088.02,39088.02,-0.006112880681990229,943.2800000000061,Silver,SI=F,₹/kg,Precious Metal
2016-11-10,18.715999603271484,18.715999603271484,18.459999084472656,18.475000381469727,4,66.50749969482422,39504.4,40019.72,39472.33,40019.72,0.023835947689343273,547.3899999999994,Silver,SI=F,₹/kg,Precious Metal
2016-11-14,16.87700080871582,17.459999084472656,16.80500030517578,17.459999084472656,22,67.54679870605469,37917.48,37917.48,36495.03,36651.39,-0.08416675578939592,1422.4500000000044,Silver,SI=F,₹/kg,Precious Metal
2016-11-15,17.02899932861328,17.049999237060547,17.02899932861328,17.049999237060547,1,67.77549743652344,37152.45,37152.45,37106.7,37106.7,0.01242272121193766,45.75,Silver,SI=F,₹/kg,Precious Metal
2016-11-16,16.913999557495117,16.924999237060547,16.913999557495117,16.913999557495117,1,67.74800109863281,36841.15,36865.11,36841.15,36841.15,-0.007156389546901121,23.959999999999127,Silver,SI=F,₹/kg,Precious Metal
2016-11-17,16.76099967956543,16.76099967956543,16.76099967956543,16.76099967956543,0,67.98149871826172,36633.73,36633.73,36633.73,36633.73,-0.005630117409472835,0.0,Silver,SI=F,₹/kg,Precious Metal
2016-11-18,16.613000869750977,16.613000869750977,16.613000869750977,16.613000869750977,3,67.97480010986328,36306.67,36306.67,36306.67,36306.67,-0.008927837815041029,0.0,Silver,SI=F,₹/kg,Precious Metal
2016-11-21,16.511999130249023,16.549999237060547,16.511999130249023,16.511999130249023,3,68.16999816894531,36189.57,36272.85,36189.57,36189.57,-0.0032253026785435956,83.27999999999884,Silver,SI=F,₹/kg,Precious Metal
2016-11-22,16.62299919128418,16.62299919128418,16.62299919128418,16.62299919128418,2,68.21549987792969,36457.16,36457.16,36457.16,36457.16,0.007394119355383477,0.0,Silver,SI=F,₹/kg,Precious Metal
2016-11-23,16.382999420166016,16.382999420166016,16.2549991607666,16.2549991607666,2,68.385498046875,35738.92,36020.34,35738.92,36020.34,-0.011981734177868186,281.41999999999825,Silver,SI=F,₹/kg,Precious Metal
2016-11-25,16.464000701904297,16.540000915527344,16.464000701904297,16.540000915527344,1,68.74549865722656,36556.97,36556.97,36389.0,36389.0,0.0102347729088621,167.97000000000116,Silver,SI=F,₹/kg,Precious Metal
2016-11-28,16.577999114990234,16.577999114990234,16.577999114990234,16.577999114990234,66688,68.50849914550781,36514.64,36514.64,36514.64,36514.64,0.003452691747506176,0.0,Silver,SI=F,₹/kg,Precious Metal
2016-11-29,16.660999298095703,16.700000762939453,16.389999389648438,16.604999542236328,17875,68.55549621582031,36599.2,36808.59,36125.32,36722.63,0.00569607149351592,683.2699999999968,Silver,SI=F,₹/kg,Precious Metal
2016-11-30,16.4060001373291,16.71500015258789,16.395000457763672,16.545000076293945,1213,68.60800170898438,36494.88,36869.87,36164.01,36188.28,-0.014550973064837658,705.8600000000006,Silver,SI=F,₹/kg,Precious Metal
2016-12-01,16.427000045776367,16.6299991607666,16.25,16.4950008392334,777,68.58799743652344,36373.99,36671.68,35833.72,36224.03,0.0009878888966261545,837.9599999999991,Silver,SI=F,₹/kg,Precious Metal
2016-12-02,16.753000259399414,16.774999618530273,16.30500030517578,16.614999771118164,144,68.21649932861328,36440.15,36791.07,35760.26,36742.82,0.014321708545404821,1030.8099999999977,Silver,SI=F,₹/kg,Precious Metal
2016-12-05,16.823999404907227,16.959999084472656,16.524999618530273,16.905000686645508,204,68.0114974975586,36964.77,37085.03,36133.85,36787.65,0.0012201023220319573,951.1800000000003,Silver,SI=F,₹/kg,Precious Metal
2016-12-06,16.739999771118164,16.860000610351562,16.739999771118164,16.84000015258789,268,68.01249694824219,36823.18,36866.91,36604.51,36604.51,-0.004978301141823405,262.40000000000146,Silver,SI=F,₹/kg,Precious Metal
2016-12-07,17.202999114990234,17.202999114990234,16.645000457763672,16.665000915527344,40,67.72200012207031,36284.87,37456.26,36241.32,37456.26,0.02326899062437926,1214.9400000000023,Silver,SI=F,₹/kg,Precious Metal
2016-12-08,17.024999618530273,17.110000610351562,16.9950008392334,17.100000381469727,75,67.43150329589844,37072.29,37093.97,36844.65,36909.69,-0.01459222036583474,249.3199999999997,Silver,SI=F,₹/kg,Precious Metal
2016-12-09,16.89699935913086,17.020000457763672,16.81999969482422,16.979999542236328,186,67.40599822998047,36798.21,36884.89,36451.46,36618.33,-0.007893862018348075,433.4300000000003,Silver,SI=F,₹/kg,Precious Metal
2016-12-12,17.115999221801758,17.145000457763672,16.829999923706055,16.829999923706055,104,67.46050262451172,36502.63,37185.83,36502.63,37122.93,0.01377998395885327,683.2000000000044,Silver,SI=F,₹/kg,Precious Metal
2016-12-13,16.910999298095703,17.149999618530273,16.764999389648438,17.075000762939453,201,67.41799926757812,37010.68,37173.24,36338.74,36655.2,-0.012599490395828195,834.5,Silver,SI=F,₹/kg,Precious Metal
2016-12-14,17.152000427246094,17.152000427246094,16.799999237060547,17.139999389648438,164,67.3864974975586,37134.2,37160.2,36397.59,37160.2,0.013777035727536635,762.6100000000006,Silver,SI=F,₹/kg,Precious Metal
2016-12-15,15.897000312805176,16.5,15.890000343322754,16.5,420,67.81999969482422,35977.6,35977.6,34647.52,34662.78,-0.06720685033987972,1330.0800000000017,Silver,SI=F,₹/kg,Precious Metal
2016-12-16,16.152999877929688,16.152999877929688,16.0,16.0,135,67.84500122070312,34900.23,35233.96,34900.23,35233.96,0.016478193612860847,333.7299999999959,Silver,SI=F,₹/kg,Precious Metal
2016-12-19,16.025999069213867,16.025999069213867,15.979999542236328,16.0,9,67.83499908447266,34895.08,34951.79,34851.46,34951.79,-0.00800846683143186,100.33000000000175,Silver,SI=F,₹/kg,Precious Metal
2016-12-20,16.054000854492188,16.054000854492188,15.699999809265137,15.710000038146973,17,67.84020233154297,34265.24,35015.54,34243.43,35015.54,0.001823940919764011,772.1100000000006,Silver,SI=F,₹/kg,Precious Metal
2016-12-21,15.918000221252441,16.125,15.918000221252441,16.104999542236328,187,67.89700317382812,35156.19,35199.85,34747.98,34747.98,-0.007641178745208532,451.86999999999534,Silver,SI=F,₹/kg,Precious Metal
2016-12-22,15.8149995803833,15.970000267028809,15.789999961853027,15.914999961853027,75,67.82550048828125,34704.84,34824.78,34432.26,34486.78,-0.007516983721068238,392.5199999999968,Silver,SI=F,₹/kg,Precious Metal
2016-12-23,15.704000473022461,15.800000190734863,15.704000473022461,15.774999618530273,10,67.83799743652344,34405.89,34460.42,34251.04,34251.04,-0.006835662825001254,209.37999999999738,Silver,SI=F,₹/kg,Precious Metal
2016-12-27,15.928999900817871,15.928999900817871,15.84000015258789,15.84000015258789,14,67.77200317382812,34514.05,34707.97,34514.05,34707.97,0.01334061681046772,193.91999999999825,Silver,SI=F,₹/kg,Precious Metal
2016-12-28,15.98799991607666,16.024999618530273,15.875,16.0,397,67.96800231933594,34963.5,35018.13,34690.35,34937.28,0.006606839869920389,327.77999999999884,Silver,SI=F,₹/kg,Precious Metal
2016-12-29,16.163000106811523,16.200000762939453,15.994999885559082,15.994999885559082,119,68.20500183105469,35074.45,35523.99,35074.45,35442.85,0.014470788796380196,449.5400000000009,Silver,SI=F,₹/kg,Precious Metal
2016-12-30,15.935999870300293,16.235000610351562,15.859999656677246,16.235000610351562,155,67.93299865722656,35458.76,35458.76,34639.72,34805.71,-0.017976545339892236,819.0400000000009,Silver,SI=F,₹/kg,Precious Metal
2017-01-03,16.356000900268555,16.434999465942383,16.030000686645508,16.040000915527344,6,68.13390350341797,35136.47,36001.73,35114.56,35828.68,0.029390867188171077,887.1700000000055,Silver,SI=F,₹/kg,Precious Metal
2017-01-04,16.499000549316406,16.499000549316406,16.395000457763672,16.399999618530273,7,68.2697982788086,35996.72,36214.02,35985.74,36214.02,0.010755071077136913,228.27999999999884,Silver,SI=F,₹/kg,Precious Metal
2017-01-05,16.583999633789062,16.709999084472656,16.583999633789062,16.645000457763672,5,67.885498046875,36328.82,36470.68,36195.68,36195.68,-0.0005064336961209115,275.0,Silver,SI=F,₹/kg,Precious Metal
2017-01-06,16.465999603271484,16.489999771118164,16.375,16.375,4,67.73300170898438,35659.24,35909.67,35659.24,35857.4,-0.009345866689063453,250.4300000000003,Silver,SI=F,₹/kg,Precious Metal
2017-01-09,16.6299991607666,16.65999984741211,16.44499969482422,16.44499969482422,4,68.1426010131836,36028.24,36499.27,36028.24,36433.54,0.01606753417704576,471.02999999999884,Silver,SI=F,₹/kg,Precious Metal
2017-01-10,16.80299949645996,16.80299949645996,16.594999313354492,16.635000228881836,242,68.09700012207031,36420.11,36787.92,36332.53,36787.92,0.009726751778718068,455.3899999999994,Silver,SI=F,₹/kg,Precious Metal
2017-01-11,16.783000946044922,16.783000946044922,16.610000610351562,16.610000610351562,3,68.31800079345703,36483.39,36863.38,36483.39,36863.38,0.0020512168124753316,379.98999999999796,Silver,SI=F,₹/kg,Precious Metal
2017-01-12,16.780000686645508,16.780000686645508,16.780000686645508,16.780000686645508,5,68.13999938964844,36760.76,36760.76,36760.76,36760.76,-0.002783792479148506,0.0,Silver,SI=F,₹/kg,Precious Metal
2017-01-13,16.719999313354492,16.719999313354492,16.719999313354492,16.719999313354492,9,68.12950134277344,36623.67,36623.67,36623.67,36623.67,-0.0037292482527565562,0.0,Silver,SI=F,₹/kg,Precious Metal
2017-01-17,17.101999282836914,17.101999282836914,17.101999282836914,17.101999282836914,104,68.09459686279297,37441.22,37441.22,37441.22,37441.22,0.022322994937427065,0.0,Silver,SI=F,₹/kg,Precious Metal
2017-01-18,17.235000610351562,17.235000610351562,17.209999084472656,17.235000610351562,104,67.89949798583984,37624.29,37624.29,37569.71,37624.29,0.004889530843279033,54.580000000001746,Silver,SI=F,₹/kg,Precious Metal
2017-01-19,16.966999053955078,16.966999053955078,16.966999053955078,16.966999053955078,4,68.197998046875,37202.07,37202.07,37202.07,37202.07,-0.011222005784029432,0.0,Silver,SI=F,₹/kg,Precious Metal
2017-01-20,16.996999740600586,17.1200008392334,16.924999237060547,16.924999237060547,67,68.09030151367188,37051.38,37478.26,37051.38,37209.0,0.00018627995700248867,426.88000000000466,Silver,SI=F,₹/kg,Precious Metal
2017-01-23,17.149999618530273,17.200000762939453,17.1299991607666,17.200000762939453,10,68.07720184326172,37646.15,37646.15,37492.94,37536.71,0.008807277809132152,153.20999999999913,Silver,SI=F,₹/kg,Precious Metal
2017-01-24,17.14900016784668,17.14900016784668,17.14900016784668,17.14900016784668,2,68.05139923095703,37520.3,37520.3,37520.3,37520.3,-0.00043717203771975743,0.0,Silver,SI=F,₹/kg,Precious Metal
2017-01-25,16.944000244140625,16.959999084472656,16.829999923706055,16.829999923706055,5,68.16449737548828,36883.56,37168.45,36883.56,37133.39,-0.010312017761052061,284.8899999999994,Silver,SI=F,₹/kg,Precious Metal
2017-01-26,16.81399917602539,16.81399917602539,16.81399917602539,16.81399917602539,0,67.9729995727539,36744.97,36744.97,36744.97,36744.97,-0.010460127664078,0.0,Silver,SI=F,₹/kg,Precious Metal
2017-01-27,17.100000381469727,17.100000381469727,17.100000381469727,17.100000381469727,159,68.14900207519531,37466.75,37466.75,37466.75,37466.75,0.019642960655567254,0.0,Silver,SI=F,₹/kg,Precious Metal
2017-01-30,17.121999740600586,17.149999618530273,17.121999740600586,17.149999618530273,26,68.11000061035156,37554.8,37554.8,37493.48,37493.48,0.0007134325768849425,61.31999999999971,Silver,SI=F,₹/kg,Precious Metal
2017-01-31,17.511999130249023,17.559999465942383,17.329999923706055,17.329999923706055,29,67.82099914550781,37787.94,38289.45,37787.94,38184.78,0.018437872398080923,501.50999999999476,Silver,SI=F,₹/kg,Precious Metal
2017-02-01,17.420000076293945,17.59000015258789,17.420000076293945,17.450000762939453,15,67.50160217285156,37870.41,38174.24,37805.3,37805.3,-0.009937991000602775,368.93999999999505,Silver,SI=F,₹/kg,Precious Metal
2017-02-02,17.402000427246094,17.670000076293945,17.402000427246094,17.670000076293945,19,67.39540100097656,38287.52,38287.52,37706.82,37706.82,-0.0026049257643769863,580.6999999999971,Silver,SI=F,₹/kg,Precious Metal
2017-02-03,17.452999114990234,17.452999114990234,17.405000686645508,17.405000686645508,2,67.2656021118164,37640.68,37744.49,37640.68,37744.49,0.0009990235188221952,103.80999999999767,Silver,SI=F,₹/kg,Precious Metal
2017-02-06,17.66699981689453,17.729999542236328,17.56999969482422,17.594999313354492,25,67.15730285644531,37990.32,38281.8,37936.34,38145.78,0.010631750488614422,345.4600000000064,Silver,SI=F,₹/kg,Precious Metal
2017-02-07,17.732999801635742,17.732999801635742,17.575000762939453,17.575000762939453,6,67.19529724121094,37968.61,38309.94,37968.61,38309.94,0.004303490451630587,341.33000000000175,Silver,SI=F,₹/kg,Precious Metal
2017-02-08,17.683000564575195,17.799999237060547,17.645000457763672,17.645000457763672,16,67.34049987792969,38202.21,38537.79,38202.21,38284.48,-0.0006645794798947335,335.58000000000175,Silver,SI=F,₹/kg,Precious Metal
2017-02-09,17.719999313354492,17.815000534057617,17.719999313354492,17.75,109,66.96430206298828,38214.85,38354.79,38150.26,38150.26,-0.003505859293374214,204.52999999999884,Silver,SI=F,₹/kg,Precious Metal
2017-02-10,17.91200065612793,17.96500015258789,17.579999923706055,17.579999923706055,67,66.74530029296875,37725.06,38551.24,37725.06,38437.51,0.00752943754511759,826.1800000000003,Silver,SI=F,₹/kg,Precious Metal
2017-02-13,17.804000854492188,17.899999618530273,17.804000854492188,17.899999618530273,8,66.84369659423828,38468.38,38468.38,38262.07,38262.07,-0.004564291495468886,206.30999999999767,Silver,SI=F,₹/kg,Precious Metal
2017-02-14,17.871999740600586,17.959999084472656,17.871999740600586,17.871999740600586,26,66.91539764404297,38449.41,38638.73,38449.41,38449.41,0.004896232744334039,189.3199999999997,Silver,SI=F,₹/kg,Precious Metal
2017-02-15,17.94700050354004,17.959999084472656,17.920000076293945,17.920000076293945,24,66.7759017944336,38472.3,38558.18,38472.3,38530.27,0.0021030231673253574,85.87999999999738,Silver,SI=F,₹/kg,Precious Metal
2017-02-16,18.062999725341797,18.062999725341797,18.049999237060547,18.049999237060547,16,66.8655014038086,38803.4,38831.34,38803.4,38831.34,0.007813856482189241,27.939999999995052,Silver,SI=F,₹/kg,Precious Metal
2017-02-17,18.018999099731445,18.049999237060547,18.0049991607666,18.0049991607666,175,67.16480255126953,38879.91,38977.09,38879.91,38910.14,0.002029288713704114,97.17999999999302,Silver,SI=F,₹/kg,Precious Metal
2017-02-21,17.989999771118164,18.049999237060547,17.959999084472656,17.989999771118164,189,66.96499633789062,38731.96,38861.13,38667.37,38731.96,-0.004579269054287627,193.75999999999476,Silver,SI=F,₹/kg,Precious Metal
2017-02-22,17.941999435424805,17.941999435424805,17.941999435424805,17.941999435424805,18,66.96510314941406,38628.68,38628.68,38628.68,38628.68,-0.0026665317221229445,0.0,Silver,SI=F,₹/kg,Precious Metal
2017-02-23,18.113000869750977,18.113000869750977,18.05500030517578,18.05500030517578,68,66.91429901123047,38842.47,38967.25,38842.47,38967.25,0.008764731282560057,124.77999999999884,Silver,SI=F,₹/kg,Precious Metal
2017-02-24,18.334999084472656,18.334999084472656,18.334999084472656,18.334999084472656,75359,66.68280029296875,39308.38,39308.38,39308.38,39308.38,0.00875427442275245,0.0,Silver,SI=F,₹/kg,Precious Metal
2017-02-27,18.354000091552734,18.475000381469727,18.204999923706055,18.354999542236328,24873,66.63500213623047,39323.05,39580.14,39001.7,39320.91,0.00031876154652032973,578.4400000000023,Silver,SI=F,₹/kg,Precious Metal
2017-02-28,18.420000076293945,18.44499969482422,18.235000610351562,18.290000915527344,4006,66.69319915771484,39218.02,39550.38,39100.09,39496.77,0.004472429554656543,450.2900000000009,Silver,SI=F,₹/kg,Precious Metal
2017-03-01,18.44300079345703,18.454999923706055,18.25,18.295000076293945,985,66.7051010131836,39235.74,39578.88,39139.24,39553.15,0.0014274584985052297,439.6399999999994,Silver,SI=F,₹/kg,Precious Metal
2017-03-02,17.704999923706055,18.405000686645508,17.690000534057617,18.405000686645508,898,66.85800170898438,39562.13,39562.13,38025.21,38057.46,-0.0378146873257883,1536.9199999999983,Silver,SI=F,₹/kg,Precious Metal
2017-03-03,17.69700050354004,17.94499969482422,17.625,17.790000915527344,451,66.84510040283203,38232.79,38565.9,37878.18,38032.92,-0.0006448144463661043,687.7200000000012,Silver,SI=F,₹/kg,Precious Metal
2017-03-06,17.725000381469727,17.899999618530273,17.700000762939453,17.899999618530273,304,66.77300262451172,38427.7,38427.7,37998.34,38052.01,0.0005019335880600551,429.3600000000006,Silver,SI=F,₹/kg,Precious Metal
2017-03-07,17.492000579833984,17.719999313354492,17.46500015258789,17.719999313354492,359,66.66470336914062,37979.57,37979.57,37433.03,37490.9,-0.014745870191876898,546.5400000000009,Silver,SI=F,₹/kg,Precious Metal
2017-03-08,17.256999969482422,17.5,17.209999084472656,17.485000610351562,886,66.61620330810547,37448.63,37480.76,36859.65,36960.31,-0.014152501006911122,621.1100000000006,Silver,SI=F,₹/kg,Precious Metal
2017-03-09,16.993000030517578,17.2549991607666,16.924999237060547,17.15999984741211,108,66.76499938964844,36834.65,37038.57,36330.21,36476.18,-0.013098645547074628,708.3600000000006,Silver,SI=F,₹/kg,Precious Metal
2017-03-10,16.882999420166016,17.049999237060547,16.834999084472656,16.924999237060547,170,66.68049621582031,36284.23,36552.21,36091.29,36194.19,-0.007730798564981267,460.91999999999825,Silver,SI=F,₹/kg,Precious Metal
2017-03-13,16.934999465942383,17.09000015258789,16.934999465942383,16.975000381469727,207,66.48500061035156,36284.73,36530.55,36199.23,36199.23,0.00013924886839578043,331.3199999999997,Silver,SI=F,₹/kg,Precious Metal
2017-03-14,16.88800048828125,16.959999084472656,16.88800048828125,16.924999237060547,92,66.17009735107422,36006.5,36080.96,35927.78,35927.78,-0.00749877828893053,153.1800000000003,Silver,SI=F,₹/kg,Precious Metal
2017-03-15,16.88800048828125,17.219999313354492,16.81999969482422,16.899999618530273,122,65.77510070800781,35738.69,36415.4,35569.51,35713.32,-0.005969197094838563,845.8899999999994,Silver,SI=F,₹/kg,Precious Metal
2017-03-16,17.29599952697754,17.469999313354492,17.2549991607666,17.389999389648438,226,65.62049865722656,36688.46,36857.24,36403.65,36490.15,0.021751828169433773,453.5899999999965,Silver,SI=F,₹/kg,Precious Metal
2017-03-17,17.378999710083008,17.378999710083008,17.280000686645508,17.299999237060547,59,65.40450286865234,36378.45,36544.57,36336.39,36544.57,0.0014913613673825932,208.1800000000003,Silver,SI=F,₹/kg,Precious Metal
2017-03-20,17.402999877929688,17.424999237060547,17.354999542236328,17.424999237060547,83,65.46810150146484,36676.93,36676.93,36529.59,36630.62,0.0023546589821690223,147.34000000000378,Silver,SI=F,₹/kg,Precious Metal
2017-03-21,17.549999237060547,17.549999237060547,17.334999084472656,17.334999084472656,21,65.33529663085938,36413.47,36865.1,36413.47,36865.1,0.0064012020544559345,451.6299999999974,Silver,SI=F,₹/kg,Precious Metal
2017-03-22,17.545000076293945,17.549999237060547,17.540000915527344,17.549999237060547,11,65.49500274658203,36955.21,36955.21,36934.16,36944.69,0.0021589525052150282,21.049999999995634,Silver,SI=F,₹/kg,Precious Metal
2017-03-23,17.562999725341797,17.575000762939453,17.562999725341797,17.575000762939453,29,65.36499786376953,36934.4,36934.4,36909.18,36909.18,-0.0009611665438253869,25.220000000001164,Silver,SI=F,₹/kg,Precious Metal
2017-03-24,17.719999313354492,17.719999313354492,17.719999313354492,17.719999313354492,244,65.44439697265625,37284.35,37284.35,37284.35,37284.35,0.010164679898063245,0.0,Silver,SI=F,₹/kg,Precious Metal
2017-03-27,18.079999923706055,18.100000381469727,18.079999923706055,18.079999923706055,10,65.39309692382812,38012.0,38054.05,38012.0,38012.0,0.019516231341031975,42.05000000000291,Silver,SI=F,₹/kg,Precious Metal
2017-03-28,18.225000381469727,18.225000381469727,18.139999389648438,18.145000457763672,74,65.04499816894531,37945.59,38112.89,37935.13,38112.89,0.002654161843628211,177.76000000000204,Silver,SI=F,₹/kg,Precious Metal
2017-03-29,18.22800064086914,18.22800064086914,18.22800064086914,18.22800064086914,56,65.11000061035156,38157.26,38157.26,38157.26,38157.26,0.0011641730658578098,0.0,Silver,SI=F,₹/kg,Precious Metal
2017-03-30,18.184999465942383,18.25,18.15999984741211,18.15999984741211,61,64.77999877929688,37822.24,38009.68,37822.24,37874.3,-0.007415626803392028,187.44000000000233,Silver,SI=F,₹/kg,Precious Metal
2017-03-31,18.235000610351562,18.235000610351562,18.114999771118164,18.1200008392334,19,64.79000091552734,37744.76,37984.31,37734.34,37984.31,0.002904608137971998,249.97000000000116,Silver,SI=F,₹/kg,Precious Metal
2017-04-03,18.19099998474121,18.219999313354492,18.19099998474121,18.219999313354492,24,64.79669952392578,37956.98,37956.98,37896.57,37896.57,-0.0023099011144337434,60.41000000000349,Silver,SI=F,₹/kg,Precious Metal
2017-04-04,18.302000045776367,18.302000045776367,18.302000045776367,18.302000045776367,10,64.87750244140625,38175.36,38175.36,38175.36,38175.36,0.007356602457689432,0.0,Silver,SI=F,₹/kg,Precious Metal
2017-04-05,18.166000366210938,18.21500015258789,18.165000915527344,18.21500015258789,33,65.05000305175781,38094.91,38094.91,37990.34,37992.43,-0.004791834314070709,104.57000000000698,Silver,SI=F,₹/kg,Precious Metal
2017-04-06,18.225000381469727,18.225000381469727,18.170000076293945,18.170000076293945,139,65.04000091552734,37994.95,38109.96,37994.95,38109.96,0.0030935109967960006,115.01000000000204,Silver,SI=F,₹/kg,Precious Metal
2017-04-07,18.1299991607666,18.424999237060547,18.1299991607666,18.350000381469727,9,64.58000183105469,38099.96,38255.68,37643.18,37643.18,-0.012248241667007775,612.5,Silver,SI=F,₹/kg,Precious Metal
2017-04-10,17.893999099731445,17.893999099731445,17.75,17.81999969482422,57,64.26000213623047,36816.19,36969.07,36671.57,36969.07,-0.017907891947492205,297.5,Silver,SI=F,₹/kg,Precious Metal
2017-04-11,18.232999801635742,18.290000915527344,18.040000915527344,18.040000915527344,24,64.57499694824219,37453.41,37972.44,37453.41,37854.1,0.023939742060051783,519.0299999999988,Silver,SI=F,₹/kg,Precious Metal
2017-04-12,18.27899932861328,18.389999389648438,18.27899932861328,18.31999969482422,137,64.62999725341797,38067.12,38212.57,37981.93,37981.93,0.0033769129367757778,230.63999999999942,Silver,SI=F,₹/kg,Precious Metal
2017-04-13,18.48900032043457,18.5,18.469999313354492,18.475000381469727,7,64.5,38311.98,38363.82,38301.61,38341.01,0.009453969295399212,62.20999999999913,Silver,SI=F,₹/kg,Precious Metal
2017-04-17,18.493000030517578,18.493000030517578,18.43000030517578,18.493000030517578,7,64.45369720458984,38321.78,38321.78,38191.23,38321.78,-0.0005015517327270347,130.54999999999563,Silver,SI=F,₹/kg,Precious Metal
2017-04-18,18.250999450683594,18.250999450683594,18.250999450683594,18.250999450683594,67,64.4083023071289,37793.66,37793.66,37793.66,37793.66,-0.013781197011203394,0.0,Silver,SI=F,₹/kg,Precious Metal
2017-04-19,18.13599967956543,18.13599967956543,18.13599967956543,18.13599967956543,67,64.56999969482422,37649.8,37649.8,37649.8,37649.8,-0.0038064585435758636,0.0,Silver,SI=F,₹/kg,Precious Metal
2017-04-20,17.992000579833984,17.992000579833984,17.992000579833984,17.992000579833984,0,64.64669799804688,37395.23,37395.23,37395.23,37395.23,-0.006761523301584638,0.0,Silver,SI=F,₹/kg,Precious Metal
2017-04-21,17.829999923706055,17.989999771118164,17.829999923706055,17.985000610351562,35,64.66000366210938,37388.38,37398.77,37066.15,37066.15,-0.008800052840963968,332.61999999999534,Silver,SI=F,₹/kg,Precious Metal
2017-04-24,17.847999572753906,17.847999572753906,17.847999572753906,17.847999572753906,4,64.63999938964844,37092.09,37092.09,37092.09,37092.09,0.0006998298987079821,0.0,Silver,SI=F,₹/kg,Precious Metal
2017-04-25,17.58099937438965,17.58099937438965,17.559999465942383,17.58099937438965,29,64.38999938964844,36395.9,36395.9,36352.42,36395.9,-0.018769230852184293,43.4800000000032,Silver,SI=F,₹/kg,Precious Metal
2017-04-26,17.35300064086914,17.35300064086914,17.35300064086914,17.35300064086914,102002,64.3499984741211,35901.58,35901.58,35901.58,35901.58,-0.013581749592673886,0.0,Silver,SI=F,₹/kg,Precious Metal
2017-04-27,17.264999389648438,17.469999313354492,17.204999923706055,17.459999084472656,35737,64.0199966430664,35937.7,35958.28,35412.84,35536.34,-0.010173368414426509,545.4400000000023,Silver,SI=F,₹/kg,Precious Metal
2017-04-28,17.19099998474121,17.375,17.1299991607666,17.225000381469727,1538,64.05999755859375,35476.16,35785.09,35280.5,35406.13,-0.003664136486762559,504.5899999999965,Silver,SI=F,₹/kg,Precious Metal
2017-05-01,16.780000686645508,17.21500015258789,16.760000228881836,17.184999465942383,1436,64.25830078125,35503.34,35565.32,34625.31,34666.63,-0.02088621377145705,940.010000000002,Silver,SI=F,₹/kg,Precious Metal
2017-05-02,16.768999099731445,16.954999923706055,16.7549991607666,16.854999542236328,543,64.18000030517578,34779.14,34985.49,34572.8,34601.69,-0.0018732712121136696,412.68999999999505,Silver,SI=F,₹/kg,Precious Metal
2017-05-03,16.48699951171875,16.834999084472656,16.420000076293945,16.799999237060547,1233,64.06999969482422,34606.24,34678.34,33823.48,33961.49,-0.018501986463667075,854.8599999999933,Silver,SI=F,₹/kg,Precious Metal
2017-05-04,16.243999481201172,16.549999237060547,16.209999084472656,16.424999237060547,679,64.20999908447266,33907.71,34165.76,33463.86,33534.05,-0.012586020224671923,701.9000000000015,Silver,SI=F,₹/kg,Precious Metal
2017-05-05,16.21500015258789,16.46500015258789,16.19499969482422,16.290000915527344,193,64.16999816894531,33608.07,33969.11,33412.07,33453.33,-0.002407105613548066,557.0400000000009,Silver,SI=F,₹/kg,Precious Metal
2017-05-08,16.198999404907227,16.395000457763672,16.198999404907227,16.260000228881836,148,64.30799865722656,33618.32,33897.44,33492.2,33492.2,0.0011619172142203205,405.24000000000524,Silver,SI=F,₹/kg,Precious Metal
2017-05-09,16.007999420166016,16.184999465942383,16.007999420166016,16.145000457763672,89,64.41179656982422,33434.43,33517.26,33150.72,33150.72,-0.010195806784863204,366.5400000000009,Silver,SI=F,₹/kg,Precious Metal
2017-05-10,16.150999069213867,16.235000610351562,16.100000381469727,16.145000457763672,125,64.63999938964844,33552.88,33739.92,33459.36,33565.35,0.0125074206533069,280.5599999999977,Silver,SI=F,₹/kg,Precious Metal
2017-05-11,16.208999633789062,16.315000534057617,16.155000686645508,16.155000686645508,71,64.55000305175781,33526.92,33858.97,33526.92,33638.99,0.0021939291561088314,332.0500000000029,Silver,SI=F,₹/kg,Precious Metal
2017-05-12,16.34600067138672,16.405000686645508,16.280000686645508,16.28499984741211,36,64.36000061035156,33697.23,33945.54,33686.89,33823.46,0.005483815061034791,258.65000000000146,Silver,SI=F,₹/kg,Precious Metal
2017-05-15,16.56100082397461,16.735000610351562,16.424999237060547,16.434999465942383,82,64.16549682617188,33904.84,34523.73,33884.21,34164.78,0.010091220708939863,639.5200000000041,Silver,SI=F,₹/kg,Precious Metal
2017-05-16,16.69300079345703,16.774999618530273,16.579999923706055,16.579999923706055,51,64.03829956054688,34136.17,34537.65,34136.17,34368.82,0.005972232222774432,401.4800000000032,Silver,SI=F,₹/kg,Precious Metal
2017-05-17,16.851999282836914,16.954999923706055,16.739999771118164,16.854999542236328,124,63.900001525878906,34627.41,34832.86,34391.15,34621.25,0.007344738632283576,441.7099999999991,Silver,SI=F,₹/kg,Precious Metal
2017-05-18,16.621000289916992,16.704999923706055,16.510000228881836,16.700000762939453,57,64.2300033569336,34486.16,34496.49,34093.8,34323.02,-0.008614073726396443,402.68999999999505,Silver,SI=F,₹/kg,Precious Metal
2017-05-19,16.75,16.774999618530273,16.524999618530273,16.524999618530273,73,64.87110137939453,34465.39,34986.8,34465.39,34934.66,0.017820110235055253,521.4100000000035,Silver,SI=F,₹/kg,Precious Metal
2017-05-22,17.14299964904785,17.14299964904785,17.14299964904785,17.14299964904785,2,64.44850158691406,35521.4,35521.4,35521.4,35521.4,0.01679535452756653,0.0,Silver,SI=F,₹/kg,Precious Metal
2017-05-23,17.090999603271484,17.229999542236328,17.010000228881836,17.079999923706055,66,64.50019836425781,35419.25,35730.31,35274.09,35442.06,-0.0022335831357999103,456.22000000000116,Silver,SI=F,₹/kg,Precious Metal
2017-05-24,17.07699966430664,17.07699966430664,16.989999771118164,16.989999771118164,16,64.88520050048828,35442.92,35624.41,35442.92,35624.41,0.005145016965718341,181.49000000000524,Silver,SI=F,₹/kg,Precious Metal
2017-05-25,17.152000427246094,17.190000534057617,17.149999618530273,17.165000915527344,86,64.76010131835938,35738.95,35791.0,35707.72,35711.88,0.00245533890947236,83.27999999999884,Silver,SI=F,₹/kg,Precious Metal
2017-05-26,17.283000946044922,17.309999465942383,17.100000381469727,17.104999542236328,448,64.54540252685547,35495.95,35921.36,35485.58,35865.34,0.004297169457334604,435.77999999999884,Silver,SI=F,₹/kg,Precious Metal
2017-05-30,17.38800048828125,17.399999618530273,17.209999084472656,17.334999084472656,884,64.50859832763672,35952.73,36087.54,35693.48,36062.65,0.005501411669316614,394.0599999999977,Silver,SI=F,₹/kg,Precious Metal
2017-05-31,17.368000030517578,17.368000030517578,17.209999084472656,17.209999084472656,47,64.61859893798828,35754.34,36082.6,35754.34,36082.6,0.000553203938146396,328.26000000000204,Silver,SI=F,₹/kg,Precious Metal
2017-06-01,17.243000030517578,17.30500030517578,17.024999618530273,17.299999237060547,83,64.5000991821289,35875.41,35885.78,35305.14,35757.21,-0.009017919994678825,580.6399999999994,Silver,SI=F,₹/kg,Precious Metal
2017-06-02,17.48699951171875,17.5049991607666,17.1200008392334,17.204999923706055,254,64.37229919433594,35607.72,36228.6,35431.8,36191.35,0.012141327581206784,796.7999999999956,Silver,SI=F,₹/kg,Precious Metal
2017-06-05,17.547000885009766,17.600000381469727,17.545000076293945,17.545000076293945,11,64.40499877929688,36329.83,36443.72,36329.83,36333.97,0.003940720641810946,113.88999999999942,Silver,SI=F,₹/kg,Precious Metal
2017-06-06,17.677000045776367,17.69499969482422,17.510000228881836,17.510000228881836,18,64.34400177001953,36223.02,36605.73,36223.02,36568.49,0.006454565796140566,382.7100000000064,Silver,SI=F,₹/kg,Precious Metal
2017-06-07,17.586999893188477,17.690000534057617,17.510000228881836,17.625,97,64.42050170898438,36504.27,36638.9,36266.09,36425.56,-0.0039085562461015355,372.81000000000495,Silver,SI=F,₹/kg,Precious Metal
2017-06-08,17.384000778198242,17.604999542236328,17.364999771118164,17.594999313354492,23,64.41829681396484,36440.89,36461.6,35964.54,36003.89,-0.011576211868808528,497.0599999999977,Silver,SI=F,₹/kg,Precious Metal
2017-06-09,17.19300079345703,17.454999923706055,17.174999237060547,17.454999923706055,34,64.243896484375,36053.06,36053.06,35474.72,35511.91,-0.013664634571430967,578.3399999999965,Silver,SI=F,₹/kg,Precious Metal
2017-06-12,16.913999557495117,17.114999771118164,16.913999557495117,17.114999771118164,7,64.37699890136719,35424.04,35424.04,35008.01,35008.01,-0.014189605684402862,416.02999999999884,Silver,SI=F,₹/kg,Precious Metal
2017-06-13,16.738000869750977,16.915000915527344,16.738000869750977,16.915000915527344,35,64.46910095214844,35060.17,35060.17,34693.3,34693.3,-0.008989656938512058,366.86999999999534,Silver,SI=F,₹/kg,Precious Metal
2017-06-14,17.10700035095215,17.18000030517578,16.84000015258789,16.84000015258789,80,64.35749816894531,34844.29,35547.8,34844.29,35396.76,0.020276537544713147,703.510000000002,Silver,SI=F,₹/kg,Precious Metal
2017-06-15,16.69099998474121,16.729999542236328,16.6299991607666,16.6299991607666,13,64.16580200195312,34307.28,34513.58,34307.28,34433.12,-0.02722396061108412,206.3000000000029,Silver,SI=F,₹/kg,Precious Metal
2017-06-16,16.63599967956543,16.735000610351562,16.63599967956543,16.735000610351562,4,64.55999755859375,34735.99,34735.99,34530.5,34530.5,0.0028280910936910875,205.48999999999796,Silver,SI=F,₹/kg,Precious Metal
2017-06-19,16.482999801635742,16.530000686645508,16.482999801635742,16.510000228881836,13,64.3949966430664,34181.38,34222.79,34125.48,34125.48,-0.011729340727762327,97.30999999999767,Silver,SI=F,₹/kg,Precious Metal
2017-06-20,16.398000717163086,16.56999969482422,16.375,16.469999313354492,51,64.48760223388672,34147.6,34354.94,33950.64,33998.33,-0.0037259549169711415,404.3000000000029,Silver,SI=F,₹/kg,Precious Metal
2017-06-21,16.354999542236328,16.469999313354492,16.329999923706055,16.459999084472656,22,64.53050231933594,34149.57,34170.32,33879.86,33931.73,-0.001958919746940513,290.4599999999991,Silver,SI=F,₹/kg,Precious Metal
2017-06-22,16.489999771118164,16.489999771118164,16.440000534057617,16.440000534057617,4,64.5416030883789,34113.95,34217.7,34113.95,34217.7,0.008427804889405754,103.75,Silver,SI=F,₹/kg,Precious Metal
2017-06-23,16.628000259399414,16.649999618530273,16.628000259399414,16.649999618530273,1,64.59100341796875,34576.15,34576.15,34530.47,34530.47,0.009140590980691421,45.68000000000029,Silver,SI=F,₹/kg,Precious Metal
2017-06-26,16.559999465942383,16.559999465942383,16.424999237060547,16.424999237060547,4,64.49800109863281,34059.8,34339.74,34059.8,34339.74,-0.00552352748167062,279.93999999999505,Silver,SI=F,₹/kg,Precious Metal
2017-06-27,16.576000213623047,16.576000213623047,16.576000213623047,16.576000213623047,0,64.42130279541016,34332.05,34332.05,34332.05,34332.05,-0.000223938795110179,0.0,Silver,SI=F,₹/kg,Precious Metal
2017-06-28,16.71500015258789,16.7450008392334,16.684999465942383,16.7450008392334,76357,64.5248031616211,34737.8,34737.8,34613.32,34675.56,0.010005519623791592,124.4800000000032,Silver,SI=F,₹/kg,Precious Metal
2017-06-29,16.586000442504883,16.860000610351562,16.55500030517578,16.770000457763672,17565,64.51190185546875,34782.7,34969.37,34336.77,34401.07,-0.007915950023590024,632.6000000000058,Silver,SI=F,₹/kg,Precious Metal
2017-06-30,16.56800079345703,16.6299991607666,16.440000534057617,16.59000015258789,1336,64.78510284423828,34555.09,34638.4,34242.65,34509.26,0.0031449603166413542,395.75,Silver,SI=F,₹/kg,Precious Metal
2017-07-03,16.03700065612793,16.579999923706055,16.030000686645508,16.579999923706055,425,64.60679626464844,34439.21,34439.21,33296.78,33311.32,-0.034713581224285917,1142.4300000000003,Silver,SI=F,₹/kg,Precious Metal
2017-07-05,15.842000007629395,16.100000381469727,15.835000038146973,16.100000381469727,615,64.7688980102539,33526.08,33526.08,32974.26,32988.83,-0.009681093394077411,551.8199999999997,Silver,SI=F,₹/kg,Precious Metal
2017-07-06,15.927000045776367,16.0,15.885000228881836,15.994999885559082,185,64.79139709472656,33319.0,33329.42,33089.87,33177.35,0.005714661599092619,239.54999999999563,Silver,SI=F,₹/kg,Precious Metal
2017-07-07,15.371000289916992,15.96500015258789,15.300000190734863,15.960000038146973,301,64.71330261230469,33206.02,33216.43,31832.84,31980.56,-0.036072501269691415,1383.5900000000001,Silver,SI=F,₹/kg,Precious Metal
2017-07-10,15.57699966430664,15.614999771118164,15.149999618530273,15.539999961853027,286,64.61170196533203,32281.42,32437.22,31471.27,32358.28,0.011810925137020645,965.9500000000007,Silver,SI=F,₹/kg,Precious Metal
2017-07-11,15.696999549865723,15.760000228881836,15.399999618530273,15.574999809265137,163,64.61170196533203,32354.13,32738.43,31990.6,32607.56,0.007703746923507726,747.8300000000017,Silver,SI=F,₹/kg,Precious Metal
2017-07-12,15.83899974822998,15.875,15.760000228881836,15.770000457763672,61,64.52559661865234,32715.55,32933.37,32694.8,32858.69,0.007701588220645705,238.57000000000335,Silver,SI=F,₹/kg,Precious Metal
2017-07-13,15.642000198364258,15.890000343322754,15.640000343322754,15.890000343322754,20,64.36499786376953,32882.44,32882.44,32365.1,32369.24,-0.014895602959217213,517.3400000000038,Silver,SI=F,₹/kg,Precious Metal
2017-07-14,15.883999824523926,15.96500015258789,15.585000038146973,15.635000228881836,62,64.42579650878906,32385.31,33068.85,32281.75,32901.08,0.01643041356547137,787.0999999999985,Silver,SI=F,₹/kg,Precious Metal
2017-07-17,16.049999237060547,16.110000610351562,16.040000915527344,16.100000381469727,55,64.26730346679688,33266.45,33287.11,33142.47,33163.13,0.007964784134745662,144.63999999999942,Silver,SI=F,₹/kg,Precious Metal
2017-07-18,16.222000122070312,16.2549991607666,16.024999618530273,16.024999618530273,97,64.33000183105469,33143.78,33619.48,33143.78,33551.23,0.011702755439550128,475.70000000000437,Silver,SI=F,₹/kg,Precious Metal
2017-07-19,16.250999450683594,16.250999450683594,16.1299991607666,16.139999389648438,47,64.3062973022461,33369.33,33598.82,33348.65,33598.82,0.001418427878798978,250.16999999999825,Silver,SI=F,₹/kg,Precious Metal
2017-07-20,16.298999786376953,16.325000762939453,16.135000228881836,16.18000030517578,72,64.26329803466797,33429.66,33729.25,33336.69,33675.53,0.0022831158951415187,392.5599999999977,Silver,SI=F,₹/kg,Precious Metal
2017-07-21,16.40999984741211,16.440000534057617,16.25,16.25,69,64.32499694824219,33606.52,33999.46,33606.52,33937.42,0.007776863497025888,392.9400000000023,Silver,SI=F,₹/kg,Precious Metal
2017-07-24,16.398000717163086,16.46500015258789,16.354999542236328,16.415000915527344,124,64.46109771728516,34019.59,34123.21,33895.24,33984.35,0.0013828393554959906,227.97000000000116,Silver,SI=F,₹/kg,Precious Metal
2017-07-25,16.496999740600586,16.496999740600586,16.264999389648438,16.40999984741211,33,64.36509704589844,33958.57,34138.61,33658.51,34138.61,0.004539148166729845,480.09999999999854,Silver,SI=F,₹/kg,Precious Metal
2017-07-26,16.415000915527344,16.610000610351562,16.364999771118164,16.399999618530273,100,64.4469985961914,33981.06,34416.19,33908.54,34012.15,-0.0037043101637705966,507.65000000000146,Silver,SI=F,₹/kg,Precious Metal
2017-07-27,16.52899932861328,16.649999618530273,16.52899932861328,16.625,159,64.3447036743164,34392.59,34444.31,34193.99,34193.99,0.005346324769236688,250.3199999999997,Silver,SI=F,₹/kg,Precious Metal
2017-07-28,16.663999557495117,16.690000534057617,16.489999771118164,16.4950008392334,78,64.18499755859375,34038.96,34441.36,34028.64,34387.71,0.005665323058233307,412.72000000000116,Silver,SI=F,₹/kg,Precious Metal
2017-07-31,16.75,16.825000762939453,16.729999542236328,16.735000610351562,276,64.12349700927734,34501.13,34686.68,34490.82,34532.06,0.004197720639146807,195.86000000000058,Silver,SI=F,₹/kg,Precious Metal
2017-08-01,16.72800064086914,16.78499984741211,16.635000228881836,16.635000228881836,38,64.18949890136719,34330.27,34639.83,34330.27,34522.2,-0.0002855317638160715,309.56000000000495,Silver,SI=F,₹/kg,Precious Metal
2017-08-02,16.69700050354004,16.69700050354004,16.69700050354004,16.69700050354004,6,64.05580139160156,34386.45,34386.45,34386.45,34386.45,-0.003932252289830851,0.0,Silver,SI=F,₹/kg,Precious Metal
2017-08-03,16.5939998626709,16.5939998626709,16.5939998626709,16.5939998626709,2,63.64059829711914,33952.81,33952.81,33952.81,33952.81,-0.01261078128158033,0.0,Silver,SI=F,₹/kg,Precious Metal
2017-08-04,16.222000122070312,16.264999389648438,16.204999923706055,16.264999389648438,2,63.696998596191406,33309.14,33309.14,33186.27,33221.08,-0.02155138263961054,122.87000000000262,Silver,SI=F,₹/kg,Precious Metal
2017-08-07,16.22100067138672,16.235000610351562,16.09000015258789,16.200000762939453,4,63.66510009765625,33159.42,33231.06,32934.26,33202.4,-0.0005622935798595963,296.79999999999563,Silver,SI=F,₹/kg,Precious Metal
2017-08-08,16.360000610351562,16.420000076293945,16.34000015258789,16.364999771118164,35,63.8301010131836,33583.96,33696.84,33532.66,33573.71,0.011183227718478017,164.17999999999302,Silver,SI=F,₹/kg,Precious Metal
2017-08-09,16.833999633789062,16.850000381469727,16.475000381469727,16.5049991607666,85,63.70289993286133,33803.77,34510.36,33742.33,34477.59,0.026922255538634143,768.0299999999988,Silver,SI=F,₹/kg,Precious Metal
2017-08-10,17.035999298095703,17.209999084472656,16.94499969482422,16.94499969482422,169,63.88769912719727,34805.61,35349.93,34805.61,34992.53,0.014935498681897474,544.3199999999997,Silver,SI=F,₹/kg,Precious Metal
2017-08-11,17.041000366210938,17.104999542236328,17.020000457763672,17.094999313354492,49,64.13860321044922,35251.62,35272.24,35096.96,35140.26,0.004221758186675917,175.27999999999884,Silver,SI=F,₹/kg,Precious Metal
2017-08-14,17.093000411987305,17.114999771118164,16.989999771118164,17.05500030517578,56,64.08100128173828,35137.55,35261.16,35003.63,35215.84,0.0021508093565612008,257.5300000000061,Silver,SI=F,₹/kg,Precious Metal
2017-08-15,16.690000534057617,16.690000534057617,16.690000534057617,16.690000534057617,15,64.17430114746094,34435.62,34435.62,34435.62,34435.62,-0.022155370992144263,0.0,Silver,SI=F,₹/kg,Precious Metal
2017-08-16,16.91699981689453,17.065000534057617,16.69499969482422,16.69499969482422,28,64.26300048828125,34493.55,35258.01,34493.55,34952.22,0.015001907908148482,764.4599999999991,Silver,SI=F,₹/kg,Precious Metal
2017-08-17,17.030000686645508,17.1299991607666,16.989999771118164,17.1299991607666,57,64.1604995727539,35335.85,35335.85,35047.06,35129.57,0.005074069687132754,288.7900000000009,Silver,SI=F,₹/kg,Precious Metal
2017-08-18,16.979999542236328,16.979999542236328,16.979999542236328,16.979999542236328,25,64.18890380859375,35041.93,35041.93,35041.93,35041.93,-0.00249476438225682,0.0,Silver,SI=F,₹/kg,Precious Metal
2017-08-21,16.9950008392334,16.9950008392334,16.9950008392334,16.9950008392334,16,64.07589721679688,35011.15,35011.15,35011.15,35011.15,-0.0008783762766491066,0.0,Silver,SI=F,₹/kg,Precious Metal
2017-08-22,16.961999893188477,16.961999893188477,16.961999893188477,16.961999893188477,15,64.15750122070312,34987.66,34987.66,34987.66,34987.66,-0.0006709291182951382,0.0,Silver,SI=F,₹/kg,Precious Metal
2017-08-23,17.031999588012695,17.031999588012695,17.031999588012695,17.031999588012695,37,64.05750274658203,35077.29,35077.29,35077.29,35077.29,0.0025617603463621297,0.0,Silver,SI=F,₹/kg,Precious Metal
2017-08-24,16.95199966430664,17.059999465942383,16.95199966430664,17.05500030517578,50,64.00499725341797,35095.87,35106.16,34883.92,34883.92,-0.005512683562498788,222.24000000000524,Silver,SI=F,₹/kg,Precious Metal
2017-08-25,17.038000106811523,17.038000106811523,16.95199966430664,16.95199966430664,71,64.03500366210938,34900.27,35077.33,34900.27,35077.33,0.005544388360023911,177.06000000000495,Silver,SI=F,₹/kg,Precious Metal
2017-08-28,17.430999755859375,17.430999755859375,17.430999755859375,17.430999755859375,0,63.99549865722656,35864.28,35864.28,35864.28,35864.28,0.02243471780776929,0.0,Silver,SI=F,₹/kg,Precious Metal
2017-08-29,17.422000885009766,17.422000885009766,17.422000885009766,17.422000885009766,115109,63.78929901123047,35730.27,35730.27,35730.27,35730.27,-0.0037365869327364853,0.0,Silver,SI=F,₹/kg,Precious Metal
2017-08-30,17.40399932861328,17.459999084472656,17.28499984741211,17.389999389648438,115109,63.98680114746094,35775.06,35919.07,35559.06,35803.86,0.0020595982062270313,360.01000000000204,Silver,SI=F,₹/kg,Precious Metal
2017-08-31,17.479999542236328,17.600000381469727,17.2549991607666,17.420000076293945,21198,63.976200103759766,35830.84,36201.08,35491.46,35954.25,0.004200385098143133,709.6200000000026,Silver,SI=F,₹/kg,Precious Metal
2017-09-01,17.7189998626709,17.719999313354492,17.44499969482422,17.565000534057617,1473,63.91189956665039,36092.78,36411.27,35846.2,36409.22,0.012654136854474807,565.0699999999997,Silver,SI=F,₹/kg,Precious Metal
2017-09-05,17.844999313354492,17.979999542236328,17.774999618530273,17.780000686645508,535,64.02629852294922,36599.96,37011.65,36589.66,36733.76,0.008913676261122827,421.98999999999796,Silver,SI=F,₹/kg,Precious Metal
2017-09-06,17.81599998474121,17.969999313354492,17.799999237060547,17.915000915527344,309,64.0999984741211,36920.31,37033.65,36683.3,36716.28,-0.000475856541775288,350.34999999999854,Silver,SI=F,₹/kg,Precious Metal
2017-09-07,18.016000747680664,18.104999542236328,17.795000076293945,17.84000015258789,807,64.0154037475586,36717.22,37262.62,36624.6,37079.45,0.009891252599664169,638.0200000000041,Silver,SI=F,₹/kg,Precious Metal
2017-09-08,18.027000427246094,18.15999984741211,17.915000915527344,18.09000015258789,364,63.95009994506836,37193.77,37337.69,36833.97,37064.24,-0.0004102002591731546,503.72000000000116,Silver,SI=F,₹/kg,Precious Metal
2017-09-11,17.80699920654297,17.889999389648438,17.69499969482422,17.889999389648438,397,63.930999755859375,36771.58,36771.58,36370.77,36600.98,-0.012498839852105315,400.81000000000495,Silver,SI=F,₹/kg,Precious Metal
2017-09-12,17.795000076293945,17.8700008392334,17.704999923706055,17.780000686645508,355,63.97999954223633,36573.49,36758.62,36419.22,36604.35,9.207403736177788e-05,339.40000000000146,Silver,SI=F,₹/kg,Precious Metal
2017-09-13,17.77199935913086,17.90999984741211,17.635000228881836,17.860000610351562,428,63.98759841918945,36742.42,36845.28,36279.54,36561.38,-0.001173904194446851,565.739999999998,Silver,SI=F,₹/kg,Precious Metal
2017-09-14,17.697999954223633,17.760000228881836,17.579999923706055,17.649999618530273,275,64.11509704589844,36382.74,36609.49,36238.45,36481.69,-0.002179622322789676,371.0400000000009,Silver,SI=F,₹/kg,Precious Metal
2017-09-15,17.611000061035156,17.799999237060547,17.549999237060547,17.760000228881836,244,64.15499877929688,36632.28,36714.78,36199.12,36324.94,-0.0042966759489486694,515.6599999999962,Silver,SI=F,₹/kg,Precious Metal
2017-09-18,17.070999145507812,17.520000457763672,17.030000686645508,17.489999771118164,208,64.12020111083984,36055.8,36117.64,35107.51,35192.02,-0.031188489230815075,1010.1299999999974,Silver,SI=F,₹/kg,Precious Metal
2017-09-19,17.19499969482422,17.239999771118164,17.114999771118164,17.135000228881836,163,64.2146987915039,35376.02,35592.8,35334.73,35499.89,0.008748290095311528,258.0699999999997,Silver,SI=F,₹/kg,Precious Metal
2017-09-20,17.250999450683594,17.34000015258789,17.010000228881836,17.2549991607666,87,64.29869842529297,35670.37,35846.08,35163.89,35662.1,0.004569309933073029,682.1900000000023,Silver,SI=F,₹/kg,Precious Metal
2017-09-21,16.937000274658203,16.937000274658203,16.799999237060547,16.895000457763672,212,64.28369903564453,34918.01,35004.81,34721.67,35004.81,-0.01843105145238222,283.1399999999994,Silver,SI=F,₹/kg,Precious Metal
2017-09-22,16.902999877929688,16.985000610351562,16.902999877929688,16.985000610351562,90,64.80229949951172,35387.22,35387.22,35216.37,35216.37,0.006043740845901091,170.84999999999854,Silver,SI=F,₹/kg,Precious Metal
2017-09-25,17.05900001525879,17.09000015258789,16.809999465942383,16.850000381469727,172,64.89099884033203,35154.0,35654.71,35070.55,35590.04,0.010610690426071656,584.1599999999962,Silver,SI=F,₹/kg,Precious Metal
2017-09-26,16.804000854492188,16.889999389648438,16.774999618530273,16.875,108,65.26509857177734,35409.13,35440.6,35199.29,35260.15,-0.009269166317318,241.30999999999767,Silver,SI=F,₹/kg,Precious Metal
2017-09-27,16.74799919128418,16.815000534057617,16.69499969482422,16.700000762939453,136,65.3499984741211,35087.51,35329.13,35077.0,35188.35,-0.0020362930957469327,252.12999999999738,Silver,SI=F,₹/kg,Precious Metal
2017-09-28,16.773000717163086,16.829999923706055,16.655000686645508,16.75,177,65.5250015258789,35286.8,35455.33,35086.67,35335.26,0.00417496131532169,368.6600000000035,Silver,SI=F,₹/kg,Precious Metal
2017-09-29,16.60700035095215,16.809999465942383,16.60700035095215,16.809999465942383,23,65.36000061035156,35324.02,35324.02,34897.45,34897.45,-0.012390173441486074,426.5699999999997,Silver,SI=F,₹/kg,Precious Metal
2017-10-02,16.584999084472656,16.635000228881836,16.524999618530273,16.594999313354492,19,65.29329681396484,34836.64,34920.61,34689.7,34815.65,-0.0023440108088125244,230.9100000000035,Silver,SI=F,₹/kg,Precious Metal
2017-10-03,16.58099937438965,16.584999084472656,16.530000686645508,16.530000686645508,38,65.57170104980469,34848.15,34964.1,34848.15,34955.67,0.004021754584504267,115.94999999999709,Silver,SI=F,₹/kg,Precious Metal
2017-10-04,16.562999725341797,16.81999969482422,16.514999389648438,16.645000457763672,54,65.44309997558594,35021.77,35389.98,34748.24,34849.24,-0.0030447134899717065,641.7400000000052,Silver,SI=F,₹/kg,Precious Metal
2017-10-05,16.582000732421875,16.709999084472656,16.582000732421875,16.649999618530273,19,65.01950073242188,34805.53,34930.96,34663.39,34663.39,-0.0053329713933503164,267.5699999999997,Silver,SI=F,₹/kg,Precious Metal
2017-10-06,16.733999252319336,16.733999252319336,16.43000030517578,16.59000015258789,24,65.20999908447266,34781.72,35083.62,34446.27,35083.62,0.01212316510300937,637.3500000000058,Silver,SI=F,₹/kg,Precious Metal
2017-10-09,16.916000366210938,16.93000030517578,16.864999771118164,16.864999771118164,4,65.41419982910156,35468.99,35605.69,35468.99,35576.25,0.014041595479599822,136.70000000000437,Silver,SI=F,₹/kg,Precious Metal
2017-10-10,17.155000686645508,17.165000915527344,16.924999237060547,16.934999465942383,33,65.41459655761719,35616.42,36100.14,35595.39,36079.11,0.014134710656688032,504.75,Silver,SI=F,₹/kg,Precious Metal
2017-10-11,17.08099937438965,17.200000762939453,17.065000534057617,17.145000457763672,49,65.23889923095703,35961.23,36076.59,35793.43,35826.99,-0.006987977253319233,283.1599999999962,Silver,SI=F,₹/kg,Precious Metal
2017-10-12,17.211000442504883,17.219999313354492,17.204999923706055,17.204999923706055,43,65.20539855957031,36068.55,36099.99,36068.55,36081.13,0.00709353479039132,31.439999999995052,Silver,SI=F,₹/kg,Precious Metal
2017-10-13,17.354999542236328,17.3799991607666,17.21500015258789,17.21500015258789,70,65.0459976196289,36001.29,36346.35,36001.29,36294.07,0.005901699863612997,345.0599999999977,Silver,SI=F,₹/kg,Precious Metal
2017-10-16,17.315000534057617,17.43000030517578,17.280000686645508,17.420000076293945,25,64.6729965209961,36221.09,36241.89,35930.0,36002.77,-0.008026104539942791,311.8899999999994,Silver,SI=F,₹/kg,Precious Metal
2017-10-17,16.98699951171875,17.010000228881836,16.98699951171875,16.98699951171875,55,64.6946029663086,35332.56,35380.41,35332.56,35332.56,-0.018615512084209085,47.85000000000582,Silver,SI=F,₹/kg,Precious Metal
2017-10-18,16.94300079345703,16.94300079345703,16.94300079345703,16.94300079345703,5,64.92870330810547,35368.57,35368.57,35368.57,35368.57,0.0010191732498296968,0.0,Silver,SI=F,₹/kg,Precious Metal
2017-10-19,17.201000213623047,17.219999313354492,16.989999771118164,16.989999771118164,7,65.04010009765625,35527.53,36008.48,35527.53,35968.75,0.016969303537010427,480.95000000000437,Silver,SI=F,₹/kg,Precious Metal
2017-10-20,17.02199935913086,17.170000076293945,16.989999771118164,17.170000076293945,16,64.90460205078125,35829.13,35829.13,35453.51,35520.29,-0.012468045178105958,375.61999999999534,Silver,SI=F,₹/kg,Precious Metal
2017-10-23,17.02400016784668,17.02400016784668,16.8700008392334,16.920000076293945,16,65.1041030883789,35415.97,35633.66,35311.32,35633.66,0.0031916969146368324,322.3400000000038,Silver,SI=F,₹/kg,Precious Metal
2017-10-24,16.906999588012695,16.94499969482422,16.889999389648438,16.889999389648438,57,65.03489685058594,35315.59,35430.6,35315.59,35351.14,-0.007928458653980619,115.01000000000204,Silver,SI=F,₹/kg,Precious Metal
2017-10-25,16.868000030517578,16.868000030517578,16.868000030517578,16.868000030517578,28,65.07949829101562,35293.78,35293.78,35293.78,35293.78,-0.0016225785080764554,0.0,Silver,SI=F,₹/kg,Precious Metal
2017-10-26,16.763999938964844,16.763999938964844,16.763999938964844,16.763999938964844,64,64.83999633789062,34947.09,34947.09,34947.09,34947.09,-0.00982297730648296,0.0,Silver,SI=F,₹/kg,Precious Metal
2017-10-27,16.70199966430664,16.70199966430664,16.70199966430664,16.70199966430664,158,64.5999984741211,34688.97,34688.97,34688.97,34688.97,-0.007386022698885553,0.0,Silver,SI=F,₹/kg,Precious Metal
2017-10-30,16.802000045776367,16.844999313354492,16.71500015258789,16.71500015258789,123,64.87339782714844,34862.9,35134.04,34862.9,35044.35,0.010244755033083974,271.1399999999994,Silver,SI=F,₹/kg,Precious Metal
2017-10-31,16.645000457763672,16.795000076293945,16.645000457763672,16.795000076293945,297,64.84239959716797,35013.02,35013.02,34700.31,34700.31,-0.009817274396586084,312.7099999999991,Silver,SI=F,₹/kg,Precious Metal
2017-11-01,17.131999969482422,17.131999969482422,16.989999771118164,16.989999771118164,29,64.67009735107422,35325.42,35620.66,35325.42,35620.66,0.026522817807679733,295.24000000000524,Silver,SI=F,₹/kg,Precious Metal
2017-11-02,17.0939998626709,17.0939998626709,17.059999465942383,17.065000534057617,18,64.55509948730469,35418.27,35478.45,35407.89,35478.45,-0.003992346014925263,70.55999999999767,Silver,SI=F,₹/kg,Precious Metal
2017-11-03,16.79400062561035,17.104999542236328,16.790000915527344,17.104999542236328,10,64.50050354003906,35471.26,35471.26,34818.04,34826.33,-0.018380735347795496,653.2200000000012,Silver,SI=F,₹/kg,Precious Metal
2017-11-06,17.19499969482422,17.225000381469727,17.19499969482422,17.19499969482422,10,64.69339752197266,35764.53,35826.93,35764.53,35764.53,0.026939387526621283,62.400000000001455,Silver,SI=F,₹/kg,Precious Metal
2017-11-07,16.905000686645508,16.924999237060547,16.905000686645508,16.905000686645508,1,64.59089660644531,35105.64,35147.17,35105.64,35105.64,-0.01842300178416989,41.529999999998836,Silver,SI=F,₹/kg,Precious Metal
2017-11-08,17.106000900268555,17.106000900268555,17.106000900268555,17.106000900268555,5,65.16449737548828,35838.51,35838.51,35838.51,35838.51,0.020876132723972596,0.0,Silver,SI=F,₹/kg,Precious Metal
2017-11-09,16.94300079345703,16.94300079345703,16.93000030517578,16.93000030517578,2,64.9104995727539,35331.52,35358.65,35331.52,35358.65,-0.01338950754370094,27.130000000004657,Silver,SI=F,₹/kg,Precious Metal
2017-11-10,16.8439998626709,17.0,16.8439998626709,17.0,1,64.96800231933594,35509.03,35509.03,35183.19,35183.19,-0.004962293526477923,325.8399999999965,Silver,SI=F,₹/kg,Precious Metal
2017-11-13,17.023000717163086,17.023000717163086,16.84000015258789,16.84000015258789,3,65.1603012084961,35278.95,35662.32,35278.95,35662.32,0.013618151168214077,383.3700000000026,Silver,SI=F,₹/kg,Precious Metal
2017-11-14,17.052000045776367,17.052000045776367,16.905000686645508,16.905000686645508,1,65.43840026855469,35566.27,35875.54,35566.27,35875.54,0.0059788594796974515,309.2700000000041,Silver,SI=F,₹/kg,Precious Metal
2017-11-15,16.950000762939453,16.950000762939453,16.940000534057617,16.950000762939453,1,65.41339874267578,35647.32,35647.32,35626.29,35647.32,-0.006361437347005783,21.029999999998836,Silver,SI=F,₹/kg,Precious Metal
2017-11-16,17.055999755859375,17.055999755859375,16.950000762939453,16.950000762939453,9,65.41339874267578,35647.32,35870.24,35647.32,35870.24,0.0062534855355185215,222.91999999999825,Silver,SI=F,₹/kg,Precious Metal
2017-11-17,17.357999801635742,17.357999801635742,17.125,17.125,3,65.20999908447266,35903.37,36391.86,35903.37,36391.86,0.014541859770104804,488.48999999999796,Silver,SI=F,₹/kg,Precious Metal
2017-11-20,16.82699966430664,16.82699966430664,16.82699966430664,16.82699966430664,0,64.90499877929688,35113.59,35113.59,35113.59,35113.59,-0.03512516260504417,0.0,Silver,SI=F,₹/kg,Precious Metal
2017-11-21,16.948999404907227,16.948999404907227,16.93000030517578,16.948999404907227,1,65.0250015258789,35433.57,35433.57,35393.85,35433.57,0.009112711061443735,39.720000000001164,Silver,SI=F,₹/kg,Precious Metal
2017-11-22,17.10099983215332,17.10099983215332,17.10099983215332,17.10099983215332,0,64.76129913330078,35606.35,35606.35,35606.35,35606.35,0.004876166866618181,0.0,Silver,SI=F,₹/kg,Precious Metal
2017-11-24,16.981000900268555,16.989999771118164,16.981000900268555,16.989999771118164,1,64.57939910888672,35275.88,35275.88,35257.19,35257.19,-0.009806116043907798,18.689999999995052,Silver,SI=F,₹/kg,Precious Metal
2017-11-27,17.009000778198242,17.020000457763672,17.009000778198242,17.020000457763672,2,64.54499816894531,35319.34,35319.34,35296.51,35296.51,0.0011152335169082317,22.82999999999447,Silver,SI=F,₹/kg,Precious Metal
2017-11-28,16.81100082397461,17.024999618530273,16.81100082397461,17.020000457763672,96960,64.43389892578125,35258.55,35268.9,34825.58,34825.58,-0.01334211229382165,443.3199999999997,Silver,SI=F,₹/kg,Precious Metal
2017-11-29,16.457000732421875,16.864999771118164,16.450000762939453,16.809999465942383,22561,64.47000122070312,34843.02,34957.02,34096.83,34111.34,-0.020509062591348215,860.189999999995,Silver,SI=F,₹/kg,Precious Metal
2017-11-30,16.381999969482422,16.520000457763672,16.28499984741211,16.479999542236328,1585,64.41480255126953,34129.77,34212.61,33725.93,33926.81,-0.005409637967901504,486.6800000000003,Silver,SI=F,₹/kg,Precious Metal
2017-12-01,16.297000885009766,16.485000610351562,16.200000762939453,16.385000228881836,523,64.49939727783203,33977.59,34184.96,33593.95,33795.1,-0.003882180493833598,591.010000000002,Silver,SI=F,₹/kg,Precious Metal
2017-12-04,16.284000396728516,16.34000015258789,16.190000534057617,16.309999465942383,893,64.50900268554688,33827.1,33889.32,33578.22,33773.17,-0.0006489106408917866,311.09999999999854,Silver,SI=F,₹/kg,Precious Metal
2017-12-05,15.972999572753906,16.280000686645508,15.972999572753906,16.25,75,64.35140228271484,33620.32,33682.39,33047.22,33047.22,-0.02149487300126096,635.1699999999983,Silver,SI=F,₹/kg,Precious Metal
2017-12-06,15.868000030517578,16.049999237060547,15.868000030517578,16.040000915527344,207,64.35690307617188,33188.68,33209.37,32832.79,32832.79,-0.0064885941994515806,376.58000000000175,Silver,SI=F,₹/kg,Precious Metal
2017-12-07,15.71500015258789,15.885000228881836,15.600000381469727,15.880000114440918,174,64.51519775390625,32938.44,32948.81,32357.66,32596.19,-0.007206210620541276,591.1499999999978,Silver,SI=F,₹/kg,Precious Metal
2017-12-08,15.736000061035156,15.765000343322754,15.654999732971191,15.675000190734863,75,64.54239654541016,32526.93,32713.69,32485.43,32653.51,0.0017584877250991227,228.2599999999984,Silver,SI=F,₹/kg,Precious Metal
2017-12-11,15.696999549865723,15.800000190734863,15.625,15.774999618530273,77,64.4729995727539,32699.24,32751.06,32388.31,32537.56,-0.003550919947043929,362.75,Silver,SI=F,₹/kg,Precious Metal
2017-12-12,15.581999778747559,15.699999809265137,15.555000305175781,15.664999961853027,197,64.3499984741211,32409.28,32481.69,32181.7,32237.56,-0.00922011361638675,299.98999999999796,Silver,SI=F,₹/kg,Precious Metal
2017-12-13,15.784000396728516,15.994999885559082,15.619999885559082,15.640000343322754,190,64.55000305175781,32458.13,33194.87,32416.62,32756.97,0.01611195140078836,778.2500000000036,Silver,SI=F,₹/kg,Precious Metal
2017-12-14,15.850000381469727,16.0,15.800000190734863,16.0,31,64.31999969482422,33086.93,33086.93,32673.34,32776.74,0.0006035356750027088,413.59000000000015,Silver,SI=F,₹/kg,Precious Metal
2017-12-15,15.977999687194824,16.010000228881836,15.954999923706055,16.010000228881836,373,64.2750015258789,33084.45,33084.45,32970.79,33018.32,0.00737047064473173,113.65999999999622,Silver,SI=F,₹/kg,Precious Metal
2017-12-18,16.1200008392334,16.1200008392334,15.979999542236328,15.979999542236328,46,64.07230377197266,32918.31,33206.71,32918.31,33206.71,0.005705620394980793,288.40000000000146,Silver,SI=F,₹/kg,Precious Metal
2017-12-19,16.06599998474121,16.15999984741211,16.06599998474121,16.15999984741211,16,64.20010375976562,33355.5,33355.5,33161.48,33161.48,-0.0013620741109250378,194.0199999999968,Silver,SI=F,₹/kg,Precious Metal
2017-12-20,16.187999725341797,16.187999725341797,16.094999313354492,16.094999313354492,16,64.04759979248047,33142.42,33333.93,33142.42,33333.93,0.005200310721958035,191.51000000000204,Silver,SI=F,₹/kg,Precious Metal
2017-12-21,16.152000427246094,16.152000427246094,16.094999313354492,16.094999313354492,46,63.96500015258789,33099.68,33216.9,33099.68,33216.9,-0.0035108371560148566,117.22000000000116,Silver,SI=F,₹/kg,Precious Metal
2017-12-22,16.35700035095215,16.35700035095215,16.139999389648438,16.139999389648438,194,64.00969696044922,33215.42,33662.0,33215.42,33662.0,0.01339980552068365,446.58000000000175,Silver,SI=F,₹/kg,Precious Metal
2017-12-26,16.520000457763672,16.520000457763672,16.479999542236328,16.479999542236328,64,64.010498046875,33915.55,33997.87,33915.55,33997.87,0.009977719683916586,82.31999999999971,Silver,SI=F,₹/kg,Precious Metal
2017-12-27,16.618999481201172,16.625,16.579999923706055,16.594999313354492,627,64.0281982421875,34161.66,34223.42,34130.78,34211.06,0.006270686957741578,92.63999999999942,Silver,SI=F,₹/kg,Precious Metal
2017-12-28,16.832000732421875,16.832000732421875,16.649999618530273,16.649999618530273,207,64.11499786376953,34321.34,34696.51,34321.34,34696.51,0.014189855561330234,375.17000000000553,Silver,SI=F,₹/kg,Precious Metal
2017-12-29,17.059999465942383,17.059999465942383,16.920000076293945,16.920000076293945,17,64.06199645996094,34849.08,35137.42,34849.08,35137.42,0.012707618143726673,288.3399999999965,Silver,SI=F,₹/kg,Precious Metal
2018-01-02,17.121000289916992,17.15999984741211,17.121000289916992,17.155000686645508,34,63.86759948730469,35225.87,35236.14,35156.06,35156.06,0.0005304885788426361,80.08000000000175,Silver,SI=F,₹/kg,Precious Metal
2018-01-03,17.184999465942383,17.184999465942383,17.079999923706055,17.079999923706055,4,63.459999084472656,34848.04,35062.27,34848.04,35062.27,-0.002667818862523319,214.22999999999593,Silver,SI=F,₹/kg,Precious Metal
2018-01-04,17.18899917602539,17.229999542236328,17.084999084472656,17.084999084472656,34,63.41910171508789,34835.78,35131.43,34835.78,35047.83,-0.00041183870867445016,295.65000000000146,Silver,SI=F,₹/kg,Precious Metal
2018-01-05,17.204999923706055,17.204999923706055,17.204999923706055,17.204999923706055,0,63.36959838867188,35053.07,35053.07,35053.07,35053.07,0.00014950996966134333,0.0,Silver,SI=F,₹/kg,Precious Metal
2018-01-08,17.06399917602539,17.06399917602539,17.06399917602539,17.06399917602539,0,63.26499938964844,34708.41,34708.41,34708.41,34708.41,-0.009832519662329009,0.0,Silver,SI=F,₹/kg,Precious Metal
2018-01-09,16.93600082397461,16.94499969482422,16.93600082397461,16.93600082397461,9,63.45199966430664,34549.89,34568.24,34549.89,34549.89,-0.004567192792755526,18.349999999998545,Silver,SI=F,₹/kg,Precious Metal
2018-01-10,16.96299934387207,16.96299934387207,16.954999923706055,16.96299934387207,180,63.63610076904297,34705.37,34705.37,34689.0,34705.37,0.004500159045369045,16.37000000000262,Silver,SI=F,₹/kg,Precious Metal
2018-01-11,16.893999099731445,16.96500015258789,16.893999099731445,16.954999923706055,35,63.7599983215332,34756.54,34777.04,34631.49,34631.49,-0.0021287771892363194,145.5500000000029,Silver,SI=F,₹/kg,Precious Metal
2018-01-12,17.069000244140625,17.1200008392334,16.920000076293945,16.924999237060547,52,63.67210006713867,34647.21,35046.4,34636.98,34941.99,0.008965828498860517,409.41999999999825,Silver,SI=F,₹/kg,Precious Metal
2018-01-16,17.121999740600586,17.325000762939453,17.121999740600586,17.30500030517578,4,63.52119827270508,35341.15,35382.0,34967.42,34967.42,0.0007277776680720827,414.58000000000175,Silver,SI=F,₹/kg,Precious Metal
2018-01-17,17.104999542236328,17.1200008392334,16.969999313354492,17.094999313354492,88,63.99430084228516,35172.3,35223.74,34915.12,35192.88,0.006447716188383357,308.61999999999534,Silver,SI=F,₹/kg,Precious Metal
2018-01-18,16.89299964904785,17.010000228881836,16.89299964904785,17.0,6,63.82500076293945,34884.31,34904.83,34664.75,34664.75,-0.015006728633746302,240.08000000000175,Silver,SI=F,₹/kg,Precious Metal
2018-01-19,16.975000381469727,16.989999771118164,16.934999465942383,16.934999465942383,35,63.86759948730469,34774.13,34887.06,34774.13,34856.26,0.00552463237150147,112.93000000000029,Silver,SI=F,₹/kg,Precious Metal
2018-01-22,16.930999755859375,16.985000610351562,16.930999755859375,16.985000610351562,3,63.83209991455078,34857.41,34857.41,34746.59,34746.59,-0.003146350182148261,110.82000000000698,Silver,SI=F,₹/kg,Precious Metal
2018-01-23,16.854999542236328,16.854999542236328,16.854999542236328,16.854999542236328,10,63.88010025024414,34616.63,34616.63,34616.63,34616.63,-0.003740223141321164,0.0,Silver,SI=F,₹/kg,Precious Metal
2018-01-24,17.424999237060547,17.424999237060547,17.424999237060547,17.424999237060547,3,63.7504997253418,35714.68,35714.68,35714.68,35714.68,0.03172030321842434,0.0,Silver,SI=F,₹/kg,Precious Metal
2018-01-25,17.551000595092773,17.551000595092773,17.524999618530273,17.524999618530273,1,63.57789993286133,35822.4,35875.54,35822.4,35875.54,0.0045040302755057215,53.13999999999942,Silver,SI=F,₹/kg,Precious Metal
2018-01-26,17.381999969482422,17.381999969482422,17.381999969482422,17.381999969482422,41,63.57310104370117,35527.41,35527.41,35527.41,35527.41,-0.009703826060875942,0.0,Silver,SI=F,₹/kg,Precious Metal
2018-01-30,17.01300048828125,17.184999465942383,17.01300048828125,17.05500030517578,22,63.66939926147461,34911.85,35177.96,34825.88,34825.88,-0.019746162188575167,352.08000000000175,Silver,SI=F,₹/kg,Precious Metal
2018-01-31,17.20400047302246,17.209999084472656,17.174999237060547,17.174999237060547,22,63.769901275634766,35212.99,35284.75,35212.99,35272.45,0.012822935127554613,71.76000000000204,Silver,SI=F,₹/kg,Precious Metal
2018-02-01,17.118000030517578,17.118000030517578,17.118000030517578,17.118000030517578,0,63.665000915527344,35038.4,35038.4,35038.4,35038.4,-0.006635490304756186,0.0,Silver,SI=F,₹/kg,Precious Metal
2018-02-02,16.676000595092773,16.676000595092773,16.676000595092773,16.676000595092773,3,63.97499847412109,34299.88,34299.88,34299.88,34299.88,-0.021077446458742544,0.0,Silver,SI=F,₹/kg,Precious Metal
2018-02-05,16.638999938964844,16.638999938964844,16.638999938964844,16.638999938964844,12,64.13249969482422,34308.03,34308.03,34308.03,34308.03,0.00023761016073531316,0.0,Silver,SI=F,₹/kg,Precious Metal
2018-02-06,16.54800033569336,16.704999923706055,16.540000915527344,16.704999923706055,206,64.314697265625,34541.97,34541.97,34200.79,34217.34,-0.0026434044741129314,341.1800000000003,Silver,SI=F,₹/kg,Precious Metal
2018-02-07,16.20599937438965,16.6299991607666,16.20599937438965,16.6299991607666,4,63.97999954223633,34207.94,34207.94,33335.77,33335.77,-0.02576383786699954,872.1700000000055,Silver,SI=F,₹/kg,Precious Metal
2018-02-08,16.31399917602539,16.31399917602539,16.31399917602539,16.31399917602539,0,64.19999694824219,33673.32,33673.32,33673.32,33673.32,0.010125759806958179,0.0,Silver,SI=F,₹/kg,Precious Metal
2018-02-09,16.115999221801758,16.115999221801758,16.115999221801758,16.115999221801758,16,64.44049835205078,33389.24,33389.24,33389.24,33389.24,-0.008436352578243045,0.0,Silver,SI=F,₹/kg,Precious Metal
2018-02-12,16.54800033569336,16.54800033569336,16.344999313354492,16.375,2,64.2113037109375,33805.18,34162.33,33743.24,34162.33,0.023153866335382522,419.0900000000038,Silver,SI=F,₹/kg,Precious Metal
2018-02-13,16.506999969482422,16.506999969482422,16.506999969482422,16.506999969482422,3,64.28350067138672,34116.0,34116.0,34116.0,34116.0,-0.001356172134629019,0.0,Silver,SI=F,₹/kg,Precious Metal
2018-02-14,16.857999801635742,16.857999801635742,16.857999801635742,16.857999801635742,201,64.2500991821289,34823.33,34823.33,34823.33,34823.33,0.020733087114550353,0.0,Silver,SI=F,₹/kg,Precious Metal
2018-02-15,16.777000427246094,16.777000427246094,16.777000427246094,16.777000427246094,23,64.02519989013672,34534.7,34534.7,34534.7,34534.7,-0.00828840894882843,0.0,Silver,SI=F,₹/kg,Precious Metal
2018-02-16,16.69499969482422,16.69499969482422,16.69499969482422,16.69499969482422,1,63.890899658203125,34293.82,34293.82,34293.82,34293.82,-0.006975013537108943,0.0,Silver,SI=F,₹/kg,Precious Metal
2018-02-20,16.424999237060547,16.424999237060547,16.424999237060547,16.424999237060547,0,64.50499725341797,34063.49,34063.49,34063.49,34063.49,-0.006716370471414379,0.0,Silver,SI=F,₹/kg,Precious Metal
2018-02-21,16.604000091552734,16.604000091552734,16.604000091552734,16.604000091552734,0,64.86499786376953,34626.9,34626.9,34626.9,34626.9,0.016539996342124663,0.0,Silver,SI=F,₹/kg,Precious Metal
2018-02-22,16.57900047302246,16.57900047302246,16.56999969482422,16.56999969482422,21,64.8949966430664,34571.97,34590.75,34571.97,34590.75,-0.0010439860339793716,18.779999999998836,Silver,SI=F,₹/kg,Precious Metal
2018-02-23,16.47599983215332,16.55500030517578,16.47599983215332,16.549999237060547,20,64.95140075683594,34560.25,34570.7,34405.73,34405.73,-0.005348828805388672,164.9699999999939,Silver,SI=F,₹/kg,Precious Metal
2018-02-26,16.54199981689453,16.54199981689453,16.54199981689453,16.54199981689453,68118,64.7030029296875,34411.44,34411.44,34411.44,34411.44,0.00016596072805308282,0.0,Silver,SI=F,₹/kg,Precious Metal
2018-02-27,16.34600067138672,16.649999618530273,16.260000228881836,16.610000610351562,23900,64.78040313720703,34594.23,34677.54,33865.28,34044.39,-0.010666510904513204,812.260000000002,Silver,SI=F,₹/kg,Precious Metal
2018-02-28,16.323999404907227,16.43000030517578,16.299999237060547,16.334999084472656,1018,64.91000366210938,34089.54,34287.8,34016.5,34066.59,0.0006520898156787691,271.3000000000029,Silver,SI=F,₹/kg,Precious Metal
2018-03-01,16.200000762939453,16.46500015258789,16.09000015258789,16.350000381469727,564,65.23999786376953,34294.32,34535.53,33748.96,33979.69,-0.0025508863669652104,786.5699999999997,Silver,SI=F,₹/kg,Precious Metal
2018-03-02,16.392000198364258,16.4950008392334,16.360000610351562,16.389999389648438,83,65.1500015258789,34330.79,34550.73,34267.95,34334.98,0.010455951775899086,282.7800000000061,Silver,SI=F,₹/kg,Precious Metal
2018-03-05,16.33799934387207,16.545000076293945,16.31999969482422,16.46500015258789,143,65.18669891357422,34507.31,34674.98,34203.42,34241.15,-0.0027327815539721634,471.56000000000495,Silver,SI=F,₹/kg,Precious Metal
2018-03-06,16.71500015258789,16.809999465942383,16.3700008392334,16.3700008392334,344,65.00370025634766,34211.9,35131.46,34211.9,34932.92,0.02020288454096897,919.5599999999977,Silver,SI=F,₹/kg,Precious Metal
2018-03-07,16.42799949645996,16.639999389648438,16.399999618530273,16.639999389648438,34,64.88999938964844,34715.35,34715.35,34214.65,34273.06,-0.018889345637295718,500.6999999999971,Silver,SI=F,₹/kg,Precious Metal
2018-03-08,16.43600082397461,16.46500015258789,16.375,16.440000534057617,70,64.89119720458984,34298.73,34350.89,34163.12,34290.39,0.0005056449584601719,187.7699999999968,Silver,SI=F,₹/kg,Precious Metal
2018-03-09,16.54599952697754,16.614999771118164,16.30500030517578,16.329999923706055,355,65.09040069580078,34173.82,34770.24,34121.51,34625.85,0.00978291585485036,648.7299999999959,Silver,SI=F,₹/kg,Precious Metal
2018-03-12,16.47100067138672,16.565000534057617,16.389999389648438,16.565000534057617,48,64.96489715576172,34598.77,34598.77,34233.25,34402.43,-0.006452404778510834,365.5199999999968,Silver,SI=F,₹/kg,Precious Metal
2018-03-13,16.55900001525879,16.559999465942383,16.459999084472656,16.4950008392334,19,64.94550323486328,34442.28,34578.0,34369.19,34575.91,0.0050426670441594545,208.80999999999767,Silver,SI=F,₹/kg,Precious Metal
2018-03-14,16.466999053955078,16.53499984741211,16.466999053955078,16.53499984741211,3,64.8281021118164,34463.39,34463.39,34321.65,34321.65,-0.007353674856280024,141.73999999999796,Silver,SI=F,₹/kg,Precious Metal
2018-03-15,16.35300064086914,16.485000610351562,16.30500030517578,16.485000610351562,34,64.83679962158203,34363.78,34363.78,33988.56,34088.62,-0.006789591992226396,375.22000000000116,Silver,SI=F,₹/kg,Precious Metal
2018-03-16,16.20199966430664,16.405000686645508,16.184999465942383,16.334999084472656,34,65.01439666748047,34144.37,34290.69,33830.83,33866.37,-0.006519771114231077,459.8600000000006,Silver,SI=F,₹/kg,Precious Metal
2018-03-19,16.2549991607666,16.260000228881836,16.165000915527344,16.165000915527344,137,65.06500244140625,33815.33,34014.06,33815.33,34003.59,0.0040518071467356975,198.72999999999593,Silver,SI=F,₹/kg,Precious Metal
2018-03-20,16.125,16.21500015258789,16.049999237060547,16.21500015258789,114,65.21009826660156,33995.56,33995.56,33649.63,33806.87,-0.005785271496333011,345.9300000000003,Silver,SI=F,₹/kg,Precious Metal
2018-03-21,16.35700035095215,16.530000686645508,16.35700035095215,16.385000228881836,76,65.2323989868164,34363.73,34667.83,34305.0,34305.0,0.014734579095905476,362.83000000000175,Silver,SI=F,₹/kg,Precious Metal
2018-03-22,16.327999114990234,16.5049991607666,16.327999114990234,16.489999771118164,2,65.06559753417969,34495.5,34526.88,34156.61,34156.61,-0.004325608511878687,370.2699999999968,Silver,SI=F,₹/kg,Precious Metal
2018-03-23,16.530000686645508,16.549999237060547,16.450000762939453,16.450000762939453,55,65.16000366210938,34461.76,34671.25,34461.76,34629.36,0.01384065924575073,209.48999999999796,Silver,SI=F,₹/kg,Precious Metal
2018-03-26,16.631999969482422,16.725000381469727,16.614999771118164,16.700000762939453,43,65.01499938964844,34907.64,34959.9,34729.96,34765.5,0.003931346117860723,229.94000000000233,Silver,SI=F,₹/kg,Precious Metal
2018-03-27,16.48900032043457,16.5049991607666,16.48900032043457,16.5049991607666,167,64.69499969482422,34330.23,34330.23,34296.95,34296.95,-0.013477441716644445,33.28000000000611,Silver,SI=F,₹/kg,Precious Metal
2018-03-28,16.204999923706055,16.450000762939453,16.19499969482422,16.450000762939453,79,64.89550018310547,34321.87,34321.87,33789.83,33810.69,-0.014177937105194327,532.0400000000009,Silver,SI=F,₹/kg,Precious Metal
2018-03-29,16.222999572753906,16.25,16.209999084472656,16.25,39,65.14920043945312,34037.13,34037.13,33953.34,33980.57,0.005024446410291983,83.79000000000087,Silver,SI=F,₹/kg,Precious Metal
2018-04-02,16.62700080871582,16.62700080871582,16.469999313354492,16.469999313354492,6,65.10549926757812,34474.79,34803.43,34474.79,34803.43,0.024215603210893777,328.6399999999994,Silver,SI=F,₹/kg,Precious Metal
2018-04-03,16.347000122070312,16.347000122070312,16.347000122070312,16.347000122070312,0,65.13999938964844,34235.47,34235.47,34235.47,34235.47,-0.01631908119400871,0.0,Silver,SI=F,₹/kg,Precious Metal
2018-04-04,16.208999633789062,16.44499969482422,16.208999633789062,16.434999465942383,39,64.90499877929688,34295.59,34316.46,33823.99,33823.99,-0.012019113510052692,492.47000000000116,Silver,SI=F,₹/kg,Precious Metal
2018-04-05,16.31999969482422,16.31999969482422,16.190000534057617,16.200000762939453,12,64.99500274658203,33852.09,34102.84,33831.19,34102.84,0.00824414860576761,271.6499999999942,Silver,SI=F,₹/kg,Precious Metal
2018-04-06,16.332000732421875,16.332000732421875,16.28499984741211,16.299999237060547,4,64.86150360107422,33991.09,34057.82,33959.81,34057.82,-0.0013201246582394965,98.01000000000204,Silver,SI=F,₹/kg,Precious Metal
2018-04-09,16.499000549316406,16.499000549316406,16.344999313354492,16.344999313354492,35,64.90450286865234,34107.52,34428.88,34107.52,34428.88,0.010895001500389467,321.3600000000006,Silver,SI=F,₹/kg,Precious Metal
2018-04-10,16.56599998474121,16.56599998474121,16.40999984741211,16.40999984741211,6,64.87000274658203,34224.96,34550.31,34224.96,34550.31,0.00352698083701819,325.34999999999854,Silver,SI=F,₹/kg,Precious Metal
2018-04-11,16.738000869750977,16.738000869750977,16.738000869750977,16.738000869750977,0,64.92530059814453,34938.8,34938.8,34938.8,34938.8,0.011244182758418209,0.0,Silver,SI=F,₹/kg,Precious Metal
2018-04-12,16.44300079345703,16.614999771118164,16.44300079345703,16.614999771118164,3,65.19000244140625,34823.45,34823.45,34462.95,34462.95,-0.013619529005003184,360.5,Silver,SI=F,₹/kg,Precious Metal
2018-04-13,16.628000259399414,16.628000259399414,16.628000259399414,16.628000259399414,0,65.27570343017578,34896.51,34896.51,34896.51,34896.51,0.01258046684918157,0.0,Silver,SI=F,₹/kg,Precious Metal
2018-04-16,16.66200065612793,16.66200065612793,16.66200065612793,16.66200065612793,120,65.19560241699219,34924.96,34924.96,34924.96,34924.96,0.000815267773195627,0.0,Silver,SI=F,₹/kg,Precious Metal
2018-04-17,16.77199935913086,16.77199935913086,16.77199935913086,16.77199935913086,0,65.4292984008789,35281.54,35281.54,35281.54,35281.54,0.010209890004168942,0.0,Silver,SI=F,₹/kg,Precious Metal
2018-04-18,17.231000900268555,17.231000900268555,16.825000762939453,16.825000762939453,11,65.67500305175781,35525.94,36383.21,35525.94,36383.21,0.031225110922028954,857.2699999999968,Silver,SI=F,₹/kg,Precious Metal
2018-04-19,17.222000122070312,17.222000122070312,17.170000076293945,17.170000076293945,1,66.01000213623047,36439.34,36549.7,36439.34,36549.7,0.004576011847222894,110.36000000000058,Silver,SI=F,₹/kg,Precious Metal
2018-04-20,17.14699935913086,17.174999237060547,17.100000381469727,17.174999237060547,127,66.11479949951172,36507.82,36507.82,36348.39,36448.3,-0.0027743045770551866,159.4300000000003,Silver,SI=F,₹/kg,Precious Metal
2018-04-23,16.570999145507812,16.829999923706055,16.570999145507812,16.825000762939453,20,66.1968994140625,35808.26,35818.9,35267.67,35267.67,-0.03239190853894436,551.2300000000032,Silver,SI=F,₹/kg,Precious Metal
2018-04-24,16.687000274658203,16.687000274658203,16.65999984741211,16.65999984741211,5,66.54499816894531,35643.54,35701.31,35643.54,35701.31,0.012295680434800449,57.7699999999968,Silver,SI=F,₹/kg,Precious Metal
2018-04-25,16.486000061035156,16.55500030517578,16.486000061035156,16.55500030517578,2,66.41410064697266,35349.23,35349.23,35201.89,35201.89,-0.013988842426230219,147.34000000000378,Silver,SI=F,₹/kg,Precious Metal
2018-04-26,16.488000869750977,16.488000869750977,16.488000869750977,16.488000869750977,69508,66.90769958496094,35467.82,35467.82,35467.82,35467.82,0.007554423924397202,0.0,Silver,SI=F,₹/kg,Precious Metal
2018-04-27,16.4060001373291,16.530000686645508,16.385000228881836,16.489999771118164,20148,66.9000015258789,35468.04,35554.08,35242.2,35287.37,-0.005087710493624886,311.88000000000466,Silver,SI=F,₹/kg,Precious Metal
2018-04-30,16.312000274658203,16.485000610351562,16.139999389648438,16.475000381469727,1573,66.61000061035156,35282.17,35303.59,34564.75,34933.1,-0.01003956939834294,738.8399999999965,Silver,SI=F,₹/kg,Precious Metal
2018-05-01,16.038999557495117,16.28499984741211,16.0,16.280000686645508,1407,66.44999694824219,34780.82,34791.5,34182.62,34265.94,-0.019098219167494324,608.8799999999974,Silver,SI=F,₹/kg,Precious Metal
2018-05-02,16.291000366210938,16.450000762939453,16.190000534057617,16.190000534057617,884,66.7886962890625,34764.84,35323.14,34764.84,34981.72,0.020888964376871044,558.3000000000029,Silver,SI=F,₹/kg,Precious Metal
2018-05-03,16.36199951171875,16.530000686645508,16.34000015258789,16.3700008392334,642,67.08000183105469,35304.67,35649.74,35239.97,35287.42,0.008738849890742806,409.7699999999968,Silver,SI=F,₹/kg,Precious Metal
2018-05-04,16.43400001525879,16.440000534057617,16.329999923706055,16.405000686645508,296,66.66000366210938,35158.64,35233.65,34997.9,35220.79,-0.0018882083189986076,235.75,Silver,SI=F,₹/kg,Precious Metal
2018-05-07,16.413000106811523,16.5049991607666,16.389999389648438,16.489999771118164,308,66.81050109863281,35420.59,35452.81,35205.79,35255.2,0.000976979789493626,247.0199999999968,Silver,SI=F,₹/kg,Precious Metal
2018-05-08,16.38800048828125,16.44499969482422,16.25,16.415000915527344,215,67.1187973022461,35422.2,35486.93,35066.14,35363.93,0.003084084050012592,420.7900000000009,Silver,SI=F,₹/kg,Precious Metal
2018-05-09,16.45800018310547,16.514999389648438,16.454999923706055,16.514999389648438,152,67.1624984741211,35661.19,35661.19,35531.63,35538.11,0.004925357560655819,129.56000000000495,Silver,SI=F,₹/kg,Precious Metal
2018-05-10,16.68000030517578,16.684999465942383,16.454999923706055,16.459999084472656,36,67.62000274658203,35784.54,36273.7,35773.67,36262.83,0.020392755833104292,500.02999999999884,Silver,SI=F,₹/kg,Precious Metal
2018-05-11,16.676000595092773,16.725000381469727,16.676000595092773,16.725000381469727,76,67.38999938964844,36236.98,36236.98,36130.82,36130.82,-0.003640366733649869,106.16000000000349,Silver,SI=F,₹/kg,Precious Metal
2018-05-14,16.56999969482422,16.649999618530273,16.549999237060547,16.649999618530273,67,67.3822021484375,36070.31,36070.31,35853.67,35897.0,-0.006471483348565066,216.63999999999942,Silver,SI=F,₹/kg,Precious Metal
2018-05-15,16.194000244140625,16.350000381469727,16.165000915527344,16.350000381469727,121,67.6780014038086,35575.89,35575.89,35173.35,35236.45,-0.018401259158147054,402.5400000000009,Silver,SI=F,₹/kg,Precious Metal
2018-05-16,16.297000885009766,16.297000885009766,16.297000885009766,16.297000885009766,48,68.45999908447266,35870.3,35870.3,35870.3,35870.3,0.017988475002447935,0.0,Silver,SI=F,₹/kg,Precious Metal
2018-05-17,16.413000106811523,16.413000106811523,16.315000534057617,16.315000534057617,136,68.05999755859375,35700.1,35914.54,35700.1,35914.54,0.001233332311131985,214.44000000000233,Silver,SI=F,₹/kg,Precious Metal
2018-05-18,16.386999130249023,16.405000686645508,16.3799991607666,16.3799991607666,33,68.13999938964844,35884.46,35939.23,35884.46,35899.8,-0.0004104187329142528,54.770000000004075,Silver,SI=F,₹/kg,Precious Metal
2018-05-21,16.45199966430664,16.459999084472656,16.450000762939453,16.450000762939453,15,67.9749984741211,35950.55,35972.4,35950.55,35954.92,0.0015353845982426506,21.849999999998545,Silver,SI=F,₹/kg,Precious Metal
2018-05-22,16.507999420166016,16.540000915527344,16.507999420166016,16.540000915527344,72,68.4000015258789,36373.25,36373.25,36302.87,36302.87,0.009677396028137553,70.37999999999738,Silver,SI=F,₹/kg,Precious Metal
2018-05-23,16.33799934387207,16.33799934387207,16.28499984741211,16.295000076293945,31,68.43000030517578,35850.18,35944.78,35828.18,35944.78,-0.009863958414307317,116.59999999999854,Silver,SI=F,₹/kg,Precious Metal
2018-05-24,16.621000289916992,16.621000289916992,16.621000289916992,16.621000289916992,836,68.6500015258789,36684.97,36684.97,36684.97,36684.97,0.020592419817286434,0.0,Silver,SI=F,₹/kg,Precious Metal
2018-05-25,16.481000900268555,16.549999237060547,16.481000900268555,16.549999237060547,64,68.26010131835938,36320.79,36320.79,36169.37,36169.37,-0.01405480228006184,151.41999999999825,Silver,SI=F,₹/kg,Precious Metal
2018-05-29,16.30500030517578,16.30500030517578,16.30500030517578,16.30500030517578,546,67.40280151367188,35333.71,35333.71,35333.71,35333.71,-0.023104079501523045,0.0,Silver,SI=F,₹/kg,Precious Metal
2018-05-30,16.479000091552734,16.5049991607666,16.260000228881836,16.34000015258789,398,68.12999725341797,35791.58,36153.0,35616.35,36096.05,0.021575430375129212,536.6500000000015,Silver,SI=F,₹/kg,Precious Metal
2018-05-31,16.402000427246094,16.5,16.402000427246094,16.5,65,67.43000030517578,35770.71,35770.71,35558.25,35558.25,-0.014899137163207676,212.45999999999913,Silver,SI=F,₹/kg,Precious Metal
2018-06-01,16.38800048828125,16.38800048828125,16.38800048828125,16.38800048828125,5,67.43499755859375,35530.54,35530.54,35530.54,35530.54,-0.0007792846948316834,0.0,Silver,SI=F,₹/kg,Precious Metal
2018-06-04,16.378999710083008,16.378999710083008,16.378999710083008,16.378999710083008,40,66.92500305175781,35242.46,35242.46,35242.46,35242.46,-0.008107954452704735,0.0,Silver,SI=F,₹/kg,Precious Metal
2018-06-05,16.490999221801758,16.4950008392334,16.354999542236328,16.354999542236328,18,67.05999755859375,35261.8,35563.65,35261.8,35555.02,0.008868847407360159,301.84999999999854,Silver,SI=F,₹/kg,Precious Metal
2018-06-06,16.642000198364258,16.642000198364258,16.454999923706055,16.46500015258789,94,67.08999633789062,35514.85,35896.63,35493.28,35896.63,0.009607925969384867,403.34999999999854,Silver,SI=F,₹/kg,Precious Metal
2018-06-07,16.766000747680664,16.864999771118164,16.68000030517578,16.725000381469727,17,66.8301010131836,35935.91,36236.72,35839.22,36024.01,0.0035485225214735294,397.5,Silver,SI=F,₹/kg,Precious Metal
2018-06-08,16.694000244140625,16.760000228881836,16.694000244140625,16.735000610351562,16,67.41000366210938,36269.41,36323.59,36180.55,36180.55,0.004345435169488265,143.0399999999936,Silver,SI=F,₹/kg,Precious Metal
2018-06-11,16.905000686645508,16.90999984741211,16.8700008392334,16.8700008392334,18,67.51000213623047,36616.23,36703.05,36616.23,36692.2,0.014141576067804307,86.81999999999971,Silver,SI=F,₹/kg,Precious Metal
2018-06-12,16.849000930786133,16.849000930786133,16.849000930786133,16.849000930786133,0,67.48999786376953,36559.82,36559.82,36559.82,36559.82,-0.0036078512599407864,0.0,Silver,SI=F,₹/kg,Precious Metal
2018-06-13,16.952999114990234,17.06999969482422,16.952999114990234,16.952999114990234,6,67.91000366210938,37014.4,37269.85,37014.4,37014.4,0.012433868656902547,255.4499999999971,Silver,SI=F,₹/kg,Precious Metal
2018-06-14,17.22599983215332,17.28499984741211,17.114999771118164,17.1200008392334,101,67.77999877929688,37307.47,37667.03,37296.57,37538.46,0.01415827353678556,370.4599999999991,Silver,SI=F,₹/kg,Precious Metal
2018-06-15,16.45199966430664,17.28499984741211,16.45199966430664,17.1200008392334,23,68.12999725341797,37500.11,37861.53,36036.91,36036.91,-0.040000309016405944,1824.6199999999953,Silver,SI=F,₹/kg,Precious Metal
2018-06-18,16.41200065612793,16.41200065612793,16.41200065612793,16.41200065612793,5,68.05000305175781,35907.08,35907.08,35907.08,35907.08,-0.0036026951256364903,0.0,Silver,SI=F,₹/kg,Precious Metal
2018-06-19,16.30299949645996,16.329999923706055,16.299999237060547,16.30500030517578,115,68.01000213623047,35652.01,35706.67,35641.08,35647.64,-0.007225316010101679,65.58999999999651,Silver,SI=F,₹/kg,Precious Metal
2018-06-20,16.288999557495117,16.288999557495117,16.288999557495117,16.288999557495117,0,68.05000305175781,35637.97,35637.97,35637.97,35637.97,-0.00027126620443873595,0.0,Silver,SI=F,₹/kg,Precious Metal
2018-06-21,16.305999755859375,16.305999755859375,16.305999755859375,16.305999755859375,0,68.3499984741211,35832.44,35832.44,35832.44,35832.44,0.005456820352000902,0.0,Silver,SI=F,₹/kg,Precious Metal
2018-06-22,16.43899917602539,16.43899917602539,16.295000076293945,16.30500030517578,6,67.83000183105469,35557.65,35849.87,35535.84,35849.87,0.00048643073148246785,314.0300000000061,Silver,SI=F,₹/kg,Precious Metal
2018-06-25,16.308000564575195,16.309999465942383,16.295000076293945,16.309999465942383,2,67.85489654541016,35581.61,35581.61,35548.89,35577.25,-0.0076044906160051,32.720000000001164,Silver,SI=F,₹/kg,Precious Metal
2018-06-26,16.238000869750977,16.238000869750977,16.238000869750977,16.238000869750977,4,68.33999633789062,35677.79,35677.79,35677.79,35677.79,0.002825963220878469,0.0,Silver,SI=F,₹/kg,Precious Metal
2018-06-27,16.138999938964844,16.138999938964844,16.138999938964844,16.138999938964844,96137,68.36499786376953,35473.24,35473.24,35473.24,35473.24,-0.0057332587024029324,0.0,Silver,SI=F,₹/kg,Precious Metal
2018-06-28,15.951000213623047,16.094999313354492,15.880000114440918,16.03499984741211,28819,69.23999786376953,35695.74,35829.31,35350.7,35508.75,0.0010010362741041945,478.6100000000006,Silver,SI=F,₹/kg,Precious Metal
2018-06-29,16.104000091552734,16.114999771118164,15.90999984741211,15.96500015258789,2765,68.79669952392578,35312.38,35644.16,35190.72,35619.83,0.003128243038687639,453.4400000000023,Silver,SI=F,₹/kg,Precious Metal
2018-07-02,15.744000434875488,16.05500030517578,15.729999542236328,16.05500030517578,1009,68.43499755859375,35324.74,35324.74,34609.67,34640.47,-0.02749479713968317,715.0699999999997,Silver,SI=F,₹/kg,Precious Metal
2018-07-03,15.95199966430664,15.979999542236328,15.739999771118164,15.789999961853027,332,68.6948013305664,34873.57,35293.2,34763.14,35231.36,0.017057793961802403,530.0599999999977,Silver,SI=F,₹/kg,Precious Metal
2018-07-05,16.007999420166016,16.049999237060547,15.895000457763672,16.014999389648438,207,68.9800033569336,35517.35,35594.97,35251.22,35501.83,0.0076769673381895664,343.75,Silver,SI=F,₹/kg,Precious Metal
2018-07-06,15.980999946594238,16.0,15.930000305175781,15.944999694824219,163,69.06999969482422,35408.25,35530.38,35374.94,35488.19,-0.00038420554658724626,155.43999999999505,Silver,SI=F,₹/kg,Precious Metal
2018-07-09,16.05299949645996,16.170000076293945,16.05299949645996,16.170000076293945,39,68.75499725341797,35744.13,35744.13,35485.5,35485.5,-7.579986468742028e-05,258.6299999999974,Silver,SI=F,₹/kg,Precious Metal
2018-07-10,16.003000259399414,16.003000259399414,16.003000259399414,16.003000259399414,43,68.65979766845703,35325.99,35325.99,35325.99,35325.99,-0.004495075453354258,0.0,Silver,SI=F,₹/kg,Precious Metal
2018-07-11,15.732000350952148,15.734999656677246,15.732000350952148,15.732000350952148,53,68.9000015258789,34849.26,34855.91,34849.26,34849.26,-0.013495163192878579,6.650000000001455,Silver,SI=F,₹/kg,Precious Metal
2018-07-12,15.89799976348877,15.9350004196167,15.869999885559082,15.869999885559082,39,68.72000122070312,35063.12,35206.73,35063.12,35124.98,0.007911789231679567,143.61000000000058,Silver,SI=F,₹/kg,Precious Metal
2018-07-13,15.73900032043457,15.904999732971191,15.710000038146973,15.904999732971191,63,68.54000091552734,35048.4,35048.4,34618.7,34682.6,-0.01259445556979688,429.70000000000437,Silver,SI=F,₹/kg,Precious Metal
2018-07-16,15.734999656677246,15.734999656677246,15.725000381469727,15.725000381469727,7,68.48670196533203,34624.81,34646.82,34624.81,34646.82,-0.0010316412264362862,22.010000000002037,Silver,SI=F,₹/kg,Precious Metal
2018-07-17,15.545999526977539,15.710000038146973,15.505000114440918,15.710000038146973,365,68.72000122070312,34709.61,34709.61,34256.69,34347.27,-0.008645815113768052,452.91999999999825,Silver,SI=F,₹/kg,Precious Metal
2018-07-18,15.503000259399414,15.503000259399414,15.354999542236328,15.420000076293945,29,68.35600280761719,33888.43,34070.84,33745.58,34070.84,-0.008048092322912481,325.25999999999476,Silver,SI=F,₹/kg,Precious Metal
2018-07-19,15.34000015258789,15.34000015258789,15.135000228881836,15.210000038146973,46,68.6155014038086,33553.81,33840.6,33388.36,33840.6,-0.006757684870698721,452.23999999999796,Silver,SI=F,₹/kg,Precious Metal
2018-07-20,15.489999771118164,15.489999771118164,15.399999618530273,15.399999618530273,279,68.93509674072266,34131.2,34330.67,34131.2,34330.67,0.014481717227236013,199.47000000000116,Silver,SI=F,₹/kg,Precious Metal
2018-07-23,15.368000030517578,15.505000114440918,15.354999542236328,15.505000114440918,15,68.7332992553711,34263.32,34263.32,33931.84,33960.57,-0.01078044792018329,331.4800000000032,Silver,SI=F,₹/kg,Precious Metal
2018-07-24,15.463000297546387,15.494999885559082,15.345000267028809,15.345000267028809,65,69.19999694824219,34139.99,34473.71,34139.99,34402.52,0.01301362138503559,333.72000000000116,Silver,SI=F,₹/kg,Precious Metal
2018-07-25,15.532999992370605,15.532999992370605,15.4350004196167,15.4350004196167,48,68.80999755859375,34146.69,34363.49,34146.69,34363.49,-0.0011345099138085901,216.79999999999563,Silver,SI=F,₹/kg,Precious Metal
2018-07-26,15.437999725341797,15.569999694824219,15.375,15.569999694824219,104,68.83999633789062,34460.37,34460.37,34028.78,34168.22,-0.005682484520635023,431.5900000000038,Silver,SI=F,₹/kg,Precious Metal
2018-07-27,15.435999870300293,15.494999885559082,15.354999542236328,15.354999542236328,227,68.73999786376953,33935.15,34244.55,33935.15,34114.16,-0.0015821719714985694,309.40000000000146,Silver,SI=F,₹/kg,Precious Metal
2018-07-30,15.475000381469727,15.475000381469727,15.40999984741211,15.4399995803833,322,68.61499786376953,34060.95,34138.16,33994.77,34138.16,0.0007035201804763691,143.3900000000067,Silver,SI=F,₹/kg,Precious Metal
2018-07-31,15.5,15.555000305175781,15.5,15.555000305175781,352,68.68499755859375,34349.65,34349.65,34228.2,34228.2,0.002637517663517608,121.45000000000437,Silver,SI=F,₹/kg,Precious Metal
2018-08-01,15.394000053405762,15.420000076293945,15.394000053405762,15.420000076293945,19,68.4968032836914,33958.24,33958.24,33900.98,33900.98,-0.009559953488643691,57.25999999999476,Silver,SI=F,₹/kg,Precious Metal
2018-08-02,15.329000473022461,15.375,15.260000228881836,15.375,183,68.30709838867188,33765.36,33765.36,33512.81,33664.34,-0.006980329182224465,252.5500000000029,Silver,SI=F,₹/kg,Precious Metal
2018-08-03,15.406000137329102,15.454999923706055,15.406000137329102,15.454999923706055,7,68.6155014038086,34094.29,34094.29,33986.2,33986.2,0.009560858760338187,108.09000000000378,Silver,SI=F,₹/kg,Precious Metal
2018-08-06,15.291999816894531,15.291999816894531,15.291999816894531,15.291999816894531,1,68.50499725341797,33680.38,33680.38,33680.38,33680.38,-0.008998358157134345,0.0,Silver,SI=F,₹/kg,Precious Metal
2018-08-07,15.317000389099121,15.317000389099121,15.317000389099121,15.317000389099121,0,68.80999755859375,33885.64,33885.64,33885.64,33885.64,0.006094349291783541,0.0,Silver,SI=F,₹/kg,Precious Metal
2018-08-08,15.37600040435791,15.390000343322754,15.37600040435791,15.37600040435791,4,68.59600067138672,33910.38,33941.25,33910.38,33910.38,0.0007301027810009408,30.87000000000262,Silver,SI=F,₹/kg,Precious Metal
2018-08-09,15.418999671936035,15.418999671936035,15.418999671936035,15.418999671936035,141,68.45500183105469,33935.31,33935.31,33935.31,33935.31,0.0007351731239815251,0.0,Silver,SI=F,₹/kg,Precious Metal
2018-08-10,15.265999794006348,15.425000190734863,15.265999794006348,15.425000190734863,20,69.0999984741211,34268.39,34268.39,33915.15,33915.15,-0.0005940714848338136,353.23999999999796,Silver,SI=F,₹/kg,Precious Metal
2018-08-13,14.95300006866455,15.239999771118164,14.95300006866455,15.239999771118164,5,69.08499908447266,33850.04,33850.04,33212.57,33212.57,-0.020715815793237002,637.4700000000012,Silver,SI=F,₹/kg,Precious Metal
2018-08-14,15.024999618530273,15.024999618530273,15.024999618530273,15.024999618530273,2,69.9490966796875,33789.91,33789.91,33789.91,33789.91,0.017383177513814907,0.0,Silver,SI=F,₹/kg,Precious Metal
2018-08-15,14.420999526977539,15.039999961853027,14.395000457763672,15.039999961853027,186,69.94999694824219,33824.08,33824.08,32373.51,32431.98,-0.0401874405702769,1450.5700000000033,Silver,SI=F,₹/kg,Precious Metal
2018-08-16,14.696999549865723,14.710000038146973,14.635000228881836,14.65999984741211,138,70.66000366210938,33304.13,33417.72,33247.33,33388.18,0.02948324462459584,170.38999999999942,Silver,SI=F,₹/kg,Precious Metal
2018-08-17,14.616000175476074,14.75,14.595000267028809,14.625,19,70.00499725341797,32916.63,33197.97,32849.11,32896.37,-0.014730063154086204,348.8600000000006,Silver,SI=F,₹/kg,Precious Metal
2018-08-20,14.654999732971191,14.699999809265137,14.630000114440918,14.699999809265137,16,69.78500366210938,32981.46,32981.46,32824.41,32880.5,-0.0004824240486108744,157.04999999999563,Silver,SI=F,₹/kg,Precious Metal
2018-08-21,14.75100040435791,14.75100040435791,14.75100040435791,14.75100040435791,0,69.73999786376953,33074.54,33074.54,33074.54,33074.54,0.005901370112984861,0.0,Silver,SI=F,₹/kg,Precious Metal
2018-08-22,14.734999656677246,14.734999656677246,14.699999809265137,14.699999809265137,1,69.80999755859375,32993.27,33071.83,32993.27,33071.83,-8.19361357708992e-05,78.56000000000495,Silver,SI=F,₹/kg,Precious Metal
2018-08-23,14.527000427246094,14.625,14.484999656677246,14.625,3,69.79000091552734,32815.54,32815.54,32501.4,32595.65,-0.014398356546946434,314.1399999999994,Silver,SI=F,₹/kg,Precious Metal
2018-08-24,14.779000282287598,14.819999694824219,14.470000267028809,14.470000267028809,41,70.2750015258789,32693.38,33484.17,32693.38,33391.53,0.02441675499644891,790.7899999999972,Silver,SI=F,₹/kg,Precious Metal
2018-08-27,14.843999862670898,14.843999862670898,14.843999862670898,14.843999862670898,0,69.76499938964844,33295.0,33295.0,33295.0,33295.0,-0.0028908528599916883,0.0,Silver,SI=F,₹/kg,Precious Metal
2018-08-28,14.767000198364258,14.819999694824219,14.767000198364258,14.819999694824219,1,69.94499969482422,33326.93,33326.93,33207.75,33207.75,-0.002620513590629203,119.18000000000029,Silver,SI=F,₹/kg,Precious Metal
2018-08-29,14.687999725341797,14.687999725341797,14.687999725341797,14.687999725341797,68753,70.54000091552734,33311.07,33311.07,33311.07,33311.07,0.003111321905278075,0.0,Silver,SI=F,₹/kg,Precious Metal
2018-08-30,14.47700023651123,14.710000038146973,14.430000305175781,14.6850004196167,15963,70.91000366210938,33478.96,33535.95,32897.6,33004.76,-0.00919544163546826,638.3499999999985,Silver,SI=F,₹/kg,Precious Metal
2018-08-31,14.437999725341797,14.649999618530273,14.425000190734863,14.484999656677246,608,71.40499877929688,33253.51,33632.31,33115.77,33145.61,0.004267566254079647,516.5400000000009,Silver,SI=F,₹/kg,Precious Metal
2018-09-04,14.060999870300293,14.399999618530273,13.960000038146973,14.399999618530273,750,71.06999969482422,32903.28,32903.28,31897.91,32128.69,-0.030680382711315346,1005.369999999999,Silver,SI=F,₹/kg,Precious Metal
2018-09-05,14.118000030517578,14.164999961853027,14.050000190734863,14.085000038146973,240,71.75,32491.46,32676.0,32410.72,32567.58,0.013660376442363509,265.27999999999884,Silver,SI=F,₹/kg,Precious Metal
2018-09-06,14.074999809265137,14.225000381469727,14.050000190734863,14.130000114440918,191,71.88999938964844,32658.86,32878.44,32473.96,32531.74,-0.0011004809077002076,404.4800000000032,Silver,SI=F,₹/kg,Precious Metal
2018-09-07,14.067000389099121,14.140000343322754,14.039999961853027,14.095000267028809,132,71.93890380859375,32600.13,32704.21,32472.92,32535.37,0.0001115833336917671,231.29000000000087,Silver,SI=F,₹/kg,Precious Metal
2018-09-10,14.079000473022461,14.145000457763672,14.039999961853027,14.039999961853027,65,72.09500122070312,32543.38,32786.76,32543.38,32633.78,0.0030247081868133296,243.38000000000102,Silver,SI=F,₹/kg,Precious Metal
2018-09-11,14.052000045776367,14.109999656677246,13.90999984741211,14.109999656677246,99,72.44499969482422,32864.41,32864.41,32398.58,32729.32,0.0029276412355541126,465.83000000000175,Silver,SI=F,₹/kg,Precious Metal
2018-09-12,14.192000389099121,14.192000389099121,14.005000114440918,14.0649995803833,64,72.98999786376953,33006.05,33304.08,32865.25,33304.08,0.017561012572213652,438.83000000000175,Silver,SI=F,₹/kg,Precious Metal
2018-09-13,14.142999649047852,14.255000114440918,14.135000228881836,14.135000228881836,80,71.92520141601562,32686.42,32963.91,32686.42,32704.92,-0.017990588540503283,277.49000000000524,Silver,SI=F,₹/kg,Precious Metal
2018-09-14,14.041999816894531,14.175000190734863,14.029999732971191,14.109999656677246,55,72.02749633789062,32675.01,32825.54,32489.75,32517.54,-0.005729413189208166,335.7900000000009,Silver,SI=F,₹/kg,Precious Metal
2018-09-17,14.121999740600586,14.130000114440918,13.979999542236328,13.979999542236328,32,72.09500122070312,32404.31,32751.99,32404.31,32733.45,0.006639801165770898,347.6800000000003,Silver,SI=F,₹/kg,Precious Metal
2018-09-18,14.083999633789062,14.114999771118164,14.0600004196167,14.114999771118164,925,72.53479766845703,32916.81,32916.81,32788.55,32844.51,0.003392859597751041,128.25999999999476,Silver,SI=F,₹/kg,Precious Metal
2018-09-19,14.189000129699707,14.21500015258789,14.189000129699707,14.210000038146973,462,73.12000274658203,33405.71,33417.46,33356.34,33356.34,0.015583426271239764,61.12000000000262,Silver,SI=F,₹/kg,Precious Metal
2018-09-20,14.21500015258789,14.244999885559082,14.1899995803833,14.1899995803833,507,72.34500122070312,33005.12,33133.05,33005.12,33063.27,-0.008786035878036946,127.93000000000029,Silver,SI=F,₹/kg,Precious Metal
2018-09-21,14.269000053405762,14.269000053405762,14.260000228881836,14.265000343322754,9,71.72000122070312,32892.93,32902.15,32881.4,32902.15,-0.004873081216709485,20.75,Silver,SI=F,₹/kg,Precious Metal
2018-09-24,14.25100040435791,14.319999694824219,14.204999923706055,14.25,27,72.2300033569336,33091.99,33254.55,32987.49,33094.32,0.0058406517507214595,267.06000000000495,Silver,SI=F,₹/kg,Precious Metal
2018-09-25,14.39799976348877,14.4399995803833,14.39799976348877,14.420000076293945,17,73.30000305175781,33982.84,34029.97,33930.99,33930.99,0.02528137758987037,98.9800000000032,Silver,SI=F,₹/kg,Precious Metal
2018-09-26,14.305000305175781,14.329999923706055,14.305000305175781,14.329999923706055,393,73.08999633789062,33673.99,33673.99,33615.24,33615.24,-0.009305652443385881,58.75,Silver,SI=F,₹/kg,Precious Metal
2018-09-27,14.201000213623047,14.385000228881836,14.119999885559082,14.319999694824219,138,72.7699966430664,33503.16,33655.24,33035.24,33224.75,-0.01161645729734484,620.0,Silver,SI=F,₹/kg,Precious Metal
2018-09-28,14.623000144958496,14.623000144958496,14.180000305175781,14.180000305175781,49,72.94999694824219,33257.68,34296.69,33257.68,34296.69,0.03226329769223257,1039.010000000002,Silver,SI=F,₹/kg,Precious Metal
2018-10-01,14.42199993133545,14.42199993133545,14.350000381469727,14.350000381469727,83,72.50499725341797,33451.09,33618.93,33451.09,33618.93,-0.019761673794176704,167.84000000000378,Silver,SI=F,₹/kg,Precious Metal
2018-10-02,14.609999656677246,14.739999771118164,14.420000076293945,14.420000076293945,63,73.75499725341797,34193.78,34952.59,34193.78,34644.32,0.030500375829926707,758.8099999999977,Silver,SI=F,₹/kg,Precious Metal
2018-10-03,14.59000015258789,14.734999656677246,14.59000015258789,14.734999656677246,24,73.27999877929688,34715.71,34715.71,34374.09,34374.09,-0.007800124233929395,341.6200000000026,Silver,SI=F,₹/kg,Precious Metal
2018-10-04,14.510000228881836,14.510000228881836,14.510000228881836,14.510000228881836,0,73.8499984741211,34451.52,34451.52,34451.52,34451.52,0.002252568722546533,0.0,Silver,SI=F,₹/kg,Precious Metal
2018-10-05,14.569000244140625,14.569000244140625,14.569000244140625,14.569000244140625,0,74.22000122070312,34764.91,34764.91,34764.91,34764.91,0.00909655074725313,0.0,Silver,SI=F,₹/kg,Precious Metal
2018-10-08,14.258999824523926,14.258999824523926,14.21500015258789,14.21500015258789,2,73.76300048828125,33711.33,33815.68,33711.33,33815.68,-0.027304255929326504,104.34999999999854,Silver,SI=F,₹/kg,Precious Metal
2018-10-09,14.329000473022461,14.329000473022461,14.329000473022461,14.329000473022461,0,73.88999938964844,34040.19,34040.19,34040.19,34040.19,0.006639227719211993,0.0,Silver,SI=F,₹/kg,Precious Metal
2018-10-10,14.255000114440918,14.260000228881836,14.255000114440918,14.255000114440918,1,74.55000305175781,34166.88,34178.86,34166.88,34166.88,0.0037217771111146547,11.980000000003201,Silver,SI=F,₹/kg,Precious Metal
2018-10-11,14.53499984741211,14.5649995803833,14.229999542236328,14.260000228881836,9,74.5999984741211,34201.79,34933.31,34129.83,34861.36,0.02032611698814768,803.4799999999959,Silver,SI=F,₹/kg,Precious Metal
2018-10-12,14.564000129699707,14.564000129699707,14.564000129699707,14.564000129699707,40,74.16000366210938,34724.89,34724.89,34724.89,34724.89,-0.003914649342423804,0.0,Silver,SI=F,₹/kg,Precious Metal
2018-10-15,14.656000137329102,14.664999961853027,14.656000137329102,14.656000137329102,1,73.6760025024414,34716.18,34737.5,34716.18,34716.18,-0.0002508287283271571,21.31999999999971,Silver,SI=F,₹/kg,Precious Metal
2018-10-16,14.630000114440918,14.630000114440918,14.630000114440918,14.630000114440918,74,74.08000183105469,34844.62,34844.62,34844.62,34844.62,0.0036997158097464844,0.0,Silver,SI=F,₹/kg,Precious Metal
2018-10-17,14.592000007629395,14.592000007629395,14.592000007629395,14.592000007629395,0,73.45549774169922,34461.13,34461.13,34461.13,34461.13,-0.011005716233955298,0.0,Silver,SI=F,₹/kg,Precious Metal
2018-10-18,14.532999992370605,14.532999992370605,14.532999992370605,14.532999992370605,0,73.91999816894531,34538.83,34538.83,34538.83,34538.83,0.0022547142244031537,0.0,Silver,SI=F,₹/kg,Precious Metal
2018-10-19,14.579000473022461,14.579000473022461,14.579000473022461,14.579000473022461,0,74.16000366210938,34760.65,34760.65,34760.65,34760.65,0.006422336830749664,0.0,Silver,SI=F,₹/kg,Precious Metal
2018-10-22,14.522000312805176,14.522000312805176,14.522000312805176,14.522000312805176,110,73.46499633789062,34300.25,34300.25,34300.25,34300.25,-0.013244861646718342,0.0,Silver,SI=F,₹/kg,Precious Metal
2018-10-23,14.727999687194824,14.727999687194824,14.727999687194824,14.727999687194824,2,73.8594970703125,34973.62,34973.62,34973.62,34973.62,0.019631635337934883,0.0,Silver,SI=F,₹/kg,Precious Metal
2018-10-24,14.611000061035156,14.664999961853027,14.611000061035156,14.664999961853027,33,73.22129821777344,34523.11,34523.11,34395.99,34395.99,-0.016516162753526964,127.12000000000262,Silver,SI=F,₹/kg,Precious Metal
2018-10-25,14.5649995803833,14.5649995803833,14.5649995803833,14.5649995803833,0,73.22049713134766,34287.32,34287.32,34287.32,34287.32,-0.0031593799160890557,0.0,Silver,SI=F,₹/kg,Precious Metal
2018-10-26,14.635000228881836,14.635000228881836,14.635000228881836,14.635000228881836,0,73.22019958496094,34451.97,34451.97,34451.97,34451.97,0.004802066769872937,0.0,Silver,SI=F,₹/kg,Precious Metal
2018-10-29,14.376999855041504,14.376999855041504,14.376999855041504,14.376999855041504,101,73.125,33800.61,33800.61,33800.61,33800.61,-0.018906320886730166,0.0,Silver,SI=F,₹/kg,Precious Metal
2018-10-30,14.402999877929688,14.460000038146973,14.34000015258789,14.460000038146973,428,73.5905990600586,34212.2,34212.2,33928.29,34077.34,0.008187130350606031,283.9099999999962,Silver,SI=F,₹/kg,Precious Metal
2018-10-31,14.229000091552734,14.420000076293945,14.229000091552734,14.420000076293945,14,73.6500015258789,34145.11,34145.11,33692.84,33692.84,-0.011283157664301213,452.2700000000041,Silver,SI=F,₹/kg,Precious Metal
2018-11-01,14.729000091552734,14.729000091552734,14.729000091552734,14.729000091552734,11,74.06999969482422,35075.68,35075.68,35075.68,35075.68,0.04104254791225692,0.0,Silver,SI=F,₹/kg,Precious Metal
2018-11-02,14.706999778747559,14.706999778747559,14.706999778747559,14.706999778747559,3,73.30999755859375,34663.92,34663.92,34663.92,34663.92,-0.011739187950169483,0.0,Silver,SI=F,₹/kg,Precious Metal
2018-11-05,14.604000091552734,14.604000091552734,14.604000091552734,14.604000091552734,29,72.90499877929688,34231.0,34231.0,34231.0,34231.0,-0.012489066441418006,0.0,Silver,SI=F,₹/kg,Precious Metal
2018-11-06,14.458000183105469,14.579999923706055,14.458000183105469,14.579999923706055,4,72.86000061035156,34153.65,34153.65,33867.87,33867.87,-0.01060822061873734,285.77999999999884,Silver,SI=F,₹/kg,Precious Metal
2018-11-07,14.527999877929688,14.645000457763672,14.527999877929688,14.539999961853027,6,73.2300033569336,34232.92,34480.13,34204.66,34204.66,0.009944233280687609,275.4699999999939,Silver,SI=F,₹/kg,Precious Metal
2018-11-08,14.38599967956543,14.38599967956543,14.38599967956543,14.38599967956543,29,72.37999725341797,33477.19,33477.19,33477.19,33477.19,-0.021268154690033514,0.0,Silver,SI=F,₹/kg,Precious Metal
2018-11-09,14.102999687194824,14.102999687194824,14.102999687194824,14.102999687194824,10,72.9000015258789,33054.41,33054.41,33054.41,33054.41,-0.01262889746720075,0.0,Silver,SI=F,₹/kg,Precious Metal
2018-11-12,13.973999977111816,14.100000381469727,13.973999977111816,14.100000381469727,2,72.47000122070312,32852.45,32852.45,32558.88,32558.88,-0.014991343061334428,293.56999999999607,Silver,SI=F,₹/kg,Precious Metal
2018-11-13,13.95199966430664,14.015000343322754,13.944999694824219,14.0,9,73.18000030517578,32939.04,32974.33,32809.63,32826.1,0.008207284771466261,164.70000000000437,Silver,SI=F,₹/kg,Precious Metal
2018-11-14,14.055000305175781,14.055000305175781,14.055000305175781,14.055000305175781,0,72.55000305175781,32783.76,32783.76,32783.76,32783.76,-0.0012898273020552908,0.0,Silver,SI=F,₹/kg,Precious Metal
2018-11-15,14.237000465393066,14.237000465393066,14.237000465393066,14.237000465393066,3,72.4000015258789,33139.62,33139.62,33139.62,33139.62,0.010854764676168971,0.0,Silver,SI=F,₹/kg,Precious Metal
2018-11-16,14.357999801635742,14.357999801635742,14.357999801635742,14.357999801635742,0,71.8917007446289,33186.63,33186.63,33186.63,33186.63,0.001418543725003385,0.0,Silver,SI=F,₹/kg,Precious Metal
2018-11-19,14.380999565124512,14.380999565124512,14.380999565124512,14.380999565124512,1,71.7750015258789,33185.83,33185.83,33185.83,33185.83,-2.410609332725855e-05,0.0,Silver,SI=F,₹/kg,Precious Metal
2018-11-20,14.246999740600586,14.380000114440918,14.246999740600586,14.380000114440918,76,71.69000244140625,33144.23,33144.23,32837.68,32837.68,-0.010490923385071294,306.5500000000029,Silver,SI=F,₹/kg,Precious Metal
2018-11-21,14.479999542236328,14.479999542236328,14.329999923706055,14.34000015258789,3,71.41500091552734,32925.25,33246.69,32902.29,33246.69,0.012455508428122819,344.40000000000146,Silver,SI=F,₹/kg,Precious Metal
2018-11-23,14.220999717712402,14.234999656677246,14.220999717712402,14.234999656677246,3,70.83499908447266,32418.71,32418.71,32386.83,32386.83,-0.025863025762865477,31.87999999999738,Silver,SI=F,₹/kg,Precious Metal
2018-11-26,14.182999610900879,14.182999610900879,14.182999610900879,14.182999610900879,0,70.66999816894531,32225.05,32225.05,32225.05,32225.05,-0.004995240349240815,0.0,Silver,SI=F,₹/kg,Precious Metal
2018-11-27,14.062000274658203,14.062000274658203,14.062000274658203,14.062000274658203,0,70.80999755859375,32013.42,32013.42,32013.42,32013.42,-0.00656725125329527,0.0,Silver,SI=F,₹/kg,Precious Metal
2018-11-28,14.303000450134277,14.303000450134277,14.303000450134277,14.303000450134277,84402,70.87999725341797,32594.27,32594.27,32594.27,32594.27,0.018143953379551547,0.0,Silver,SI=F,₹/kg,Precious Metal
2018-11-29,14.27299976348877,14.335000038146973,14.204999923706055,14.289999961853027,23378,70.5999984741211,32436.0,32538.15,32243.07,32397.42,-0.006039405085617844,295.08000000000175,Silver,SI=F,₹/kg,Precious Metal
2018-11-30,14.093999862670898,14.279999732971191,13.984999656677246,14.270000457763672,1093,69.91999816894531,32078.63,32101.11,31437.96,31682.99,-0.022052064639714986,663.1500000000015,Silver,SI=F,₹/kg,Precious Metal
2018-12-03,14.380999565124512,14.475000381469727,14.1850004196167,14.210000038146973,342,69.76000213623047,31870.66,32465.01,31814.59,32254.18,0.018028285840446134,650.4199999999983,Silver,SI=F,₹/kg,Precious Metal
2018-12-04,14.520999908447266,14.520999908447266,14.385000228881836,14.385000228881836,65,70.48500061035156,32598.45,32906.65,32598.45,32906.65,0.020229005976899694,308.2000000000007,Silver,SI=F,₹/kg,Precious Metal
2018-12-06,14.390000343322754,14.420000076293945,14.329999923706055,14.420000076293945,48,70.87000274658203,32856.26,32856.26,32651.19,32787.91,-0.0036083891857724426,205.07000000000335,Silver,SI=F,₹/kg,Precious Metal
2018-12-07,14.571999549865723,14.571999549865723,14.404999732971191,14.404999732971191,88,70.75,32766.51,33146.37,32766.51,33146.37,0.010932688298827209,379.8600000000042,Silver,SI=F,₹/kg,Precious Metal
2018-12-10,14.477999687194824,14.5649995803833,14.477999687194824,14.5649995803833,42,71.36499786376953,33418.44,33418.44,33218.82,33218.82,0.0021857597076240243,199.62000000000262,Silver,SI=F,₹/kg,Precious Metal
2018-12-11,14.49899959564209,14.6850004196167,14.49899959564209,14.5,221,72.7300033569336,33905.65,34338.24,33903.31,33903.31,0.020605488093797364,434.9300000000003,Silver,SI=F,₹/kg,Precious Metal
2018-12-12,14.725000381469727,14.729999542236328,14.619999885559082,14.619999885559082,162,72.62000274658203,34134.54,34391.37,34134.54,34379.69,0.014051135420110938,256.83000000000175,Silver,SI=F,₹/kg,Precious Metal
2018-12-13,14.729000091552734,14.729000091552734,14.725000381469727,14.729000091552734,47,72.1500015258789,34166.46,34166.46,34157.19,34166.46,-0.006202208338702442,9.269999999996799,Silver,SI=F,₹/kg,Precious Metal
2018-12-14,14.512999534606934,14.512999534606934,14.489999771118164,14.489999771118164,19,71.5469970703125,33331.14,33384.05,33331.14,33384.05,-0.02289994339477941,52.91000000000349,Silver,SI=F,₹/kg,Precious Metal
2018-12-17,14.638999938964844,14.638999938964844,14.5600004196167,14.5600004196167,81,71.91000366210938,33662.09,33844.74,33662.09,33844.74,0.01379970375074313,182.65000000000146,Silver,SI=F,₹/kg,Precious Metal
2018-12-18,14.585000038146973,14.604999542236328,14.585000038146973,14.604999542236328,28,71.58999633789062,33615.87,33615.87,33569.84,33569.84,-0.008122384748708411,46.03000000000611,Silver,SI=F,₹/kg,Precious Metal
2018-12-19,14.70199966430664,14.70199966430664,14.70199966430664,14.70199966430664,35,70.56999969482422,33357.0,33357.0,33357.0,33357.0,-0.006340214907190389,0.0,Silver,SI=F,₹/kg,Precious Metal
2018-12-20,14.753000259399414,14.753000259399414,14.529999732971191,14.529999732971191,116,70.68550109863281,33020.71,33527.5,33020.71,33527.5,0.005111370926642156,506.7900000000009,Silver,SI=F,₹/kg,Precious Metal
2018-12-21,14.583000183105469,14.583000183105469,14.583000183105469,14.583000183105469,35,70.30000305175781,32960.41,32960.41,32960.41,32960.41,-0.01691417493102665,0.0,Silver,SI=F,₹/kg,Precious Metal
2018-12-24,14.701000213623047,14.701000213623047,14.701000213623047,14.701000213623047,0,70.13999938964844,33151.49,33151.49,33151.49,33151.49,0.0057972579831377935,0.0,Silver,SI=F,₹/kg,Precious Metal
2018-12-26,15.003999710083008,15.050000190734863,14.979999542236328,14.979999542236328,85,70.23999786376953,33828.81,33986.89,33828.81,33883.01,0.022065976521719044,158.08000000000175,Silver,SI=F,₹/kg,Precious Metal
2018-12-27,15.190999984741211,15.190999984741211,15.190999984741211,15.190999984741211,757,70.1500015258789,34261.35,34261.35,34261.35,34261.35,0.011166068185795686,0.0,Silver,SI=F,₹/kg,Precious Metal
2018-12-28,15.326000213623047,15.326000213623047,15.1899995803833,15.1899995803833,233,69.98999786376953,34180.95,34486.99,34180.95,34486.99,0.006585846734002088,306.0400000000009,Silver,SI=F,₹/kg,Precious Metal
2018-12-31,15.432999610900879,15.444999694824219,15.40999984741211,15.40999984741211,17,69.92250061035156,34642.56,34721.24,34642.56,34694.27,0.006010382465967634,78.68000000000029,Silver,SI=F,₹/kg,Precious Metal
2019-01-02,15.541999816894531,15.569999694824219,15.420000076293945,15.520000457763672,91,69.70999908447266,34783.82,34895.88,34559.69,34833.12,0.004002101787989876,336.18999999999505,Silver,SI=F,₹/kg,Precious Metal
2019-01-03,15.706000328063965,15.706000328063965,15.706000328063965,15.706000328063965,7,69.95999908447266,35326.92,35326.92,35326.92,35326.92,0.014176163375545947,0.0,Silver,SI=F,₹/kg,Precious Metal
2019-01-04,15.694999694824219,15.694999694824219,15.619999885559082,15.6899995803833,12,70.30000305175781,35462.45,35473.75,35304.23,35473.75,0.004156320449107964,169.5199999999968,Silver,SI=F,₹/kg,Precious Metal
2019-01-07,15.668999671936035,15.75,15.668999671936035,15.75,34,69.5250015258789,35205.62,35205.62,35024.56,35024.56,-0.012662602628704445,181.06000000000495,Silver,SI=F,₹/kg,Precious Metal
2019-01-08,15.62600040435791,15.62600040435791,15.62600040435791,15.62600040435791,27,69.80999755859375,35071.62,35071.62,35071.62,35071.62,0.001343628585198653,0.0,Silver,SI=F,₹/kg,Precious Metal
2019-01-09,15.652999877929688,15.699999809265137,15.652999877929688,15.699999809265137,15,70.33000183105469,35500.19,35500.19,35393.92,35393.92,0.00918976654058179,106.27000000000407,Silver,SI=F,₹/kg,Precious Metal
2019-01-10,15.560999870300293,15.560999870300293,15.560999870300293,15.560999870300293,22,70.55049896240234,35296.21,35296.21,35296.21,35296.21,-0.0027606436359690623,0.0,Silver,SI=F,₹/kg,Precious Metal
2019-01-11,15.57699966430664,15.614999771118164,15.57699966430664,15.595000267028809,43,70.72000122070312,35458.31,35503.79,35417.39,35417.39,0.0034332298000268047,86.40000000000146,Silver,SI=F,₹/kg,Precious Metal
2019-01-14,15.609000205993652,15.614999771118164,15.59000015258789,15.59000015258789,38,70.37000274658203,35271.52,35328.08,35271.52,35314.5,-0.0029050700799804208,56.56000000000495,Silver,SI=F,₹/kg,Precious Metal
2019-01-15,15.545999526977539,15.625,15.545999526977539,15.609999656677246,64,71.08499908447266,35675.6,35709.88,35529.33,35529.33,0.0060833368729558135,180.54999999999563,Silver,SI=F,₹/kg,Precious Metal
2019-01-16,15.564000129699707,15.600000381469727,15.53499984741211,15.53499984741211,7,71.09249877929688,35507.94,35656.51,35507.94,35574.22,0.0012634631725394474,148.5699999999997,Silver,SI=F,₹/kg,Precious Metal
2019-01-17,15.467000007629395,15.510000228881836,15.467000007629395,15.467000007629395,27,71.36499786376953,35488.02,35586.68,35488.02,35488.02,-0.0024231030223573757,98.66000000000349,Silver,SI=F,₹/kg,Precious Metal
2019-01-18,15.329999923706055,15.329999923706055,15.289999961853027,15.329999923706055,14,71.03019714355469,35008.67,35008.67,34917.32,35008.67,-0.013507375164914737,91.34999999999854,Silver,SI=F,₹/kg,Precious Metal
2019-01-22,15.258999824523926,15.295000076293945,15.140000343322754,15.295000076293945,16,71.5,35159.76,35159.76,34803.46,35077.01,0.0019520878685195253,356.3000000000029,Silver,SI=F,₹/kg,Precious Metal
2019-01-23,15.317000389099121,15.319999694824219,15.279999732971191,15.3100004196167,10,71.2302017211914,35061.44,35084.34,34992.74,35077.48,1.3399089603183256e-05,91.59999999999854,Silver,SI=F,₹/kg,Precious Metal
2019-01-24,15.23799991607666,15.270000457763672,15.23799991607666,15.23799991607666,7,71.15730285644531,34860.84,34934.05,34860.84,34860.84,-0.0061760422926619984,73.2100000000064,Silver,SI=F,₹/kg,Precious Metal
2019-01-25,15.638999938964844,15.638999938964844,15.25,15.25,7,70.98999786376953,34806.27,35694.11,34806.27,35694.11,0.023902751626180052,887.8400000000038,Silver,SI=F,₹/kg,Precious Metal
2019-01-28,15.708999633789062,15.708999633789062,15.595000267028809,15.595000267028809,7,70.9749984741211,35586.17,35846.3,35586.17,35846.3,0.004263728665597766,260.13000000000466,Silver,SI=F,₹/kg,Precious Metal
2019-01-29,15.78600025177002,15.78600025177002,15.78600025177002,15.78600025177002,120,71.09010314941406,36080.43,36080.43,36080.43,36080.43,0.006531496974583106,0.0,Silver,SI=F,₹/kg,Precious Metal
2019-01-30,15.880000114440918,15.885000228881836,15.805000305175781,15.805000305175781,65,71.62000274658203,36393.12,36577.33,36393.12,36565.82,0.013452999312923986,184.20999999999913,Silver,SI=F,₹/kg,Precious Metal
2019-01-31,16.02199935913086,16.139999389648438,16.0,16.059999465942383,64,71.12000274658203,36722.12,36905.04,36584.93,36635.23,0.0018982207974551635,320.1100000000006,Silver,SI=F,₹/kg,Precious Metal
2019-02-01,15.880000114440918,16.010000228881836,15.859999656677246,16.010000228881836,79,71.19999694824219,36648.97,36648.97,36305.6,36351.38,-0.007748006495387205,343.3700000000026,Silver,SI=F,₹/kg,Precious Metal
2019-02-04,15.836999893188477,15.836999893188477,15.836999893188477,15.836999893188477,26,71.45169830322266,36381.11,36381.11,36381.11,36381.11,0.0008178506565639232,0.0,Silver,SI=F,₹/kg,Precious Metal
2019-02-05,15.789999961853027,15.789999961853027,15.789999961853027,15.789999961853027,10,71.68499755859375,36391.57,36391.57,36391.57,36391.57,0.0002875118433713908,0.0,Silver,SI=F,₹/kg,Precious Metal
2019-02-06,15.656000137329102,15.710000038146973,15.656000137329102,15.710000038146973,13,71.7699966430664,36250.13,36250.13,36125.53,36125.53,-0.00731048426874692,124.59999999999854,Silver,SI=F,₹/kg,Precious Metal
2019-02-07,15.675000190734863,15.6899995803833,15.65999984741211,15.65999984741211,6,71.54049682617188,36019.21,36088.21,36019.21,36053.71,-0.0019880677183143902,69.0,Silver,SI=F,₹/kg,Precious Metal
2019-02-08,15.77299976348877,15.819999694824219,15.77299976348877,15.819999694824219,2,71.58000183105469,36407.31,36407.31,36299.15,36299.15,0.0068076211851706425,108.15999999999622,Silver,SI=F,₹/kg,Precious Metal
2019-02-11,15.656999588012695,15.656999588012695,15.649999618530273,15.656999588012695,2,71.1500015258789,35815.74,35815.74,35799.72,35815.74,-0.013317391729558481,16.0199999999968,Silver,SI=F,₹/kg,Precious Metal
2019-02-12,15.65999984741211,15.65999984741211,15.65999984741211,15.65999984741211,0,71.2300033569336,35862.88,35862.88,35862.88,35862.88,0.0013161810980311106,0.0,Silver,SI=F,₹/kg,Precious Metal
2019-02-13,15.62399959564209,15.755000114440918,15.604999542236328,15.710000038146973,30,70.80999755859375,35765.24,35867.69,35526.2,35569.46,-0.00818171881343599,341.49000000000524,Silver,SI=F,₹/kg,Precious Metal
2019-02-14,15.5,15.5,15.5,15.5,0,70.86509704589844,35314.62,35314.62,35314.62,35314.62,-0.007164573204091251,0.0,Silver,SI=F,₹/kg,Precious Metal
2019-02-15,15.722999572753906,15.722999572753906,15.722999572753906,15.722999572753906,2,71.01000213623047,35895.94,35895.94,35895.94,35895.94,0.01646117103907674,0.0,Silver,SI=F,₹/kg,Precious Metal
2019-02-19,15.946999549865723,15.946999549865723,15.946999549865723,15.946999549865723,0,71.69999694824219,36761.1,36761.1,36761.1,36761.1,0.024101890074476273,0.0,Silver,SI=F,₹/kg,Precious Metal
2019-02-20,16.156999588012695,16.156999588012695,16.059999465942383,16.156999588012695,2,71.5999984741211,37193.25,37193.25,36969.96,37193.25,0.011755632992483944,223.29000000000087,Silver,SI=F,₹/kg,Precious Metal
2019-02-21,15.791000366210938,15.970000267028809,15.791000366210938,15.970000267028809,12,71.30000305175781,36608.75,36608.75,36198.42,36198.42,-0.026747595329797758,410.33000000000175,Silver,SI=F,₹/kg,Precious Metal
2019-02-22,15.907999992370605,15.907999992370605,15.907999992370605,15.907999992370605,12,71.18499755859375,36407.8,36407.8,36407.8,36407.8,0.005784230361435716,0.0,Silver,SI=F,₹/kg,Precious Metal
2019-02-25,15.824999809265137,15.944999694824219,15.824999809265137,15.944999694824219,1,71.03099822998047,36413.54,36413.54,36139.49,36139.49,-0.007369574651585831,274.0500000000029,Silver,SI=F,₹/kg,Precious Metal
2019-02-26,15.82699966430664,15.82699966430664,15.82699966430664,15.82699966430664,60807,71.08999633789062,36174.08,36174.08,36174.08,36174.08,0.0009571247408306505,0.0,Silver,SI=F,₹/kg,Precious Metal
2019-02-27,15.67199993133545,15.920000076293945,15.645000457763672,15.890000343322754,17247,70.94000244140625,36241.45,36309.87,35682.66,35744.24,-0.011882541311347916,627.2099999999991,Silver,SI=F,₹/kg,Precious Metal
2019-02-28,15.538000106811523,15.765000343322754,15.520000457763672,15.675000190734863,1031,71.19000244140625,35877.07,36083.07,35522.31,35563.51,-0.0050561992645526965,560.760000000002,Silver,SI=F,₹/kg,Precious Metal
2019-03-01,15.168999671936035,15.574999809265137,15.079999923706055,15.555000305175781,585,70.81600189208984,35415.38,35460.91,34333.9,34536.54,-0.0288770709077929,1127.010000000002,Silver,SI=F,₹/kg,Precious Metal
2019-03-04,15.017000198364258,15.204999923706055,15.005000114440918,15.170000076293945,317,70.98999786376953,34623.68,34703.56,34247.08,34274.47,-0.007588194995792885,456.4799999999959,Silver,SI=F,₹/kg,Precious Metal
2019-03-05,15.020000457763672,15.074999809265137,15.005000114440918,15.024999618530273,222,70.9000015258789,34249.26,34363.23,34203.67,34237.86,-0.0010681419727278652,159.56000000000495,Silver,SI=F,₹/kg,Precious Metal
2019-03-06,15.003000259399414,15.024999618530273,14.975000381469727,15.024999618530273,25,70.74250030517578,34173.17,34173.17,34059.45,34123.14,-0.0033506767070138332,113.72000000000116,Silver,SI=F,₹/kg,Precious Metal
2019-03-07,14.960000038146973,15.024999618530273,14.920000076293945,15.024999618530273,8,70.36499786376953,33990.82,33990.82,33753.28,33843.77,-0.008187112909304406,237.54000000000087,Silver,SI=F,₹/kg,Precious Metal
2019-03-08,15.272000312805176,15.272000312805176,15.045000076293945,15.045000076293945,11,70.48750305175781,34095.32,34609.75,34095.32,34609.75,0.02263282134348521,514.4300000000003,Silver,SI=F,₹/kg,Precious Metal
2019-03-11,15.196999549865723,15.21500015258789,15.196999549865723,15.21500015258789,16,69.98690032958984,34235.7,34235.7,34195.19,34195.19,-0.01197812755076233,40.50999999999476,Silver,SI=F,₹/kg,Precious Metal
2019-03-12,15.338000297546387,15.399999618530273,15.338000297546387,15.338000297546387,23,69.79010009765625,34415.41,34554.53,34415.41,34415.41,0.006440087041481579,139.11999999999534,Silver,SI=F,₹/kg,Precious Metal
2019-03-13,15.380999565124512,15.420000076293945,15.369999885559082,15.375,110,69.84500122070312,34525.57,34626.62,34514.34,34539.04,0.003592286129963318,112.28000000000611,Silver,SI=F,₹/kg,Precious Metal
2019-03-14,15.10099983215332,15.1850004196167,15.09000015258789,15.1850004196167,20,69.72630310058594,34040.97,34040.97,33828.0,33852.66,-0.019872584762054668,212.97000000000116,Silver,SI=F,₹/kg,Precious Metal
2019-03-15,15.253000259399414,15.255000114440918,15.220000267028809,15.244999885559082,5,69.3373031616211,33984.81,34007.1,33929.08,34002.64,0.004430375633701855,78.0199999999968,Silver,SI=F,₹/kg,Precious Metal
2019-03-18,15.25100040435791,15.25100040435791,15.25100040435791,15.25100040435791,0,68.9530029296875,33809.75,33809.75,33809.75,33809.75,-0.005672794818284643,0.0,Silver,SI=F,₹/kg,Precious Metal
2019-03-19,15.300999641418457,15.3149995803833,15.300000190734863,15.3149995803833,21,68.61799621582031,33786.67,33786.67,33753.58,33755.79,-0.001595989322606628,33.08999999999651,Silver,SI=F,₹/kg,Precious Metal
2019-03-20,15.244999885559082,15.289999961853027,15.220000267028809,15.28499984741211,94,69.31749725341797,34064.24,34075.39,33919.38,33975.1,0.006496959484580289,156.01000000000204,Silver,SI=F,₹/kg,Precious Metal
2019-03-21,15.371999740600586,15.520000457763672,15.371999740600586,15.520000457763672,3,68.82499694824219,34342.22,34342.22,34014.73,34014.73,0.001166442482877228,327.48999999999796,Silver,SI=F,₹/kg,Precious Metal
2019-03-22,15.345000267028809,15.345000267028809,15.345000267028809,15.345000267028809,0,68.93000030517578,34006.79,34006.79,34006.79,34006.79,-0.0002334282823941436,0.0,Silver,SI=F,₹/kg,Precious Metal
2019-03-25,15.506999969482422,15.515000343322754,15.5,15.515000343322754,6,69.1604995727539,34498.51,34498.51,34465.16,34480.72,0.013936334479084822,33.349999999998545,Silver,SI=F,₹/kg,Precious Metal
2019-03-26,15.371000289916992,15.420000076293945,15.371000289916992,15.399999618530273,45,68.92340087890625,34125.41,34169.73,34061.15,34061.15,-0.012168249386903751,108.58000000000175,Silver,SI=F,₹/kg,Precious Metal
2019-03-27,15.23900032043457,15.23900032043457,15.23900032043457,15.23900032043457,375,69.42749786376953,34015.62,34015.62,34015.62,34015.62,-0.001336713528462763,0.0,Silver,SI=F,₹/kg,Precious Metal
2019-03-28,14.920999526977539,15.234999656677246,14.90999984741211,15.229999542236328,343,69.37000274658203,33967.38,33978.53,33253.69,33278.22,-0.0216782760390668,724.8399999999965,Silver,SI=F,₹/kg,Precious Metal
2019-03-29,15.0600004196167,15.0649995803833,14.930000305175781,14.930000305175781,23,69.5,33360.69,33662.34,33360.69,33651.17,0.011207029702910765,301.6499999999942,Silver,SI=F,₹/kg,Precious Metal
2019-04-01,15.050999641418457,15.135000228881836,15.0,15.03499984741211,55,69.43000030517578,33561.47,33784.7,33483.35,33597.19,-0.0016041047012628207,301.34999999999854,Silver,SI=F,₹/kg,Precious Metal
2019-04-02,15.017999649047852,15.024999618530273,14.9399995803833,14.9399995803833,36,69.19529724121094,33236.68,33425.77,33236.68,33410.2,-0.005565644031539696,189.0899999999965,Silver,SI=F,₹/kg,Precious Metal
2019-04-03,15.059000015258789,15.059000015258789,15.020000457763672,15.020000457763672,2,68.91020202636719,33276.98,33363.38,33276.98,33363.38,-0.0014013684443673347,86.39999999999418,Silver,SI=F,₹/kg,Precious Metal
2019-04-04,15.041000366210938,15.041000366210938,15.041000366210938,15.041000366210938,0,68.8499984741211,33294.39,33294.39,33294.39,33294.39,-0.002067836052582095,0.0,Silver,SI=F,₹/kg,Precious Metal
2019-04-05,15.043000221252441,15.043000221252441,15.043000221252441,15.043000221252441,0,68.97039794921875,33357.05,33357.05,33357.05,33357.05,0.0018819987391269777,0.0,Silver,SI=F,₹/kg,Precious Metal
2019-04-08,15.17300033569336,15.17300033569336,15.17300033569336,15.17300033569336,0,69.16000366210938,33737.81,33737.81,33737.81,33737.81,0.011414678456278304,0.0,Silver,SI=F,₹/kg,Precious Metal
2019-04-09,15.168000221252441,15.260000228881836,15.168000221252441,15.260000228881836,1,69.55249786376953,34123.82,34123.82,33918.1,33918.1,0.005343856047562046,205.72000000000116,Silver,SI=F,₹/kg,Precious Metal
2019-04-10,15.201000213623047,15.204999923706055,15.095000267028809,15.170000076293945,18,69.26180267333984,33780.79,33858.73,33613.78,33849.82,-0.0020130844593299058,244.95000000000437,Silver,SI=F,₹/kg,Precious Metal
2019-04-11,14.824000358581543,15.140000343322754,14.824000358581543,15.140000343322754,1,69.14019775390625,33654.79,33654.79,32952.36,32952.36,-0.026512991797297603,702.4300000000003,Silver,SI=F,₹/kg,Precious Metal
2019-04-12,14.920000076293945,14.920000076293945,14.920000076293945,14.920000076293945,3,69.43000030517578,33304.77,33304.77,33304.77,33304.77,0.010694529921377205,0.0,Silver,SI=F,₹/kg,Precious Metal
2019-04-15,14.947999954223633,14.947999954223633,14.947999954223633,14.947999954223633,0,69.16100311279297,33237.99,33237.99,33237.99,33237.99,-0.0020051181857733136,0.0,Silver,SI=F,₹/kg,Precious Metal
2019-04-16,14.890999794006348,14.890999794006348,14.890999794006348,14.890999794006348,0,69.80999755859375,33421.96,33421.96,33421.96,33421.96,0.005534931564754597,0.0,Silver,SI=F,₹/kg,Precious Metal
2019-04-17,14.920999526977539,14.920999526977539,14.920999526977539,14.920999526977539,0,69.88500213623047,33525.27,33525.27,33525.27,33525.27,0.003091081432686771,0.0,Silver,SI=F,₹/kg,Precious Metal
2019-04-18,14.937000274658203,14.937000274658203,14.890000343322754,14.890000343322754,1,69.4010009765625,33223.92,33328.79,33223.92,33328.79,-0.0058606537695296,104.87000000000262,Silver,SI=F,₹/kg,Precious Metal
2019-04-22,14.956999778747559,14.956999778747559,14.956999778747559,14.956999778747559,0,69.36000061035156,33353.7,33353.7,33353.7,33353.7,0.0007474018708748531,0.0,Silver,SI=F,₹/kg,Precious Metal
2019-04-23,14.77299976348877,14.77299976348877,14.77299976348877,14.77299976348877,0,70.0625,33277.04,33277.04,33277.04,33277.04,-0.0022983956802392624,0.0,Silver,SI=F,₹/kg,Precious Metal
2019-04-24,14.89799976348877,14.89799976348877,14.89799976348877,14.89799976348877,0,69.75800323486328,33412.77,33412.77,33412.77,33412.77,0.004078788257609434,0.0,Silver,SI=F,₹/kg,Precious Metal
2019-04-25,14.861000061035156,14.885000228881836,14.861000061035156,14.885000228881836,1,70.0958023071289,33545.27,33545.27,33491.18,33491.18,0.0023467075612109145,54.08999999999651,Silver,SI=F,₹/kg,Precious Metal
2019-04-26,15.001999855041504,15.001999855041504,15.001999855041504,15.001999855041504,78208,70.16000366210938,33839.91,33839.91,33839.91,33839.91,0.010412592210844895,0.0,Silver,SI=F,₹/kg,Precious Metal
2019-04-29,14.843999862670898,15.03499984741211,14.819999694824219,15.029999732971191,18270,69.84200286865234,33749.4,33760.63,33277.85,33331.75,-0.015016588401092212,482.77999999999884,Silver,SI=F,₹/kg,Precious Metal
2019-04-30,14.899999618530273,14.960000038146973,14.770000457763672,14.869999885559082,690,69.81179809570312,33375.69,33577.69,33151.24,33443.02,0.003338258567281871,426.45000000000437,Silver,SI=F,₹/kg,Precious Metal
2019-05-01,14.645000457763672,14.890000343322754,14.569999694824219,14.885000228881836,565,69.55599975585938,33286.94,33298.12,32582.51,32750.23,-0.020715533465578084,715.6100000000042,Silver,SI=F,₹/kg,Precious Metal
2019-05-02,14.539999961853027,14.625,14.524999618530273,14.600000381469727,796,69.63289642333984,32685.7,32741.67,32517.79,32551.37,-0.006072018425519521,223.87999999999738,Silver,SI=F,₹/kg,Precious Metal
2019-05-03,14.906999588012695,14.906999588012695,14.5600004196167,14.5600004196167,242,69.42440032958984,32498.55,33273.07,32498.55,33273.07,0.02217110984883286,774.5200000000004,Silver,SI=F,₹/kg,Precious Metal
2019-05-06,14.857000350952148,14.920000076293945,14.725000381469727,14.869999885559082,82,69.16799926757812,33067.9,33179.09,32745.45,33038.99,-0.007035118791262729,433.6399999999958,Silver,SI=F,₹/kg,Precious Metal
2019-05-07,14.859999656677246,14.864999771118164,14.770000457763672,14.850000381469727,150,69.40029907226562,33134.33,33167.8,32955.83,33156.64,0.00356094420561881,211.97000000000116,Silver,SI=F,₹/kg,Precious Metal
2019-05-08,14.791999816894531,14.895000457763672,14.78499984741211,14.890000343322754,85,69.91000366210938,33467.59,33478.83,33231.59,33247.32,0.0027348971427745283,247.24000000000524,Silver,SI=F,₹/kg,Precious Metal
2019-05-09,14.706999778747559,14.720000267028809,14.699999809265137,14.704999923706055,16,70.01000213623047,33099.05,33132.82,33087.8,33103.55,-0.004324258316158902,45.0199999999968,Silver,SI=F,₹/kg,Precious Metal
2019-05-10,14.72599983215332,14.729999542236328,14.6899995803833,14.720000267028809,22,70.41000366210938,33322.12,33344.76,33254.21,33335.7,0.007012843033450844,90.55000000000291,Silver,SI=F,₹/kg,Precious Metal
2019-05-13,14.713000297546387,14.720000267028809,14.585000038146973,14.720000267028809,27,69.92250061035156,33091.4,33091.4,32787.92,33075.67,-0.007800346175421469,303.4800000000032,Silver,SI=F,₹/kg,Precious Metal
2019-05-14,14.751999855041504,14.751999855041504,14.710000038146973,14.710000038146973,1,70.61699676513672,33397.38,33492.73,33397.38,33492.73,0.01260926838367915,95.35000000000582,Silver,SI=F,₹/kg,Precious Metal
2019-05-15,14.751999855041504,14.765000343322754,14.751999855041504,14.755000114440918,4,70.30699920654297,33352.49,33375.09,33345.7,33345.7,-0.004389907899415957,29.389999999999418,Silver,SI=F,₹/kg,Precious Metal
2019-05-16,14.479000091552734,14.755000114440918,14.4399995803833,14.755000114440918,241,70.20919799804688,33306.09,33306.09,32595.05,32683.08,-0.01987122777449557,711.0399999999972,Silver,SI=F,₹/kg,Precious Metal
2019-05-17,14.347999572753906,14.579999923706055,14.345000267028809,14.484999656677246,156,70.23500061035156,32708.64,32923.16,32392.51,32399.28,-0.008683392140520496,530.6500000000051,Silver,SI=F,₹/kg,Precious Metal
2019-05-20,14.409000396728516,14.420000076293945,14.34000015258789,14.364999771118164,13,70.28150177001953,32459.15,32583.42,32402.66,32558.57,0.004916467279519887,180.7599999999984,Silver,SI=F,₹/kg,Precious Metal
2019-05-21,14.373000144958496,14.404999732971191,14.324999809265137,14.404999732971191,49,70.12750244140625,32478.21,32478.21,32297.84,32406.06,-0.004684173782816603,180.36999999999898,Silver,SI=F,₹/kg,Precious Metal
2019-05-22,14.413999557495117,14.425000190734863,14.390000343322754,14.399999618530273,105,70.12750244140625,32466.93,32523.3,32444.39,32498.5,0.0028525528867131555,78.90999999999985,Silver,SI=F,₹/kg,Precious Metal
2019-05-23,14.57699966430664,14.57699966430664,14.539999961853027,14.545000076293945,4,69.97250366210938,32721.38,32793.37,32710.13,32793.37,0.009073341846546734,83.2400000000016,Silver,SI=F,₹/kg,Precious Metal
2019-05-24,14.520000457763672,14.550000190734863,14.520000457763672,14.550000190734863,17,69.94499969482422,32719.76,32719.76,32652.3,32652.3,-0.004301784171617751,67.45999999999913,Silver,SI=F,₹/kg,Precious Metal
2019-05-28,14.281000137329102,14.3100004196167,14.244999885559082,14.300000190734863,73,69.72000122070312,32054.12,32076.54,31930.83,32011.53,-0.019624038735403082,145.70999999999913,Silver,SI=F,₹/kg,Precious Metal
2019-05-29,14.371999740600586,14.371999740600586,14.371999740600586,14.371999740600586,258,69.875,32287.13,32287.13,32287.13,32287.13,0.00860939792630977,0.0,Silver,SI=F,₹/kg,Precious Metal
2019-05-30,14.460000038146973,14.484999656677246,14.305000305175781,14.354999542236328,136,69.81500244140625,32221.25,32513.05,32109.02,32456.93,0.005259061427881573,404.02999999999884,Silver,SI=F,₹/kg,Precious Metal
2019-05-31,14.529999732971191,14.539999961853027,14.46500015258789,14.46500015258789,62,69.9800033569336,32544.89,32713.63,32544.89,32691.13,0.0072157163354635845,168.7400000000016,Silver,SI=F,₹/kg,Precious Metal
2019-06-03,14.70300006866455,14.720000267028809,14.70300006866455,14.720000267028809,3,69.5696029663086,32924.39,32924.39,32886.37,32886.37,0.0059722622007867265,38.0199999999968,Silver,SI=F,₹/kg,Precious Metal
2019-06-04,14.732000350952148,14.75,14.732000350952148,14.75,2,69.16190338134766,32798.15,32798.15,32758.13,32758.13,-0.0038994878425318014,40.02000000000044,Silver,SI=F,₹/kg,Precious Metal
2019-06-05,14.753999710083008,15.0,14.753999710083008,15.0,50,69.55999755859375,33546.04,33546.04,32995.88,32995.88,0.00725774029225712,550.1600000000035,Silver,SI=F,₹/kg,Precious Metal
2019-06-06,14.868000030517578,14.890000343322754,14.868000030517578,14.890000343322754,1,69.625,33331.15,33331.15,33281.91,33281.91,0.008668658026396159,49.23999999999796,Silver,SI=F,₹/kg,Precious Metal
2019-06-07,14.994000434875488,15.125,14.994000434875488,15.0,4,69.36000061035156,33449.59,33728.34,33436.21,33436.21,0.004636152191986431,292.1299999999974,Silver,SI=F,₹/kg,Precious Metal
2019-06-10,14.604999542236328,14.604999542236328,14.604999542236328,14.604999542236328,0,69.34500122070312,32561.71,32561.71,32561.71,32561.71,-0.02615428004549558,0.0,Silver,SI=F,₹/kg,Precious Metal
2019-06-11,14.706000328063965,14.706000328063965,14.706000328063965,14.706000328063965,0,69.52349853515625,32871.28,32871.28,32871.28,32871.28,0.00950717883059582,0.0,Silver,SI=F,₹/kg,Precious Metal
2019-06-12,14.722000122070312,14.722000122070312,14.722000122070312,14.722000122070312,0,69.3864974975586,32842.2,32842.2,32842.2,32842.2,-0.0008846628424570291,0.0,Silver,SI=F,₹/kg,Precious Metal
2019-06-13,14.871000289916992,14.871000289916992,14.871000289916992,14.871000289916992,1,69.69999694824219,33324.48,33324.48,33324.48,33324.48,0.014684765332407812,0.0,Silver,SI=F,₹/kg,Precious Metal
2019-06-14,14.781999588012695,14.781999588012695,14.781999588012695,14.781999588012695,240,69.80000305175781,33172.57,33172.57,33172.57,33172.57,-0.00455851074045277,0.0,Silver,SI=F,₹/kg,Precious Metal
2019-06-17,14.814000129699707,14.814000129699707,14.814000129699707,14.814000129699707,3,69.77050018310547,33230.33,33230.33,33230.33,33230.33,0.0017411976220111924,0.0,Silver,SI=F,₹/kg,Precious Metal
2019-06-18,14.979999542236328,14.979999542236328,14.979999542236328,14.979999542236328,1,70.11250305175781,33767.41,33767.41,33767.41,33767.41,0.01616234325689825,0.0,Silver,SI=F,₹/kg,Precious Metal
2019-06-19,14.944999694824219,14.944999694824219,14.944999694824219,14.944999694824219,0,69.76499938964844,33521.54,33521.54,33521.54,33521.54,-0.0072812809747624385,0.0,Silver,SI=F,₹/kg,Precious Metal
2019-06-20,15.468999862670898,15.468999862670898,15.468999862670898,15.468999862670898,103,69.87000274658203,34749.09,34749.09,34749.09,34749.09,0.036619737637351824,0.0,Silver,SI=F,₹/kg,Precious Metal
2019-06-21,15.27299976348877,15.305000305175781,15.260000228881836,15.295000076293945,4,69.77999877929688,34313.96,34336.4,34235.44,34264.61,-0.013942235609623044,100.95999999999913,Silver,SI=F,₹/kg,Precious Metal
2019-06-24,15.368000030517578,15.368000030517578,15.368000030517578,15.368000030517578,24,69.56990051269531,34373.93,34373.93,34373.93,34373.93,0.003190463863443904,0.0,Silver,SI=F,₹/kg,Precious Metal
2019-06-25,15.291000366210938,15.291000366210938,15.291000366210938,15.291000366210938,0,69.60250091552734,34217.73,34217.73,34217.73,34217.73,-0.004544141446729988,0.0,Silver,SI=F,₹/kg,Precious Metal
2019-06-26,15.282999992370605,15.282999992370605,15.282999992370605,15.282999992370605,93664,69.63749694824219,34217.02,34217.02,34217.02,34217.02,-2.074947695263063e-05,0.0,Silver,SI=F,₹/kg,Precious Metal
2019-06-27,15.204999923706055,15.274999618530273,15.119999885559082,15.274999618530273,21835,69.60250091552734,34181.92,34181.92,33835.07,34025.28,-0.005603644034460009,346.84999999999854,Silver,SI=F,₹/kg,Precious Metal
2019-06-28,15.253000259399414,15.295000076293945,15.180000305175781,15.220000267028809,842,69.32499694824219,33923.05,34090.22,33833.9,33996.61,-0.0008426087896998835,256.3199999999997,Silver,SI=F,₹/kg,Precious Metal
2019-07-01,15.105999946594238,15.244999885559082,15.074999809265137,15.170000076293945,227,68.94049835205078,33624.08,33790.32,33413.52,33482.23,-0.015130332112525235,376.8000000000029,Silver,SI=F,₹/kg,Precious Metal
2019-07-02,15.154000282287598,15.199999809265137,14.994999885559082,15.125,132,69.1675033569336,33634.73,33801.51,33345.64,33699.22,0.006480751132764917,455.8700000000026,Silver,SI=F,₹/kg,Precious Metal
2019-07-03,15.251999855041504,15.420000076293945,15.239999771118164,15.420000076293945,12,69.0824966430664,34248.6,34248.6,33848.81,33875.46,0.005229794636196328,399.7900000000009,Silver,SI=F,₹/kg,Precious Metal
2019-07-05,14.918000221252441,15.25,14.885000228881836,15.244999885559082,107,68.73999786376953,33692.05,33703.1,32896.43,32969.36,-0.026747976263643336,806.6699999999983,Silver,SI=F,₹/kg,Precious Metal
2019-07-08,14.972000122070312,15.0600004196167,14.925000190734863,14.96500015258789,23,68.44000244140625,32928.9,33137.93,32840.88,32944.3,-0.0007600996804304483,297.0500000000029,Silver,SI=F,₹/kg,Precious Metal
2019-07-09,15.067999839782715,15.067999839782715,15.045000076293945,15.045000076293945,1,68.8499984741211,33303.25,33354.16,33303.25,33354.16,0.01244099889814021,50.91000000000349,Silver,SI=F,₹/kg,Precious Metal
2019-07-10,15.147000312805176,15.147000312805176,15.0,15.055000305175781,5,68.76499938964844,33284.24,33487.64,33162.64,33487.64,0.0040018996131216955,325.0,Silver,SI=F,₹/kg,Precious Metal
2019-07-11,15.067000389099121,15.229999542236328,15.067000389099121,15.225000381469727,36,68.36759948730469,33465.56,33476.55,33118.26,33118.26,-0.01103033835767453,358.2900000000009,Silver,SI=F,₹/kg,Precious Metal
2019-07-12,15.16100025177002,15.1850004196167,15.055000305175781,15.074999809265137,7,68.66999816894531,33282.41,33525.27,33238.26,33472.28,0.010689571251629726,287.00999999999476,Silver,SI=F,₹/kg,Precious Metal
2019-07-15,15.289999961853027,15.289999961853027,15.260000228881836,15.260000228881836,16,68.55030059814453,33632.13,33698.24,33632.13,33698.24,0.0067506605465776914,66.11000000000058,Silver,SI=F,₹/kg,Precious Metal
2019-07-16,15.600000381469727,15.645000457763672,15.295000076293945,15.295000076293945,41,68.74749755859375,33806.24,34579.83,33806.24,34480.37,0.023209817486017137,773.5900000000038,Silver,SI=F,₹/kg,Precious Metal
2019-07-17,15.892999649047852,15.892999649047852,15.729999542236328,15.729999542236328,85,68.8949966430664,34842.3,35203.35,34842.3,35203.35,0.020967872444524138,361.04999999999563,Silver,SI=F,₹/kg,Precious Metal
2019-07-18,16.1200008392334,16.1200008392334,15.979999542236328,15.979999542236328,61,68.78600311279297,35340.06,35649.67,35340.06,35649.67,0.012678338851274118,309.6100000000006,Silver,SI=F,₹/kg,Precious Metal
2019-07-19,16.117000579833984,16.5049991607666,16.117000579833984,16.274999618530273,68,68.8499984741211,36025.94,36535.06,35676.2,35676.2,0.0007441864118236108,858.8600000000006,Silver,SI=F,₹/kg,Precious Metal
2019-07-22,16.34000015258789,16.34000015258789,16.290000915527344,16.295000076293945,161,68.83000183105469,36059.74,36159.32,36048.68,36159.32,0.013541800976561547,110.63999999999942,Silver,SI=F,₹/kg,Precious Metal
2019-07-23,16.405000686645508,16.405000686645508,16.405000686645508,16.405000686645508,73,69.16000366210938,36477.22,36477.22,36477.22,36477.22,0.008791647630541854,0.0,Silver,SI=F,₹/kg,Precious Metal
2019-07-24,16.554000854492188,16.554000854492188,16.299999237060547,16.299999237060547,45,69.0199966430664,36170.37,36734.01,36170.37,36734.01,0.00703973603251562,563.6399999999994,Silver,SI=F,₹/kg,Precious Metal
2019-07-25,16.339000701904297,16.415000915527344,16.339000701904297,16.399999618530273,64,69.18499755859375,36479.28,36512.64,36343.59,36343.59,-0.010628297863478742,169.0500000000029,Silver,SI=F,₹/kg,Precious Metal
2019-07-26,16.325000762939453,16.424999237060547,16.325000762939453,16.420000076293945,25,69.15049743652344,36505.55,36516.66,36294.34,36294.34,-0.001355122044905288,222.32000000000698,Silver,SI=F,₹/kg,Precious Metal
2019-07-29,16.368000030517578,16.368000030517578,16.368000030517578,16.368000030517578,446,68.87000274658203,36242.33,36242.33,36242.33,36242.33,-0.0014330058075169294,0.0,Silver,SI=F,₹/kg,Precious Metal
2019-07-30,16.4950008392334,16.549999237060547,16.3700008392334,16.3700008392334,331,68.94999694824219,36288.87,36687.88,36288.87,36565.96,0.00892961352098487,399.00999999999476,Silver,SI=F,₹/kg,Precious Metal
2019-07-31,16.34600067138672,16.510000228881836,16.219999313354492,16.510000228881836,224,69.07749938964844,36666.89,36666.89,36022.83,36302.67,-0.007200412624200236,644.0599999999977,Silver,SI=F,₹/kg,Precious Metal
2019-08-01,16.121000289916992,16.299999237060547,15.895000457763672,16.104999542236328,74,69.40499877929688,35937.01,36372.13,35468.41,35972.71,-0.00908913862258609,903.7199999999939,Silver,SI=F,₹/kg,Precious Metal
2019-08-02,16.222000122070312,16.222000122070312,16.059999465942383,16.135000228881836,78,69.29720306396484,35948.03,36141.86,35780.93,36141.86,0.004702175621464244,360.9300000000003,Silver,SI=F,₹/kg,Precious Metal
2019-08-05,16.344999313354492,16.434999465942383,16.125,16.149999618530273,79,69.65689849853516,36168.22,36806.48,36112.23,36604.92,0.0128122902363077,694.25,Silver,SI=F,₹/kg,Precious Metal
2019-08-06,16.405000686645508,16.405000686645508,16.405000686645508,16.405000686645508,54,71.5199966430664,37721.95,37721.95,37721.95,37721.95,0.030515843225446204,0.0,Silver,SI=F,₹/kg,Precious Metal
2019-08-07,17.1560001373291,17.1560001373291,17.1560001373291,17.1560001373291,89,71.2300033569336,39288.86,39288.86,39288.86,39288.86,0.04153841463657115,0.0,Silver,SI=F,₹/kg,Precious Metal
2019-08-08,16.900999069213867,16.900999069213867,16.900999069213867,16.900999069213867,157,71.16510009765625,38669.62,38669.62,38669.62,38669.62,-0.01576121068414804,0.0,Silver,SI=F,₹/kg,Precious Metal
2019-08-09,16.89699935913086,16.89699935913086,16.89699935913086,16.89699935913086,91,70.47090148925781,38283.34,38283.34,38283.34,38283.34,-0.009989237028965037,0.0,Silver,SI=F,₹/kg,Precious Metal
2019-08-12,17.038999557495117,17.038999557495117,16.860000610351562,16.875,121,71.03500366210938,38539.55,38914.09,38505.29,38914.09,0.016475835180524978,408.79999999999563,Silver,SI=F,₹/kg,Precious Metal
2019-08-13,16.95599937438965,17.315000534057617,16.95599937438965,17.309999465942383,22,71.58000183105469,39836.32,39847.83,39021.64,39021.64,0.002763780419894335,826.1900000000023,Silver,SI=F,₹/kg,Precious Metal
2019-08-14,17.253000259399414,17.253000259399414,17.253000259399414,17.253000259399414,48,71.08000183105469,39427.8,39427.8,39427.8,39427.8,0.010408583544925465,0.0,Silver,SI=F,₹/kg,Precious Metal
2019-08-15,17.187999725341797,17.187999725341797,17.187999725341797,17.187999725341797,47,71.63520050048828,39586.06,39586.06,39586.06,39586.06,0.004013919112910047,0.0,Silver,SI=F,₹/kg,Precious Metal
2019-08-16,17.09600067138672,17.09600067138672,17.09600067138672,17.09600067138672,0,71.72000122070312,39420.78,39420.78,39420.78,39420.78,-0.004175207130995062,0.0,Silver,SI=F,₹/kg,Precious Metal
2019-08-19,16.913999557495117,16.913999557495117,16.913999557495117,16.913999557495117,1,71.13200378417969,38681.36,38681.36,38681.36,38681.36,-0.018757112365610173,0.0,Silver,SI=F,₹/kg,Precious Metal
2019-08-20,17.121999740600586,17.121999740600586,17.065000534057617,17.065000534057617,4,71.99500274658203,39500.18,39632.12,39500.18,39632.12,0.024579280563041372,131.94000000000233,Silver,SI=F,₹/kg,Precious Metal
2019-08-21,17.125,17.125,17.1200008392334,17.125,2,71.80999755859375,39537.2,39537.2,39525.66,39537.2,-0.0023950270639069293,11.539999999993597,Silver,SI=F,₹/kg,Precious Metal
2019-08-22,17.013999938964844,17.013999938964844,17.013999938964844,17.013999938964844,0,71.43779754638672,39077.33,39077.33,39077.33,39077.33,-0.011631324423580724,0.0,Silver,SI=F,₹/kg,Precious Metal
2019-08-23,17.395000457763672,17.395000457763672,17.395000457763672,17.395000457763672,0,71.92040252685547,40222.31,40222.31,40222.31,40222.31,0.029300364175341542,0.0,Silver,SI=F,₹/kg,Precious Metal
2019-08-26,17.624000549316406,17.624000549316406,17.540000915527344,17.540000915527344,4,71.50250244140625,40321.93,40515.03,40321.93,40515.03,0.007277553178820506,193.09999999999854,Silver,SI=F,₹/kg,Precious Metal
2019-08-27,18.138999938964844,18.138999938964844,18.138999938964844,18.138999938964844,2,72.16000366210938,42082.38,42082.38,42082.38,42082.38,0.03868564332792057,0.0,Silver,SI=F,₹/kg,Precious Metal
2019-08-28,18.304000854492188,18.304000854492188,18.235000610351562,18.239999771118164,97738,71.53500366210938,41950.18,42097.38,41938.69,42097.38,0.00035644371824972154,158.68999999999505,Silver,SI=F,₹/kg,Precious Metal
2019-08-29,18.16699981689453,18.614999771118164,17.985000610351562,18.299999237060547,22272,72.08499908447266,42411.77,43141.81,41681.73,42103.53,0.0001460898516725262,1460.0799999999945,Silver,SI=F,₹/kg,Precious Metal
2019-08-30,18.184999465942383,18.40999984741211,18.020000457763672,18.19499969482422,1479,71.6801986694336,41931.62,42427.11,41528.33,41908.58,-0.004630253092792858,898.7799999999988,Silver,SI=F,₹/kg,Precious Metal
2019-09-03,19.07900047302246,19.225000381469727,18.25,18.450000762939453,828,71.96209716796875,42686.51,44479.57,42223.78,44141.78,0.053287417516890256,2255.790000000001,Silver,SI=F,₹/kg,Precious Metal
2019-09-04,19.391000747680664,19.540000915527344,19.21500015258789,19.21500015258789,462,72.45999908447266,44764.03,45521.16,44764.03,45174.05,0.023385327913826748,757.1300000000047,Silver,SI=F,₹/kg,Precious Metal
2019-09-05,18.6560001373291,19.485000610351562,18.424999237060547,19.485000610351562,386,71.95570373535156,45077.11,45077.11,42624.88,43159.28,-0.044600163146762406,2452.230000000003,Silver,SI=F,₹/kg,Precious Metal
2019-09-06,17.968000411987305,18.684999465942383,17.968000411987305,18.6299991607666,343,72.22000122070312,43257.43,43385.14,41720.32,41720.32,-0.03334068594286088,1664.8199999999997,Silver,SI=F,₹/kg,Precious Metal
2019-09-09,18.018999099731445,18.204999923706055,17.950000762939453,18.204999923706055,517,71.66999816894531,41948.7,41948.7,41361.12,41520.11,-0.0047988606031784675,587.5799999999945,Silver,SI=F,₹/kg,Precious Metal
2019-09-10,18.041000366210938,18.084999084472656,17.770000457763672,17.770000457763672,190,72.09249877929688,41187.74,41917.85,41187.74,41815.87,0.007123295193582235,730.1100000000006,Silver,SI=F,₹/kg,Precious Metal
2019-09-11,18.0310001373291,18.06999969482422,18.030000686645508,18.065000534057617,320,71.85900115966797,41735.88,41747.43,41655.02,41657.33,-0.0037913835106144766,92.41000000000349,Silver,SI=F,₹/kg,Precious Metal
2019-09-12,18.041000366210938,18.165000915527344,18.030000686645508,18.06999969482422,135,71.56009674072266,41573.78,41792.35,41481.75,41507.06,-0.003607288321167079,310.59999999999854,Silver,SI=F,₹/kg,Precious Metal
2019-09-13,17.43600082397461,18.0049991607666,17.405000686645508,18.0049991607666,201,71.28500366210938,41264.99,41264.99,39889.87,39960.92,-0.03725004854595815,1375.1199999999953,Silver,SI=F,₹/kg,Precious Metal
2019-09-16,17.900999069213867,17.900999069213867,17.780000686645508,17.780000686645508,40,71.02069854736328,40598.23,40874.52,40598.23,40874.52,0.022862336502763148,276.2899999999936,Silver,SI=F,₹/kg,Precious Metal
2019-09-17,18.016000747680664,18.016000747680664,18.016000747680664,18.016000747680664,99,71.74909973144531,41559.02,41559.02,41559.02,41559.02,0.01674637402469803,0.0,Silver,SI=F,₹/kg,Precious Metal
2019-09-18,17.795000076293945,17.795000076293945,17.795000076293945,17.795000076293945,4,71.70999908447266,41026.85,41026.85,41026.85,41026.85,-0.012805162393145886,0.0,Silver,SI=F,₹/kg,Precious Metal
2019-09-19,17.773000717163086,17.815000534057617,17.725000381469727,17.815000534057617,135,71.5425033569336,40977.02,40977.02,40770.01,40880.42,-0.0035691260723160756,207.00999999999476,Silver,SI=F,₹/kg,Precious Metal
2019-09-20,17.738000869750977,17.950000762939453,17.738000869750977,17.7549991607666,53,71.71749877929688,40938.91,41388.53,40899.71,40899.71,0.00047186403662191623,488.8199999999997,Silver,SI=F,₹/kg,Precious Metal
2019-09-23,18.600000381469727,18.600000381469727,18.209999084472656,18.21500015258789,75,71.19159698486328,41691.58,42572.79,41680.13,42572.79,0.0409068915158568,892.6600000000035,Silver,SI=F,₹/kg,Precious Metal
2019-09-24,18.517000198364258,18.520000457763672,18.517000198364258,18.520000457763672,3,70.78959655761719,42150.32,42150.32,42143.49,42143.49,-0.010083905705968621,6.830000000001746,Silver,SI=F,₹/kg,Precious Metal
2019-09-25,17.961999893188477,18.56999969482422,17.961999893188477,18.56999969482422,26,71.28500366210938,42559.89,42559.89,41166.44,41166.44,-0.02318388913685121,1393.449999999997,Silver,SI=F,₹/kg,Precious Metal
2019-09-26,17.801000595092773,17.90999984741211,17.801000595092773,17.90999984741211,1389,71.30999755859375,41061.65,41061.65,40811.75,40811.75,-0.008615998857321672,249.90000000000146,Silver,SI=F,₹/kg,Precious Metal
2019-09-27,17.552000045776367,17.829999923706055,17.329999923706055,17.81999969482422,227,71.21499633789062,40800.88,40823.78,39678.98,40187.27,-0.015301475677960474,1144.7999999999956,Silver,SI=F,₹/kg,Precious Metal
2019-09-30,16.898000717163086,17.5049991607666,16.898000717163086,17.4950008392334,33,70.49870300292969,39653.87,39676.53,38300.72,38300.72,-0.046943970068133445,1375.8099999999977,Silver,SI=F,₹/kg,Precious Metal
2019-10-01,17.20199966430664,17.260000228881836,16.924999237060547,16.924999237060547,77,70.92250061035156,38592.52,39356.39,38592.52,39224.14,0.024109729529888657,763.8700000000026,Silver,SI=F,₹/kg,Precious Metal
2019-10-02,17.591999053955078,17.591999053955078,17.155000686645508,17.174999237060547,44,71.0999984741211,39260.58,40213.81,39214.87,40213.81,0.025231145921873477,998.939999999995,Silver,SI=F,₹/kg,Precious Metal
2019-10-03,17.584999084472656,17.635000228881836,17.450000762939453,17.5049991607666,42,71.1416015625,40038.35,40335.69,39912.55,40221.33,0.000187000435919904,423.1399999999994,Silver,SI=F,₹/kg,Precious Metal
2019-10-04,17.540000915527344,17.540000915527344,17.31999969482422,17.440000534057617,27,71.0199966430664,39821.5,40049.83,39547.49,40049.83,-0.004263906738041778,502.3400000000038,Silver,SI=F,₹/kg,Precious Metal
2019-10-07,17.457000732421875,17.530000686645508,17.450000762939453,17.450000762939453,8,70.81500244140625,39729.32,39911.46,39729.32,39745.26,-0.007604776349862119,182.13999999999942,Silver,SI=F,₹/kg,Precious Metal
2019-10-08,17.617000579833984,17.639999389648438,17.617000579833984,17.639999389648438,2,71.36000061035156,40470.99,40470.99,40418.23,40418.23,0.016932081963987766,52.75999999999476,Silver,SI=F,₹/kg,Precious Metal
2019-10-09,17.72800064086914,17.75,17.719999313354492,17.72800064086914,4,71.20999908447266,40587.39,40637.76,40569.08,40587.39,0.0041852401750397394,68.68000000000029,Silver,SI=F,₹/kg,Precious Metal
2019-10-10,17.520000457763672,17.600000381469727,17.489999771118164,17.600000381469727,2,71.41000366210938,40407.52,40407.52,40154.97,40223.85,-0.008956969147314031,252.54999999999563,Silver,SI=F,₹/kg,Precious Metal
2019-10-11,17.461999893188477,17.594999313354492,17.350000381469727,17.594999313354492,5,70.9800033569336,40152.79,40152.79,39593.69,39849.28,-0.00931213695357358,559.0999999999985,Silver,SI=F,₹/kg,Precious Metal
2019-10-14,17.634000778198242,17.634000778198242,17.524999618530273,17.524999618530273,3,70.91400146484375,39955.86,40204.37,39955.86,40204.37,0.008910825992339166,248.51000000000204,Silver,SI=F,₹/kg,Precious Metal
2019-10-15,17.308000564575195,17.454999923706055,17.308000564575195,17.454999923706055,23,71.45249938964844,40098.46,40098.46,39760.77,39760.77,-0.011033626444090672,337.6900000000023,Silver,SI=F,₹/kg,Precious Metal
2019-10-16,17.35099983215332,17.35099983215332,17.174999237060547,17.219999313354492,115,71.76000213623047,39728.85,40031.09,39625.03,40031.09,0.006798661092327851,406.0599999999977,Silver,SI=F,₹/kg,Precious Metal
2019-10-17,17.535999298095703,17.535999298095703,17.299999237060547,17.299999237060547,8,71.62000274658203,39835.55,40378.97,39835.55,40378.97,0.008690245506679961,543.4199999999983,Silver,SI=F,₹/kg,Precious Metal
2019-10-18,17.50200080871582,17.50200080871582,17.46500015258789,17.469999313354492,30,71.42250061035156,40116.07,40189.55,40104.59,40189.55,-0.004691055764919128,84.9600000000064,Silver,SI=F,₹/kg,Precious Metal
2019-10-21,17.525999069213867,17.530000686645508,17.5049991607666,17.510000228881836,18,71.02999877929688,39986.96,40032.63,39975.54,40023.5,-0.004131671043841045,57.08999999999651,Silver,SI=F,₹/kg,Precious Metal
2019-10-22,17.437000274658203,17.489999771118164,17.437000274658203,17.489999771118164,51,71.1050033569336,39983.46,39983.46,39862.3,39862.3,-0.004027633765162908,121.15999999999622,Silver,SI=F,₹/kg,Precious Metal
2019-10-23,17.517000198364258,17.559999465942383,17.485000610351562,17.485000610351562,27,71.07499694824219,39955.17,40126.55,39955.17,40028.29,0.004164084862137818,171.38000000000466,Silver,SI=F,₹/kg,Precious Metal
2019-10-24,17.73900032043457,17.73900032043457,17.73900032043457,17.73900032043457,23,70.71499633789062,40330.27,40330.27,40330.27,40330.27,0.007544164389735153,0.0,Silver,SI=F,₹/kg,Precious Metal
2019-10-25,17.861000061035156,17.94499969482422,17.861000061035156,17.861000061035156,18,71.19000244140625,40880.41,41072.67,40880.41,40880.41,0.013640870740513344,192.25999999999476,Silver,SI=F,₹/kg,Precious Metal
2019-10-28,17.81599998474121,17.889999389648438,17.770000457763672,17.889999389648438,60,70.83000183105469,40739.72,40739.72,40466.45,40571.2,-0.007563769541450438,273.2700000000041,Silver,SI=F,₹/kg,Precious Metal
2019-10-29,17.770999908447266,17.770999908447266,17.770999908447266,17.770999908447266,74,70.73500061035156,40414.45,40414.45,40414.45,40414.45,-0.0038635781046654216,0.0,Silver,SI=F,₹/kg,Precious Metal
2019-10-30,17.815000534057617,17.81999969482422,17.71500015258789,17.790000915527344,29,70.88459777832031,40543.22,40611.59,40372.3,40600.2,0.004596128364978469,239.2899999999936,Silver,SI=F,₹/kg,Precious Metal
2019-10-31,18.013999938964844,18.013999938964844,18.013999938964844,18.013999938964844,78,70.98999786376953,41114.76,41114.76,41114.76,41114.76,0.012673829192959785,0.0,Silver,SI=F,₹/kg,Precious Metal
2019-11-01,18.003999710083008,18.030000686645508,18.003999710083008,18.030000686645508,13,70.97000122070312,41139.69,41139.69,41080.36,41080.36,-0.0008366824955320373,59.330000000001746,Silver,SI=F,₹/kg,Precious Metal
2019-11-04,18.013999938964844,18.013999938964844,18.013999938964844,18.013999938964844,23,70.51210021972656,40837.98,40837.98,40837.98,40837.98,-0.0059001430367211505,0.0,Silver,SI=F,₹/kg,Precious Metal
2019-11-05,17.516000747680664,18.024999618530273,17.516000747680664,18.024999618530273,2,71.0,41145.66,41145.66,39983.77,39983.77,-0.020917048296708263,1161.8900000000067,Silver,SI=F,₹/kg,Precious Metal
2019-11-06,17.558000564575195,17.558000564575195,17.3700008392334,17.524999618530273,45,70.8949966430664,39945.15,40020.37,39591.86,40020.37,0.0009153714119505274,428.51000000000204,Silver,SI=F,₹/kg,Precious Metal
2019-11-07,16.969999313354492,17.565000534057617,16.969999313354492,17.540000915527344,5,71.0,40038.55,40095.62,38737.41,38737.41,-0.032057674629195065,1358.2099999999991,Silver,SI=F,₹/kg,Precious Metal
2019-11-08,16.783000946044922,16.875,16.764999389648438,16.844999313354492,31,71.37650299072266,38655.98,38724.83,38472.4,38513.71,-0.005774779470284819,252.4300000000003,Silver,SI=F,₹/kg,Precious Metal
2019-11-11,16.761999130249023,16.761999130249023,16.674999237060547,16.674999237060547,5,71.37650299072266,38265.86,38465.51,38265.86,38465.51,-0.0012515023870719455,199.65000000000146,Silver,SI=F,₹/kg,Precious Metal
2019-11-12,16.677000045776367,16.80500030517578,16.674999237060547,16.799999237060547,28,71.5739974975586,38659.39,38670.9,38371.74,38376.35,-0.002317920651513594,299.1600000000035,Silver,SI=F,₹/kg,Precious Metal
2019-11-13,16.898000717163086,16.898000717163086,16.764999389648438,16.764999389648438,7,71.77999877929688,38689.88,38996.82,38689.88,38996.82,0.01616803057091154,306.9400000000023,Silver,SI=F,₹/kg,Precious Metal
2019-11-14,17.01300048828125,17.01300048828125,16.8700008392334,16.8700008392334,14,72.1415023803711,39128.28,39459.95,39128.28,39459.95,0.011876096563770977,331.66999999999825,Silver,SI=F,₹/kg,Precious Metal
2019-11-15,16.933000564575195,16.969999313354492,16.799999237060547,16.959999084472656,7,71.95580291748047,39235.76,39258.9,38865.61,39173.3,-0.007264327501681933,393.2900000000009,Silver,SI=F,₹/kg,Precious Metal
2019-11-18,16.985000610351562,16.985000610351562,16.985000610351562,16.985000610351562,0,71.70580291748047,39157.08,39157.08,39157.08,39157.08,-0.0004140575340857433,0.0,Silver,SI=F,₹/kg,Precious Metal
2019-11-19,17.10300064086914,17.10300064086914,17.10300064086914,17.10300064086914,0,71.93509674072266,39555.2,39555.2,39555.2,39555.2,0.010167254555242478,0.0,Silver,SI=F,₹/kg,Precious Metal
2019-11-20,17.100000381469727,17.100000381469727,17.100000381469727,17.100000381469727,0,71.85099792480469,39502.02,39502.02,39502.02,39502.02,-0.0013444502871936548,0.0,Silver,SI=F,₹/kg,Precious Metal
2019-11-21,17.049999237060547,17.049999237060547,17.049999237060547,17.049999237060547,0,71.76820373535156,39341.13,39341.13,39341.13,39341.13,-0.004072956269071781,0.0,Silver,SI=F,₹/kg,Precious Metal
2019-11-22,16.985000610351562,16.985000610351562,16.985000610351562,16.985000610351562,0,71.7405014038086,39176.03,39176.03,39176.03,39176.03,-0.004196625770535811,0.0,Silver,SI=F,₹/kg,Precious Metal
2019-11-25,16.871000289916992,16.871000289916992,16.871000289916992,16.871000289916992,0,71.78260040283203,38935.92,38935.92,38935.92,38935.92,-0.0061290028622094095,0.0,Silver,SI=F,₹/kg,Precious Metal
2019-11-26,17.030000686645508,17.030000686645508,17.030000686645508,17.030000686645508,84255,71.67949676513672,39246.42,39246.42,39246.42,39246.42,0.00797464141081039,0.0,Silver,SI=F,₹/kg,Precious Metal
2019-11-27,16.91200065612793,17.065000534057617,16.875,17.059999465942383,26892,71.42839813232422,39177.83,39189.31,38752.98,38837.95,-0.010407828280898035,436.32999999999447,Silver,SI=F,₹/kg,Precious Metal
2019-11-29,16.9689998626709,16.985000610351562,16.799999237060547,16.899999618530273,1598,71.54740142822266,38875.05,39070.58,38645.02,39033.77,0.005041975696451484,425.56000000000495,Silver,SI=F,₹/kg,Precious Metal
2019-12-02,16.836000442504883,16.920000076293945,16.78499984741211,16.915000915527344,343,71.7229995727539,39005.06,39016.58,38705.28,38822.89,-0.005402501475004762,311.3000000000029,Silver,SI=F,₹/kg,Precious Metal
2019-12-03,17.125,17.15999984741211,16.809999465942383,16.860000610351562,381,71.625,38825.11,39515.94,38709.96,39435.35,0.015775744670218916,805.9800000000032,Silver,SI=F,₹/kg,Precious Metal
2019-12-04,16.797000885009766,17.239999771118164,16.7549991607666,17.114999771118164,287,71.95999908447266,39596.65,39885.85,38763.77,38860.94,-0.014565865397416222,1122.0800000000017,Silver,SI=F,₹/kg,Precious Metal
2019-12-05,16.941999435424805,16.941999435424805,16.780000686645508,16.84000015258789,261,71.4801025390625,38700.6,38935.01,38562.71,38935.01,0.001906026977216646,372.3000000000029,Silver,SI=F,₹/kg,Precious Metal
2019-12-06,16.481000900268555,16.825000762939453,16.46500015258789,16.81999969482422,159,71.38500213623047,38603.21,38614.69,37788.46,37825.18,-0.028504679978251013,826.2300000000032,Silver,SI=F,₹/kg,Precious Metal
2019-12-09,16.531999588012695,16.559999465942383,16.469999313354492,16.475000381469727,142,71.28679656982422,37759.39,37954.2,37747.93,37890.03,0.0017144663951367267,206.2699999999968,Silver,SI=F,₹/kg,Precious Metal
2019-12-10,16.59600067138672,16.610000610351562,16.55500030517578,16.55500030517578,188,70.96019744873047,37768.91,37894.39,37768.91,37862.45,-0.000727895966300407,125.47999999999593,Silver,SI=F,₹/kg,Precious Metal
2019-12-11,16.743999481201172,16.829999923706055,16.545000076293945,16.545000076293945,84,71.01000213623047,37772.59,38423.25,37772.59,38226.91,0.009625895841394394,650.6600000000035,Silver,SI=F,₹/kg,Precious Metal
2019-12-12,16.844999313354492,17.014999389648438,16.739999771118164,16.829999923706055,61,70.72930145263672,38271.36,38692.05,38066.7,38305.47,0.0020550967891466154,625.3500000000058,Silver,SI=F,₹/kg,Precious Metal
2019-12-13,16.91200065612793,16.91200065612793,16.825000762939453,16.8799991607666,23,70.55989837646484,38293.12,38365.72,38168.36,38365.72,0.0015728824107887895,197.36000000000058,Silver,SI=F,₹/kg,Precious Metal
2019-12-16,17.018999099731445,17.018999099731445,16.940000534057617,16.979999542236328,75,70.68900299072266,38590.46,38679.1,38499.55,38679.1,0.008168229346406042,179.54999999999563,Silver,SI=F,₹/kg,Precious Metal
2019-12-17,16.97800064086914,17.0,16.975000381469727,16.9950008392334,103,70.92050170898438,38751.05,38762.44,38705.44,38712.28,0.0008578276123281103,57.0,Silver,SI=F,₹/kg,Precious Metal
2019-12-18,16.952999114990234,17.0,16.844999313354492,16.985000610351562,45,71.21499633789062,38889.06,38923.4,38568.51,38815.79,0.002673828562926417,354.8899999999994,Silver,SI=F,₹/kg,Precious Metal
2019-12-19,17.058000564575195,17.075000762939453,16.975000381469727,16.985000610351562,987,70.98989868164062,38766.14,38971.55,38743.32,38932.75,0.0030132067388040085,228.2300000000032,Silver,SI=F,₹/kg,Precious Metal
2019-12-20,17.128000259399414,17.18000030517578,17.128000259399414,17.18000030517578,1,71.22270202636719,39339.79,39339.79,39220.72,39220.72,0.007396600548381427,119.06999999999971,Silver,SI=F,₹/kg,Precious Metal
2019-12-23,17.402999877929688,17.40999984741211,17.354999542236328,17.354999542236328,23,71.02400207519531,39629.64,39755.24,39629.64,39739.25,0.013220817975804655,125.59999999999854,Silver,SI=F,₹/kg,Precious Metal
2019-12-24,17.756999969482422,17.756999969482422,17.514999389648438,17.520000457763672,3,71.21070098876953,40111.58,40654.19,40100.13,40654.19,0.023023584994684265,554.060000000005,Silver,SI=F,₹/kg,Precious Metal
2019-12-26,17.893999099731445,17.985000610351562,17.8799991607666,17.90999984741211,53,71.54000091552734,41194.09,41366.6,41125.09,41157.29,0.012375108199179419,241.51000000000204,Silver,SI=F,₹/kg,Precious Metal
2019-12-27,17.849000930786133,17.93000030517578,17.849000930786133,17.93000030517578,430,71.30030059814453,41101.92,41101.92,40916.24,40916.24,-0.005856799609498142,185.6800000000003,Silver,SI=F,₹/kg,Precious Metal
2019-12-30,17.908000946044922,17.90999984741211,17.850000381469727,17.899999618530273,89,71.31300354003906,41040.46,41063.38,40925.82,41058.8,0.0034841911182454943,137.55999999999767,Silver,SI=F,₹/kg,Precious Metal
2019-12-31,17.827999114990234,18.065000534057617,17.799999237060547,18.065000534057617,232,71.31099700927734,41417.6,41417.6,40810.03,40874.23,-0.0044952604557366715,607.5699999999997,Silver,SI=F,₹/kg,Precious Metal
2020-01-02,17.965999603271484,17.989999771118164,17.965999603271484,17.965999603271484,2,71.0250015258789,41025.42,41080.23,41025.42,41025.42,0.0036989076002165167,54.81000000000495,Silver,SI=F,₹/kg,Precious Metal
2020-01-03,18.06800079345703,18.110000610351562,17.96500015258789,18.110000610351562,83,71.41500091552734,41581.33,41581.33,41248.4,41484.89,0.011199641588069076,332.9300000000003,Silver,SI=F,₹/kg,Precious Metal
2020-01-06,18.097000122070312,18.104999542236328,18.024999618530273,18.024999618530273,3,71.73100280761719,41569.29,41753.79,41569.29,41735.34,0.0060371378591095315,184.5,Silver,SI=F,₹/kg,Precious Metal
2020-01-07,18.31599998474121,18.344999313354492,18.014999389648438,18.014999389648438,33,71.78700256347656,41578.66,42340.3,41578.66,42273.37,0.012891472790206304,761.6399999999994,Silver,SI=F,₹/kg,Precious Metal
2020-01-08,18.08799934387207,18.5049991607666,18.06999969482422,18.399999618530273,31,72.16000366210938,42687.9,42931.5,41922.3,41964.06,-0.007316899504345331,1009.1999999999971,Silver,SI=F,₹/kg,Precious Metal
2020-01-09,17.860000610351562,17.860000610351562,17.760000228881836,17.760000228881836,38,71.41190338134766,40775.94,41005.54,40775.94,41005.54,-0.022841450517418926,229.59999999999854,Silver,SI=F,₹/kg,Precious Metal
2020-01-10,18.033000946044922,18.033000946044922,18.033000946044922,18.033000946044922,2,71.19429779052734,41276.57,41276.57,41276.57,41276.57,0.006609594703544941,0.0,Silver,SI=F,₹/kg,Precious Metal
2020-01-13,17.926000595092773,18.020000457763672,17.926000595092773,17.969999313354492,5,70.9530029296875,40992.96,41107.02,40892.59,40892.59,-0.00930261404956867,214.4300000000003,Silver,SI=F,₹/kg,Precious Metal
2020-01-14,17.673999786376953,17.875,17.673999786376953,17.854999542236328,17,70.71890258789062,40596.24,40641.71,40184.71,40184.71,-0.017310715706684188,457.0,Silver,SI=F,₹/kg,Precious Metal
2020-01-15,17.92300033569336,17.92300033569336,17.92300033569336,17.92300033569336,0,70.84510040283203,40823.57,40823.57,40823.57,40823.57,0.01589808661055403,0.0,Silver,SI=F,₹/kg,Precious Metal
2020-01-16,17.875,17.950000762939453,17.875,17.950000762939453,52,70.71800231933594,40811.72,40811.72,40641.19,40641.19,-0.00446751717206495,170.52999999999884,Silver,SI=F,₹/kg,Precious Metal
2020-01-17,18.01300048828125,18.01300048828125,18.01300048828125,18.01300048828125,67,70.94560241699219,41086.77,41086.77,41086.77,41086.77,0.01096375376803671,0.0,Silver,SI=F,₹/kg,Precious Metal
2020-01-21,17.750999450683594,17.750999450683594,17.750999450683594,17.750999450683594,175,71.03099822998047,40537.89,40537.89,40537.89,40537.89,-0.013359044772806361,0.0,Silver,SI=F,₹/kg,Precious Metal
2020-01-22,17.770999908447266,17.770999908447266,17.770999908447266,17.770999908447266,0,71.16999816894531,40662.98,40662.98,40662.98,40662.98,0.0030857550800005296,0.0,Silver,SI=F,₹/kg,Precious Metal
2020-01-23,17.773000717163086,17.773000717163086,17.729999542236328,17.729999542236328,110,71.0781021118164,40516.79,40615.05,40516.79,40615.05,-0.0011787134145111455,98.26000000000204,Silver,SI=F,₹/kg,Precious Metal
2020-01-24,18.05699920654297,18.05699920654297,17.8700008392334,17.8700008392334,280,71.32099914550781,40976.27,41405.06,40976.27,41405.06,0.01945116403894609,428.7900000000009,Silver,SI=F,₹/kg,Precious Metal
2020-01-27,18.0,18.0,18.0,18.0,2,71.32499694824219,41276.67,41276.67,41276.67,41276.67,-0.0031008287392892964,0.0,Silver,SI=F,₹/kg,Precious Metal
2020-01-28,17.402000427246094,17.604999542236328,17.402000427246094,17.604999542236328,10,71.44000244140625,40435.97,40435.97,39969.72,39969.72,-0.031663164688430445,466.25,Silver,SI=F,₹/kg,Precious Metal
2020-01-29,17.430999755859375,17.450000762939453,17.3700008392334,17.450000762939453,132,71.23040008544922,39962.37,39962.37,39779.16,39918.86,-0.0012724632546837755,183.20999999999913,Silver,SI=F,₹/kg,Precious Metal
2020-01-30,17.95199966430664,17.96500015258789,17.540000915527344,17.540000915527344,50,71.30000305175781,40207.73,41181.98,40207.73,41152.18,0.030895671870388997,974.25,Silver,SI=F,₹/kg,Precious Metal
2020-01-31,17.972000122070312,17.972000122070312,17.972000122070312,17.972000122070312,1,71.63999938964844,41394.48,41394.48,41394.48,41394.48,0.0058879019288893275,0.0,Silver,SI=F,₹/kg,Precious Metal
2020-02-03,17.639999389648438,17.799999237060547,17.600000381469727,17.795000076293945,19,71.49649810791016,40904.7,40916.19,40456.46,40548.4,-0.02043944023454336,459.7300000000032,Silver,SI=F,₹/kg,Precious Metal
2020-02-04,17.527999877929688,17.527999877929688,17.527999877929688,17.527999877929688,154,71.31410217285156,40188.17,40188.17,40188.17,40188.17,-0.008883951031360082,0.0,Silver,SI=F,₹/kg,Precious Metal
2020-02-05,17.569000244140625,17.569000244140625,17.569000244140625,17.569000244140625,10,71.0999984741211,40161.24,40161.24,40161.24,40161.24,-0.0006700976929280289,0.0,Silver,SI=F,₹/kg,Precious Metal
2020-02-06,17.788999557495117,17.788999557495117,17.788999557495117,17.788999557495117,0,71.18000030517578,40709.89,40709.89,40709.89,40709.89,0.013661181776259967,0.0,Silver,SI=F,₹/kg,Precious Metal
2020-02-07,17.665000915527344,17.665000915527344,17.665000915527344,17.665000915527344,7,71.47000122070312,40590.83,40590.83,40590.83,40590.83,-0.002924596455554096,0.0,Silver,SI=F,₹/kg,Precious Metal
2020-02-10,17.757999420166016,17.780000686645508,17.757999420166016,17.780000686645508,1,71.5155029296875,40881.08,40881.08,40830.5,40830.5,0.005904535581065851,50.580000000001746,Silver,SI=F,₹/kg,Precious Metal
2020-02-11,17.572999954223633,17.71500015258789,17.572999954223633,17.69499969482422,7,71.27999877929688,40551.66,40597.5,40272.08,40272.08,-0.013676540821199845,325.41999999999825,Silver,SI=F,₹/kg,Precious Metal
2020-02-12,17.47800064086914,17.47800064086914,17.47800064086914,17.47800064086914,10,71.27529907226562,40051.73,40051.73,40051.73,40051.73,-0.0054715326350165405,0.0,Silver,SI=F,₹/kg,Precious Metal
2020-02-13,17.600000381469727,17.600000381469727,17.600000381469727,17.600000381469727,3,71.29620361328125,40343.12,40343.12,40343.12,40343.12,0.007275341165038363,0.0,Silver,SI=F,₹/kg,Precious Metal
2020-02-14,17.71500015258789,17.71500015258789,17.71500015258789,17.71500015258789,0,71.26850128173828,40590.95,40590.95,40590.95,40590.95,0.006143054875279663,0.0,Silver,SI=F,₹/kg,Precious Metal
2020-02-18,18.131000518798828,18.131000518798828,18.131000518798828,18.131000518798828,0,71.34919738769531,41591.19,41591.19,41591.19,41591.19,0.02464194604955061,0.0,Silver,SI=F,₹/kg,Precious Metal
2020-02-19,18.29199981689453,18.29199981689453,18.145000457763672,18.145000457763672,56,71.57499694824219,41755.03,42093.3,41755.03,42093.3,0.012072508625023737,338.2700000000041,Silver,SI=F,₹/kg,Precious Metal
2020-02-20,18.30900001525879,18.30900001525879,18.30900001525879,18.30900001525879,3,71.82749938964844,42281.05,42281.05,42281.05,42281.05,0.0044603297912020334,0.0,Silver,SI=F,₹/kg,Precious Metal
2020-02-21,18.520999908447266,18.565000534057617,18.479999542236328,18.565000534057617,11,72.11000061035156,43040.86,43040.86,42843.79,42938.85,0.015557797169180931,197.0699999999997,Silver,SI=F,₹/kg,Precious Metal
2020-02-24,18.868000030517578,18.868000030517578,18.690000534057617,18.690000534057617,4,71.88680267333984,43196.54,43607.93,43196.54,43607.93,0.015582159279999397,411.3899999999994,Silver,SI=F,₹/kg,Precious Metal
2020-02-25,18.183000564575195,18.183000564575195,18.183000564575195,18.183000564575195,0,72.04669952392578,42118.23,42118.23,42118.23,42118.23,-0.034161217925271825,0.0,Silver,SI=F,₹/kg,Precious Metal
2020-02-26,17.826000213623047,17.826000213623047,17.826000213623047,17.826000213623047,96319,71.87000274658203,41190.02,41190.02,41190.02,41190.02,-0.02203820056065997,0.0,Silver,SI=F,₹/kg,Precious Metal
2020-02-27,17.658000946044922,18.079999923706055,17.579999923706055,17.864999771118164,13497,71.66339874267578,41161.47,41656.83,40504.82,40684.54,-0.012271904699244995,1152.010000000002,Silver,SI=F,₹/kg,Precious Metal
2020-02-28,16.386999130249023,17.795000076293945,16.34000015258789,17.690000534057617,709,71.93000030517578,40909.89,41152.71,37787.88,37896.57,-0.06852652137642457,3364.8300000000017,Silver,SI=F,₹/kg,Precious Metal
2020-03-02,16.679000854492188,16.975000381469727,16.389999389648438,16.4950008392334,518,72.1500015258789,38263.01,39376.45,38019.44,38689.83,0.02093223740301564,1357.0099999999948,Silver,SI=F,₹/kg,Precious Metal
2020-03-03,17.128999710083008,17.31999969482422,16.739999771118164,16.875,307,72.82499694824219,39510.7,40552.61,39194.61,40105.41,0.03658790953591695,1358.0,Silver,SI=F,₹/kg,Precious Metal
2020-03-04,17.187000274658203,17.2450008392334,17.049999237060547,17.190000534057617,73,73.34200286865234,40533.97,40663.66,40203.84,40526.89,0.010509305353068266,459.820000000007,Silver,SI=F,₹/kg,Precious Metal
2020-03-05,17.341999053955078,17.405000686645508,17.1200008392334,17.155000686645508,66,74.0425033569336,40837.79,41432.92,40754.48,41282.95,0.018655761643688873,678.439999999995,Silver,SI=F,₹/kg,Precious Metal
2020-03-06,17.214000701904297,17.485000610351562,17.0,17.459999084472656,52,73.8551025390625,41458.65,41518.02,40366.39,40874.53,-0.00989318835015418,1151.6299999999974,Silver,SI=F,₹/kg,Precious Metal
2020-03-09,17.000999450683594,17.434999465942383,16.56999969482422,17.434999465942383,46,73.99530029296875,41477.88,41477.88,39420.04,40445.39,-0.010498958642460199,2057.8399999999965,Silver,SI=F,₹/kg,Precious Metal
2020-03-10,16.9060001373291,17.145000457763672,16.764999389648438,16.850000381469727,97,74.40599822998047,40308.65,41014.35,40105.31,40442.62,-6.84874098134669e-05,909.0400000000009,Silver,SI=F,₹/kg,Precious Metal
2020-03-11,16.729000091552734,16.860000610351562,16.639999389648438,16.854999542236328,152,74.20500183105469,40211.69,40223.62,39698.76,39911.09,-0.013142818145807755,524.8600000000006,Silver,SI=F,₹/kg,Precious Metal
2020-03-12,15.961000442504883,16.614999771118164,15.600000381469727,16.43000030517578,51,74.76000213623047,39490.93,39935.59,37495.95,38363.64,-0.03877243142194309,2439.6399999999994,Silver,SI=F,₹/kg,Precious Metal
2020-03-13,14.456000328063965,15.765000343322754,14.425000190734863,15.755000114440918,506,75.30000305175781,38142.03,38166.24,34922.17,34997.22,-0.08775027604262786,3244.0699999999997,Silver,SI=F,₹/kg,Precious Metal
2020-03-16,12.772000312805176,14.885000228881836,11.850000381469727,14.885000228881836,104,73.90399932861328,35367.73,35367.73,28156.37,30347.11,-0.13287083945524814,7211.360000000004,Silver,SI=F,₹/kg,Precious Metal
2020-03-17,12.468999862670898,12.710000038146973,12.414999961853027,12.550000190734863,194,75.15499877929688,30324.39,30710.99,29998.19,30128.67,-0.007198049501254022,712.8000000000029,Silver,SI=F,₹/kg,Precious Metal
2020-03-18,11.734999656677246,12.824999809265137,11.734999656677246,12.5600004196167,184,74.01239776611328,29887.15,30517.73,27924.02,27924.02,-0.07317448795449644,2593.709999999999,Silver,SI=F,₹/kg,Precious Metal
2020-03-19,12.097000122070312,12.204999923706055,11.895000457763672,12.069999694824219,45,74.98200225830078,29097.44,29422.88,28675.56,29162.53,0.044352854639124306,747.3199999999997,Silver,SI=F,₹/kg,Precious Metal
2020-03-20,12.348999977111816,12.859999656677246,12.079999923706055,12.079999923706055,95,75.15969848632812,29190.56,31075.38,29190.56,29840.58,0.023250726188708715,1884.8199999999997,Silver,SI=F,₹/kg,Precious Metal
2020-03-23,13.225000381469727,13.225000381469727,12.899999618530273,12.899999618530273,139,75.62210083007812,31363.81,32153.99,31363.81,32153.99,0.07752563790650191,790.1800000000003,Silver,SI=F,₹/kg,Precious Metal
2020-03-24,14.229000091552734,14.229000091552734,13.359999656677246,13.359999656677246,176,76.50599670410156,32861.88,34999.38,32861.88,34999.38,0.08849259454269887,2137.5,Silver,SI=F,₹/kg,Precious Metal
2020-03-25,14.836999893188477,14.836999893188477,14.454999923706055,14.71500015258789,262,77.26000213623047,36551.52,36854.56,35905.69,36854.56,0.05300608182202082,948.8699999999953,Silver,SI=F,₹/kg,Precious Metal
2020-03-26,14.640000343322754,14.845000267028809,14.640000343322754,14.829999923706055,140,75.84549713134766,36162.74,36199.32,35699.43,35699.43,-0.031342932869094065,499.8899999999994,Silver,SI=F,₹/kg,Precious Metal
2020-03-27,14.498000144958496,14.498000144958496,14.335000038146973,14.335000038146973,919,74.72560119628906,34439.56,34831.16,34439.56,34831.16,-0.024321676844700213,391.6000000000058,Silver,SI=F,₹/kg,Precious Metal
2020-03-30,14.074000358581543,14.25,13.899999618530273,14.100000381469727,612,75.46499633789062,34210.16,34574.1,33724.91,34147.08,-0.019639885665593715,849.189999999995,Silver,SI=F,₹/kg,Precious Metal
2020-03-31,14.097999572753906,14.244999885559082,13.979999542236328,13.979999542236328,27,75.4000015258789,33889.8,34532.2,33889.8,34175.85,0.00084253177724114,642.3999999999942,Silver,SI=F,₹/kg,Precious Metal
2020-04-01,13.925999641418457,14.100000381469727,13.899999618530273,14.079999923706055,22,75.32499694824219,34098.26,34146.7,33662.34,33725.31,-0.01318299325400829,484.3600000000006,Silver,SI=F,₹/kg,Precious Metal
2020-04-02,14.595999717712402,14.595999717712402,14.154999732971191,14.180000305175781,30,77.56999969482422,35363.93,36401.4,35301.58,36401.4,0.0793496041993389,1099.8199999999997,Silver,SI=F,₹/kg,Precious Metal
2020-04-03,14.435999870300293,14.59000015258789,14.435999870300293,14.59000015258789,6,77.13999938964844,36184.73,36184.73,35802.8,35802.8,-0.01644442246726774,381.9300000000003,Silver,SI=F,₹/kg,Precious Metal
2020-04-06,15.111000061035156,15.111000061035156,14.550000190734863,14.550000190734863,28,76.2300033569336,35659.84,37034.76,35659.84,37034.76,0.0344095992492206,1374.9200000000055,Silver,SI=F,₹/kg,Precious Metal
2020-04-07,15.42199993133545,15.600000381469727,15.42199993133545,15.46500015258789,5,75.96489715576172,37770.55,38100.26,37665.53,37665.53,0.017031837117345905,434.7300000000032,Silver,SI=F,₹/kg,Precious Metal
2020-04-08,15.147000312805176,15.15999984741211,15.147000312805176,15.15999984741211,8,76.66000366210938,37364.44,37364.44,37332.4,37332.4,-0.0088444261902062,32.04000000000087,Silver,SI=F,₹/kg,Precious Metal
2020-04-09,15.994999885559082,15.994999885559082,15.140000343322754,15.140000343322754,15,75.95899963378906,36973.92,39061.95,36973.92,39061.95,0.046328390352615934,2088.029999999999,Silver,SI=F,₹/kg,Precious Metal
2020-04-13,15.479000091552734,15.479000091552734,15.479000091552734,15.479000091552734,0,76.16649627685547,37905.07,37905.07,37905.07,37905.07,-0.029616545000953565,0.0,Silver,SI=F,₹/kg,Precious Metal
2020-04-14,16.07200050354004,16.07200050354004,16.010000228881836,16.010000228881836,4,76.91000366210938,39588.09,39741.4,39588.09,39741.4,0.04844549818797339,153.31000000000495,Silver,SI=F,₹/kg,Precious Metal
2020-04-15,15.446999549865723,16.0049991607666,15.446999549865723,16.0049991607666,2,75.93099975585938,39071.96,39071.96,37709.75,37709.75,-0.05112175212750436,1362.2099999999991,Silver,SI=F,₹/kg,Precious Metal
2020-04-16,15.564000129699707,15.564000129699707,15.564000129699707,15.564000129699707,0,77.2125015258789,38636.63,38636.63,38636.63,38636.63,0.024579319671968136,0.0,Silver,SI=F,₹/kg,Precious Metal
2020-04-17,15.237000465393066,15.237000465393066,15.237000465393066,15.237000465393066,0,77.56999969482422,38000.01,38000.01,38000.01,38000.01,-0.016477109934277312,0.0,Silver,SI=F,₹/kg,Precious Metal
2020-04-20,15.555999755859375,15.555999755859375,15.555999755859375,15.555999755859375,0,76.55999755859375,38290.43,38290.43,38290.43,38290.43,0.007642629567728987,0.0,Silver,SI=F,₹/kg,Precious Metal
2020-04-21,14.817999839782715,15.430000305175781,14.817999839782715,15.430000305175781,3,77.20999908447266,38302.75,38302.75,36783.54,36783.54,-0.039354219840309956,1519.2099999999991,Silver,SI=F,₹/kg,Precious Metal
2020-04-22,15.277000427246094,15.277000427246094,15.277000427246094,15.277000427246094,1,76.96939849853516,37804.77,37804.77,37804.77,37804.77,0.027763233228775608,0.0,Silver,SI=F,₹/kg,Precious Metal
2020-04-23,15.347999572753906,15.664999961853027,15.347999572753906,15.430000305175781,21,76.4000015258789,37900.92,38478.15,37699.5,37699.5,-0.0027845692488011053,778.6500000000015,Silver,SI=F,₹/kg,Precious Metal
2020-04-24,15.253999710083008,15.253999710083008,15.253999710083008,15.253999710083008,10,76.42250061035156,37479.64,37479.64,37479.64,37479.64,-0.0058319075849812,0.0,Silver,SI=F,₹/kg,Precious Metal
2020-04-27,15.201000213623047,15.201000213623047,15.201000213623047,15.201000213623047,0,76.27149963378906,37275.62,37275.62,37275.62,37275.62,-0.0054434887848441305,0.0,Silver,SI=F,₹/kg,Precious Metal
2020-04-28,15.161999702453613,15.161999702453613,14.994999885559082,15.010000228881836,28284,76.1863021850586,36766.14,37138.45,36729.4,37138.45,-0.003679885136719574,409.04999999999563,Silver,SI=F,₹/kg,Precious Metal
2020-04-29,15.15999984741211,15.470000267028809,15.125,15.21500015258789,5434,76.46499633789062,37404.6,38031.5,37183.35,37269.39,0.0035257260332621776,848.1500000000015,Silver,SI=F,₹/kg,Precious Metal
2020-04-30,14.89799976348877,15.774999618530273,14.795000076293945,15.399999618530273,1859,75.25849914550781,37262.05,38169.4,35798.18,36047.4,-0.03278803328951718,2371.220000000001,Silver,SI=F,₹/kg,Precious Metal
2020-05-01,14.86299991607666,15.045000076293945,14.854999542236328,15.005000114440918,102,75.72000122070312,36528.94,36626.32,36163.77,36183.25,0.003768649056520079,462.5500000000029,Silver,SI=F,₹/kg,Precious Metal
2020-05-04,14.722000122070312,15.09000015258789,14.694999694824219,15.024999618530273,1228,75.60050201416016,36519.9,36677.89,35717.8,35783.43,-0.011049864232759665,960.0899999999965,Silver,SI=F,₹/kg,Precious Metal
2020-05-05,15.057000160217285,15.109999656677246,14.710000038146973,14.779999732971191,535,75.8499984741211,36042.96,36847.71,35872.26,36718.46,0.02613025078926201,975.4499999999971,Silver,SI=F,₹/kg,Precious Metal
2020-05-06,14.987000465393066,15.300000190734863,14.875,15.0,176,76.16999816894531,36733.78,37468.46,36427.67,36701.95,-0.00044963759373350953,1040.7900000000009,Silver,SI=F,₹/kg,Precious Metal
2020-05-07,15.562000274658203,15.585000038146973,15.125,15.125,13,76.15129852294922,37030.8,38157.03,37030.8,38100.72,0.038111598974986505,1126.229999999996,Silver,SI=F,₹/kg,Precious Metal
2020-05-08,15.739999771118164,15.800000190734863,15.5,15.555000305175781,59,76.08000183105469,38047.92,38647.2,37913.39,38500.44,0.010491140324907278,733.8099999999977,Silver,SI=F,₹/kg,Precious Metal
2020-05-11,15.63599967956543,15.63599967956543,15.585000038146973,15.585000038146973,2,75.5250015258789,37843.21,37967.05,37843.21,37967.05,-0.013854127381401349,123.84000000000378,Silver,SI=F,₹/kg,Precious Metal
2020-05-12,15.687000274658203,15.687000274658203,15.687000274658203,15.687000274658203,65,76.30999755859375,38486.8,38486.8,38486.8,38486.8,0.013689501818023864,0.0,Silver,SI=F,₹/kg,Precious Metal
2020-05-13,15.663000106811523,15.729999542236328,15.663000106811523,15.729999542236328,24,75.68000030517578,38273.68,38273.68,38110.66,38110.66,-0.009773220948480987,163.0199999999968,Silver,SI=F,₹/kg,Precious Metal
2020-05-14,16.13599967956543,16.13599967956543,16.0049991607666,16.0049991607666,49,75.42620086669922,38812.21,39129.88,38812.21,39129.88,0.02674369848226177,317.66999999999825,Silver,SI=F,₹/kg,Precious Metal
2020-05-15,17.04599952697754,17.04599952697754,16.5049991607666,16.540000915527344,57,75.48500061035156,40140.86,41368.86,40055.91,41368.86,0.05721918901872436,1312.949999999997,Silver,SI=F,₹/kg,Precious Metal
2020-05-18,17.464000701904297,17.584999084472656,17.219999313354492,17.219999313354492,155,75.81999969482422,41976.61,42866.36,41976.61,42571.4,0.029068724639741195,889.75,Silver,SI=F,₹/kg,Precious Metal
2020-05-19,17.892000198364258,17.892000198364258,17.700000762939453,17.700000762939453,13,75.60009765625,43021.55,43488.23,43021.55,43488.23,0.021536289621670868,466.6800000000003,Silver,SI=F,₹/kg,Precious Metal
2020-05-20,18.00200080871582,18.040000915527344,17.93000030517578,18.024999618530273,25,76.0,44043.24,44079.9,43811.12,43987.05,0.011470229990965475,268.77999999999884,Silver,SI=F,₹/kg,Precious Metal
2020-05-21,17.334999084472656,17.43000030517578,17.334999084472656,17.43000030517578,8,75.77999877929688,42466.1,42466.1,42234.65,42234.65,-0.0398389980687498,231.4499999999971,Silver,SI=F,₹/kg,Precious Metal
2020-05-22,17.663999557495117,17.690000534057617,17.385000228881836,17.385000228881836,52,75.625,42269.83,43011.41,42269.83,42948.19,0.016894658769517568,741.5800000000017,Silver,SI=F,₹/kg,Precious Metal
2020-05-26,17.565000534057617,17.885000228881836,17.55500030517578,17.885000228881836,23,76.11000061035156,43764.41,43764.41,42956.91,42981.38,0.0007727915891215797,807.5,Silver,SI=F,₹/kg,Precious Metal
2020-05-27,17.68600082397461,17.68600082397461,17.68600082397461,17.68600082397461,103,75.81999969482422,43112.56,43112.56,43112.56,43112.56,0.0030520192697396364,0.0,Silver,SI=F,₹/kg,Precious Metal
2020-05-28,17.895000457763672,17.924999237060547,17.78499984741211,17.78499984741211,61,76.12999725341797,43531.15,43873.81,43531.15,43800.39,0.015954283392125124,342.6599999999962,Silver,SI=F,₹/kg,Precious Metal
2020-05-29,18.440000534057617,18.440000534057617,17.864999771118164,17.864999771118164,25,75.95999908447266,43629.32,45033.56,43629.32,45033.56,0.028154315520934725,1404.239999999998,Silver,SI=F,₹/kg,Precious Metal
2020-06-01,18.76799964904785,18.815000534057617,18.56999969482422,18.78499984741211,22,75.51319885253906,45606.26,45679.1,45084.29,45564.99,0.011800754814853542,594.8099999999977,Silver,SI=F,₹/kg,Precious Metal
2020-06-02,18.207000732421875,18.350000381469727,18.207000732421875,18.207000732421875,5,75.7300033569336,44329.91,44678.08,44329.91,44329.91,-0.027105898629627534,348.16999999999825,Silver,SI=F,₹/kg,Precious Metal
2020-06-03,17.92099952697754,17.92099952697754,17.645000457763672,17.690000534057617,40,75.06580352783203,42693.37,43250.87,42584.76,43250.87,-0.024341127694597176,666.1100000000006,Silver,SI=F,₹/kg,Precious Metal
2020-06-04,18.02400016784668,18.02400016784668,17.850000381469727,17.850000381469727,25,75.54499816894531,43354.52,43777.13,43354.52,43777.13,0.012167616512685164,422.6100000000006,Silver,SI=F,₹/kg,Precious Metal
2020-06-05,17.44300079345703,17.5049991607666,17.44300079345703,17.5,12,75.49089813232422,42473.99,42486.12,42335.65,42335.65,-0.03292769535143114,150.47000000000116,Silver,SI=F,₹/kg,Precious Metal
2020-06-08,17.868000030517578,17.885000228881836,17.780000686645508,17.780000686645508,15,75.5177001953125,43168.9,43423.83,43168.9,43382.56,0.024728804211108013,254.9300000000003,Silver,SI=F,₹/kg,Precious Metal
2020-06-09,17.77400016784668,17.829999923706055,17.71500015258789,17.829999923706055,3,75.625,43351.8,43351.8,43072.19,43215.65,-0.0038473985859754922,279.6100000000006,Silver,SI=F,₹/kg,Precious Metal
2020-06-10,17.775999069213867,17.775999069213867,17.775999069213867,17.775999069213867,0,75.50980377197266,43154.67,43154.67,43154.67,43154.67,-0.0014110628904112632,0.0,Silver,SI=F,₹/kg,Precious Metal
2020-06-11,17.868999481201172,18.084999084472656,17.829999923706055,18.084999084472656,5,75.875,44117.17,44117.17,43495.11,43590.25,0.010093461495592537,622.0599999999977,Silver,SI=F,₹/kg,Precious Metal
2020-06-12,17.461999893188477,17.75,17.461999893188477,17.75,13,76.38999938964844,43593.86,43593.86,42886.53,42886.53,-0.016143977150853694,707.3300000000017,Silver,SI=F,₹/kg,Precious Metal
2020-06-15,17.378999710083008,17.5,17.378999710083008,17.378999710083008,1,75.95680236816406,42440.64,42736.13,42440.64,42440.64,-0.010396970797124427,295.48999999999796,Silver,SI=F,₹/kg,Precious Metal
2020-06-16,17.631999969482422,17.75,17.479999542236328,17.545000076293945,6,75.97799682617188,42857.97,43358.74,42699.2,43070.49,0.014840728132280656,659.5400000000009,Silver,SI=F,₹/kg,Precious Metal
2020-06-17,17.756999969482422,17.756999969482422,17.520000457763672,17.520000457763672,5,76.65499877929688,43178.25,43762.34,43178.25,43762.34,0.016063202438606927,584.0899999999965,Silver,SI=F,₹/kg,Precious Metal
2020-06-18,17.493000030517578,17.4950008392334,17.493000030517578,17.493000030517578,1,76.55000305175781,43052.66,43057.58,43052.66,43052.66,-0.01621668311155189,4.919999999998254,Silver,SI=F,₹/kg,Precious Metal
2020-06-19,17.832000732421875,17.832000732421875,17.832000732421875,17.832000732421875,0,76.40039825439453,43801.21,43801.21,43801.21,43801.21,0.01738684671283952,0.0,Silver,SI=F,₹/kg,Precious Metal
2020-06-22,17.886999130249023,17.886999130249023,17.886999130249023,17.886999130249023,7,76.2520980834961,43851.02,43851.02,43851.02,43851.02,0.001137183196537217,0.0,Silver,SI=F,₹/kg,Precious Metal
2020-06-23,18.051000595092773,18.051000595092773,18.0049991607666,18.0049991607666,4,75.78980255126953,43872.7,43984.79,43872.7,43984.79,0.0030505561786249302,112.09000000000378,Silver,SI=F,₹/kg,Precious Metal
2020-06-24,17.658000946044922,17.815000534057617,17.658000946044922,17.790000915527344,2,75.60780334472656,43244.71,43305.48,42923.84,42923.84,-0.02412083813518273,381.6400000000067,Silver,SI=F,₹/kg,Precious Metal
2020-06-25,17.882999420166016,17.882999420166016,17.7549991607666,17.764999389648438,9,75.97000122070312,43390.81,43679.02,43366.39,43679.02,0.017593486510060652,312.6299999999974,Silver,SI=F,₹/kg,Precious Metal
2020-06-26,18.023000717163086,18.023000717163086,18.023000717163086,18.023000717163086,41651,75.53980255126953,43771.7,43771.7,43771.7,43771.7,0.002121842477235125,0.0,Silver,SI=F,₹/kg,Precious Metal
2020-06-29,17.979999542236328,18.149999618530273,17.825000762939453,17.969999313354492,8797,75.61979675292969,43689.19,44126.81,43336.67,43713.5,-0.0013296262196806907,790.1399999999994,Silver,SI=F,₹/kg,Precious Metal
2020-06-30,18.541000366210938,18.541000366210938,17.940000534057617,18.024999618530273,1718,75.69999694824219,43869.39,45125.23,43662.51,45125.23,0.03229505759090445,1462.7200000000012,Silver,SI=F,₹/kg,Precious Metal
2020-07-01,18.132999420166016,18.704999923706055,18.079999923706055,18.485000610351562,370,75.75,45018.66,45554.45,44032.31,44161.39,-0.021359226313084845,1522.1399999999994,Silver,SI=F,₹/kg,Precious Metal
2020-07-02,18.243999481201172,18.243999481201172,17.94499969482422,18.21500015258789,135,75.45490264892578,44188.28,44258.63,43533.28,44258.63,0.0022019234448915626,725.3499999999985,Silver,SI=F,₹/kg,Precious Metal
2020-07-06,18.503999710083008,18.645000457763672,18.209999084472656,18.225000381469727,434,74.6792984008789,43758.07,44766.49,43722.06,44427.95,0.0038256945594565828,1044.4300000000003,Silver,SI=F,₹/kg,Precious Metal
2020-07-07,18.628000259399414,18.628000259399414,18.219999313354492,18.219999313354492,263,74.60759735107422,43704.07,44682.73,43704.07,44682.73,0.0057346782824776454,978.6600000000035,Silver,SI=F,₹/kg,Precious Metal
2020-07-08,19.08099937438965,19.1299991607666,18.655000686645508,18.655000686645508,249,75.125,45057.82,46205.1,45057.82,46086.74,0.031421759592576315,1147.2799999999988,Silver,SI=F,₹/kg,Precious Metal
2020-07-09,18.881999969482422,19.364999771118164,18.834999084472656,19.094999313354492,374,74.93990325927734,46006.93,46657.46,45380.49,45493.73,-0.012867258565044892,1276.9700000000012,Silver,SI=F,₹/kg,Precious Metal
2020-07-10,18.982999801635742,19.030000686645508,18.982999801635742,19.030000686645508,62,75.33999633789062,46095.11,46095.11,45981.26,45981.26,0.010716421801421738,113.84999999999854,Silver,SI=F,₹/kg,Precious Metal
2020-07-13,19.708999633789062,19.708999633789062,19.155000686645508,19.155000686645508,58,75.15850067138672,46286.11,47624.8,46286.11,47624.8,0.0357436921041312,1338.6900000000023,Silver,SI=F,₹/kg,Precious Metal
2020-07-14,19.451000213623047,19.46500015258789,19.2549991607666,19.3700008392334,59,75.44999694824219,46987.17,47217.62,46708.2,47183.66,-0.009262821051217007,509.42000000000553,Silver,SI=F,₹/kg,Precious Metal
2020-07-15,19.684999465942383,19.71500015258789,19.485000610351562,19.600000381469727,42,75.57499694824219,47623.87,47903.29,47344.44,47830.4,0.013706863774450628,558.8499999999985,Silver,SI=F,₹/kg,Precious Metal
2020-07-16,19.496999740600586,19.795000076293945,19.496999740600586,19.790000915527344,12,75.1249008178711,47799.15,47811.22,47091.46,47091.46,-0.015449170402087375,719.760000000002,Silver,SI=F,₹/kg,Precious Metal
2020-07-17,19.684999465942383,19.709999084472656,19.350000381469727,19.350000381469727,31,75.17449951171875,46767.26,47637.35,46767.26,47576.93,0.010309087889821322,870.0899999999965,Silver,SI=F,₹/kg,Precious Metal
2020-07-20,20.124000549316406,20.274999618530273,20.12299919128418,20.200000762939453,10,74.89730072021484,48641.61,48822.21,48456.2,48458.61,0.01853167070678996,366.01000000000204,Silver,SI=F,₹/kg,Precious Metal
2020-07-21,21.496999740600586,21.565000534057617,20.274999618530273,20.28499984741211,385,74.98999786376953,48906.75,51992.8,48882.64,51828.86,0.06954904401921547,3110.1600000000035,Silver,SI=F,₹/kg,Precious Metal
2020-07-22,23.08300018310547,23.30500030517578,21.895000457763672,22.649999618530273,792,74.7699966430664,54448.51,56023.07,52633.56,55489.4,0.07062744578985525,3389.510000000002,Silver,SI=F,₹/kg,Precious Metal
2020-07-23,22.94499969482422,23.325000762939453,22.665000915527344,23.06999969482422,200,74.81999969482422,55495.24,56108.65,54521.01,55194.55,-0.005313627467588344,1587.6399999999994,Silver,SI=F,₹/kg,Precious Metal
2020-07-24,22.808000564575195,23.06999969482422,22.808000564575195,23.065000534057617,189,74.80729675292969,55473.79,55485.82,54855.68,54855.68,-0.006139555445238698,630.1399999999994,Silver,SI=F,₹/kg,Precious Metal
2020-07-27,24.47599983215332,24.709999084472656,24.19499969482422,24.325000762939453,599,74.75980377197266,58467.09,59392.46,58154.62,58830.02,0.07245083827235388,1237.8399999999965,Silver,SI=F,₹/kg,Precious Metal
2020-07-28,24.266000747680664,26.020000457763672,23.94499969482422,26.020000457763672,124,75.0,62742.09,62742.09,57738.64,58512.67,-0.005394354786892763,5003.449999999997,Silver,SI=F,₹/kg,Precious Metal
2020-07-29,24.292999267578125,24.292999267578125,24.209999084472656,24.209999084472656,304,75.08999633789062,58447.68,58648.06,58447.68,58648.06,0.002313857836260036,200.37999999999738,Silver,SI=F,₹/kg,Precious Metal
2020-07-30,23.34000015258789,24.260000228881836,23.114999771118164,24.260000228881836,183,74.8311996459961,58366.54,58366.54,55611.81,56153.13,-0.04254070808139265,2754.730000000003,Silver,SI=F,₹/kg,Precious Metal
2020-07-31,24.18899917602539,24.385000228881836,23.565000534057617,23.59000015258789,220,74.98999786376953,56875.04,58791.77,56814.77,58319.22,0.03857469743894959,1977.0,Silver,SI=F,₹/kg,Precious Metal
2020-08-03,24.389999389648438,24.389999389648438,24.389999389648438,24.389999389648438,51,74.91780090332031,58747.21,58747.21,58747.21,58747.21,0.007338746985985134,0.0,Silver,SI=F,₹/kg,Precious Metal
2020-08-04,26.011999130249023,26.21500015258789,25.774999618530273,25.899999618530273,109,75.33000183105469,62727.53,63490.43,62424.79,62998.78,0.07237058576909439,1065.6399999999994,Silver,SI=F,₹/kg,Precious Metal
2020-08-05,26.87700080871582,27.059999465942383,26.024999618530273,26.024999618530273,30,75.25,62963.33,65467.34,62963.33,65024.61,0.03215665446219762,2504.0099999999948,Silver,SI=F,₹/kg,Precious Metal
2020-08-06,28.386999130249023,28.850000381469727,27.53499984741211,27.684999465942383,79,74.8822021484375,66652.06,69456.81,66290.93,68342.13,0.051019452481145366,3165.8800000000047,Silver,SI=F,₹/kg,Precious Metal
2020-08-07,27.533000946044922,29.530000686645508,27.524999618530273,29.530000686645508,37,74.8998031616211,71110.64,71110.64,66282.43,66301.7,-0.029856107791782382,4828.210000000006,Silver,SI=F,₹/kg,Precious Metal
2020-08-10,29.249000549316406,29.249000549316406,28.114999771118164,28.200000762939453,8,75.0248031616211,68021.22,70551.51,67816.19,70551.51,0.06409805480100816,2735.3199999999924,Silver,SI=F,₹/kg,Precious Metal
2020-08-11,26.03700065612793,28.959999084472656,24.5,28.959999084472656,27,75.0999984741211,69924.43,69924.43,59155.68,62866.79,-0.10892353685980627,10768.749999999993,Silver,SI=F,₹/kg,Precious Metal
2020-08-12,25.954999923706055,25.954999923706055,25.2450008392334,25.2450008392334,6,74.9000015258789,60792.17,62501.91,60792.17,62501.91,-0.005804018306008629,1709.7400000000052,Silver,SI=F,₹/kg,Precious Metal
2020-08-13,27.694000244140625,27.694000244140625,26.3799991607666,26.385000228881836,30,74.77210235595703,63428.89,66575.7,63416.87,66575.7,0.06517864814051277,3158.8299999999945,Silver,SI=F,₹/kg,Precious Metal
2020-08-14,26.065000534057617,27.684999465942383,25.905000686645508,27.225000381469727,17,75.02999877929688,65673.97,66783.61,62489.78,62875.74,-0.05557523240461604,4293.830000000002,Silver,SI=F,₹/kg,Precious Metal
2020-08-17,27.64299964904785,27.64299964904785,26.56999969482422,26.735000610351562,15,74.90280151367188,64382.63,66569.25,63985.28,66569.25,0.05874300644413899,2583.970000000001,Silver,SI=F,₹/kg,Precious Metal
2020-08-18,28.048999786376953,28.260000228881836,27.295000076293945,27.295000076293945,13,75.0,65816.5,68143.41,65816.5,67634.62,0.01600393575111614,2326.9100000000035,Silver,SI=F,₹/kg,Precious Metal
2020-08-19,27.315000534057617,27.815000534057617,27.315000534057617,27.46500015258789,10,74.79499816894531,66045.4,66887.05,65684.7,65684.7,-0.028830205595891556,1202.3500000000058,Silver,SI=F,₹/kg,Precious Metal
2020-08-20,27.121999740600586,27.121999740600586,27.121999740600586,27.121999740600586,0,74.966796875,65370.39,65370.39,65370.39,65370.39,-0.00478513261079061,0.0,Silver,SI=F,₹/kg,Precious Metal
2020-08-21,26.707000732421875,27.475000381469727,26.707000732421875,27.475000381469727,23,74.9999008178711,66250.45,66250.45,64398.57,64398.57,-0.014866363807834126,1851.8799999999974,Silver,SI=F,₹/kg,Precious Metal
2020-08-24,26.58799934387207,26.780000686645508,26.58799934387207,26.780000686645508,3,74.92179870605469,64507.35,64507.35,64044.86,64044.86,-0.005492513265434318,462.48999999999796,Silver,SI=F,₹/kg,Precious Metal
2020-08-25,26.253999710083008,26.78499984741211,26.253999710083008,26.78499984741211,27,74.4000015258789,64070.04,64070.04,62799.89,62799.89,-0.01943903070441566,1270.1500000000015,Silver,SI=F,₹/kg,Precious Metal
2020-08-26,27.43000030517578,27.43000030517578,26.954999923706055,26.9950008392334,13,74.45249938964844,64617.93,65659.19,64522.18,65659.19,0.04553033452765609,1137.010000000002,Silver,SI=F,₹/kg,Precious Metal
2020-08-27,27.010000228881836,27.165000915527344,26.809999465942383,26.809999465942383,131415,74.24009704589844,63992.01,64839.36,63992.01,64469.39,-0.01812084492665844,847.3499999999985,Silver,SI=F,₹/kg,Precious Metal
2020-08-28,27.610000610351562,27.81999969482422,26.889999389648438,27.1200008392334,9048,73.77449798583984,64325.98,65986.31,63780.44,65488.21,0.015803158677319518,2205.8699999999953,Silver,SI=F,₹/kg,Precious Metal
2020-08-31,28.437000274658203,28.485000610351562,27.719999313354492,27.725000381469727,657,73.12830352783203,65184.97,66971.83,65173.22,66858.97,0.020931401240009473,1798.6100000000006,Silver,SI=F,₹/kg,Precious Metal
2020-09-01,28.486000061035156,29.049999237060547,27.860000610351562,28.350000381469727,494,73.66999816894531,67148.17,68806.14,65987.58,67470.29,0.009143425332457156,2818.5599999999977,Silver,SI=F,₹/kg,Precious Metal
2020-09-02,27.249000549316406,28.270000457763672,27.225000381469727,28.165000915527344,490,73.2699966430664,66347.78,66595.12,64133.43,64189.97,-0.048618732778531015,2461.689999999995,Silver,SI=F,₹/kg,Precious Metal
2020-09-03,26.735000610351562,27.55500030517578,26.489999771118164,27.55500030517578,487,73.24849700927734,64891.76,64891.76,62383.7,62960.67,-0.019150967043605194,2508.060000000005,Silver,SI=F,₹/kg,Precious Metal
2020-09-04,26.576000213623047,26.950000762939453,26.395000457763672,26.799999237060547,614,73.4478988647461,63285.55,63639.77,62329.19,62756.6,-0.0032412298026688324,1310.5799999999945,Silver,SI=F,₹/kg,Precious Metal
2020-09-08,26.86400032043457,27.06999969482422,26.0049991607666,26.920000076293945,545,73.6500015258789,63743.84,64099.03,61577.21,63611.24,0.013618328590140338,2521.8199999999997,Silver,SI=F,₹/kg,Precious Metal
2020-09-09,26.954999923706055,27.145000457763672,26.579999923706055,26.579999923706055,238,73.78679656982422,63055.66,64396.01,63055.66,63945.27,0.005251115997738642,1340.3499999999985,Silver,SI=F,₹/kg,Precious Metal
2020-09-10,27.163000106811523,27.163000106811523,27.163000106811523,27.163000106811523,66,73.55000305175781,64231.91,64231.91,64231.91,64231.91,0.0044825833091330924,0.0,Silver,SI=F,₹/kg,Precious Metal
2020-09-11,26.73900032043457,27.094999313354492,26.73900032043457,27.09000015258789,198,73.52729797363281,64039.52,64051.33,63209.77,63209.77,-0.015913274258853694,841.560000000005,Silver,SI=F,₹/kg,Precious Metal
2020-09-14,27.229000091552734,27.350000381469727,26.90999984741211,26.90999984741211,147,73.47859954833984,63571.87,64611.32,63571.87,64325.47,0.017650752407420534,1039.449999999997,Silver,SI=F,₹/kg,Precious Metal
2020-09-15,27.34600067138672,27.545000076293945,27.170000076293945,27.524999618530273,80,73.61499786376953,65145.45,65192.78,64305.24,64721.8,0.006161323034250765,887.5400000000009,Silver,SI=F,₹/kg,Precious Metal
2020-09-16,27.354999542236328,27.485000610351562,27.100000381469727,27.31999969482422,233,73.80000305175781,64822.76,65214.26,64300.76,64905.8,0.002842937001134027,913.5,Silver,SI=F,₹/kg,Precious Metal
2020-09-17,26.985000610351562,27.235000610351562,26.520000457763672,27.235000610351562,343,73.55069732666016,64402.78,64402.78,62712.01,63811.6,-0.01685827768858872,1690.7699999999968,Silver,SI=F,₹/kg,Precious Metal
2020-09-18,27.027999877929688,27.309999465942383,27.027999877929688,27.28499984741211,160,73.58360290527344,64549.88,64609.02,63941.88,63941.88,0.0020416350632173064,667.1399999999994,Silver,SI=F,₹/kg,Precious Metal
2020-09-21,24.298999786376953,26.329999923706055,24.075000762939453,26.329999923706055,148,73.53479766845703,62249.26,62249.26,56918.0,57447.58,-0.10156567182572662,5331.260000000002,Silver,SI=F,₹/kg,Precious Metal
2020-09-22,24.441999435424805,24.56999969482422,24.15999984741211,24.459999084472656,156,73.57980346679688,57863.61,58123.83,57153.91,57821.03,0.006500708994182203,969.9199999999983,Silver,SI=F,₹/kg,Precious Metal
2020-09-23,23.013999938964844,24.0,23.0,24.0,85,73.50299835205078,56716.15,56716.15,54352.98,54386.06,-0.059406932045313,2363.1699999999983,Silver,SI=F,₹/kg,Precious Metal
2020-09-24,23.118000030517578,23.25,21.959999084472656,22.0,43,73.77839660644531,52184.6,55149.63,52089.71,54836.52,0.008282637131647341,3059.9199999999983,Silver,SI=F,₹/kg,Precious Metal
2020-09-25,23.017000198364258,23.017000198364258,22.729999542236328,22.75,21,73.68240356445312,53893.4,54525.91,53846.02,54525.91,-0.005664290877685052,679.8900000000067,Silver,SI=F,₹/kg,Precious Metal
2020-09-28,23.527999877929688,23.527999877929688,22.69499969482422,22.739999771118164,348,73.69930267333984,53882.07,55749.22,53775.44,55749.22,0.02243538897379249,1973.7799999999988,Silver,SI=F,₹/kg,Precious Metal
2020-09-29,24.3799991607666,24.440000534057617,23.649999618530273,23.7450008392334,397,73.9749984741211,56473.87,58126.83,56247.93,57984.12,0.04008845325548949,1878.9000000000015,Silver,SI=F,₹/kg,Precious Metal
2020-09-30,23.433000564575195,24.360000610351562,23.354999542236328,24.360000610351562,72,73.84500122070312,57834.75,57834.75,55448.7,55633.89,-0.04053230436195299,2386.050000000003,Silver,SI=F,₹/kg,Precious Metal
2020-10-01,24.19300079345703,24.19300079345703,23.395000457763672,23.395000457763672,214,73.70500183105469,55438.37,57329.37,55438.37,57329.37,0.03047566869762308,1891.0,Silver,SI=F,₹/kg,Precious Metal
2020-10-02,23.97100067138672,24.149999618530273,23.579999923706055,23.735000610351562,101,73.21700286865234,55871.67,56848.57,55506.8,56427.21,-0.015736436664139264,1341.7699999999968,Silver,SI=F,₹/kg,Precious Metal
2020-10-05,24.50200080871582,24.545000076293945,23.78499984741211,23.834999084472656,206,73.32240295410156,56187.83,57861.56,56069.96,57760.2,0.02362317754147325,1791.5999999999985,Silver,SI=F,₹/kg,Precious Metal
2020-10-06,23.8700008392334,24.469999313354492,23.8700008392334,24.469999313354492,17,73.1082992553711,57516.32,57516.32,56106.03,56106.03,-0.02863857812126691,1410.2900000000009,Silver,SI=F,₹/kg,Precious Metal
2020-10-07,23.847999572753906,23.90999984741211,23.454999923706055,23.4950008392334,6,73.81500244140625,55758.43,56743.31,55663.5,56596.17,0.008735959396877657,1079.8099999999977,Silver,SI=F,₹/kg,Precious Metal
2020-10-08,23.836999893188477,24.174999237060547,23.836999893188477,24.06999969482422,19,73.5425033569336,56912.14,57160.41,56361.23,56361.23,-0.004151164292566012,799.1800000000003,Silver,SI=F,₹/kg,Precious Metal
2020-10-09,25.069000244140625,25.235000610351562,24.31999969482422,24.31999969482422,123,73.28050231933594,57298.39,59454.15,57298.39,59063.05,0.047937562753687324,2155.760000000002,Silver,SI=F,₹/kg,Precious Metal
2020-10-12,25.22599983215332,25.459999084472656,25.22599983215332,25.28499984741211,64,73.01480102539062,59355.95,59766.76,59217.45,59217.45,0.0026141555507206427,549.310000000005,Silver,SI=F,₹/kg,Precious Metal
2020-10-13,24.086000442504883,25.110000610351562,24.086000442504883,25.09000015258789,70,73.35079956054688,59169.23,59216.4,56801.52,56801.52,-0.04079760273365374,2414.8800000000047,Silver,SI=F,₹/kg,Precious Metal
2020-10-14,24.36400032043457,24.36400032043457,24.36400032043457,24.36400032043457,46,73.62000274658203,57668.0,57668.0,57668.0,57668.0,0.015254521357879192,0.0,Silver,SI=F,₹/kg,Precious Metal
2020-10-15,24.19300079345703,24.19300079345703,24.19300079345703,24.19300079345703,16,73.29620361328125,57011.39,57011.39,57011.39,57011.39,-0.01138603731705623,0.0,Silver,SI=F,₹/kg,Precious Metal
2020-10-16,24.368999481201172,24.368999481201172,24.229999542236328,24.229999542236328,204,73.37100219726562,57156.85,57484.74,57156.85,57484.74,0.008302726876155742,327.8899999999994,Silver,SI=F,₹/kg,Precious Metal
2020-10-19,24.656999588012695,24.815000534057617,24.656999588012695,24.7549991607666,22,73.44380187988281,58453.23,58594.91,58221.82,58221.82,0.01282218550523151,373.0900000000038,Silver,SI=F,₹/kg,Precious Metal
2020-10-20,24.937000274658203,24.937000274658203,24.937000274658203,24.937000274658203,24,73.57499694824219,58988.17,58988.17,58988.17,58988.17,0.013162590932402907,0.0,Silver,SI=F,₹/kg,Precious Metal
2020-10-21,25.19700050354004,25.295000076293945,24.790000915527344,24.790000915527344,16,73.64749908447266,58698.23,59893.97,58698.23,59661.93,0.011421951214964032,1195.739999999998,Silver,SI=F,₹/kg,Precious Metal
2020-10-22,24.665000915527344,24.665000915527344,24.665000915527344,24.665000915527344,0,73.6812973022461,58429.05,58429.05,58429.05,58429.05,-0.020664433751975464,0.0,Silver,SI=F,₹/kg,Precious Metal
2020-10-23,24.62700080871582,24.62700080871582,24.62700080871582,24.62700080871582,0,73.72000122070312,58369.68,58369.68,58369.68,58369.68,-0.0010161041468242926,0.0,Silver,SI=F,₹/kg,Precious Metal
2020-10-26,24.375999450683594,24.375999450683594,24.375999450683594,24.375999450683594,0,73.8228988647461,57855.41,57855.41,57855.41,57855.41,-0.008810567404172742,0.0,Silver,SI=F,₹/kg,Precious Metal
2020-10-27,24.525999069213867,24.525999069213867,24.31999969482422,24.3700008392334,2,73.94850158691406,57939.58,58310.47,57820.7,58310.47,0.007865470143587183,489.7700000000041,Silver,SI=F,₹/kg,Precious Metal
2020-10-28,23.323999404907227,23.323999404907227,23.323999404907227,23.323999404907227,182,73.80500030517578,55345.11,55345.11,55345.11,55345.11,-0.050854674983755066,0.0,Silver,SI=F,₹/kg,Precious Metal
2020-10-29,23.339000701904297,23.339000701904297,22.959999084472656,23.045000076293945,27,74.44000244140625,55153.56,55857.19,54950.12,55857.19,0.009252488611911636,907.0699999999997,Silver,SI=F,₹/kg,Precious Metal
2020-10-30,23.617000579833984,23.617000579833984,23.617000579833984,23.617000579833984,57,74.26399993896484,56388.89,56388.89,56388.89,56388.89,0.009518917797332715,0.0,Silver,SI=F,₹/kg,Precious Metal
2020-11-02,24.006000518798828,24.200000762939453,24.006000518798828,24.014999389648438,68,74.55049896240234,57560.37,58003.79,57538.8,57538.8,0.020392492209015067,464.98999999999796,Silver,SI=F,₹/kg,Precious Metal
2020-11-03,24.30500030517578,24.30500030517578,24.15999984741211,24.30500030517578,109,74.45680236816406,58182.24,58182.24,57835.13,58182.24,0.01118271496798684,347.1100000000006,Silver,SI=F,₹/kg,Precious Metal
2020-11-04,23.86400032043457,24.0049991607666,23.68000030517578,23.68000030517578,20,74.65560150146484,56837.44,57617.52,56837.44,57279.09,-0.015522778084858913,780.0799999999945,Silver,SI=F,₹/kg,Precious Metal
2020-11-05,25.17099952697754,25.17099952697754,24.799999237060547,24.799999237060547,79,74.37999725341797,59305.95,60193.15,59305.95,60193.15,0.05087476075475372,887.2000000000044,Silver,SI=F,₹/kg,Precious Metal
2020-11-06,25.645999908447266,25.90999984741211,25.200000762939453,25.225000381469727,66,74.12000274658203,60111.43,61743.79,60051.85,61114.67,0.015309383210547978,1691.9400000000023,Silver,SI=F,₹/kg,Precious Metal
2020-11-09,23.684999465942383,23.684999465942383,23.684999465942383,23.684999465942383,0,73.97979736328125,56334.83,56334.83,56334.83,56334.83,-0.07821100891160826,0.0,Silver,SI=F,₹/kg,Precious Metal
2020-11-10,24.445999145507812,24.445999145507812,24.209999084472656,24.21500015258789,6,73.95320129394531,57574.73,58123.96,57562.84,58123.96,0.03175886037110609,561.1200000000026,Silver,SI=F,₹/kg,Precious Metal
2020-11-11,24.250999450683594,24.250999450683594,23.94499969482422,23.94499969482422,5,74.28160095214844,57185.58,57916.37,57185.58,57916.37,-0.003571504763267952,730.7900000000009,Silver,SI=F,₹/kg,Precious Metal
2020-11-12,24.290000915527344,24.290000915527344,24.290000915527344,24.290000915527344,0,74.56999969482422,58234.74,58234.74,58234.74,58234.74,0.0054970641288463185,0.0,Silver,SI=F,₹/kg,Precious Metal
2020-11-13,24.759000778198242,24.759000778198242,24.759000778198242,24.759000778198242,0,74.86499786376953,59593.98,59593.98,59593.98,59593.98,0.023340706938848044,0.0,Silver,SI=F,₹/kg,Precious Metal
2020-11-16,24.785999298095703,24.785999298095703,24.785999298095703,24.785999298095703,0,74.48770141601562,59358.3,59358.3,59358.3,59358.3,-0.003954761873598667,0.0,Silver,SI=F,₹/kg,Precious Metal
2020-11-17,24.635000228881836,24.760000228881836,24.635000228881836,24.760000228881836,2,74.41809844970703,59240.63,59240.63,58941.55,58941.55,-0.007020922095140825,299.07999999999447,Silver,SI=F,₹/kg,Precious Metal
2020-11-18,24.433000564575195,24.433000564575195,24.433000564575195,24.433000564575195,38,74.47969818115234,58506.64,58506.64,58506.64,58506.64,-0.007378665813844498,0.0,Silver,SI=F,₹/kg,Precious Metal
2020-11-19,24.033000946044922,24.033000946044922,24.033000946044922,24.033000946044922,0,74.41999816894531,57502.68,57502.68,57502.68,57502.68,-0.017159761695424658,0.0,Silver,SI=F,₹/kg,Precious Metal
2020-11-20,24.347999572753906,24.347999572753906,24.347999572753906,24.347999572753906,0,74.09960174560547,58005.56,58005.56,58005.56,58005.56,0.008745331521939459,0.0,Silver,SI=F,₹/kg,Precious Metal
2020-11-23,23.624000549316406,23.624000549316406,23.624000549316406,23.624000549316406,1,74.16239929199219,56328.43,56328.43,56328.43,56328.43,-0.02891326279756623,0.0,Silver,SI=F,₹/kg,Precious Metal
2020-11-24,23.29199981689453,23.329999923706055,23.29199981689453,23.329999923706055,2,74.24490356445312,55689.31,55689.31,55598.6,55598.6,-0.012956689898866336,90.70999999999913,Silver,SI=F,₹/kg,Precious Metal
2020-11-25,23.356000900268555,23.356000900268555,23.356000900268555,23.356000900268555,57047,73.96080017089844,55538.04,55538.04,55538.04,55538.04,-0.0010892360599007445,0.0,Silver,SI=F,₹/kg,Precious Metal
2020-11-27,22.55299949645996,23.5049991607666,22.325000762939453,23.375,18893,74.04879760742188,55649.35,55958.84,53149.59,53692.39,-0.033232177440903565,2809.25,Silver,SI=F,₹/kg,Precious Metal
2020-11-30,22.534000396728516,22.739999771118164,22.0049991607666,22.739999771118164,1677,73.94090270996094,54058.7,54058.7,52311.42,53568.99,-0.002298277279145222,1747.2799999999988,Silver,SI=F,₹/kg,Precious Metal
2020-12-01,24.033000946044922,24.094999313354492,22.649999618530273,22.665000915527344,703,74.02519989013672,53941.84,57345.18,53906.14,57197.63,0.06773769675328944,3439.040000000001,Silver,SI=F,₹/kg,Precious Metal
2020-12-02,24.024999618530273,24.375,23.639999389648438,23.915000915527344,303,73.65499877929688,56632.15,57721.46,55980.93,56892.64,-0.005332213939633457,1740.5299999999988,Silver,SI=F,₹/kg,Precious Metal
2020-12-03,24.086999893188477,24.34000015258789,24.0049991607666,24.100000381469727,136,73.66259765625,57076.13,57644.52,56851.14,57045.34,0.002684002711071276,793.3799999999974,Silver,SI=F,₹/kg,Precious Metal
2020-12-04,24.202999114990234,24.4950008392334,24.079999923706055,24.1200008392334,444,73.86489868164062,57280.38,58170.93,57185.38,57477.48,0.0075753777609179895,985.5500000000029,Silver,SI=F,₹/kg,Precious Metal
2020-12-07,24.740999221801758,24.850000381469727,23.71500015258789,24.235000610351562,239,73.79029846191406,57495.35,58954.38,56261.7,58695.79,0.02119630157759178,2692.6800000000003,Silver,SI=F,₹/kg,Precious Metal
2020-12-08,24.68400001525879,24.764999389648438,24.6299991607666,24.7549991607666,70,74.0199966430664,58911.82,58935.61,58614.34,58742.85,0.0008017610803090491,321.2700000000041,Silver,SI=F,₹/kg,Precious Metal
2020-12-09,23.93000030517578,24.655000686645508,23.780000686645508,24.655000686645508,53,73.72640228271484,58441.12,58441.12,56367.05,56722.61,-0.03439124931800208,2074.0699999999997,Silver,SI=F,₹/kg,Precious Metal
2020-12-10,24.0310001373291,24.309999465942383,23.94499969482422,23.94499969482422,23,73.93499755859375,56918.75,57786.37,56918.75,57123.18,0.007061910585567155,867.6200000000026,Silver,SI=F,₹/kg,Precious Metal
2020-12-11,24.031999588012695,24.049999237060547,23.954999923706055,23.985000610351562,48,73.72669982910156,56853.21,57007.28,56782.09,56964.61,-0.0027759308918026138,225.19000000000233,Silver,SI=F,₹/kg,Precious Metal
2020-12-14,23.985000610351562,24.15999984741211,23.985000610351562,24.15999984741211,25,73.73799896240234,57276.79,57276.79,56861.92,56861.92,-0.001802698201567643,414.8700000000026,Silver,SI=F,₹/kg,Precious Metal
2020-12-15,24.58099937438965,24.58099937438965,24.075000762939453,24.075000762939453,42,73.86000061035156,57169.72,58371.29,57169.72,58371.29,0.026544478272981342,1201.5699999999997,Silver,SI=F,₹/kg,Precious Metal
2020-12-16,24.985000610351562,25.5,24.81999969482422,25.149999618530273,151,73.75980377197266,59641.45,60471.45,58858.88,59250.16,0.015056545777898833,1612.5699999999997,Silver,SI=F,₹/kg,Precious Metal
2020-12-17,26.100000381469727,26.18000030517578,25.450000762939453,25.450000762939453,201,73.6166000366211,60235.7,61963.49,60235.7,61774.14,0.04259870353092721,1727.7900000000009,Silver,SI=F,₹/kg,Precious Metal
2020-12-18,25.948999404907227,26.1200008392334,25.948999404907227,26.1200008392334,105,73.52980041503906,61748.58,61748.58,61344.33,61344.33,-0.006957765822397488,404.25,Silver,SI=F,₹/kg,Precious Metal
2020-12-21,26.277999877929688,26.989999771118164,25.40999984741211,26.0049991607666,153,73.60359954833984,61538.42,63869.33,60130.41,62184.45,0.013695153243991731,3738.9199999999983,Silver,SI=F,₹/kg,Precious Metal
2020-12-22,25.43400001525879,26.670000076293945,25.274999618530273,26.475000381469727,93,73.935302734375,62932.98,63396.5,60080.49,60458.44,-0.02775629598717999,3316.010000000002,Silver,SI=F,₹/kg,Precious Metal
2020-12-23,25.823999404907227,25.823999404907227,25.55500030517578,25.55500030517578,68,74.2699966430664,61021.06,61663.38,61021.06,61663.38,0.01993005443077922,642.3199999999997,Silver,SI=F,₹/kg,Precious Metal
2020-12-24,25.81100082397461,25.81100082397461,25.81100082397461,25.81100082397461,66,73.83979797363281,61275.35,61275.35,61275.35,61275.35,-0.006292713763014546,0.0,Silver,SI=F,₹/kg,Precious Metal
2020-12-28,26.459999084472656,26.81999969482422,26.454999923706055,26.799999237060547,140,73.68900299072266,63493.3,63540.68,62675.94,62687.79,0.023050704728736715,864.739999999998,Silver,SI=F,₹/kg,Precious Metal
2020-12-29,26.13800048828125,26.25,26.13800048828125,26.25,191,73.5448989868164,62068.65,62068.65,61803.82,61803.82,-0.01410115111730692,264.83000000000175,Silver,SI=F,₹/kg,Precious Metal
2020-12-30,26.488000869750977,26.524999618530273,26.260000228881836,26.31999969482422,77,73.45359802246094,62156.91,62641.03,62015.21,62553.65,0.012132421588180176,625.8199999999997,Silver,SI=F,₹/kg,Precious Metal
2020-12-31,26.332000732421875,26.540000915527344,26.332000732421875,26.530000686645508,36,73.13400268554688,62380.24,62403.75,61914.68,61914.68,-0.010214751657177445,489.0699999999997,Silver,SI=F,₹/kg,Precious Metal
2021-01-04,27.284000396728516,27.284000396728516,27.284000396728516,27.284000396728516,52,73.09200286865234,64116.28,64116.28,64116.28,64116.28,0.035558610655824996,0.0,Silver,SI=F,₹/kg,Precious Metal
2021-01-05,27.570999145507812,27.570999145507812,27.570999145507812,27.570999145507812,4,73.31999969482422,64992.82,64992.82,64992.82,64992.82,0.013671098822327199,0.0,Silver,SI=F,₹/kg,Precious Metal
2021-01-06,26.972999572753906,27.424999237060547,26.972999572753906,27.424999237060547,50,73.37480163574219,64696.98,64696.98,63630.69,63630.69,-0.020958161224578276,1066.2900000000009,Silver,SI=F,₹/kg,Precious Metal
2021-01-07,27.200000762939453,27.200000762939453,27.200000762939453,27.200000762939453,3,73.36000061035156,64153.25,64153.25,64153.25,64153.25,0.008212389336026416,0.0,Silver,SI=F,₹/kg,Precious Metal
2021-01-08,24.582000732421875,25.325000762939453,24.582000732421875,24.582000732421875,3,73.44599914550781,58046.47,59800.94,58046.47,58046.47,-0.09519050087096126,1754.4700000000012,Silver,SI=F,₹/kg,Precious Metal
2021-01-11,25.23900032043457,25.520000457763672,24.725000381469727,25.520000457763672,11,73.37339782714844,60201.84,60201.84,58326.43,59538.96,0.0257119855867205,1875.4099999999962,Silver,SI=F,₹/kg,Precious Metal
2021-01-12,25.384000778198242,25.385000228881836,25.104999542236328,25.139999389648438,90,73.51349639892578,59418.65,59997.71,59335.93,59995.35,0.007665400940829237,661.7799999999988,Silver,SI=F,₹/kg,Precious Metal
2021-01-13,25.520000457763672,25.545000076293945,25.5,25.545000076293945,211,73.16500091552734,60089.66,60089.66,59983.8,60030.85,0.0005917125243872778,105.86000000000058,Silver,SI=F,₹/kg,Precious Metal
2021-01-14,25.746000289916992,25.746000289916992,25.746000289916992,25.746000289916992,66,73.1698989868164,60566.53,60566.53,60566.53,60566.53,0.008923411879058873,0.0,Silver,SI=F,₹/kg,Precious Metal
2021-01-15,24.825000762939453,25.469999313354492,24.825000762939453,25.43000030517578,88,73.08760070800781,59755.86,59849.85,58334.22,58334.22,-0.03685715526380651,1515.6299999999974,Silver,SI=F,₹/kg,Precious Metal
2021-01-19,25.27899932861328,25.27899932861328,24.915000915527344,24.915000915527344,4,73.1886978149414,58626.69,59483.2,58626.69,59483.2,0.019696500613190615,856.5099999999948,Silver,SI=F,₹/kg,Precious Metal
2021-01-20,25.733999252319336,25.733999252319336,25.415000915527344,25.424999237060547,151,73.19190216064453,59829.37,60556.5,59805.84,60556.5,0.01804375016811477,750.6600000000035,Silver,SI=F,₹/kg,Precious Metal
2021-01-21,25.82200050354004,25.82200050354004,25.82200050354004,25.82200050354004,0,72.91089630126953,60530.29,60530.29,60530.29,60530.29,-0.00043281893768631896,0.0,Silver,SI=F,₹/kg,Precious Metal
2021-01-22,25.52400016784668,25.540000915527344,25.52400016784668,25.52400016784668,10,72.95490264892578,59867.85,59905.38,59867.85,59867.85,-0.010943942280798646,37.529999999998836,Silver,SI=F,₹/kg,Precious Metal
2021-01-25,25.454999923706055,25.454999923706055,25.454999923706055,25.454999923706055,5,72.99590301513672,59739.56,59739.56,59739.56,59739.56,-0.0021428863739052506,0.0,Silver,SI=F,₹/kg,Precious Metal
2021-01-26,25.52899932861328,25.52899932861328,25.52899932861328,25.52899932861328,92,72.97000122070312,59891.97,59891.97,59891.97,59891.97,0.0025512407523591296,0.0,Silver,SI=F,₹/kg,Precious Metal
2021-01-27,25.375999450683594,25.375999450683594,25.375999450683594,25.375999450683594,610,72.91999816894531,59492.23,59492.23,59492.23,59492.23,-0.006674350501411075,0.0,Silver,SI=F,₹/kg,Precious Metal
2021-01-28,25.909000396728516,27.010000228881836,24.93000030517578,25.084999084472656,508,73.03710174560547,58904.44,63424.72,58540.48,60839.36,0.022643797349670702,4884.239999999998,Silver,SI=F,₹/kg,Precious Metal
2021-01-29,26.899999618530273,27.575000762939453,26.3700008392334,26.639999389648438,32,72.93879699707031,62471.69,64664.3,61838.53,63081.4,0.03685180120237952,2825.770000000004,Silver,SI=F,₹/kg,Precious Metal
2021-02-01,29.398000717163086,30.15999984741211,28.299999237060547,28.360000610351562,474,72.90660095214844,66475.79,70694.99,66335.15,68908.86,0.09238000424847903,4359.840000000011,Silver,SI=F,₹/kg,Precious Metal
2021-02-02,26.384000778198242,28.93000030517578,26.384000778198242,28.645000457763672,91,73.11979675292969,67340.18,68010.17,62024.9,62024.9,-0.09989949042837165,5985.269999999997,Silver,SI=F,₹/kg,Precious Metal
2021-02-03,26.878000259399414,27.024999618530273,26.860000610351562,26.940000534057617,143,72.91629791259766,63155.71,63354.98,62968.17,63010.37,0.015888296474480423,386.81000000000495,Silver,SI=F,₹/kg,Precious Metal
2021-02-04,26.222999572753906,26.674999237060547,26.0049991607666,26.674999237060547,114,72.85800170898438,62484.47,62484.47,60915.04,61425.69,-0.025149511104283317,1569.4300000000003,Silver,SI=F,₹/kg,Precious Metal
2021-02-05,27.013999938964844,27.013999938964844,26.43000030517578,26.43000030517578,58,72.9457015991211,61985.1,63354.73,61985.1,63354.73,0.031404449831984094,1369.6300000000047,Silver,SI=F,₹/kg,Precious Metal
2021-02-08,27.56999969482422,27.56999969482422,27.280000686645508,27.280000686645508,6,72.78479766845703,63837.44,64516.07,63837.44,64516.07,0.018330754467740462,678.6299999999974,Silver,SI=F,₹/kg,Precious Metal
2021-02-09,27.395999908447266,27.44499969482422,27.290000915527344,27.424999237060547,5,72.92990112304688,64304.69,64351.59,63988.16,64236.7,-0.004330238962168664,363.429999999993,Silver,SI=F,₹/kg,Precious Metal
2021-02-10,27.073999404907227,27.104999542236328,27.073999404907227,27.104999542236328,32,72.85489654541016,63489.01,63489.01,63416.4,63416.4,-0.012769958606217213,72.61000000000058,Silver,SI=F,₹/kg,Precious Metal
2021-02-11,27.04199981689453,27.170000076293945,26.90999984741211,27.170000076293945,3,72.80729675292969,63599.69,63599.69,62991.08,63300.06,-0.0018345412227752655,608.6100000000006,Silver,SI=F,₹/kg,Precious Metal
2021-02-12,27.322999954223633,27.322999954223633,27.322999954223633,27.322999954223633,0,72.70950317382812,63871.92,63871.92,63871.92,63871.92,0.009034114659606907,0.0,Silver,SI=F,₹/kg,Precious Metal
2021-02-16,27.319000244140625,27.510000228881836,27.059999465942383,27.510000228881836,64,72.63870239257812,64246.45,64246.45,63195.52,63800.39,-0.0011198974447612642,1050.9300000000003,Silver,SI=F,₹/kg,Precious Metal
2021-02-17,27.31399917602539,27.31399917602539,27.31399917602539,27.31399917602539,125,72.93499755859375,64048.9,64048.9,64048.9,64048.9,0.0038951172555528046,0.0,Silver,SI=F,₹/kg,Precious Metal
2021-02-18,27.07699966430664,27.125,27.07699966430664,27.125,2,72.79730224609375,63485.63,63485.63,63373.29,63373.29,-0.010548346653884821,112.33999999999651,Silver,SI=F,₹/kg,Precious Metal
2021-02-19,27.25200080871582,27.549999237060547,27.25200080871582,27.5049991607666,8,72.60540008544922,64205.32,64310.36,63614.74,63614.74,0.003809964734354132,695.6200000000026,Silver,SI=F,₹/kg,Precious Metal
2021-02-22,28.08300018310547,28.100000381469727,28.08300018310547,28.08300018310547,248,72.5530014038086,65507.24,65546.9,65507.24,65507.24,0.02974939455855674,39.65999999999622,Silver,SI=F,₹/kg,Precious Metal
2021-02-23,27.68600082397461,27.68600082397461,27.68600082397461,27.68600082397461,8,72.44400024414062,64484.17,64484.17,64484.17,64484.17,-0.015617663024728223,0.0,Silver,SI=F,₹/kg,Precious Metal
2021-02-24,27.85700035095215,27.85700035095215,27.85700035095215,27.85700035095215,73500,72.37699890136719,64822.44,64822.44,64822.44,64822.44,0.005245783577581875,0.0,Silver,SI=F,₹/kg,Precious Metal
2021-02-25,27.636999130249023,28.264999389648438,27.295000076293945,28.030000686645508,13035,72.4000015258789,65245.73,65792.74,63534.86,64330.94,-0.007582250837827154,2257.8800000000047,Silver,SI=F,₹/kg,Precious Metal
2021-02-26,26.402000427246094,27.559999465942383,26.18000030517578,27.454999923706055,1205,73.1509017944336,64570.12,64817.06,61571.5,62093.62,-0.034778288643069755,3245.5599999999977,Silver,SI=F,₹/kg,Precious Metal
2021-03-01,26.64699935913086,26.989999771118164,26.489999771118164,26.690000534057617,519,73.59590148925781,63152.8,63862.65,62679.57,63051.06,0.015419297505927299,1183.0800000000017,Silver,SI=F,₹/kg,Precious Metal
2021-03-02,26.850000381469727,26.850000381469727,25.860000610351562,26.385000228881836,703,73.30940246582031,62188.09,63284.07,60950.69,63284.07,0.003695576252009225,2333.3799999999974,Silver,SI=F,₹/kg,Precious Metal
2021-03-03,26.35700035095215,26.80500030517578,25.934999465942383,26.80500030517578,241,73.27749633789062,63150.51,63150.51,61100.86,62095.06,-0.01878845655786676,2049.6500000000015,Silver,SI=F,₹/kg,Precious Metal
2021-03-04,25.43400001525879,26.329999923706055,25.209999084472656,26.1200008392334,914,72.88069915771484,61203.48,61695.55,59071.2,59596.07,-0.040244586284319483,2624.350000000006,Silver,SI=F,₹/kg,Precious Metal
2021-03-05,25.256999969482422,25.3700008392334,24.905000686645508,25.344999313354492,339,73.13179779052734,59592.14,59650.92,58557.6,59385.23,-0.0035378171748572385,1093.3199999999997,Silver,SI=F,₹/kg,Precious Metal
2021-03-08,25.239999771118164,25.709999084472656,25.0,25.520000457763672,76,73.1333999633789,60004.92,60451.66,58782.25,59346.56,-0.0006511720170151447,1669.4100000000035,Silver,SI=F,₹/kg,Precious Metal
2021-03-09,26.148000717163086,26.148000717163086,25.225000381469727,25.225000381469727,133,73.33000183105469,59470.74,61646.81,59470.74,61646.81,0.03875961808064354,2176.0699999999997,Silver,SI=F,₹/kg,Precious Metal
2021-03-10,26.101999282836914,26.280000686645508,25.780000686645508,26.010000228881836,85,72.7759017944336,60858.1,61489.85,60319.95,61073.36,-0.009302184492595789,1169.9000000000015,Silver,SI=F,₹/kg,Precious Metal
2021-03-11,26.16200065612793,26.40999984741211,26.040000915527344,26.149999618530273,37,72.70600128173828,61126.9,61734.66,60869.77,61154.95,0.0013359343582863836,864.8900000000067,Silver,SI=F,₹/kg,Precious Metal
2021-03-12,25.8799991607666,26.200000762939453,25.459999084472656,26.145000457763672,244,72.63899993896484,61058.9,61187.34,59459.15,60440.01,-0.011690631747716118,1728.189999999995,Silver,SI=F,₹/kg,Precious Metal
2021-03-15,26.253000259399414,26.334999084472656,25.924999237060547,26.200000762939453,148,72.68299865722656,61224.41,61539.87,60581.78,61348.25,0.015027131861824694,958.0900000000038,Silver,SI=F,₹/kg,Precious Metal
2021-03-16,25.974000930786133,26.145000457763672,25.920000076293945,26.1299991607666,559,72.51529693603516,60919.94,60954.91,60430.34,60556.24,-0.012910066709319379,524.570000000007,Silver,SI=F,₹/kg,Precious Metal
2021-03-17,26.030000686645508,26.530000686645508,25.795000076293945,25.80500030517578,379,72.5156021118164,60162.48,61852.77,60139.17,60687.06,0.002160305857827449,1713.5999999999985,Silver,SI=F,₹/kg,Precious Metal
2021-03-18,26.320999145507812,26.434999465942383,25.899999618530273,26.434999465942383,81,72.29560089111328,61444.3,61444.3,60200.77,61179.32,0.008111449129353243,1243.530000000006,Silver,SI=F,₹/kg,Precious Metal
2021-03-19,26.29199981689453,26.29199981689453,26.05500030517578,26.05500030517578,194,72.6688003540039,60873.67,61427.39,60873.67,61427.39,0.004054801524436602,553.7200000000012,Silver,SI=F,₹/kg,Precious Metal
2021-03-22,25.740999221801758,25.954999923706055,25.540000915527344,25.954999923706055,147,72.40499877929688,60419.9,60419.9,59453.84,59921.74,-0.024511052805596956,966.060000000005,Silver,SI=F,₹/kg,Precious Metal
2021-03-23,25.200000762939453,25.69499969482422,25.094999313354492,25.614999771118164,191,72.38050079345703,59608.25,59794.42,58398.17,58642.51,-0.021348345358462528,1396.25,Silver,SI=F,₹/kg,Precious Metal
2021-03-24,25.201000213623047,25.344999313354492,25.190000534057617,25.25,432,72.61219787597656,58946.96,59168.74,58806.89,58832.57,0.0032409936068562573,361.84999999999854,Silver,SI=F,₹/kg,Precious Metal
2021-03-25,25.02199935913086,25.149999618530273,24.5049991607666,25.149999618530273,162,72.64559936523438,58740.51,58740.51,57234.04,58441.55,-0.0066463185273054615,1506.4700000000012,Silver,SI=F,₹/kg,Precious Metal
2021-03-26,25.091999053955078,25.184999465942383,25.040000915527344,25.184999465942383,130,72.61280059814453,58795.7,58795.7,58457.19,58578.59,0.002344907005375374,338.50999999999476,Silver,SI=F,₹/kg,Precious Metal
2021-03-29,24.746999740600586,24.90999984741211,24.510000228881836,24.854999542236328,491,72.44719696044922,57892.96,58021.07,57089.38,57641.41,-0.015998678015295198,931.6900000000023,Silver,SI=F,₹/kg,Precious Metal
2021-03-30,24.121000289916992,24.700000762939453,23.96500015258789,24.700000762939453,276,72.74189758300781,57765.96,57765.96,56047.02,56411.85,-0.021331192279994582,1718.9400000000023,Silver,SI=F,₹/kg,Precious Metal
2021-03-31,24.517000198364258,24.517000198364258,24.31999969482422,24.31999969482422,49,73.44529724121094,57427.25,57892.43,57427.25,57892.43,0.02624590400775717,465.1800000000003,Silver,SI=F,₹/kg,Precious Metal
2021-04-01,24.934999465942383,24.934999465942383,24.350000381469727,24.350000381469727,15,73.20349884033203,57308.79,58685.61,57308.79,58685.61,0.013700927737875235,1376.8199999999997,Silver,SI=F,₹/kg,Precious Metal
2021-04-05,24.76300048828125,24.934999465942383,24.76300048828125,24.934999465942383,2,73.3759994506836,58823.9,58823.9,58418.14,58418.14,-0.004557676064030014,405.76000000000204,Silver,SI=F,₹/kg,Precious Metal
2021-04-06,25.211999893188477,25.21500015258789,25.049999237060547,25.049999237060547,3,73.27950286865234,59017.48,59406.22,59017.48,59399.15,0.01679290028747915,388.73999999999796,Silver,SI=F,₹/kg,Precious Metal
2021-04-07,25.232999801635742,25.25,25.065000534057617,25.065000534057617,2,73.48999786376953,59222.45,59659.56,59222.45,59619.39,0.0037077971654475572,437.1100000000006,Silver,SI=F,₹/kg,Precious Metal
2021-04-08,25.569000244140625,25.569000244140625,25.569000244140625,25.569000244140625,121,74.40149688720703,61162.59,61162.59,61162.59,61162.59,0.02588419639986239,0.0,Silver,SI=F,₹/kg,Precious Metal
2021-04-09,25.31100082397461,25.31100082397461,25.31100082397461,25.31100082397461,0,74.54450225830078,60661.81,60661.81,60661.81,60661.81,-0.008187684661490002,0.0,Silver,SI=F,₹/kg,Precious Metal
2021-04-12,24.85300064086914,25.165000915527344,24.80500030517578,25.145000457763672,55,74.72949981689453,60413.52,60461.58,59596.64,59711.96,-0.015658121641935807,864.9400000000023,Silver,SI=F,₹/kg,Precious Metal
2021-04-13,25.41699981689453,25.41699981689453,25.41699981689453,25.41699981689453,4,74.99099731445312,61280.72,61280.72,61280.72,61280.72,0.026272123708550144,0.0,Silver,SI=F,₹/kg,Precious Metal
2021-04-14,25.514999389648438,25.514999389648438,25.514999389648438,25.514999389648438,0,75.18150329589844,61673.27,61673.27,61673.27,61673.27,0.006405766772975108,0.0,Silver,SI=F,₹/kg,Precious Metal
2021-04-15,25.95599937438965,25.95599937438965,25.95599937438965,25.95599937438965,95,75.0261001586914,62609.55,62609.55,62609.55,62609.55,0.015181293289621367,0.0,Silver,SI=F,₹/kg,Precious Metal
2021-04-16,26.099000930786133,26.099000930786133,26.099000930786133,26.099000930786133,0,74.72740173339844,62703.85,62703.85,62703.85,62703.85,0.001506160002747059,0.0,Silver,SI=F,₹/kg,Precious Metal
2021-04-19,25.83099937438965,26.204999923706055,25.83099937438965,26.204999923706055,22,74.56320190429688,62820.18,62820.18,61923.6,61923.6,-0.012443414559074162,896.5800000000017,Silver,SI=F,₹/kg,Precious Metal
2021-04-20,25.834999084472656,25.854999542236328,25.834999084472656,25.854999542236328,5,74.8781967163086,62242.98,62242.98,62194.83,62194.83,0.0043800748018527624,48.150000000001455,Silver,SI=F,₹/kg,Precious Metal
2021-04-21,26.565000534057617,26.565000534057617,26.524999618530273,26.524999618530273,2,75.44920349121094,64342.88,64439.91,64342.88,64439.91,0.03609753415195449,97.03000000000611,Silver,SI=F,₹/kg,Precious Metal
2021-04-22,26.173999786376953,26.34000015258789,26.173999786376953,26.34000015258789,39,75.42949676513672,63877.43,63877.43,63474.86,63474.86,-0.01497596753316388,402.5699999999997,Silver,SI=F,₹/kg,Precious Metal
2021-04-23,26.07699966430664,26.239999771118164,26.024999618530273,26.239999771118164,36,75.0916976928711,63349.94,63349.94,62830.87,62956.41,-0.008167800606413311,519.0699999999997,Silver,SI=F,₹/kg,Precious Metal
2021-04-26,26.211000442504883,26.25,26.059999465942383,26.059999465942383,47,74.86810302734375,62728.03,63185.38,62728.03,63091.5,0.0021457703830316532,457.34999999999854,Silver,SI=F,₹/kg,Precious Metal
2021-04-27,26.41200065612793,26.41200065612793,26.41200065612793,26.41200065612793,0,74.81490325927734,63530.15,63530.15,63530.15,63530.15,0.0069526005880349295,0.0,Silver,SI=F,₹/kg,Precious Metal
2021-04-28,26.08099937438965,26.08099937438965,26.08099937438965,26.08099937438965,62061,74.57499694824219,62532.8,62532.8,62532.8,62532.8,-0.01569884535138033,0.0,Silver,SI=F,₹/kg,Precious Metal
2021-04-29,26.05299949645996,26.545000076293945,25.735000610351562,26.280000686645508,8571,74.31179809570312,62787.56,63420.69,61485.45,62245.21,-0.004599026430929132,1935.2400000000052,Silver,SI=F,₹/kg,Precious Metal
2021-04-30,25.85300064086914,26.21500015258789,25.84000015258789,26.155000686645508,490,74.10579681396484,62315.68,62458.63,61565.18,61596.15,-0.010427469037376458,893.4499999999971,Silver,SI=F,₹/kg,Precious Metal
2021-05-03,26.94300079345703,27.075000762939453,25.875,25.875,283,74.09480285644531,61639.42,64498.06,61639.42,64183.61,0.04200684620710882,2858.6399999999994,Silver,SI=F,₹/kg,Precious Metal
2021-05-04,26.538999557495117,27.040000915527344,26.25,27.030000686645508,266,73.8375015258789,64167.26,64191.0,62315.59,63001.66,-0.01841513744708345,1875.4100000000035,Silver,SI=F,₹/kg,Precious Metal
2021-05-05,26.50200080871582,26.56999969482422,26.270000457763672,26.55500030517578,66,73.77890014648438,62989.61,63025.19,62313.58,62863.89,-0.0021867677772300365,711.6100000000006,Silver,SI=F,₹/kg,Precious Metal
2021-05-06,27.461999893188477,27.55500030517578,26.55500030517578,26.559999465942383,268,73.79940032958984,63018.97,65379.81,63007.11,65159.15,0.03651158081372308,2372.699999999997,Silver,SI=F,₹/kg,Precious Metal
2021-05-07,27.461999893188477,27.635000228881836,27.334999084472656,27.635000228881836,304,73.61519622802734,65405.97,65405.97,64695.93,64996.51,-0.002496042382382213,710.0400000000009,Silver,SI=F,₹/kg,Precious Metal
2021-05-10,27.479000091552734,27.915000915527344,27.3700008392334,27.709999084472656,247,73.29029846191406,65294.02,65777.08,64492.87,64749.71,-0.0037971269534318175,1284.2099999999991,Silver,SI=F,₹/kg,Precious Metal
2021-05-11,27.656999588012695,27.68000030517578,27.280000686645508,27.28499984741211,306,73.5,64476.54,65409.96,64464.73,65355.6,0.009357416427038912,945.2299999999959,Silver,SI=F,₹/kg,Precious Metal
2021-05-12,27.231000900268555,27.639999389648438,27.231000900268555,27.459999084472656,33,73.3750991821289,64779.81,65204.44,64239.59,64239.59,-0.01707596594630001,964.8500000000058,Silver,SI=F,₹/kg,Precious Metal
2021-05-13,27.04400062561035,27.145000457763672,26.854999542236328,27.1200008392334,155,73.68160247802734,64244.98,64304.2,63617.21,64064.94,-0.0027187284352219176,686.989999999998,Silver,SI=F,₹/kg,Precious Metal
2021-05-14,27.35300064086914,27.5,27.030000686645508,27.030000686645508,16,73.44490051269531,63826.07,64935.89,63826.07,64588.78,0.008176703201470126,1109.8199999999997,Silver,SI=F,₹/kg,Precious Metal
2021-05-17,28.260000228881836,28.329999923706055,28.260000228881836,28.260000228881836,61,73.27890014648438,66579.65,66744.57,66579.65,66579.65,0.030823774655597935,164.9200000000128,Silver,SI=F,₹/kg,Precious Metal
2021-05-18,28.31399917602539,28.68000030517578,28.31399917602539,28.6299991607666,52,73.26969909667969,67442.89,67560.68,66698.5,66698.5,0.0017850799756382596,862.179999999993,Silver,SI=F,₹/kg,Precious Metal
2021-05-19,28.007999420166016,28.007999420166016,27.6200008392334,27.809999465942383,28,73.1281967163086,65384.72,65850.24,64938.01,65850.24,-0.01271782723749404,912.2300000000032,Silver,SI=F,₹/kg,Precious Metal
2021-05-20,28.052000045776367,28.052000045776367,27.719999313354492,27.920000076293945,26,73.222900390625,65728.36,66039.11,65257.52,66039.11,0.0028681748160674925,781.5900000000038,Silver,SI=F,₹/kg,Precious Metal
2021-05-21,27.472999572753906,28.1200008392334,27.389999389648438,28.079999923706055,95,73.02189636230469,65923.56,66017.47,64303.64,64498.5,-0.02332875170486093,1713.8300000000017,Silver,SI=F,₹/kg,Precious Metal
2021-05-24,27.886999130249023,27.899999618530273,27.739999771118164,27.885000228881836,85,72.90979766845703,65365.26,65400.42,65025.36,65369.94,0.013511011883997393,375.0599999999977,Silver,SI=F,₹/kg,Precious Metal
2021-05-25,28.03700065612793,28.03700065612793,27.670000076293945,27.75,81,72.83660125732422,64983.5,65655.58,64796.16,65655.58,0.004369592506892284,859.4199999999983,Silver,SI=F,₹/kg,Precious Metal
2021-05-26,27.85300064086914,27.85300064086914,27.85300064086914,27.85300064086914,744,72.80490112304688,65196.31,65196.31,65196.31,65196.31,-0.006995140397815458,0.0,Silver,SI=F,₹/kg,Precious Metal
2021-05-27,27.91900062561035,27.920000076293945,27.69499969482422,27.7549991607666,525,72.67250061035156,64848.77,65234.29,64708.58,65231.96,0.0005468100878716076,525.7099999999991,Silver,SI=F,₹/kg,Precious Metal
2021-05-28,27.993000030517578,27.993000030517578,27.540000915527344,27.7450008392334,181,72.68299865722656,64834.78,65414.3,64355.73,65414.3,0.002795255577174194,1058.5699999999997,Silver,SI=F,₹/kg,Precious Metal
2021-06-01,28.08300018310547,28.579999923706055,27.9950008392334,28.0049991607666,187,72.48719787597656,65266.05,66606.09,65242.75,65447.83,0.0005125790538154096,1363.3399999999965,Silver,SI=F,₹/kg,Precious Metal
2021-06-02,28.18600082397461,28.18600082397461,27.78499984741211,27.93000030517578,35,72.8550033569336,65421.54,66021.18,65081.9,66021.18,0.008760412682895513,939.2799999999916,Silver,SI=F,₹/kg,Precious Metal
2021-06-03,27.459999084472656,27.459999084472656,27.190000534057617,27.190000534057617,20,72.96510314941406,63784.46,64417.84,63784.46,64417.84,-0.02428523694971818,633.3799999999974,Silver,SI=F,₹/kg,Precious Metal
2021-06-04,27.878999710083008,27.878999710083008,27.878999710083008,27.878999710083008,0,73.04419708251953,65471.66,65471.66,65471.66,65471.66,0.016359132811655908,0.0,Silver,SI=F,₹/kg,Precious Metal
2021-06-07,28.000999450683594,28.000999450683594,27.614999771118164,27.614999771118164,4,72.90969848632812,64732.26,65637.08,64732.26,65637.08,0.0025265893670636252,904.8199999999997,Silver,SI=F,₹/kg,Precious Metal
2021-06-08,27.71500015258789,28.010000228881836,27.704999923706055,28.010000228881836,27,72.80940246582031,65567.86,65567.86,64853.89,64877.3,-0.011575469231720814,713.9700000000012,Silver,SI=F,₹/kg,Precious Metal
2021-06-09,27.985000610351562,27.985000610351562,27.69499969482422,27.69499969482422,8,72.97530364990234,64978.2,65658.61,64978.2,65658.61,0.012042887111516576,680.4100000000035,Silver,SI=F,₹/kg,Precious Metal
2021-06-10,28.014999389648438,28.024999618530273,27.709999084472656,27.899999618530273,6,72.98529815673828,65468.14,65761.46,65022.3,65737.99,0.001208980817595906,739.1600000000035,Silver,SI=F,₹/kg,Precious Metal
2021-06-11,28.131000518798828,28.360000610351562,28.114999771118164,28.114999771118164,172,73.01229858398438,65997.05,66572.17,65997.05,66034.61,0.004512154995916395,575.1199999999953,Silver,SI=F,₹/kg,Precious Metal
2021-06-14,28.02400016784668,28.104999542236328,27.825000762939453,27.895000457763672,4,73.23159790039062,65677.3,66171.74,65512.49,65981.03,-0.0008113926924078196,659.2500000000073,Silver,SI=F,₹/kg,Precious Metal
2021-06-15,27.679000854492188,27.985000610351562,27.56999969482422,27.985000610351562,57,73.18080139160156,65843.5,65843.5,64867.08,65123.54,-0.012996008095053968,976.4199999999983,Silver,SI=F,₹/kg,Precious Metal
2021-06-16,27.799999237060547,27.799999237060547,27.799999237060547,27.799999237060547,112,73.3447036743164,65554.72,65554.72,65554.72,65554.72,0.006620954573415494,0.0,Silver,SI=F,₹/kg,Precious Metal
2021-06-17,25.8439998626709,25.8439998626709,25.8439998626709,25.8439998626709,51,73.8240966796875,61340.64,61340.64,61340.64,61340.64,-0.06428339561209329,0.0,Silver,SI=F,₹/kg,Precious Metal
2021-06-18,25.95800018310547,26.43000030517578,25.95800018310547,26.424999237060547,3,74.25389862060547,63084.79,63096.73,61969.92,61969.92,0.010258777867332203,1126.810000000005,Silver,SI=F,₹/kg,Precious Metal
2021-06-21,26.014999389648438,26.014999389648438,26.014999389648438,26.014999389648438,0,74.1438980102539,62013.99,62013.99,62013.99,62013.99,0.0007111514747799585,0.0,Silver,SI=F,₹/kg,Precious Metal
2021-06-22,25.847999572753906,25.847999572753906,25.847999572753906,25.847999572753906,81,74.13520050048828,61608.67,61608.67,61608.67,61608.67,-0.006535944550576378,0.0,Silver,SI=F,₹/kg,Precious Metal
2021-06-23,26.107999801635742,26.107999801635742,26.107999801635742,26.107999801635742,8,74.33219909667969,62393.74,62393.74,62393.74,62393.74,0.01274284934247083,0.0,Silver,SI=F,₹/kg,Precious Metal
2021-06-24,26.047000885009766,26.047000885009766,26.047000885009766,26.047000885009766,0,74.24690246582031,62176.53,62176.53,62176.53,62176.53,-0.003481278730847026,0.0,Silver,SI=F,₹/kg,Precious Metal
2021-06-25,26.082000732421875,26.174999237060547,26.082000732421875,26.174999237060547,9,74.19029998779297,62434.44,62434.44,62212.62,62212.62,0.0005804441000487603,221.8199999999997,Silver,SI=F,₹/kg,Precious Metal
2021-06-28,26.218000411987305,26.218000411987305,26.218000411987305,26.218000411987305,42308,74.21299743652344,62556.14,62556.14,62556.14,62556.14,0.005521709260918328,0.0,Silver,SI=F,₹/kg,Precious Metal
2021-06-29,25.871999740600586,26.209999084472656,25.559999465942383,26.200000762939453,20140,74.285400390625,62574.19,62598.06,61045.65,61790.81,-0.012234290670747883,1552.4099999999962,Silver,SI=F,₹/kg,Precious Metal
2021-06-30,26.165000915527344,26.229999542236328,25.84000015258789,25.84000015258789,725,74.28759765625,61716.21,62647.69,61716.21,62492.44,0.01135492478574096,931.4800000000032,Silver,SI=F,₹/kg,Precious Metal
2021-07-01,26.075000762939453,26.420000076293945,26.049999237060547,26.21500015258789,1037,74.37100219726562,62682.16,63172.33,62287.63,62347.41,-0.002320760719216608,884.7000000000044,Silver,SI=F,₹/kg,Precious Metal
2021-07-02,26.481000900268555,26.674999237060547,26.104999542236328,26.110000610351562,330,74.54499816894531,62577.16,63931.27,62565.17,63466.32,0.017946374997774406,1366.0999999999985,Silver,SI=F,₹/kg,Precious Metal
2021-07-06,26.15399932861328,26.8700008392334,26.15399932861328,26.725000381469727,389,74.31780242919922,63855.9,64202.36,62491.56,62491.56,-0.015358697337422456,1710.800000000003,Silver,SI=F,₹/kg,Precious Metal
2021-07-07,26.110000610351562,26.5,26.06999969482422,26.200000762939453,546,74.76290130615234,62976.41,63697.51,62663.93,62760.08,0.004296900253410341,1033.5800000000017,Silver,SI=F,₹/kg,Precious Metal
2021-07-08,25.966999053955078,26.290000915527344,25.889999389648438,26.15999984741211,175,74.8218994140625,62929.88,63242.61,62280.37,62465.6,-0.0046921546307781,962.239999999998,Silver,SI=F,₹/kg,Precious Metal
2021-07-09,26.211000442504883,26.21500015258789,25.834999084472656,25.96500015258789,64,74.72139739990234,62376.89,62977.48,62064.59,62967.87,0.008040745626392898,912.8900000000067,Silver,SI=F,₹/kg,Precious Metal
2021-07-12,26.216999053955078,26.299999237060547,26.059999465942383,26.184999465942383,74,74.4905014038086,62711.03,62986.44,62411.66,62787.66,-0.0028619357777228682,574.7799999999988,Silver,SI=F,₹/kg,Precious Metal
2021-07-13,26.114999771118164,26.204999923706055,26.100000381469727,26.204999923706055,66,74.54170227050781,62802.06,62802.06,62550.42,62586.37,-0.0032058847232083743,251.63999999999942,Silver,SI=F,₹/kg,Precious Metal
2021-07-14,26.246000289916992,26.44499969482422,26.100000381469727,26.100000381469727,14,74.65910339355469,62648.94,63477.05,62648.94,62999.39,0.006599200432937602,828.1100000000006,Silver,SI=F,₹/kg,Precious Metal
2021-07-15,26.375,26.44499969482422,26.264999389648438,26.420000076293945,203,74.46910095214844,63255.66,63315.51,62884.55,63147.91,0.002357483143884398,430.9599999999991,Silver,SI=F,₹/kg,Precious Metal
2021-07-16,25.777000427246094,26.43000030517578,25.649999618530273,26.43000030517578,100,74.53700256347656,63337.3,63337.3,61468.09,61772.44,-0.02178171850818189,1869.2100000000064,Silver,SI=F,₹/kg,Precious Metal
2021-07-19,25.125999450683594,25.610000610351562,25.045000076293945,25.610000610351562,173,74.63179779052734,61450.29,61450.29,60094.59,60288.94,-0.024015564222491403,1355.7000000000044,Silver,SI=F,₹/kg,Precious Metal
2021-07-20,24.976999282836914,25.19499969482422,24.854999542236328,25.19499969482422,48,74.99340057373047,60747.42,60747.42,59927.65,60221.8,-0.001113637094963038,819.7699999999968,Silver,SI=F,₹/kg,Precious Metal
2021-07-21,25.238000869750977,25.238000869750977,24.954999923706055,25.155000686645508,61,74.5270004272461,60273.78,60472.65,59794.56,60472.65,0.004165435108216542,678.0900000000038,Silver,SI=F,₹/kg,Precious Metal
2021-07-22,25.364999771118164,25.364999771118164,25.239999771118164,25.2450008392334,26,74.44020080566406,60418.98,60706.17,60407.01,60706.17,0.0038615804003958587,299.1599999999962,Silver,SI=F,₹/kg,Precious Metal
2021-07-23,25.218000411987305,25.43000030517578,25.1299991607666,25.43000030517578,88,74.4520034790039,60871.39,60871.39,60153.28,60363.92,-0.005637812433233691,718.1100000000006,Silver,SI=F,₹/kg,Precious Metal
2021-07-26,25.295000076293945,25.295000076293945,25.295000076293945,25.295000076293945,83,74.44889831542969,60545.71,60545.71,60545.71,60545.71,0.003011567174563856,0.0,Silver,SI=F,₹/kg,Precious Metal
2021-07-27,24.631999969482422,25.264999389648438,24.631999969482422,25.200000762939453,54,74.28949737548828,60189.18,60344.42,58832.53,58832.53,-0.028295646380230743,1511.8899999999994,Silver,SI=F,₹/kg,Precious Metal
2021-07-28,24.856000900268555,24.856000900268555,24.725000381469727,24.735000610351562,551,74.5022964477539,59247.77,59537.6,59223.82,59537.6,0.01198435627364658,313.77999999999884,Silver,SI=F,₹/kg,Precious Metal
2021-07-29,25.763999938964844,25.854999542236328,25.040000915527344,25.040000915527344,355,74.38999938964844,59887.93,61837.16,59887.93,61619.52,0.03496815457794744,1949.2300000000032,Silver,SI=F,₹/kg,Precious Metal
2021-07-30,25.527999877929688,25.665000915527344,25.5,25.545000076293945,40,74.25199890136719,60982.4,61268.87,60874.97,60941.81,-0.010998300538530681,393.90000000000146,Silver,SI=F,₹/kg,Precious Metal
2021-08-02,25.55699920654297,25.55699920654297,25.450000762939453,25.450000762939453,55,74.37909698486328,60859.61,61115.48,60859.61,61115.48,0.002849767671816883,255.87000000000262,Silver,SI=F,₹/kg,Precious Metal
2021-08-03,25.56599998474121,25.56599998474121,25.28499984741211,25.389999389648438,8,74.33200073242188,60677.68,61098.29,60426.75,61098.29,-0.00028127080078566014,671.5400000000009,Silver,SI=F,₹/kg,Precious Metal
2021-08-04,25.445999145507812,25.969999313354492,25.445999145507812,25.610000610351562,19,74.21440124511719,61106.61,61965.59,60715.3,60715.3,-0.006268424206307577,1250.2899999999936,Silver,SI=F,₹/kg,Precious Metal
2021-08-05,25.277000427246094,25.520000457763672,25.277000427246094,25.520000457763672,4,74.18399810791016,60866.92,60866.92,60287.35,60287.35,-0.007048470484375513,579.5699999999997,Silver,SI=F,₹/kg,Precious Metal
2021-08-06,24.312000274658203,24.489999771118164,24.25,24.489999771118164,6,74.08200073242188,58329.99,58329.99,57758.36,57906.03,-0.039499496992320915,571.6299999999974,Silver,SI=F,₹/kg,Precious Metal
2021-08-09,23.2549991607666,23.2549991607666,23.2549991607666,23.2549991607666,2,74.49140167236328,55694.58,55694.58,55694.58,55694.58,-0.03819032318395854,0.0,Silver,SI=F,₹/kg,Precious Metal
2021-08-10,23.37700080871582,23.485000610351562,23.37700080871582,23.485000610351562,3,74.46620178222656,56226.39,56226.39,55967.82,55967.82,0.004906042921950293,258.5699999999997,Silver,SI=F,₹/kg,Precious Metal
2021-08-11,23.474000930786133,23.474000930786133,23.474000930786133,23.474000930786133,1,74.43550109863281,56176.89,56176.89,56176.89,56176.89,0.0037355394582101464,0.0,Silver,SI=F,₹/kg,Precious Metal
2021-08-12,23.104999542236328,23.104999542236328,23.104999542236328,23.104999542236328,19,74.10299682617188,55046.81,55046.81,55046.81,55046.81,-0.02011645714100585,0.0,Silver,SI=F,₹/kg,Precious Metal
2021-08-13,23.76799964904785,23.795000076293945,23.350000381469727,23.350000381469727,3,74.26010131835938,55748.46,56810.9,55748.46,56746.44,0.030876085280872934,1062.4400000000023,Silver,SI=F,₹/kg,Precious Metal
2021-08-16,23.780000686645508,23.780000686645508,23.780000686645508,23.780000686645508,0,74.216796875,56741.98,56741.98,56741.98,56741.98,-7.859523874975682e-05,0.0,Silver,SI=F,₹/kg,Precious Metal
2021-08-17,23.648000717163086,23.648000717163086,23.648000717163086,23.648000717163086,0,74.13500213623047,56364.83,56364.83,56364.83,56364.83,-0.006646754307833458,0.0,Silver,SI=F,₹/kg,Precious Metal
2021-08-18,23.41200065612793,23.454999923706055,23.280000686645508,23.280000686645508,3,74.364501953125,55659.47,56077.87,55659.47,55975.07,-0.006914950333390513,418.40000000000146,Silver,SI=F,₹/kg,Precious Metal
2021-08-19,23.219999313354492,23.219999313354492,23.219999313354492,23.219999313354492,25,74.2697982788086,55445.32,55445.32,55445.32,55445.32,-0.00946403461398082,0.0,Silver,SI=F,₹/kg,Precious Metal
2021-08-20,23.104999542236328,23.104999542236328,23.104999542236328,23.104999542236328,13,74.4292984008789,55289.2,55289.2,55289.2,55289.2,-0.00281574711806154,0.0,Silver,SI=F,₹/kg,Precious Metal
2021-08-23,23.64900016784668,23.649999618530273,23.139999389648438,23.149999618530273,13,74.30149841308594,55301.77,56496.19,55277.88,56493.8,0.02178725682411775,1218.310000000005,Silver,SI=F,₹/kg,Precious Metal
2021-08-24,23.889999389648438,23.889999389648438,23.889999389648438,23.889999389648438,20,74.10590362548828,56919.28,56919.28,56919.28,56919.28,0.007531445928579794,0.0,Silver,SI=F,₹/kg,Precious Metal
2021-08-25,23.770999908447266,23.834999084472656,23.770999908447266,23.834999084472656,19,74.1447982788086,56818.04,56818.04,56665.48,56665.48,-0.004458946072402825,152.55999999999767,Silver,SI=F,₹/kg,Precious Metal
2021-08-26,23.54599952697754,23.55500030517578,23.545000076293945,23.545000076293945,4,74.0999984741211,56092.83,56116.65,56092.83,56095.21,-0.010063798983084626,23.81999999999971,Silver,SI=F,₹/kg,Precious Metal
2021-08-27,24.059999465942383,24.059999465942383,23.71500015258789,23.729999542236328,63309,74.15599822998047,56576.29,57363.06,56540.53,57363.06,0.022601751557753236,822.5299999999988,Silver,SI=F,₹/kg,Precious Metal
2021-08-30,23.959999084472656,24.219999313354492,23.905000686645508,24.045000076293945,10816,73.49659729003906,56817.54,57231.06,56486.73,56616.69,-0.01301133516935804,744.3299999999945,Silver,SI=F,₹/kg,Precious Metal
2021-08-31,23.959999084472656,24.19499969482422,23.815000534057617,24.059999465942383,728,73.41120147705078,56786.93,57105.56,56208.68,56550.91,-0.0011618482111900308,896.8799999999974,Silver,SI=F,₹/kg,Precious Metal
2021-09-01,24.177000045776367,24.2549991607666,23.790000915527344,23.850000381469727,521,72.99669647216797,55973.44,56923.93,55832.63,56740.88,0.003359273971011101,1091.300000000003,Silver,SI=F,₹/kg,Precious Metal
2021-09-02,23.875,24.18000030517578,23.774999618530273,24.15999984741211,184,72.98509979248047,56691.97,56738.9,55788.56,56023.21,-0.012648200027916334,950.3400000000038,Silver,SI=F,₹/kg,Precious Metal
2021-09-03,24.761999130249023,24.809999465942383,23.905000686645508,23.905000686645508,193,73.0542984008789,56146.79,58272.41,56146.79,58159.67,0.038135265722903045,2125.6200000000026,Silver,SI=F,₹/kg,Precious Metal
2021-09-07,24.333999633789062,24.809999465942383,24.184999465942383,24.809999465942383,32,73.11000061035156,58316.84,58316.84,56847.75,57197.98,-0.016535341414419924,1469.0899999999965,Silver,SI=F,₹/kg,Precious Metal
2021-09-08,24.011999130249023,24.399999618530273,23.940000534057617,24.354999542236328,105,73.3904037475586,57466.91,57573.09,56487.7,56657.58,-0.009447886096676905,1085.3899999999994,Silver,SI=F,₹/kg,Precious Metal
2021-09-09,24.132999420166016,24.239999771118164,23.844999313354492,23.954999923706055,104,73.78900146484375,56830.08,57506.2,56569.11,57252.36,0.010497801000325158,937.0899999999965,Silver,SI=F,₹/kg,Precious Metal
2021-09-10,23.854999542236328,24.135000228881836,23.854999542236328,24.135000228881836,13,73.53800201416016,57062.34,57062.34,56400.33,56400.33,-0.014882006610731802,662.0099999999948,Silver,SI=F,₹/kg,Precious Metal
2021-09-13,23.753000259399414,23.7549991607666,23.325000762939453,23.690000534057617,184,73.52429962158203,55999.79,56153.44,55136.98,56148.71,-0.004461321414254149,1016.4599999999991,Silver,SI=F,₹/kg,Precious Metal
2021-09-14,23.841999053955078,23.850000381469727,23.639999389648438,23.65999984741211,82,73.54080200195312,55941.43,56390.66,55894.14,56371.74,0.003972130437190691,496.5200000000041,Silver,SI=F,₹/kg,Precious Metal
2021-09-15,23.759000778198242,23.799999237060547,23.759000778198242,23.799999237060547,25,73.65080261230469,56356.61,56356.61,56259.53,56259.53,-0.001990536392880493,97.08000000000175,Silver,SI=F,₹/kg,Precious Metal
2021-09-16,22.75200080871582,23.514999389648438,22.610000610351562,23.514999389648438,75,73.43800354003906,55520.87,55520.87,53384.09,53719.37,-0.045150750459522104,2136.780000000006,Silver,SI=F,₹/kg,Precious Metal
2021-09-17,22.295000076293945,22.905000686645508,22.295000076293945,22.889999389648438,74,73.56490325927734,54138.58,54174.06,52731.31,52731.31,-0.018392993067491425,1442.75,Silver,SI=F,₹/kg,Precious Metal
2021-09-20,22.163000106811523,22.375,22.139999389648438,22.375,132,73.69609832763672,53014.9,53014.9,52458.1,52512.59,-0.004147820336722119,556.8000000000029,Silver,SI=F,₹/kg,Precious Metal
2021-09-21,22.572999954223633,22.572999954223633,22.469999313354492,22.524999618530273,55,73.65899658203125,53343.44,53457.11,53213.19,53457.11,0.01798654379835396,243.91999999999825,Silver,SI=F,₹/kg,Precious Metal
2021-09-22,22.868999481201172,23.045000076293945,22.799999237060547,22.799999237060547,3,73.7927017211914,54092.7,54673.96,54092.7,54256.4,0.01495198674226872,581.260000000002,Silver,SI=F,₹/kg,Precious Metal
2021-09-23,22.642000198364258,22.649999618530273,22.642000198364258,22.649999618530273,22,73.8749008178711,53796.69,53796.69,53777.69,53777.69,-0.008823106582817819,19.0,Silver,SI=F,₹/kg,Precious Metal
2021-09-24,22.38800048828125,22.584999084472656,22.09000015258789,22.584999084472656,15,73.83999633789062,53616.96,53616.96,52441.83,53149.28,-0.011685328990516441,1175.1299999999974,Silver,SI=F,₹/kg,Precious Metal
2021-09-27,22.656999588012695,23.735000610351562,22.604999542236328,22.604999542236328,131,73.81289672851562,53644.74,56326.39,53644.74,53768.15,0.011643995929954354,2681.6500000000015,Silver,SI=F,₹/kg,Precious Metal
2021-09-28,22.43000030517578,22.459999084472656,22.174999237060547,22.174999237060547,278,73.82530212402344,52633.14,53309.6,52633.14,53238.39,-0.009852673004371537,676.4599999999991,Silver,SI=F,₹/kg,Precious Metal
2021-09-29,21.458999633789062,22.514999389648438,21.458999633789062,22.43000030517578,70,74.16329956054688,53482.14,53684.81,51166.88,51166.88,-0.03891007973757288,2517.9300000000003,Silver,SI=F,₹/kg,Precious Metal
2021-09-30,22.020999908447266,22.03499984741211,22.020999908447266,22.03499984741211,36,74.3219985961914,52652.73,52652.73,52619.27,52619.27,0.02838535396334496,33.4600000000064,Silver,SI=F,₹/kg,Precious Metal
2021-10-01,22.510000228881836,22.510000228881836,22.510000228881836,22.510000228881836,1,74.25440216064453,53738.82,53738.82,53738.82,53738.82,0.02127642591772938,0.0,Silver,SI=F,₹/kg,Precious Metal
2021-10-04,22.618000030517578,22.618000030517578,22.618000030517578,22.618000030517578,5,74.152099609375,53922.26,53922.26,53922.26,53922.26,0.003413547227125502,0.0,Silver,SI=F,₹/kg,Precious Metal
2021-10-05,22.582000732421875,22.582000732421875,22.582000732421875,22.582000732421875,10,74.57279968261719,54141.88,54141.88,54141.88,54141.88,0.0040729005052828615,0.0,Silver,SI=F,₹/kg,Precious Metal
2021-10-06,22.506000518798828,22.506000518798828,22.375,22.475000381469727,135,74.56320190429688,53878.4,53952.72,53638.67,53952.72,-0.0034937833706549792,314.0500000000029,Silver,SI=F,₹/kg,Precious Metal
2021-10-07,22.631999969482422,22.631999969482422,22.631999969482422,22.631999969482422,91,74.76000213623047,54397.97,54397.97,54397.97,54397.97,0.008252595976625532,0.0,Silver,SI=F,₹/kg,Precious Metal
2021-10-08,22.679000854492188,23.0049991607666,22.56999969482422,22.56999969482422,62,74.83000183105469,54299.74,55346.28,54299.74,54561.98,0.003015002214237006,1046.5400000000009,Silver,SI=F,₹/kg,Precious Metal
2021-10-11,22.639999389648438,22.639999389648438,22.639999389648438,22.639999389648438,0,75.30580139160156,54814.48,54814.48,54814.48,54814.48,0.004627764608249096,0.0,Silver,SI=F,₹/kg,Precious Metal
2021-10-12,22.490999221801758,22.575000762939453,22.490999221801758,22.56999969482422,5,75.40260314941406,54715.24,54727.37,54523.73,54523.73,-0.005304255371938238,203.63999999999942,Silver,SI=F,₹/kg,Precious Metal
2021-10-13,23.14900016784668,23.14900016784668,23.14900016784668,23.14900016784668,1,75.48390197753906,56179.39,56179.39,56179.39,56179.39,0.030365860882958673,0.0,Silver,SI=F,₹/kg,Precious Metal
2021-10-14,23.45599937438965,23.459999084472656,23.45599937438965,23.459999084472656,28,75.3062973022461,56800.18,56800.18,56790.5,56790.5,0.01087783260017594,9.680000000000291,Silver,SI=F,₹/kg,Precious Metal
2021-10-15,23.327999114990234,23.327999114990234,23.327999114990234,23.327999114990234,0,74.99500274658203,56247.11,56247.11,56247.11,56247.11,-0.00956832568827537,0.0,Silver,SI=F,₹/kg,Precious Metal
2021-10-18,23.243000030517578,23.280000686645508,23.21500015258789,23.280000686645508,16,75.00589752197266,56139.54,56139.54,55982.79,56050.31,-0.003498846429621061,156.75,Silver,SI=F,₹/kg,Precious Metal
2021-10-19,23.86199951171875,24.06999969482422,23.86199951171875,24.06999969482422,2,75.2354965209961,58222.29,58222.29,57719.17,57719.17,0.02977432239000999,503.1200000000026,Silver,SI=F,₹/kg,Precious Metal
2021-10-20,24.423999786376953,24.423999786376953,24.423999786376953,24.423999786376953,151,75.12010192871094,58987.96,58987.96,58987.96,58987.96,0.021982124829584393,0.0,Silver,SI=F,₹/kg,Precious Metal
2021-10-21,24.149999618530273,24.479999542236328,24.139999389648438,24.479999542236328,100,74.80919647216797,58878.51,58878.51,58060.75,58084.81,-0.015310751549977297,817.760000000002,Silver,SI=F,₹/kg,Precious Metal
2021-10-22,24.429000854492188,24.429000854492188,24.3700008392334,24.429000854492188,2,74.86540222167969,58800.0,58800.0,58657.98,58800.0,0.012312857698940638,142.0199999999968,Silver,SI=F,₹/kg,Precious Metal
2021-10-25,24.57200050354004,24.575000762939453,24.57200050354004,24.575000762939453,49,74.99369812011719,59252.78,59252.78,59245.55,59245.55,0.007577380952380919,7.2299999999959255,Silver,SI=F,₹/kg,Precious Metal
2021-10-26,24.086000442504883,24.086000442504883,24.086000442504883,24.086000442504883,37,75.08989715576172,58148.25,58148.25,58148.25,58148.25,-0.018521222269014315,0.0,Silver,SI=F,₹/kg,Precious Metal
2021-10-27,24.18899917602539,24.18899917602539,24.15999984741211,24.15999984741211,51,74.88890075683594,58170.77,58240.59,58170.77,58240.59,0.0015880099573073458,69.81999999999971,Silver,SI=F,₹/kg,Precious Metal
2021-10-28,24.117000579833984,24.2450008392334,24.117000579833984,24.209999084472656,12,75.05000305175781,58416.55,58501.01,58192.16,58192.16,-0.0008315506419147578,308.84999999999854,Silver,SI=F,₹/kg,Precious Metal
2021-10-29,23.94499969482422,23.94499969482422,23.799999237060547,23.799999237060547,36,74.79720306396484,57233.82,57582.51,57233.82,57582.51,-0.010476497177626665,348.6900000000023,Silver,SI=F,₹/kg,Precious Metal
2021-11-01,24.06399917602539,24.100000381469727,24.0,24.0,33,74.92829895019531,57815.93,58056.83,57815.93,57970.11,0.0067312105707098,240.90000000000146,Silver,SI=F,₹/kg,Precious Metal
2021-11-02,23.5,23.5,23.5,23.5,21,74.82990264892578,56537.09,56537.09,56537.09,56537.09,-0.02471998069349879,0.0,Silver,SI=F,₹/kg,Precious Metal
2021-11-03,23.22599983215332,23.579999923706055,23.225000381469727,23.56999969482422,24,74.71199798583984,56616.15,56640.17,55787.45,55789.85,-0.01321681041595879,852.7200000000012,Silver,SI=F,₹/kg,Precious Metal
2021-11-04,23.9060001373291,23.9060001373291,23.690000534057617,23.690000534057617,15,74.43550109863281,56693.81,57210.73,56693.81,57210.73,0.025468431981803263,516.9200000000055,Silver,SI=F,₹/kg,Precious Metal
2021-11-05,24.152000427246094,24.235000610351562,23.834999084472656,23.844999313354492,21,74.47810363769531,57097.4,58031.27,57073.46,57832.52,0.01086841576746167,957.8099999999977,Silver,SI=F,₹/kg,Precious Metal
2021-11-08,24.53700065612793,24.55500030517578,24.274999618530273,24.274999618530273,23,74.19110107421875,57903.06,58570.94,57903.06,58528.01,0.012025932814271334,667.8800000000047,Silver,SI=F,₹/kg,Precious Metal
2021-11-09,24.312999725341797,24.312999725341797,24.312999725341797,24.312999725341797,0,73.91850280761719,57780.61,57780.61,57780.61,57780.61,-0.01276995407839765,0.0,Silver,SI=F,₹/kg,Precious Metal
2021-11-10,24.767000198364258,24.767000198364258,24.767000198364258,24.767000198364258,5,74.17479705810547,59063.64,59063.64,59063.64,59063.64,0.022205199979716372,0.0,Silver,SI=F,₹/kg,Precious Metal
2021-11-11,25.301000595092773,25.301000595092773,25.295000076293945,25.299999237060547,23,74.40489959716797,60521.89,60524.28,60509.93,60524.28,0.02472993537140611,14.349999999998545,Silver,SI=F,₹/kg,Precious Metal
2021-11-12,25.3439998626709,25.40999984741211,24.924999237060547,25.344999313354492,15,74.32209777832031,60562.07,60717.38,59558.47,60559.68,0.0005848892378397252,1158.9099999999962,Silver,SI=F,₹/kg,Precious Metal
2021-11-15,25.10700035095215,25.28499984741211,25.065000534057617,25.239999771118164,156,74.33999633789062,60325.69,60433.25,59907.43,60007.81,-0.009112828865674327,525.8199999999997,Silver,SI=F,₹/kg,Precious Metal
2021-11-16,24.944000244140625,25.0049991607666,24.875,25.0049991607666,122,74.43509674072266,59840.48,59840.48,59529.37,59694.5,-0.005221153713158344,311.1100000000006,Silver,SI=F,₹/kg,Precious Metal
2021-11-17,25.16699981689453,25.209999084472656,24.8799991607666,24.8799991607666,20,74.45860290527344,59560.14,60350.12,59560.14,60247.19,0.00925864191843484,789.9800000000032,Silver,SI=F,₹/kg,Precious Metal
2021-11-18,24.900999069213867,25.209999084472656,24.81999969482422,25.155000686645508,165,74.25980377197266,60057.68,60188.99,59257.87,59451.25,-0.01321123856564932,931.1199999999953,Silver,SI=F,₹/kg,Precious Metal
2021-11-19,24.780000686645508,24.875,24.780000686645508,24.8700008392334,107,74.17440032958984,59308.96,59320.88,59094.33,59094.33,-0.0060035743571412725,226.54999999999563,Silver,SI=F,₹/kg,Precious Metal
2021-11-22,24.297000885009766,24.540000915527344,24.190000534057617,24.540000915527344,42,74.30259704589844,58623.13,58623.13,57787.02,58042.63,-0.01779696969235467,836.1100000000006,Silver,SI=F,₹/kg,Precious Metal
2021-11-23,23.434999465942383,23.604999542236328,23.399999618530273,23.399999618530273,23,74.42980194091797,55995.5,56486.06,55995.5,56079.26,-0.033826344533319674,490.5599999999977,Silver,SI=F,₹/kg,Precious Metal
2021-11-24,23.496000289916992,23.496000289916992,23.496000289916992,23.496000289916992,3,74.4469985961914,56238.22,56238.22,56238.22,56238.22,0.002834559514515611,0.0,Silver,SI=F,₹/kg,Precious Metal
2021-11-26,23.10700035095215,23.10700035095215,23.10700035095215,23.10700035095215,61278,74.50579833984375,55350.82,55350.82,55350.82,55350.82,-0.015779304537021255,0.0,Silver,SI=F,₹/kg,Precious Metal
2021-11-29,22.798999786376953,23.415000915527344,22.729999542236328,23.135000228881836,10390,74.98159790039062,55771.8,56446.8,54795.46,54961.8,-0.007028260827933508,1651.3400000000038,Silver,SI=F,₹/kg,Precious Metal
2021-11-30,22.764999389648438,23.260000228881836,22.704999923706055,22.885000228881836,2513,75.05490112304688,55223.05,56127.95,54788.7,54933.48,-0.0005152669672390253,1339.25,Silver,SI=F,₹/kg,Precious Metal
2021-12-01,22.298999786376953,22.9950008392334,22.155000686645508,22.770000457763672,488,75.0509033203125,54942.62,55485.54,53458.67,53806.13,-0.02052209326625598,2026.8700000000026,Silver,SI=F,₹/kg,Precious Metal
2021-12-02,22.280000686645508,22.399999618530273,22.239999771118164,22.295000076293945,127,75.01789855957031,53772.82,54026.07,53640.17,53736.64,-0.0012914885348564997,385.90000000000146,Silver,SI=F,₹/kg,Precious Metal
2021-12-03,22.44499969482422,22.469999313354492,22.040000915527344,22.40999984741211,197,74.9834976196289,54025.4,54170.04,53133.42,54109.78,0.0069438654891709195,1036.6200000000026,Silver,SI=F,₹/kg,Precious Metal
2021-12-06,22.22800064086914,22.489999771118164,22.100000381469727,22.489999771118164,85,75.23400115966797,54399.39,54399.39,53456.05,53765.66,-0.006359663631971824,943.3399999999965,Silver,SI=F,₹/kg,Precious Metal
2021-12-07,22.48699951171875,22.559999465942383,22.375,22.385000228881836,52,75.39129638671875,54258.62,54682.8,54234.38,54505.85,0.013766965754721472,448.42000000000553,Silver,SI=F,₹/kg,Precious Metal
2021-12-08,22.389999389648438,22.44499969482422,22.309999465942383,22.43000030517578,268,75.40859985351562,54380.17,54416.54,54089.24,54283.19,-0.004085066098409529,327.3000000000029,Silver,SI=F,₹/kg,Precious Metal
2021-12-09,21.974000930786133,22.28499984741211,21.889999389648438,22.280000686645508,32,75.38330078125,53998.39,54010.5,53053.17,53256.76,-0.018908800311846052,957.3300000000017,Silver,SI=F,₹/kg,Precious Metal
2021-12-10,22.15999984741211,22.165000915527344,21.799999237060547,21.885000228881836,18,75.59919738769531,53192.96,53873.52,52986.36,53861.37,0.011352737192424023,887.1599999999962,Silver,SI=F,₹/kg,Precious Metal
2021-12-13,22.290000915527344,22.290000915527344,22.1299991607666,22.2450008392334,7,75.70999908447266,54147.21,54256.75,53867.28,54256.75,0.007340697052451439,389.47000000000116,Silver,SI=F,₹/kg,Precious Metal
2021-12-14,21.886999130249023,22.25,21.65999984741211,22.25,3,75.82689666748047,54243.0,54243.0,52804.65,53358.05,-0.01656383767918268,1438.3499999999985,Silver,SI=F,₹/kg,Precious Metal
2021-12-15,21.507999420166016,21.639999389648438,21.5,21.5,5,76.04720306396484,52566.87,52909.17,52566.87,52586.43,-0.01446117315006834,342.29999999999563,Silver,SI=F,₹/kg,Precious Metal
2021-12-16,22.454999923706055,22.454999923706055,22.1200008392334,22.135000228881836,88,76.2114028930664,54236.28,55020.36,54199.53,55020.36,0.04628437412465525,820.8300000000017,Silver,SI=F,₹/kg,Precious Metal
2021-12-17,22.506999969482422,22.506999969482422,22.450000762939453,22.450000762939453,31,76.1675033569336,54976.43,55116.01,54976.43,55116.01,0.00173844736748352,139.58000000000175,Silver,SI=F,₹/kg,Precious Metal
2021-12-20,22.274999618530273,22.3700008392334,22.274999618530273,22.299999237060547,87,76.00599670410156,54493.3,54664.36,54432.21,54432.21,-0.01240655845733396,232.15000000000146,Silver,SI=F,₹/kg,Precious Metal
2021-12-21,22.50200080871582,22.739999771118164,22.225000381469727,22.225000381469727,188,75.75869750976562,54133.33,55387.71,54133.33,54808.01,0.006904000407111921,1254.3799999999974,Silver,SI=F,₹/kg,Precious Metal
2021-12-22,22.79199981689453,22.79199981689453,22.46500015258789,22.46500015258789,190,75.6864013671875,54665.68,55461.39,54665.68,55461.39,0.01192125019682333,795.7099999999991,Silver,SI=F,₹/kg,Precious Metal
2021-12-23,22.930999755859375,22.930999755859375,22.719999313354492,22.809999465942383,419,75.45850372314453,55338.06,55631.61,55119.71,55631.61,0.003069162168492401,511.90000000000146,Silver,SI=F,₹/kg,Precious Metal
2021-12-27,22.979000091552734,22.979999542236328,22.68000030517578,22.68000030517578,3,75.31500244140625,54918.03,55644.46,54918.03,55642.04,0.0001874833390584918,726.4300000000003,Silver,SI=F,₹/kg,Precious Metal
2021-12-28,23.111000061035156,23.295000076293945,23.05500030517578,23.05500030517578,154,74.98030090332031,55577.98,56156.54,55577.98,55712.98,0.001274935282746581,578.5599999999977,Silver,SI=F,₹/kg,Precious Metal
2021-12-29,22.847999572753906,23.0049991607666,22.635000228881836,23.0049991607666,264,74.74500274658203,55283.41,55283.41,54394.26,54906.12,-0.014482441973127314,889.1500000000015,Silver,SI=F,₹/kg,Precious Metal
2021-12-30,23.027999877929688,23.084999084472656,22.6200008392334,22.774999618530273,194,74.57029724121094,54602.77,55345.99,54231.16,55209.34,0.005522517344150213,1114.8299999999945,Silver,SI=F,₹/kg,Precious Metal
2021-12-31,23.327999114990234,23.327999114990234,23.200000762939453,23.225000381469727,86,74.43119812011719,55577.78,55824.25,55517.95,55824.25,0.011137789366799211,306.3000000000029,Silver,SI=F,₹/kg,Precious Metal
2022-01-03,22.790000915527344,23.309999465942383,22.790000915527344,23.309999465942383,31,74.51380157470703,55843.09,55843.09,54597.34,54597.34,-0.02197808300156301,1245.75,Silver,SI=F,₹/kg,Precious Metal
2022-01-04,23.038000106811523,23.038000106811523,22.954999923706055,22.954999923706055,7,74.4032974243164,54911.07,55109.62,54911.07,55109.62,0.009382874696826082,198.5500000000029,Silver,SI=F,₹/kg,Precious Metal
2022-01-05,23.149999618530273,23.149999618530273,22.78499984741211,23.139999389648438,437,74.53489685058594,55451.52,55475.48,54600.81,55475.48,0.00663876833119148,874.6700000000055,Silver,SI=F,₹/kg,Precious Metal
2022-01-06,22.173999786376953,22.799999237060547,22.049999237060547,22.764999389648438,103,74.43009948730469,54476.18,54559.94,52765.2,53061.93,-0.04350660868549494,1794.7400000000052,Silver,SI=F,₹/kg,Precious Metal
2022-01-07,22.393999099731445,22.393999099731445,22.393999099731445,22.393999099731445,17,74.41929626464844,53580.61,53580.61,53580.61,53580.61,0.00977499310711094,0.0,Silver,SI=F,₹/kg,Precious Metal
2022-01-10,22.445999145507812,22.489999771118164,22.354999542236328,22.354999542236328,377,74.2699966430664,53379.99,53702.35,53379.99,53597.28,0.00031112001151156754,322.3600000000006,Silver,SI=F,₹/kg,Precious Metal
2022-01-11,22.805999755859375,22.805999755859375,22.59000015258789,22.59000015258789,155,74.05699920654297,53786.44,54300.73,53786.44,54300.73,0.013124733195416072,514.2900000000009,Silver,SI=F,₹/kg,Precious Metal
2022-01-12,23.200000762939453,23.200000762939453,23.200000762939453,23.200000762939453,1,73.81529998779297,55058.56,55058.56,55058.56,55058.56,0.01395616596682947,0.0,Silver,SI=F,₹/kg,Precious Metal
2022-01-13,23.155000686645508,23.155000686645508,23.155000686645508,23.155000686645508,0,73.79910278320312,54939.7,54939.7,54939.7,54939.7,-0.002158792383963548,0.0,Silver,SI=F,₹/kg,Precious Metal
2022-01-14,22.910999298095703,23.0,22.899999618530273,22.910999298095703,36,73.97229766845703,54488.34,54700.01,54462.18,54488.34,-0.008215552687764971,237.83000000000175,Silver,SI=F,₹/kg,Precious Metal
2022-01-18,23.48699951171875,23.48699951171875,23.399999618530273,23.399999618530273,207,74.25509643554688,55864.07,56071.77,55864.07,56071.77,0.029059978703700695,207.6999999999971,Silver,SI=F,₹/kg,Precious Metal
2022-01-19,24.22599983215332,24.22599983215332,24.22599983215332,24.22599983215332,3,74.61969757080078,58120.0,58120.0,58120.0,58120.0,0.0365287202454998,0.0,Silver,SI=F,₹/kg,Precious Metal
2022-01-20,24.711000442504883,24.711000442504883,24.711000442504883,24.711000442504883,21,74.44920349121094,59148.1,59148.1,59148.1,59148.1,0.017689263592567173,0.0,Silver,SI=F,₹/kg,Precious Metal
2022-01-21,24.31399917602539,24.31399917602539,24.31399917602539,24.31399917602539,17,74.45220184326172,58200.19,58200.19,58200.19,58200.19,-0.016026043101976195,0.0,Silver,SI=F,₹/kg,Precious Metal
2022-01-24,23.795000076293945,23.795000076293945,23.795000076293945,23.795000076293945,0,74.41320037841797,56928.03,56928.03,56928.03,56928.03,-0.021858347885118645,0.0,Silver,SI=F,₹/kg,Precious Metal
2022-01-25,23.895999908447266,23.94499969482422,23.684999465942383,23.94499969482422,100,74.6447982788086,57465.19,57465.19,56841.22,57347.59,0.007370007358413755,623.9700000000012,Silver,SI=F,₹/kg,Precious Metal
2022-01-26,23.80699920654297,23.80699920654297,23.80699920654297,23.80699920654297,46,74.77999877929688,57237.49,57237.49,57237.49,57237.49,-0.0019198714366200909,0.0,Silver,SI=F,₹/kg,Precious Metal
2022-01-27,22.67300033569336,23.030000686645508,22.67300033569336,23.030000686645508,102,74.8949966430664,55454.55,55454.55,54594.92,54594.92,-0.04616851647408016,859.6300000000047,Silver,SI=F,₹/kg,Precious Metal
2022-01-28,22.302000045776367,22.809999465942383,22.302000045776367,22.809999465942383,38,75.20929718017578,55155.3,55155.3,53926.94,53926.94,-0.0122352043010594,1228.3600000000006,Silver,SI=F,₹/kg,Precious Metal
2022-01-31,22.395000457763672,22.514999389648438,22.34000015258789,22.34000015258789,57,75.03900146484375,53896.51,54318.71,53896.51,54029.2,0.0018962692858150998,422.1999999999971,Silver,SI=F,₹/kg,Precious Metal
2022-02-01,22.59600067138672,23.0,22.4950008392334,22.4950008392334,411,74.55580139160156,53920.99,55131.49,53920.99,54163.09,0.002478104432418027,1210.5,Silver,SI=F,₹/kg,Precious Metal
2022-02-02,22.711000442504883,22.81999969482422,22.610000610351562,22.809999465942383,135,74.74549865722656,54815.17,54839.2,54334.55,54577.26,0.007646720303439158,504.6499999999942,Silver,SI=F,₹/kg,Precious Metal
2022-02-03,22.375,22.565000534057617,22.375,22.545000076293945,74,74.82240295410156,54234.09,54282.2,53825.14,53825.14,-0.01378083106407324,457.0599999999977,Silver,SI=F,₹/kg,Precious Metal
2022-02-04,22.475000381469727,22.530000686645508,22.475000381469727,22.530000686645508,42,74.6438980102539,54068.7,54068.7,53936.71,53936.71,0.0020728232197817498,131.98999999999796,Silver,SI=F,₹/kg,Precious Metal
2022-02-07,23.076000213623047,23.079999923706055,23.05500030517578,23.05500030517578,11,74.64219665527344,55327.36,55387.36,55327.36,55377.76,0.02671742492265472,60.0,Silver,SI=F,₹/kg,Precious Metal
2022-02-08,23.19499969482422,23.229999542236328,23.19499969482422,23.19499969482422,9,74.6583023071289,55675.34,55759.36,55675.34,55675.34,0.005373637359113115,84.02000000000407,Silver,SI=F,₹/kg,Precious Metal
2022-02-09,23.336000442504883,23.336000442504883,23.336000442504883,23.336000442504883,40,74.69519805908203,56041.47,56041.47,56041.47,56041.47,0.006576161007728176,0.0,Silver,SI=F,₹/kg,Precious Metal
2022-02-10,23.518999099731445,23.518999099731445,23.518999099731445,23.518999099731445,182,74.80889892578125,56566.92,56566.92,56566.92,56566.92,0.00937609238301551,0.0,Silver,SI=F,₹/kg,Precious Metal
2022-02-11,23.365999221801758,23.365999221801758,23.149999618530273,23.170000076293945,26,75.53839874267578,56270.95,56746.96,56222.38,56746.96,0.0031827789103595627,524.5800000000017,Silver,SI=F,₹/kg,Precious Metal
2022-02-14,23.844999313354492,23.915000915527344,23.829999923706055,23.915000915527344,44,75.34100341796875,57928.49,57928.49,57722.6,57758.93,0.017833025769133704,205.88999999999942,Silver,SI=F,₹/kg,Precious Metal
2022-02-15,23.33799934387207,23.33799934387207,23.165000915527344,23.165000915527344,41,75.6854019165039,56368.29,56789.26,56368.29,56789.26,-0.01678822651319889,420.97000000000116,Silver,SI=F,₹/kg,Precious Metal
2022-02-16,23.60099983215332,23.60099983215332,23.60099983215332,23.60099983215332,11,75.17479705810547,57041.78,57041.78,57041.78,57041.78,0.004446615433974621,0.0,Silver,SI=F,₹/kg,Precious Metal
2022-02-17,23.874000549316406,23.874000549316406,23.874000549316406,23.874000549316406,101,75.04199981689453,57599.67,57599.67,57599.67,57599.67,0.009780375016347653,0.0,Silver,SI=F,₹/kg,Precious Metal
2022-02-18,23.990999221801758,24.0,23.924999237060547,24.0,170,75.06300354003906,57919.87,57919.87,57738.87,57898.15,0.005181974132838052,181.0,Silver,SI=F,₹/kg,Precious Metal
2022-02-22,24.31100082397461,24.31100082397461,24.209999084472656,24.209999084472656,175,74.51699829101562,58001.68,58243.66,58001.68,58243.66,0.005967548185909166,241.9800000000032,Silver,SI=F,₹/kg,Precious Metal
2022-02-23,24.55500030517578,24.55500030517578,24.55500030517578,24.55500030517578,20,74.62300109863281,58911.91,58911.91,58911.91,58911.91,0.011473351777687046,0.0,Silver,SI=F,₹/kg,Precious Metal
2022-02-24,24.68600082397461,25.389999389648438,24.68600082397461,25.354999542236328,107560,74.63300323486328,60839.4,60923.39,59234.14,59234.14,0.005469691951932809,1689.25,Silver,SI=F,₹/kg,Precious Metal
2022-02-25,23.996999740600586,24.524999618530273,23.899999618530273,24.31999969482422,13916,75.4083023071289,58962.13,59459.14,57943.87,58179.04,-0.01781236293799482,1515.2699999999968,Silver,SI=F,₹/kg,Precious Metal
2022-02-28,24.361000061035156,24.854999542236328,24.280000686645508,24.549999237060547,788,75.06800079345703,59251.15,59987.26,58599.51,58795.0,0.010587318044436689,1387.75,Silver,SI=F,₹/kg,Precious Metal
2022-03-01,25.534000396728516,25.565000534057617,24.34000015258789,24.450000762939453,409,75.28479766845703,59180.22,61879.03,58913.97,61804.0,0.051177821243302946,2965.0599999999977,Silver,SI=F,₹/kg,Precious Metal
2022-03-02,25.183000564575195,25.40999984741211,25.030000686645508,25.309999465942383,893,75.80120086669922,61682.03,61925.74,60999.66,61372.53,-0.006981263348650568,926.0799999999945,Silver,SI=F,₹/kg,Precious Metal
2022-03-03,25.204999923706055,25.540000915527344,25.139999389648438,25.30500030517578,147,75.63099670410156,61531.37,62102.8,61130.16,61288.21,-0.0013739045791333337,972.6399999999994,Silver,SI=F,₹/kg,Precious Metal
2022-03-04,25.781999588012695,25.834999084472656,25.2549991607666,25.295000076293945,838,75.8917007446289,61719.07,63036.66,61621.47,62907.34,0.026418294807435183,1415.1900000000023,Silver,SI=F,₹/kg,Precious Metal
2022-03-07,25.71299934387207,26.28499984741211,25.71299934387207,26.155000686645508,526,76.41799926757812,64260.02,64579.41,63174.07,63174.07,0.004240045756186861,1405.3400000000038,Silver,SI=F,₹/kg,Precious Metal
2022-03-08,26.88800048828125,27.309999465942383,25.645000457763672,25.850000381469727,1151,77.08080291748047,64061.52,67679.69,63553.49,66633.89,0.05476645718726059,4126.200000000004,Silver,SI=F,₹/kg,Precious Metal
2022-03-09,25.756999969482422,26.899999618530273,25.756999969482422,26.899999618530273,757,76.91449737548828,66519.8,66519.8,63693.32,63693.32,-0.044130246635758485,2826.480000000003,Silver,SI=F,₹/kg,Precious Metal
2022-03-10,26.20199966430664,26.20199966430664,25.59000015258789,26.030000686645508,68,76.13490295410156,63715.99,64137.0,62638.96,64137.0,0.006965879624425408,1498.0400000000009,Silver,SI=F,₹/kg,Precious Metal
2022-03-11,26.106000900268555,26.200000762939453,25.920000076293945,26.03499984741211,91,76.310302734375,63875.04,64279.86,63592.9,64049.24,-0.0013683209379921069,686.9599999999991,Silver,SI=F,₹/kg,Precious Metal
2022-03-14,25.243999481201172,25.950000762939453,25.243999481201172,25.950000762939453,322,76.75370025634766,64036.43,64036.43,62294.24,62294.24,-0.027400793514489763,1742.1900000000023,Silver,SI=F,₹/kg,Precious Metal
2022-03-15,25.12299919128418,25.12299919128418,24.885000228881836,24.885000228881836,25,76.49009704589844,61197.45,61782.73,61197.45,61782.73,-0.008211192559697267,585.2800000000061,Silver,SI=F,₹/kg,Precious Metal
2022-03-16,24.670000076293945,25.06999969482422,24.600000381469727,24.975000381469727,71,76.26589965820312,61238.75,61471.69,60319.25,60490.89,-0.020909402999835125,1152.4400000000023,Silver,SI=F,₹/kg,Precious Metal
2022-03-17,25.583999633789062,25.639999389648438,25.200000762939453,25.200000762939453,30,76.02420043945312,61594.63,62670.09,61594.63,62533.21,0.03376243926978084,1075.4599999999991,Silver,SI=F,₹/kg,Precious Metal
2022-03-18,25.05500030517578,25.40999984741211,25.049999237060547,25.40999984741211,8,75.98159790039062,62073.11,62073.11,61193.68,61205.9,-0.021225681521866546,879.4300000000003,Silver,SI=F,₹/kg,Precious Metal
2022-03-21,25.281999588012695,25.3700008392334,25.165000915527344,25.174999237060547,6,75.94640350341797,61470.55,61946.69,61446.14,61731.82,0.008592635677279414,500.5500000000029,Silver,SI=F,₹/kg,Precious Metal
2022-03-22,24.885000228881836,25.19499969482422,24.764999389648438,25.19499969482422,48,76.30709838867188,61811.56,61811.56,60756.63,61051.03,-0.011028186112121752,1054.9300000000003,Silver,SI=F,₹/kg,Precious Metal
2022-03-23,25.170000076293945,25.270000457763672,25.0,25.0,26,76.10189819335938,61168.23,61828.85,61168.23,61584.18,0.008732858397311194,660.6199999999953,Silver,SI=F,₹/kg,Precious Metal
2022-03-24,25.899999618530273,25.905000686645508,25.454999923706055,25.454999923706055,68,76.55239868164062,62650.18,63757.73,62650.18,63745.42,0.03509407773230078,1107.550000000003,Silver,SI=F,₹/kg,Precious Metal
2022-03-25,25.594999313354492,25.96500015258789,25.594999313354492,25.825000762939453,59,76.32350158691406,63370.78,63714.32,62806.39,62806.39,-0.014730940669933634,907.9300000000003,Silver,SI=F,₹/kg,Precious Metal
2022-03-28,25.176000595092773,25.209999084472656,25.030000686645508,25.184999465942383,22,76.27850341796875,61763.88,61825.19,61383.76,61741.81,-0.016950186119597088,441.4300000000003,Silver,SI=F,₹/kg,Precious Metal
2022-03-29,24.715999603271484,24.715999603271484,24.2549991607666,24.2549991607666,312,76.03410339355469,59292.55,60419.49,59292.55,60419.49,-0.021416929630018955,1126.939999999995,Silver,SI=F,₹/kg,Precious Metal
2022-03-30,25.10300064086914,25.225000381469727,25.014999389648438,25.1299991607666,109,75.66670227050781,61134.69,61365.8,60854.93,61069.01,0.010750173495340798,510.8700000000026,Silver,SI=F,₹/kg,Precious Metal
2022-03-31,25.121000289916992,25.121000289916992,24.875,24.875,26,75.82779693603516,60643.18,61242.91,60643.18,61242.91,0.0028475981516649096,599.7300000000032,Silver,SI=F,₹/kg,Precious Metal
2022-04-01,24.642000198364258,24.8700008392334,24.642000198364258,24.860000610351562,3,75.9092025756836,60671.68,60696.08,60139.64,60139.64,-0.01801465671699798,556.4400000000023,Silver,SI=F,₹/kg,Precious Metal
2022-04-04,24.583999633789062,24.583999633789062,24.434999465942383,24.434999465942383,94,75.99479675292969,59701.69,60065.74,59701.69,60065.74,-0.0012288068235859484,364.04999999999563,Silver,SI=F,₹/kg,Precious Metal
2022-04-05,24.527999877929688,24.635000228881836,24.420000076293945,24.635000228881836,88,75.47799682617188,59781.03,59781.03,59259.29,59521.37,-0.009062903412161316,521.739999999998,Silver,SI=F,₹/kg,Precious Metal
2022-04-06,24.454999923706055,24.459999084472656,24.34000015258789,24.385000228881836,17,75.45069885253906,59152.96,59334.89,59043.8,59322.76,-0.0033367847547863816,291.0899999999965,Silver,SI=F,₹/kg,Precious Metal
2022-04-07,24.732999801635742,24.732999801635742,24.459999084472656,24.545000076293945,83,75.94509887695312,59931.23,60390.27,59723.69,60390.27,0.017994948313261094,666.5799999999945,Silver,SI=F,₹/kg,Precious Metal
2022-04-08,24.819000244140625,24.924999237060547,24.819000244140625,24.819000244140625,13,75.91320037841797,60574.8,60833.51,60574.8,60574.8,0.0030556246892090577,258.7099999999991,Silver,SI=F,₹/kg,Precious Metal
2022-04-11,24.97800064086914,25.514999389648438,24.97800064086914,25.514999389648438,46,75.91729736328125,62276.86,62276.86,60966.16,60966.16,0.00646077246643828,1310.699999999997,Silver,SI=F,₹/kg,Precious Metal
2022-04-12,25.725000381469727,25.774999618530273,25.219999313354492,25.219999313354492,22,75.83699798583984,61491.72,62844.93,61491.72,62723.02,0.02881696993873306,1353.2099999999991,Silver,SI=F,₹/kg,Precious Metal
2022-04-13,26.020000457763672,26.024999618530273,25.6200008392334,25.6200008392334,120,76.1498031616211,62724.67,63716.21,62724.67,63703.97,0.015639393638890553,991.5400000000009,Silver,SI=F,₹/kg,Precious Metal
2022-04-14,25.690000534057617,25.690000534057617,25.690000534057617,25.690000534057617,61,76.12169647216797,62872.83,62872.83,62872.83,62872.83,-0.013046910577158677,0.0,Silver,SI=F,₹/kg,Precious Metal
2022-04-18,26.139999389648438,26.139999389648438,26.139999389648438,26.139999389648438,0,76.3313980102539,64150.38,64150.38,64150.38,64150.38,0.02031958796828448,0.0,Silver,SI=F,₹/kg,Precious Metal
2022-04-19,25.391000747680664,26.03499984741211,25.391000747680664,26.03499984741211,30,76.28019714355469,63849.84,63849.84,62270.46,62270.46,-0.029304892660027893,1579.3799999999974,Silver,SI=F,₹/kg,Precious Metal
2022-04-20,25.270000457763672,25.270000457763672,25.21500015258789,25.21500015258789,7,76.44539642333984,61972.75,62107.93,61972.75,62107.93,-0.0026100658321778214,135.1800000000003,Silver,SI=F,₹/kg,Precious Metal
2022-04-21,24.621000289916992,25.280000686645508,24.621000289916992,25.280000686645508,52,76.27619934082031,61994.99,61994.99,60378.9,60378.9,-0.027839118128715534,1616.0899999999965,Silver,SI=F,₹/kg,Precious Metal
2022-04-22,24.256999969482422,24.725000381469727,24.21500015258789,24.725000381469727,17,76.28520202636719,60641.1,60641.1,59390.26,59493.27,-0.014667872385883185,1250.8399999999965,Silver,SI=F,₹/kg,Precious Metal
2022-04-25,23.667999267578125,23.667999267578125,23.667999267578125,23.667999267578125,11,76.4635009765625,58184.35,58184.35,58184.35,58184.35,-0.022001143994942574,0.0,Silver,SI=F,₹/kg,Precious Metal
2022-04-26,23.54199981689453,23.594999313354492,23.54199981689453,23.54199981689453,4,76.52780151367188,57923.26,58053.66,57923.26,57923.26,-0.004487289107809822,130.40000000000146,Silver,SI=F,₹/kg,Precious Metal
2022-04-27,23.45800018310547,23.45800018310547,23.45800018310547,23.45800018310547,37579,76.79409790039062,57917.43,57917.43,57917.43,57917.43,-0.00010065041228690674,0.0,Silver,SI=F,₹/kg,Precious Metal
2022-04-28,23.128999710083008,23.40999984741211,22.895000457763672,23.309999465942383,8170,76.47219848632812,57310.77,57556.64,56290.44,56865.76,-0.018158091614216998,1266.199999999997,Silver,SI=F,₹/kg,Precious Metal
2022-04-29,23.040000915527344,23.53499984741211,22.735000610351562,23.225000381469727,1021,76.58899688720703,57189.01,57952.35,55982.44,56733.46,-0.002326531818092392,1969.9099999999962,Silver,SI=F,₹/kg,Precious Metal
2022-05-02,22.54400062561035,22.829999923706055,22.1200008392334,22.71500015258789,273,76.52310180664062,55885.06,56167.99,54421.2,55464.36,-0.022369515273702678,1746.7900000000009,Silver,SI=F,₹/kg,Precious Metal
2022-05-03,22.621000289916992,22.78499984741211,22.475000381469727,22.639999389648438,167,76.52410125732422,55701.27,56058.01,55295.32,55654.52,0.0034285079643936456,762.6900000000023,Silver,SI=F,₹/kg,Precious Metal
2022-05-04,22.36199951171875,23.020000457763672,22.315000534057617,22.584999084472656,225,76.46730041503906,55524.71,56594.15,54860.92,54976.47,-0.01218319733958706,1733.2300000000032,Silver,SI=F,₹/kg,Precious Metal
2022-05-05,22.399999618530273,23.2450008392334,22.3700008392334,23.1200008392334,768,76.00160217285156,56493.83,56799.27,54661.2,54734.5,-0.004401337517668913,2138.0699999999997,Silver,SI=F,₹/kg,Precious Metal
2022-05-06,22.325000762939453,22.485000610351562,22.09000015258789,22.280000686645508,363,76.54180145263672,54828.24,55332.72,54360.67,54938.98,0.0037358521590586946,972.0500000000029,Silver,SI=F,₹/kg,Precious Metal
2022-05-09,21.781999588012695,22.190000534057617,21.665000915527344,22.170000076293945,693,76.9574966430664,54853.84,54903.33,53604.36,53893.84,-0.019023651330985825,1298.9700000000012,Silver,SI=F,₹/kg,Precious Metal
2022-05-10,21.389999389648438,22.0,21.239999771118164,21.985000610351562,701,77.3655014038086,54684.5,54721.81,52831.42,53204.52,-0.012790330026585583,1890.3899999999994,Silver,SI=F,₹/kg,Precious Metal
2022-05-11,21.549999237060547,21.80500030517578,21.309999465942383,21.415000915527344,434,77.27140045166016,53201.92,54170.81,52941.06,53537.3,0.006254731740837238,1229.75,Silver,SI=F,₹/kg,Precious Metal
2022-05-12,20.756999969482422,21.575000762939453,20.655000686645508,21.479999542236328,196,77.41840362548828,53464.92,53701.38,51411.45,51665.33,-0.03496571549181604,2289.9300000000003,Silver,SI=F,₹/kg,Precious Metal
2022-05-13,20.983999252319336,21.114999771118164,20.639999389648438,20.639999389648438,35,77.44380187988281,51390.97,52573.66,51390.97,52247.48,0.011267710861422975,1182.6900000000023,Silver,SI=F,₹/kg,Precious Metal
2022-05-16,21.53499984741211,21.604999542236328,21.084999084472656,21.094999313354492,211,77.48629760742188,52552.68,53823.21,52527.77,53648.83,0.026821389280401675,1295.4400000000023,Silver,SI=F,₹/kg,Precious Metal
2022-05-17,21.73699951171875,21.73699951171875,21.55500030517578,21.655000686645508,197,77.8053970336914,54169.94,54375.06,53919.79,54375.06,0.013536735097484875,455.2699999999968,Silver,SI=F,₹/kg,Precious Metal
2022-05-18,21.533000946044922,21.674999237060547,21.389999389648438,21.674999237060547,107,77.37239837646484,53918.22,53918.22,53209.27,53564.99,-0.014897822641483094,708.9500000000044,Silver,SI=F,₹/kg,Precious Metal
2022-05-19,21.898000717163086,21.898000717163086,21.424999237060547,21.434999465942383,100,77.81999969482422,53629.67,54788.09,53604.65,54788.09,0.022833944335656442,1183.439999999995,Silver,SI=F,₹/kg,Precious Metal
2022-05-20,21.66900062561035,21.66900062561035,21.66900062561035,21.66900062561035,23,77.42109680175781,53937.23,53937.23,53937.23,53937.23,-0.015530017564036158,0.0,Silver,SI=F,₹/kg,Precious Metal
2022-05-23,21.722999572753906,22.204999923706055,21.722999572753906,21.834999084472656,373,77.81839752197266,54629.33,55555.04,54349.12,54349.12,0.007636469281051328,1205.9199999999983,Silver,SI=F,₹/kg,Precious Metal
2022-05-24,22.062999725341797,22.065000534057617,22.03499984741211,22.062999725341797,101,77.52680206298828,54992.93,54997.92,54923.14,54992.93,0.011845821974670434,74.77999999999884,Silver,SI=F,₹/kg,Precious Metal
2022-05-25,21.860000610351562,21.969999313354492,21.829999923706055,21.864999771118164,97,77.47879791259766,54465.66,54727.22,54378.48,54453.21,-0.009814352499494028,348.73999999999796,Silver,SI=F,₹/kg,Precious Metal
2022-05-26,21.94099998474121,21.94099998474121,21.94099998474121,21.94099998474121,206,77.49729919433594,54668.03,54668.03,54668.03,54668.03,0.003945038318218463,0.0,Silver,SI=F,₹/kg,Precious Metal
2022-05-27,22.059999465942383,22.395000457763672,22.010000228881836,22.010000228881836,105,77.63020324707031,54934.0,55894.91,54934.0,55058.79,0.007147870519570665,960.9100000000035,Silver,SI=F,₹/kg,Precious Metal
2022-05-31,21.650999069213867,21.674999237060547,21.600000381469727,21.600000381469727,46,77.5208969116211,53834.78,54021.71,53834.78,53961.89,-0.019922341192024073,186.9300000000003,Silver,SI=F,₹/kg,Precious Metal
2022-06-01,21.884000778198242,21.884000778198242,21.485000610351562,21.4950008392334,30,77.5989990234375,53627.06,54597.56,53602.11,54597.56,0.01177998027867444,995.4499999999971,Silver,SI=F,₹/kg,Precious Metal
2022-06-02,22.253999710083008,22.325000762939453,21.825000762939453,21.829999923706055,23,77.58409881591797,54452.38,55687.1,54439.91,55510.0,0.01671210215255048,1247.189999999995,Silver,SI=F,₹/kg,Precious Metal
2022-06-03,21.889999389648438,22.40999984741211,21.889999389648438,22.405000686645508,33,77.3604965209961,55725.59,55738.02,54444.68,54444.68,-0.01919149702756262,1293.3399999999965,Silver,SI=F,₹/kg,Precious Metal
2022-06-06,22.073999404907227,22.073999404907227,22.073999404907227,22.073999404907227,3,77.69419860839844,55139.15,55139.15,55139.15,55139.15,0.01275551624143989,0.0,Silver,SI=F,₹/kg,Precious Metal
2022-06-07,22.159000396728516,22.159000396728516,22.024999618530273,22.024999618530273,3,77.82099914550781,55106.54,55441.81,55106.54,55441.81,0.005489021865588972,335.2699999999968,Silver,SI=F,₹/kg,Precious Metal
2022-06-08,22.073999404907227,22.09000015258789,21.989999771118164,21.989999771118164,33,77.67060089111328,54912.64,55162.36,54912.64,55122.4,-0.00576117554603639,249.72000000000116,Silver,SI=F,₹/kg,Precious Metal
2022-06-09,21.797000885009766,22.065000534057617,21.725000381469727,22.05500030517578,17,77.72429656982422,55113.03,55138.02,54288.4,54468.32,-0.011865956489557794,849.6199999999953,Silver,SI=F,₹/kg,Precious Metal
2022-06-10,21.913000106811523,21.920000076293945,21.700000762939453,21.700000762939453,13,77.8187026977539,54291.79,54842.21,54291.79,54824.7,0.006542885846304802,550.4199999999983,Silver,SI=F,₹/kg,Precious Metal
2022-06-13,21.236000061035156,21.649999618530273,21.05500030517578,21.649999618530273,61,78.17759704589844,54416.5,54416.5,52921.0,53375.93,-0.026425497996340974,1495.5,Silver,SI=F,₹/kg,Precious Metal
2022-06-14,20.93600082397461,21.05500030517578,20.905000686645508,21.020000457763672,21,78.16059875488281,52821.54,52909.49,52532.55,52610.45,-0.014341295786321706,376.93999999999505,Silver,SI=F,₹/kg,Precious Metal
2022-06-15,21.402000427246094,21.46500015258789,20.985000610351562,20.985000610351562,27,77.9854965209961,52615.45,53818.94,52615.45,53660.99,0.01996827626450637,1203.4900000000052,Silver,SI=F,₹/kg,Precious Metal
2022-06-16,21.867000579833984,21.924999237060547,21.3799991607666,21.69499969482422,38,77.90019989013672,54336.12,54912.17,53547.19,54766.91,0.020609384955439847,1364.979999999996,Silver,SI=F,₹/kg,Precious Metal
2022-06-17,21.572999954223633,21.8799991607666,21.572999954223633,21.8700008392334,17,77.97769927978516,54828.91,54853.98,54084.32,54084.32,-0.012463547788253981,769.6600000000035,Silver,SI=F,₹/kg,Precious Metal
2022-06-21,21.753999710083008,21.799999237060547,21.7450008392334,21.799999237060547,7,77.93399810791016,54622.79,54622.79,54484.98,54507.53,0.007825003623970872,137.80999999999767,Silver,SI=F,₹/kg,Precious Metal
2022-06-22,21.406999588012695,21.594999313354492,21.395000457763672,21.594999313354492,12,78.13490295410156,54248.62,54248.62,53746.21,53776.35,-0.013414293401297073,502.4100000000035,Silver,SI=F,₹/kg,Precious Metal
2022-06-23,21.031999588012695,21.3799991607666,21.031999588012695,21.3799991607666,7,78.19309997558594,53748.52,53748.52,52873.67,52873.67,-0.016785817557346316,874.8499999999985,Silver,SI=F,₹/kg,Precious Metal
2022-06-24,21.115999221801758,21.174999237060547,20.950000762939453,20.96500015258789,41,78.14240264892578,52671.06,53198.65,52633.38,53050.42,0.0033428736836311757,565.2700000000041,Silver,SI=F,₹/kg,Precious Metal
2022-06-27,21.159000396728516,21.329999923706055,21.149999618530273,21.295000076293945,15,78.2522964477539,53575.37,53663.42,53210.57,53233.21,0.003445590063188897,452.84999999999854,Silver,SI=F,₹/kg,Precious Metal
2022-06-28,20.797000885009766,21.184999465942383,20.797000885009766,21.174999237060547,42010,78.44110107421875,53402.0,53427.22,52448.71,52448.71,-0.014737041031341103,978.510000000002,Silver,SI=F,₹/kg,Precious Metal
2022-06-29,20.667999267578125,20.9950008392334,20.545000076293945,20.80500030517578,5690,79.07319641113281,52891.69,53374.72,52230.7,52543.4,0.0018053828206643363,1144.020000000004,Silver,SI=F,₹/kg,Precious Metal
2022-06-30,20.281999588012695,20.704999923706055,20.145000457763672,20.665000915527344,643,78.89830017089844,52419.58,52521.04,51100.52,51448.04,-0.020846766672883765,1420.520000000004,Silver,SI=F,₹/kg,Precious Metal
2022-07-01,19.597000122070312,20.184999465942383,19.264999389648438,20.165000915527344,630,78.96299743652344,51193.2,51243.97,48908.36,49751.21,-0.03298143136259424,2335.6100000000006,Silver,SI=F,₹/kg,Precious Metal
2022-07-05,19.052000045776367,20.06999969482422,19.040000915527344,19.809999465942383,205,78.93949890136719,50276.99,50936.86,48322.76,48353.22,-0.028099618079640676,2614.0999999999985,Silver,SI=F,₹/kg,Precious Metal
2022-07-06,19.084999084472656,19.19499969482422,18.84000015258789,19.190000534057617,159,79.36840057373047,48968.08,48980.83,48074.96,48700.14,0.00717470315317148,905.8700000000026,Silver,SI=F,₹/kg,Precious Metal
2022-07-07,19.121999740600586,19.360000610351562,19.094999313354492,19.100000381469727,103,79.04389953613281,48539.15,49199.89,48526.44,48595.06,-0.0021576940025224145,673.4499999999971,Silver,SI=F,₹/kg,Precious Metal
2022-07-08,19.16699981689453,19.219999313354492,19.0,19.0,99,79.22160339355469,48393.57,48953.91,48393.57,48818.92,0.004606641086563057,560.3400000000038,Silver,SI=F,₹/kg,Precious Metal
2022-07-11,19.066999435424805,19.165000915527344,19.040000915527344,19.165000915527344,33,79.3313980102539,48881.48,48881.48,48562.66,48631.53,-0.0038384708223778707,318.8199999999997,Silver,SI=F,₹/kg,Precious Metal
2022-07-12,18.89900016784668,18.89900016784668,18.770000457763672,18.799999237060547,214,79.47779846191406,48039.01,48291.99,47962.36,48291.99,-0.006981890144110214,329.6299999999974,Silver,SI=F,₹/kg,Precious Metal
2022-07-13,19.13800048828125,19.174999237060547,18.78499984741211,18.809999465942383,261,79.47640228271484,48063.72,48996.38,47999.84,48901.84,0.012628388268944857,996.5400000000009,Silver,SI=F,₹/kg,Precious Metal
2022-07-14,18.16900062561035,19.100000381469727,18.0,19.100000381469727,382,79.80750274658203,49008.06,49008.06,46185.61,46619.24,-0.04667718024516043,2822.449999999997,Silver,SI=F,₹/kg,Precious Metal
2022-07-15,18.54800033569336,18.55500030517578,18.225000381469727,18.225000381469727,218,79.87830352783203,46804.41,47651.9,46804.41,47633.92,0.021765262582573275,847.489999999998,Silver,SI=F,₹/kg,Precious Metal
2022-07-18,18.791000366210938,18.825000762939453,18.59000015258789,18.809999465942383,15,79.72049713134766,48211.34,48249.79,47647.47,48162.65,0.01109986329069712,602.3199999999997,Silver,SI=F,₹/kg,Precious Metal
2022-07-19,18.670000076293945,18.709999084472656,18.520000457763672,18.614999771118164,101,80.0302963256836,47896.95,48141.39,47652.52,48038.47,-0.002578346498791073,488.8700000000026,Silver,SI=F,₹/kg,Precious Metal
2022-07-20,18.638999938964844,18.940000534057617,18.604999542236328,18.655000686645508,305,79.85590362548828,47895.28,48627.0,47766.91,47854.2,-0.003835884032110215,860.0899999999965,Silver,SI=F,₹/kg,Precious Metal
2022-07-21,18.687000274658203,18.719999313354492,18.110000610351562,18.55500030517578,144,80.00340270996094,47726.53,48150.93,46581.92,48066.06,0.00442719761274879,1569.010000000002,Silver,SI=F,₹/kg,Precious Metal
2022-07-22,18.584999084472656,18.75,18.489999771118164,18.709999084472656,125,79.7759017944336,47988.36,48090.96,47424.1,47667.76,-0.008286512354039322,666.8600000000006,Silver,SI=F,₹/kg,Precious Metal
2022-07-25,18.29400062561035,18.600000381469727,18.184999465942383,18.40999984741211,399,79.87680053710938,47278.63,47766.57,46700.81,46980.73,-0.01441288619393899,1065.760000000002,Silver,SI=F,₹/kg,Precious Metal
2022-07-26,18.48699951171875,18.565000534057617,18.325000762939453,18.46500015258789,148,79.72250366210938,47328.28,47584.59,46969.44,47384.66,0.008597780409116629,615.1499999999942,Silver,SI=F,₹/kg,Precious Metal
2022-07-27,18.55299949645996,18.55299949645996,18.485000610351562,18.4950008392334,239,79.84120178222656,47475.75,47624.63,47450.08,47624.63,0.005064297179720123,174.54999999999563,Silver,SI=F,₹/kg,Precious Metal
2022-07-28,19.82699966430664,19.940000534057617,19.020000457763672,19.020000457763672,181,79.84739685058594,48827.19,51188.97,48827.19,50898.88,0.0687511902979614,2361.779999999999,Silver,SI=F,₹/kg,Precious Metal
2022-07-29,20.1560001373291,20.290000915527344,19.989999771118164,19.989999771118164,13,79.57150268554688,51140.01,51907.49,51140.01,51564.68,0.01308083792806447,767.4799999999959,Silver,SI=F,₹/kg,Precious Metal
2022-08-01,20.32200050354004,20.399999618530273,20.184999465942383,20.280000686645508,37,79.1948013305664,51636.29,51941.83,51394.41,51743.23,0.0034626414825031926,547.4199999999983,Silver,SI=F,₹/kg,Precious Metal
2022-08-02,20.104999542236328,20.395000457763672,19.94499969482422,20.100000381469727,22,78.95570373535156,51023.47,51772.32,50630.01,51036.16,-0.013664976075130952,1142.3099999999977,Silver,SI=F,₹/kg,Precious Metal
2022-08-03,19.864999771118164,20.020000457763672,19.78499984741211,19.8799991607666,67,78.60449981689453,50240.53,50594.34,50000.45,50202.62,-0.016332341618178203,593.8899999999994,Silver,SI=F,₹/kg,Precious Metal
2022-08-04,20.099000930786133,20.104999542236328,19.959999084472656,19.985000610351562,27,79.11830139160156,50836.02,51141.26,50772.42,51126.0,0.018393063947658383,368.8400000000038,Silver,SI=F,₹/kg,Precious Metal
2022-08-05,19.819000244140625,20.135000228881836,19.819000244140625,20.135000228881836,10,79.15489959716797,51241.27,51241.27,50437.08,50437.08,-0.013474944255369103,804.189999999995,Silver,SI=F,₹/kg,Precious Metal
2022-08-08,20.591999053955078,20.591999053955078,20.591999053955078,20.591999053955078,0,79.41059875488281,52573.56,52573.56,52573.56,52573.56,0.042359311839622604,0.0,Silver,SI=F,₹/kg,Precious Metal
2022-08-09,20.45800018310547,20.655000686645508,20.45800018310547,20.6200008392334,28,79.60189819335938,52771.88,52861.45,52357.28,52357.28,-0.0041138549491417375,504.16999999999825,Silver,SI=F,₹/kg,Precious Metal
2022-08-10,20.718000411987305,20.719999313354492,20.520000457763672,20.520000457763672,18,79.57839965820312,52500.45,53012.14,52500.45,53007.03,0.012409926566085971,511.6900000000023,Silver,SI=F,₹/kg,Precious Metal
2022-08-11,20.326000213623047,20.469999313354492,20.326000213623047,20.415000915527344,10,79.0978012084961,51916.36,52056.23,51690.03,51690.03,-0.02484576102452829,366.20000000000437,Silver,SI=F,₹/kg,Precious Metal
2022-08-12,20.677000045776367,20.677000045776367,20.677000045776367,20.677000045776367,7,79.61399841308594,52925.8,52925.8,52925.8,52925.8,0.02390731829716497,0.0,Silver,SI=F,₹/kg,Precious Metal
2022-08-15,20.250999450683594,20.250999450683594,20.250999450683594,20.250999450683594,12,79.62760162353516,51844.24,51844.24,51844.24,51844.24,-0.020435402015652193,0.0,Silver,SI=F,₹/kg,Precious Metal
2022-08-16,20.065000534057617,20.100000381469727,19.950000762939453,19.950000762939453,21,79.55290222167969,51025.75,51409.4,51025.75,51319.88,-0.01011414189888793,383.65000000000146,Silver,SI=F,₹/kg,Precious Metal
2022-08-17,19.711000442504883,20.09000015258789,19.649999618530273,20.084999084472656,12,79.14600372314453,51108.28,51121.0,50001.38,50156.6,-0.022667239284269503,1119.6200000000026,Silver,SI=F,₹/kg,Precious Metal
2022-08-18,19.447999954223633,19.725000381469727,19.44499969482422,19.719999313354492,7,79.35970306396484,50314.99,50327.75,49613.33,49620.99,-0.010678754142027236,714.4199999999983,Silver,SI=F,₹/kg,Precious Metal
2022-08-19,19.058000564575195,19.1299991607666,19.058000564575195,19.1299991607666,9,79.7667007446289,49059.94,49059.94,48875.3,48875.3,-0.015027713070617787,184.63999999999942,Silver,SI=F,₹/kg,Precious Metal
2022-08-22,18.87299919128418,18.915000915527344,18.799999237060547,18.84000015258789,42,79.91790008544922,48407.81,48600.51,48305.03,48492.59,-0.00783033556827284,295.4800000000032,Silver,SI=F,₹/kg,Precious Metal
2022-08-23,19.011999130249023,19.100000381469727,18.704999923706055,18.885000228881836,64,79.88379669189453,48502.72,49054.91,48040.43,48828.9,0.006935286401489549,1014.4800000000032,Silver,SI=F,₹/kg,Precious Metal
2022-08-24,18.895000457763672,19.040000915527344,18.81999969482422,18.834999084472656,29,79.85449981689453,48356.56,48882.88,48318.05,48510.61,-0.006518475738753082,564.8299999999945,Silver,SI=F,₹/kg,Precious Metal
2022-08-25,19.111000061035156,19.111000061035156,19.03499984741211,19.045000076293945,2,79.79679870605469,48860.38,49029.71,48834.73,49029.71,0.01070075185614039,194.97999999999593,Silver,SI=F,₹/kg,Precious Metal
2022-08-26,18.739999771118164,19.30500030517578,18.739999771118164,19.30500030517578,2,79.88289642333984,49580.86,49580.86,48129.77,48129.77,-0.018354993329554703,1451.0900000000038,Silver,SI=F,₹/kg,Precious Metal
2022-08-29,18.55500030517578,18.55500030517578,18.520000457763672,18.520000457763672,33392,79.95909881591797,47610.12,47700.1,47610.12,47700.1,-0.008927322943782956,89.97999999999593,Silver,SI=F,₹/kg,Precious Metal
2022-08-30,18.159000396728516,18.584999084472656,18.1200008392334,18.565000534057617,5841,79.96790313720703,47731.06,47782.48,46586.96,46687.23,-0.021234127391766333,1195.520000000004,Silver,SI=F,₹/kg,Precious Metal
2022-08-31,17.761999130249023,18.239999771118164,17.704999923706055,18.15999984741211,618,79.68229675292969,46523.04,46727.99,45357.41,45503.43,-0.025355969930107247,1370.5799999999945,Silver,SI=F,₹/kg,Precious Metal
2022-09-01,17.551000595092773,17.71500015258789,17.31999969482422,17.71500015258789,230,79.54879760742188,45306.99,45306.99,44296.76,44887.55,-0.01353480385984085,1010.2299999999959,Silver,SI=F,₹/kg,Precious Metal
2022-09-02,17.775999069213867,18.0,17.530000686645508,17.530000686645508,289,79.716796875,44928.53,46133.11,44928.53,45559.01,0.014958713496281195,1204.5800000000017,Silver,SI=F,₹/kg,Precious Metal
2022-09-06,17.795000076293945,18.104999542236328,17.790000915527344,18.100000381469727,100,79.78299713134766,46427.93,46440.76,45632.76,45645.58,0.001900172984443671,808.0,Silver,SI=F,₹/kg,Precious Metal
2022-09-07,18.136999130249023,18.239999771118164,18.136999130249023,18.136999130249023,60,79.89510345458984,46588.21,46852.79,46588.21,46588.21,0.02065106851528653,264.58000000000175,Silver,SI=F,₹/kg,Precious Metal
2022-09-08,18.329999923706055,18.454999923706055,18.235000610351562,18.290000915527344,177,79.6498031616211,46836.98,47259.51,46696.13,46939.41,0.007538387931195656,563.3800000000047,Silver,SI=F,₹/kg,Precious Metal
2022-09-09,18.658000946044922,18.670000076293945,18.354999542236328,18.354999542236328,46,79.706298828125,47036.77,47843.99,47036.77,47813.24,0.018616126619401374,807.2200000000012,Silver,SI=F,₹/kg,Precious Metal
2022-09-12,19.7549991607666,19.889999389648438,19.315000534057617,19.315000534057617,183,79.65579986572266,49465.52,50938.08,49465.52,50592.35,0.05812427687393695,1472.560000000005,Silver,SI=F,₹/kg,Precious Metal
2022-09-13,19.389999389648438,19.75,19.204999923706055,19.725000381469727,28,79.35530090332031,50324.96,50388.74,48998.26,49470.26,-0.022179044855595742,1390.479999999996,Silver,SI=F,₹/kg,Precious Metal
2022-09-14,19.47100067138672,19.530000686645508,19.184999465942383,19.184999465942383,47,79.60240173339844,49099.65,49982.6,49099.65,49831.61,0.007304388535657624,882.9499999999971,Silver,SI=F,₹/kg,Precious Metal
2022-09-15,19.174999237060547,19.520000457763672,19.024999618530273,19.514999389648438,62,79.45369720458984,49850.91,49863.68,48599.21,48982.38,-0.01704199402748585,1264.4700000000012,Silver,SI=F,₹/kg,Precious Metal
2022-09-16,19.29599952697754,19.5049991607666,18.735000610351562,18.875,56,79.8490982055664,48455.98,50073.32,48096.58,49536.77,0.011318151547556443,1976.739999999998,Silver,SI=F,₹/kg,Precious Metal
2022-09-19,19.273000717163086,19.273000717163086,19.273000717163086,19.273000717163086,2,79.68949890136719,49378.84,49378.84,49378.84,49378.84,-0.0031881368123113374,0.0,Silver,SI=F,₹/kg,Precious Metal
2022-09-20,19.101999282836914,19.5,19.101999282836914,19.5,39,79.7074966430664,49971.71,49971.71,48951.77,48951.77,-0.008648846347949823,1019.9400000000023,Silver,SI=F,₹/kg,Precious Metal
2022-09-21,19.410999298095703,19.584999084472656,19.329999923706055,19.375,136,79.76270294189453,49685.77,50224.3,49570.37,49778.09,0.016880288496207596,653.9300000000003,Silver,SI=F,₹/kg,Precious Metal
2022-09-22,19.54800033569336,19.594999313354492,19.334999084472656,19.3700008392334,278,80.05069732666016,49852.3,50431.37,49762.22,50310.41,0.010693861496092083,669.1500000000015,Silver,SI=F,₹/kg,Precious Metal
2022-09-23,18.840999603271484,19.510000228881836,18.780000686645508,19.510000228881836,36,81.06220245361328,50847.09,50847.09,48944.56,49103.54,-0.023988474751050592,1902.5299999999988,Silver,SI=F,₹/kg,Precious Metal
2022-09-26,18.4060001373291,18.850000381469727,18.4060001373291,18.729999542236328,94,81.25479888916016,48930.23,49243.72,48083.81,48083.81,-0.02076693452243983,1159.9100000000035,Silver,SI=F,₹/kg,Precious Metal
2022-09-27,18.256999969482422,18.524999618530273,18.256999969482422,18.524999618530273,36,81.61579895019531,48609.69,48609.69,47906.46,47906.46,-0.003688351651002675,703.2300000000032,Silver,SI=F,₹/kg,Precious Metal
2022-09-28,18.79599952697754,18.79599952697754,18.469999313354492,18.475000381469727,77,81.72460174560547,48543.12,49386.55,48529.98,49386.55,0.030895415774824686,856.5699999999997,Silver,SI=F,₹/kg,Precious Metal
2022-09-29,18.611000061035156,18.764999389648438,18.524999618530273,18.764999389648438,174,81.42870330810547,49126.58,49126.58,48498.26,48723.41,-0.013427542519167668,628.3199999999997,Silver,SI=F,₹/kg,Precious Metal
2022-09-30,18.959999084472656,18.969999313354492,18.825000762939453,18.844999313354492,10,81.48059844970703,49367.46,49694.92,49315.07,49668.72,0.019401556664445208,379.84999999999854,Silver,SI=F,₹/kg,Precious Metal
2022-10-03,20.518999099731445,20.704999923706055,20.170000076293945,20.170000076293945,49,81.52130126953125,52864.9,54267.12,52864.9,53779.62,0.08276637690683386,1402.2200000000012,Silver,SI=F,₹/kg,Precious Metal
2022-10-04,21.03700065612793,21.114999771118164,20.81999969482422,20.81999969482422,142,81.49500274658203,54550.93,55323.86,54550.93,55119.5,0.02491427049875017,772.9300000000003,Silver,SI=F,₹/kg,Precious Metal
2022-10-05,20.479000091552734,20.795000076293945,20.1299991607666,20.795000076293945,41,81.46549987792969,54465.7,54465.7,52723.95,53638.04,-0.026877239452462343,1741.75,Silver,SI=F,₹/kg,Precious Metal
2022-10-06,20.594999313354492,20.65999984741211,20.420000076293945,20.610000610351562,45,81.6488037109375,54102.62,54233.87,53603.85,54063.24,0.007927209868220375,630.0200000000041,Silver,SI=F,₹/kg,Precious Metal
2022-10-07,20.191999435424805,20.725000381469727,20.170000076293945,20.579999923706055,48,82.3489990234375,54487.15,54871.05,53401.65,53459.89,-0.011160078456267097,1469.4000000000015,Silver,SI=F,₹/kg,Precious Metal
2022-10-10,19.555999755859375,19.829999923706055,19.520000457763672,19.690000534057617,43,82.8322982788086,52436.76,52809.6,51984.03,52079.9,-0.025813558538934522,825.5699999999997,Silver,SI=F,₹/kg,Precious Metal
2022-10-11,19.427000045776367,19.520000457763672,19.059999465942383,19.344999313354492,63,82.42070007324219,51261.99,51725.72,50506.77,51479.28,-0.011532664233226297,1218.9500000000044,Silver,SI=F,₹/kg,Precious Metal
2022-10-12,18.878000259399414,19.110000610351562,18.78499984741211,19.084999084472656,30,82.2739028930664,50482.94,50549.08,49689.4,49935.4,-0.029990318434912067,859.6800000000003,Silver,SI=F,₹/kg,Precious Metal
2022-10-13,18.857999801635742,18.954999923706055,18.774999618530273,18.94499969482422,13,82.19999694824219,50067.61,50094.04,49618.33,49837.69,-0.0019567280926957586,475.7099999999991,Silver,SI=F,₹/kg,Precious Metal
2022-10-14,18.014999389648438,18.93000030517578,18.014999389648438,18.93000030517578,62,82.19210052490234,50023.16,50023.16,47605.24,47605.24,-0.044794411618997665,2417.9200000000055,Silver,SI=F,₹/kg,Precious Metal
2022-10-17,18.673999786376953,18.673999786376953,18.625,18.625,119,82.41280364990234,49349.35,49479.18,49349.35,49479.18,0.03936415403010263,129.83000000000175,Silver,SI=F,₹/kg,Precious Metal
2022-10-18,18.570999145507812,18.825000762939453,18.524999618530273,18.59000015258789,38,82.1947021484375,49126.25,49747.27,48954.48,49076.04,-0.008147669383364864,792.7899999999936,Silver,SI=F,₹/kg,Precious Metal
2022-10-19,18.336000442504883,18.684999465942383,18.295000076293945,18.684999465942383,45,82.2863998413086,49432.39,49432.39,48400.62,48509.09,-0.011552480599494208,1031.7699999999968,Silver,SI=F,₹/kg,Precious Metal
2022-10-20,18.666000366210938,18.844999313354492,18.375,18.389999389648438,79,82.99700164794922,49072.09,50286.22,49032.07,49808.57,0.026788381311626308,1254.1500000000015,Silver,SI=F,₹/kg,Precious Metal
2022-10-21,19.042999267578125,19.315000534057617,18.290000915527344,18.56999969482422,24,82.82569885253906,49450.13,51434.0,48704.52,50709.68,0.018091464982833205,2729.480000000003,Silver,SI=F,₹/kg,Precious Metal
2022-10-24,19.173999786376953,19.190000534057617,19.173999786376953,19.173999786376953,8,82.54129791259766,50883.2,50925.67,50883.2,50883.2,0.0034218318869296827,42.470000000001164,Silver,SI=F,₹/kg,Precious Metal
2022-10-25,19.339000701904297,19.350000381469727,18.90999984741211,18.915000915527344,13,82.7614974975586,50329.79,51487.26,50316.49,51457.99,0.011296262813659474,1170.770000000004,Silver,SI=F,₹/kg,Precious Metal
2022-10-26,19.479999542236328,19.584999084472656,19.46500015258789,19.46500015258789,40,82.44529724121094,51595.37,51913.45,51595.37,51635.13,0.003442419729180912,318.07999999999447,Silver,SI=F,₹/kg,Precious Metal
2022-10-27,19.47800064086914,19.635000228881836,19.450000762939453,19.635000228881836,42,82.04959869384766,51796.19,51796.19,51308.17,51382.03,-0.004901701612835985,488.0200000000041,Silver,SI=F,₹/kg,Precious Metal
2022-10-28,19.14699935913086,19.520000457763672,19.024999618530273,19.5,26,82.44249725341797,51686.39,51739.4,50427.36,50750.73,-0.012286396625434959,1312.0400000000009,Silver,SI=F,₹/kg,Precious Metal
2022-10-31,19.125,19.200000762939453,18.969999313354492,19.200000762939453,8,82.23919677734375,50765.72,50765.72,50157.58,50567.41,-0.0036121647905360543,608.1399999999994,Silver,SI=F,₹/kg,Precious Metal
2022-11-01,19.67300033569336,19.690000534057617,19.125,19.125,18,82.72899627685547,50868.58,52371.37,50868.58,52326.15,0.034780108374148355,1502.7900000000009,Silver,SI=F,₹/kg,Precious Metal
2022-11-02,19.600000381469727,19.864999771118164,19.575000762939453,19.780000686645508,21,82.68450164794922,52582.45,52808.41,52037.49,52103.95,-0.004246442744211154,770.9200000000055,Silver,SI=F,₹/kg,Precious Metal
2022-11-03,19.43600082397461,19.43600082397461,18.959999084472656,19.235000610351562,20,82.88839721679688,51259.74,51795.39,50526.88,51795.39,-0.005922007832419585,1268.510000000002,Silver,SI=F,₹/kg,Precious Metal
2022-11-04,20.790000915527344,20.934999465942383,19.950000762939453,19.979999542236328,51,82.68180084228516,53112.39,55651.04,53032.64,55265.6,0.06699843364438407,2618.4000000000015,Silver,SI=F,₹/kg,Precious Metal
2022-11-07,20.898000717163086,21.0,20.450000762939453,20.575000762939453,127,81.9749984741211,54226.52,55346.63,53897.07,55077.8,-0.003398135549057546,1449.5599999999977,Silver,SI=F,₹/kg,Precious Metal
2022-11-08,21.476999282836914,21.625,20.68000030517578,20.68000030517578,27,81.82599639892578,54404.18,56890.25,54404.18,56500.9,0.02583799643413487,2486.0699999999997,Silver,SI=F,₹/kg,Precious Metal
2022-11-09,21.29800033569336,21.59000015258789,21.065000534057617,21.59000015258789,59,81.40519714355469,56506.08,56506.08,55132.04,55741.85,-0.013434299276648742,1374.0400000000009,Silver,SI=F,₹/kg,Precious Metal
2022-11-10,21.677000045776367,21.780000686645508,21.049999237060547,21.059999465942383,108,81.34380340576172,55077.38,56960.37,55051.23,56691.0,0.017027601344411725,1909.1399999999994,Silver,SI=F,₹/kg,Precious Metal
2022-11-11,21.645999908447266,21.645999908447266,21.514999389648438,21.584999084472656,71,80.48290252685547,55852.95,56010.79,55671.82,56010.79,-0.011998553562293846,338.97000000000116,Silver,SI=F,₹/kg,Precious Metal
2022-11-14,22.091999053955078,22.100000381469727,21.854999542236328,21.864999771118164,13,80.49700164794922,56587.38,57195.57,56561.5,57174.87,0.02078313839172785,634.0699999999997,Silver,SI=F,₹/kg,Precious Metal
2022-11-15,21.499000549316406,22.05500030517578,21.450000762939453,22.030000686645508,32,80.99199676513672,57365.01,57430.1,55854.72,55982.31,-0.0208581147626572,1575.3799999999974,Silver,SI=F,₹/kg,Precious Metal
2022-11-16,21.503999710083008,21.94499969482422,21.503999710083008,21.625,15,81.07140350341797,56365.61,57199.69,56050.23,56050.23,0.0012132403968325711,1149.4599999999991,Silver,SI=F,₹/kg,Precious Metal
2022-11-17,20.954999923706055,20.954999923706055,20.954999923706055,20.954999923706055,20,81.49530029296875,54904.84,54904.84,54904.84,54904.84,-0.02043506333515499,0.0,Silver,SI=F,₹/kg,Precious Metal
2022-11-18,20.97599983215332,20.97599983215332,20.97599983215332,20.97599983215332,30,81.52490234375,54979.83,54979.83,54979.83,54979.83,0.0013658176583339898,0.0,Silver,SI=F,₹/kg,Precious Metal
2022-11-21,20.849000930786133,20.849000930786133,20.639999389648438,20.649999618530273,58,81.5198974609375,54122.03,54643.6,54095.82,54643.6,-0.006115515453576359,547.7799999999988,Silver,SI=F,₹/kg,Precious Metal
2022-11-22,21.034000396728516,21.094999313354492,20.954999923706055,21.075000762939453,70,81.72769927978516,55376.73,55429.28,55061.42,55269.0,0.011445073165018416,367.8600000000006,Silver,SI=F,₹/kg,Precious Metal
2022-11-23,21.35700035095215,21.59000015258789,21.084999084472656,21.084999084472656,34,81.71499633789062,55394.39,56721.13,55394.39,56108.99,0.01519821237945318,1326.739999999998,Silver,SI=F,₹/kg,Precious Metal
2022-11-25,21.424999237060547,21.44499969482422,21.354999542236328,21.354999542236328,15,81.65540313720703,56062.82,56299.09,56062.82,56246.59,0.002452369932162357,236.2699999999968,Silver,SI=F,₹/kg,Precious Metal
2022-11-28,20.90999984741211,20.90999984741211,20.90999984741211,20.90999984741211,59036,81.6697006225586,54904.18,54904.18,54904.18,54904.18,-0.023866513507752152,0.0,Silver,SI=F,₹/kg,Precious Metal
2022-11-29,21.20400047302246,21.399999618530273,20.844999313354492,20.889999389648438,6934,81.65029907226562,54838.64,56177.44,54720.51,55662.92,0.013819348545047072,1456.9300000000003,Silver,SI=F,₹/kg,Precious Metal
2022-11-30,21.549999237060547,22.145000457763672,21.165000915527344,21.170000076293945,693,81.63089752197266,55560.46,58119.34,55547.34,56557.77,0.016076231717631728,2572.0,Silver,SI=F,₹/kg,Precious Metal
2022-12-01,22.636999130249023,22.760000228881836,22.06999969482422,22.25,1001,81.3052978515625,58161.99,59495.15,57691.47,59173.62,0.04625093952608106,1803.6800000000003,Silver,SI=F,₹/kg,Precious Metal
2022-12-02,23.038000106811523,23.219999313354492,22.3799991607666,22.770000457763672,578,81.16220092773438,59416.53,60590.77,58398.85,60115.85,0.015923142778826005,2191.9199999999983,Silver,SI=F,₹/kg,Precious Metal
2022-12-05,22.198999404907227,23.459999084472656,22.184999465942383,23.190000534057617,319,81.42250061035156,60706.56,61413.36,58075.68,58112.33,-0.033327649862723296,3337.6800000000003,Silver,SI=F,₹/kg,Precious Metal
2022-12-06,22.12299919128418,22.479999542236328,22.0,22.225000381469727,79,81.89900207519531,58520.88,59192.32,57928.43,58252.3,0.0024086110469154765,1263.8899999999994,Silver,SI=F,₹/kg,Precious Metal
2022-12-07,22.709999084472656,22.774999618530273,22.5,22.604999542236328,133,82.37220001220703,59865.36,60315.58,59587.29,60143.43,0.03246446921409096,728.2900000000009,Silver,SI=F,₹/kg,Precious Metal
2022-12-08,23.062999725341797,23.062999725341797,22.575000762939453,22.684999465942383,378,82.25350189208984,59990.65,60990.28,59699.76,60990.28,0.0140805072141712,1290.5199999999968,Silver,SI=F,₹/kg,Precious Metal
2022-12-09,23.53499984741211,23.704999923706055,23.1200008392334,23.1200008392334,132,82.2791976928711,61160.12,62707.64,61160.12,62257.93,0.02078445942533791,1547.5199999999968,Silver,SI=F,₹/kg,Precious Metal
2022-12-12,23.219999313354492,23.514999389648438,23.219999313354492,23.420000076293945,18,82.41300201416016,62054.47,62306.18,61524.54,61524.54,-0.011779864830070652,781.6399999999994,Silver,SI=F,₹/kg,Precious Metal
2022-12-13,23.801000595092773,24.155000686645508,23.325000762939453,23.325000762939453,83,82.64469909667969,61976.51,64181.89,61976.51,63241.28,0.02790333743251061,2205.3799999999974,Silver,SI=F,₹/kg,Precious Metal
2022-12-14,23.945999145507812,24.079999923706055,23.5,23.7549991607666,259,82.40249633789062,62934.07,63795.09,62258.5,63440.09,0.0031436745113317954,1536.5899999999965,Silver,SI=F,₹/kg,Precious Metal
2022-12-15,23.128000259399414,23.94499969482422,23.040000915527344,23.94499969482422,128,82.50800323486328,63518.66,63518.66,61117.98,61351.42,-0.032923503103479135,2400.6800000000003,Silver,SI=F,₹/kg,Precious Metal
2022-12-16,23.150999069213867,23.21500015258789,23.05500030517578,23.100000381469727,34,82.85790252685547,61537.01,61843.36,61417.13,61672.86,0.00523932453397169,426.2300000000032,Silver,SI=F,₹/kg,Precious Metal
2022-12-19,23.02899932861328,23.02899932861328,22.94499969482422,23.02899932861328,8,82.72599792480469,61250.2,61250.2,61026.79,61250.2,-0.0068532576566094905,223.40999999999622,Silver,SI=F,₹/kg,Precious Metal
2022-12-20,24.0939998626709,24.170000076293945,23.084999084472656,23.084999084472656,22,82.58190155029297,61292.19,64172.94,61292.19,63971.16,0.04442369167774163,2880.75,Silver,SI=F,₹/kg,Precious Metal
2022-12-21,24.03499984741211,24.084999084472656,24.020000457763672,24.020000457763672,48,82.63690185546875,63817.16,63989.85,63817.16,63857.01,-0.0017843978442786401,172.68999999999505,Silver,SI=F,₹/kg,Precious Metal
2022-12-22,23.47599983215332,24.049999237060547,23.454999923706055,24.049999237060547,37,82.87860107421875,64083.75,64083.75,62498.31,62554.27,-0.020400892556666883,1585.4400000000023,Silver,SI=F,₹/kg,Precious Metal
2022-12-23,23.763999938964844,23.8799991607666,23.610000610351562,23.71500015258789,31,82.8749008178711,63188.29,63627.93,62908.52,63318.85,0.012222666813952232,719.4100000000035,Silver,SI=F,₹/kg,Precious Metal
2022-12-27,24.040000915527344,24.139999389648438,24.040000915527344,24.114999771118164,133,82.90290069580078,64275.79,64342.42,64075.89,64075.89,0.01195599730569974,266.52999999999884,Silver,SI=F,₹/kg,Precious Metal
2022-12-28,23.663000106811523,24.094999313354492,23.584999084472656,24.075000762939453,372,82.7761001586914,64071.03,64124.25,62766.98,62974.57,-0.017187744095321977,1357.2699999999968,Silver,SI=F,₹/kg,Precious Metal
2022-12-29,24.077999114990234,24.077999114990234,23.579999923706055,23.584999084472656,274,82.85199737548828,62824.53,64137.76,62811.22,64137.76,0.018470789082005723,1326.5400000000009,Silver,SI=F,₹/kg,Precious Metal
2022-12-30,23.86199951171875,24.155000686645508,23.86199951171875,24.05500030517578,28,82.83509826660156,64063.43,64329.75,63549.43,63549.43,-0.009172911557871699,780.3199999999997,Silver,SI=F,₹/kg,Precious Metal
2023-01-03,24.05900001525879,24.530000686645508,23.979999542236328,24.454999923706055,148,82.70600128173828,65027.21,65226.64,63764.16,63974.22,0.006684402991498084,1462.479999999996,Silver,SI=F,₹/kg,Precious Metal
2023-01-04,23.79199981689453,24.104999542236328,23.75,24.084999084472656,24,82.78569793701172,64105.07,64158.3,63213.43,63325.22,-0.010144711416567476,944.8700000000026,Silver,SI=F,₹/kg,Precious Metal
2023-01-05,23.257999420166016,23.5,23.145000457763672,23.5,8,82.66649627685547,62457.96,62457.96,61514.45,61814.78,-0.023852108212178424,943.510000000002,Silver,SI=F,₹/kg,Precious Metal
2023-01-06,23.82200050354004,23.82200050354004,23.290000915527344,23.295000076293945,6,82.64520263671875,61897.17,63297.46,61883.89,63297.46,0.02398584933894443,1413.5699999999997,Silver,SI=F,₹/kg,Precious Metal
2023-01-09,23.711999893188477,23.711999893188477,23.711999893188477,23.711999893188477,2,82.27339935302734,62721.73,62721.73,62721.73,62721.73,-0.009095625638058769,0.0,Silver,SI=F,₹/kg,Precious Metal
2023-01-10,23.506999969482422,23.506999969482422,23.424999237060547,23.43000030517578,4,82.18009948730469,61905.52,62108.97,61892.31,62108.97,-0.009769500936916198,216.6600000000035,Silver,SI=F,₹/kg,Precious Metal
2023-01-11,23.32699966430664,23.80500030517578,23.184999465942383,23.549999237060547,9,81.63739776611328,61811.67,62480.97,60853.66,61226.36,-0.01421066876491428,1627.3099999999977,Silver,SI=F,₹/kg,Precious Metal
2023-01-12,23.863000869750977,23.863000869750977,23.80500030517578,23.80500030517578,33,81.63179779052734,62476.69,62628.91,62476.69,62628.91,0.02290761691532861,152.22000000000116,Silver,SI=F,₹/kg,Precious Metal
2023-01-13,24.231000900268555,24.231000900268555,23.5,23.889999389648438,30,81.1156005859375,62303.29,63192.59,61286.2,63192.59,0.009000316307596457,1906.3899999999994,Silver,SI=F,₹/kg,Precious Metal
2023-01-17,23.944000244140625,24.315000534057617,23.944000244140625,24.309999465942383,118,81.65260314941406,63818.33,63831.46,62857.51,62857.51,-0.0053025204379183455,973.9499999999971,Silver,SI=F,₹/kg,Precious Metal
2023-01-18,23.530000686645508,24.260000228881836,23.530000686645508,24.25,19,81.52549743652344,63561.72,63587.93,61674.53,61674.53,-0.018820026437572857,1913.4000000000015,Silver,SI=F,₹/kg,Precious Metal
2023-01-19,23.753999710083008,23.753999710083008,23.753999710083008,23.753999710083008,18,81.43599700927734,62193.3,62193.3,62193.3,62193.3,0.008411413917544408,0.0,Silver,SI=F,₹/kg,Precious Metal
2023-01-20,23.829999923706055,23.829999923706055,23.829999923706055,23.829999923706055,0,81.23979949951172,62241.97,62241.97,62241.97,62241.97,0.0007825601793118864,0.0,Silver,SI=F,₹/kg,Precious Metal
2023-01-23,23.45199966430664,23.45199966430664,22.850000381469727,23.079999923706055,8,80.97599792480469,60087.28,61055.76,59488.49,61055.76,-0.019058040740034365,1567.270000000004,Silver,SI=F,₹/kg,Precious Metal
2023-01-24,23.64900016784668,23.704999923706055,23.25,23.434999465942383,7,81.48799896240234,61397.27,62104.64,60912.59,61957.93,0.014776165262704088,1192.050000000003,Silver,SI=F,₹/kg,Precious Metal
2023-01-25,23.839000701904297,23.94499969482422,23.6200008392334,23.684999465942383,21,81.60189819335938,62138.97,62821.1,61968.45,62543.0,0.009443020449521056,852.6500000000015,Silver,SI=F,₹/kg,Precious Metal
2023-01-26,23.93000030517578,24.184999465942383,23.780000686645508,23.9950008392334,11,81.50270080566406,62875.75,63373.62,62312.37,62705.43,0.002597093199878442,1061.25,Silver,SI=F,₹/kg,Precious Metal
2023-01-27,23.527000427246094,23.527000427246094,23.527000427246094,23.527000427246094,184,81.44509887695312,61605.85,61605.85,61605.85,61605.85,-0.017535642447552013,0.0,Silver,SI=F,₹/kg,Precious Metal
2023-01-30,23.645000457763672,23.790000915527344,23.645000457763672,23.69499969482422,45,81.50800323486328,62093.68,62342.63,61962.65,61962.65,0.005791657772760361,379.9799999999959,Silver,SI=F,₹/kg,Precious Metal
2023-01-31,23.74799919128418,23.74799919128418,23.05500030517578,23.55500030517578,28,81.57990264892578,61781.26,62287.46,60469.83,62287.46,0.005242028867390225,1817.6299999999974,Silver,SI=F,₹/kg,Precious Metal
2023-02-01,23.520999908447266,23.834999084472656,23.510000228881836,23.520000457763672,12,81.76840209960938,61832.0,62660.1,61805.71,61834.62,-0.007270163207810931,854.3899999999994,Silver,SI=F,₹/kg,Precious Metal
2023-02-02,23.534000396728516,24.459999084472656,23.534000396728516,24.19499969482422,97,81.71029663085938,63561.31,64257.48,61824.84,61824.84,-0.00015816382473132773,2432.6400000000067,Silver,SI=F,₹/kg,Precious Metal
2023-02-03,22.333999633789062,22.5,22.333999633789062,22.5,4,82.0458984375,59351.24,59351.24,58913.36,58913.36,-0.04709239845990698,437.8799999999974,Silver,SI=F,₹/kg,Precious Metal
2023-02-06,22.177000045776367,22.239999771118164,22.177000045776367,22.235000610351562,542,82.22599792480469,58780.97,58794.18,58627.64,58627.64,-0.0048498337219266,166.54000000000087,Silver,SI=F,₹/kg,Precious Metal
2023-02-07,22.117000579833984,22.117000579833984,22.117000579833984,22.117000579833984,0,82.75499725341797,58845.18,58845.18,58845.18,58845.18,0.0037105365319156647,0.0,Silver,SI=F,₹/kg,Precious Metal
2023-02-08,22.367000579833984,22.367000579833984,22.165000915527344,22.165000915527344,9,82.74189758300781,58963.56,59500.92,58963.56,59500.92,0.011143478531291828,537.3600000000006,Silver,SI=F,₹/kg,Precious Metal
2023-02-09,22.097000122070312,22.097000122070312,21.94499969482422,22.097000122070312,21,82.65950012207031,58724.12,58724.12,58320.17,58724.12,-0.013055260322025197,403.95000000000437,Silver,SI=F,₹/kg,Precious Metal
2023-02-10,22.034000396728516,22.110000610351562,21.989999771118164,22.110000610351562,25,82.533203125,58668.89,58668.89,58350.47,58467.23,-0.004374522768497813,318.41999999999825,Silver,SI=F,₹/kg,Precious Metal
2023-02-13,21.81800079345703,21.975000381469727,21.780000686645508,21.780000686645508,54,82.51300048828125,57779.09,58296.4,57779.09,57879.9,-0.010045456232491312,517.310000000005,Silver,SI=F,₹/kg,Precious Metal
2023-02-14,21.841999053955078,21.989999771118164,21.841999053955078,21.989999771118164,4,82.59739685058594,58395.85,58395.85,58002.83,58002.83,0.002123880656324628,393.0199999999968,Silver,SI=F,₹/kg,Precious Metal
2023-02-15,21.54599952697754,21.844999313354492,21.54599952697754,21.84000015258789,11,82.86759948730469,58187.25,58200.57,57403.96,57403.96,-0.01032484104654896,796.6100000000006,Silver,SI=F,₹/kg,Precious Metal
2023-02-16,21.68400001525879,21.684999465942383,21.545000076293945,21.625,26,82.73770141601562,57524.12,57683.73,57311.32,57681.07,0.004827367310547892,372.4100000000035,Silver,SI=F,₹/kg,Precious Metal
2023-02-17,21.694000244140625,21.725000381469727,21.694000244140625,21.69499969482422,4,82.69529724121094,57680.75,57760.51,57678.09,57678.09,-5.166339667417308e-05,82.42000000000553,Silver,SI=F,₹/kg,Precious Metal
2023-02-21,21.868999481201172,21.969999313354492,21.854999542236328,21.969999313354492,8,82.69750213623047,58413.45,58413.45,58107.69,58144.91,0.00809354123896977,305.75999999999476,Silver,SI=F,₹/kg,Precious Metal
2023-02-22,21.660999298095703,21.885000228881836,21.660999298095703,21.8799991607666,6,82.86119842529297,58289.31,58302.64,57705.89,57705.89,-0.007550445946171491,596.75,Silver,SI=F,₹/kg,Precious Metal
2023-02-23,21.298999786376953,21.56999969482422,21.298999786376953,21.510000228881836,25,82.83529663085938,57285.71,57445.5,56723.77,56723.77,-0.017019406511189827,721.7300000000032,Silver,SI=F,₹/kg,Precious Metal
2023-02-24,20.805999755859375,21.329999923706055,20.805999755859375,21.329999923706055,53878,82.6178970336914,56657.24,56657.24,55265.38,55265.38,-0.0257103856108295,1391.8600000000006,Silver,SI=F,₹/kg,Precious Metal
2023-02-27,20.670000076293945,20.81999969482422,20.514999389648438,20.75,7500,82.91799926757812,55316.84,55503.45,54690.36,55103.57,-0.0029278727478214694,813.0899999999965,Silver,SI=F,₹/kg,Precious Metal
2023-02-28,20.961000442504883,21.010000228881836,20.475000381469727,20.639999389648438,513,82.6520004272461,54847.08,55830.29,54408.62,55700.08,0.01082525143107782,1421.6699999999983,Silver,SI=F,₹/kg,Precious Metal
2023-03-01,20.958999633789062,21.149999618530273,20.8799991607666,20.8799991607666,577,82.6353988647461,55473.69,56191.02,55473.69,55683.58,-0.0002962293770493174,717.3299999999945,Silver,SI=F,₹/kg,Precious Metal
2023-03-02,20.766000747680664,20.915000915527344,20.735000610351562,20.915000915527344,109,82.4198989868164,55421.77,55421.77,54944.8,55026.94,-0.011792345247916836,476.9699999999939,Silver,SI=F,₹/kg,Precious Metal
2023-03-03,21.093000411987305,21.219999313354492,20.924999237060547,21.0,172,82.35569763183594,55603.66,56186.17,55405.07,55849.91,0.014955765303322321,781.0999999999985,Silver,SI=F,₹/kg,Precious Metal
2023-03-06,20.983999252319336,21.219999313354492,20.979999542236328,21.174999237060547,120,81.7125015258789,55629.14,55747.36,55116.85,55127.36,-0.012937352987677175,630.510000000002,Silver,SI=F,₹/kg,Precious Metal
2023-03-07,20.054000854492188,20.985000610351562,19.989999771118164,20.985000610351562,57,81.85440063476562,55225.73,55225.73,52607.21,52775.64,-0.0426597609608006,2618.520000000004,Silver,SI=F,₹/kg,Precious Metal
2023-03-08,20.0049991607666,20.139999389648438,19.829999923706055,20.03499984741211,82,82.07460021972656,52867.47,53144.54,52326.53,52788.31,0.00024007288210992073,818.010000000002,Silver,SI=F,₹/kg,Precious Metal
2023-03-09,20.024999618530273,20.030000686645508,20.010000228881836,20.010000228881836,7,81.9645004272461,52730.67,52783.38,52730.67,52770.2,-0.00034306838010156326,52.70999999999913,Silver,SI=F,₹/kg,Precious Metal
2023-03-10,20.375,20.375,20.375,20.375,48,82.01840209960938,53727.84,53727.84,53727.84,53727.84,0.018147363474081857,0.0,Silver,SI=F,₹/kg,Precious Metal
2023-03-13,21.792999267578125,21.792999267578125,20.690000534057617,20.690000534057617,15,81.95800018310547,54518.3,57424.71,54518.3,57424.71,0.0688073445721995,2906.409999999996,Silver,SI=F,₹/kg,Precious Metal
2023-03-14,21.929000854492188,21.929000854492188,21.5,21.510000228881836,60,82.41739654541016,56996.7,58106.96,56970.21,58106.96,0.011880773973434122,1136.75,Silver,SI=F,₹/kg,Precious Metal
2023-03-15,21.77400016784668,22.079999923706055,21.600000381469727,21.600000381469727,15,82.30490112304688,57157.06,58427.22,57157.06,57617.49,-0.008423603644038491,1270.1600000000035,Silver,SI=F,₹/kg,Precious Metal
2023-03-16,21.58799934387207,21.860000610351562,21.579999923706055,21.854999542236328,53,82.7156982421875,58120.48,58133.78,57389.15,57410.43,-0.0035937004544973616,744.6299999999974,Silver,SI=F,₹/kg,Precious Metal
2023-03-17,22.35099983215332,22.35099983215332,21.75,21.75,58,82.622802734375,57776.29,59372.77,57776.29,59372.77,0.034180897094830964,1596.479999999996,Silver,SI=F,₹/kg,Precious Metal
2023-03-20,22.533000946044922,22.719999313354492,22.415000915527344,22.6299991607666,9,82.53299713134766,60048.56,60287.37,59478.06,59791.17,0.007047001512646256,809.310000000005,Silver,SI=F,₹/kg,Precious Metal
2023-03-21,22.323999404907227,22.600000381469727,22.204999923706055,22.56999969482422,58,82.52909851074219,59886.52,59966.12,58918.04,59233.79,-0.00932211227845181,1048.0800000000017,Silver,SI=F,₹/kg,Precious Metal
2023-03-22,22.674999237060547,23.065000534057617,22.649999618530273,22.68000030517578,22,82.677001953125,60286.24,61309.62,60206.5,60272.95,0.017543365028643176,1103.1200000000026,Silver,SI=F,₹/kg,Precious Metal
2023-03-23,23.143999099731445,23.143999099731445,23.143999099731445,23.143999099731445,0,82.52580261230469,61407.1,61407.1,61407.1,61407.1,0.018816898791248926,0.0,Silver,SI=F,₹/kg,Precious Metal
2023-03-24,23.246999740600586,23.246999740600586,23.246999740600586,23.246999740600586,15,82.26529693603516,61485.68,61485.68,61485.68,61485.68,0.0012796565869419574,0.0,Silver,SI=F,₹/kg,Precious Metal
2023-03-27,23.054000854492188,23.054000854492188,23.054000854492188,23.054000854492188,0,82.33879852294922,61029.7,61029.7,61029.7,61029.7,-0.007416035733848969,0.0,Silver,SI=F,₹/kg,Precious Metal
2023-03-28,23.323999404907227,23.323999404907227,23.094999313354492,23.094999313354492,36,82.21489715576172,61046.24,61651.55,61046.24,61651.55,0.010189301274625473,605.310000000005,Silver,SI=F,₹/kg,Precious Metal
2023-03-29,23.375999450683594,23.375999450683594,23.375999450683594,23.375999450683594,188,82.16429901123047,61750.97,61750.97,61750.97,61750.97,0.0016126115239600836,0.0,Silver,SI=F,₹/kg,Precious Metal
2023-03-30,23.902000427246094,23.985000610351562,23.604999542236328,23.985000610351562,93,82.25540161132812,63429.98,63429.98,62425.04,63210.48,0.02363541819666959,1004.9400000000023,Silver,SI=F,₹/kg,Precious Metal
2023-03-31,24.076000213623047,24.165000915527344,23.8700008392334,23.8700008392334,34,82.10050201416016,63006.98,63785.66,63006.98,63550.74,0.00538296814072603,778.6800000000003,Silver,SI=F,₹/kg,Precious Metal
2023-04-03,23.94099998474121,24.06999969482422,23.69499969482422,23.725000381469727,26,82.18479919433594,62688.54,63600.13,62609.27,63259.28,-0.004586256588042903,990.8600000000006,Silver,SI=F,₹/kg,Precious Metal
2023-04-04,25.02199935913086,25.084999084472656,24.415000915527344,24.415000915527344,24,82.14089965820312,64477.27,66246.66,64477.27,66080.28,0.044594247674017096,1769.3900000000067,Silver,SI=F,₹/kg,Precious Metal
2023-04-05,24.96299934387207,25.145000457763672,24.790000915527344,25.114999771118164,74,82.11479949951172,66304.81,66384.02,65446.8,65903.52,-0.0026749281328710683,937.2200000000012,Silver,SI=F,₹/kg,Precious Metal
2023-04-06,25.024999618530273,25.030000686645508,24.670000076293945,24.670000076293945,0,81.94999694824219,64999.28,65947.79,64999.28,65934.61,0.00047175021910805803,948.5099999999948,Silver,SI=F,₹/kg,Precious Metal
2023-04-10,24.84600067138672,24.850000381469727,24.84600067138672,24.850000381469727,8,81.88480377197266,65421.45,65421.45,65410.92,65410.92,-0.007942566127258521,10.529999999998836,Silver,SI=F,₹/kg,Precious Metal
2023-04-11,25.131000518798828,25.15999984741211,24.959999084472656,24.959999084472656,16,81.98390197753906,65790.56,66317.73,65790.56,66241.29,0.012694669330441943,527.1699999999983,Silver,SI=F,₹/kg,Precious Metal
2023-04-12,25.40399932861328,25.584999084472656,25.165000915527344,25.165000915527344,14,82.07009887695312,66400.65,67508.86,66400.65,67031.28,0.011925945282768469,1108.2100000000064,Silver,SI=F,₹/kg,Precious Metal
2023-04-13,25.874000549316406,25.950000762939453,25.540000915527344,25.540000915527344,12,81.96060180664062,67300.22,68380.61,67300.22,68180.34,0.017142146174144335,1080.3899999999994,Silver,SI=F,₹/kg,Precious Metal
2023-04-14,25.423999786376953,25.899999618530273,25.34000015258789,25.799999237060547,28,81.68070220947266,67753.17,68015.78,66545.17,66765.76,-0.020747623141803118,1470.6100000000006,Silver,SI=F,₹/kg,Precious Metal
2023-04-17,25.05299949645996,25.05299949645996,25.05299949645996,25.05299949645996,0,81.84480285644531,65923.65,65923.65,65923.65,65923.65,-0.01261290218219635,0.0,Silver,SI=F,₹/kg,Precious Metal
2023-04-18,25.24799919128418,25.299999237060547,25.15999984741211,25.18000030517578,44,82.00370025634766,66386.48,66702.85,66333.74,66565.75,0.009740055351910915,369.1100000000006,Silver,SI=F,₹/kg,Precious Metal
2023-04-19,25.365999221801758,25.365999221801758,24.80500030517578,24.80500030517578,33,82.10790252685547,65480.9,66961.84,65480.9,66961.84,0.005950357353443625,1480.939999999995,Silver,SI=F,₹/kg,Precious Metal
2023-04-20,25.368000030517578,25.368000030517578,25.225000381469727,25.229999542236328,2,82.34010314941406,66791.17,67156.5,66777.94,67156.5,0.0029070288391119803,378.5599999999977,Silver,SI=F,₹/kg,Precious Metal
2023-04-21,25.05299949645996,25.18000030517578,25.05299949645996,25.165000915527344,19,82.14089965820312,66457.93,66497.55,66162.15,66162.15,-0.01480645953854065,335.40000000000873,Silver,SI=F,₹/kg,Precious Metal
2023-04-24,25.305999755859375,25.305999755859375,25.024999618530273,25.049999237060547,2,82.05480194091797,66084.89,66760.25,66018.93,66760.25,0.009039911792467548,741.320000000007,Silver,SI=F,₹/kg,Precious Metal
2023-04-25,24.87700080871582,25.19499969482422,24.75,25.19499969482422,4,81.85230255126953,66303.38,66303.38,65132.32,65466.53,-0.01937859729404845,1171.060000000005,Silver,SI=F,₹/kg,Precious Metal
2023-04-26,24.871000289916992,25.1299991607666,24.871000289916992,25.1299991607666,64251,81.9916000366211,66244.87,66244.87,65562.13,65562.13,0.0014602881808460921,682.7399999999907,Silver,SI=F,₹/kg,Precious Metal
2023-04-27,24.982999801635742,25.209999084472656,24.565000534057617,24.975000381469727,8978,81.76689910888672,65655.86,66273.63,64578.02,65676.88,0.001750248199684723,1695.6100000000079,Silver,SI=F,₹/kg,Precious Metal
2023-04-28,24.999000549316406,25.110000610351562,24.78499984741211,24.954999923706055,1039,81.76509857177734,65601.83,66009.3,65154.94,65717.5,0.000618482485769567,854.3600000000006,Silver,SI=F,₹/kg,Precious Metal
2023-05-01,25.009000778198242,25.959999084472656,25.009000778198242,25.06999969482422,452,81.74479675292969,65887.78,68226.83,65727.47,65727.47,0.00015170997070801384,2499.3600000000006,Silver,SI=F,₹/kg,Precious Metal
2023-05-02,25.40399932861328,25.520000457763672,24.600000381469727,24.735000610351562,127,81.77469635009766,65031.13,67094.98,64676.2,66790.0,0.01616569145290403,2418.779999999999,Silver,SI=F,₹/kg,Precious Metal
2023-05-03,25.47599983215332,25.594999313354492,25.190000534057617,25.424999237060547,256,81.77870178222656,66848.49,67295.46,66230.62,66982.58,0.0028833657733193796,1064.840000000011,Silver,SI=F,₹/kg,Precious Metal
2023-05-04,26.03499984741211,26.079999923706055,25.579999923706055,25.7549991607666,110,81.77999877929688,67717.21,68571.73,67257.09,68453.41,0.021958395750059312,1314.6399999999994,Silver,SI=F,₹/kg,Precious Metal
2023-05-05,25.743000030517578,26.200000762939453,25.264999389648438,26.200000762939453,113,81.71610260009766,68833.43,68833.43,66376.96,67632.78,-0.011988153694607817,2456.4699999999866,Silver,SI=F,₹/kg,Precious Metal
2023-05-08,25.63599967956543,25.719999313354492,25.63599967956543,25.719999313354492,175,81.72979736328125,67583.68,67583.68,67362.95,67362.95,-0.003989633429233641,220.72999999999593,Silver,SI=F,₹/kg,Precious Metal
2023-05-09,25.697999954223633,25.71500015258789,25.44499969482422,25.5,130,81.78710174560547,67052.57,67617.92,66907.95,67573.21,0.003121300358728485,709.9700000000012,Silver,SI=F,₹/kg,Precious Metal
2023-05-10,25.461000442504883,25.975000381469727,25.3700008392334,25.579999923706055,92,82.1050033569336,67524.38,68567.07,66970.04,67210.25,-0.0053713594485153004,1597.0300000000134,Silver,SI=F,₹/kg,Precious Metal
2023-05-11,24.2549991607666,25.21500015258789,24.170000076293945,25.18000030517578,298,81.9198989868164,66318.63,66410.82,63658.51,63882.38,-0.04951432259216415,2752.310000000005,Silver,SI=F,₹/kg,Precious Metal
2023-05-12,23.992000579833984,24.209999084472656,23.780000686645508,23.780000686645508,26,82.10030364990234,62769.27,63904.28,62769.27,63328.86,-0.008664674046270582,1135.010000000002,Silver,SI=F,₹/kg,Precious Metal
2023-05-15,24.12700080871582,24.139999389648438,23.915000915527344,24.065000534057617,96,82.20030212402344,63598.92,63797.12,63202.5,63762.77,0.006851694472314707,594.6200000000026,Silver,SI=F,₹/kg,Precious Metal
2023-05-16,23.73699951171875,24.024999618530273,23.73699951171875,23.90999984741211,9,82.2667007446289,63240.32,63544.49,62782.75,62782.75,-0.015369783966411643,761.739999999998,Silver,SI=F,₹/kg,Precious Metal
2023-05-17,23.75200080871582,23.815000534057617,23.579999923706055,23.579999923706055,20,82.2959976196289,62389.71,63011.49,62389.71,62844.8,0.0009883288005065882,621.7799999999988,Silver,SI=F,₹/kg,Precious Metal
2023-05-18,23.4950008392334,23.579999923706055,23.375,23.46500015258789,123,82.45030212402344,62201.84,62506.69,61963.27,62281.37,-0.008965419573297995,543.4200000000055,Silver,SI=F,₹/kg,Precious Metal
2023-05-19,23.920000076293945,23.950000762939453,23.920000076293945,23.920000076293945,64,82.72509765625,63619.3,63699.09,63619.3,63619.3,0.021482025844967723,79.7899999999936,Silver,SI=F,₹/kg,Precious Metal
2023-05-22,23.71500015258789,23.71500015258789,23.674999237060547,23.674999237060547,27,82.90480041503906,63104.46,63211.08,63104.46,63211.08,-0.006416606281427151,106.62000000000262,Silver,SI=F,₹/kg,Precious Metal
2023-05-23,23.474000930786133,23.6299991607666,23.149999618530273,23.5,176,82.82499694824219,62577.72,62923.89,61645.71,62508.49,-0.01111498174054304,1278.1800000000003,Silver,SI=F,₹/kg,Precious Metal
2023-05-24,23.114999771118164,23.479999542236328,23.065000534057617,23.434999465942383,13,82.8906021118164,62454.06,62573.98,61468.02,61601.26,-0.014513708457843055,1105.9600000000064,Silver,SI=F,₹/kg,Precious Metal
2023-05-25,22.785999298095703,22.985000610351562,22.785999298095703,22.8700008392334,23,82.71369934082031,60818.27,61124.09,60594.88,60594.88,-0.01633700349635714,529.2099999999991,Silver,SI=F,₹/kg,Precious Metal
2023-05-26,23.239999771118164,23.239999771118164,23.114999771118164,23.1299991607666,282,82.74210357666016,61530.81,61823.43,61490.9,61823.43,0.020274815297926185,332.52999999999884,Silver,SI=F,₹/kg,Precious Metal
2023-05-30,23.125,23.3700008392334,22.93000030517578,23.28499984741211,687,82.57969665527344,61821.56,62047.24,60879.04,61396.76,-0.006901428794875986,1168.199999999997,Silver,SI=F,₹/kg,Precious Metal
2023-05-31,23.474000930786133,23.579999923706055,23.329999923706055,23.329999923706055,13,82.68389892578125,62019.19,62683.78,62019.19,62402.0,0.016372850945229,664.5899999999965,Silver,SI=F,₹/kg,Precious Metal
2023-06-01,23.875,23.875,23.875,23.875,92,82.66680145263672,63454.87,63454.87,63454.87,63454.87,0.01687237588538837,0.0,Silver,SI=F,₹/kg,Precious Metal
2023-06-02,23.64299964904785,23.84000015258789,23.64299964904785,23.84000015258789,6,82.27670288085938,63062.85,63062.85,62541.73,62541.73,-0.01439038485147004,521.1199999999953,Silver,SI=F,₹/kg,Precious Metal
2023-06-05,23.534000396728516,23.534000396728516,23.534000396728516,23.534000396728516,0,82.40979766845703,62354.1,62354.1,62354.1,62354.1,-0.0030000769086496737,0.0,Silver,SI=F,₹/kg,Precious Metal
2023-06-06,23.573999404907227,23.573999404907227,23.573999404907227,23.573999404907227,62,82.51119995117188,62536.94,62536.94,62536.94,62536.94,0.0029322851263990923,0.0,Silver,SI=F,₹/kg,Precious Metal
2023-06-07,23.43899917602539,23.43899917602539,23.43899917602539,23.43899917602539,0,82.51719665527344,62183.33,62183.33,62183.33,62183.33,-0.005654418012777773,0.0,Silver,SI=F,₹/kg,Precious Metal
2023-06-08,24.263999938964844,24.263999938964844,23.520000457763672,23.520000457763672,4,82.61810302734375,62474.53,64450.76,62474.53,64450.76,0.03646363100850336,1976.2300000000032,Silver,SI=F,₹/kg,Precious Metal
2023-06-09,24.333999633789062,24.389999389648438,24.333999633789062,24.389999389648438,3,82.48829650878906,64683.66,64683.66,64535.14,64535.14,0.0013092165243668852,148.52000000000407,Silver,SI=F,₹/kg,Precious Metal
2023-06-12,23.985000610351562,24.28499984741211,23.985000610351562,24.28499984741211,1,82.4448013305664,64371.23,64371.23,63576.04,63576.04,-0.01486167071149147,795.1900000000023,Silver,SI=F,₹/kg,Precious Metal
2023-06-13,23.756000518798828,23.756000518798828,23.756000518798828,23.756000518798828,0,82.33719635009766,62886.85,62886.85,62886.85,62886.85,-0.010840404655590441,0.0,Silver,SI=F,₹/kg,Precious Metal
2023-06-14,24.04400062561035,24.04400062561035,24.04400062561035,24.04400062561035,0,82.29039764404297,63613.07,63613.07,63613.07,63613.07,0.011548042237765177,0.0,Silver,SI=F,₹/kg,Precious Metal
2023-06-15,23.891000747680664,23.891000747680664,23.891000747680664,23.891000747680664,1,82.04499816894531,63019.78,63019.78,63019.78,63019.78,-0.009326542485687317,0.0,Silver,SI=F,₹/kg,Precious Metal
2023-06-16,24.076000213623047,24.076000213623047,24.076000213623047,24.076000213623047,0,81.9126968383789,63405.36,63405.36,63405.36,63405.36,0.00611839647805823,0.0,Silver,SI=F,₹/kg,Precious Metal
2023-06-20,23.19300079345703,23.19300079345703,23.19300079345703,23.19300079345703,0,81.98139953613281,61131.17,61131.17,61131.17,61131.17,-0.03586747240296406,0.0,Silver,SI=F,₹/kg,Precious Metal
2023-06-21,22.77400016784668,22.77400016784668,22.77400016784668,22.77400016784668,0,81.9917984008789,60034.4,60034.4,60034.4,60034.4,-0.017941256481758816,0.0,Silver,SI=F,₹/kg,Precious Metal
2023-06-22,22.43600082397461,22.43600082397461,22.43600082397461,22.43600082397461,3,81.94149780273438,59107.12,59107.12,59107.12,59107.12,-0.01544581106832077,0.0,Silver,SI=F,₹/kg,Precious Metal
2023-06-23,22.327999114990234,22.327999114990234,22.327999114990234,22.327999114990234,0,81.91929626464844,58806.65,58806.65,58806.65,58806.65,-0.0050834823283557595,0.0,Silver,SI=F,₹/kg,Precious Metal
2023-06-26,22.80500030517578,22.850000381469727,22.80500030517578,22.80500030517578,6,81.98480224609375,60110.99,60229.6,60110.99,60110.99,0.022180144592490736,118.61000000000058,Silver,SI=F,₹/kg,Precious Metal
2023-06-27,22.93899917602539,22.93899917602539,22.93899917602539,22.93899917602539,1,82.00650024414062,60480.19,60480.19,60480.19,60480.19,0.006141971709333172,0.0,Silver,SI=F,₹/kg,Precious Metal
2023-06-28,22.868000030517578,22.868000030517578,22.864999771118164,22.864999771118164,34711,81.99839782714844,60279.13,60287.04,60279.13,60287.04,-0.0031936076920393575,7.9100000000034925,Silver,SI=F,₹/kg,Precious Metal
2023-06-29,22.590999603271484,22.905000686645508,22.299999237060547,22.7450008392334,6994,82.02649688720703,59983.33,60405.28,58809.77,59577.19,-0.011774504105691697,1595.510000000002,Silver,SI=F,₹/kg,Precious Metal
2023-06-30,22.809999465942383,22.809999465942383,22.344999313354492,22.530000686645508,544,82.07540130615234,59451.75,60190.61,58963.57,60190.61,0.010296222430094426,1227.0400000000009,Silver,SI=F,₹/kg,Precious Metal
2023-07-03,22.895999908447266,23.0049991607666,22.704999923706055,22.764999389648438,305,82.09629821777344,60087.16,60720.62,59928.79,60432.93,0.004025877126016875,791.8300000000017,Silver,SI=F,₹/kg,Precious Metal
2023-07-05,23.19700050354004,23.315000534057617,22.920000076293945,22.920000076293945,236,82.0071029663086,60430.55,61472.0,60430.55,61160.88,0.012045585080849186,1041.449999999997,Silver,SI=F,₹/kg,Precious Metal
2023-07-06,22.68600082397461,23.239999771118164,22.68600082397461,23.155000686645508,81,82.39409637451172,61338.24,61563.41,60095.85,60095.85,-0.017413582015170515,1467.560000000005,Silver,SI=F,₹/kg,Precious Metal
2023-07-07,23.091999053955078,23.110000610351562,22.860000610351562,22.860000610351562,44,82.76840209960938,60831.88,61497.15,60831.88,61449.24,0.02252052346376665,665.2700000000041,Silver,SI=F,₹/kg,Precious Metal
2023-07-10,23.150999069213867,23.150999069213867,22.760000228881836,23.049999237060547,126,82.61530303955078,61224.02,61492.29,60453.74,61492.29,0.0007005782333515675,1038.550000000003,Silver,SI=F,₹/kg,Precious Metal
2023-07-11,23.086000442504883,23.30500030517578,23.086000442504883,23.225000381469727,371,82.52529907226562,61621.64,61833.9,61252.84,61252.84,-0.0038939841076012227,581.060000000005,Silver,SI=F,₹/kg,Precious Metal
2023-07-12,24.118999481201172,24.118999481201172,23.139999389648438,23.139999389648438,145,82.39990234375,61302.82,63896.4,61302.82,63896.4,0.04315816213582924,2593.5800000000017,Silver,SI=F,₹/kg,Precious Metal
2023-07-13,24.76799964904785,24.815000534057617,24.299999237060547,24.299999237060547,138,82.00180053710938,64064.89,65422.65,64064.89,65298.73,0.021946932847547007,1357.760000000002,Silver,SI=F,₹/kg,Precious Metal
2023-07-14,25.013999938964844,25.013999938964844,24.799999237060547,24.90999984741211,54,82.03079986572266,65696.33,65970.61,65406.22,65970.61,0.010289327219687117,564.3899999999994,Silver,SI=F,₹/kg,Precious Metal
2023-07-17,24.8439998626709,24.920000076293945,24.84000015258789,24.920000076293945,16,82.07679748535156,65759.56,65759.56,65548.45,65559.01,-0.006239141945178384,211.11000000000058,Silver,SI=F,₹/kg,Precious Metal
2023-07-18,25.083999633789062,25.100000381469727,24.96500015258789,24.96500015258789,657,82.06159973144531,65866.11,66222.28,65866.11,66180.07,0.00947329741556513,356.16999999999825,Silver,SI=F,₹/kg,Precious Metal
2023-07-19,25.2189998626709,25.25,25.045000076293945,25.25,7,82.07540130615234,66629.24,66629.24,66088.29,66547.43,0.00555091585729639,540.9500000000116,Silver,SI=F,₹/kg,Precious Metal
2023-07-20,24.80500030517578,25.280000686645508,24.80500030517578,25.280000686645508,215,82.06169891357422,66697.26,66697.26,65444.05,65444.05,-0.0165803547935659,1253.2099999999919,Silver,SI=F,₹/kg,Precious Metal
2023-07-21,24.697999954223633,24.697999954223633,24.697999954223633,24.697999954223633,0,82.0823974609375,65178.18,65178.18,65178.18,65178.18,-0.004062554197058477,0.0,Silver,SI=F,₹/kg,Precious Metal
2023-07-24,24.43600082397461,24.43600082397461,24.43600082397461,24.43600082397461,10,81.99030303955078,64414.41,64414.41,64414.41,64414.41,-0.011718185441815021,0.0,Silver,SI=F,₹/kg,Precious Metal
2023-07-25,24.68000030517578,24.735000610351562,24.545000076293945,24.545000076293945,65,81.81420135498047,64562.77,65062.55,64562.77,64917.87,0.007815952983191155,499.7800000000061,Silver,SI=F,₹/kg,Precious Metal
2023-07-26,24.825000762939453,24.825000762939453,24.604999542236328,24.604999542236328,15,81.95010375976562,64828.1,65407.75,64828.1,65407.75,0.00754615023567462,579.6500000000015,Silver,SI=F,₹/kg,Precious Metal
2023-07-27,24.236000061035156,24.236000061035156,24.236000061035156,24.236000061035156,96,81.97550201416016,63875.67,63875.67,63875.67,63875.67,-0.02342352397078329,0.0,Silver,SI=F,₹/kg,Precious Metal
2023-07-28,24.3700008392334,24.3700008392334,24.21500015258789,24.229999542236328,78,82.3749008178711,64170.99,64541.77,64131.27,64541.77,0.010428070656636423,410.5,Silver,SI=F,₹/kg,Precious Metal
2023-07-31,24.854000091552734,24.854000091552734,24.209999084472656,24.209999084472656,169,82.25279998779297,64022.98,65726.03,64022.98,65726.03,0.018348737569484186,1703.0499999999956,Silver,SI=F,₹/kg,Precious Metal
2023-08-01,24.20800018310547,24.579999923706055,24.184999465942383,24.579999923706055,11,82.2332992553711,64986.03,64986.03,63941.71,64002.52,-0.026222639645206103,1044.3199999999997,Silver,SI=F,₹/kg,Precious Metal
2023-08-02,23.753999710083008,24.149999618530273,23.753999710083008,24.149999618530273,8,82.30729675292969,63906.63,63906.63,62858.72,62858.72,-0.017871171322629054,1047.9099999999962,Silver,SI=F,₹/kg,Precious Metal
2023-08-03,23.586000442504883,23.610000610351562,23.43000030517578,23.584999084472656,56,82.7332992553711,62734.53,62801.03,62322.24,62737.19,-0.0019333833078369889,478.7900000000009,Silver,SI=F,₹/kg,Precious Metal
2023-08-04,23.617000579833984,23.625,23.375,23.600000381469727,62,82.7843017578125,62813.13,62879.67,62214.27,62858.38,0.0019317090867474462,665.4000000000015,Silver,SI=F,₹/kg,Precious Metal
2023-08-07,23.142000198364258,23.475000381469727,23.06999969482422,23.475000381469727,50,82.69529724121094,62413.26,62413.26,61336.48,61527.91,-0.021166151593470794,1076.7799999999988,Silver,SI=F,₹/kg,Precious Metal
2023-08-08,22.716999053955078,22.96500015258789,22.716999053955078,22.959999084472656,5,82.74829864501953,61083.14,61096.45,60436.66,60436.66,-0.017735853533786483,659.7899999999936,Silver,SI=F,₹/kg,Precious Metal
2023-08-09,22.649999618530273,22.649999618530273,22.649999618530273,22.649999618530273,5,82.84500122070312,60328.84,60328.84,60328.84,60328.84,-0.001784016522422105,0.0,Silver,SI=F,₹/kg,Precious Metal
2023-08-10,22.746000289916992,22.746000289916992,22.746000289916992,22.746000289916992,5,82.86630249023438,60600.11,60600.11,60600.11,60600.11,0.004496522724454888,0.0,Silver,SI=F,₹/kg,Precious Metal
2023-08-11,22.673999786376953,22.673999786376953,22.673999786376953,22.673999786376953,5,82.79989624023438,60359.88,60359.88,60359.88,60359.88,-0.0039641842234280356,0.0,Silver,SI=F,₹/kg,Precious Metal
2023-08-14,22.643999099731445,22.643999099731445,22.405000686645508,22.405000686645508,21,82.89730072021484,59713.95,60350.93,59713.95,60350.93,-0.0001482772994246817,636.9800000000032,Silver,SI=F,₹/kg,Precious Metal
2023-08-15,22.594999313354492,22.594999313354492,22.454999923706055,22.454999923706055,11,83.2333984375,60089.85,60464.49,60089.85,60464.49,0.00188166114424404,374.6399999999994,Silver,SI=F,₹/kg,Precious Metal
2023-08-16,22.479999542236328,22.655000686645508,22.479999542236328,22.655000686645508,7,83.19419860839844,60596.5,60596.5,60128.42,60128.42,-0.005558138338717433,468.08000000000175,Silver,SI=F,₹/kg,Precious Metal
2023-08-17,22.670000076293945,22.954999923706055,22.600000381469727,22.600000381469727,27,83.23699951171875,60480.49,61430.51,60480.49,60667.82,0.00897079949880597,950.0200000000041,Silver,SI=F,₹/kg,Precious Metal
2023-08-18,22.69499969482422,22.69499969482422,22.69499969482422,22.69499969482422,0,83.09829711914062,60633.51,60633.51,60633.51,60633.51,-0.000565538699099366,0.0,Silver,SI=F,₹/kg,Precious Metal
2023-08-21,23.304000854492188,23.304000854492188,22.78499984741211,22.78499984741211,3,83.16729736328125,60924.51,62312.26,60924.51,62312.26,0.02768683521702764,1387.75,Silver,SI=F,₹/kg,Precious Metal
2023-08-22,23.420000076293945,23.420000076293945,23.344999313354492,23.344999313354492,2,83.1135025024414,62381.51,62581.92,62381.51,62581.92,0.004327559295714822,200.40999999999622,Silver,SI=F,₹/kg,Precious Metal
2023-08-23,24.363000869750977,24.363000869750977,24.363000869750977,24.363000869750977,2,83.07330322265625,65070.28,65070.28,65070.28,65070.28,0.03976164361847645,0.0,Silver,SI=F,₹/kg,Precious Metal
2023-08-24,24.211000442504883,24.309999465942383,24.211000442504883,24.28499984741211,6,82.5447006225586,64449.23,64515.58,64252.85,64252.85,-0.012562263448074873,262.7300000000032,Silver,SI=F,₹/kg,Precious Metal
2023-08-25,24.219999313354492,24.219999313354492,24.079999923706055,24.079999923706055,11,82.64140319824219,63980.05,64352.03,63980.05,64352.03,0.0015435891170585414,371.9799999999959,Silver,SI=F,₹/kg,Precious Metal
2023-08-28,24.238000869750977,24.238000869750977,24.238000869750977,24.238000869750977,11,82.66429901123047,64417.7,64417.7,64417.7,64417.7,0.0010204806281945977,0.0,Silver,SI=F,₹/kg,Precious Metal
2023-08-29,24.777000427246094,24.777000427246094,24.777000427246094,24.777000427246094,52924,82.69149780273438,65871.87,65871.87,65871.87,65871.87,0.022574075137733907,0.0,Silver,SI=F,₹/kg,Precious Metal
2023-08-30,24.733999252319336,25.059999465942383,24.56999969482422,24.780000686645508,7105,82.49469757080078,65723.06,66465.69,65166.08,65601.05,-0.004111314890559381,1299.6100000000006,Silver,SI=F,₹/kg,Precious Metal
2023-08-31,24.472000122070312,24.700000762939453,24.450000762939453,24.665000915527344,738,82.70040130615234,65581.17,65674.23,65009.52,65068.01,-0.00812547969887678,664.7099999999991,Silver,SI=F,₹/kg,Precious Metal
2023-09-01,24.23200035095215,24.84000015258789,24.204999923706055,24.489999771118164,229,82.68240356445312,65101.7,66032.1,64344.08,64415.86,-0.01002259020984353,1688.020000000004,Silver,SI=F,₹/kg,Precious Metal
2023-09-05,23.558000564575195,24.325000762939453,23.53499984741211,24.204999923706055,150,82.7345962524414,64384.7,64703.9,62602.52,62663.7,-0.027200754596771737,2101.3800000000047,Silver,SI=F,₹/kg,Precious Metal
2023-09-06,23.20599937438965,23.6200008392334,23.135000228881836,23.514999389648438,357,83.08609771728516,62815.06,63095.55,61799.98,61989.63,-0.01075694540858585,1295.5699999999997,Silver,SI=F,₹/kg,Precious Metal
2023-09-07,22.950000762939453,23.125,22.905000686645508,23.09000015258789,97,83.25740051269531,61806.94,61900.62,61311.73,61432.19,-0.008992471805364777,588.8899999999994,Silver,SI=F,₹/kg,Precious Metal
2023-09-08,22.892000198364258,23.145000457763672,22.892000198364258,23.104999542236328,28,83.24150085449219,61835.28,61942.33,61265.23,61265.23,-0.002717793391380008,677.0999999999985,Silver,SI=F,₹/kg,Precious Metal
2023-09-11,23.10300064086914,23.139999389648438,22.924999237060547,22.924999237060547,138,83.03130340576172,61198.62,61772.56,61198.62,61673.8,0.006668872376713431,573.939999999995,Silver,SI=F,₹/kg,Precious Metal
2023-09-12,23.12700080871582,23.12700080871582,22.93000030517578,22.94499969482422,59,82.94329833984375,61187.09,61672.43,61147.09,61672.43,-2.2213646637680995e-05,525.3400000000038,Silver,SI=F,₹/kg,Precious Metal
2023-09-13,22.91200065612793,22.915000915527344,22.81999969482422,22.825000762939453,10,82.84300231933594,60793.49,61033.2,60780.17,61025.21,-0.01049447865115738,253.02999999999884,Silver,SI=F,₹/kg,Precious Metal
2023-09-14,22.74799919128418,22.74799919128418,22.579999923706055,22.614999771118164,42,82.93679809570312,60302.36,60657.0,60209.03,60657.0,-0.006033735893739678,447.97000000000116,Silver,SI=F,₹/kg,Precious Metal
2023-09-15,23.125999450683594,23.184999465942383,22.709999084472656,22.709999084472656,34,83.0282974243164,60622.48,61890.45,60622.48,61732.96,0.0177384308488715,1267.969999999994,Silver,SI=F,₹/kg,Precious Metal
2023-09-18,23.23200035095215,23.23200035095215,23.23200035095215,23.23200035095215,8,83.08580017089844,62058.87,62058.87,62058.87,62058.87,0.005279351581391811,0.0,Silver,SI=F,₹/kg,Precious Metal
2023-09-19,23.194000244140625,23.194000244140625,23.194000244140625,23.194000244140625,0,83.25489807128906,62083.46,62083.46,62083.46,62083.46,0.0003962366701164566,0.0,Silver,SI=F,₹/kg,Precious Metal
2023-09-20,23.57900047302246,23.57900047302246,23.350000381469727,23.350000381469727,1,83.19499969482422,62456.06,63068.58,62456.06,63068.58,0.015867672323675253,612.5200000000041,Silver,SI=F,₹/kg,Precious Metal
2023-09-21,23.444000244140625,23.444000244140625,23.030000686645508,23.030000686645508,64,83.08699798583984,61520.16,62626.08,61520.16,62626.08,-0.007016171919519976,1105.9199999999983,Silver,SI=F,₹/kg,Precious Metal
2023-09-22,23.59600067138672,23.700000762939453,23.59600067138672,23.700000762939453,28,82.89129638671875,63160.81,63160.81,62883.65,62883.65,0.004112823283845879,277.1599999999962,Silver,SI=F,₹/kg,Precious Metal
2023-09-25,23.145000457763672,23.610000610351562,23.145000457763672,23.59000015258789,66,82.97480010986328,62930.99,62984.35,61743.87,61743.87,-0.018125220148639598,1240.479999999996,Silver,SI=F,₹/kg,Precious Metal
2023-09-26,22.950000762939453,22.950000762939453,22.950000762939453,22.950000762939453,1,83.0282974243164,61263.14,61263.14,61263.14,61263.14,-0.007785874128071413,0.0,Silver,SI=F,₹/kg,Precious Metal
2023-09-27,22.476999282836914,22.476999282836914,22.476999282836914,22.476999282836914,421,83.29869842529297,60195.91,60195.91,60195.91,60195.91,-0.01742042605063987,0.0,Silver,SI=F,₹/kg,Precious Metal
2023-09-28,22.514999389648438,22.614999771118164,22.399999618530273,22.549999237060547,120,83.22270202636719,60336.31,60510.23,59934.97,60242.67,0.0007767969617868964,575.260000000002,Silver,SI=F,₹/kg,Precious Metal
2023-09-29,22.236000061035156,23.459999084472656,22.236000061035156,22.774999618530273,120,83.19300079345703,60916.59,62748.77,59474.92,59474.92,-0.012744289056245361,3273.8499999999985,Silver,SI=F,₹/kg,Precious Metal
2023-10-02,21.218000411987305,22.174999237060547,21.218000411987305,22.165000915527344,131,83.03479766845703,59172.28,59198.97,56644.14,56644.14,-0.04759619685070615,2554.8300000000017,Silver,SI=F,₹/kg,Precious Metal
2023-10-03,21.17799949645996,21.17799949645996,20.78499984741211,20.979999542236328,34,83.3593978881836,56227.72,56758.37,55705.11,56758.37,0.0020166251972402183,1053.260000000002,Silver,SI=F,₹/kg,Precious Metal
2023-10-04,20.95599937438965,21.184999465942383,20.760000228881836,21.184999465942383,30,83.22979736328125,56688.86,56688.86,55551.61,56076.08,-0.01202095831857053,1137.25,Silver,SI=F,₹/kg,Precious Metal
2023-10-05,20.847999572753906,21.075000762939453,20.847999572753906,21.075000762939453,117,83.44979858398438,56543.58,56543.58,55934.55,55934.55,-0.002523892540277406,609.0299999999988,Silver,SI=F,₹/kg,Precious Metal
2023-10-06,21.540000915527344,21.540000915527344,20.924999237060547,20.985000610351562,15,83.22489929199219,56150.38,57635.42,55989.83,57635.42,0.030408218176422253,1645.5899999999965,Silver,SI=F,₹/kg,Precious Metal
2023-10-09,21.740999221801758,21.740999221801758,21.740999221801758,21.740999221801758,0,83.12460327148438,58103.13,58103.13,58103.13,58103.13,0.008114975131611857,0.0,Silver,SI=F,₹/kg,Precious Metal
2023-10-10,21.775999069213867,21.860000610351562,21.71500015258789,21.850000381469727,12,83.27030181884766,58496.79,58523.56,58135.37,58298.67,0.003365395289375961,388.18999999999505,Silver,SI=F,₹/kg,Precious Metal
2023-10-11,21.957000732421875,21.957000732421875,21.957000732421875,21.957000732421875,3,83.25029754638672,58769.13,58769.13,58769.13,58769.13,0.008069823891351247,0.0,Silver,SI=F,₹/kg,Precious Metal
2023-10-12,21.79199981689453,22.19499969482422,21.79199981689453,22.06999969482422,20,83.21800231933594,59048.66,59383.1,58304.87,58304.87,-0.007899725587225737,1078.229999999996,Silver,SI=F,₹/kg,Precious Metal
2023-10-13,22.726999282836914,22.726999282836914,22.475000381469727,22.475000381469727,13,83.26239776611328,60164.33,60838.91,60164.33,60838.91,0.043461892634354626,674.5800000000017,Silver,SI=F,₹/kg,Precious Metal
2023-10-16,22.610000610351562,22.610000610351562,22.604999542236328,22.604999542236328,2,83.28230285644531,60526.79,60540.18,60526.79,60540.18,-0.004910180014730758,13.389999999999418,Silver,SI=F,₹/kg,Precious Metal
2023-10-17,22.863000869750977,22.863000869750977,22.649999618530273,22.700000762939453,22,83.19950103759766,60720.74,61156.75,60586.99,61156.75,0.010184475830762318,569.760000000002,Silver,SI=F,₹/kg,Precious Metal
2023-10-18,22.944000244140625,22.944000244140625,22.764999389648438,22.790000915527344,8,83.26429748535156,61008.96,61421.21,60942.03,61421.21,0.004324297808500299,479.1800000000003,Silver,SI=F,₹/kg,Precious Metal
2023-10-19,22.886999130249023,22.886999130249023,22.770000457763672,22.770000457763672,9,83.26860046386719,60958.57,61271.79,60958.57,61271.79,-0.0024327101338446067,313.22000000000116,Silver,SI=F,₹/kg,Precious Metal
2023-10-20,23.35099983215332,23.6299991607666,23.35099983215332,23.559999465942383,7,83.12229919433594,62962.69,63149.76,62404.15,62404.15,0.018480935516981045,745.6100000000006,Silver,SI=F,₹/kg,Precious Metal
2023-10-23,23.07200050354004,23.239999771118164,23.07200050354004,23.225000381469727,5,83.15979766845703,62095.42,62135.53,61686.36,61686.36,-0.011502279896449252,449.16999999999825,Silver,SI=F,₹/kg,Precious Metal
2023-10-24,22.979999542236328,22.979999542236328,22.850000381469727,22.850000381469727,2,83.02940368652344,60997.01,61344.04,60997.01,61344.04,-0.005549362938581548,347.02999999999884,Silver,SI=F,₹/kg,Precious Metal
2023-10-25,22.87700080871582,22.87700080871582,22.579999923706055,22.780000686645508,6,82.98780059814453,60779.68,61038.49,60246.06,61038.49,-0.004980923982183194,792.4300000000003,Silver,SI=F,₹/kg,Precious Metal
2023-10-26,22.78700065612793,22.989999771118164,22.78700065612793,22.975000381469727,14,83.1709976196289,61435.28,61475.39,60932.57,60932.57,-0.0017352984977183628,542.8199999999997,Silver,SI=F,₹/kg,Precious Metal
2023-10-27,22.770000457763672,22.770000457763672,22.770000457763672,22.770000457763672,68,83.28250122070312,60968.74,60968.74,60968.74,60968.74,0.0005936069986871573,0.0,Silver,SI=F,₹/kg,Precious Metal
2023-10-30,23.281999588012695,23.565000534057617,23.094999313354492,23.15999984741211,208,83.41339874267578,62110.47,63196.6,61936.15,62437.65,0.02409283839554499,1260.449999999997,Silver,SI=F,₹/kg,Precious Metal
2023-10-31,22.840999603271484,23.30500030517578,22.840999603271484,23.295000076293945,85,83.29650115966797,62384.96,62411.74,61169.13,61169.13,-0.020316587828017263,1242.6100000000006,Silver,SI=F,₹/kg,Precious Metal
2023-11-01,22.684999465942383,23.010000228881836,22.639999389648438,22.645000457763672,68,83.2771987915039,60630.18,61607.44,60616.79,60737.28,-0.007059933662617035,990.6500000000015,Silver,SI=F,₹/kg,Precious Metal
2023-11-02,22.750999450683594,22.750999450683594,22.750999450683594,22.750999450683594,31,85.19400024414062,62316.05,62316.05,62316.05,62316.05,0.025993426113253726,0.0,Silver,SI=F,₹/kg,Precious Metal
2023-11-03,23.201000213623047,23.201000213623047,23.201000213623047,23.201000213623047,16,83.24729919433594,62096.52,62096.52,62096.52,62096.52,-0.003522848447550908,0.0,Silver,SI=F,₹/kg,Precious Metal
2023-11-06,23.14900016784668,23.14900016784668,23.14900016784668,23.14900016784668,5,83.15850067138672,61891.26,61891.26,61891.26,61891.26,-0.0033054992453682708,0.0,Silver,SI=F,₹/kg,Precious Metal
2023-11-07,22.507999420166016,22.774999618530273,22.5049991607666,22.774999618530273,42,83.2228012084961,60938.41,60938.41,60215.98,60224.01,-0.026938375466907583,722.4300000000003,Silver,SI=F,₹/kg,Precious Metal
2023-11-08,22.64699935913086,22.739999771118164,22.329999923706055,22.329999923706055,95,83.23269653320312,59754.84,60852.0,59754.84,60603.13,0.006295163673093018,1097.1600000000035,Silver,SI=F,₹/kg,Precious Metal
2023-11-09,22.83099937438965,22.924999237060547,22.5049991607666,22.520000457763672,73,83.21769714355469,60252.42,61336.0,60212.29,61084.5,0.007942989083237206,1123.7099999999991,Silver,SI=F,₹/kg,Precious Metal
2023-11-10,22.21500015258789,22.6200008392334,22.21500015258789,22.6200008392334,33,83.31939697265625,60593.94,60593.94,59509.03,59509.03,-0.02579164927272881,1084.9100000000035,Silver,SI=F,₹/kg,Precious Metal
2023-11-13,22.298999786376953,22.298999786376953,22.010000228881836,22.084999084472656,4,83.29889678955078,59146.23,59719.35,58945.37,59719.35,0.0035342535410172182,773.9799999999959,Silver,SI=F,₹/kg,Precious Metal
2023-11-14,23.07900047302246,23.165000915527344,22.260000228881836,22.334999084472656,282,83.19760131835938,59743.02,61963.16,59542.41,61733.12,0.03372056125862066,2420.75,Silver,SI=F,₹/kg,Precious Metal
2023-11-15,23.485000610351562,23.485000610351562,23.485000610351562,23.485000610351562,0,82.98159790039062,62656.02,62656.02,62656.02,62656.02,0.014949835679777701,0.0,Silver,SI=F,₹/kg,Precious Metal
2023-11-16,23.892000198364258,23.895000457763672,23.575000762939453,23.575000762939453,7,83.18620300292969,63051.21,63907.05,63051.21,63899.03,0.019838636415144162,855.8400000000038,Silver,SI=F,₹/kg,Precious Metal
2023-11-17,23.80900001525879,24.155000686645508,23.80900001525879,23.905000686645508,37,83.12030029296875,63883.15,64551.24,63626.6,63626.6,-0.004263445000651789,924.6399999999994,Silver,SI=F,₹/kg,Precious Metal
2023-11-20,23.57900047302246,23.57900047302246,23.459999084472656,23.459999084472656,2,83.29149627685547,62823.06,63141.73,62823.06,63141.73,-0.007620554925141354,318.67000000000553,Silver,SI=F,₹/kg,Precious Metal
2023-11-21,23.843000411987305,23.843000411987305,23.764999389648438,23.764999389648438,11,83.32219696044922,63663.27,63872.23,63663.27,63872.23,0.011569211043156447,208.9600000000064,Silver,SI=F,₹/kg,Precious Metal
2023-11-22,23.672000885009766,23.672000885009766,23.672000885009766,23.672000885009766,37,83.345703125,63432.03,63432.03,63432.03,63432.03,-0.006891884000292503,0.0,Silver,SI=F,₹/kg,Precious Metal
2023-11-24,24.32900047302246,24.32900047302246,24.260000228881836,24.315000534057617,4,83.34400177001953,65153.7,65191.21,65006.32,65191.21,0.027733307605006585,184.88999999999942,Silver,SI=F,₹/kg,Precious Metal
2023-11-27,24.672000885009766,24.850000381469727,24.672000885009766,24.80500030517578,14,83.31449890136719,66443.16,66563.69,66086.9,66086.9,0.013739428981299762,476.79000000000815,Silver,SI=F,₹/kg,Precious Metal
2023-11-28,24.93000030517578,24.93000030517578,24.93000030517578,24.93000030517578,59633,83.364501953125,66818.06,66818.06,66818.06,66818.06,0.011063614725459914,0.0,Silver,SI=F,₹/kg,Precious Metal
2023-11-29,25.07200050354004,25.30500030517578,24.850000381469727,25.049999237060547,5716,83.41809844970703,67182.85,67866.75,66646.46,67241.86,0.006342596597387118,1220.2899999999936,Silver,SI=F,₹/kg,Precious Metal
2023-11-30,25.292999267578125,25.325000762939453,24.96500015258789,25.03499984741211,882,83.3302993774414,67071.96,67848.9,66884.42,67763.17,0.007752759962321054,964.4799999999959,Silver,SI=F,₹/kg,Precious Metal
2023-12-01,25.499000549316406,25.565000534057617,25.155000686645508,25.399999618530273,491,83.35269927978516,68068.13,68510.31,67411.57,68333.44,0.008415633448081161,1098.7399999999907,Silver,SI=F,₹/kg,Precious Metal
2023-12-04,24.55500030517578,25.934999465942383,24.450000762939453,25.59000015258789,194,83.21859741210938,68466.97,69390.03,65416.86,65697.79,-0.038570427597381385,3973.1699999999983,Silver,SI=F,₹/kg,Precious Metal
2023-12-05,24.201000213623047,24.655000686645508,24.0,24.55500030517578,369,83.41709899902344,65854.5,66122.69,64366.03,64905.1,-0.012065702666710587,1756.6600000000035,Silver,SI=F,₹/kg,Precious Metal
2023-12-06,23.888999938964844,24.354999542236328,23.888999938964844,24.18000030517578,76,83.31590270996094,64770.11,65238.87,63990.62,63990.62,-0.014089493737780123,1248.25,Silver,SI=F,₹/kg,Precious Metal
2023-12-07,23.73200035095215,23.934999465942383,23.73200035095215,23.920000076293945,107,83.28959655761719,64053.43,64093.59,63550.0,63550.0,-0.00688569668492045,543.5899999999965,Silver,SI=F,₹/kg,Precious Metal
2023-12-08,22.97100067138672,23.815000534057617,22.969999313354492,23.815000534057617,164,83.35489654541016,63822.26,63822.26,61557.72,61560.4,-0.03130763178599527,2264.540000000001,Silver,SI=F,₹/kg,Precious Metal
2023-12-11,22.773000717163086,23.049999237060547,22.7549991607666,23.049999237060547,54,83.43009948730469,61827.85,61827.85,61036.56,61084.84,-0.007725096003274867,791.2900000000009,Silver,SI=F,₹/kg,Precious Metal
2023-12-12,22.72800064086914,22.78499984741211,22.72800064086914,22.78499984741211,3,83.34349822998047,61053.59,61053.59,60900.86,60900.86,-0.0030118765965498895,152.72999999999593,Silver,SI=F,₹/kg,Precious Metal
2023-12-13,22.638999938964844,23.665000915527344,22.524999618530273,22.809999465942383,89,83.39600372314453,61159.08,63451.54,60394.93,60700.59,-0.0032884593091132563,3056.6100000000006,Silver,SI=F,₹/kg,Precious Metal
2023-12-14,24.09600067138672,24.204999923706055,23.764999389648438,23.764999389648438,125,83.2853012084961,63635.08,64813.26,63635.08,64521.4,0.06294518718846076,1178.1800000000003,Silver,SI=F,₹/kg,Precious Metal
2023-12-15,23.8700008392334,24.010000228881836,23.8700008392334,24.0049991607666,4,83.29660034179688,64286.44,64299.84,63924.91,63924.91,-0.00924483969659673,374.929999999993,Silver,SI=F,₹/kg,Precious Metal
2023-12-18,23.83099937438965,23.83099937438965,23.81999969482422,23.83099937438965,76,83.04170227050781,63625.17,63625.17,63595.8,63625.17,-0.004688938944145682,29.369999999995343,Silver,SI=F,₹/kg,Precious Metal
2023-12-19,24.040000915527344,24.065000534057617,23.959999084472656,23.96500015258789,32,83.11119842529297,64036.47,64303.68,64023.11,64236.88,0.009614276865586247,280.5699999999997,Silver,SI=F,₹/kg,Precious Metal
2023-12-20,24.347000122070312,24.385000228881836,23.96500015258789,24.079999923706055,928,83.09159851074219,64328.59,65143.38,64021.37,65041.87,0.012531586216516288,1122.0099999999948,Silver,SI=F,₹/kg,Precious Metal
2023-12-21,24.30699920654297,24.3700008392334,24.30699920654297,24.329999923706055,89,83.26719665527344,65133.81,65240.9,65072.23,65072.23,0.0004667762473617998,168.66999999999825,Silver,SI=F,₹/kg,Precious Metal
2023-12-22,24.290000915527344,24.575000762939453,24.165000915527344,24.520000457763672,81,83.13159942626953,65535.56,65682.57,64586.74,64920.84,-0.0023264916539668112,1095.830000000009,Silver,SI=F,₹/kg,Precious Metal
2023-12-26,24.143999099731445,24.28499984741211,24.09000015258789,24.28499984741211,227,83.17230224609375,64939.25,64939.25,64417.81,64562.21,-0.005524112134100534,521.4400000000023,Silver,SI=F,₹/kg,Precious Metal
2023-12-27,24.375,24.375,24.149999618530273,24.235000610351562,540,83.18280029296875,64813.73,65188.14,64586.4,65188.14,0.009694990304699891,601.739999999998,Silver,SI=F,₹/kg,Precious Metal
2023-12-28,24.134000778198242,24.420000076293945,24.0,24.34000015258789,203,83.26719665527344,65160.58,65374.75,64250.37,64609.1,-0.008882597355899469,1124.3799999999974,Silver,SI=F,₹/kg,Precious Metal
2023-12-29,23.85300064086914,23.885000228881836,23.55500030517578,23.885000228881836,20,82.302001953125,63201.31,63201.31,62328.11,63116.64,-0.023099841972725188,873.1999999999971,Silver,SI=F,₹/kg,Precious Metal
2024-01-02,23.732999801635742,24.06999969482422,23.732999801635742,23.844999313354492,20,83.20259857177734,63785.89,64387.77,63486.29,63486.29,0.005856617209027526,901.4799999999959,Silver,SI=F,₹/kg,Precious Metal
2024-01-03,22.945999145507812,23.264999389648438,22.93000030517578,23.264999389648438,458,83.25700378417969,62275.07,62275.07,61378.36,61421.18,-0.03252844039240599,896.7099999999991,Silver,SI=F,₹/kg,Precious Metal
2024-01-04,22.98900032043457,23.045000076293945,22.704999923706055,22.93000030517578,24,83.31809997558594,61423.4,61731.45,60820.68,61581.45,0.0026093604844452667,910.7699999999968,Silver,SI=F,₹/kg,Precious Metal
2024-01-05,23.121999740600586,23.121999740600586,22.864999771118164,23.065000534057617,5,83.2406005859375,61727.56,61880.1,61192.31,61880.1,0.004849674699118012,687.7900000000009,Silver,SI=F,₹/kg,Precious Metal
2024-01-08,23.1200008392334,23.1200008392334,22.834999084472656,22.989999771118164,53,83.19110107421875,61490.25,61837.96,61075.68,61837.96,-0.000680994374605115,762.2799999999988,Silver,SI=F,₹/kg,Precious Metal
2024-01-09,22.90399932861328,23.139999389648438,22.90399932861328,23.139999389648438,19,83.05069732666016,61786.99,61786.99,61156.84,61156.84,-0.011014593625016111,630.1500000000015,Silver,SI=F,₹/kg,Precious Metal
2024-01-10,22.884000778198242,23.0,22.799999237060547,23.0,10,83.131103515625,61472.63,61472.63,60938.09,61162.6,9.418406837236049e-05,534.5400000000009,Silver,SI=F,₹/kg,Precious Metal
2024-01-11,22.53700065612793,23.084999084472656,22.53499984741211,22.959999084472656,109,83.02559661865234,61287.84,61621.5,60153.37,60158.72,-0.016413298322831227,1468.1299999999974,Silver,SI=F,₹/kg,Precious Metal
2024-01-12,23.16200065612793,23.3799991607666,22.825000762939453,22.825000762939453,44,83.07610321044922,60964.55,62446.92,60964.55,61864.66,0.028357318772739948,1482.3699999999953,Silver,SI=F,₹/kg,Precious Metal
2024-01-16,22.933000564575195,22.933000564575195,22.933000564575195,22.933000564575195,0,82.8593978881836,61093.23,61093.23,61093.23,61093.23,-0.012469639370845997,0.0,Silver,SI=F,₹/kg,Precious Metal
2024-01-17,22.516000747680664,22.90999984741211,22.510000228881836,22.90999984741211,17,83.08899688720703,61201.07,61201.07,60132.53,60148.56,-0.015462760767437023,1068.5400000000009,Silver,SI=F,₹/kg,Precious Metal
2024-01-18,22.66699981689453,22.66699981689453,22.59000015258789,22.639999389648438,5,83.17759704589844,60544.29,60616.5,60410.58,60616.5,0.007779737370271267,205.91999999999825,Silver,SI=F,₹/kg,Precious Metal
2024-01-19,22.570999145507812,22.570999145507812,22.514999389648438,22.514999389648438,2,83.16059875488281,60197.71,60347.44,60197.71,60347.44,-0.00443872542954471,149.7300000000032,Silver,SI=F,₹/kg,Precious Metal
2024-01-22,22.163000106811523,22.163000106811523,21.924999237060547,22.0049991607666,28,83.12470245361328,58808.74,59231.0,58594.94,59231.0,-0.018500204813990506,636.0599999999977,Silver,SI=F,₹/kg,Precious Metal
2024-01-23,22.333999633789062,22.333999633789062,22.333999633789062,22.333999633789062,0,83.09510040283203,59666.75,59666.75,59666.75,59666.75,0.007356789519001872,0.0,Silver,SI=F,₹/kg,Precious Metal
2024-01-24,22.7549991607666,22.90999984741211,22.7549991607666,22.854999542236328,46,83.22139739990234,61151.44,61298.6,60883.87,60883.87,0.020398630728169387,414.7299999999959,Silver,SI=F,₹/kg,Precious Metal
2024-01-25,22.808000564575195,22.8700008392334,22.808000564575195,22.8700008392334,48,83.09760284423828,61100.55,61100.55,60934.91,60934.91,0.0008383172751667001,165.63999999999942,Silver,SI=F,₹/kg,Precious Metal
2024-01-26,22.7549991607666,22.84000015258789,22.7549991607666,22.760000228881836,111,83.14610290527344,60842.16,61056.01,60828.79,60828.79,-0.0017415304297652145,227.22000000000116,Silver,SI=F,₹/kg,Precious Metal
2024-01-29,23.13800048828125,23.204999923706055,23.094999313354492,23.094999313354492,333,83.12129974365234,61719.26,62013.23,61719.26,61834.18,0.016528193311095007,293.97000000000116,Silver,SI=F,₹/kg,Precious Metal
2024-01-30,23.10700035095215,23.274999618530273,23.065000534057617,23.204999923706055,78,83.1530990600586,62036.95,62224.09,61662.67,61774.96,-0.0009577227352250972,561.4199999999983,Silver,SI=F,₹/kg,Precious Metal
2024-01-31,23.051000595092773,23.051000595092773,23.051000595092773,23.051000595092773,0,83.10970306396484,61593.08,61593.08,61593.08,61593.08,-0.0029442350104313952,0.0,Silver,SI=F,₹/kg,Precious Metal
2024-02-01,23.1299991607666,23.1299991607666,22.549999237060547,22.875,12,83.05359649658203,61081.54,61762.45,60213.71,61762.45,0.0027498218955765985,1548.739999999998,Silver,SI=F,₹/kg,Precious Metal
2024-02-02,22.701000213623047,23.155000686645508,22.55500030517578,23.125,20,82.92759704589844,61655.42,61735.41,60135.7,60524.96,-0.02003628418237935,1599.7100000000064,Silver,SI=F,₹/kg,Precious Metal
2024-02-05,22.334999084472656,22.489999771118164,22.28499984741211,22.489999771118164,36,82.99929809570312,60014.24,60014.24,59467.2,59600.62,-0.015272046441666354,547.0400000000009,Silver,SI=F,₹/kg,Precious Metal
2024-02-06,22.39299964904785,22.454999923706055,22.334999084472656,22.454999923706055,405,83.10369873046875,59996.21,59996.21,59675.59,59830.56,0.003858013557576978,320.6200000000026,Silver,SI=F,₹/kg,Precious Metal
2024-02-07,22.277999877929688,22.405000686645508,22.277999877929688,22.34000015258789,69,83.07060241699219,59665.18,59838.78,59499.59,59499.59,-0.0055317884372133586,339.1900000000023,Silver,SI=F,₹/kg,Precious Metal
2024-02-08,22.565000534057617,22.565000534057617,22.299999237060547,22.489999771118164,154,83.01260375976562,60023.86,60224.03,59516.76,60224.03,0.012175546083594835,707.2699999999968,Silver,SI=F,₹/kg,Precious Metal
2024-02-09,22.527999877929688,22.565000534057617,22.405000686645508,22.405000686645508,7,82.98529815673828,59777.34,60204.22,59777.34,60105.5,-0.0019681512512530475,426.88000000000466,Silver,SI=F,₹/kg,Precious Metal
2024-02-12,22.708999633789062,22.725000381469727,22.649999618530273,22.649999618530273,8,83.0145034790039,60452.27,60652.44,60452.27,60609.74,0.008389248904010493,200.17000000000553,Silver,SI=F,₹/kg,Precious Metal
2024-02-13,22.09600067138672,22.09600067138672,22.09600067138672,22.09600067138672,0,82.99019622802734,58956.39,58956.39,58956.39,58956.39,-0.027278618915045683,0.0,Silver,SI=F,₹/kg,Precious Metal
2024-02-14,22.33099937438965,22.33099937438965,22.0049991607666,22.03499984741211,8,83.07460021972656,58853.43,59644.01,58773.3,59644.01,0.011663197153014337,870.7099999999991,Silver,SI=F,₹/kg,Precious Metal
2024-02-15,22.91200065612793,22.920000076293945,22.610000610351562,22.610000610351562,6,83.04309844970703,60366.3,61193.96,60366.3,61172.61,0.025628726170490612,827.6599999999962,Silver,SI=F,₹/kg,Precious Metal
2024-02-16,23.43899917602539,23.43899917602539,23.43899917602539,23.43899917602539,0,83.00959777832031,62554.39,62554.39,62554.39,62554.39,0.022588213908152577,0.0,Silver,SI=F,₹/kg,Precious Metal
2024-02-20,23.106000900268555,23.149999618530273,23.106000900268555,23.149999618530273,6,83.02100372314453,61791.59,61791.59,61674.15,61674.15,-0.01407159433574523,117.43999999999505,Silver,SI=F,₹/kg,Precious Metal
2024-02-21,22.85099983215332,23.19499969482422,22.85099983215332,23.190000534057617,8,82.8291015625,61755.29,61768.6,60852.52,60852.52,-0.013322113073305553,916.0800000000017,Silver,SI=F,₹/kg,Precious Metal
2024-02-22,22.764999389648438,22.764999389648438,22.764999389648438,22.764999389648438,0,82.93840026855469,60703.5,60703.5,60703.5,60703.5,-0.0024488714682645574,0.0,Silver,SI=F,₹/kg,Precious Metal
2024-02-23,22.9689998626709,22.9689998626709,22.9689998626709,22.9689998626709,39,82.87229919433594,61198.66,61198.66,61198.66,61198.66,0.00815702554218456,0.0,Silver,SI=F,₹/kg,Precious Metal
2024-02-26,22.517000198364258,22.594999313354492,22.517000198364258,22.594999313354492,10,82.88179779052734,60209.07,60209.07,60001.23,60001.23,-0.01956627808517375,207.8399999999965,Silver,SI=F,₹/kg,Precious Metal
2024-02-27,22.523000717163086,22.523000717163086,22.523000717163086,22.523000717163086,38667,82.85199737548828,59995.64,59995.64,59995.64,59995.64,-9.316475678922131e-05,0.0,Silver,SI=F,₹/kg,Precious Metal
2024-02-28,22.40999984741211,22.5,22.2450008392334,22.44499969482422,5854,82.94819641113281,59857.28,60003.96,59323.92,59763.94,-0.0038619473015039096,680.0400000000009,Silver,SI=F,₹/kg,Precious Metal
2024-02-29,22.666000366210938,22.774999618530273,22.295000076293945,22.440000534057617,517,82.91190338134766,59817.76,60710.76,59431.24,60420.21,0.010981036390840249,1279.520000000004,Silver,SI=F,₹/kg,Precious Metal
2024-03-01,23.149999618530273,23.25,22.56999969482422,22.655000686645508,964,82.910400390625,60389.79,61975.84,60163.21,61709.27,0.021334914261304183,1812.6299999999974,Silver,SI=F,₹/kg,Precious Metal
2024-03-04,23.77899932861328,23.93000030517578,23.06999969482422,23.155000686645508,996,82.84609985351562,61674.74,63738.99,61448.33,63336.79,0.02637399534948326,2290.659999999996,Silver,SI=F,₹/kg,Precious Metal
2024-03-05,23.76300048828125,24.200000762939453,23.665000915527344,23.704999923706055,559,82.9104995727539,63188.77,64508.26,63082.15,63343.38,0.0001040469528057475,1426.1100000000006,Silver,SI=F,₹/kg,Precious Metal
2024-03-06,24.27199935913086,24.27199935913086,23.594999313354492,23.635000228881836,129,82.88480377197266,62982.65,64680.13,62876.06,64680.13,0.021103231308465142,1804.0699999999997,Silver,SI=F,₹/kg,Precious Metal
2024-03-07,24.3700008392334,24.514999389648438,24.139999389648438,24.165000915527344,187,82.81909942626953,64343.96,65275.89,64277.38,64889.81,0.003241799297558634,998.510000000002,Silver,SI=F,₹/kg,Precious Metal
2024-03-08,24.339000701904297,24.5049991607666,24.299999237060547,24.5049991607666,115,82.7522964477539,65196.63,65196.63,64651.22,64754.99,-0.0020776759864145067,545.4099999999962,Silver,SI=F,₹/kg,Precious Metal
2024-03-11,24.511999130249023,24.511999130249023,24.3700008392334,24.385000228881836,172,82.7520980834961,64877.22,65215.1,64837.31,65215.1,0.007105398363894455,377.7900000000009,Silver,SI=F,₹/kg,Precious Metal
2024-03-12,24.194000244140625,24.5049991607666,24.194000244140625,24.46500015258789,42,82.7782974243164,65110.67,65217.12,64389.43,64389.43,-0.01266071814656422,827.6900000000023,Silver,SI=F,₹/kg,Precious Metal
2024-03-13,24.958999633789062,24.958999633789062,24.21500015258789,24.21500015258789,37,82.83509826660156,64489.54,66470.97,64489.54,66470.97,0.032327355592369766,1981.4300000000003,Silver,SI=F,₹/kg,Precious Metal
2024-03-14,24.874000549316406,24.979999542236328,24.874000549316406,24.875,20,82.83110046386719,66244.06,66523.68,66241.4,66241.4,-0.0034536881288178556,282.27999999999884,Silver,SI=F,₹/kg,Precious Metal
2024-03-15,25.200000762939453,25.420000076293945,24.825000762939453,24.834999084472656,48,82.9655990600586,66244.93,67805.36,66218.26,67218.53,0.014751046928356049,1587.1000000000058,Silver,SI=F,₹/kg,Precious Metal
2024-03-18,25.090999603271484,25.2450008392334,25.090999603271484,25.15999984741211,26,82.88890075683594,67049.79,67276.32,66865.91,66865.91,-0.005245874909790449,410.4100000000035,Silver,SI=F,₹/kg,Precious Metal
2024-03-19,24.964000701904297,25.170000076293945,24.94499969482422,25.170000076293945,20,82.86360168457031,67055.97,67055.97,66456.54,66507.16,-0.005365215249444777,599.4300000000076,Silver,SI=F,₹/kg,Precious Metal
2024-03-20,24.933000564575195,24.933000564575195,24.933000564575195,24.933000564575195,75,83.04239654541016,66567.9,66567.9,66567.9,66567.9,0.0009132851259923136,0.0,Silver,SI=F,₹/kg,Precious Metal
2024-03-21,24.849000930786133,25.735000610351562,24.849000930786133,25.625,69,83.05460357666016,68425.51,68719.24,66353.38,66353.38,-0.003222574243741949,2365.8600000000006,Silver,SI=F,₹/kg,Precious Metal
2024-03-22,24.691999435424805,24.75,24.65999984741211,24.75,20,83.22660064697266,66225.89,66225.89,65985.07,66070.69,-0.004260370760313936,240.81999999999243,Silver,SI=F,₹/kg,Precious Metal
2024-03-25,24.7450008392334,24.844999313354492,24.719999313354492,24.815000534057617,69,83.59359741210938,66692.61,66773.24,66437.29,66504.48,0.006565543662401474,335.95000000001164,Silver,SI=F,₹/kg,Precious Metal
2024-03-26,24.482999801635742,24.649999618530273,24.482999801635742,24.639999389648438,663,83.41739654541016,66082.7,66109.52,65661.64,65661.64,-0.01267343192518755,447.88000000000466,Silver,SI=F,₹/kg,Precious Metal
2024-03-27,24.625,24.625,24.424999237060547,24.424999237060547,215,83.34549713134766,65449.62,65985.55,65449.62,65985.55,0.004933017207611634,535.9300000000003,Silver,SI=F,₹/kg,Precious Metal
2024-03-28,24.797000885009766,24.90999984741211,24.684999465942383,24.684999465942383,20,83.36499786376953,66161.8,66764.85,66161.8,66461.99,0.007220368701935431,603.0500000000029,Silver,SI=F,₹/kg,Precious Metal
2024-04-01,24.95400047302246,25.344999313354492,24.809999465942383,25.25,44,83.36479949951172,67675.98,67930.6,66496.67,66882.63,0.006329031074754132,1433.9300000000076,Silver,SI=F,₹/kg,Precious Metal
2024-04-02,25.804000854492188,25.854999542236328,25.270000457763672,25.299999237060547,59,83.40969848632812,67846.51,69334.84,67766.06,69198.08,0.034619601531817645,1568.7799999999988,Silver,SI=F,₹/kg,Precious Metal
2024-04-03,26.94499969482422,27.065000534057617,26.209999084472656,26.2549991607666,104,83.35030364990234,70357.38,72527.99,70236.79,72206.42,0.0434743276114018,2291.2000000000116,Silver,SI=F,₹/kg,Precious Metal
2024-04-04,27.139999389648438,27.270000457763672,26.790000915527344,27.229999542236328,23,83.37329864501953,72990.28,73097.51,71810.86,72749.04,0.007514844247921371,1286.6499999999942,Silver,SI=F,₹/kg,Precious Metal
2024-04-05,27.399999618530273,27.40999984741211,26.489999771118164,26.489999771118164,39,83.47779846191406,71095.71,73564.87,71095.71,73538.03,0.010845366481812002,2469.159999999989,Silver,SI=F,₹/kg,Precious Metal
2024-04-08,27.711999893188477,27.93000030517578,27.711999893188477,27.80500030517578,6,83.29679870605469,74463.19,74797.95,74214.13,74214.13,0.009193882403431441,583.8199999999924,Silver,SI=F,₹/kg,Precious Metal
2024-04-09,27.891000747680664,28.1200008392334,27.891000747680664,28.1200008392334,66,83.26959991455078,75282.19,75282.19,74669.12,74669.12,0.0061307732098994094,613.070000000007,Silver,SI=F,₹/kg,Precious Metal
2024-04-10,27.961000442504883,27.985000610351562,27.764999389648438,27.764999389648438,5,83.22429656982422,74291.35,74880.01,74291.35,74815.79,0.001964265816980282,588.6599999999889,Silver,SI=F,₹/kg,Precious Metal
2024-04-11,28.176000595092773,28.514999389648438,28.0,28.1299991607666,536,83.4126968383789,75438.37,76470.86,75089.74,75561.74,0.00997048885001428,1381.1199999999953,Silver,SI=F,₹/kg,Precious Metal
2024-04-12,28.2549991607666,29.80500030517578,28.2549991607666,28.510000228881836,354,83.34929656982422,76399.34,79869.6,75716.0,75716.0,0.0020415093670420603,4153.600000000006,Silver,SI=F,₹/kg,Precious Metal
2024-04-15,28.650999069213867,28.650999069213867,27.770000457763672,28.25,61,83.61109924316406,75940.39,77018.34,74650.08,77018.34,0.017200327539753868,2368.2599999999948,Silver,SI=F,₹/kg,Precious Metal
2024-04-16,28.31800079345703,28.354999542236328,28.235000610351562,28.354999542236328,76,83.50599670410156,76126.83,76126.83,75804.66,76027.5,-0.012864987741880607,322.16999999999825,Silver,SI=F,₹/kg,Precious Metal
2024-04-17,28.34600067138672,28.510000228881836,28.309999465942383,28.510000228881836,9,83.6675033569336,76691.01,76691.01,76153.02,76249.86,0.0029247311827957923,537.9899999999907,Silver,SI=F,₹/kg,Precious Metal
2024-04-18,28.32900047302246,28.32900047302246,28.32900047302246,28.32900047302246,0,83.5958023071289,76138.82,76138.82,76138.82,76138.82,-0.0014562649688798501,0.0,Silver,SI=F,₹/kg,Precious Metal
2024-04-19,28.808000564575195,28.808000564575195,28.21500015258789,28.5049991607666,15,83.54499816894531,76565.29,77379.16,75786.34,77379.16,0.01629050726029102,1592.820000000007,Silver,SI=F,₹/kg,Precious Metal
2024-04-22,27.21299934387207,27.21299934387207,27.21299934387207,27.21299934387207,0,83.38529968261719,72955.21,72955.21,72955.21,72955.21,-0.05717237044186052,0.0,Silver,SI=F,₹/kg,Precious Metal
2024-04-23,27.33099937438965,27.40999984741211,27.135000228881836,27.135000228881836,15,83.38619995117188,72746.89,73484.15,72746.89,73272.35,0.004347050745244996,737.2599999999948,Silver,SI=F,₹/kg,Precious Metal
2024-04-24,27.323999404907227,27.323999404907227,27.1299991607666,27.139999389648438,4,83.2833023071289,72670.51,73163.19,72643.73,73163.19,-0.001489784345663825,519.4600000000064,Silver,SI=F,₹/kg,Precious Metal
2024-04-25,27.341999053955078,27.341999053955078,27.341999053955078,27.341999053955078,29,83.3405990600586,73261.75,73261.75,73261.75,73261.75,0.0013471255148933547,0.0,Silver,SI=F,₹/kg,Precious Metal
2024-04-26,27.240999221801758,27.240999221801758,27.240999221801758,27.240999221801758,68254,83.30180358886719,72957.15,72957.15,72957.15,72957.15,-0.004157694840759452,0.0,Silver,SI=F,₹/kg,Precious Metal
2024-04-29,27.37299919128418,27.440000534057617,26.959999084472656,27.200000762939453,11787,83.40229797363281,72935.23,73578.78,72291.68,73399.12,0.006057939489138464,1287.1000000000058,Silver,SI=F,₹/kg,Precious Metal
2024-04-30,26.391000747680664,27.165000915527344,26.299999237060547,27.155000686645508,1881,83.45110321044922,72857.18,72884.01,70563.2,70807.36,-0.035310505085074495,2320.8099999999977,Silver,SI=F,₹/kg,Precious Metal
2024-05-01,26.48900032043457,26.94499969482422,26.28499984741211,26.28499984741211,387,83.49839782714844,70562.92,72334.71,70562.92,71110.57,0.004282181965264753,1771.7900000000081,Silver,SI=F,₹/kg,Precious Metal
2024-05-02,26.58300018310547,26.795000076293945,26.03499984741211,26.71500015258789,277,83.40640258789062,71638.26,71852.78,69814.78,71284.29,0.002442956089368842,2038.0,Silver,SI=F,₹/kg,Precious Metal
2024-05-03,26.44499969482422,26.78499984741211,26.15999984741211,26.6299991607666,194,83.40630340576172,71410.23,71825.88,70149.9,70914.15,-0.005192448434290342,1675.9800000000105,Silver,SI=F,₹/kg,Precious Metal
2024-05-06,27.368999481201172,27.389999389648438,26.950000762939453,26.950000762939453,48,83.37999725341797,72245.55,73425.06,72245.55,73368.77,0.034613966324069434,1179.5099999999948,Silver,SI=F,₹/kg,Precious Metal
2024-05-07,27.30299949645996,27.44499969482422,27.280000686645508,27.299999237060547,74,83.4728012084961,73265.25,73654.39,73211.58,73273.31,-0.001301098546425239,442.8099999999977,Silver,SI=F,₹/kg,Precious Metal
2024-05-08,27.361000061035156,27.420000076293945,27.264999389648438,27.264999389648438,123,83.46990203857422,73168.78,73584.74,73168.78,73426.41,0.0020894374773026136,415.9600000000064,Silver,SI=F,₹/kg,Precious Metal
2024-05-09,28.131999969482422,28.200000762939453,27.600000381469727,27.604999542236328,333,83.46430206298828,74076.24,75672.89,74062.83,75490.41,0.02810977685004623,1610.0599999999977,Silver,SI=F,₹/kg,Precious Metal
2024-05-10,28.274999618530273,28.594999313354492,28.229999542236328,28.594999313354492,75,83.45939636230469,76728.33,76728.33,75748.94,75869.68,0.00502408186682235,979.3899999999994,Silver,SI=F,₹/kg,Precious Metal
2024-05-13,28.22100067138672,28.344999313354492,28.03499984741211,28.059999465942383,253,83.5248031616211,75351.79,76117.12,75284.65,75784.14,-0.0011274596123246328,832.4700000000012,Silver,SI=F,₹/kg,Precious Metal
2024-05-14,28.485000610351562,28.610000610351562,28.110000610351562,28.270000457763672,212,83.50550079345703,75898.18,76810.99,75468.61,76475.4,0.00912143358755535,1342.3800000000047,Silver,SI=F,₹/kg,Precious Metal
2024-05-15,29.513999938964844,29.513999938964844,28.610000610351562,28.610000610351562,31,83.52420043945312,76828.19,79255.76,76828.19,79255.76,0.03635626619801924,2427.5699999999924,Silver,SI=F,₹/kg,Precious Metal
2024-05-16,29.665000915527344,29.8799991607666,29.5,29.8799991607666,29,83.40509796142578,80124.18,80124.18,79105.2,79547.66,0.0036830130705958197,1018.9799999999959,Silver,SI=F,₹/kg,Precious Metal
2024-05-17,31.047000885009766,31.604999542236328,29.760000228881836,29.760000228881836,118,83.47010040283203,79864.6,84815.88,79864.6,83318.42,0.04740252573111503,4951.279999999999,Silver,SI=F,₹/kg,Precious Metal
2024-05-20,32.20500183105469,32.20500183105469,30.9950008392334,30.9950008392334,83,83.30039978027344,83009.76,86250.35,83009.76,86250.35,0.035189457505315325,3240.590000000011,Silver,SI=F,₹/kg,Precious Metal
2024-05-21,31.868000030517578,32.5,31.405000686645508,32.494998931884766,55,83.31500244140625,87042.26,87055.66,84122.55,85362.76,-0.010290856790726166,2933.1100000000006,Silver,SI=F,₹/kg,Precious Metal
2024-05-22,31.295000076293945,32.029998779296875,31.15999984741211,32.029998779296875,31,83.31680297851562,85798.55,85798.55,83468.09,83829.71,-0.017959236557018365,2330.4600000000064,Silver,SI=F,₹/kg,Precious Metal
2024-05-23,30.284000396728516,30.709999084472656,30.1299991607666,30.344999313354492,104,83.26709747314453,81236.46,82213.6,80660.88,81073.16,-0.03288273334119851,1552.7200000000012,Silver,SI=F,₹/kg,Precious Metal
2024-05-24,30.329999923706055,30.3700008392334,30.329999923706055,30.3700008392334,10,83.2863998413086,81322.24,81322.24,81215.13,81215.13,0.0017511344074907509,107.11000000000058,Silver,SI=F,₹/kg,Precious Metal
2024-05-28,31.97100067138672,32.1150016784668,31.5049991607666,31.540000915527344,45,83.14569854736328,84312.49,85849.58,84218.92,85464.64,0.052324117439693785,1630.6600000000035,Silver,SI=F,₹/kg,Precious Metal
2024-05-29,32.202999114990234,32.202999114990234,32.202999114990234,32.202999114990234,932,83.20649719238281,86147.76,86147.76,86147.76,86147.76,0.007993013250860104,0.0,Silver,SI=F,₹/kg,Precious Metal
2024-05-30,31.38800048828125,32.04999923706055,31.110000610351562,32.0,257,83.3656005859375,85768.4,85902.41,83382.97,84128.08,-0.02344437046302761,2519.4400000000023,Silver,SI=F,₹/kg,Precious Metal
2024-05-31,30.297000885009766,30.489999771118164,30.297000885009766,30.424999237060547,44,83.3208999633789,81503.26,81677.38,81160.37,81160.37,-0.03527609330915438,517.0100000000093,Silver,SI=F,₹/kg,Precious Metal
2024-06-03,30.641000747680664,30.641000747680664,29.850000381469727,30.440000534057617,209,83.45079803466797,81670.57,82209.85,80087.6,82209.85,0.012930941542036,2122.25,Silver,SI=F,₹/kg,Precious Metal
2024-06-04,29.488000869750977,29.9950008392334,29.469999313354492,29.7549991607666,39,83.09339904785156,79490.81,80131.97,78729.43,78777.52,-0.04175083642653532,1402.5400000000081,Silver,SI=F,₹/kg,Precious Metal
2024-06-05,29.947999954223633,29.969999313354492,29.549999237060547,29.549999237060547,16,83.62940216064453,79452.38,80581.65,79452.38,80522.5,0.02215073538745571,1129.2699999999895,Silver,SI=F,₹/kg,Precious Metal
2024-06-06,31.246999740600586,31.31999969482422,30.559999465942383,30.559999465942383,282,83.38079833984375,81923.75,83961.12,81923.75,83765.43,0.040273588127542004,2037.3699999999953,Silver,SI=F,₹/kg,Precious Metal
2024-06-07,29.334999084472656,31.524999618530273,29.299999237060547,31.524999618530273,10,83.47309875488281,84604.23,84604.23,78632.95,78726.88,-0.06015070894998076,5971.279999999999,Silver,SI=F,₹/kg,Precious Metal
2024-06-10,29.768999099731445,29.768999099731445,29.479999542236328,29.59000015258789,32,83.52760314941406,79463.08,79943.78,79167.68,79943.78,0.015457236461041024,776.1000000000058,Silver,SI=F,₹/kg,Precious Metal
2024-06-11,29.132999420166016,29.5049991607666,29.132999420166016,29.155000686645508,3,83.52980041503906,78296.97,79236.9,78237.88,78237.88,-0.02133874580361339,999.0199999999895,Silver,SI=F,₹/kg,Precious Metal
2024-06-12,30.176000595092773,30.176000595092773,29.75,30.176000595092773,8,83.5968017578125,81103.91,81103.91,79958.95,81103.91,0.036632255372972766,1144.9600000000064,Silver,SI=F,₹/kg,Precious Metal
2024-06-13,28.989999771118164,29.325000762939453,28.815000534057617,29.125,21,83.5343017578125,78220.61,78757.75,77388.05,77858.04,-0.040021128451143806,1369.699999999997,Silver,SI=F,₹/kg,Precious Metal
2024-06-14,29.402000427246094,29.540000915527344,29.385000228881836,29.385000228881836,16,83.52210235595703,78907.37,79323.59,78907.37,78953.02,0.014063801246473773,416.22000000000116,Silver,SI=F,₹/kg,Precious Metal
2024-06-17,29.325000762939453,29.325000762939453,29.325000762939453,29.325000762939453,0,83.55180358886719,78774.25,78774.25,78774.25,78774.25,-0.00226425790932383,0.0,Silver,SI=F,₹/kg,Precious Metal
2024-06-18,29.5049991607666,29.5049991607666,28.954999923706055,29.0049991607666,66,83.51010131835938,77875.76,79218.21,77741.52,79218.21,0.005635851817059612,1476.6900000000023,Silver,SI=F,₹/kg,Precious Metal
2024-06-20,30.775999069213867,30.775999069213867,29.5,29.5,20,83.41950225830078,79118.86,82541.09,79118.86,82541.09,0.04194591117370594,3422.229999999996,Silver,SI=F,₹/kg,Precious Metal
2024-06-21,29.572999954223633,30.510000228881836,29.572999954223633,30.5,20,83.60160064697266,81979.42,82006.3,79487.79,79487.79,-0.03699127307381089,2518.5100000000093,Silver,SI=F,₹/kg,Precious Metal
2024-06-24,29.48900032043457,29.5,29.48900032043457,29.5,5,83.5625,79254.49,79254.49,79224.94,79224.94,-0.0033067971823093067,29.55000000000291,Silver,SI=F,₹/kg,Precious Metal
2024-06-25,28.836999893188477,29.5,28.836999893188477,29.5,5,83.46040344238281,79157.66,79157.66,77378.62,77378.62,-0.02330478255963342,1779.0400000000081,Silver,SI=F,₹/kg,Precious Metal
2024-06-26,28.909000396728516,28.909000396728516,28.909000396728516,28.909000396728516,52023,83.41459655761719,77529.25,77529.25,77529.25,77529.25,0.0019466617523031804,0.0,Silver,SI=F,₹/kg,Precious Metal
2024-06-27,28.917999267578125,29.225000381469727,28.665000915527344,28.770000457763672,14649,83.58039855957031,77309.83,78532.5,77027.68,77707.53,0.0022995192137160725,1504.820000000007,Silver,SI=F,₹/kg,Precious Metal
2024-06-28,29.23699951171875,29.579999923706055,28.81999969482422,28.940000534057617,538,83.45089721679688,77646.16,79363.28,77324.2,78443.01,0.009464719828309986,2039.0800000000017,Silver,SI=F,₹/kg,Precious Metal
2024-07-01,29.299999237060547,29.440000534057617,29.0,29.100000381469727,664,83.36750030517578,77997.41,78908.73,77729.38,78533.48,0.0011533213730579028,1179.3499999999913,Silver,SI=F,₹/kg,Precious Metal
2024-07-02,29.35300064086914,29.6200008392334,29.225000381469727,29.309999465942383,153,83.44129943847656,78629.82,79461.46,78401.8,78745.18,0.002695665593833274,1059.6600000000035,Silver,SI=F,₹/kg,Precious Metal
2024-07-03,30.54800033569336,30.549999237060547,29.540000915527344,29.594999313354492,261,83.4791030883789,79430.36,81993.5,79282.75,81988.13,0.04118283811148826,2710.75,Silver,SI=F,₹/kg,Precious Metal
2024-07-05,31.38800048828125,31.469999313354492,30.165000915527344,30.264999389648438,451,83.49340057373047,81242.49,84477.16,80974.06,84257.05,0.02767376204335914,3503.100000000006,Silver,SI=F,₹/kg,Precious Metal
2024-07-08,30.618000030517578,31.200000762939453,30.618000030517578,31.200000762939453,171,83.47209930419922,83731.02,83731.02,82169.11,82169.11,-0.02478059699455415,1561.9100000000035,Silver,SI=F,₹/kg,Precious Metal
2024-07-09,30.77199935913086,30.77199935913086,30.77199935913086,30.77199935913086,6,83.45760345458984,82568.06,82568.06,82568.06,82568.06,0.004855230876907424,0.0,Silver,SI=F,₹/kg,Precious Metal
2024-07-10,30.726999282836914,30.770000457763672,30.726999282836914,30.770000457763672,121,83.49299621582031,82597.71,82597.71,82482.27,82482.27,-0.0010390216265223629,115.44000000000233,Silver,SI=F,₹/kg,Precious Metal
2024-07-11,31.393999099731445,31.704999923706055,30.905000686645508,30.940000534057617,257,83.49590301513672,83056.94,85110.54,82962.98,84275.68,0.021742975793464403,2147.5599999999977,Silver,SI=F,₹/kg,Precious Metal
2024-07-12,30.88599967956543,31.364999771118164,30.459999084472656,31.364999771118164,41,83.51850128173828,84220.62,84220.62,81790.53,82934.42,-0.01591514894925794,2430.0899999999965,Silver,SI=F,₹/kg,Precious Metal
2024-07-15,30.672000885009766,31.0049991607666,30.594999313354492,30.690000534057617,43,83.52030181884766,82409.9,83255.75,82154.8,82361.57,-0.006907264800308344,1100.949999999997,Silver,SI=F,₹/kg,Precious Metal
2024-07-16,31.19499969482422,31.30500030517578,30.780000686645508,30.809999465942383,8,83.58760070800781,82798.79,84129.05,82718.17,83833.44,0.01787083466233086,1410.8800000000047,Silver,SI=F,₹/kg,Precious Metal
2024-07-17,30.136999130249023,31.28499984741211,30.136999130249023,31.204999923706055,69,83.52960205078125,83802.12,84016.97,80933.97,80933.97,-0.0345860792542928,3083.0,Silver,SI=F,₹/kg,Precious Metal
2024-07-18,29.9950008392334,30.5049991607666,29.989999771118164,30.5049991607666,4,83.57209777832031,81963.93,81963.93,80580.17,80593.61,-0.004205403491265747,1383.7599999999948,Silver,SI=F,₹/kg,Precious Metal
2024-07-19,29.08799934387207,29.75,28.899999618530273,29.75,73,83.67430114746094,80033.07,80033.07,77746.41,78252.17,-0.02905242735745428,2286.6600000000035,Silver,SI=F,₹/kg,Precious Metal
2024-07-22,29.124000549316406,29.170000076293945,28.780000686645508,29.170000076293945,27,83.73030090332031,78525.28,78525.28,77475.41,78401.45,0.0019076787263534456,1049.8699999999953,Silver,SI=F,₹/kg,Precious Metal
2024-07-23,29.131999969482422,29.131999969482422,28.799999237060547,29.0,21,83.67130279541016,78012.64,78367.73,77474.62,78367.73,-0.00043009408627014967,893.1100000000006,Silver,SI=F,₹/kg,Precious Metal
2024-07-24,29.115999221801758,29.115999221801758,28.985000610351562,29.115999221801758,9,83.70680236816406,78357.92,78357.92,78005.37,78357.92,-0.00012517907562203945,352.5500000000029,Silver,SI=F,₹/kg,Precious Metal
2024-07-25,27.80699920654297,28.700000762939453,27.549999237060547,28.700000762939453,157,83.74299621582031,77271.77,77271.77,74175.51,74867.45,-0.044545209980050515,3096.2600000000093,Silver,SI=F,₹/kg,Precious Metal
2024-07-26,27.860000610351562,28.010000228881836,27.739999771118164,28.010000228881836,75,83.73760223388672,75409.15,75409.15,74682.25,75005.32,0.0018415212485534127,726.8999999999942,Silver,SI=F,₹/kg,Precious Metal
2024-07-29,27.702999114990234,28.049999237060547,27.702999114990234,28.049999237060547,819,83.72779846191406,75508.0,75508.0,74573.91,74573.91,-0.005751725344282255,934.0899999999965,Silver,SI=F,₹/kg,Precious Metal
2024-07-30,28.364999771118164,28.364999771118164,27.799999237060547,27.825000762939453,320,83.75050354003906,74922.64,76376.66,74855.32,76376.66,0.024174004018295392,1521.3399999999965,Silver,SI=F,₹/kg,Precious Metal
2024-07-31,28.777999877929688,28.885000228881836,28.71500015258789,28.71500015258789,17,83.73899841308594,77308.46,77766.14,77308.46,77478.07,0.01442076676304005,457.679999999993,Silver,SI=F,₹/kg,Precious Metal
2024-08-01,28.33099937438965,28.94499969482422,28.33099937438965,28.94499969482422,16,83.7177963256836,77907.95,77907.95,76255.31,76255.31,-0.015782014188014837,1652.6399999999994,Silver,SI=F,₹/kg,Precious Metal
2024-08-02,28.246000289916992,28.93000030517578,28.246000289916992,28.899999618530273,101,83.743896484375,77811.08,77891.85,76050.23,76050.23,-0.0026893864833806846,1841.62000000001,Silver,SI=F,₹/kg,Precious Metal
2024-08-05,27.076000213623047,28.559999465942383,26.84000015258789,28.165000915527344,38,83.73529815673828,75824.36,76887.76,72257.26,72892.61,-0.04152019001125962,4630.5,Silver,SI=F,₹/kg,Precious Metal
2024-08-06,27.09600067138672,27.229999542236328,27.09600067138672,27.21500015258789,110,84.00260162353516,73500.71,73541.22,73179.32,73179.32,0.003933320538255014,361.8999999999942,Silver,SI=F,₹/kg,Precious Metal
2024-08-07,26.829999923706055,26.915000915527344,26.69499969482422,26.915000915527344,7,83.93489837646484,72631.9,72631.9,72038.21,72402.52,-0.010615020746298276,593.6899999999878,Silver,SI=F,₹/kg,Precious Metal
2024-08-08,27.5,27.5049991607666,27.05500030517578,27.05500030517578,36,83.94239807128906,73016.22,74230.68,73016.22,74217.19,0.025063630381925828,1214.4599999999919,Silver,SI=F,₹/kg,Precious Metal
2024-08-09,27.48699951171875,27.48699951171875,27.48699951171875,27.48699951171875,2,83.98899841308594,74223.28,74223.28,74223.28,74223.28,8.205646158243596e-05,0.0,Silver,SI=F,₹/kg,Precious Metal
2024-08-12,27.91699981689453,27.924999237060547,27.780000686645508,27.84000015258789,11,83.94979858398438,75141.41,75370.82,74979.47,75349.23,0.01516976883802501,391.3500000000058,Silver,SI=F,₹/kg,Precious Metal
2024-08-13,27.69499969482422,27.69499969482422,27.69499969482422,27.69499969482422,4,83.88999938964844,74696.8,74696.8,74696.8,74696.8,-0.008658748072143396,0.0,Silver,SI=F,₹/kg,Precious Metal
2024-08-14,27.253999710083008,27.253999710083008,27.253999710083008,27.253999710083008,30,83.88200378417969,73500.36,73500.36,73500.36,73500.36,-0.01601728588105522,0.0,Silver,SI=F,₹/kg,Precious Metal
2024-08-15,28.341999053955078,28.341999053955078,28.145000457763672,28.145000457763672,41,83.97149658203125,75984.25,76516.1,75984.25,76516.1,0.04103027522586289,531.8500000000058,Silver,SI=F,₹/kg,Precious Metal
2024-08-16,28.777999877929688,28.777999877929688,28.777999877929688,28.777999877929688,15,83.94830322265625,77671.73,77671.73,77671.73,77671.73,0.01510309594974113,0.0,Silver,SI=F,₹/kg,Precious Metal
2024-08-19,29.239999771118164,29.239999771118164,29.239999771118164,29.239999771118164,18,83.88980102539062,78863.67,78863.67,78863.67,78863.67,0.015345866507672667,0.0,Silver,SI=F,₹/kg,Precious Metal
2024-08-20,29.454999923706055,29.954999923706055,29.454999923706055,29.854999542236328,15,83.87860107421875,80511.64,80781.32,79432.94,79432.94,0.0072184061431581625,1348.3800000000047,Silver,SI=F,₹/kg,Precious Metal
2024-08-21,29.47599983215332,29.47599983215332,29.47599983215332,29.47599983215332,1,83.77940368652344,79395.56,79395.56,79395.56,79395.56,-0.00047058562858182107,0.0,Silver,SI=F,₹/kg,Precious Metal
2024-08-22,29.006000518798828,29.450000762939453,29.0,29.44499969482422,4,83.88860321044922,79415.44,79428.93,78215.24,78231.43,-0.014662406814688445,1213.6899999999878,Silver,SI=F,₹/kg,Precious Metal
2024-08-23,29.785999298095703,29.785999298095703,29.785999298095703,29.785999298095703,8,83.94059753417969,80384.93,80384.93,80384.93,80384.93,0.02752729944985033,0.0,Silver,SI=F,₹/kg,Precious Metal
2024-08-26,29.976999282836914,30.104999542236328,29.905000686645508,30.104999542236328,53,83.81379699707031,81123.11,81123.11,80584.18,80778.19,0.004892210517568607,538.9300000000076,Silver,SI=F,₹/kg,Precious Metal
2024-08-27,29.951000213623047,29.985000610351562,29.951000213623047,29.951000213623047,78,83.88369750976562,80775.44,80867.14,80775.44,80775.44,-3.404384277483352e-05,91.69999999999709,Silver,SI=F,₹/kg,Precious Metal
2024-08-28,29.176000595092773,29.176000595092773,29.176000595092773,29.176000595092773,42397,83.92160034179688,78720.88,78720.88,78720.88,78720.88,-0.025435454142991976,0.0,Silver,SI=F,₹/kg,Precious Metal
2024-08-29,29.55699920654297,29.655000686645508,29.110000610351562,29.110000610351562,7849,83.94149780273438,78561.43,80032.26,78561.43,79767.78,0.013298885886438239,1470.8300000000017,Silver,SI=F,₹/kg,Precious Metal
2024-08-30,28.731000900268555,29.55500030517578,28.709999084472656,29.3799991607666,488,83.89510345458984,79246.27,79718.3,77439.09,77495.74,-0.02848317954943702,2279.2100000000064,Silver,SI=F,₹/kg,Precious Metal
2024-09-03,27.951000213623047,28.565000534057617,27.69499969482422,28.354999542236328,292,83.92729949951172,76510.9,77077.55,74730.01,75420.78,-0.026775149188845826,2347.540000000008,Silver,SI=F,₹/kg,Precious Metal
2024-09-04,28.16699981689453,28.21500015258789,27.885000228881836,27.885000228881836,237,83.95030212402344,75263.32,76154.01,75263.32,76024.45,0.00800402753723839,890.6899999999878,Silver,SI=F,₹/kg,Precious Metal
2024-09-05,28.719999313354492,28.770000457763672,28.19499969482422,28.19499969482422,299,83.98249816894531,76129.21,77681.77,76129.21,77546.76,0.020023952820441338,1552.5599999999977,Silver,SI=F,₹/kg,Precious Metal
2024-09-06,27.808000564575195,28.584999084472656,27.808000564575195,28.584999084472656,72,83.98359680175781,77183.25,77183.25,75085.26,75085.26,-0.03174213854969565,2097.9900000000052,Silver,SI=F,₹/kg,Precious Metal
2024-09-09,28.291000366210938,28.34000015258789,28.049999237060547,28.084999084472656,72,83.98259735107422,75832.29,76520.81,75737.78,76388.51,0.017356935302614618,783.0299999999988,Silver,SI=F,₹/kg,Precious Metal
2024-09-10,28.256999969482422,28.256999969482422,28.204999923706055,28.2450008392334,20,83.98090362548828,76262.77,76295.17,76154.76,76295.17,-0.001221911515226548,140.4100000000035,Silver,SI=F,₹/kg,Precious Metal
2024-09-11,28.562999725341797,28.68000030517578,28.4950008392334,28.4950008392334,18,83.98200225830078,76938.79,77438.3,76938.79,77122.39,0.01084236393994531,499.5100000000093,Silver,SI=F,₹/kg,Precious Metal
2024-09-12,29.743000030517578,29.799999237060547,28.790000915527344,28.80500030517578,33,83.99259948730469,77785.62,80472.54,77745.12,80318.62,0.04144360671395164,2727.4199999999983,Silver,SI=F,₹/kg,Precious Metal
2024-09-13,30.698999404907227,30.770000457763672,29.979999542236328,29.979999542236328,66,83.93479919433594,80902.9,83034.77,80902.9,82843.17,0.031431690434920334,2131.87000000001,Silver,SI=F,₹/kg,Precious Metal
2024-09-16,30.770999908447266,31.014999389648438,30.764999389648438,30.885000228881836,116,83.88480377197266,83295.46,83646.06,82971.82,82988.01,0.0017483638059720974,674.2399999999907,Silver,SI=F,₹/kg,Precious Metal
2024-09-17,30.618999481201172,30.700000762939453,30.618999481201172,30.618999481201172,52,83.88400268554688,82577.28,82795.73,82577.28,82577.28,-0.0049492691775594455,218.4499999999971,Silver,SI=F,₹/kg,Precious Metal
2024-09-18,30.340999603271484,30.729999542236328,30.299999237060547,30.65999984741211,86,83.77059936523438,82576.07,82764.6,81606.49,81716.91,-0.01041896754167726,1158.1100000000006,Silver,SI=F,₹/kg,Precious Metal
2024-09-19,31.0939998626709,31.0939998626709,30.049999237060547,30.049999237060547,26,83.69170379638672,80856.94,83666.08,80856.94,83666.08,0.023852712981927482,2809.1399999999994,Silver,SI=F,₹/kg,Precious Metal
2024-09-20,31.176000595092773,31.200000762939453,31.065000534057617,31.065000534057617,3,83.61470031738281,83511.14,83874.06,83511.14,83809.54,0.0017146733777892997,362.91999999999825,Silver,SI=F,₹/kg,Precious Metal
2024-09-23,30.767000198364258,30.864999771118164,30.6299991607666,30.6299991607666,70,83.48709869384766,82216.08,82846.87,82216.08,82583.82,-0.014625065356521305,630.7899999999936,Silver,SI=F,₹/kg,Precious Metal
2024-09-24,32.111000061035156,32.111000061035156,30.825000762939453,30.860000610351562,35,83.55960083007812,82905.38,86266.19,82811.35,86266.19,0.04458948496206627,3454.8399999999965,Silver,SI=F,₹/kg,Precious Metal
2024-09-25,31.697999954223633,31.989999771118164,31.697999954223633,31.80500030517578,38,83.56759643554688,85452.3,85949.35,85164.81,85164.81,-0.012767226650440944,784.5400000000081,Silver,SI=F,₹/kg,Precious Metal
2024-09-26,32.025001525878906,32.25,32.025001525878906,32.23500061035156,301,83.62409973144531,86666.16,86706.49,86101.57,86101.57,0.010999378734010135,604.9199999999983,Silver,SI=F,₹/kg,Precious Metal
2024-09-27,31.518999099731445,32.13999938964844,31.44499969482422,31.815000534057617,120,83.61710357666016,85529.81,86403.52,84535.11,84734.05,-0.01588263721555838,1868.4100000000035,Silver,SI=F,₹/kg,Precious Metal
2024-09-30,31.163999557495117,31.604999542236328,31.1200008392334,31.604999542236328,73,83.71640014648438,85066.15,85066.15,83760.75,83879.18,-0.01008886038139345,1305.3999999999942,Silver,SI=F,₹/kg,Precious Metal
2024-10-01,31.44499969482422,31.594999313354492,31.309999465942383,31.350000381469727,86,83.82730102539062,84491.59,85151.89,84383.78,84747.62,0.010353463159749499,768.1100000000006,Silver,SI=F,₹/kg,Precious Metal
2024-10-02,31.628000259399414,31.700000762939453,31.05500030517578,31.05500030517578,24,83.87210083007812,83741.26,85480.53,83741.26,85286.38,0.006357228674976456,1739.270000000004,Silver,SI=F,₹/kg,Precious Metal
2024-10-03,32.18899917602539,32.18899917602539,31.440000534057617,31.459999084472656,146,83.91960144042969,84881.4,86848.3,84827.45,86848.3,0.018313826897096597,2020.8500000000058,Silver,SI=F,₹/kg,Precious Metal
2024-10-04,32.12799835205078,32.86000061035156,31.610000610351562,32.095001220703125,156,84.0093994140625,86687.35,88753.58,85377.38,86776.47,-0.0008270743353641086,3376.199999999997,Silver,SI=F,₹/kg,Precious Metal
2024-10-07,31.7450008392334,31.7450008392334,31.59000015258789,31.59000015258789,1,84.02780151367188,85342.05,85760.79,85342.05,85760.79,-0.011704555393875826,418.7399999999907,Silver,SI=F,₹/kg,Precious Metal
2024-10-08,30.354999542236328,31.385000228881836,30.354999542236328,31.385000228881836,21,83.96410369873047,84723.96,84723.96,81943.46,81943.46,-0.044511367024487436,2780.5,Silver,SI=F,₹/kg,Precious Metal
2024-10-09,30.424999237060547,30.485000610351562,30.424999237060547,30.485000610351562,2,83.91459655761719,82245.88,82245.88,82084.0,82084.0,0.0017150850110549953,161.88000000000466,Silver,SI=F,₹/kg,Precious Metal
2024-10-10,31.0049991607666,31.0049991607666,31.0049991607666,31.0049991607666,4,83.94219970703125,83676.31,83676.31,83676.31,83676.31,0.01939854295599619,0.0,Silver,SI=F,₹/kg,Precious Metal
2024-10-11,31.520000457763672,31.53499984741211,31.520000457763672,31.53499984741211,15,83.94599914550781,85110.52,85110.52,85070.04,85070.04,0.016656207712792304,40.48000000001048,Silver,SI=F,₹/kg,Precious Metal
2024-10-14,31.08300018310547,31.200000762939453,31.08300018310547,31.08300018310547,2,84.16829681396484,84112.76,84429.38,84112.76,84112.76,-0.011252845302529568,316.6200000000099,Silver,SI=F,₹/kg,Precious Metal
2024-10-15,31.527000427246094,31.527000427246094,31.527000427246094,31.527000427246094,0,84.04850006103516,85192.83,85192.83,85192.83,85192.83,0.01284073902699201,0.0,Silver,SI=F,₹/kg,Precious Metal
2024-10-16,31.760000228881836,31.760000228881836,31.645000457763672,31.649999618530273,25,84.05619812011719,85533.04,85830.31,85519.53,85830.31,0.007482789338022933,310.77999999999884,Silver,SI=F,₹/kg,Precious Metal
2024-10-17,31.572999954223633,31.854999542236328,31.572999954223633,31.68000030517578,26,84.03929901123047,85596.9,86069.73,85307.79,85307.79,-0.0060878260838158615,761.9400000000023,Silver,SI=F,₹/kg,Precious Metal
2024-10-18,33.03200149536133,33.68000030517578,33.03200149536133,33.03200149536133,33,84.05380249023438,89265.3,91016.45,89265.3,89265.3,0.04639095679304317,1751.1499999999942,Silver,SI=F,₹/kg,Precious Metal
2024-10-21,33.86899948120117,34.255001068115234,33.8650016784668,33.8650016784668,58,84.0687026977539,91532.62,92586.73,91532.62,91543.42,0.025520779070926647,1054.1100000000006,Silver,SI=F,₹/kg,Precious Metal
2024-10-22,34.83100128173828,34.834999084472656,34.42499923706055,34.474998474121094,80,84.07350158691406,93186.68,94159.77,93051.53,94148.96,0.028462340602962044,1108.2400000000052,Silver,SI=F,₹/kg,Precious Metal
2024-10-23,33.63999938964844,34.55500030517578,33.63999938964844,34.55500030517578,6,84.08399963378906,93414.59,93414.59,90941.01,90941.01,-0.03407313261877787,2473.5800000000017,Silver,SI=F,₹/kg,Precious Metal
2024-10-24,33.611000061035156,34.13999938964844,33.611000061035156,34.13999938964844,24,84.06759643554688,92274.69,92274.69,90844.89,90844.89,-0.0010569488946735595,1429.800000000003,Silver,SI=F,₹/kg,Precious Metal
2024-10-25,33.60300064086914,33.70500183105469,33.25,33.25,22,84.08180236816406,89884.35,91114.35,89884.35,90838.62,-6.901874172560163e-05,1230.0,Silver,SI=F,₹/kg,Precious Metal
2024-10-28,33.83000183105469,33.83000183105469,33.77000045776367,33.77000045776367,3,84.10199737548828,91311.99,91474.23,91311.99,91474.23,0.006997134038363884,162.2399999999907,Silver,SI=F,₹/kg,Precious Metal
2024-10-29,34.26900100708008,34.26900100708008,34.26900100708008,34.26900100708008,133,84.10279846191406,92662.14,92662.14,92662.14,92662.14,0.012986280398315397,0.0,Silver,SI=F,₹/kg,Precious Metal
2024-10-30,33.91400146484375,34.16999816894531,33.540000915527344,34.119998931884766,79,84.08930206298828,92244.44,92379.61,90676.4,91687.52,-0.010517995807133307,1703.2100000000064,Silver,SI=F,₹/kg,Precious Metal
2024-10-31,32.65299987792969,33.525001525878906,32.59000015258789,33.525001525878906,37,84.08910369873047,90635.63,90635.63,88107.83,88278.15,-0.037184668098777296,2527.800000000003,Silver,SI=F,₹/kg,Precious Metal
2024-11-01,32.54199981689453,32.54199981689453,32.400001525878906,32.54199981689453,98,84.09149932861328,87980.57,87980.57,87596.66,87980.57,-0.003370936069684194,383.9100000000035,Silver,SI=F,₹/kg,Precious Metal
2024-11-04,32.47999954223633,32.47999954223633,32.47999954223633,32.47999954223633,0,84.13359832763672,87856.91,87856.91,87856.91,87856.91,-0.0014055376090426064,0.0,Silver,SI=F,₹/kg,Precious Metal
2024-11-05,32.654998779296875,32.654998779296875,32.654998779296875,32.654998779296875,6,84.15249633789062,88350.11,88350.11,88350.11,88350.11,0.005613673415101772,0.0,Silver,SI=F,₹/kg,Precious Metal
2024-11-06,31.22100067138672,32.040000915527344,31.0,32.040000915527344,6,84.11630249023438,86648.91,86648.91,83836.34,84434.01,-0.044324789182492275,2812.570000000007,Silver,SI=F,₹/kg,Precious Metal
2024-11-07,31.764999389648438,31.764999389648438,31.44499969482422,31.44499969482422,222,84.2511978149414,85176.17,86042.97,85176.17,86042.97,0.01905582833268271,866.8000000000029,Silver,SI=F,₹/kg,Precious Metal
2024-11-08,31.358999252319336,31.4950008392334,31.344999313354492,31.4950008392334,3,84.306396484375,85367.5,85367.5,84960.92,84998.87,-0.01213463459013564,406.58000000000175,Silver,SI=F,₹/kg,Precious Metal
2024-11-11,30.540000915527344,31.114999771118164,30.5,31.114999771118164,69,84.38289642333984,84414.04,84414.04,82745.56,82854.08,-0.02523315898199585,1668.479999999996,Silver,SI=F,₹/kg,Precious Metal
2024-11-12,30.68600082397461,30.68600082397461,30.309999465942383,30.309999465942383,5,84.39649963378906,82243.35,83263.6,82243.35,83263.6,0.004942665466806329,1020.25,Silver,SI=F,₹/kg,Precious Metal
2024-11-13,30.59000015258789,30.969999313354492,30.43000030517578,30.969999313354492,5,84.39530181884766,84033.01,84033.01,82567.79,83001.93,-0.0031426697860771347,1465.2200000000012,Silver,SI=F,₹/kg,Precious Metal
2024-11-14,30.507999420166016,30.56999969482422,29.735000610351562,30.170000076293945,38,84.4229965209961,81889.18,82974.88,80708.48,82806.59,-0.0023534392513523406,2266.4000000000087,Silver,SI=F,₹/kg,Precious Metal
2024-11-15,30.371000289916992,30.371000289916992,30.2450008392334,30.31999969482422,2,84.47380065917969,82345.84,82484.35,82142.15,82484.35,-0.003891477719345615,342.20000000001164,Silver,SI=F,₹/kg,Precious Metal
2024-11-18,31.163000106811523,31.163000106811523,31.163000106811523,31.163000106811523,6,84.47750091552734,84639.04,84639.04,84639.04,84639.04,0.026122409887451292,0.0,Silver,SI=F,₹/kg,Precious Metal
2024-11-19,31.20800018310547,31.475000381469727,31.149999618530273,31.454999923706055,10,84.39849853515625,85352.22,85406.49,84524.61,84682.0,0.0005075671935788062,881.8800000000047,Silver,SI=F,₹/kg,Precious Metal
2024-11-20,30.95599937438965,31.18000030517578,30.95599937438965,31.18000030517578,7,84.39759826660156,84605.12,84605.12,83997.3,83997.3,-0.00808554356297675,607.8199999999924,Silver,SI=F,₹/kg,Precious Metal
2024-11-21,30.91200065612793,30.94499969482422,30.75,30.94499969482422,30,84.38310241699219,83953.04,83953.04,83424.01,83863.51,-0.001592789292036878,529.0299999999988,Silver,SI=F,₹/kg,Precious Metal
2024-11-22,31.30900001525879,31.30900001525879,31.260000228881836,31.299999237060547,5,84.48829650878906,85022.0,85046.45,84913.35,85046.45,0.014105538869050527,133.09999999999127,Silver,SI=F,₹/kg,Precious Metal
2024-11-25,30.209999084472656,30.815000534057617,30.209999084472656,30.815000534057617,12,84.43599700927734,83652.75,83652.75,82010.37,82010.37,-0.0356990797381902,1642.3800000000047,Silver,SI=F,₹/kg,Precious Metal
2024-11-26,30.38800048828125,30.38800048828125,30.38800048828125,30.38800048828125,55215,84.37750244140625,82436.44,82436.44,82436.44,82436.44,0.005195318592026821,0.0,Silver,SI=F,₹/kg,Precious Metal
2024-11-27,30.111000061035156,30.75,29.989999771118164,30.489999771118164,19729,84.33910369873047,82675.5,83380.51,81319.72,81647.82,-0.009566400489880444,2060.7899999999936,Silver,SI=F,₹/kg,Precious Metal
2024-11-29,30.684999465942383,30.950000762939453,29.655000686645508,30.135000228881836,2230,84.47160339355469,81841.27,84054.67,80537.68,83334.97,0.020663748278888505,3516.9900000000052,Silver,SI=F,₹/kg,Precious Metal
2024-12-02,30.448999404907227,30.670000076293945,30.170000076293945,30.510000228881836,158,84.55699920654297,82943.47,83378.44,82019.16,82777.64,-0.0066878286510453355,1359.2799999999988,Silver,SI=F,₹/kg,Precious Metal
2024-12-03,31.07699966430664,31.110000610351562,30.8700008392334,30.934999465942383,211,84.73709869384766,84277.98,84754.75,84100.9,84664.84,0.02279842720812031,653.8500000000058,Silver,SI=F,₹/kg,Precious Metal
2024-12-04,31.5049991607666,31.5049991607666,30.920000076293945,31.155000686645508,504,84.68309783935547,84823.26,85776.17,84183.44,85776.17,0.013126228077676716,1592.729999999996,Silver,SI=F,₹/kg,Precious Metal
2024-12-05,31.134000778198242,31.475000381469727,31.134000778198242,31.290000915527344,211,84.70700073242188,85214.86,85718.68,84790.01,84790.01,-0.01149689943022636,928.6699999999983,Silver,SI=F,₹/kg,Precious Metal
2024-12-06,31.18600082397461,31.334999084472656,31.079999923706055,31.299999237060547,35,84.68379974365234,85218.74,85314.03,84619.76,84908.36,0.0013958012270549602,694.2700000000041,Silver,SI=F,₹/kg,Precious Metal
2024-12-09,32.215999603271484,32.51499938964844,31.440000534057617,31.440000534057617,642,84.66600036621094,85581.92,88508.14,85581.92,87694.24,0.032810432329631656,2926.220000000001,Silver,SI=F,₹/kg,Precious Metal
2024-12-10,32.362998962402344,32.362998962402344,32.03499984741211,32.10499954223633,689,84.84729766845703,87579.23,88283.03,87388.28,88283.03,0.006714123983513565,894.75,Silver,SI=F,₹/kg,Precious Metal
2024-12-11,32.5620002746582,32.5620002746582,32.20500183105469,32.34000015258789,484,84.8740005493164,88248.05,88853.84,87879.67,88853.84,0.006465682022920971,974.1699999999983,Silver,SI=F,₹/kg,Precious Metal
2024-12-12,31.22800064086914,32.77000045776367,31.225000381469727,32.529998779296875,108,84.85710144042969,88748.84,89403.61,85188.52,85196.71,-0.04115894147062171,4215.0899999999965,Silver,SI=F,₹/kg,Precious Metal
2024-12-13,30.655000686645508,31.0,30.559999465942383,31.0,47,84.83920288085938,84556.83,84556.83,83356.67,83615.8,-0.01855599823044818,1200.1600000000035,Silver,SI=F,₹/kg,Precious Metal
2024-12-16,30.69700050354004,30.815000534057617,30.68000030517578,30.815000534057617,36,84.802001953125,84015.36,84015.36,83647.29,83693.64,0.0009309245381852183,368.070000000007,Silver,SI=F,₹/kg,Precious Metal
2024-12-17,30.572999954223633,30.572999954223633,30.290000915527344,30.344999313354492,365,84.91729736328125,82846.42,83468.89,82696.26,83468.89,-0.002685389236266933,772.6300000000047,Silver,SI=F,₹/kg,Precious Metal
2024-12-18,30.40999984741211,30.440000534057617,29.8799991607666,30.440000534057617,290,84.91539764404297,83103.93,83103.93,81575.07,83022.02,-0.005353731192543676,1528.859999999986,Silver,SI=F,₹/kg,Precious Metal
2024-12-19,29.0939998626709,29.614999771118164,28.854999542236328,29.604999542236328,81,85.16549682617188,81062.35,81089.73,79008.75,79663.16,-0.04045745935837264,2080.979999999996,Silver,SI=F,₹/kg,Precious Metal
2024-12-20,29.65999984741211,29.844999313354492,29.104999542236328,29.165000915527344,61,85.27940368652344,79964.38,81828.8,79799.87,81321.57,0.020817778255344255,2028.9300000000076,Silver,SI=F,₹/kg,Precious Metal
2024-12-23,29.88800048828125,29.989999771118164,29.88800048828125,29.895000457763672,54,84.94499969482422,81644.48,81903.93,81625.36,81625.36,0.0037356632440814774,278.56999999999243,Silver,SI=F,₹/kg,Precious Metal
2024-12-24,29.974000930786133,29.974000930786133,29.974000930786133,29.974000930786133,66,85.0988998413086,82008.54,82008.54,82008.54,82008.54,0.004694374395408429,0.0,Silver,SI=F,₹/kg,Precious Metal
2024-12-26,30.047000885009766,30.114999771118164,29.979999542236328,30.014999389648438,109,85.41339874267578,82424.21,82698.82,82328.09,82512.09,0.006140214177694281,370.7300000000105,Silver,SI=F,₹/kg,Precious Metal
2024-12-27,29.655000686645508,29.934999465942383,29.604999542236328,29.934999465942383,502,85.26090240478516,82057.75,82057.75,81153.16,81290.22,-0.014808375354448011,904.5899999999965,Silver,SI=F,₹/kg,Precious Metal
2024-12-30,29.106000900268555,29.719999313354492,28.989999771118164,29.65999984741211,200,85.38600158691406,81423.22,81587.93,79583.92,79902.37,-0.017072779480729716,2004.0099999999948,Silver,SI=F,₹/kg,Precious Metal
2024-12-31,28.940000534057617,29.170000076293945,28.940000534057617,29.135000228881836,172,85.7865982055664,80357.22,80453.75,79819.39,79819.39,-0.0010385173806483072,634.3600000000006,Silver,SI=F,₹/kg,Precious Metal
2025-01-02,29.621999740600586,29.71500015258789,29.260000228881836,29.260000228881836,307,85.78569793701172,80701.14,81956.06,80701.14,81699.56,0.02355530404329076,1254.9199999999983,Silver,SI=F,₹/kg,Precious Metal
2025-01-03,29.805999755859375,30.079999923706055,29.805999755859375,30.079999923706055,91,85.80400085449219,82980.45,82980.45,82224.58,82224.58,0.006426227999269507,755.8699999999953,Silver,SI=F,₹/kg,Precious Metal
2025-01-06,30.341999053955078,30.459999084472656,29.959999084472656,30.3700008392334,186,85.75900268554688,83736.53,83984.67,82606.07,83659.32,0.017449040177523578,1378.5999999999913,Silver,SI=F,₹/kg,Precious Metal
2025-01-07,30.44700050354004,30.44700050354004,30.44700050354004,30.44700050354004,6,85.68070220947266,83872.19,83872.19,83872.19,83872.19,0.0025444863764132464,0.0,Silver,SI=F,₹/kg,Precious Metal
2025-01-08,30.45199966430664,30.649999618530273,30.280000686645508,30.524999618530273,46,85.80650329589844,84210.51,84555.35,83534.62,84009.12,0.001632603131025867,1020.7300000000105,Silver,SI=F,₹/kg,Precious Metal
2025-01-09,30.791000366210938,30.96500015258789,30.735000610351562,30.96500015258789,192,85.90750122070312,85524.91,85524.91,84889.65,85044.32,0.012322471655458411,635.2600000000093,Silver,SI=F,₹/kg,Precious Metal
2025-01-10,31.090999603271484,31.53499984741211,31.09000015258789,31.53499984741211,60,85.91999816894531,87111.91,87111.91,85882.65,85885.41,0.009890019697964547,1229.2600000000093,Silver,SI=F,₹/kg,Precious Metal
2025-01-13,30.090999603271484,30.274999618530273,30.090999603271484,30.274999618530273,2,86.18800354003906,83892.16,83892.16,83382.3,83382.3,-0.02914476393603993,509.8600000000006,Silver,SI=F,₹/kg,Precious Metal
2025-01-14,30.131999969482422,30.19499969482422,30.131999969482422,30.19499969482422,66,86.65059661865234,84119.57,84119.57,83944.06,83944.06,0.0067371612440529915,175.5100000000093,Silver,SI=F,₹/kg,Precious Metal
2025-01-15,31.319000244140625,31.350000381469727,30.875,30.8799991607666,21,86.535400390625,85913.52,87221.15,85899.61,87134.9,0.038011504328001156,1321.5399999999936,Silver,SI=F,₹/kg,Precious Metal
2025-01-16,31.523000717163086,31.674999237060547,31.329999923706055,31.385000228881836,109,86.43099975585938,87213.18,88019.03,87060.34,87596.65,0.005299254374538709,958.6900000000023,Silver,SI=F,₹/kg,Precious Metal
2025-01-17,30.951000213623047,31.209999084472656,30.951000213623047,31.200000762939453,5,86.6061019897461,86874.74,86902.58,86181.41,86181.41,-0.016156325612908584,721.1699999999983,Silver,SI=F,₹/kg,Precious Metal
2025-01-21,31.31100082397461,31.31100082397461,30.774999618530273,30.799999237060547,215,86.21109771728516,85369.81,86786.18,85300.52,86786.18,0.007017406654172831,1485.659999999989,Silver,SI=F,₹/kg,Precious Metal
2025-01-22,31.23900032043457,31.23900032043457,30.9950008392334,30.9950008392334,7,86.45189666748047,86150.26,86828.46,86150.26,86828.46,0.0004871743404308848,678.2000000000116,Silver,SI=F,₹/kg,Precious Metal
2025-01-23,30.67300033569336,30.67300033569336,30.399999618530273,30.399999618530273,2,86.47270202636719,84516.8,85275.78,84516.8,85275.78,-0.01788215522882708,758.9799999999959,Silver,SI=F,₹/kg,Precious Metal
2025-01-24,31.023000717163086,31.075000762939453,30.989999771118164,31.075000762939453,112,86.44020080566406,86360.94,86360.94,86124.71,86216.42,0.011030564598764059,236.22999999999593,Silver,SI=F,₹/kg,Precious Metal
2025-01-27,30.253999710083008,30.253999710083008,30.253999710083008,30.253999710083008,111,86.2030029296875,83848.56,83848.56,83848.56,83848.56,-0.02746414198130709,0.0,Silver,SI=F,₹/kg,Precious Metal
2025-01-28,30.726999282836914,30.726999282836914,30.364999771118164,30.364999771118164,132,86.46839904785156,84415.29,85421.66,84415.29,85421.66,0.018761204724326852,1006.3700000000099,Silver,SI=F,₹/kg,Precious Metal
2025-01-29,31.238000869750977,31.238000869750977,31.238000869750977,31.238000869750977,263,86.58460235595703,86958.96,86958.96,86958.96,86958.96,0.017996606481307076,0.0,Silver,SI=F,₹/kg,Precious Metal
2025-01-30,32.36399841308594,32.599998474121094,31.469999313354492,31.479999542236328,557,86.6406021118164,87689.3,90809.12,87661.45,90151.73,0.03671582548825314,3147.6699999999983,Silver,SI=F,₹/kg,Precious Metal
2025-01-31,32.12799835205078,32.7599983215332,32.11000061035156,32.67499923706055,162,86.64700317382812,91024.76,91261.55,89450.81,89500.95,-0.007218718930851353,1810.7400000000052,Silver,SI=F,₹/kg,Precious Metal
2025-02-03,32.391998291015625,32.459999084472656,31.6299991607666,32.14500045776367,444,86.55400085449219,89452.2,90328.77,88019.07,90139.54,0.00713500806416012,2309.699999999997,Silver,SI=F,₹/kg,Precious Metal
2025-02-04,32.88800048828125,32.88800048828125,32.1150016784668,32.209999084472656,744,86.94339752197266,90036.32,91931.53,89770.78,91931.53,0.019880176890186174,2160.75,Silver,SI=F,₹/kg,Precious Metal
2025-02-05,32.856998443603516,32.856998443603516,32.6349983215332,32.80500030517578,42,87.13009643554688,91896.44,92042.1,91420.21,92042.1,0.0012027429544576584,621.8899999999994,Silver,SI=F,₹/kg,Precious Metal
2025-02-06,32.518001556396484,32.518001556396484,32.3849983215332,32.5,651,87.33409881591797,91255.2,91305.75,90932.3,91305.75,-0.008000143412634109,373.4499999999971,Silver,SI=F,₹/kg,Precious Metal
2025-02-07,32.334999084472656,32.7400016784668,32.11000061035156,32.7400016784668,172,87.58830261230469,92196.67,92196.67,90422.57,91056.17,-0.0027334532600630235,1774.0999999999913,Silver,SI=F,₹/kg,Precious Metal
2025-02-10,32.391998291015625,32.391998291015625,32.310001373291016,32.310001373291016,456,87.51309967041016,90907.66,91138.37,90907.66,91138.37,0.0009027394848695192,230.70999999999185,Silver,SI=F,₹/kg,Precious Metal
2025-02-11,32.23099899291992,32.2599983215332,31.635000228881836,32.11000061035156,23,87.49009704589844,90321.19,90743.11,88985.08,90661.54,-0.005231934694465146,1758.0299999999988,Silver,SI=F,₹/kg,Precious Metal
2025-02-12,32.69499969482422,32.755001068115234,31.96500015258789,31.96500015258789,80,86.81120300292969,89215.62,91420.55,89215.62,91253.08,0.006524707169103916,2204.9300000000076,Silver,SI=F,₹/kg,Precious Metal
2025-02-13,32.650001525878906,32.880001068115234,32.53499984741211,32.834999084472656,119,86.8740005493164,91710.12,91835.81,90872.2,91193.41,-0.0006538957369986997,963.6100000000006,Silver,SI=F,₹/kg,Precious Metal
2025-02-14,32.80099868774414,34.08000183105469,32.75,33.744998931884766,153,86.75409698486328,94121.72,95056.11,91346.46,91488.71,0.003238172582865406,3709.649999999994,Silver,SI=F,₹/kg,Precious Metal
2025-02-18,33.31700134277344,33.36000061035156,32.7599983215332,32.7599983215332,201,86.85479736328125,91480.41,93155.88,91480.41,93035.81,0.01691028324697097,1675.4700000000012,Silver,SI=F,₹/kg,Precious Metal
2025-02-19,32.99300003051758,33.560001373291016,32.99300003051758,33.560001373291016,21,86.88719940185547,93749.34,93749.34,92165.43,92165.43,-0.009355322429073332,1583.9100000000035,Silver,SI=F,₹/kg,Precious Metal
2025-02-20,33.444000244140625,33.444000244140625,33.444000244140625,33.444000244140625,0,86.872802734375,93409.81,93409.81,93409.81,93409.81,0.013501591648842792,0.0,Silver,SI=F,₹/kg,Precious Metal
2025-02-21,32.97600173950195,33.32500076293945,32.97600173950195,33.32500076293945,96,86.45120239257812,92625.73,92625.73,91655.7,91655.7,-0.018778648623736682,970.0299999999988,Silver,SI=F,₹/kg,Precious Metal
2025-02-24,32.57500076293945,32.85499954223633,32.57500076293945,32.834999084472656,115,86.52940368652344,91346.34,91401.98,90623.03,90623.03,-0.011266838832718507,778.9499999999971,Silver,SI=F,₹/kg,Precious Metal
2025-02-25,31.801000595092773,32.439998626708984,31.801000595092773,32.125,72,86.69010162353516,89537.11,90415.06,88634.08,88634.08,-0.021947511576251633,1780.979999999996,Silver,SI=F,₹/kg,Precious Metal
2025-02-26,32.25299835205078,32.25299835205078,32.25299835205078,32.25299835205078,36515,87.0811996459961,90299.41,90299.41,90299.41,90299.41,0.01878882253868941,0.0,Silver,SI=F,₹/kg,Precious Metal
2025-02-27,31.801000595092773,32.290000915527344,31.469999313354492,32.23500061035156,10140,87.16220092773438,90332.97,90487.1,88189.19,89116.76,-0.01309698479757515,2297.9100000000035,Silver,SI=F,₹/kg,Precious Metal
2025-02-28,31.2189998626709,31.645000457763672,31.084999084472656,31.575000762939453,1641,87.3270034790039,88650.74,88847.27,87275.0,87651.22,-0.016445166992157145,1572.270000000004,Silver,SI=F,₹/kg,Precious Metal
2025-03-03,32.03200149536133,32.209999084472656,31.375,31.434999465942383,872,87.46399688720703,88396.12,90575.44,88227.4,90074.91,0.027651526128215975,2348.040000000008,Silver,SI=F,₹/kg,Precious Metal
2025-03-04,32.108001708984375,32.290000915527344,31.770000457763672,31.84000015258789,762,87.32959747314453,89397.41,90660.88,89200.87,90149.88,0.0008323072429381462,1460.0100000000093,Silver,SI=F,₹/kg,Precious Metal
2025-03-05,32.858001708984375,33.0,32.16999816894531,32.16999816894531,912,87.21700286865234,90207.5,92534.89,90207.5,92136.72,0.022039297223690024,2327.3899999999994,Silver,SI=F,₹/kg,Precious Metal
2025-03-06,33.0629997253418,33.0629997253418,32.630001068115234,32.97999954223633,370,86.88929748535156,92131.33,92363.2,91153.6,92363.2,0.0024580862005940673,1209.5999999999913,Silver,SI=F,₹/kg,Precious Metal
2025-03-07,32.54800033569336,32.93000030517578,32.404998779296875,32.93000030517578,926,87.12879943847656,92245.23,92245.23,90774.56,91175.15,-0.012862806832158347,1470.6699999999983,Silver,SI=F,₹/kg,Precious Metal
2025-03-10,32.275001525878906,32.76499938964844,32.10499954223633,32.76499938964844,300,87.07379913330078,91725.08,91725.08,89877.42,90353.34,-0.009013530550813442,1847.6600000000035,Silver,SI=F,₹/kg,Precious Metal
2025-03-11,32.88800048828125,33.1349983215332,32.27000045776367,32.29499816894531,243,87.3551025390625,90701.4,93060.56,90631.19,92366.86,0.02228495371615491,2429.3699999999953,Silver,SI=F,₹/kg,Precious Metal
2025-03-12,33.48400115966797,33.5,33.189998626708984,33.244998931884766,689,87.20010375976562,93203.83,93918.74,93049.63,93873.88,0.016315591977469124,869.1100000000006,Silver,SI=F,₹/kg,Precious Metal
2025-03-13,34.05099868774414,34.404998779296875,33.349998474121094,33.3849983215332,345,87.3405990600586,93747.13,96611.35,93648.84,95617.29,0.018571832761147045,2962.5100000000093,Silver,SI=F,₹/kg,Precious Metal
2025-03-14,34.1870002746582,34.55500030517578,34.05500030517578,34.244998931884766,191,86.9220962524414,95701.29,96567.62,95170.32,95539.2,-0.0008166932988792341,1397.2999999999884,Silver,SI=F,₹/kg,Precious Metal
2025-03-17,34.07400131225586,34.1150016784668,33.96500015258789,34.040000915527344,333,86.93900299072266,95146.9,95356.54,94937.26,95241.94,-0.0031113930198284345,419.27999999999884,Silver,SI=F,₹/kg,Precious Metal
2025-03-18,34.57899856567383,34.57899856567383,34.404998779296875,34.5,15,86.91639709472656,96407.59,96628.35,96142.12,96628.35,0.014556717345320713,486.2300000000105,Silver,SI=F,₹/kg,Precious Metal
2025-03-19,33.974998474121094,34.39500045776367,33.974998474121094,34.39500045776367,193,86.57610321044922,95737.88,95737.88,94568.81,94568.81,-0.021314034649251523,1169.070000000007,Silver,SI=F,₹/kg,Precious Metal
2025-03-20,33.7859992980957,33.810001373291016,33.689998626708984,33.689998626708984,257,86.33709716796875,93516.63,93849.74,93516.63,93783.11,-0.008308236087564147,333.1100000000006,Silver,SI=F,₹/kg,Precious Metal
2025-03-21,33.290000915527344,33.290000915527344,33.290000915527344,33.290000915527344,189,86.33609771728516,92405.25,92405.25,92405.25,92405.25,-0.014691984516188472,0.0,Silver,SI=F,₹/kg,Precious Metal
2025-03-24,33.26499938964844,33.47999954223633,33.26499938964844,33.474998474121094,88,85.98699951171875,92543.05,92556.87,91962.5,91962.5,-0.004791394428346862,594.3699999999953,Silver,SI=F,₹/kg,Precious Metal
2025-03-25,34.00199890136719,34.09000015258789,33.459999084472656,33.459999084472656,14,85.53209686279297,92012.21,93744.66,92012.21,93502.67,0.016747804811743983,1732.449999999997,Silver,SI=F,₹/kg,Precious Metal
2025-03-26,34.03300094604492,34.30500030517578,33.994998931884766,34.30500030517578,134,85.59040069580078,94400.2,94400.2,93547.14,93651.72,0.0015940721264964264,853.0599999999977,Silver,SI=F,₹/kg,Precious Metal
2025-03-27,34.89699935913086,34.89699935913086,34.89699935913086,34.89699935913086,1017,86.09539794921875,96595.85,96595.85,96595.85,96595.85,0.03143700937900551,0.0,Silver,SI=F,₹/kg,Precious Metal
2025-03-28,34.64400100708008,35.26499938964844,34.560001373291016,35.26499938964844,316,85.69490051269531,97160.4,97160.4,95218.02,95449.46,-0.011867901157244343,1942.37999999999,Silver,SI=F,₹/kg,Precious Metal
2025-03-31,34.457000732421875,35.0,34.400001525878906,34.7599983215332,97,85.53880310058594,95594.6,96254.63,94604.56,94761.31,-0.007209574574858824,1650.070000000007,Silver,SI=F,₹/kg,Precious Metal
2025-04-01,34.15800094604492,34.665000915527344,34.15800094604492,34.599998474121094,97,85.46810150146484,95075.93,95254.54,93861.38,93861.38,-0.009496808349314656,1393.159999999989,Silver,SI=F,₹/kg,Precious Metal
2025-04-02,34.499000549316406,34.85499954223633,34.499000549316406,34.499000549316406,558,85.61009979248047,94955.9,95935.76,94955.9,94955.9,0.011661026079096581,979.8600000000006,Silver,SI=F,₹/kg,Precious Metal
2025-04-03,31.8439998626709,34.1349983215332,31.625,34.1349983215332,63,85.65119934082031,93999.12,93999.12,87087.22,87690.29,-0.07651562462153483,6911.899999999994,Silver,SI=F,₹/kg,Precious Metal
2025-04-04,29.115999221801758,31.5,29.115999221801758,31.440000534057617,61,85.28289794921875,86205.49,86370.0,79833.3,79833.3,-0.08959931595619075,6536.699999999997,Silver,SI=F,₹/kg,Precious Metal
2025-04-07,29.510000228881836,30.459999084472656,28.309999465942383,28.450000762939453,310,85.529296875,78232.57,83759.72,77847.59,81147.39,0.016460424409362906,5912.130000000005,Silver,SI=F,₹/kg,Precious Metal
2025-04-08,29.591999053955078,30.31999969482422,29.591999053955078,29.764999389648438,64,86.0270004272461,82324.88,83859.91,81846.39,81846.39,0.008613955421117092,2013.520000000004,Silver,SI=F,₹/kg,Precious Metal
2025-04-09,30.322999954223633,30.322999954223633,29.2549991607666,29.350000381469727,137,86.435302734375,81562.34,84266.27,81298.34,84266.27,0.029566117699265648,2967.9300000000076,Silver,SI=F,₹/kg,Precious Metal
2025-04-10,30.67099952697754,31.049999237060547,30.67099952697754,31.030000686645508,4,86.20929718017578,86005.52,86060.95,85010.48,85010.48,0.008831647585682667,1050.4700000000012,Silver,SI=F,₹/kg,Precious Metal
2025-04-11,31.823999404907227,31.823999404907227,31.114999771118164,31.114999771118164,24,86.2603988647461,86292.23,88258.52,86292.23,88258.52,0.03820752453109311,1966.2900000000081,Silver,SI=F,₹/kg,Precious Metal
2025-04-14,32.09199905395508,32.09199905395508,31.799999237060547,31.799999237060547,17,86.19300079345703,88123.05,88932.23,88123.05,88932.23,0.007633370693276964,809.179999999993,Silver,SI=F,₹/kg,Precious Metal
2025-04-15,32.22700119018555,32.22700119018555,32.22700119018555,32.22700119018555,45,86.0447998046875,89152.79,89152.79,89152.79,89152.79,0.0024800907387569904,0.0,Silver,SI=F,₹/kg,Precious Metal
2025-04-16,32.92599868774414,33.025001525878906,32.755001068115234,33.025001525878906,97,85.72669982910156,91022.63,91022.63,90278.46,90749.76,0.017912731615017385,744.1699999999983,Silver,SI=F,₹/kg,Precious Metal
2025-04-17,32.41999816894531,32.58000183105469,32.09000015258789,32.334999084472656,168,85.62049865722656,89010.46,89684.89,88336.04,89244.44,-0.016587592077378366,1348.8500000000058,Silver,SI=F,₹/kg,Precious Metal
2025-04-21,32.49599838256836,32.78499984741211,32.49599838256836,32.650001525878906,56,85.62049865722656,89877.58,90249.2,89453.65,89453.65,0.002344235674513584,795.5500000000029,Silver,SI=F,₹/kg,Precious Metal
2025-04-22,32.880001068115234,32.880001068115234,32.880001068115234,32.880001068115234,1,85.15889739990234,90022.75,90022.75,90022.75,90022.75,0.006361953928095687,0.0,Silver,SI=F,₹/kg,Precious Metal
2025-04-23,33.518001556396484,33.54999923706055,33.518001556396484,33.54999923706055,52,85.2323989868164,91936.44,91936.44,91848.75,91848.75,0.020283761604705575,87.69000000000233,Silver,SI=F,₹/kg,Precious Metal
2025-04-24,33.481998443603516,33.481998443603516,33.32500076293945,33.32500076293945,93,85.4999008178711,91606.48,92038.05,91606.48,92038.05,0.002060997019556643,431.570000000007,Silver,SI=F,₹/kg,Precious Metal
2025-04-25,32.98899841308594,32.98899841308594,32.98899841308594,32.98899841308594,93,85.2573013305664,90425.55,90425.55,90425.55,90425.55,-0.017519927899385057,0.0,Silver,SI=F,₹/kg,Precious Metal
2025-04-28,32.9900016784668,32.9900016784668,32.9900016784668,32.9900016784668,38963,85.38490295410156,90563.64,90563.64,90563.64,90563.64,0.0015271126357538911,0.0,Silver,SI=F,₹/kg,Precious Metal
2025-04-29,33.275001525878906,33.51499938964844,32.81999969482422,33.095001220703125,9484,85.1603012084961,90612.9,91762.84,89859.95,91105.73,0.005985735555682048,1902.8899999999994,Silver,SI=F,₹/kg,Precious Metal
2025-04-30,32.53099822998047,32.9900016784668,32.1349983215332,32.88999938964844,622,85.1707992553711,90062.71,90336.55,87995.29,89079.66,-0.02223866709591149,2341.2600000000093,Silver,SI=F,₹/kg,Precious Metal
2025-05-01,32.18899917602539,32.55500030517578,31.684999465942383,32.54499816894531,556,84.53119659423828,88448.75,88475.93,86111.5,87481.24,-0.01794371464821487,2364.429999999993,Silver,SI=F,₹/kg,Precious Metal
2025-05-02,31.98900032043457,32.67499923706055,31.90999984741211,32.3849983215332,74,84.69670104980469,88186.24,88975.93,86892.79,87107.91,-0.0042675435327620415,2083.1399999999994,Silver,SI=F,₹/kg,Precious Metal
2025-05-05,32.20500183105469,32.47999954223633,31.915000915527344,31.920000076293945,224,84.52629852294922,86745.14,88266.99,86731.56,87519.66,0.004726895640131845,1535.4300000000076,Silver,SI=F,₹/kg,Precious Metal
2025-05-06,33.112998962402344,33.189998626708984,32.650001525878906,32.650001525878906,227,84.2208023071289,88408.29,89870.48,88408.29,89661.98,0.024478157250610755,1462.1900000000023,Silver,SI=F,₹/kg,Precious Metal
2025-05-07,32.53099822998047,32.80500030517578,32.19499969482422,32.80500030517578,253,84.79319763183594,89431.7,89431.7,87768.74,88684.73,-0.01089926856400003,1662.9599999999919,Silver,SI=F,₹/kg,Precious Metal
2025-05-08,32.37799835205078,32.44499969482422,32.275001525878906,32.275001525878906,526,84.81719970703125,88011.75,88475.32,88011.75,88292.61,-0.004421505258007774,463.570000000007,Silver,SI=F,₹/kg,Precious Metal
2025-05-09,32.67599868774414,32.72999954223633,32.67599868774414,32.67599868774414,7,86.08219909667969,90434.19,90583.64,90434.19,90434.19,0.024255484122623683,149.4499999999971,Silver,SI=F,₹/kg,Precious Metal
2025-05-12,32.38800048828125,32.8650016784668,31.93000030517578,32.584999084472656,90,85.4083023071289,89476.35,90245.21,87677.76,88935.4,-0.01657326725655428,2567.4500000000116,Silver,SI=F,₹/kg,Precious Metal
2025-05-13,32.86800003051758,33.20500183105469,32.80500030517578,33.20000076293945,28,84.9656982421875,90692.66,90706.33,89613.64,89785.74,0.009561322038243558,1092.6900000000023,Silver,SI=F,₹/kg,Precious Metal
2025-05-14,32.22600173950195,32.255001068115234,32.084999084472656,32.2400016784668,57,85.060302734375,88168.29,88209.31,87744.4,88130.0,-0.01844101301609813,464.9100000000035,Silver,SI=F,₹/kg,Precious Metal
2025-05-15,32.48099899291992,32.48099899291992,32.48099899291992,32.48099899291992,2,85.48760223388672,89273.58,89273.58,89273.58,89273.58,0.012976058095994558,0.0,Silver,SI=F,₹/kg,Precious Metal
2025-05-16,32.15800094604492,32.2400016784668,31.90999984741211,32.19499969482422,100,85.44490051269531,88443.31,88566.94,87660.39,88341.67,-0.010438810676126176,906.5500000000029,Silver,SI=F,₹/kg,Precious Metal
2025-05-19,32.3129997253418,32.56999969482422,32.209999084472656,32.439998626708984,217,85.50029754638672,89174.13,89531.49,88541.89,88825.02,0.005471370418965504,989.6000000000058,Silver,SI=F,₹/kg,Precious Metal
2025-05-20,32.97999954223633,33.064998626708984,32.06999969482422,32.119998931884766,35,85.37210083007812,88162.1,90755.91,88024.86,90522.61,0.01911161967652797,2731.050000000003,Silver,SI=F,₹/kg,Precious Metal
2025-05-21,33.4630012512207,33.57500076293945,33.04499816894531,33.04499816894531,217,85.53610229492188,90875.25,92332.78,90875.25,92024.78,0.016594417681947027,1457.5299999999988,Silver,SI=F,₹/kg,Precious Metal
2025-05-22,33.047000885009766,33.57500076293945,32.84000015258789,33.57500076293945,16,85.60030364990234,92402.08,92402.08,90379.28,90948.97,-0.011690438162416661,2022.800000000003,Silver,SI=F,₹/kg,Precious Metal
2025-05-23,33.44200134277344,33.53499984741211,33.099998474121094,33.099998474121094,44,85.97489929199219,91493.47,92695.88,91493.47,92438.81,0.016381054122987848,1202.4100000000035,Silver,SI=F,₹/kg,Precious Metal
2025-05-27,33.145999908447266,33.22999954223633,32.94499969482422,33.22999954223633,203,85.158203125,90980.28,90980.28,90199.98,90750.3,-0.018266245530421665,780.3000000000029,Silver,SI=F,₹/kg,Precious Metal
2025-05-28,33.0,33.14500045776367,32.95500183105469,33.14500045776367,656,85.3604965209961,90963.13,90963.13,90441.7,90565.19,-0.0020397728712742147,521.4300000000076,Silver,SI=F,₹/kg,Precious Metal
2025-05-29,33.28300094604492,33.439998626708984,32.65999984741211,32.90999984741211,686,85.38590240478516,90345.08,91800.04,89658.77,91369.04,0.00887592683237326,2141.2699999999895,Silver,SI=F,₹/kg,Precious Metal
2025-05-30,32.891998291015625,32.974998474121094,32.891998291015625,32.974998474121094,380,85.36129760742188,90497.43,90497.43,90269.64,90269.64,-0.012032522176001814,227.7899999999936,Silver,SI=F,₹/kg,Precious Metal
2025-06-02,34.5629997253418,34.790000915527344,33.45000076293945,33.45000076293945,188,85.52429962158203,91976.33,95660.89,91976.33,95036.71,0.05280922799736443,3684.5599999999977,Silver,SI=F,₹/kg,Precious Metal
2025-06-03,34.50299835205078,34.50299835205078,34.314998626708984,34.314998626708984,14,85.36370086669922,94177.61,94693.57,94177.61,94693.57,-0.003610604786297822,515.9600000000064,Silver,SI=F,₹/kg,Precious Metal
2025-06-04,34.51900100708008,34.51900100708008,34.38999938964844,34.38999938964844,164,85.70880126953125,94765.01,95120.49,94765.01,95120.49,0.00450843705649695,355.4800000000105,Silver,SI=F,₹/kg,Precious Metal
2025-06-05,35.68899917602539,36.025001525878906,35.29999923706055,35.30500030517578,55,85.9041976928711,97508.18,99496.73,97494.37,98568.74,0.03625139021045842,2002.3600000000006,Silver,SI=F,₹/kg,Precious Metal
2025-06-06,36.025001525878906,36.35499954223633,35.6349983215332,35.654998779296875,367,85.87750244140625,98444.23,100376.95,98389.01,99465.82,0.009101059828907188,1987.9400000000023,Silver,SI=F,₹/kg,Precious Metal
2025-06-09,36.6879997253418,36.6879997253418,36.6879997253418,36.6879997253418,28,85.7853012084961,101187.61,101187.61,101187.61,101187.61,0.0173103685265954,0.0,Silver,SI=F,₹/kg,Precious Metal
2025-06-10,36.54199981689453,36.54199981689453,36.45000076293945,36.459999084472656,133,85.75599670410156,100524.42,100750.51,100496.86,100750.51,-0.004319698824786999,253.64999999999418,Silver,SI=F,₹/kg,Precious Metal
2025-06-11,36.16600036621094,36.27000045776367,36.09000015258789,36.09000015258789,33,85.65280151367188,99384.55,99880.24,99384.55,99593.84,-0.01148053741861954,495.6900000000023,Silver,SI=F,₹/kg,Precious Metal
2025-06-12,36.2130012512207,36.2130012512207,35.7599983215332,35.7599983215332,51,85.46980285644531,98265.4,99510.21,98265.4,99510.21,-0.0008397105684446737,1244.8100000000122,Silver,SI=F,₹/kg,Precious Metal
2025-06-13,36.28099822998047,36.314998626708984,36.20000076293945,36.20500183105469,90,85.68840026855469,99742.68,100045.72,99728.9,99952.05,0.004440147397940297,316.820000000007,Silver,SI=F,₹/kg,Precious Metal
2025-06-16,36.37900161743164,36.37900161743164,36.25,36.25,6,86.24919891357422,100520.24,100877.96,100520.24,100877.96,0.009263541868325786,357.72000000000116,Silver,SI=F,₹/kg,Precious Metal
2025-06-17,37.09000015258789,37.255001068115234,36.810001373291016,36.810001373291016,60,86.10420227050781,101901.51,103133.41,101901.51,102676.63,0.01783015834182211,1231.9000000000087,Silver,SI=F,₹/kg,Precious Metal
2025-06-18,36.86600112915039,37.17499923706055,36.86600112915039,37.17499923706055,0,86.36270141601562,103220.89,103220.89,102362.92,102362.92,-0.0030553203781620297,857.9700000000012,Silver,SI=F,₹/kg,Precious Metal
2025-06-20,35.97600173950195,35.97600173950195,35.775001525878906,35.775001525878906,2,86.58380126953125,99587.94,100147.47,99587.94,100147.47,-0.02164309107243123,559.5299999999988,Silver,SI=F,₹/kg,Precious Metal
2025-06-23,36.15299987792969,36.165000915527344,36.15299987792969,36.15999984741211,7,86.5802993774414,100655.6,100669.52,100636.11,100636.11,0.00487920463692193,33.41000000000349,Silver,SI=F,₹/kg,Precious Metal
2025-06-24,35.70100021362305,35.83000183105469,35.599998474121094,35.83000183105469,10,86.23300170898438,99336.94,99336.94,98699.26,98979.29,-0.01646347419430272,637.6800000000076,Silver,SI=F,₹/kg,Precious Metal
2025-06-25,36.084999084472656,36.084999084472656,36.084999084472656,36.084999084472656,2,85.90480041503906,99663.14,99663.14,99663.14,99663.14,0.006909021068952859,0.0,Silver,SI=F,₹/kg,Precious Metal
2025-06-26,36.58599853515625,36.58599853515625,36.310001373291016,36.310001373291016,43116,86.006103515625,100402.83,101166.01,100402.83,101166.01,0.01507949679289644,763.179999999993,Silver,SI=F,₹/kg,Precious Metal
2025-06-27,36.0369987487793,36.63999938964844,35.6349983215332,36.560001373291016,7734,85.66639709472656,100694.82,100915.16,98147.15,99254.35,-0.01889626762980956,2768.0100000000093,Silver,SI=F,₹/kg,Precious Metal
2025-06-30,35.85200119018555,36.119998931884766,35.27000045776367,35.89500045776367,191,85.4552993774414,98619.64,99237.81,96902.48,98501.5,-0.007585057984864196,2335.3300000000017,Silver,SI=F,₹/kg,Precious Metal
2025-07-01,36.082000732421875,36.5,35.845001220703125,36.060001373291016,74,85.71399688720703,99372.89,100585.42,98780.4,99433.51,0.00946188636721268,1805.020000000004,Silver,SI=F,₹/kg,Precious Metal
2025-07-02,36.42599868774414,36.45000076293945,35.97999954223633,35.97999954223633,512,85.6427993774414,99070.06,100364.2,99070.06,100298.11,0.008695257765717113,1294.1399999999994,Silver,SI=F,₹/kg,Precious Metal
2025-07-03,36.784000396728516,36.939998626708984,36.349998474121094,36.40999984741211,0,85.69409942626953,100314.11,101774.32,100148.8,101344.53,0.010433097891874521,1625.520000000004,Silver,SI=F,₹/kg,Precious Metal
2025-07-04,36.775001525878906,36.775001525878906,36.775001525878906,36.775001525878906,0,85.31909942626953,100876.36,100876.36,100876.36,100876.36,-0.004619588250100892,0.0,Silver,SI=F,₹/kg,Precious Metal
2025-07-07,36.6150016784668,37.09000015258789,36.125,37.09000015258789,362,85.49629974365234,101951.73,101951.73,99299.17,100646.07,-0.0022828936333546546,2652.5599999999977,Silver,SI=F,₹/kg,Precious Metal
2025-07-08,36.47200012207031,36.685001373291016,36.2599983215332,36.685001373291016,463,85.89199829101562,101305.19,101305.19,100131.55,100716.99,0.0007046474840000094,1173.6399999999994,Silver,SI=F,₹/kg,Precious Metal
2025-07-09,36.35100173950195,36.3849983215332,36.27000045776367,36.3849983215332,34,85.7073974609375,100260.78,100260.78,99943.9,100167.11,-0.0054596548208997175,316.88000000000466,Silver,SI=F,₹/kg,Precious Metal
2025-07-10,37.03799819946289,37.40999984741211,36.63999938964844,36.63999938964844,746,85.70850372314453,100964.76,103086.56,100964.76,102061.48,0.01891209599638044,2121.800000000003,Silver,SI=F,₹/kg,Precious Metal
2025-07-11,38.67599868774414,38.93000030517578,37.45000076293945,37.45000076293945,687,85.73480224609375,103228.45,107307.97,103228.45,106607.83,0.04454520941691231,4079.520000000004,Silver,SI=F,₹/kg,Precious Metal
2025-07-14,38.46200180053711,39.13999938964844,38.36000061035156,39.099998474121094,103,85.82129669189453,107885.29,107995.66,105843.48,106124.92,-0.0045297798482532015,2152.1800000000076,Silver,SI=F,₹/kg,Precious Metal
2025-07-15,37.83399963378906,38.33000183105469,37.67499923706055,38.279998779296875,183,85.96839904785156,105803.78,105941.99,104131.6,104571.06,-0.014641801378978636,1810.3899999999994,Silver,SI=F,₹/kg,Precious Metal
2025-07-16,37.85300064086914,38.05500030517578,37.790000915527344,37.970001220703125,218,85.99310302734375,104977.12,105212.12,104479.47,104653.65,0.0007897978656810078,732.6499999999942,Silver,SI=F,₹/kg,Precious Metal
2025-07-17,38.055999755859375,38.19499969482422,37.84000015258789,37.84000015258789,147,85.88520050048828,104486.43,105466.68,104486.43,105082.86,0.004101242527136062,980.25,Silver,SI=F,₹/kg,Precious Metal
2025-07-18,38.222999572753906,38.51499938964844,38.222999572753906,38.51499938964844,52,86.04650115966797,106550.02,106550.02,105742.22,105742.22,0.0062746674386289225,807.8000000000029,Silver,SI=F,₹/kg,Precious Metal
2025-07-21,39.10100173950195,39.125,38.994998931884766,38.994998931884766,73,86.14859771728516,108005.92,108365.99,108005.92,108299.52,0.02418428514173443,360.070000000007,Silver,SI=F,₹/kg,Precious Metal
2025-07-22,39.31999969482422,39.35499954223633,38.915000915527344,38.915000915527344,67,86.19529724121094,107842.77,109062.12,107842.77,108965.12,0.006145918282924878,1219.3499999999913,Silver,SI=F,₹/kg,Precious Metal
2025-07-23,39.27799987792969,39.40999984741211,39.220001220703125,39.40999984741211,51,86.3427963256836,109401.42,109401.42,108873.99,109034.99,0.0006412143629082045,527.429999999993,Silver,SI=F,₹/kg,Precious Metal
2025-07-24,39.020999908447266,39.130001068115234,38.84000015258789,39.060001373291016,59,86.39869689941406,108500.04,108694.48,107888.92,108391.7,-0.005899849213541475,805.5599999999977,Silver,SI=F,₹/kg,Precious Metal
2025-07-25,38.16699981689453,38.93000030517578,38.040000915527344,38.93000030517578,7,86.4302978515625,108178.47,108178.47,105705.35,106058.25,-0.02152793986993462,2473.1199999999953,Silver,SI=F,₹/kg,Precious Metal
2025-07-28,38.0260009765625,38.189998626708984,38.02000045776367,38.130001068115234,154,86.506103515625,106048.37,106215.24,105742.43,105759.12,-0.0028204312252937402,472.8100000000122,Silver,SI=F,₹/kg,Precious Metal
2025-07-29,38.08399963378906,38.130001068115234,38.060001373291016,38.130001068115234,1109,86.77760314941406,106381.2,106381.2,106185.91,106252.86,0.004668533550581833,195.2899999999936,Silver,SI=F,₹/kg,Precious Metal
2025-07-30,37.566001892089844,38.165000915527344,36.775001525878906,38.165000915527344,352,87.06320190429688,106829.29,106829.29,102938.48,105152.61,-0.010355015384997612,3890.8099999999977,Silver,SI=F,₹/kg,Precious Metal
2025-07-31,36.551998138427734,36.84000015258789,36.551998138427734,36.84000015258789,89,87.714599609375,103891.96,103891.96,103079.77,103079.77,-0.019712682357575284,812.1900000000023,Silver,SI=F,₹/kg,Precious Metal
2025-08-01,36.7869987487793,36.7869987487793,36.345001220703125,36.345001220703125,95,87.4894027709961,102232.87,103476.15,102232.87,103476.15,0.00384537140507768,1243.2799999999988,Silver,SI=F,₹/kg,Precious Metal
2025-08-04,37.19200134277344,37.29999923706055,37.14500045776367,37.14500045776367,488,87.24530029296875,104191.63,104626.4,104191.63,104323.47,0.008188553594234094,434.7699999999895,Silver,SI=F,₹/kg,Precious Metal
2025-08-05,37.6870002746582,37.6870002746582,37.60499954223633,37.60499954223633,3,87.89330291748047,106265.38,106497.1,106265.38,106497.1,0.020835484095764967,231.72000000000116,Silver,SI=F,₹/kg,Precious Metal
2025-08-06,37.76599884033203,37.76599884033203,37.7599983215332,37.7599983215332,6,87.72309875488281,106496.75,106513.68,106496.75,106513.68,0.00015568499048312923,16.929999999993015,Silver,SI=F,₹/kg,Precious Metal
2025-08-07,38.15800094604492,38.375,38.15800094604492,38.33000183105469,130,87.76249694824219,108152.92,108279.89,107667.6,107667.6,0.010833538001879361,612.2899999999936,Silver,SI=F,₹/kg,Precious Metal
2025-08-08,38.41699981689453,38.619998931884766,38.38999938964844,38.48500061035156,54,87.43319702148438,108182.82,108562.3,107915.77,107991.67,0.003009911988379077,646.5299999999988,Silver,SI=F,₹/kg,Precious Metal
2025-08-11,37.6619987487793,38.040000915527344,37.6619987487793,38.040000915527344,35,87.48829650878906,106999.29,106999.29,105936.05,105936.05,-0.01903498667999115,1063.2399999999907,Silver,SI=F,₹/kg,Precious Metal
2025-08-12,37.89899826049805,37.89899826049805,37.55500030517578,37.55500030517578,19,87.66449737548828,105847.83,106817.38,105847.83,106817.38,0.008319453104018937,969.5500000000029,Silver,SI=F,₹/kg,Precious Metal
2025-08-13,38.499000549316406,38.505001068115234,38.45000076293945,38.45000076293945,8,87.59559631347656,108285.19,108440.08,108285.19,108423.19,0.015033227738781907,154.88999999999942,Silver,SI=F,₹/kg,Precious Metal
2025-08-14,37.981998443603516,37.981998443603516,37.981998443603516,37.981998443603516,5,87.44999694824219,106789.37,106789.37,106789.37,106789.37,-0.01506891652975717,0.0,Silver,SI=F,₹/kg,Precious Metal
2025-08-15,37.89400100708008,37.89400100708008,37.880001068115234,37.880001068115234,2,87.69180297851562,106797.09,106836.56,106797.09,106836.56,0.00044189791549476,39.470000000001164,Silver,SI=F,₹/kg,Precious Metal
2025-08-18,37.95100021362305,37.95100021362305,37.95100021362305,37.95100021362305,3,87.51280212402344,106778.85,106778.85,106778.85,106778.85,-0.0005401708928104432,0.0,Silver,SI=F,₹/kg,Precious Metal
2025-08-19,37.26100158691406,37.30500030517578,37.20500183105469,37.30500030517578,10,87.29509735107422,104700.16,104700.16,104419.5,104576.67,-0.020623747118460378,280.6600000000035,Silver,SI=F,₹/kg,Precious Metal
2025-08-20,37.70500183105469,37.744998931884766,37.70500183105469,37.744998931884766,2,87.0791015625,105672.94,105672.94,105560.96,105560.96,0.009412137525511177,111.97999999999593,Silver,SI=F,₹/kg,Precious Metal
2025-08-21,38.027000427246094,38.027000427246094,38.027000427246094,38.027000427246094,28,87.01820373535156,106387.99,106387.99,106387.99,106387.99,0.007834619920091601,0.0,Silver,SI=F,₹/kg,Precious Metal
2025-08-22,39.00299835205078,39.00299835205078,39.00299835205078,39.00299835205078,2,87.29340362548828,109463.63,109463.63,109463.63,109463.63,0.028909654181830113,0.0,Silver,SI=F,₹/kg,Precious Metal
2025-08-25,38.676998138427734,38.790000915527344,38.5099983215332,38.76499938964844,344,87.3301010131836,108841.41,108911.61,108125.44,108594.33,-0.007941450507351178,786.1699999999983,Silver,SI=F,₹/kg,Precious Metal
2025-08-26,38.582000732421875,38.582000732421875,38.525001525878906,38.525001525878906,78,87.60859680175781,108512.51,108673.06,108512.51,108673.06,0.0007249918112666176,160.5500000000029,Silver,SI=F,₹/kg,Precious Metal
2025-08-27,38.68899917602539,38.68899917602539,38.68899917602539,38.68899917602539,38378,87.60070037841797,108964.62,108964.62,108964.62,108964.62,0.002682909637402364,0.0,Silver,SI=F,₹/kg,Precious Metal
2025-08-28,39.189998626708984,39.334999084472656,38.68000030517578,38.689998626708984,5603,87.65910339355469,109040.08,110857.89,109011.9,110449.23,0.013624697631212879,1845.9900000000052,Silver,SI=F,₹/kg,Precious Metal
2025-08-29,40.20000076293945,40.30500030517578,38.904998779296875,39.154998779296875,0,87.5916976928711,110265.74,113504.3,109561.71,113208.6,0.024983152892962712,3942.5899999999965,Silver,SI=F,₹/kg,Precious Metal
2025-09-02,41.07099914550781,41.34000015258789,40.185001373291016,40.185001373291016,820,88.00140380859375,113695.69,116963.54,113695.69,116202.45,0.026445429057509795,3267.8499999999913,Silver,SI=F,₹/kg,Precious Metal
2025-09-03,41.54199981689453,41.71500015258789,41.01499938964844,41.150001525878906,409,87.99829864501953,116421.87,118020.37,116039.92,117530.91,0.011432289078242341,1980.449999999997,Silver,SI=F,₹/kg,Precious Metal
2025-09-04,40.9109992980957,41.05500030517578,40.79999923706055,41.029998779296875,249,88.072998046875,116180.89,116251.69,115529.63,115843.93,-0.01435350070887742,722.0599999999977,Silver,SI=F,₹/kg,Precious Metal
2025-09-05,41.07400131225586,41.53499984741211,40.869998931884766,40.959999084472656,835,88.19290161132812,116140.58,117770.98,115885.39,116463.83,0.005351165140892622,1885.5899999999965,Silver,SI=F,₹/kg,Precious Metal
2025-09-08,41.42599868774414,41.779998779296875,41.150001525878906,41.150001525878906,531,88.1863021850586,116670.6,118456.8,116670.6,117453.12,0.008494396929930925,1786.199999999997,Silver,SI=F,₹/kg,Precious Metal
2025-09-09,40.87799835205078,41.56999969482422,40.87799835205078,41.56999969482422,359,87.98049926757812,117586.34,117586.34,115628.92,115628.92,-0.015531303042439326,1957.4199999999983,Silver,SI=F,₹/kg,Precious Metal
2025-09-10,41.132999420166016,41.132999420166016,41.132999420166016,41.132999420166016,350,88.21829986572266,116664.71,116664.71,116664.71,116664.71,0.008957880087438364,0.0,Silver,SI=F,₹/kg,Precious Metal
2025-09-11,41.696998596191406,41.7400016784668,41.349998474121094,41.35499954223633,538,88.05339813232422,117075.11,118165.04,117060.95,118043.3,0.01181668389695556,1104.0899999999965,Silver,SI=F,₹/kg,Precious Metal
2025-09-12,42.387001037597656,42.387001037597656,41.599998474121094,41.599998474121094,18,88.2676010131836,118055.19,120288.59,118055.19,120288.59,0.01902090165219028,2233.399999999994,Silver,SI=F,₹/kg,Precious Metal
2025-09-15,42.516998291015625,42.58000183105469,42.209999084472656,42.209999084472656,48,88.27729797363281,119799.45,120849.58,119799.45,120670.76,0.0031771093168520004,1050.1300000000047,Silver,SI=F,₹/kg,Precious Metal
2025-09-16,42.47100067138672,42.47100067138672,42.435001373291016,42.47100067138672,894,88.12349700927734,120330.2,120330.2,120228.21,120330.2,-0.002822224704642551,101.98999999999069,Silver,SI=F,₹/kg,Precious Metal
2025-09-17,41.72200012207031,41.935001373291016,41.72200012207031,41.88999938964844,311,87.88459777832031,118362.34,118489.5,117887.65,117887.65,-0.02029872800011967,601.8500000000058,Silver,SI=F,₹/kg,Precious Metal
2025-09-18,41.707000732421875,41.709999084472656,41.494998931884766,41.70000076293945,156,87.91069793701172,117860.49,117888.74,117281.07,117880.27,-6.260197739105244e-05,607.6699999999983,Silver,SI=F,₹/kg,Precious Metal
2025-09-19,42.5359992980957,42.8650016784668,41.814998626708984,41.915000915527344,625,88.20690155029297,118867.32,121561.44,118583.72,120628.42,0.02331306163448721,2977.720000000001,Silver,SI=F,₹/kg,Precious Metal
2025-09-22,43.79899978637695,43.91999816894531,43.29999923706055,43.66999816894531,179,88.09919738769531,123693.12,124401.24,122645.12,124058.51,0.028435173071155173,1756.12000000001,Silver,SI=F,₹/kg,Precious Metal
2025-09-23,44.19200134277344,44.29999923706055,43.70000076293945,43.900001525878906,400,88.30439758300781,124634.22,125769.83,124066.41,125463.22,0.011322963656423157,1703.4199999999983,Silver,SI=F,₹/kg,Precious Metal
2025-09-24,43.777000427246094,44.185001373291016,43.70000076293945,44.11000061035156,174,88.80799865722656,125944.61,126158.75,124773.96,124993.81,-0.003741415213159738,1384.7899999999936,Silver,SI=F,₹/kg,Precious Metal
2025-09-25,44.696998596191406,45.0,43.78499984741211,43.790000915527344,199,88.77860260009766,124989.55,128443.24,124975.27,127578.38,0.020677583953957468,3467.970000000001,Silver,SI=F,₹/kg,Precious Metal
2025-09-26,46.22100067138672,46.22100067138672,44.869998931884766,44.875,556,88.77310180664062,128078.52,131920.16,128064.24,131920.16,0.03403225530846221,3855.9199999999983,Silver,SI=F,₹/kg,Precious Metal
2025-09-29,46.61199951171875,46.875,46.09000015258789,46.13999938964844,622,88.67680358886719,131546.12,133641.62,131403.57,132891.8,0.007365364020176957,2238.0499999999884,Silver,SI=F,₹/kg,Precious Metal
2025-09-30,46.25299835205078,46.959999084472656,45.96500015258789,46.935001373291016,338,88.70449829101562,133854.48,133925.77,131088.12,131909.47,-0.007391953453862343,2837.649999999994,Silver,SI=F,₹/kg,Precious Metal
2025-10-01,47.290000915527344,47.5099983215332,46.790000915527344,47.345001220703125,125,88.8406982421875,135231.08,135702.36,133645.84,135073.99,0.023990089566730877,2056.5199999999895,Silver,SI=F,₹/kg,Precious Metal
2025-10-02,46.0,47.244998931884766,45.3849983215332,46.970001220703125,509,88.68299865722656,133921.83,134705.91,129402.64,131156.14,-0.029005214105246924,5303.270000000004,Silver,SI=F,₹/kg,Precious Metal
2025-10-03,47.59700012207031,47.59700012207031,47.59700012207031,47.59700012207031,53,88.72019958496094,135766.47,135766.47,135766.47,135766.47,0.0351514614565509,0.0,Silver,SI=F,₹/kg,Precious Metal
2025-10-06,48.082000732421875,48.082000732421875,47.89500045776367,47.89500045776367,60,88.73509979248047,136639.43,137172.93,136639.43,137172.93,0.010359406118461978,533.5,Silver,SI=F,₹/kg,Precious Metal
2025-10-07,47.17900085449219,47.849998474121094,47.029998779296875,47.41999816894531,708,88.72109985351562,135262.96,136489.51,134150.51,134575.53,-0.01893522286066207,2339.0,Silver,SI=F,₹/kg,Precious Metal
2025-10-08,48.65599822998047,48.65599822998047,47.88999938964844,47.88999938964844,149,88.74259948730469,136636.71,138822.21,136636.71,138822.21,0.03155610830587108,2185.5,Silver,SI=F,₹/kg,Precious Metal
2025-10-09,46.849998474121094,49.4900016784668,46.73500061035156,47.92499923706055,1568,88.7771987915039,136789.89,141256.79,133393.33,133721.57,-0.036742247512123516,7863.460000000021,Silver,SI=F,₹/kg,Precious Metal
2025-10-10,46.9379997253418,48.290000915527344,46.93000030517578,46.93000030517578,453,88.86540222167969,134082.99,137968.63,134082.99,134105.85,0.002873732338021462,3885.640000000014,Silver,SI=F,₹/kg,Precious Metal
2025-10-13,50.130001068115234,50.494998931884766,49.34000015258789,49.34000015258789,453,88.7573013305664,140797.09,144093.0,140797.09,143051.44,0.06670544200719064,3295.9100000000035,Silver,SI=F,₹/kg,Precious Metal
2025-10-14,50.31399917602539,51.98500061035156,48.53499984741211,51.2599983215332,249,88.66510009765625,146124.06,148190.78,138356.06,143427.35,0.0026277959872336165,9834.720000000001,Silver,SI=F,₹/kg,Precious Metal
2025-10-15,51.073001861572266,51.57500076293945,50.845001220703125,50.939998626708984,102,88.78250122070312,145404.13,147216.69,145132.97,145783.78,0.01642943274068709,2083.720000000001,Silver,SI=F,₹/kg,Precious Metal
2025-10-16,53.02299880981445,53.10499954223633,51.78499984741211,52.5099983215332,356,87.80950164794922,148242.92,149922.69,146196.15,149691.19,0.02680277600155523,3726.540000000008,Silver,SI=F,₹/kg,Precious Metal
2025-10-17,49.86399841308594,53.34000015258789,49.64500045776367,53.21500015258789,400,87.9906997680664,150543.24,150896.87,140443.85,141063.39,-0.057637326552083534,10453.01999999999,Silver,SI=F,₹/kg,Precious Metal
2025-10-20,51.11899948120117,51.43000030517578,50.13999938964844,50.415000915527344,652,88.0022964477539,142640.95,145512.72,141862.88,144632.8,0.025303588691580226,3649.8399999999965,Silver,SI=F,₹/kg,Precious Metal
2025-10-21,47.45000076293945,50.80500030517578,47.415000915527344,50.80500030517578,329,87.87999725341797,143544.62,143544.62,133966.51,134065.39,-0.0730637172204367,9578.109999999986,Silver,SI=F,₹/kg,Precious Metal
2025-10-22,47.46099853515625,48.1150016784668,47.220001220703125,47.88999938964844,347,88.00160217285156,135495.8,136132.41,133600.17,134282.03,0.001615927869228484,2532.2399999999907,Silver,SI=F,₹/kg,Precious Metal
2025-10-23,48.481998443603516,48.90999984741211,48.459999084472656,48.470001220703125,507,87.74030303955078,136729.62,137970.81,136701.4,136763.46,0.018479241042155703,1269.4100000000035,Silver,SI=F,₹/kg,Precious Metal
2025-10-24,48.37699890136719,48.43000030517578,47.42499923706055,47.42499923706055,270,87.77899932861328,133840.76,136677.03,133840.76,136527.45,-0.0017256802365192003,2836.2699999999895,Silver,SI=F,₹/kg,Precious Metal
2025-10-27,46.5620002746582,47.810001373291016,45.845001220703125,47.810001373291016,161,87.8290023803711,135004.16,135004.16,129455.46,131480.1,-0.036969488553400875,5548.699999999997,Silver,SI=F,₹/kg,Precious Metal
2025-10-28,47.125,47.125,46.32500076293945,46.32500076293945,59,88.22209930419922,131396.34,133665.46,131396.34,133665.46,0.01662122252721132,2269.1199999999953,Silver,SI=F,₹/kg,Precious Metal
2025-10-29,47.72100067138672,47.72100067138672,47.72100067138672,47.72100067138672,545,88.22550201416016,135361.17,135361.17,135361.17,135361.17,0.012686224249705447,0.0,Silver,SI=F,₹/kg,Precious Metal
2025-10-30,48.428001403808594,48.61000061035156,47.1349983215332,47.540000915527344,370,88.34559631347656,135031.32,138070.52,133880.97,137553.58,0.01619674238926838,4189.549999999988,Silver,SI=F,₹/kg,Precious Metal
2025-10-31,47.99399948120117,48.68000030517578,47.99399948120117,48.439998626708984,484,88.6344985961914,138037.58,138721.51,136766.64,136766.64,-0.005720970693746885,1954.8699999999953,Silver,SI=F,₹/kg,Precious Metal
2025-11-03,47.88800048828125,48.349998474121094,47.82500076293945,47.82500076293945,0,88.77539825439453,136501.7,138000.14,136501.7,136681.51,-0.0006224471113716046,1498.4400000000023,Silver,SI=F,₹/kg,Precious Metal
2025-11-04,47.130001068115234,47.130001068115234,46.80500030517578,46.92499923706055,115,88.72339630126953,133854.47,134439.24,133512.17,134439.24,-0.016405071907678037,927.0699999999779,Silver,SI=F,₹/kg,Precious Metal
2025-11-05,47.862998962402344,47.880001068115234,47.560001373291016,47.560001373291016,23,88.73200225830078,135678.98,136591.87,135678.98,136543.37,0.015651159587037222,912.8899999999849,Silver,SI=F,₹/kg,Precious Metal
2025-11-06,47.79399871826172,47.79399871826172,47.79399871826172,47.79399871826172,86,88.55690002441406,136077.46,136077.46,136077.46,136077.46,-0.0034121759262276674,0.0,Silver,SI=F,₹/kg,Precious Metal
2025-11-07,48.016998291015625,48.040000915527344,48.01499938964844,48.029998779296875,23,88.6729965209961,136928.67,136957.19,136885.91,136891.61,0.005982989394422766,71.27999999999884,Silver,SI=F,₹/kg,Precious Metal
2025-11-10,50.176998138427734,50.176998138427734,49.5,49.5,91,88.65799713134766,141095.63,143025.35,141095.63,143025.35,0.0448072748943491,1929.7200000000012,Silver,SI=F,₹/kg,Precious Metal
2025-11-11,50.61800003051758,50.85499954223633,50.43000030517578,50.43000030517578,106,88.70709991455078,143826.13,145038.22,143826.13,144362.3,0.009347643617023005,1212.0899999999965,Silver,SI=F,₹/kg,Precious Metal
2025-11-12,53.332000732421875,53.5,51.25,51.25,20,88.46649932861328,145768.32,152167.9,145768.32,151690.07,0.05075958196842256,6399.579999999987,Silver,SI=F,₹/kg,Precious Metal
2025-11-13,53.07400131225586,54.20000076293945,52.65999984741211,52.93000030517578,264,88.59400177001953,150763.65,154381.07,149994.59,151173.82,-0.0034033209952372134,4386.4800000000105,Silver,SI=F,₹/kg,Precious Metal
2025-11-14,50.59000015258789,53.099998474121094,50.244998931884766,53.099998474121094,73,88.81610107421875,151627.04,151627.04,143474.59,144459.74,-0.04441298103071034,8152.450000000012,Silver,SI=F,₹/kg,Precious Metal
2025-11-17,50.625,50.75,49.665000915527344,50.75,71,88.68199920654297,144697.81,144697.81,141604.27,144341.41,-0.0008191209536995148,3093.540000000008,Silver,SI=F,₹/kg,Precious Metal
2025-11-18,50.45000076293945,50.91999816894531,49.23500061035156,49.33000183105469,384,88.63590240478516,140576.02,145107.04,140305.29,143767.69,-0.003974742937595033,4801.75,Silver,SI=F,₹/kg,Precious Metal
2025-11-19,50.790000915527344,51.75,50.42499923706055,51.599998474121094,72,88.55680084228516,146913.61,147340.69,143568.2,144607.42,0.005840881216078619,3772.4899999999907,Silver,SI=F,₹/kg,Precious Metal
2025-11-20,50.24700164794922,50.349998474121094,50.005001068115234,50.349998474121094,10,88.48719787597656,143241.99,143241.99,142260.5,142948.97,-0.011468636948228639,981.4899999999907,Silver,SI=F,₹/kg,Precious Metal
2025-11-21,49.87300109863281,49.94499969482422,48.125,49.849998474121094,22,88.69219970703125,142148.08,142418.98,137229.22,142213.68,-0.005143723665864908,5189.760000000009,Silver,SI=F,₹/kg,Precious Metal
2025-11-24,50.29499816894531,50.29499816894531,49.595001220703125,49.595001220703125,35,89.63400268554688,142922.67,144939.92,142922.67,144939.92,0.01917002639971077,2017.25,Silver,SI=F,₹/kg,Precious Metal
2025-11-25,50.933998107910156,51.130001068115234,50.814998626708984,50.845001220703125,49588,89.14779663085938,145730.12,146546.97,145644.12,145985.2,0.007211815764766483,902.8500000000058,Silver,SI=F,₹/kg,Precious Metal
2025-11-26,52.91600036621094,53.095001220703125,50.959999084472656,51.10499954223633,14378,89.15059661865234,146479.91,152183.76,146064.31,151670.7,0.0389457287451056,6119.450000000012,Silver,SI=F,₹/kg,Precious Metal
2025-11-28,56.44599914550781,56.45500183105469,52.54999923706055,53.07500076293945,2541,89.36479949951172,152491.95,162203.17,150983.55,162177.31,0.06927250945634178,11219.620000000024,Silver,SI=F,₹/kg,Precious Metal
2025-12-01,58.417999267578125,58.474998474121094,56.13999938964844,56.220001220703125,994,89.3499984741211,161501.23,167979.08,161271.41,167815.34,0.03476460424704286,6707.669999999984,Silver,SI=F,₹/kg,Precious Metal
2025-12-02,57.983001708984375,58.459999084472656,56.58000183105469,57.66999816894531,392,89.61270141601562,166153.67,168429.75,163013.27,167055.47,-0.004528012754972166,5416.4800000000105,Silver,SI=F,₹/kg,Precious Metal
2025-12-03,57.92100143432617,58.900001525878906,57.650001525878906,58.78499984741211,264,89.91719818115234,169941.61,170274.07,166660.44,167443.87,0.0023249762489070402,3613.6300000000047,Silver,SI=F,₹/kg,Precious Metal
2025-12-04,56.84700012207031,58.29999923706055,56.29999923706055,58.29999923706055,335,90.17050170898438,169014.31,169014.31,163216.22,164802.0,-0.015777645368564408,5798.0899999999965,Silver,SI=F,₹/kg,Precious Metal
2025-12-05,58.422000885009766,58.470001220703125,56.834999084472656,56.834999084472656,284,89.8364028930664,164156.71,168879.09,164156.71,168740.45,0.02389807162534452,4722.380000000005,Silver,SI=F,₹/kg,Precious Metal
2025-12-08,57.77899932861328,58.34000015258789,57.52000045776367,58.209999084472656,518,89.93800354003906,168318.27,168694.18,166323.09,167072.01,-0.009887611417416564,2371.0899999999965,Silver,SI=F,₹/kg,Precious Metal
2025-12-09,60.16899871826172,60.52000045776367,57.6150016784668,57.6150016784668,324,90.12999725341795,166953.44,175371.38,166953.44,174354.26,0.04358749260274064,8417.940000000002,Silver,SI=F,₹/kg,Precious Metal
2025-12-10,60.37900161743164,61.529998779296875,60.1150016784668,60.56999969482422,462,89.91690063476562,175101.28,177876.54,173785.94,174549.13,0.0011176669844488174,4090.600000000006,Silver,SI=F,₹/kg,Precious Metal
2025-12-11,63.92900085449219,63.92900085449219,61.875,61.974998474121094,408,89.79299926757812,178916.11,184557.13,178627.42,184557.13,0.057336292652962584,5929.709999999992,Silver,SI=F,₹/kg,Precious Metal
2025-12-12,61.36199951171875,63.55500030517578,60.665000915527344,63.06999969482422,435,90.25299835205078,183010.03,184417.36,176031.46,178053.93,-0.035236785487507416,8385.899999999994,Silver,SI=F,₹/kg,Precious Metal
2025-12-15,62.939998626708984,62.95000076293945,61.22999954223633,61.22999954223633,387,90.5770034790039,178308.74,183317.58,178308.74,183288.46,0.029398564805618088,5008.8399999999965,Silver,SI=F,₹/kg,Precious Metal
2025-12-16,62.70000076293945,63.0,62.540000915527344,62.665000915527344,70,90.7769012451172,182890.37,183868.08,182525.55,182992.52,-0.001614613380460539,1342.5299999999988,Silver,SI=F,₹/kg,Precious Metal
2025-12-17,66.23699951171875,66.4749984741211,65.08999633789062,65.27999877929688,233,90.94889831542967,190883.33,194377.6,190327.75,193681.67,0.05841304333095154,4049.850000000006,Silver,SI=F,₹/kg,Precious Metal
2025-12-18,64.59200286865234,65.7750015258789,64.27999877929688,65.7750015258789,118,90.4136962890625,191198.96,191198.96,186853.19,187760.14,-0.030573517876007594,4345.7699999999895,Silver,SI=F,₹/kg,Precious Metal
2025-12-19,66.84500122070312,66.84500122070312,66.48500061035156,66.49500274658203,144,90.25579833984376,192954.34,193969.96,192925.32,193969.96,0.0330731538653517,1044.6399999999849,Silver,SI=F,₹/kg,Precious Metal
2025-12-22,67.90599822998047,68.86499786376953,67.00499725341797,67.00499725341797,130,89.56999969482422,192956.85,198313.16,192956.85,195551.5,0.00815353057762147,5356.309999999998,Silver,SI=F,₹/kg,Precious Metal
2025-12-23,70.48500061035156,70.57499694824219,69.07499694824219,69.08000183105469,40,89.60389709472656,199007.6,203314.43,198993.19,203055.16,0.03837178441484723,4321.239999999991,Silver,SI=F,₹/kg,Precious Metal
2025-12-24,71.03099822998047,71.51499938964844,71.0,71.51499938964844,35,89.50789642333984,205801.68,205801.68,204319.65,204408.85,0.006666612165876495,1482.0299999999988,Silver,SI=F,₹/kg,Precious Metal
2025-12-26,76.48600006103516,78.83999633789062,73.73500061035156,74.5,140,90.10590362548828,215824.11,228396.94,213607.93,221577.49,0.08399166670131941,14789.01000000001,Silver,SI=F,₹/kg,Precious Metal
2025-12-29,69.85600280761719,79.69999694824219,69.85600280761719,79.69999694824219,1608,89.82929992675781,230179.56,230179.56,201749.37,201749.37,-0.089486165765304,28430.190000000002,Silver,SI=F,₹/kg,Precious Metal
2025-12-30,77.3740005493164,77.41000366210938,70.5,71.33000183105469,992,89.9000015258789,206168.53,223741.85,203769.53,223637.79,0.10849312689303581,19972.320000000007,Silver,SI=F,₹/kg,Precious Metal
2025-12-31,70.13400268554688,74.625,70.13400268554688,74.6050033569336,343,89.76940155029297,215321.16,215378.88,202417.19,202417.19,-0.09488825658668876,12961.690000000002,Silver,SI=F,₹/kg,Precious Metal
2026-01-02,70.55599975585938,73.58999633789062,70.55599975585938,71.375,602,89.96189880371094,206440.63,212847.14,204071.8,204071.8,0.008174256346508812,8775.340000000026,Silver,SI=F,₹/kg,Precious Metal
2026-01-05,76.16400146484375,76.81999969482422,73.90499877929688,74.17500305175781,883,90.00700378417969,214646.75,222300.81,213865.41,220402.49,0.08002423656771795,8435.399999999994,Silver,SI=F,₹/kg,Precious Metal
2026-01-06,80.52999877929688,80.8550033569336,75.93000030517578,75.93000030517578,580,90.23300170898438,220277.04,234564.74,220277.04,233621.89,0.059978451241635256,14287.699999999983,Silver,SI=F,₹/kg,Precious Metal
2026-01-07,77.13500213623047,80.9000015258789,75.875,80.9000015258789,2093,90.16609954833984,234521.27,234521.27,219954.28,223606.91,-0.04286832881970093,14566.98999999999,Silver,SI=F,₹/kg,Precious Metal
2026-01-08,74.71600341796875,76.56999969482422,73.16500091552734,76.56999969482422,1447,89.8644027709961,221226.31,221226.31,211388.57,215869.74,-0.03460165877700294,9837.73999999999,Silver,SI=F,₹/kg,Precious Metal
2026-01-09,78.88400268554688,79.9749984741211,76.69999694824219,76.69999694824219,254,89.90540313720703,221703.0,231169.46,221703.0,228015.92,0.05626624648734935,9466.459999999992,Silver,SI=F,₹/kg,Precious Metal
2026-01-12,84.61000061035156,85.82499694824219,82.0,82.0,575,90.23600006103516,237894.35,248991.24,237894.35,245466.35,0.07653162989671936,11096.889999999985,Silver,SI=F,₹/kg,Precious Metal
2026-01-13,85.87699890136719,88.61000061035156,84.58999633789062,84.90499877929688,341,90.13269805908205,246040.2,256776.66,245127.37,248856.89,0.013812646825114738,11649.290000000008,Silver,SI=F,₹/kg,Precious Metal
2026-01-14,90.86900329589844,93.0,88.70500183105469,89.3499984741211,470,90.27300262451172,259324.09,269917.64,257452.1,263732.76,0.05977680585817824,12465.540000000008,Silver,SI=F,₹/kg,Precious Metal
2026-01-15,91.8759994506836,92.41999816894531,86.12999725341797,90.82499694824219,390,90.18319702148438,263342.8,267967.43,249729.87,266390.13,0.010075995109595004,18237.559999999998,Silver,SI=F,₹/kg,Precious Metal
2026-01-16,88.09100341796875,90.92500305175781,86.19499969482422,90.44000244140625,685,90.36160278320312,262745.28,264154.3,250412.75,255920.99,-0.039300029621968435,13741.549999999988,Silver,SI=F,₹/kg,Precious Metal
2026-01-20,94.20600128173828,94.98999786376953,92.05999755859375,92.31999969482422,543,90.90450286865234,269818.44,277621.89,269058.54,275330.55,0.07584200108009886,8563.350000000035,Silver,SI=F,₹/kg,Precious Metal
2026-01-21,92.20999908447266,94.52999877929688,91.58999633789062,93.88500213623047,231,91.11840057373048,275038.03,276927.56,268314.76,270131.07,-0.01888450083000226,8612.799999999988,Silver,SI=F,₹/kg,Precious Metal
2026-01-22,95.97599792480469,95.9800033569336,92.4800033569336,92.83499908447266,548,91.53690338134766,273211.13,282466.8,272166.39,282455.01,0.045622075239253324,10300.409999999974,Silver,SI=F,₹/kg,Precious Metal
2026-01-23,100.92500305175781,102.92500305175781,97.7300033569336,98.2699966430664,283,91.55829620361328,289273.78,302976.56,287684.23,297089.23,0.05181079988632509,15292.330000000016,Silver,SI=F,₹/kg,Precious Metal
2026-01-26,115.08000183105469,117.19499969482422,103.22000122070312,105.04499816894531,537,91.5009994506836,309023.6,344766.73,303654.79,338544.79,0.13953908729710607,41111.94,Silver,SI=F,₹/kg,Precious Metal
2026-01-27,105.52300262451172,110.5199966430664,103.0999984741211,104.4000015258789,131,91.71309661865234,307838.05,325883.71,304004.81,311149.37,-0.08092110943429376,21878.900000000023,Silver,SI=F,₹/kg,Precious Metal
2026-01-28,113.11100006103516,114.57499694824219,112.73500061035156,114.57499694824219,1436,91.5343017578125,337181.83,337181.83,331766.92,332873.44,0.06981878189243962,5414.910000000033,Silver,SI=F,₹/kg,Precious Metal
2026-01-29,114.03700256347656,121.30000305175781,107.97000122070312,116.88999938964844,1261,92.04080200195312,345898.11,358948.08,319502.26,337455.59,0.013765441904887377,39445.82000000001,Silver,SI=F,₹/kg,Precious Metal
2026-01-30,78.29000091552734,117.79000091552734,76.0250015258789,116.86499786376953,841,91.78189849853516,344851.35,347580.89,224338.55,231022.23,-0.3153996056192164,123242.34000000003,Silver,SI=F,₹/kg,Precious Metal
2026-02-02,76.77799987792969,84.38999938964844,73.36000061035156,81.0,388,91.68699645996094,238771.89,248764.93,216250.69,226326.27,-0.02032687503709063,32514.23999999999,Silver,SI=F,₹/kg,Precious Metal
2026-02-03,83.04199981689453,88.19499969482422,80.0,80.125,840,90.24559783935548,232479.41,255894.19,232116.73,240942.97,0.06458242783747559,23777.459999999992,Silver,SI=F,₹/kg,Precious Metal
2026-02-04,84.16500091552734,90.9749984741211,83.625,87.11000061035156,158,90.4228973388672,253242.66,264478.83,243111.21,244681.08,0.015514501211635112,21367.620000000024,Silver,SI=F,₹/kg,Precious Metal
2026-02-05,76.52899932861328,88.44000244140625,71.08000183105469,88.44000244140625,422,90.125,256262.14,256262.14,205960.12,221749.04,-0.09372216274343725,50302.02000000002,Silver,SI=F,₹/kg,Precious Metal
2026-02-06,76.73500061035156,77.31999969482422,68.70999908447266,70.40499877929688,118,90.3147964477539,204433.86,224512.84,199512.12,222814.19,0.00480340298203763,25000.72,Silver,SI=F,₹/kg,Precious Metal
2026-02-09,82.06500244140625,82.06500244140625,79.9800033569336,80.50499725341797,443,90.58799743652344,234468.19,239011.65,232939.16,239011.65,0.07269492127049904,6072.489999999991,Silver,SI=F,₹/kg,Precious Metal
2026-02-10,80.21800231933594,81.67500305175781,79.83999633789062,81.67500305175781,112,90.8227996826172,238492.36,238492.36,233134.11,234237.9,-0.019972875799150414,5358.25,Silver,SI=F,₹/kg,Precious Metal
2026-02-11,83.75399780273438,84.47000122070312,80.98500061035156,80.99500274658203,11,90.58789825439452,235895.06,246015.87,235865.93,243930.53,0.0413794266427423,10149.940000000002,Silver,SI=F,₹/kg,Precious Metal
2026-02-12,75.5459976196289,82.69499969482422,75.5459976196289,82.68499755859375,78,90.73570251464844,241210.03,241239.21,220384.02,220384.02,-0.0965295733994429,20855.190000000002,Silver,SI=F,₹/kg,Precious Metal
2026-02-13,77.85099792480469,78.47000122070312,74.83000183105469,75.11000061035156,63,90.56410217285156,218697.73,228481.05,217882.46,226678.69,0.02856227960629809,10598.589999999997,Silver,SI=F,₹/kg,Precious Metal
2026-02-17,73.4469985961914,75.3499984741211,72.0,75.3499984741211,61,90.78299713134766,219926.82,219926.82,210149.06,214372.47,-0.054289267332540136,9777.76000000001,Silver,SI=F,₹/kg,Precious Metal
2026-02-18,77.50900268554688,77.50900268554688,75.69999694824219,75.69999694824219,18,90.6261978149414,220566.76,225837.65,220566.76,225837.65,0.053482520400124134,5270.889999999985,Silver,SI=F,₹/kg,Precious Metal
2026-02-19,77.56500244140625,78.94000244140625,76.94000244140625,76.94000244140625,208,90.7935028076172,224593.61,230431.76,224593.61,226418.03,0.002569899217424565,5838.150000000023,Silver,SI=F,₹/kg,Precious Metal
2026-02-20,82.28299713134766,84.41500091552734,80.45999908447266,80.45999908447266,30,91.04109954833984,235509.24,247085.67,235509.24,240845.22,0.06371926299332253,11576.430000000022,Silver,SI=F,₹/kg,Precious Metal
2026-02-23,86.52300262451172,87.91500091552734,86.49500274658203,86.49500274658203,41,90.72660064697266,252299.33,256441.35,252299.33,252381.0,0.04789706849901365,4142.020000000019,Silver,SI=F,₹/kg,Precious Metal
2026-02-24,87.45700073242188,87.45700073242188,86.29000091552734,86.29000091552734,268,91.02010345458984,252515.61,255930.67,252515.61,255930.67,0.014064727534957022,3415.060000000027,Silver,SI=F,₹/kg,Precious Metal
2026-02-25,90.93900299072266,90.93900299072266,90.93900299072266,90.93900299072266,36156,90.91799926757812,265821.74,265821.74,265821.74,265821.74,0.038647458704343496,0.0,Silver,SI=F,₹/kg,Precious Metal
2026-02-26,86.99800109863281,90.25499725341797,84.9800033569336,88.92500305175781,6626,90.95099639892578,260029.0,263918.09,248493.27,254394.18,-0.04298956135039966,15424.820000000036,Silver,SI=F,₹/kg,Precious Metal
2026-02-27,92.68199920654297,93.87999725341797,87.81999969482422,88.06500244140625,1134,91.00740051269533,257673.94,274688.33,256957.07,271183.05,0.06599549565166929,17731.26000000001,Silver,SI=F,₹/kg,Precious Metal
2026-03-02,88.28399658203125,95.86000061035156,86.22000122070312,95.86000061035156,1338,91.07959747314452,280704.23,280704.23,252475.69,258519.63,-0.046696945107741694,28228.53999999998,Silver,SI=F,₹/kg,Precious Metal
2026-03-03,82.9229965209961,90.80000305175781,79.0,89.58999633789062,1600,91.56340026855467,263737.49,267299.54,232562.37,244110.99,-0.05573518730473204,34737.169999999984,Silver,SI=F,₹/kg,Precious Metal
2026-03-04,82.63300323486328,85.01499938964844,82.63300323486328,83.08499908447266,502,92.00859832763672,245777.13,251486.34,244440.06,244440.06,0.0013480343510958726,7046.279999999999,Silver,SI=F,₹/kg,Precious Metal
2026-03-05,81.68699645996094,84.1500015258789,80.95500183105469,84.09500122070312,597,92.1230010986328,249074.17,249237.07,239774.06,241942.1,-0.01021911056641045,9463.01000000001,Silver,SI=F,₹/kg,Precious Metal
2026-03-06,83.81600189208984,84.33499908447266,81.42500305175781,82.91999816894531,282,91.78690338134766,244698.01,248873.7,240286.26,247342.13,0.022319513635700394,8587.440000000002,Silver,SI=F,₹/kg,Precious Metal
2026-03-09,84.03199768066406,86.51000213623047,79.5,82.49500274658203,497,91.93620300292967,243839.82,255707.41,234987.16,248382.89,0.004207774874422032,20720.25,Silver,SI=F,₹/kg,Precious Metal
2026-03-10,89.08300018310547,89.58999633789062,87.0,87.12000274658203,106,91.220703125,255506.37,262750.39,255154.42,261263.47,0.051857758801340914,7595.970000000001,Silver,SI=F,₹/kg,Precious Metal
2026-03-11,85.06500244140625,88.68000030517578,84.5250015258789,88.54499816894531,1455,92.16510009765624,262374.1,262774.14,250462.16,252062.27,-0.035218088468318975,12311.98000000001,Silver,SI=F,₹/kg,Precious Metal
2026-03-12,84.66999816894531,87.16000366210938,84.66999816894531,86.56500244140625,284,92.22879791259766,256684.31,258448.62,251065.21,251065.21,-0.003955609857833942,7383.4100000000035,Silver,SI=F,₹/kg,Precious Metal
2026-03-13,80.91400146484375,83.81500244140625,79.44999694824219,82.0,856,92.38990020751952,243572.8,248964.08,235998.27,240346.95,-0.042691139883538565,12965.809999999998,Silver,SI=F,₹/kg,Precious Metal
2026-03-16,80.26300048828125,80.90499877929688,79.0,79.0,91,92.5635986328125,235102.77,240772.02,235102.77,238861.44,-0.006180690039961023,5669.25,Silver,SI=F,₹/kg,Precious Metal
2026-03-17,79.52999877929688,82.23999786376953,78.58000183105469,80.43000030517578,248,92.28269958496094,238632.06,244002.24,233143.2,235961.8,-0.012139422754882556,10859.039999999979,Silver,SI=F,₹/kg,Precious Metal
2026-03-18,77.23799896240234,77.73500061035156,74.80000305175781,76.5,340,92.39129638671876,227239.03,230907.53,222189.28,229431.22,-0.027676428981301182,8718.25,Silver,SI=F,₹/kg,Precious Metal
2026-03-19,70.9020004272461,76.1050033569336,67.0,75.70500183105469,138,93.24659729003906,226959.31,228158.49,200862.21,212560.18,-0.0735341946924225,27296.28,Silver,SI=F,₹/kg,Precious Metal
2026-03-20,69.36000061035156,71.92500305175781,69.36000061035156,71.91999816894531,45,93.0822982788086,215232.18,215247.15,207570.97,207570.97,-0.02347198802710837,7676.179999999993,Silver,SI=F,₹/kg,Precious Metal
2026-03-23,69.04900360107422,69.51000213623047,61.09000015258789,64.73999786376953,271,93.89530181884766,195437.08,209836.77,184418.47,208445.11,0.004211282531463745,25418.29999999999,Silver,SI=F,₹/kg,Precious Metal
2026-03-24,69.27400207519531,71.18499755859375,68.55000305175781,69.08999633789062,122,93.2436981201172,207121.46,213401.96,205502.64,207673.08,-0.0037037568307550783,7899.319999999978,Silver,SI=F,₹/kg,Precious Metal
2026-03-25,72.36100006103516,73.16999816894531,71.2249984741211,71.38999938964844,211,94.29969787597656,216440.29,221836.9,215940.04,219384.17,0.05639195027107036,5896.859999999986,Silver,SI=F,₹/kg,Precious Metal
2026-03-26,67.6709976196289,70.1050033569336,67.2300033569336,70.1050033569336,31,94.6937026977539,213432.5,213432.5,204679.65,206022.24,-0.060906536693144386,8752.850000000006,Silver,SI=F,₹/kg,Precious Metal
2026-03-27,69.54499816894531,69.54499816894531,67.54000091552734,67.55000305175781,391,94.30950164794922,204819.48,210868.54,204789.15,210868.54,0.023523188564496866,6079.390000000014,Silver,SI=F,₹/kg,Precious Metal
2026-03-30,70.3239974975586,70.9800033569336,67.81999969482422,67.90499877929688,482,94.78179931640624,206926.98,216297.45,206667.97,214298.4,0.016265394543918177,9629.48000000001,Silver,SI=F,₹/kg,Precious Metal
2026-03-31,74.69000244140625,75.16999816894531,72.55500030517578,72.55500030517578,98,94.35590362548828,220103.45,228036.33,220103.45,226580.22,0.05731176714338515,7932.879999999976,Silver,SI=F,₹/kg,Precious Metal
2026-04-01,75.86699676513672,75.86699676513672,73.9000015258789,74.34500122070312,81,93.48429870605467,223450.27,228024.76,222112.78,228024.76,0.0063754020540716105,5911.9800000000105,Silver,SI=F,₹/kg,Precious Metal
2026-04-02,72.73500061035156,73.71499633789062,69.83499908447266,73.71499633789062,0,92.6426010131836,219561.92,219561.92,208005.25,216642.98,-0.04991466716158366,11556.670000000013,Silver,SI=F,₹/kg,Precious Metal
2026-04-06,72.66100311279297,72.66100311279297,71.8499984741211,71.8499984741211,1,92.97100067138672,214765.59,217189.75,214765.59,217189.75,0.0025238297589886827,2424.1600000000035,Silver,SI=F,₹/kg,Precious Metal
2026-04-07,71.82599639892578,71.8949966430664,70.0,71.8949966430664,91,92.81659698486328,214543.19,214543.19,208888.3,214337.29,-0.013133492717773199,5654.890000000014,Silver,SI=F,₹/kg,Precious Metal
2026-04-08,75.2239990234375,77.44999694824219,75.2239990234375,76.16999816894531,34,92.86019897460938,227407.08,231228.55,224582.78,224582.78,0.047800781655865876,6645.7699999999895,Silver,SI=F,₹/kg,Precious Metal
2026-04-09,76.2770004272461,76.2770004272461,73.77999877929688,73.77999877929688,4,92.2748031616211,218883.09,226290.94,218883.09,226290.94,0.007605925975268546,7407.850000000006,Silver,SI=F,₹/kg,Precious Metal
2026-04-10,76.3239974975586,76.6500015258789,75.30500030517578,75.30500030517578,175,92.46980285644533,223879.42,227878.07,223879.42,226908.87,0.0027306882016575607,3998.649999999994,Silver,SI=F,₹/kg,Precious Metal
2026-04-13,75.52300262451172,75.52300262451172,72.79499816894531,72.80000305175781,13,94.50879669189452,221204.55,229478.45,221189.35,229478.45,0.011324281858175134,8289.100000000006,Silver,SI=F,₹/kg,Precious Metal
2026-04-14,79.39099884033203,79.58999633789062,76.81500244140625,76.81500244140625,590,94.9468002319336,234485.94,242956.91,234485.94,242349.45,0.056088055327199626,8470.970000000001,Silver,SI=F,₹/kg,Precious Metal
2026-04-15,79.49099731445312,80.3499984741211,79.30000305175781,80.25,473,93.16539764404295,240375.45,240674.98,237529.9,238101.99,-0.017526179655039553,3145.0800000000163,Silver,SI=F,₹/kg,Precious Metal
2026-04-16,78.60600280761719,79.17500305175781,78.60600280761719,79.17500305175781,504,93.38680267333984,237719.07,237719.07,236010.68,236010.68,-0.00878325292451354,1708.390000000014,Silver,SI=F,₹/kg,Precious Metal
2026-04-17,81.73799896240234,82.83000183105469,81.73799896240234,82.37999725341797,38,93.0478973388672,246444.3,247790.51,244523.72,244523.72,0.036070571043649524,3266.790000000008,Silver,SI=F,₹/kg,Precious Metal
2026-04-20,79.95099639892578,79.95099639892578,79.50499725341797,79.5250015258789,24,92.60330200195312,236766.68,238034.98,236707.13,238034.98,-0.026536239510833504,1327.8500000000058,Silver,SI=F,₹/kg,Precious Metal
2026-04-21,76.41100311279297,78.94999694824219,76.41100311279297,78.94999694824219,34,93.12359619140624,236375.41,236375.41,228773.69,228773.69,-0.03890726480620621,7601.720000000001,Silver,SI=F,₹/kg,Precious Metal
2026-04-22,77.89299774169922,77.89299774169922,76.875,76.875,9,93.622802734375,231396.72,234460.93,231396.72,234460.93,0.024859676827348354,3064.209999999992,Silver,SI=F,₹/kg,Precious Metal
2026-04-23,75.46499633789062,76.32499694824219,75.46499633789062,76.30500030517578,21,93.80049896240234,230116.93,230177.24,227583.69,227583.69,-0.02933213648858246,2593.5499999999884,Silver,SI=F,₹/kg,Precious Metal
2026-04-24,76.38300323486328,76.38300323486328,76.38300323486328,76.38300323486328,31,94.11289978027344,231119.36,231119.36,231119.36,231119.36,0.015535691507594374,0.0,Silver,SI=F,₹/kg,Precious Metal
2026-04-27,75.00299835205078,75.33499908447266,74.75499725341797,75.26499938964844,7,94.25029754638672,228068.98,228281.1,226523.57,227275.06,-0.016633396700302394,1757.5299999999988,Silver,SI=F,₹/kg,Precious Metal
2026-04-28,73.20500183105469,73.20500183105469,73.20500183105469,73.20500183105469,28613,94.2584991455078,221846.05,221846.05,221846.05,221846.05,-0.02388739881973856,0.0,Silver,SI=F,₹/kg,Precious Metal
2026-04-29,71.56900024414062,73.81500244140625,70.88500213623047,72.98500061035156,4128,94.64550018310548,222087.45,224613.08,215697.33,217778.68,-0.018334200676550227,8915.75,Silver,SI=F,₹/kg,Precious Metal
2026-04-30,73.53399658203125,73.8499984741211,71.38500213623047,71.38500213623047,498,94.9166030883789,217840.99,225363.26,217840.99,224398.93,0.030398981204220688,7522.270000000019,Silver,SI=F,₹/kg,Precious Metal
2026-05-01,75.95099639892578,76.87999725341797,73.11000061035156,74.41999816894531,598,94.75910186767578,226725.84,234220.41,222734.84,231390.14,0.031155273333968392,11485.570000000007,Silver,SI=F,₹/kg,Precious Metal
2026-05-04,73.0719985961914,75.4000015258789,72.5,75.4000015258789,591,94.90299987792967,230060.32,230060.32,221211.85,222957.13,-0.03644498421583564,8848.470000000001,Silver,SI=F,₹/kg,Precious Metal
2026-05-05,73.10800170898438,73.94499969482422,72.66999816894531,72.66999816894531,194,95.2593994140625,222563.23,226468.12,222563.23,223904.69,0.004249965004483158,3904.889999999985,Silver,SI=F,₹/kg,Precious Metal
2026-05-06,76.81099700927734,77.83499908447266,73.7750015258789,73.88999938964844,235,95.18299865722656,226118.18,238190.67,225766.26,235057.02,0.04980838052119396,12424.410000000003,Silver,SI=F,₹/kg,Precious Metal
2026-05-07,79.70099639892578,82.17500305175781,77.87000274658203,77.87000274658203,301,94.60800170898438,236858.24,249952.81,236858.24,242427.6,0.03135656190995717,13094.570000000007,Silver,SI=F,₹/kg,Precious Metal
2026-05-08,80.3949966430664,81.5999984741211,80.05999755859375,80.81500244140625,14,94.25299835205078,244893.69,247272.47,242605.8,243620.95,0.004922500573367072,4666.670000000013,Silver,SI=F,₹/kg,Precious Metal
2026-05-11,85.48500061035156,86.25,85.0,85.6050033569336,408,94.42530059814452,259883.05,261841.16,258046.36,259518.74,0.06525625156621384,3794.8000000000175,Silver,SI=F,₹/kg,Precious Metal
2026-05-12,85.12999725341797,86.91000366210938,83.75,86.49500274658203,418,95.3914031982422,265271.56,266544.32,256852.91,261085.22,0.006036095890416204,9691.410000000003,Silver,SI=F,₹/kg,Precious Metal
2026-05-13,88.88800048828125,88.88800048828125,86.93000030517578,86.93000030517578,137,95.63300323486328,267280.89,273301.09,267280.89,273301.09,0.046788822438895705,6020.200000000012,Silver,SI=F,₹/kg,Precious Metal
2026-05-14,84.91200256347656,87.07499694824219,84.9000015258789,87.07499694824219,91,95.69580078125,267902.51,267902.51,261210.73,261247.65,-0.044103153778128124,6691.779999999999,Silver,SI=F,₹/kg,Precious Metal
2026-05-15,77.16100311279297,80.61000061035156,76.00499725341797,80.61000061035156,53,95.70989990234376,248048.28,248048.28,233878.04,237435.23,-0.0911488390421884,14170.23999999999,Silver,SI=F,₹/kg,Precious Metal
2026-05-18,77.072998046875,78.05500030517578,74.74500274658203,75.34500122070312,211,95.97029876708984,232477.93,240839.66,230626.62,237809.68,0.001577061668565305,10213.040000000008,Silver,SI=F,₹/kg,Precious Metal
2026-05-19,74.8280029296875,78.46499633789062,73.79000091552734,78.46499633789062,50,96.27020263671876,242861.28,242861.28,228391.45,231604.22,-0.02609422795573335,14469.829999999987,Silver,SI=F,₹/kg,Precious Metal
2026-05-20,75.85099792480469,76.42500305175781,75.16999816894531,75.58999633789062,249,96.56580352783205,234681.1,237273.51,233377.15,235491.42,0.01678380471651164,3896.360000000015,Silver,SI=F,₹/kg,Precious Metal
2026-05-21,76.41400146484375,76.87000274658203,74.95999908447266,74.95999908447266,4,96.5282974243164,232634.78,238562.39,232634.78,237147.21,0.007031211582995134,5927.610000000015,Silver,SI=F,₹/kg,Precious Metal
2026-05-22,75.89299774169922,76.04000091552734,75.89299774169922,76.0199966430664,20,96.17389678955078,235058.25,235120.1,234665.56,234665.56,-0.010464597074534399,454.54000000000815,Silver,SI=F,₹/kg,Precious Metal
2026-05-26,76.30500030517578,77.50499725341797,76.09500122070312,77.50499725341797,110,95.25279998779295,237354.73,237354.73,233036.69,233679.81,-0.0042006590144715306,4318.040000000008,Silver,SI=F,₹/kg,Precious Metal
2026-05-27,74.5989990234375,74.75,74.31999969482422,74.56999969482422,863,95.90499877929688,229930.09,230485.11,229159.24,230019.51,-0.015663740911120994,1325.8699999999953,Silver,SI=F,₹/kg,Precious Metal
2026-05-28,75.6449966430664,76.0,71.97000122070312,73.6500015258789,280,96.04889678955078,227434.1,234690.98,222246.19,233594.72,0.015543072846298855,12444.790000000008,Silver,SI=F,₹/kg,Precious Metal
2026-05-29,75.61599731445312,75.61599731445312,75.11499786376953,75.5199966430664,23,96.04820251464844,233207.03,233503.48,231956.39,233503.48,-0.00039059102020799763,1547.0899999999965,Silver,SI=F,₹/kg,Precious Metal
2026-06-01,75.00700378417969,75.6449966430664,74.375,74.375,82,95.00299835205078,227171.96,231051.05,227171.96,229102.36,-0.018848198750614054,3879.0899999999965,Silver,SI=F,₹/kg,Precious Metal
2026-06-02,75.31099700927734,76.0250015258789,75.31099700927734,75.6500015258789,58,95.55139923095705,232400.16,233552.18,231358.72,231358.72,0.00984869819760914,2193.459999999992,Silver,SI=F,₹/kg,Precious Metal
2026-06-03,73.47599792480469,73.47599792480469,73.20999908447266,73.47599792480469,13,95.26300048828124,225040.24,225040.24,224225.55,225040.24,-0.027310317069527357,814.6900000000023,Silver,SI=F,₹/kg,Precious Metal
2026-06-04,73.77899932861328,74.19999694824219,73.08999633789062,73.08999633789062,138,96.16449737548828,225976.43,229408.28,225976.43,228106.66,0.013626096381696096,3431.850000000006,Silver,SI=F,₹/kg,Precious Metal
2026-06-05,68.94300079345703,72.7300033569336,68.6500015258789,72.57499694824219,62,95.79029846191406,223511.04,223988.42,211423.14,212325.49,-0.06918329346455743,12565.279999999999,Silver,SI=F,₹/kg,Precious Metal
2026-06-08,68.42500305175781,68.80999755859375,66.87000274658203,67.44999694824219,22,94.95030212402344,205905.87,210057.56,204135.31,208882.28,-0.01621665867814548,5922.25,Silver,SI=F,₹/kg,Precious Metal
2026-06-09,65.09400177001953,68.81500244140625,65.0,68.2249984741211,81,95.68830108642578,209890.51,211705.63,199968.98,200258.17,-0.04128693922720483,11736.649999999994,Silver,SI=F,₹/kg,Precious Metal
2026-06-10,64.5989990234375,64.5989990234375,63.744998931884766,63.81999969482422,4,95.36029815673828,195665.76,198054.09,195435.81,198054.09,-0.011006192656209834,2618.279999999999,Silver,SI=F,₹/kg,Precious Metal
2026-06-11,63.8849983215332,63.98500061035156,63.8849983215332,63.95500183105469,22,95.64450073242188,196664.04,196756.29,196448.78,196448.78,-0.008105412011435886,307.5100000000093,Silver,SI=F,₹/kg,Precious Metal
2026-06-12,67.85900115966797,68.08000183105469,67.0199966430664,67.04499816894531,11,95.76010131835938,206415.08,209601.6,206338.1,208921.19,0.06348937366778262,3263.5,Silver,SI=F,₹/kg,Precious Metal
2026-06-15,70.06600189208984,70.06600189208984,70.06600189208984,70.06600189208984,0,95.11029815673828,214252.21,214252.21,214252.21,214252.21,0.025516894672100943,0.0,Silver,SI=F,₹/kg,Precious Metal
2026-06-16,69.89900207519531,69.89900207519531,69.89900207519531,69.89900207519531,2,94.74169921875,212913.2,212913.2,212913.2,212913.2,-0.006249690493274174,0.0,Silver,SI=F,₹/kg,Precious Metal
2026-06-17,70.69599914550781,70.94999694824219,68.76000213623047,70.30999755859375,22,94.88860321044922,214497.17,216449.64,209768.55,215674.76,0.012970355994837313,6681.090000000026,Silver,SI=F,₹/kg,Precious Metal
2026-06-18,66.25499725341797,66.25499725341797,66.25499725341797,66.25499725341797,0,94.85890197753906,202063.17,202063.17,202063.17,202063.17,-0.0631116501532214,0.0,Silver,SI=F,₹/kg,Precious Metal
2026-06-22,65.5270004272461,65.5270004272461,65.5270004272461,65.5270004272461,16,94.3302993774414,198729.31,198729.31,198729.31,198729.31,-0.01649909778214409,0.0,Silver,SI=F,₹/kg,Precious Metal
2026-06-23,62.02000045776367,62.02000045776367,61.95000076293945,61.95000076293945,56,94.70059967041016,188618.58,188831.71,188618.58,188831.71,-0.04980442995550083,213.13000000000466,Silver,SI=F,₹/kg,Precious Metal
2026-06-24,58.051998138427734,59.51499938964844,57.25,59.38999938964844,79,95.18370056152344,181746.62,182129.15,175197.74,177652.04,-0.05920441010675581,6931.4100000000035,Silver,SI=F,₹/kg,Precious Metal
2026-06-25,58.347999572753906,58.3849983215332,58.347999572753906,58.3849983215332,148,94.4406967163086,177276.39,177276.39,177164.04,177164.04,-0.002746942844000011,112.35000000000582,Silver,SI=F,₹/kg,Precious Metal
2026-06-26,59.21699905395508,59.21699905395508,59.189998626708984,59.189998626708984,25322,94.40039825439452,179643.95,179725.89,179643.95,179725.89,0.01446032727634794,81.94000000000233,Silver,SI=F,₹/kg,Precious Metal
2026-06-29,58.17499923706055,59.125,57.540000915527344,58.68000030517578,3617,94.36029815673828,178020.43,179370.45,174561.96,176488.38,-0.01801359837472505,4808.49000000002,Silver,SI=F,₹/kg,Precious Metal
2026-06-30,59.47700119018555,60.400001525878906,57.03499984741211,58.34000015258789,1886,94.79049682617188,177795.87,184073.89,173818.77,181260.97,0.02704195029723766,10255.120000000024,Silver,SI=F,₹/kg,Precious Metal
2026-07-01,60.084999084472656,60.41999816894531,57.32500076293945,58.8650016784668,367,94.91799926757812,179637.16,184382.51,174937.57,183360.2,0.011581257675052692,9444.940000000002,Silver,SI=F,₹/kg,Precious Metal
2026-07-02,60.643001556396484,61.595001220703125,59.46500015258789,59.470001220703125,197,95.4175033569336,182438.47,188957.42,182423.13,186036.93,0.01459820615378904,6534.290000000008,Silver,SI=F,₹/kg,Precious Metal
2026-07-06,61.91999816894531,62.619998931884766,61.6349983215332,62.619998931884766,69,95.2147979736328,191693.74,191693.74,188678.44,189550.89,0.018888507781761543,3015.2999999999884,Silver,SI=F,₹/kg,Precious Metal
2026-07-07,60.930999755859375,61.369998931884766,60.20500183105469,61.20500183105469,124,95.60350036621094,188127.01,188634.16,185053.29,187284.8,-0.011955048061235818,3580.8699999999953,Silver,SI=F,₹/kg,Precious Metal
2026-07-08,58.16400146484375,60.904998779296875,57.7599983215332,60.904998779296875,326,95.60350036621094,187204.88,187204.88,177538.03,178779.82,-0.04541201421578245,9666.850000000006,Silver,SI=F,₹/kg,Precious Metal
2026-07-09,60.37799835205078,60.5,58.900001525878906,59.220001220703125,192,95.60350036621094,182025.67,185960.03,181042.08,185585.03,0.038064754735741335,4917.950000000012,Silver,SI=F,₹/kg,Precious Metal
2026-07-10,59.808998107910156,60.345001220703125,59.720001220703125,59.97999954223633,73,95.60350036621094,184361.69,185483.6,183562.53,183836.08,-0.00942398209596973,1921.070000000007,Silver,SI=F,₹/kg,Precious Metal
2026-07-13,57.63399887084961,59.04499816894531,57.5099983215332,58.935001373291016,589,95.60350036621094,181149.66,181487.76,176769.6,177150.74,-0.03636576672000402,4718.1600000000035,Silver,SI=F,₹/kg,Precious Metal
2026-07-14,58.77199935913086,59.60499954223633,57.51499938964844,57.650001525878906,131,95.60350036621094,177199.93,183209.05,176784.97,180648.64,0.019745331010189604,6424.079999999987,Silver,SI=F,₹/kg,Precious Metal
2026-07-15,57.11000061035156,58.69499969482422,56.900001525878906,58.69499969482422,568,95.60350036621094,180411.96,180411.96,174894.64,175540.12,-0.028278762574686533,5517.319999999978,Silver,SI=F,₹/kg,Precious Metal
2026-07-16,55.89799880981445,56.084999084472656,55.89799880981445,55.915000915527344,1809,95.60350036621094,171867.03,172389.55,171814.77,171814.77,-0.021222214044288035,574.7799999999988,Silver,SI=F,₹/kg,Precious Metal
2026-07-17,56.03799819946289,56.03799819946289,55.01499938964844,55.54999923706055,427,95.60350036621094,170745.11,172245.09,169100.67,172245.09,0.0025045576698674576,3144.4199999999837,Silver,SI=F,₹/kg,Precious Metal
2026-07-20,56.801998138427734,57.10499954223633,55.654998779296875,55.654998779296875,1714,95.60350036621094,171067.85,175524.75,171067.85,174593.41,0.013633596173917129,4456.899999999994,Silver,SI=F,₹/kg,Precious Metal
2026-07-21,58.834999084472656,59.025001525878906,56.334999084472656,56.334999084472656,124,95.60350036621094,173157.98,181426.3,173157.98,180842.28,0.03579098432180228,8268.319999999978,Silver,SI=F,₹/kg,Precious Metal
2026-07-22,60.01900100708008,60.01900100708008,59.3849983215332,59.3849983215332,358,95.60350036621094,182532.82,184481.57,182532.82,184481.57,0.02012411035737882,1948.75,Silver,SI=F,₹/kg,Precious Metal
2026-07-23,57.79800033569336,58.65999984741211,57.79800033569336,58.65999984741211,28,95.60350036621094,180304.38,180304.38,177654.84,177654.84,-0.03700494309539981,2649.540000000008,Silver,SI=F,₹/kg,Precious Metal
2026-07-24,58.65599822998047,58.65599822998047,58.65599822998047,58.65599822998047,5,95.60350036621094,180292.08,180292.08,180292.08,180292.08,0.014844740509180498,0.0,Silver,SI=F,₹/kg,Precious Metal
2026-07-27,58.47200012207031,58.47200012207031,58.47200012207031,58.47200012207031,3,95.60350036621094,179726.52,179726.52,179726.52,179726.52,-0.003136909840964708,0.0,Silver,SI=F,₹/kg,Precious Metal
2026-07-28,57.29600143432617,57.29600143432617,57.29600143432617,57.29600143432617,2,95.60350036621094,176111.83,176111.83,176111.83,176111.83,-0.020112168198660907,0.0,Silver,SI=F,₹/kg,Precious Metal
2026-07-29,57.862998962402344,57.862998962402344,57.862998962402344,57.862998962402344,382,95.60350036621094,177854.63,177854.63,177854.63,177854.63,0.00989598484099563,0.0,Silver,SI=F,₹/kg,Precious Metal
2026-07-30,58.814998626708984,59.25,57.224998474121094,57.275001525878906,138,95.60350036621094,176047.29,182117.88,175893.59,180780.81,0.01645265012218111,6224.290000000008,Silver,SI=F,₹/kg,Precious Metal
2026-07-31,57.590999603271484,59.20000076293945,57.34000015258789,59.20000076293945,65,95.60350036621094,181964.19,181964.19,176247.07,177018.58,-0.02081100311476647,5717.119999999995,Silver,SI=F,₹/kg,Precious Metal
2026-08-03,57.66699981689453,57.79999923706055,57.66699981689453,57.66699981689453,90,95.60350036621094,177252.18,177660.98,177252.18,177252.18,0.0013196354868512117,408.80000000001746,Silver,SI=F,₹/kg,Precious Metal
2026-08-04,60.055999755859375,60.055999755859375,58.099998474121094,58.099998474121094,9,95.60350036621094,178583.1,184595.3,178583.1,184595.3,0.04142752997452548,6012.1999999999825,Silver,SI=F,₹/kg,Precious Metal
2026-08-05,62.0989990234375,62.45000076293945,62.0989990234375,62.45000076293945,6,95.60350036621094,191953.78,191953.78,190874.9,190874.9,0.034018200896772655,1078.8800000000047,Silver,SI=F,₹/kg,Precious Metal
2026-08-06,61.43899917602539,61.90999984741211,61.43899917602539,61.90999984741211,8,95.60350036621094,190293.97,190293.97,188846.25,188846.25,-0.010628165358567254,1447.7200000000012,Silver,SI=F,₹/kg,Precious Metal
2026-08-07,63.499000549316406,65.4800033569336,61.41999816894531,61.85499954223633,62570,95.60350036621094,190124.92,201267.16,188787.84,195178.11,0.03352918048412401,12479.320000000007,Silver,SI=F,₹/kg,Precious Metal
