date,usdinr
2010-01-01,46.61000061035156
2010-01-02,46.61000061035156
2010-01-03,46.61000061035156
2010-01-04,46.28799819946289
2010-01-05,46.119998931884766
2010-01-06,45.720001220703125
2010-01-07,45.6879997253418
2010-01-08,45.518001556396484
2010-01-09,45.518001556396484
2010-01-10,45.518001556396484
2010-01-11,45.358001708984375
2010-01-12,45.61800003051758
2010-01-13,45.487998962402344
2010-01-14,45.5629997253418
2010-01-15,45.803001403808594
2010-01-16,45.803001403808594
2010-01-17,45.803001403808594
2010-01-18,45.63800048828125
2010-01-19,45.847999572753906
2010-01-20,46.11800003051758
2010-01-21,46.108001708984375
2010-01-22,46.222999572753906
2010-01-23,46.222999572753906
2010-01-24,46.222999572753906
2010-01-25,46.077999114990234
2010-01-26,45.847999572753906
2010-01-27,46.31800079345703
2010-01-28,46.347999572753906
2010-01-29,46.097999572753906
2010-01-30,46.097999572753906
2010-01-31,46.097999572753906
2010-02-01,46.28799819946289
2010-02-02,46.099998474121094
2010-02-03,45.900001525878906
2010-02-04,46.209999084472656
2010-02-05,46.619998931884766
2010-02-06,46.619998931884766
2010-02-07,46.619998931884766
2010-02-08,46.709999084472656
2010-02-09,46.38999938964844
2010-02-10,46.37799835205078
2010-02-11,46.400001525878906
2010-02-12,46.400001525878906
2010-02-13,46.400001525878906
2010-02-14,46.400001525878906
2010-02-15,46.3380012512207
2010-02-16,45.97999954223633
2010-02-17,46.007999420166016
2010-02-18,46.13999938964844
2010-02-19,46.18000030517578
2010-02-20,46.18000030517578
2010-02-21,46.18000030517578
2010-02-22,46.099998474121094
2010-02-23,46.268001556396484
2010-02-24,46.28799819946289
2010-02-25,46.29999923706055
2010-02-26,45.900001525878906
2010-02-27,45.900001525878906
2010-02-28,45.900001525878906
2010-03-01,46.0
2010-03-02,46.02799987792969
2010-03-03,45.54999923706055
2010-03-04,45.66999816894531
2010-03-05,45.45000076293945
2010-03-06,45.45000076293945
2010-03-07,45.45000076293945
2010-03-08,45.400001525878906
2010-03-09,45.54999923706055
2010-03-10,45.310001373291016
2010-03-11,45.45000076293945
2010-03-12,45.49800109863281
2010-03-13,45.49800109863281
2010-03-14,45.49800109863281
2010-03-15,45.55799865722656
2010-03-16,45.38999938964844
2010-03-17,45.279998779296875
2010-03-18,45.38999938964844
2010-03-19,45.25
2010-03-20,45.25
2010-03-21,45.25
2010-03-22,45.470001220703125
2010-03-23,45.400001525878906
2010-03-24,45.400001525878906
2010-03-25,45.487998962402344
2010-03-26,45.11000061035156
2010-03-27,45.11000061035156
2010-03-28,45.11000061035156
2010-03-29,44.79999923706055
2010-03-30,44.939998626708984
2010-03-31,44.79999923706055
2010-04-01,44.599998474121094
2010-04-02,44.80799865722656
2010-04-03,44.80799865722656
2010-04-04,44.80799865722656
2010-04-05,44.36000061035156
2010-04-06,44.34000015258789
2010-04-07,44.400001525878906
2010-04-08,44.34000015258789
2010-04-09,44.119998931884766
2010-04-10,44.119998931884766
2010-04-11,44.119998931884766
2010-04-12,44.34000015258789
2010-04-13,44.577999114990234
2010-04-14,44.209999084472656
2010-04-15,44.290000915527344
2010-04-16,44.31800079345703
2010-04-17,44.31800079345703
2010-04-18,44.31800079345703
2010-04-19,44.72800064086914
2010-04-20,44.38999938964844
2010-04-21,44.400001525878906
2010-04-22,44.439998626708984
2010-04-23,44.290000915527344
2010-04-24,44.290000915527344
2010-04-25,44.290000915527344
2010-04-26,44.25
2010-04-27,44.45000076293945
2010-04-28,44.5
2010-04-29,44.45000076293945
2010-04-30,44.25
2010-05-01,44.25
2010-05-02,44.25
2010-05-03,44.400001525878906
2010-05-04,44.54999923706055
2010-05-05,44.849998474121094
2010-05-06,45.459999084472656
2010-05-07,45.417999267578125
2010-05-08,45.417999267578125
2010-05-09,45.417999267578125
2010-05-10,44.76300048828125
2010-05-11,44.9900016784668
2010-05-12,44.95000076293945
2010-05-13,44.939998626708984
2010-05-14,45.25
2010-05-15,45.25
2010-05-16,45.25
2010-05-17,45.52799987792969
2010-05-18,45.560001373291016
2010-05-19,46.27299880981445
2010-05-20,46.7400016784668
2010-05-21,46.917999267578125
2010-05-22,46.917999267578125
2010-05-23,46.917999267578125
2010-05-24,46.810001373291016
2010-05-25,47.47999954223633
2010-05-26,47.099998474121094
2010-05-27,46.720001220703125
2010-05-28,46.29999923706055
2010-05-29,46.29999923706055
2010-05-30,46.29999923706055
2010-05-31,46.358001708984375
2010-06-01,47.08300018310547
2010-06-02,46.79999923706055
2010-06-03,46.5
2010-06-04,46.86000061035156
2010-06-05,46.86000061035156
2010-06-06,46.86000061035156
2010-06-07,46.790000915527344
2010-06-08,46.83000183105469
2010-06-09,46.810001373291016
2010-06-10,46.75
2010-06-11,46.75
2010-06-12,46.75
2010-06-13,46.75
2010-06-14,46.400001525878906
2010-06-15,46.400001525878906
2010-06-16,46.40999984741211
2010-06-17,46.09000015258789
2010-06-18,46.0099983215332
2010-06-19,46.0099983215332
2010-06-20,46.0099983215332
2010-06-21,45.65999984741211
2010-06-22,46.02000045776367
2010-06-23,46.150001525878906
2010-06-24,46.2599983215332
2010-06-25,46.150001525878906
2010-06-26,46.150001525878906
2010-06-27,46.150001525878906
2010-06-28,46.099998474121094
2010-06-29,46.40999984741211
2010-06-30,46.400001525878906
2010-07-01,46.40999984741211
2010-07-02,46.560001373291016
2010-07-03,46.560001373291016
2010-07-04,46.560001373291016
2010-07-05,46.72800064086914
2010-07-06,46.599998474121094
2010-07-07,46.95000076293945
2010-07-08,46.650001525878906
2010-07-09,46.52000045776367
2010-07-10,46.52000045776367
2010-07-11,46.52000045776367
2010-07-12,46.65999984741211
2010-07-13,46.40999984741211
2010-07-14,46.599998474121094
2010-07-15,46.45000076293945
2010-07-16,46.70000076293945
2010-07-17,46.70000076293945
2010-07-18,46.70000076293945
2010-07-19,46.09000015258789
2010-07-20,47.25
2010-07-21,47.06999969482422
2010-07-22,47.040000915527344
2010-07-23,46.88999938964844
2010-07-24,46.88999938964844
2010-07-25,46.88999938964844
2010-07-26,47.042999267578125
2010-07-27,46.64799880981445
2010-07-28,46.689998626708984
2010-07-29,46.459999084472656
2010-07-30,46.36000061035156
2010-07-31,46.36000061035156
2010-08-01,46.36000061035156
2010-08-02,46.0880012512207
2010-08-03,46.12799835205078
2010-08-04,46.12799835205078
2010-08-05,46.0
2010-08-06,46.055999755859375
2010-08-07,46.055999755859375
2010-08-08,46.055999755859375
2010-08-09,45.95800018310547
2010-08-10,46.077999114990234
2010-08-11,46.310001373291016
2010-08-12,46.59000015258789
2010-08-13,46.709999084472656
2010-08-14,46.709999084472656
2010-08-15,46.709999084472656
2010-08-16,46.62799835205078
2010-08-17,46.68299865722656
2010-08-18,46.608001708984375
2010-08-19,46.53799819946289
2010-08-20,46.358001708984375
2010-08-21,46.358001708984375
2010-08-22,46.358001708984375
2010-08-23,46.608001708984375
2010-08-24,46.5629997253418
2010-08-25,46.858001708984375
2010-08-26,46.87300109863281
2010-08-27,46.78799819946289
2010-08-28,46.78799819946289
2010-08-29,46.78799819946289
2010-08-30,46.803001403808594
2010-08-31,46.87300109863281
2010-09-01,47.02799987792969
2010-09-02,46.650001525878906
2010-09-03,46.599998474121094
2010-09-04,46.599998474121094
2010-09-05,46.599998474121094
2010-09-06,46.577999114990234
2010-09-07,46.51300048828125
2010-09-08,46.65999984741211
2010-09-09,46.518001556396484
2010-09-10,46.303001403808594
2010-09-11,46.303001403808594
2010-09-12,46.303001403808594
2010-09-13,46.28300094604492
2010-09-14,46.22999954223633
2010-09-15,46.13999938964844
2010-09-16,46.20000076293945
2010-09-17,46.099998474121094
2010-09-18,46.099998474121094
2010-09-19,46.099998474121094
2010-09-20,45.87799835205078
2010-09-21,45.619998931884766
2010-09-22,45.58000183105469
2010-09-23,45.55799865722656
2010-09-24,45.45000076293945
2010-09-25,45.45000076293945
2010-09-26,45.45000076293945
2010-09-27,45.2400016784668
2010-09-28,44.93000030517578
2010-09-29,45.04999923706055
2010-09-30,44.689998626708984
2010-10-01,44.5629997253418
2010-10-02,44.5629997253418
2010-10-03,44.5629997253418
2010-10-04,44.41299819946289
2010-10-05,44.45000076293945
2010-10-06,44.400001525878906
2010-10-07,44.189998626708984
2010-10-08,44.20000076293945
2010-10-09,44.20000076293945
2010-10-10,44.20000076293945
2010-10-11,44.40800094604492
2010-10-12,44.36000061035156
2010-10-13,44.5
2010-10-14,44.34000015258789
2010-10-15,44.06800079345703
2010-10-16,44.06800079345703
2010-10-17,44.06800079345703
2010-10-18,44.15800094604492
2010-10-19,44.16999816894531
2010-10-20,44.33000183105469
2010-10-21,44.20000076293945
2010-10-22,44.20000076293945
2010-10-23,44.20000076293945
2010-10-24,44.20000076293945
2010-10-25,44.52799987792969
2010-10-26,44.25
2010-10-27,44.400001525878906
2010-10-28,44.41999816894531
2010-10-29,44.41999816894531
2010-10-30,44.41999816894531
2010-10-31,44.41999816894531
2010-11-01,44.448001861572266
2010-11-02,44.34000015258789
2010-11-03,44.20000076293945
2010-11-04,44.25
2010-11-05,44.01300048828125
2010-11-06,44.01300048828125
2010-11-07,44.01300048828125
2010-11-08,43.900001525878906
2010-11-09,44.29999923706055
2010-11-10,44.189998626708984
2010-11-11,44.2599983215332
2010-11-12,44.2400016784668
2010-11-13,44.2400016784668
2010-11-14,44.2400016784668
2010-11-15,44.77799987792969
2010-11-16,45.11000061035156
2010-11-17,45.189998626708984
2010-11-18,45.108001708984375
2010-11-19,45.150001525878906
2010-11-20,45.150001525878906
2010-11-21,45.150001525878906
2010-11-22,45.26300048828125
2010-11-23,45.29999923706055
2010-11-24,45.540000915527344
2010-11-25,45.5099983215332
2010-11-26,45.55799865722656
2010-11-27,45.55799865722656
2010-11-28,45.55799865722656
2010-11-29,45.709999084472656
2010-11-30,45.79999923706055
2010-12-01,45.77000045776367
2010-12-02,45.22999954223633
2010-12-03,45.130001068115234
2010-12-04,45.130001068115234
2010-12-05,45.130001068115234
2010-12-06,44.91299819946289
2010-12-07,44.810001373291016
2010-12-08,44.5
2010-12-09,45.0
2010-12-10,45.04999923706055
2010-12-11,45.04999923706055
2010-12-12,45.04999923706055
2010-12-13,44.95000076293945
2010-12-14,44.90999984741211
2010-12-15,44.90999984741211
2010-12-16,45.25
2010-12-17,45.25
2010-12-18,45.25
2010-12-19,45.25
2010-12-20,45.167999267578125
2010-12-21,45.2599983215332
2010-12-22,45.18000030517578
2010-12-23,44.95000076293945
2010-12-24,45.060001373291016
2010-12-25,45.060001373291016
2010-12-26,45.060001373291016
2010-12-27,45.0099983215332
2010-12-28,45.099998474121094
2010-12-29,44.95000076293945
2010-12-30,44.91999816894531
2010-12-31,44.810001373291016
2011-01-01,44.810001373291016
2011-01-02,44.810001373291016
2011-01-03,44.81800079345703
2011-01-04,44.61000061035156
2011-01-05,44.900001525878906
2011-01-06,45.209999084472656
2011-01-07,45.18000030517578
2011-01-08,45.18000030517578
2011-01-09,45.18000030517578
2011-01-10,45.358001708984375
2011-01-11,45.310001373291016
2011-01-12,45.097999572753906
2011-01-13,44.90999984741211
2011-01-14,44.959999084472656
2011-01-15,44.959999084472656
2011-01-16,44.959999084472656
2011-01-17,45.417999267578125
2011-01-18,45.439998626708984
2011-01-19,45.31999969482422
2011-01-20,45.29999923706055
2011-01-21,45.77799987792969
2011-01-22,45.77799987792969
2011-01-23,45.77799987792969
2011-01-24,45.5880012512207
2011-01-25,45.45000076293945
2011-01-26,45.61000061035156
2011-01-27,45.45000076293945
2011-01-28,45.6879997253418
2011-01-29,45.6879997253418
2011-01-30,45.6879997253418
2011-01-31,45.8380012512207
2011-02-01,45.79999923706055
2011-02-02,45.40999984741211
2011-02-03,45.45000076293945
2011-02-04,45.560001373291016
2011-02-05,45.560001373291016
2011-02-06,45.560001373291016
2011-02-07,45.608001708984375
2011-02-08,45.310001373291016
2011-02-09,45.150001525878906
2011-02-10,45.349998474121094
2011-02-11,45.630001068115234
2011-02-12,45.630001068115234
2011-02-13,45.630001068115234
2011-02-14,45.608001708984375
2011-02-15,45.349998474121094
2011-02-16,45.40999984741211
2011-02-17,45.310001373291016
2011-02-18,45.209999084472656
2011-02-19,45.209999084472656
2011-02-20,45.209999084472656
2011-02-21,45.108001708984375
2011-02-22,44.917999267578125
2011-02-23,45.150001525878906
2011-02-24,45.04999923706055
2011-02-25,45.400001525878906
2011-02-26,45.400001525878906
2011-02-27,45.400001525878906
2011-02-28,45.25
2011-03-01,45.099998474121094
2011-03-02,44.83000183105469
2011-03-03,44.810001373291016
2011-03-04,44.849998474121094
2011-03-05,44.849998474121094
2011-03-06,44.849998474121094
2011-03-07,44.90299987792969
2011-03-08,44.970001220703125
2011-03-09,44.900001525878906
2011-03-10,44.869998931884766
2011-03-11,45.11000061035156
2011-03-12,45.11000061035156
2011-03-13,45.11000061035156
2011-03-14,45.237998962402344
2011-03-15,44.95000076293945
2011-03-16,45.15999984741211
2011-03-17,45.02000045776367
2011-03-18,45.04999923706055
2011-03-19,45.04999923706055
2011-03-20,45.04999923706055
2011-03-21,44.99800109863281
2011-03-22,44.90999984741211
2011-03-23,44.849998474121094
2011-03-24,44.75
2011-03-25,44.599998474121094
2011-03-26,44.599998474121094
2011-03-27,44.599998474121094
2011-03-28,44.69300079345703
2011-03-29,44.70000076293945
2011-03-30,44.65999984741211
2011-03-31,44.61000061035156
2011-04-01,44.45000076293945
2011-04-02,44.45000076293945
2011-04-03,44.45000076293945
2011-04-04,44.448001861572266
2011-04-05,44.31800079345703
2011-04-06,44.29999923706055
2011-04-07,44.04999923706055
2011-04-08,44.099998474121094
2011-04-09,44.099998474121094
2011-04-10,44.099998474121094
2011-04-11,44.0629997253418
2011-04-12,44.2599983215332
2011-04-13,44.1879997253418
2011-04-14,44.41999816894531
2011-04-15,44.41999816894531
2011-04-16,44.41999816894531
2011-04-17,44.41999816894531
2011-04-18,44.27299880981445
2011-04-19,44.36000061035156
2011-04-20,44.40999984741211
2011-04-21,44.2599983215332
2011-04-22,44.2599983215332
2011-04-23,44.2599983215332
2011-04-24,44.2599983215332
2011-04-25,44.268001556396484
2011-04-26,44.40999984741211
2011-04-27,44.40999984741211
2011-04-28,44.33000183105469
2011-04-29,44.29999923706055
2011-04-30,44.29999923706055
2011-05-01,44.29999923706055
2011-05-02,44.24800109863281
2011-05-03,44.220001220703125
2011-05-04,44.40999984741211
2011-05-05,44.31999969482422
2011-05-06,44.70000076293945
2011-05-07,44.70000076293945
2011-05-08,44.70000076293945
2011-05-09,44.722999572753906
2011-05-10,44.61000061035156
2011-05-11,44.61000061035156
2011-05-12,44.58000183105469
2011-05-13,44.709999084472656
2011-05-14,44.709999084472656
2011-05-15,44.709999084472656
2011-05-16,44.858001708984375
2011-05-17,44.959999084472656
2011-05-18,45.0099983215332
2011-05-19,44.959999084472656
2011-05-20,44.849998474121094
2011-05-21,44.849998474121094
2011-05-22,44.849998474121094
2011-05-23,44.99300003051758
2011-05-24,45.150001525878906
2011-05-25,45.15999984741211
2011-05-26,45.22999954223633
2011-05-27,45.189998626708984
2011-05-28,45.189998626708984
2011-05-29,45.189998626708984
2011-05-30,45.17300033569336
2011-05-31,45.08300018310547
2011-06-01,44.959999084472656
2011-06-02,44.7599983215332
2011-06-03,44.7599983215332
2011-06-04,44.7599983215332
2011-06-05,44.7599983215332
2011-06-06,44.823001861572266
2011-06-07,44.66999816894531
2011-06-08,44.61000061035156
2011-06-09,44.65999984741211
2011-06-10,44.599998474121094
2011-06-11,44.599998474121094
2011-06-12,44.599998474121094
2011-06-13,44.722999572753906
2011-06-14,44.79999923706055
2011-06-15,44.73899841308594
2011-06-16,44.709999084472656
2011-06-17,44.79999923706055
2011-06-18,44.79999923706055
2011-06-19,44.79999923706055
2011-06-20,44.76300048828125
2011-06-21,44.869998931884766
2011-06-22,44.7599983215332
2011-06-23,44.75
2011-06-24,44.849998474121094
2011-06-25,44.849998474121094
2011-06-26,44.849998474121094
2011-06-27,44.987998962402344
2011-06-28,44.95000076293945
2011-06-29,44.939998626708984
2011-06-30,44.7599983215332
2011-07-01,44.59299850463867
2011-07-02,44.59299850463867
2011-07-03,44.59299850463867
2011-07-04,44.62300109863281
2011-07-05,44.41999816894531
2011-07-06,44.34000015258789
2011-07-07,44.33000183105469
2011-07-08,44.33000183105469
2011-07-09,44.33000183105469
2011-07-10,44.33000183105469
2011-07-11,44.41299819946289
2011-07-12,44.349998474121094
2011-07-13,44.560001373291016
2011-07-14,44.45000076293945
2011-07-15,44.400001525878906
2011-07-16,44.400001525878906
2011-07-17,44.400001525878906
2011-07-18,44.507999420166016
2011-07-19,44.5
2011-07-20,44.369998931884766
2011-07-21,44.369998931884766
2011-07-22,44.29999923706055
2011-07-23,44.29999923706055
2011-07-24,44.29999923706055
2011-07-25,44.34299850463867
2011-07-26,44.310001373291016
2011-07-27,44.04999923706055
2011-07-28,44.029998779296875
2011-07-29,44.0099983215332
2011-07-30,44.0099983215332
2011-07-31,44.0099983215332
2011-08-01,44.202999114990234
2011-08-02,44.0629997253418
2011-08-03,44.26300048828125
2011-08-04,44.3129997253418
2011-08-05,44.5629997253418
2011-08-06,44.5629997253418
2011-08-07,44.5629997253418
2011-08-08,44.733001708984375
2011-08-09,45.00299835205078
2011-08-10,45.202999114990234
2011-08-11,45.24800109863281
2011-08-12,45.292999267578125
2011-08-13,45.292999267578125
2011-08-14,45.292999267578125
2011-08-15,45.393001556396484
2011-08-16,45.233001708984375
2011-08-17,45.25299835205078
2011-08-18,45.303001403808594
2011-08-19,45.709999084472656
2011-08-20,45.709999084472656
2011-08-21,45.709999084472656
2011-08-22,45.66299819946289
2011-08-23,45.61000061035156
2011-08-24,45.540000915527344
2011-08-25,45.939998626708984
2011-08-26,46.0099983215332
2011-08-27,46.0099983215332
2011-08-28,46.0099983215332
2011-08-29,46.15299987792969
2011-08-30,45.849998474121094
2011-08-31,45.939998626708984
2011-09-01,45.7400016784668
2011-09-02,45.70000076293945
2011-09-03,45.70000076293945
2011-09-04,45.70000076293945
2011-09-05,45.737998962402344
2011-09-06,45.98400115966797
2011-09-07,46.040000915527344
2011-09-08,46.040000915527344
2011-09-09,46.130001068115234
2011-09-10,46.130001068115234
2011-09-11,46.130001068115234
2011-09-12,46.643001556396484
2011-09-13,47.15999984741211
2011-09-14,47.459999084472656
2011-09-15,47.560001373291016
2011-09-16,47.5
2011-09-17,47.5
2011-09-18,47.5
2011-09-19,47.16999816894531
2011-09-20,47.722999572753906
2011-09-21,47.90999984741211
2011-09-22,48.209999084472656
2011-09-23,49.472999572753906
2011-09-24,49.472999572753906
2011-09-25,49.472999572753906
2011-09-26,49.34299850463867
2011-09-27,49.400001525878906
2011-09-28,48.810001373291016
2011-09-29,48.75
2011-09-30,48.86000061035156
2011-10-01,48.86000061035156
2011-10-02,48.86000061035156
2011-10-03,49.04999923706055
2011-10-04,49.099998474121094
2011-10-05,49.303001403808594
2011-10-06,49.150001525878906
2011-10-07,49.040000915527344
2011-10-08,49.040000915527344
2011-10-09,49.040000915527344
2011-10-10,48.893001556396484
2011-10-11,48.8129997253418
2011-10-12,49.237998962402344
2011-10-13,48.90999984741211
2011-10-14,49.20000076293945
2011-10-15,49.20000076293945
2011-10-16,49.20000076293945
2011-10-17,48.893001556396484
2011-10-18,48.900001525878906
2011-10-19,49.2400016784668
2011-10-20,49.0099983215332
2011-10-21,49.86000061035156
2011-10-22,49.86000061035156
2011-10-23,49.86000061035156
2011-10-24,49.823001861572266
2011-10-25,49.54999923706055
2011-10-26,49.40999984741211
2011-10-27,49.36000061035156
2011-10-28,49.790000915527344
2011-10-29,49.790000915527344
2011-10-30,49.790000915527344
2011-10-31,48.62799835205078
2011-11-01,48.67300033569336
2011-11-02,49.257999420166016
2011-11-03,49.12300109863281
2011-11-04,49.04800033569336
2011-11-05,49.04800033569336
2011-11-06,49.04800033569336
2011-11-07,48.99300003051758
2011-11-08,48.90999984741211
2011-11-09,49.310001373291016
2011-11-10,50.04999923706055
2011-11-11,49.959999084472656
2011-11-12,49.959999084472656
2011-11-13,49.959999084472656
2011-11-14,50.03300094604492
2011-11-15,50.36800003051758
2011-11-16,50.62300109863281
2011-11-17,50.702999114990234
2011-11-18,50.948001861572266
2011-11-19,50.948001861572266
2011-11-20,50.948001861572266
2011-11-21,51.22800064086914
2011-11-22,52.05799865722656
2011-11-23,52.483001708984375
2011-11-24,52.257999420166016
2011-11-25,52.0629997253418
2011-11-26,52.0629997253418
2011-11-27,52.0629997253418
2011-11-28,52.22800064086914
2011-11-29,51.94300079345703
2011-11-30,51.90299987792969
2011-12-01,51.72999954223633
2011-12-02,51.29999923706055
2011-12-03,51.29999923706055
2011-12-04,51.29999923706055
2011-12-05,51.10300064086914
2011-12-06,51.20000076293945
2011-12-07,51.20000076293945
2011-12-08,51.599998474121094
2011-12-09,51.70000076293945
2011-12-10,51.70000076293945
2011-12-11,51.70000076293945
2011-12-12,51.86800003051758
2011-12-13,52.650001525878906
2011-12-14,53.099998474121094
2011-12-15,53.709999084472656
2011-12-16,53.209999084472656
2011-12-17,53.209999084472656
2011-12-18,53.209999084472656
2011-12-19,52.49300003051758
2011-12-20,52.70000076293945
2011-12-21,52.709999084472656
2011-12-22,52.393001556396484
2011-12-23,52.5099983215332
2011-12-24,52.5099983215332
2011-12-25,52.5099983215332
2011-12-26,52.78300094604492
2011-12-27,52.70000076293945
2011-12-28,52.849998474121094
2011-12-29,52.86000061035156
2011-12-30,53.0
2011-12-31,53.0
2012-01-01,53.0
2012-01-02,53.007999420166016
2012-01-03,53.29800033569336
2012-01-04,53.04999923706055
2012-01-05,52.849998474121094
2012-01-06,52.7599983215332
2012-01-07,52.7599983215332
2012-01-08,52.7599983215332
2012-01-09,52.67300033569336
2012-01-10,52.380001068115234
2012-01-11,51.599998474121094
2012-01-12,51.75
2012-01-13,51.45000076293945
2012-01-14,51.45000076293945
2012-01-15,51.45000076293945
2012-01-16,51.43299865722656
2012-01-17,51.380001068115234
2012-01-18,50.650001525878906
2012-01-19,50.36000061035156
2012-01-20,50.303001403808594
2012-01-21,50.303001403808594
2012-01-22,50.303001403808594
2012-01-23,50.222999572753906
2012-01-24,49.84000015258789
2012-01-25,50.0
2012-01-26,50.0
2012-01-27,52.49300003051758
2012-01-28,52.49300003051758
2012-01-29,52.49300003051758
2012-01-30,49.38800048828125
2012-01-31,52.49300003051758
2012-02-01,49.5
2012-02-02,49.0099983215332
2012-02-03,49.0
2012-02-04,49.0
2012-02-05,49.0
2012-02-06,48.65299987792969
2012-02-07,49.053001403808594
2012-02-08,49.042999267578125
2012-02-09,49.14799880981445
2012-02-10,49.487998962402344
2012-02-11,49.487998962402344
2012-02-12,49.487998962402344
2012-02-13,49.35300064086914
2012-02-14,49.1879997253418
2012-02-15,49.358001708984375
2012-02-16,49.28300094604492
2012-02-17,49.28300094604492
2012-02-18,49.28300094604492
2012-02-19,49.28300094604492
2012-02-20,49.31800079345703
2012-02-21,49.14799880981445
2012-02-22,49.303001403808594
2012-02-23,49.21799850463867
2012-02-24,49.09299850463867
2012-02-25,49.09299850463867
2012-02-26,49.09299850463867
2012-02-27,49.007999420166016
2012-02-28,49.17300033569336
2012-02-29,49.06800079345703
2012-03-01,49.00299835205078
2012-03-02,49.198001861572266
2012-03-03,49.198001861572266
2012-03-04,49.198001861572266
2012-03-05,49.518001556396484
2012-03-06,49.83300018310547
2012-03-07,50.358001708984375
2012-03-08,50.27799987792969
2012-03-09,50.073001861572266
2012-03-10,50.073001861572266
2012-03-11,50.073001861572266
2012-03-12,49.75299835205078
2012-03-13,49.96799850463867
2012-03-14,49.83000183105469
2012-03-15,49.90800094604492
2012-03-16,50.37799835205078
2012-03-17,50.37799835205078
2012-03-18,50.37799835205078
2012-03-19,50.132999420166016
2012-03-20,50.22800064086914
2012-03-21,50.38800048828125
2012-03-22,50.62799835205078
2012-03-23,51.119998931884766
2012-03-24,51.119998931884766
2012-03-25,51.119998931884766
2012-03-26,51.167999267578125
2012-03-27,51.02299880981445
2012-03-28,50.678001403808594
2012-03-29,50.77299880981445
2012-03-30,51.3380012512207
2012-03-31,51.3380012512207
2012-04-01,51.3380012512207
2012-04-02,50.86800003051758
2012-04-03,50.86800003051758
2012-04-04,50.25
2012-04-05,51.108001708984375
2012-04-06,51.03300094604492
2012-04-07,51.03300094604492
2012-04-08,51.03300094604492
2012-04-09,51.03300094604492
2012-04-10,51.04999923706055
2012-04-11,51.472999572753906
2012-04-12,51.45800018310547
2012-04-13,51.22800064086914
2012-04-14,51.22800064086914
2012-04-15,51.22800064086914
2012-04-16,51.542999267578125
2012-04-17,51.667999267578125
2012-04-18,51.46799850463867
2012-04-19,51.78799819946289
2012-04-20,52.13800048828125
2012-04-21,52.13800048828125
2012-04-22,52.13800048828125
2012-04-23,52.06800079345703
2012-04-24,52.49800109863281
2012-04-25,52.67300033569336
2012-04-26,52.53799819946289
2012-04-27,52.40299987792969
2012-04-28,52.40299987792969
2012-04-29,52.40299987792969
2012-04-30,52.53799819946289
2012-05-01,52.65800094604492
2012-05-02,52.529998779296875
2012-05-03,52.95800018310547
2012-05-04,53.40800094604492
2012-05-05,53.40800094604492
2012-05-06,53.40800094604492
2012-05-07,53.46799850463867
2012-05-08,52.90299987792969
2012-05-09,53.11800003051758
2012-05-10,53.81800079345703
2012-05-11,53.25299835205078
2012-05-12,53.25299835205078
2012-05-13,53.25299835205078
2012-05-14,53.62799835205078
2012-05-15,53.95800018310547
2012-05-16,53.78799819946289
2012-05-17,54.487998962402344
2012-05-18,54.46799850463867
2012-05-19,54.46799850463867
2012-05-20,54.46799850463867
2012-05-21,54.417999267578125
2012-05-22,55.02799987792969
2012-05-23,55.38800048828125
2012-05-24,55.99300003051758
2012-05-25,55.560001373291016
2012-05-26,55.560001373291016
2012-05-27,55.560001373291016
2012-05-28,55.36800003051758
2012-05-29,55.36800003051758
2012-05-30,55.667999267578125
2012-05-31,56.22800064086914
2012-06-01,56.077999114990234
2012-06-02,56.077999114990234
2012-06-03,56.077999114990234
2012-06-04,55.53799819946289
2012-06-05,55.64799880981445
2012-06-06,55.63800048828125
2012-06-07,55.358001708984375
2012-06-08,54.9379997253418
2012-06-09,54.9379997253418
2012-06-10,54.9379997253418
2012-06-11,55.417999267578125
2012-06-12,55.65800094604492
2012-06-13,55.79800033569336
2012-06-14,55.678001403808594
2012-06-15,55.79800033569336
2012-06-16,55.79800033569336
2012-06-17,55.79800033569336
2012-06-18,55.38800048828125
2012-06-19,55.90299987792969
2012-06-20,55.948001861572266
2012-06-21,56.14799880981445
2012-06-22,56.29800033569336
2012-06-23,56.29800033569336
2012-06-24,56.29800033569336
2012-06-25,57.11800003051758
2012-06-26,57.007999420166016
2012-06-27,57.007999420166016
2012-06-28,56.849998474121094
2012-06-29,56.79800033569336
2012-06-30,56.79800033569336
2012-07-01,56.79800033569336
2012-07-02,55.50299835205078
2012-07-03,55.428001403808594
2012-07-04,54.358001708984375
2012-07-05,54.47800064086914
2012-07-06,54.9379997253418
2012-07-07,54.9379997253418
2012-07-08,54.9379997253418
2012-07-09,55.40299987792969
2012-07-10,55.84299850463867
2012-07-11,55.38800048828125
2012-07-12,55.61800003051758
2012-07-13,55.928001403808594
2012-07-14,55.928001403808594
2012-07-15,55.928001403808594
2012-07-16,55.13800048828125
2012-07-17,55.04800033569336
2012-07-18,55.097999572753906
2012-07-19,55.3129997253418
2012-07-20,55.11800003051758
2012-07-21,55.11800003051758
2012-07-22,55.11800003051758
2012-07-23,55.31800079345703
2012-07-24,55.9630012512207
2012-07-25,56.108001708984375
2012-07-26,56.15800094604492
2012-07-27,55.518001556396484
2012-07-28,55.518001556396484
2012-07-29,55.518001556396484
2012-07-30,55.24800109863281
2012-07-31,55.42300033569336
2012-08-01,55.64799880981445
2012-08-02,55.46799850463867
2012-08-03,55.8380012512207
2012-08-04,55.8380012512207
2012-08-05,55.8380012512207
2012-08-06,55.74800109863281
2012-08-07,55.518001556396484
2012-08-08,55.0629997253418
2012-08-09,55.417999267578125
2012-08-10,55.268001556396484
2012-08-11,55.268001556396484
2012-08-12,55.268001556396484
2012-08-13,55.27799987792969
2012-08-14,55.3380012512207
2012-08-15,55.64799880981445
2012-08-16,55.64799880981445
2012-08-17,55.61800003051758
2012-08-18,55.61800003051758
2012-08-19,55.61800003051758
2012-08-20,55.72800064086914
2012-08-21,55.49800109863281
2012-08-22,55.362998962402344
2012-08-23,55.49300003051758
2012-08-24,55.257999420166016
2012-08-25,55.257999420166016
2012-08-26,55.257999420166016
2012-08-27,55.49800109863281
2012-08-28,55.6879997253418
2012-08-29,55.66299819946289
2012-08-30,55.62300109863281
2012-08-31,55.62799835205078
2012-09-01,55.62799835205078
2012-09-02,55.62799835205078
2012-09-03,55.518001556396484
2012-09-04,55.52799987792969
2012-09-05,55.64799880981445
2012-09-06,55.90299987792969
2012-09-07,55.65800094604492
2012-09-08,55.65800094604492
2012-09-09,55.65800094604492
2012-09-10,55.358001708984375
2012-09-11,55.4379997253418
2012-09-12,55.3380012512207
2012-09-13,55.20800018310547
2012-09-14,55.417999267578125
2012-09-15,55.417999267578125
2012-09-16,55.417999267578125
2012-09-17,54.29800033569336
2012-09-18,54.007999420166016
2012-09-19,54.018001556396484
2012-09-20,54.018001556396484
2012-09-21,54.257999420166016
2012-09-22,54.257999420166016
2012-09-23,54.257999420166016
2012-09-24,53.358001708984375
2012-09-25,53.46799850463867
2012-09-26,53.358001708984375
2012-09-27,53.507999420166016
2012-09-28,53.007999420166016
2012-09-29,53.007999420166016
2012-09-30,53.007999420166016
2012-10-01,52.847999572753906
2012-10-02,52.39799880981445
2012-10-03,52.39799880981445
2012-10-04,52.15299987792969
2012-10-05,51.737998962402344
2012-10-06,51.737998962402344
2012-10-07,51.737998962402344
2012-10-08,51.90800094604492
2012-10-09,52.63800048828125
2012-10-10,52.71799850463867
2012-10-11,53.042999267578125
2012-10-12,52.667999267578125
2012-10-13,52.667999267578125
2012-10-14,52.667999267578125
2012-10-15,52.803001403808594
2012-10-16,53.01300048828125
2012-10-17,52.86800003051758
2012-10-18,52.86800003051758
2012-10-19,53.40800094604492
2012-10-20,53.40800094604492
2012-10-21,53.40800094604492
2012-10-22,53.8380012512207
2012-10-23,53.46799850463867
2012-10-24,53.71799850463867
2012-10-25,53.733001708984375
2012-10-26,53.54800033569336
2012-10-27,53.54800033569336
2012-10-28,53.54800033569336
2012-10-29,53.54800033569336
2012-10-30,54.077999114990234
2012-10-31,53.95800018310547
2012-11-01,53.87799835205078
2012-11-02,53.65299987792969
2012-11-03,53.65299987792969
2012-11-04,53.65299987792969
2012-11-05,53.80799865722656
2012-11-06,54.5880012512207
2012-11-07,54.417999267578125
2012-11-08,54.198001861572266
2012-11-09,54.358001708984375
2012-11-10,54.358001708984375
2012-11-11,54.358001708984375
2012-11-12,54.5880012512207
2012-11-13,54.87799835205078
2012-11-14,54.87799835205078
2012-11-15,54.803001403808594
2012-11-16,54.698001861572266
2012-11-17,54.698001861572266
2012-11-18,54.698001861572266
2012-11-19,55.15800094604492
2012-11-20,55.05799865722656
2012-11-21,55.097999572753906
2012-11-22,55.108001708984375
2012-11-23,55.20800018310547
2012-11-24,55.20800018310547
2012-11-25,55.20800018310547
2012-11-26,55.44300079345703
2012-11-27,55.63600158691406
2012-11-28,55.448001861572266
2012-11-29,55.702999114990234
2012-11-30,54.8380012512207
2012-12-01,54.8380012512207
2012-12-02,54.8380012512207
2012-12-03,54.257999420166016
2012-12-04,54.768001556396484
2012-12-05,54.67300033569336
2012-12-06,54.53799819946289
2012-12-07,54.132999420166016
2012-12-08,54.132999420166016
2012-12-09,54.132999420166016
2012-12-10,54.3380012512207
2012-12-11,54.487998962402344
2012-12-12,54.257999420166016
2012-12-13,54.31800079345703
2012-12-14,54.45800018310547
2012-12-15,54.45800018310547
2012-12-16,54.45800018310547
2012-12-17,54.4379997253418
2012-12-18,54.847999572753906
2012-12-19,54.847999572753906
2012-12-20,54.54800033569336
2012-12-21,54.847999572753906
2012-12-22,54.847999572753906
2012-12-23,54.847999572753906
2012-12-24,55.05799865722656
2012-12-25,54.948001861572266
2012-12-26,55.007999420166016
2012-12-27,54.8380012512207
2012-12-28,54.94200134277344
2012-12-29,54.94200134277344
2012-12-30,54.94200134277344
2012-12-31,54.75299835205078
2013-01-01,54.99300003051758
2013-01-02,54.678001403808594
2013-01-03,54.347999572753906
2013-01-04,54.49800109863281
2013-01-05,54.49800109863281
2013-01-06,54.49800109863281
2013-01-07,54.880001068115234
2013-01-08,55.21799850463867
2013-01-09,54.987998962402344
2013-01-10,54.74800109863281
2013-01-11,54.55799865722656
2013-01-12,54.55799865722656
2013-01-13,54.55799865722656
2013-01-14,54.86800003051758
2013-01-15,54.49300003051758
2013-01-16,54.612998962402344
2013-01-17,54.6879997253418
2013-01-18,54.347999572753906
2013-01-19,54.347999572753906
2013-01-20,54.347999572753906
2013-01-21,53.737998962402344
2013-01-22,53.768001556396484
2013-01-23,53.80799865722656
2013-01-24,53.667999267578125
2013-01-25,53.678001403808594
2013-01-26,53.678001403808594
2013-01-27,53.678001403808594
2013-01-28,53.792999267578125
2013-01-29,53.90800094604492
2013-01-30,53.757999420166016
2013-01-31,53.303001403808594
2013-02-01,53.2130012512207
2013-02-02,53.2130012512207
2013-02-03,53.2130012512207
2013-02-04,53.16299819946289
2013-02-05,53.28300094604492
2013-02-06,53.132999420166016
2013-02-07,53.15299987792969
2013-02-08,53.21799850463867
2013-02-09,53.21799850463867
2013-02-10,53.21799850463867
2013-02-11,53.5880012512207
2013-02-12,53.95800018310547
2013-02-13,53.847999572753906
2013-02-14,53.81800079345703
2013-02-15,53.917999267578125
2013-02-16,53.917999267578125
2013-02-17,53.917999267578125
2013-02-18,54.31800079345703
2013-02-19,54.178001403808594
2013-02-20,54.16299819946289
2013-02-21,54.06800079345703
2013-02-22,54.46799850463867
2013-02-23,54.46799850463867
2013-02-24,54.46799850463867
2013-02-25,54.27299880981445
2013-02-26,53.862998962402344
2013-02-27,54.0880012512207
2013-02-28,53.858001708984375
2013-03-01,54.362998962402344
2013-03-02,54.362998962402344
2013-03-03,54.362998962402344
2013-03-04,54.89799880981445
2013-03-05,54.858001708984375
2013-03-06,54.917999267578125
2013-03-07,54.7130012512207
2013-03-08,54.55799865722656
2013-03-09,54.55799865722656
2013-03-10,54.55799865722656
2013-03-11,54.34299850463867
2013-03-12,54.40800094604492
2013-03-13,54.141998291015625
2013-03-14,54.362998962402344
2013-03-15,54.35300064086914
2013-03-16,54.35300064086914
2013-03-17,54.35300064086914
2013-03-18,54.02299880981445
2013-03-19,54.073001861572266
2013-03-20,54.36800003051758
2013-03-21,54.349998474121094
2013-03-22,54.27799987792969
2013-03-23,54.27799987792969
2013-03-24,54.27799987792969
2013-03-25,54.34299850463867
2013-03-26,54.167999267578125
2013-03-27,54.362998962402344
2013-03-28,54.38800048828125
2013-03-29,54.38800048828125
2013-03-30,54.38800048828125
2013-03-31,54.38800048828125
2013-04-01,54.27799987792969
2013-04-02,54.25
2013-04-03,54.42300033569336
2013-04-04,54.428001403808594
2013-04-05,54.882999420166016
2013-04-06,54.882999420166016
2013-04-07,54.882999420166016
2013-04-08,54.803001403808594
2013-04-09,54.55799865722656
2013-04-10,54.577999114990234
2013-04-11,54.51300048828125
2013-04-12,54.29800033569336
2013-04-13,54.29800033569336
2013-04-14,54.29800033569336
2013-04-15,54.51300048828125
2013-04-16,54.542999267578125
2013-04-17,54.14799880981445
2013-04-18,54.20800018310547
2013-04-19,54.02299880981445
2013-04-20,54.02299880981445
2013-04-21,54.02299880981445
2013-04-22,53.93299865722656
2013-04-23,54.13800048828125
2013-04-24,54.37799835205078
2013-04-25,54.27299880981445
2013-04-26,54.21799850463867
2013-04-27,54.21799850463867
2013-04-28,54.21799850463867
2013-04-29,54.37300109863281
2013-04-30,54.22800064086914
2013-05-01,53.79800033569336
2013-05-02,53.65800094604492
2013-05-03,53.80799865722656
2013-05-04,53.80799865722656
2013-05-05,53.80799865722656
2013-05-06,53.779998779296875
2013-05-07,54.17300033569336
2013-05-08,54.12799835205078
2013-05-09,54.15800094604492
2013-05-10,54.24800109863281
2013-05-11,54.24800109863281
2013-05-12,54.24800109863281
2013-05-13,54.803001403808594
2013-05-14,54.827999114990234
2013-05-15,54.79800033569336
2013-05-16,54.77799987792969
2013-05-17,54.77799987792969
2013-05-18,54.77799987792969
2013-05-19,54.77799987792969
2013-05-20,54.88800048828125
2013-05-21,55.108001708984375
2013-05-22,55.40800094604492
2013-05-23,55.65299987792969
2013-05-24,55.70800018310547
2013-05-25,55.70800018310547
2013-05-26,55.70800018310547
2013-05-27,55.8129997253418
2013-05-28,55.564998626708984
2013-05-29,56.108001708984375
2013-05-30,56.29800033569336
2013-05-31,56.37799835205078
2013-06-01,56.37799835205078
2013-06-02,56.37799835205078
2013-06-03,56.573001861572266
2013-06-04,56.667999267578125
2013-06-05,56.4379997253418
2013-06-06,56.722999572753906
2013-06-07,56.8380012512207
2013-06-08,56.8380012512207
2013-06-09,56.8380012512207
2013-06-10,56.8380012512207
2013-06-11,56.8380012512207
2013-06-12,56.8380012512207
2013-06-13,57.827999114990234
2013-06-14,57.99800109863281
2013-06-15,57.99800109863281
2013-06-16,57.99800109863281
2013-06-17,57.49800109863281
2013-06-18,58.10300064086914
2013-06-19,58.8380012512207
2013-06-20,58.7130012512207
2013-06-21,59.56800079345703
2013-06-22,59.56800079345703
2013-06-23,59.56800079345703
2013-06-24,59.268001556396484
2013-06-25,59.80799865722656
2013-06-26,59.65800094604492
2013-06-27,60.7130012512207
2013-06-28,60.1879997253418
2013-06-29,60.1879997253418
2013-06-30,60.1879997253418
2013-07-01,59.5260009765625
2013-07-02,59.37799835205078
2013-07-03,59.54800033569336
2013-07-04,60.21900177001953
2013-07-05,60.17499923706055
2013-07-06,60.17499923706055
2013-07-07,60.17499923706055
2013-07-08,60.222999572753906
2013-07-09,60.6879997253418
2013-07-10,60.095001220703125
2013-07-11,59.88800048828125
2013-07-12,59.82699966430664
2013-07-13,59.82699966430664
2013-07-14,59.82699966430664
2013-07-15,59.88399887084961
2013-07-16,59.80799865722656
2013-07-17,59.292999267578125
2013-07-18,59.323001861572266
2013-07-19,59.737998962402344
2013-07-20,59.737998962402344
2013-07-21,59.737998962402344
2013-07-22,59.33300018310547
2013-07-23,59.71799850463867
2013-07-24,59.757999420166016
2013-07-25,59.12699890136719
2013-07-26,58.95800018310547
2013-07-27,58.95800018310547
2013-07-28,58.95800018310547
2013-07-29,59.060001373291016
2013-07-30,59.4119987487793
2013-07-31,60.80799865722656
2013-08-01,60.630001068115234
2013-08-02,60.43299865722656
2013-08-03,60.43299865722656
2013-08-04,60.43299865722656
2013-08-05,61.097999572753906
2013-08-06,60.87699890136719
2013-08-07,60.78300094604492
2013-08-08,61.202999114990234
2013-08-09,60.7239990234375
2013-08-10,60.7239990234375
2013-08-11,60.7239990234375
2013-08-12,60.672000885009766
2013-08-13,61.369998931884766
2013-08-14,61.45000076293945
2013-08-15,61.290000915527344
2013-08-16,61.2599983215332
2013-08-17,61.2599983215332
2013-08-18,61.2599983215332
2013-08-19,62.4900016784668
2013-08-20,63.849998474121094
2013-08-21,63.36000061035156
2013-08-22,64.69000244140625
2013-08-23,64.41000366210938
2013-08-24,64.41000366210938
2013-08-25,64.41000366210938
2013-08-26,64.06999969482422
2013-08-27,64.29299926757812
2013-08-28,66.86000061035156
2013-08-29,67.3499984741211
2013-08-30,67.38999938964844
2013-08-31,67.38999938964844
2013-09-01,67.38999938964844
2013-09-02,66.58999633789062
2013-09-03,66.51000213623047
2013-09-04,68.61000061035156
2013-09-05,66.2699966430664
2013-09-06,66.00800323486328
2013-09-07,66.00800323486328
2013-09-08,66.00800323486328
2013-09-09,65.23799896240234
2013-09-10,64.05999755859375
2013-09-11,63.619998931884766
2013-09-12,63.15999984741211
2013-09-13,63.619998931884766
2013-09-14,63.619998931884766
2013-09-15,63.619998931884766
2013-09-16,63.290000915527344
2013-09-17,63.290000915527344
2013-09-18,63.18000030517578
2013-09-19,63.58000183105469
2013-09-20,62.189998626708984
2013-09-21,62.189998626708984
2013-09-22,62.189998626708984
2013-09-23,62.720001220703125
2013-09-24,62.68000030517578
2013-09-25,62.720001220703125
2013-09-26,62.43000030517578
2013-09-27,61.72999954223633
2013-09-28,61.72999954223633
2013-09-29,61.72999954223633
2013-09-30,62.90999984741211
2013-10-01,62.58000183105469
2013-10-02,62.61000061035156
2013-10-03,62.06999969482422
2013-10-04,61.959999084472656
2013-10-05,61.959999084472656
2013-10-06,61.959999084472656
2013-10-07,61.380001068115234
2013-10-08,61.380001068115234
2013-10-09,62.029998779296875
2013-10-10,61.810001373291016
2013-10-11,61.61000061035156
2013-10-12,61.61000061035156
2013-10-13,61.61000061035156
2013-10-14,60.9900016784668
2013-10-15,61.380001068115234
2013-10-16,61.83000183105469
2013-10-17,61.45000076293945
2013-10-18,61.099998474121094
2013-10-19,61.099998474121094
2013-10-20,61.099998474121094
2013-10-21,61.2400016784668
2013-10-22,60.619998931884766
2013-10-23,61.189998626708984
2013-10-24,61.52000045776367
2013-10-25,61.45000076293945
2013-10-26,61.45000076293945
2013-10-27,61.45000076293945
2013-10-28,61.439998626708984
2013-10-29,61.5099983215332
2013-10-30,61.45000076293945
2013-10-31,61.31999969482422
2013-11-01,62.220001220703125
2013-11-02,62.220001220703125
2013-11-03,62.220001220703125
2013-11-04,62.20000076293945
2013-11-05,61.97999954223633
2013-11-06,62.15999984741211
2013-11-07,62.470001220703125
2013-11-08,62.849998474121094
2013-11-09,62.849998474121094
2013-11-10,62.849998474121094
2013-11-11,63.34000015258789
2013-11-12,63.47999954223633
2013-11-13,63.959999084472656
2013-11-14,63.369998931884766
2013-11-15,63.040000915527344
2013-11-16,63.040000915527344
2013-11-17,63.040000915527344
2013-11-18,62.709999084472656
2013-11-19,62.20000076293945
2013-11-20,62.11000061035156
2013-11-21,62.7599983215332
2013-11-22,62.9900016784668
2013-11-23,62.9900016784668
2013-11-24,62.9900016784668
2013-11-25,62.2400016784668
2013-11-26,62.50299835205078
2013-11-27,62.459999084472656
2013-11-28,62.540000915527344
2013-11-29,62.41299819946289
2013-11-30,62.41299819946289
2013-12-01,62.41299819946289
2013-12-02,62.459999084472656
2013-12-03,62.31800079345703
2013-12-04,62.362998962402344
2013-12-05,61.70000076293945
2013-12-06,61.58000183105469
2013-12-07,61.58000183105469
2013-12-08,61.58000183105469
2013-12-09,61.150001525878906
2013-12-10,60.869998931884766
2013-12-11,60.97999954223633
2013-12-12,61.59000015258789
2013-12-13,62.15999984741211
2013-12-14,62.15999984741211
2013-12-15,62.15999984741211
2013-12-16,62.1879997253418
2013-12-17,61.779998779296875
2013-12-18,61.709999084472656
2013-12-19,62.029998779296875
2013-12-20,62.459999084472656
2013-12-21,62.459999084472656
2013-12-22,62.459999084472656
2013-12-23,62.02000045776367
2013-12-24,61.84000015258789
2013-12-25,61.74800109863281
2013-12-26,61.790000915527344
2013-12-27,61.88999938964844
2013-12-28,61.88999938964844
2013-12-29,61.88999938964844
2013-12-30,61.66999816894531
2013-12-31,61.779998779296875
2014-01-01,61.803001403808594
2014-01-02,61.84000015258789
2014-01-03,62.060001373291016
2014-01-04,62.060001373291016
2014-01-05,62.060001373291016
2014-01-06,62.22999954223633
2014-01-07,62.310001373291016
2014-01-08,62.08000183105469
2014-01-09,62.119998931884766
2014-01-10,61.779998779296875
2014-01-11,61.779998779296875
2014-01-12,61.779998779296875
2014-01-13,61.439998626708984
2014-01-14,61.470001220703125
2014-01-15,61.470001220703125
2014-01-16,61.540000915527344
2014-01-17,61.41999816894531
2014-01-18,61.41999816894531
2014-01-19,61.41999816894531
2014-01-20,61.54999923706055
2014-01-21,61.61800003051758
2014-01-22,61.970001220703125
2014-01-23,61.869998931884766
2014-01-24,62.130001068115234
2014-01-25,62.130001068115234
2014-01-26,62.130001068115234
2014-01-27,62.72999954223633
2014-01-28,63.380001068115234
2014-01-29,62.380001068115234
2014-01-30,62.46799850463867
2014-01-31,62.310001373291016
2014-02-01,62.310001373291016
2014-02-02,62.310001373291016
2014-02-03,62.5
2014-02-04,62.869998931884766
2014-02-05,62.130001068115234
2014-02-06,62.22999954223633
2014-02-07,62.22999954223633
2014-02-08,62.22999954223633
2014-02-09,62.22999954223633
2014-02-10,62.09000015258789
2014-02-11,62.448001861572266
2014-02-12,62.029998779296875
2014-02-13,61.68000030517578
2014-02-14,62.150001525878906
2014-02-15,62.150001525878906
2014-02-16,62.150001525878906
2014-02-17,61.83000183105469
2014-02-18,61.790000915527344
2014-02-19,62.209999084472656
2014-02-20,62.2599983215332
2014-02-21,62.130001068115234
2014-02-22,62.130001068115234
2014-02-23,62.130001068115234
2014-02-24,62.0099983215332
2014-02-25,62.06800079345703
2014-02-26,61.97800064086914
2014-02-27,62.150001525878906
2014-02-28,62.02000045776367
2014-03-01,62.02000045776367
2014-03-02,62.02000045776367
2014-03-03,61.81999969482422
2014-03-04,62.16999816894531
2014-03-05,61.599998474121094
2014-03-06,61.74800109863281
2014-03-07,60.79999923706055
2014-03-08,60.79999923706055
2014-03-09,60.79999923706055
2014-03-10,61.22999954223633
2014-03-11,60.810001373291016
2014-03-12,61.040000915527344
2014-03-13,60.77000045776367
2014-03-14,61.459999084472656
2014-03-15,61.459999084472656
2014-03-16,61.459999084472656
2014-03-17,60.97999954223633
2014-03-18,61.040000915527344
2014-03-19,61.108001708984375
2014-03-20,60.95000076293945
2014-03-21,61.33300018310547
2014-03-22,61.33300018310547
2014-03-23,61.33300018310547
2014-03-24,61.02000045776367
2014-03-25,60.59000015258789
2014-03-26,60.220001220703125
2014-03-27,60.15999984741211
2014-03-28,60.237998962402344
2014-03-29,60.237998962402344
2014-03-30,60.237998962402344
2014-03-31,59.84000015258789
2014-04-01,59.9900016784668
2014-04-02,59.779998779296875
2014-04-03,59.89799880981445
2014-04-04,60.38999938964844
2014-04-05,60.38999938964844
2014-04-06,60.38999938964844
2014-04-07,59.66999816894531
2014-04-08,60.119998931884766
2014-04-09,60.09000015258789
2014-04-10,59.959999084472656
2014-04-11,60.29999923706055
2014-04-12,60.29999923706055
2014-04-13,60.29999923706055
2014-04-14,60.34000015258789
2014-04-15,60.34000015258789
2014-04-16,60.29999923706055
2014-04-17,60.25
2014-04-18,60.290000915527344
2014-04-19,60.290000915527344
2014-04-20,60.290000915527344
2014-04-21,60.150001525878906
2014-04-22,60.47999954223633
2014-04-23,60.757999420166016
2014-04-24,61.0099983215332
2014-04-25,61.119998931884766
2014-04-26,61.119998931884766
2014-04-27,61.119998931884766
2014-04-28,60.63800048828125
2014-04-29,60.643001556396484
2014-04-30,60.417999267578125
2014-05-01,60.119998931884766
2014-05-02,60.13999938964844
2014-05-03,60.13999938964844
2014-05-04,60.13999938964844
2014-05-05,60.02000045776367
2014-05-06,60.11000061035156
2014-05-07,59.97800064086914
2014-05-08,59.88999938964844
2014-05-09,59.93000030517578
2014-05-10,59.93000030517578
2014-05-11,59.93000030517578
2014-05-12,59.849998474121094
2014-05-13,59.41999816894531
2014-05-14,59.310001373291016
2014-05-15,59.400001525878906
2014-05-16,59.33000183105469
2014-05-17,59.33000183105469
2014-05-18,59.33000183105469
2014-05-19,58.560001373291016
2014-05-20,58.36800003051758
2014-05-21,58.58300018310547
2014-05-22,58.6879997253418
2014-05-23,58.27799987792969
2014-05-24,58.27799987792969
2014-05-25,58.27799987792969
2014-05-26,58.41999816894531
2014-05-27,58.650001525878906
2014-05-28,59.03799819946289
2014-05-29,58.83000183105469
2014-05-30,58.900001525878906
2014-05-31,58.900001525878906
2014-06-01,58.900001525878906
2014-06-02,59.1879997253418
2014-06-03,59.15999984741211
2014-06-04,59.29999923706055
2014-06-05,59.2599983215332
2014-06-06,59.16299819946289
2014-06-07,59.16299819946289
2014-06-08,59.16299819946289
2014-06-09,59.167999267578125
2014-06-10,59.198001861572266
2014-06-11,59.119998931884766
2014-06-12,59.33300018310547
2014-06-13,59.28799819946289
2014-06-14,59.28799819946289
2014-06-15,59.28799819946289
2014-06-16,59.702999114990234
2014-06-17,60.09000015258789
2014-06-18,60.323001861572266
2014-06-19,59.810001373291016
2014-06-20,60.15999984741211
2014-06-21,60.15999984741211
2014-06-22,60.15999984741211
2014-06-23,60.167999267578125
2014-06-24,60.15299987792969
2014-06-25,60.189998626708984
2014-06-26,59.95000076293945
2014-06-27,60.08000183105469
2014-06-28,60.08000183105469
2014-06-29,60.08000183105469
2014-06-30,60.03799819946289
2014-07-01,59.970001220703125
2014-07-02,60.02799987792969
2014-07-03,59.439998626708984
2014-07-04,59.61000061035156
2014-07-05,59.61000061035156
2014-07-06,59.61000061035156
2014-07-07,59.71799850463867
2014-07-08,59.948001861572266
2014-07-09,59.74800109863281
2014-07-10,59.757999420166016
2014-07-11,60.1879997253418
2014-07-12,60.1879997253418
2014-07-13,60.1879997253418
2014-07-14,60.0880012512207
2014-07-15,60.060001373291016
2014-07-16,60.16999816894531
2014-07-17,60.08000183105469
2014-07-18,60.599998474121094
2014-07-19,60.599998474121094
2014-07-20,60.599998474121094
2014-07-21,60.27799987792969
2014-07-22,60.25
2014-07-23,60.097999572753906
2014-07-24,59.86000061035156
2014-07-25,60.060001373291016
2014-07-26,60.060001373291016
2014-07-27,60.060001373291016
2014-07-28,60.053001403808594
2014-07-29,60.04999923706055
2014-07-30,60.040000915527344
2014-07-31,60.25
2014-08-01,60.77000045776367
2014-08-02,60.77000045776367
2014-08-03,60.77000045776367
2014-08-04,61.20800018310547
2014-08-05,60.900001525878906
2014-08-06,60.84299850463867
2014-08-07,61.189998626708984
2014-08-08,61.237998962402344
2014-08-09,61.237998962402344
2014-08-10,61.237998962402344
2014-08-11,61.13800048828125
2014-08-12,61.119998931884766
2014-08-13,61.220001220703125
2014-08-14,61.02000045776367
2014-08-15,60.63999938964844
2014-08-16,60.63999938964844
2014-08-17,60.63999938964844
2014-08-18,60.77299880981445
2014-08-19,60.81999969482422
2014-08-20,60.7400016784668
2014-08-21,60.608001708984375
2014-08-22,60.439998626708984
2014-08-23,60.439998626708984
2014-08-24,60.439998626708984
2014-08-25,60.4630012512207
2014-08-26,60.5099983215332
2014-08-27,60.428001403808594
2014-08-28,60.448001861572266
2014-08-29,60.61000061035156
2014-08-30,60.61000061035156
2014-08-31,60.61000061035156
2014-09-01,60.51300048828125
2014-09-02,60.52299880981445
2014-09-03,60.678001403808594
2014-09-04,60.38999938964844
2014-09-05,60.369998931884766
2014-09-06,60.369998931884766
2014-09-07,60.369998931884766
2014-09-08,60.38800048828125
2014-09-09,60.380001068115234
2014-09-10,60.790000915527344
2014-09-11,60.79999923706055
2014-09-12,60.810001373291016
2014-09-13,60.810001373291016
2014-09-14,60.810001373291016
2014-09-15,60.64799880981445
2014-09-16,60.970001220703125
2014-09-17,61.053001403808594
2014-09-18,60.90800094604492
2014-09-19,60.689998626708984
2014-09-20,60.689998626708984
2014-09-21,60.689998626708984
2014-09-22,60.85300064086914
2014-09-23,61.0
2014-09-24,60.97999954223633
2014-09-25,60.810001373291016
2014-09-26,61.4900016784668
2014-09-27,61.4900016784668
2014-09-28,61.4900016784668
2014-09-29,61.13800048828125
2014-09-30,61.553001403808594
2014-10-01,61.81999969482422
2014-10-02,61.7130012512207
2014-10-03,61.439998626708984
2014-10-04,61.439998626708984
2014-10-05,61.439998626708984
2014-10-06,61.53799819946289
2014-10-07,61.209999084472656
2014-10-08,61.27000045776367
2014-10-09,60.880001068115234
2014-10-10,61.02000045776367
2014-10-11,61.02000045776367
2014-10-12,61.02000045776367
2014-10-13,61.27799987792969
2014-10-14,61.00299835205078
2014-10-15,61.393001556396484
2014-10-16,61.37300109863281
2014-10-17,61.722999572753906
2014-10-18,61.722999572753906
2014-10-19,61.722999572753906
2014-10-20,61.358001708984375
2014-10-21,61.22800064086914
2014-10-22,61.143001556396484
2014-10-23,61.099998474121094
2014-10-24,61.130001068115234
2014-10-25,61.130001068115234
2014-10-26,61.130001068115234
2014-10-27,61.16299819946289
2014-10-28,61.29800033569336
2014-10-29,61.180999755859375
2014-10-30,61.28300094604492
2014-10-31,61.43299865722656
2014-11-01,61.43299865722656
2014-11-02,61.43299865722656
2014-11-03,61.39799880981445
2014-11-04,61.41299819946289
2014-11-05,61.28799819946289
2014-11-06,61.369998931884766
2014-11-07,61.49300003051758
2014-11-08,61.49300003051758
2014-11-09,61.49300003051758
2014-11-10,61.51300048828125
2014-11-11,61.529998779296875
2014-11-12,61.4900016784668
2014-11-13,61.36800003051758
2014-11-14,61.59299850463867
2014-11-15,61.59299850463867
2014-11-16,61.59299850463867
2014-11-17,61.70800018310547
2014-11-18,61.823001861572266
2014-11-19,61.71799850463867
2014-11-20,61.9379997253418
2014-11-21,61.92300033569336
2014-11-22,61.92300033569336
2014-11-23,61.92300033569336
2014-11-24,61.7599983215332
2014-11-25,61.85300064086914
2014-11-26,61.84000015258789
2014-11-27,61.78799819946289
2014-11-28,61.85300064086914
2014-11-29,61.85300064086914
2014-11-30,61.85300064086914
2014-12-01,62.202999114990234
2014-12-02,61.948001861572266
2014-12-03,61.78799819946289
2014-12-04,61.85599899291992
2014-12-05,61.78300094604492
2014-12-06,61.78300094604492
2014-12-07,61.78300094604492
2014-12-08,61.9109992980957
2014-12-09,61.81800079345703
2014-12-10,61.87300109863281
2014-12-11,62.00299835205078
2014-12-12,62.472999572753906
2014-12-13,62.472999572753906
2014-12-14,62.472999572753906
2014-12-15,62.518001556396484
2014-12-16,63.167999267578125
2014-12-17,63.65299987792969
2014-12-18,63.518001556396484
2014-12-19,62.983001708984375
2014-12-20,62.983001708984375
2014-12-21,62.983001708984375
2014-12-22,63.2400016784668
2014-12-23,63.222999572753906
2014-12-24,63.43299865722656
2014-12-25,63.400001525878906
2014-12-26,63.51300048828125
2014-12-27,63.51300048828125
2014-12-28,63.51300048828125
2014-12-29,63.59000015258789
2014-12-30,63.66299819946289
2014-12-31,63.37799835205078
2015-01-01,63.02799987792969
2015-01-02,63.02799987792969
2015-01-03,63.02799987792969
2015-01-04,63.02799987792969
2015-01-05,63.27799987792969
2015-01-06,63.3380012512207
2015-01-07,63.56800079345703
2015-01-08,63.27299880981445
2015-01-09,62.667999267578125
2015-01-10,62.667999267578125
2015-01-11,62.667999267578125
2015-01-12,62.347999572753906
2015-01-13,62.06800079345703
2015-01-14,61.972999572753906
2015-01-15,62.0880012512207
2015-01-16,62.05799865722656
2015-01-17,62.05799865722656
2015-01-18,62.05799865722656
2015-01-19,61.862998962402344
2015-01-20,61.63800048828125
2015-01-21,61.64799880981445
2015-01-22,61.553001403808594
2015-01-23,61.597999572753906
2015-01-24,61.597999572753906
2015-01-25,61.597999572753906
2015-01-26,61.43299865722656
2015-01-27,61.472999572753906
2015-01-28,61.40299987792969
2015-01-29,61.35100173950195
2015-01-30,61.79600143432617
2015-01-31,61.79600143432617
2015-02-01,61.79600143432617
2015-02-02,62.01300048828125
2015-02-03,61.72800064086914
2015-02-04,61.61399841308594
2015-02-05,61.86000061035156
2015-02-06,61.733001708984375
2015-02-07,61.733001708984375
2015-02-08,61.733001708984375
2015-02-09,61.9630012512207
2015-02-10,62.130001068115234
2015-02-11,62.34199905395508
2015-02-12,62.38199996948242
2015-02-13,62.16999816894531
2015-02-14,62.16999816894531
2015-02-15,62.16999816894531
2015-02-16,62.069000244140625
2015-02-17,62.18600082397461
2015-02-18,62.11199951171875
2015-02-19,62.07400131225586
2015-02-20,62.165000915527344
2015-02-21,62.165000915527344
2015-02-22,62.165000915527344
2015-02-23,62.10100173950195
2015-02-24,62.17100143432617
2015-02-25,62.233001708984375
2015-02-26,61.87699890136719
2015-02-27,61.75400161743164
2015-02-28,61.75400161743164
2015-03-01,61.75400161743164
2015-03-02,61.6510009765625
2015-03-03,61.9010009765625
2015-03-04,61.8129997253418
2015-03-05,62.30500030517578
2015-03-06,62.44300079345703
2015-03-07,62.44300079345703
2015-03-08,62.44300079345703
2015-03-09,62.452999114990234
2015-03-10,62.67300033569336
2015-03-11,62.7130012512207
2015-03-12,62.755001068115234
2015-03-13,62.53499984741211
2015-03-14,62.53499984741211
2015-03-15,62.53499984741211
2015-03-16,63.07600021362305
2015-03-17,62.78900146484375
2015-03-18,62.61600112915039
2015-03-19,62.69300079345703
2015-03-20,62.483001708984375
2015-03-21,62.483001708984375
2015-03-22,62.483001708984375
2015-03-23,62.40299987792969
2015-03-24,62.222999572753906
2015-03-25,62.27799987792969
2015-03-26,62.46200180053711
2015-03-27,62.82899856567383
2015-03-28,62.82899856567383
2015-03-29,62.82899856567383
2015-03-30,62.51499938964844
2015-03-31,62.50899887084961
2015-04-01,62.305999755859375
2015-04-02,62.16899871826172
2015-04-03,62.060001373291016
2015-04-04,62.060001373291016
2015-04-05,62.060001373291016
2015-04-06,62.060001373291016
2015-04-07,62.060001373291016
2015-04-08,62.308998107910156
2015-04-09,62.18199920654297
2015-04-10,62.31399917602539
2015-04-11,62.31399917602539
2015-04-12,62.31399917602539
2015-04-13,62.26900100708008
2015-04-14,62.39099884033203
2015-04-15,62.31399917602539
2015-04-16,62.38999938964844
2015-04-17,62.32600021362305
2015-04-18,62.32600021362305
2015-04-19,62.32600021362305
2015-04-20,62.542999267578125
2015-04-21,63.14500045776367
2015-04-22,62.87799835205078
2015-04-23,62.935001373291016
2015-04-24,63.2869987487793
2015-04-25,63.2869987487793
2015-04-26,63.2869987487793
2015-04-27,63.654998779296875
2015-04-28,63.13999938964844
2015-04-29,63.03300094604492
2015-04-30,63.44200134277344
2015-05-01,63.52299880981445
2015-05-02,63.52299880981445
2015-05-03,63.52299880981445
2015-05-04,63.52299880981445
2015-05-05,63.59299850463867
2015-05-06,63.34400177001953
2015-05-07,63.65999984741211
2015-05-08,64.08200073242188
2015-05-09,64.08200073242188
2015-05-10,64.08200073242188
2015-05-11,63.70399856567383
2015-05-12,64.0199966430664
2015-05-13,64.21099853515625
2015-05-14,64.04399871826172
2015-05-15,63.40800094604492
2015-05-16,63.40800094604492
2015-05-17,63.40800094604492
2015-05-18,63.43299865722656
2015-05-19,63.729000091552734
2015-05-20,63.78499984741211
2015-05-21,63.625
2015-05-22,63.625999450683594
2015-05-23,63.625999450683594
2015-05-24,63.625999450683594
2015-05-25,63.483001708984375
2015-05-26,63.57099914550781
2015-05-27,63.97600173950195
2015-05-28,63.874000549316406
2015-05-29,63.82500076293945
2015-05-30,63.82500076293945
2015-05-31,63.82500076293945
2015-06-01,63.736000061035156
2015-06-02,63.61000061035156
2015-06-03,63.6619987487793
2015-06-04,64.05899810791016
2015-06-05,64.0009994506836
2015-06-06,64.0009994506836
2015-06-07,64.0009994506836
2015-06-08,63.762001037597656
2015-06-09,63.97600173950195
2015-06-10,64.03800201416016
2015-06-11,63.79899978637695
2015-06-12,63.999000549316406
2015-06-13,63.999000549316406
2015-06-14,63.999000549316406
2015-06-15,64.09200286865234
2015-06-16,64.052001953125
2015-06-17,64.18199920654297
2015-06-18,64.00299835205078
2015-06-19,63.64500045776367
2015-06-20,63.64500045776367
2015-06-21,63.64500045776367
2015-06-22,63.492000579833984
2015-06-23,63.50699996948242
2015-06-24,63.599998474121094
2015-06-25,63.5620002746582
2015-06-26,63.51100158691406
2015-06-27,63.51100158691406
2015-06-28,63.51100158691406
2015-06-29,63.444000244140625
2015-06-30,63.7239990234375
2015-07-01,63.59000015258789
2015-07-02,63.57400131225586
2015-07-03,63.369998931884766
2015-07-04,63.369998931884766
2015-07-05,63.369998931884766
2015-07-06,63.40399932861328
2015-07-07,63.3650016784668
2015-07-08,63.518001556396484
2015-07-09,63.5620002746582
2015-07-10,63.36399841308594
2015-07-11,63.36399841308594
2015-07-12,63.36399841308594
2015-07-13,63.35200119018555
2015-07-14,63.513999938964844
2015-07-15,63.32400131225586
2015-07-16,63.52399826049805
2015-07-17,63.481998443603516
2015-07-18,63.481998443603516
2015-07-19,63.481998443603516
2015-07-20,63.48400115966797
2015-07-21,63.625
2015-07-22,63.58300018310547
2015-07-23,63.66400146484375
2015-07-24,63.847999572753906
2015-07-25,63.847999572753906
2015-07-26,63.847999572753906
2015-07-27,64.0999984741211
2015-07-28,64.21700286865234
2015-07-29,63.8390007019043
2015-07-30,63.882999420166016
2015-07-31,64.11799621582031
2015-08-01,64.11799621582031
2015-08-02,64.11799621582031
2015-08-03,63.97999954223633
2015-08-04,64.1240005493164
2015-08-05,63.819000244140625
2015-08-06,63.69599914550781
2015-08-07,63.733001708984375
2015-08-08,63.733001708984375
2015-08-09,63.733001708984375
2015-08-10,63.733001708984375
2015-08-11,63.8380012512207
2015-08-12,64.32599639892578
2015-08-13,64.79900360107422
2015-08-14,65.26899719238281
2015-08-15,65.26899719238281
2015-08-16,65.26899719238281
2015-08-17,65.12200164794922
2015-08-18,65.44300079345703
2015-08-19,65.44599914550781
2015-08-20,65.05400085449219
2015-08-21,65.46099853515625
2015-08-22,65.46099853515625
2015-08-23,65.46099853515625
2015-08-24,66.0260009765625
2015-08-25,66.80699920654297
2015-08-26,66.28299713134766
2015-08-27,66.05599975585938
2015-08-28,66.05500030517578
2015-08-29,66.05500030517578
2015-08-30,66.05500030517578
2015-08-31,66.14299774169922
2015-09-01,66.3499984741211
2015-09-02,66.4229965209961
2015-09-03,66.22599792480469
2015-09-04,66.16000366210938
2015-09-05,66.16000366210938
2015-09-06,66.16000366210938
2015-09-07,66.6780014038086
2015-09-08,66.8030014038086
2015-09-09,66.40599822998047
2015-09-10,66.59700012207031
2015-09-11,66.31900024414062
2015-09-12,66.31900024414062
2015-09-13,66.31900024414062
2015-09-14,66.23400115966797
2015-09-15,66.31500244140625
2015-09-16,66.43000030517578
2015-09-17,66.19599914550781
2015-09-18,66.12200164794922
2015-09-19,66.12200164794922
2015-09-20,66.12200164794922
2015-09-21,65.86100006103516
2015-09-22,65.73899841308594
2015-09-23,65.875
2015-09-24,66.16200256347656
2015-09-25,66.22100067138672
2015-09-26,66.22100067138672
2015-09-27,66.22100067138672
2015-09-28,66.16300201416016
2015-09-29,66.26000213623047
2015-09-30,65.91999816894531
2015-10-01,65.5270004272461
2015-10-02,65.61799621582031
2015-10-03,65.61799621582031
2015-10-04,65.61799621582031
2015-10-05,65.35700225830078
2015-10-06,65.12300109863281
2015-10-07,65.18399810791016
2015-10-08,64.93900299072266
2015-10-09,64.99500274658203
2015-10-10,64.99500274658203
2015-10-11,64.99500274658203
2015-10-12,64.77200317382812
2015-10-13,64.78199768066406
2015-10-14,65.08499908447266
2015-10-15,64.8489990234375
2015-10-16,64.78399658203125
2015-10-17,64.78399658203125
2015-10-18,64.78399658203125
2015-10-19,64.69499969482422
2015-10-20,64.95099639892578
2015-10-21,64.99400329589844
2015-10-22,65.15899658203125
2015-10-23,65.05000305175781
2015-10-24,65.05000305175781
2015-10-25,65.05000305175781
2015-10-26,64.88500213623047
2015-10-27,64.9010009765625
2015-10-28,65.06700134277344
2015-10-29,64.94599914550781
2015-10-30,65.44400024414062
2015-10-31,65.44400024414062
2015-11-01,65.44400024414062
2015-11-02,65.41500091552734
2015-11-03,65.54100036621094
2015-11-04,65.53099822998047
2015-11-05,65.58499908447266
2015-11-06,65.86000061035156
2015-11-07,65.86000061035156
2015-11-08,65.86000061035156
2015-11-09,66.13300323486328
2015-11-10,66.46800231933594
2015-11-11,66.19300079345703
2015-11-12,66.06300354003906
2015-11-13,66.0479965209961
2015-11-14,66.0479965209961
2015-11-15,66.0479965209961
2015-11-16,66.0510025024414
2015-11-17,65.89700317382812
2015-11-18,66.03700256347656
2015-11-19,66.07499694824219
2015-11-20,66.08499908447266
2015-11-21,66.08499908447266
2015-11-22,66.08499908447266
2015-11-23,66.05000305175781
2015-11-24,66.37100219726562
2015-11-25,66.30000305175781
2015-11-26,66.38200378417969
2015-11-27,66.55799865722656
2015-11-28,66.55799865722656
2015-11-29,66.55799865722656
2015-11-30,66.9000015258789
2015-12-01,66.50800323486328
2015-12-02,66.46099853515625
2015-12-03,66.55699920654297
2015-12-04,66.8030014038086
2015-12-05,66.8030014038086
2015-12-06,66.8030014038086
2015-12-07,66.63600158691406
2015-12-08,66.76799774169922
2015-12-09,66.83300018310547
2015-12-10,66.88999938964844
2015-12-11,66.78600311279297
2015-12-12,66.78600311279297
2015-12-13,66.78600311279297
2015-12-14,67.14099884033203
2015-12-15,67.07099914550781
2015-12-16,66.90299987792969
2015-12-17,66.4280014038086
2015-12-18,66.45899963378906
2015-12-19,66.45899963378906
2015-12-20,66.45899963378906
2015-12-21,66.24800109863281
2015-12-22,66.26899719238281
2015-12-23,66.24299621582031
2015-12-24,66.15399932861328
2015-12-25,65.94000244140625
2015-12-26,65.94000244140625
2015-12-27,65.94000244140625
2015-12-28,65.94000244140625
2015-12-29,66.13400268554688
2015-12-30,66.26000213623047
2015-12-31,66.45500183105469
2016-01-01,66.19300079345703
2016-01-02,66.19300079345703
2016-01-03,66.19300079345703
2016-01-04,66.19300079345703
2016-01-05,66.60099792480469
2016-01-06,66.52400207519531
2016-01-07,66.7239990234375
2016-01-08,66.9209976196289
2016-01-09,66.9209976196289
2016-01-10,66.9209976196289
2016-01-11,66.83999633789062
2016-01-12,66.79299926757812
2016-01-13,66.91999816894531
2016-01-14,66.93599700927734
2016-01-15,67.30400085449219
2016-01-16,67.30400085449219
2016-01-17,67.30400085449219
2016-01-18,67.76699829101562
2016-01-19,67.71099853515625
2016-01-20,67.76699829101562
2016-01-21,67.9489974975586
2016-01-22,67.80799865722656
2016-01-23,67.80799865722656
2016-01-24,67.80799865722656
2016-01-25,67.54100036621094
2016-01-26,67.74099731445312
2016-01-27,67.7699966430664
2016-01-28,68.19599914550781
2016-01-29,68.09300231933594
2016-01-30,68.09300231933594
2016-01-31,68.09300231933594
2016-02-01,67.87000274658203
2016-02-02,67.88200378417969
2016-02-03,67.98600006103516
2016-02-04,67.927001953125
2016-02-05,67.56400299072266
2016-02-06,67.56400299072266
2016-02-07,67.56400299072266
2016-02-08,67.802001953125
2016-02-09,68.07599639892578
2016-02-10,67.9280014038086
2016-02-11,67.89299774169922
2016-02-12,68.4739990234375
2016-02-13,68.4739990234375
2016-02-14,68.4739990234375
2016-02-15,68.11100006103516
2016-02-16,68.13700103759766
2016-02-17,68.50599670410156
2016-02-18,68.35600280761719
2016-02-19,68.56600189208984
2016-02-20,68.56600189208984
2016-02-21,68.56600189208984
2016-02-22,68.53800201416016
2016-02-23,68.5739974975586
2016-02-24,68.60299682617188
2016-02-25,68.3759994506836
2016-02-26,68.7969970703125
2016-02-27,68.7969970703125
2016-02-28,68.7969970703125
2016-02-29,68.7300033569336
2016-03-01,68.21800231933594
2016-03-02,67.74600219726562
2016-03-03,67.38800048828125
2016-03-04,67.14299774169922
2016-03-05,67.14299774169922
2016-03-06,67.14299774169922
2016-03-07,66.93000030517578
2016-03-08,67.0459976196289
2016-03-09,67.35700225830078
2016-03-10,67.1449966430664
2016-03-11,67.30899810791016
2016-03-12,67.30899810791016
2016-03-13,67.30899810791016
2016-03-14,66.91300201416016
2016-03-15,67.17400360107422
2016-03-16,67.35900115966797
2016-03-17,66.83000183105469
2016-03-18,66.61199951171875
2016-03-19,66.61199951171875
2016-03-20,66.61199951171875
2016-03-21,66.3759994506836
2016-03-22,66.5199966430664
2016-03-23,66.76399993896484
2016-03-24,66.9020004272461
2016-03-25,66.90699768066406
2016-03-26,66.90699768066406
2016-03-27,66.90699768066406
2016-03-28,66.90699768066406
2016-03-29,66.90699768066406
2016-03-30,66.36799621582031
2016-03-31,66.36799621582031
2016-04-01,66.24800109863281
2016-04-02,66.24800109863281
2016-04-03,66.24800109863281
2016-04-04,66.35800170898438
2016-04-05,66.13300323486328
2016-04-06,66.46800231933594
2016-04-07,66.53299713134766
2016-04-08,66.77899932861328
2016-04-09,66.77899932861328
2016-04-10,66.77899932861328
2016-04-11,66.54399871826172
2016-04-12,66.29000091552734
2016-04-13,66.31500244140625
2016-04-14,66.5250015258789
2016-04-15,66.63700103759766
2016-04-16,66.63700103759766
2016-04-17,66.63700103759766
2016-04-18,66.65299987792969
2016-04-19,66.40899658203125
2016-04-20,66.22200012207031
2016-04-21,66.2040023803711
2016-04-22,66.51200103759766
2016-04-23,66.51200103759766
2016-04-24,66.51200103759766
2016-04-25,66.65299987792969
2016-04-26,66.70500183105469
2016-04-27,66.45700073242188
2016-04-28,66.3550033569336
2016-04-29,66.43800354003906
2016-04-30,66.43800354003906
2016-05-01,66.43800354003906
2016-05-02,66.41799926757812
2016-05-03,66.37100219726562
2016-05-04,66.59200286865234
2016-05-05,66.62000274658203
2016-05-06,66.60199737548828
2016-05-07,66.60199737548828
2016-05-08,66.60199737548828
2016-05-09,66.59400177001953
2016-05-10,66.72100067138672
2016-05-11,66.66600036621094
2016-05-12,66.59100341796875
2016-05-13,66.7509994506836
2016-05-14,66.7509994506836
2016-05-15,66.7509994506836
2016-05-16,66.9000015258789
2016-05-17,66.875
2016-05-18,66.86799621582031
2016-05-19,67.16000366210938
2016-05-20,67.47699737548828
2016-05-21,67.47699737548828
2016-05-22,67.47699737548828
2016-05-23,67.4229965209961
2016-05-24,67.447998046875
2016-05-25,67.6510009765625
2016-05-26,67.30400085449219
2016-05-27,66.9540023803711
2016-05-28,66.9540023803711
2016-05-29,66.9540023803711
2016-05-30,67.02400207519531
2016-05-31,67.13300323486328
2016-06-01,67.23100280761719
2016-06-02,67.4260025024414
2016-06-03,67.29199981689453
2016-06-04,67.29199981689453
2016-06-05,67.29199981689453
2016-06-06,66.99199676513672
2016-06-07,66.8010025024414
2016-06-08,66.76300048828125
2016-06-09,66.51000213623047
2016-06-10,66.74099731445312
2016-06-11,66.74099731445312
2016-06-12,66.74099731445312
2016-06-13,66.94499969482422
2016-06-14,67.15399932861328
2016-06-15,67.2979965209961
2016-06-16,67.072998046875
2016-06-17,67.30699920654297
2016-06-18,67.30699920654297
2016-06-19,67.30699920654297
2016-06-20,67.06600189208984
2016-06-21,67.12999725341797
2016-06-22,67.60600280761719
2016-06-23,67.4219970703125
2016-06-24,67.24199676513672
2016-06-25,67.24199676513672
2016-06-26,67.24199676513672
2016-06-27,67.87699890136719
2016-06-28,67.9209976196289
2016-06-29,67.70500183105469
2016-06-30,67.41600036621094
2016-07-01,67.5009994506836
2016-07-02,67.5009994506836
2016-07-03,67.5009994506836
2016-07-04,67.18199920654297
2016-07-05,67.23699951171875
2016-07-06,67.4260025024414
2016-07-07,67.4010009765625
2016-07-08,67.49700164794922
2016-07-09,67.49700164794922
2016-07-10,67.49700164794922
2016-07-11,67.13200378417969
2016-07-12,67.1449966430664
2016-07-13,66.87000274658203
2016-07-14,67.00599670410156
2016-07-15,66.83799743652344
2016-07-16,66.83799743652344
2016-07-17,66.83799743652344
2016-07-18,67.13300323486328
2016-07-19,67.13899993896484
2016-07-20,67.20600128173828
2016-07-21,67.16400146484375
2016-07-22,67.15399932861328
2016-07-23,67.15399932861328
2016-07-24,67.15399932861328
2016-07-25,67.14600372314453
2016-07-26,67.40499877929688
2016-07-27,67.28399658203125
2016-07-28,67.06300354003906
2016-07-29,67.00700378417969
2016-07-30,67.00700378417969
2016-07-31,67.00700378417969
2016-08-01,66.64800262451172
2016-08-02,66.7509994506836
2016-08-03,66.6760025024414
2016-08-04,66.76000213623047
2016-08-05,66.84100341796875
2016-08-06,66.84100341796875
2016-08-07,66.84100341796875
2016-08-08,66.83499908447266
2016-08-09,66.79399871826172
2016-08-10,66.78299713134766
2016-08-11,66.75800323486328
2016-08-12,66.73999786376953
2016-08-13,66.73999786376953
2016-08-14,66.73999786376953
2016-08-15,66.89959716796875
2016-08-16,66.86489868164062
2016-08-17,66.85769653320312
2016-08-18,66.90550231933594
2016-08-19,66.81999969482422
2016-08-20,66.81999969482422
2016-08-21,66.81999969482422
2016-08-22,67.12750244140625
2016-08-23,67.1874008178711
2016-08-24,67.12999725341797
2016-08-25,67.16000366210938
2016-08-26,67.00559997558594
2016-08-27,67.00559997558594
2016-08-28,67.00559997558594
2016-08-29,67.12899780273438
2016-08-30,67.08999633789062
2016-08-31,67.12660217285156
2016-09-01,66.97470092773438
2016-09-02,66.79299926757812
2016-09-03,66.79299926757812
2016-09-04,66.79299926757812
2016-09-05,66.57279968261719
2016-09-06,66.45999908447266
2016-09-07,66.25520324707031
2016-09-08,66.47160339355469
2016-09-09,66.44999694824219
2016-09-10,66.44999694824219
2016-09-11,66.44999694824219
2016-09-12,66.77799987792969
2016-09-13,66.7229995727539
2016-09-14,66.99500274658203
2016-09-15,66.75810241699219
2016-09-16,66.85030364990234
2016-09-17,66.85030364990234
2016-09-18,66.85030364990234
2016-09-19,67.06529998779297
2016-09-20,66.9552001953125
2016-09-21,66.9749984741211
2016-09-22,66.76119995117188
2016-09-23,66.62259674072266
2016-09-24,66.62259674072266
2016-09-25,66.62259674072266
2016-09-26,66.69650268554688
2016-09-27,66.60649871826172
2016-09-28,66.44129943847656
2016-09-29,66.33280181884766
2016-09-30,66.81629943847656
2016-10-01,66.81629943847656
2016-10-02,66.81629943847656
2016-10-03,66.54650115966797
2016-10-04,66.38030242919922
2016-10-05,66.5780029296875
2016-10-06,66.56320190429688
2016-10-07,66.68710327148438
2016-10-08,66.68710327148438
2016-10-09,66.68710327148438
2016-10-10,66.59120178222656
2016-10-11,66.48509979248047
2016-10-12,66.79850006103516
2016-10-13,66.81809997558594
2016-10-14,66.78399658203125
2016-10-15,66.78399658203125
2016-10-16,66.78399658203125
2016-10-17,66.7052993774414
2016-10-18,66.78359985351562
2016-10-19,66.73799896240234
2016-10-20,66.63639831542969
2016-10-21,66.84130096435547
2016-10-22,66.84130096435547
2016-10-23,66.84130096435547
2016-10-24,66.91120147705078
2016-10-25,66.83399963378906
2016-10-26,66.78130340576172
2016-10-27,66.86399841308594
2016-10-28,66.90299987792969
2016-10-29,66.90299987792969
2016-10-30,66.90299987792969
2016-10-31,66.78140258789062
2016-11-01,66.66549682617188
2016-11-02,66.67849731445312
2016-11-03,66.77749633789062
2016-11-04,66.68450164794922
2016-11-05,66.68450164794922
2016-11-06,66.68450164794922
2016-11-07,66.7853012084961
2016-11-08,66.73500061035156
2016-11-09,66.22949981689453
2016-11-10,66.50749969482422
2016-11-11,67.2145004272461
2016-11-12,67.2145004272461
2016-11-13,67.2145004272461
2016-11-14,67.54679870605469
2016-11-15,67.77549743652344
2016-11-16,67.74800109863281
2016-11-17,67.98149871826172
2016-11-18,67.97480010986328
2016-11-19,67.97480010986328
2016-11-20,67.97480010986328
2016-11-21,68.16999816894531
2016-11-22,68.21549987792969
2016-11-23,68.385498046875
2016-11-24,68.79850006103516
2016-11-25,68.74549865722656
2016-11-26,68.74549865722656
2016-11-27,68.74549865722656
2016-11-28,68.50849914550781
2016-11-29,68.55549621582031
2016-11-30,68.60800170898438
2016-12-01,68.58799743652344
2016-12-02,68.21649932861328
2016-12-03,68.21649932861328
2016-12-04,68.21649932861328
2016-12-05,68.0114974975586
2016-12-06,68.01249694824219
2016-12-07,67.72200012207031
2016-12-08,67.43150329589844
2016-12-09,67.40599822998047
2016-12-10,67.40599822998047
2016-12-11,67.40599822998047
2016-12-12,67.46050262451172
2016-12-13,67.41799926757812
2016-12-14,67.3864974975586
2016-12-15,67.81999969482422
2016-12-16,67.84500122070312
2016-12-17,67.84500122070312
2016-12-18,67.84500122070312
2016-12-19,67.83499908447266
2016-12-20,67.84020233154297
2016-12-21,67.89700317382812
2016-12-22,67.82550048828125
2016-12-23,67.83799743652344
2016-12-24,67.83799743652344
2016-12-25,67.83799743652344
2016-12-26,67.83080291748047
2016-12-27,67.77200317382812
2016-12-28,67.96800231933594
2016-12-29,68.20500183105469
2016-12-30,67.93299865722656
2016-12-31,67.93299865722656
2017-01-01,67.93299865722656
2017-01-02,67.9448013305664
2017-01-03,68.13390350341797
2017-01-04,68.2697982788086
2017-01-05,67.885498046875
2017-01-06,67.73300170898438
2017-01-07,67.73300170898438
2017-01-08,67.73300170898438
2017-01-09,68.1426010131836
2017-01-10,68.09700012207031
2017-01-11,68.31800079345703
2017-01-12,68.13999938964844
2017-01-13,68.12950134277344
2017-01-14,68.12950134277344
2017-01-15,68.12950134277344
2017-01-16,68.15779876708984
2017-01-17,68.09459686279297
2017-01-18,67.89949798583984
2017-01-19,68.197998046875
2017-01-20,68.09030151367188
2017-01-21,68.09030151367188
2017-01-22,68.09030151367188
2017-01-23,68.07720184326172
2017-01-24,68.05139923095703
2017-01-25,68.16449737548828
2017-01-26,67.9729995727539
2017-01-27,68.14900207519531
2017-01-28,68.14900207519531
2017-01-29,68.14900207519531
2017-01-30,68.11000061035156
2017-01-31,67.82099914550781
2017-02-01,67.50160217285156
2017-02-02,67.39540100097656
2017-02-03,67.2656021118164
2017-02-04,67.2656021118164
2017-02-05,67.2656021118164
2017-02-06,67.15730285644531
2017-02-07,67.19529724121094
2017-02-08,67.34049987792969
2017-02-09,66.96430206298828
2017-02-10,66.74530029296875
2017-02-11,66.74530029296875
2017-02-12,66.74530029296875
2017-02-13,66.84369659423828
2017-02-14,66.91539764404297
2017-02-15,66.7759017944336
2017-02-16,66.8655014038086
2017-02-17,67.16480255126953
2017-02-18,67.16480255126953
2017-02-19,67.16480255126953
2017-02-20,67.06520080566406
2017-02-21,66.96499633789062
2017-02-22,66.96510314941406
2017-02-23,66.91429901123047
2017-02-24,66.68280029296875
2017-02-25,66.68280029296875
2017-02-26,66.68280029296875
2017-02-27,66.63500213623047
2017-02-28,66.69319915771484
2017-03-01,66.7051010131836
2017-03-02,66.85800170898438
2017-03-03,66.84510040283203
2017-03-04,66.84510040283203
2017-03-05,66.84510040283203
2017-03-06,66.77300262451172
2017-03-07,66.66470336914062
2017-03-08,66.61620330810547
2017-03-09,66.76499938964844
2017-03-10,66.68049621582031
2017-03-11,66.68049621582031
2017-03-12,66.68049621582031
2017-03-13,66.48500061035156
2017-03-14,66.17009735107422
2017-03-15,65.77510070800781
2017-03-16,65.62049865722656
2017-03-17,65.40450286865234
2017-03-18,65.40450286865234
2017-03-19,65.40450286865234
2017-03-20,65.46810150146484
2017-03-21,65.33529663085938
2017-03-22,65.49500274658203
2017-03-23,65.36499786376953
2017-03-24,65.44439697265625
2017-03-25,65.44439697265625
2017-03-26,65.44439697265625
2017-03-27,65.39309692382812
2017-03-28,65.04499816894531
2017-03-29,65.11000061035156
2017-03-30,64.77999877929688
2017-03-31,64.79000091552734
2017-04-01,64.79000091552734
2017-04-02,64.79000091552734
2017-04-03,64.79669952392578
2017-04-04,64.87750244140625
2017-04-05,65.05000305175781
2017-04-06,65.04000091552734
2017-04-07,64.58000183105469
2017-04-08,64.58000183105469
2017-04-09,64.58000183105469
2017-04-10,64.26000213623047
2017-04-11,64.57499694824219
2017-04-12,64.62999725341797
2017-04-13,64.5
2017-04-14,64.44999694824219
2017-04-15,64.44999694824219
2017-04-16,64.44999694824219
2017-04-17,64.45369720458984
2017-04-18,64.4083023071289
2017-04-19,64.56999969482422
2017-04-20,64.64669799804688
2017-04-21,64.66000366210938
2017-04-22,64.66000366210938
2017-04-23,64.66000366210938
2017-04-24,64.63999938964844
2017-04-25,64.38999938964844
2017-04-26,64.3499984741211
2017-04-27,64.0199966430664
2017-04-28,64.05999755859375
2017-04-29,64.05999755859375
2017-04-30,64.05999755859375
2017-05-01,64.25830078125
2017-05-02,64.18000030517578
2017-05-03,64.06999969482422
2017-05-04,64.20999908447266
2017-05-05,64.16999816894531
2017-05-06,64.16999816894531
2017-05-07,64.16999816894531
2017-05-08,64.30799865722656
2017-05-09,64.41179656982422
2017-05-10,64.63999938964844
2017-05-11,64.55000305175781
2017-05-12,64.36000061035156
2017-05-13,64.36000061035156
2017-05-14,64.36000061035156
2017-05-15,64.16549682617188
2017-05-16,64.03829956054688
2017-05-17,63.900001525878906
2017-05-18,64.2300033569336
2017-05-19,64.87110137939453
2017-05-20,64.87110137939453
2017-05-21,64.87110137939453
2017-05-22,64.44850158691406
2017-05-23,64.50019836425781
2017-05-24,64.88520050048828
2017-05-25,64.76010131835938
2017-05-26,64.54540252685547
2017-05-27,64.54540252685547
2017-05-28,64.54540252685547
2017-05-29,64.51319885253906
2017-05-30,64.50859832763672
2017-05-31,64.61859893798828
2017-06-01,64.5000991821289
2017-06-02,64.37229919433594
2017-06-03,64.37229919433594
2017-06-04,64.37229919433594
2017-06-05,64.40499877929688
2017-06-06,64.34400177001953
2017-06-07,64.42050170898438
2017-06-08,64.41829681396484
2017-06-09,64.243896484375
2017-06-10,64.243896484375
2017-06-11,64.243896484375
2017-06-12,64.37699890136719
2017-06-13,64.46910095214844
2017-06-14,64.35749816894531
2017-06-15,64.16580200195312
2017-06-16,64.55999755859375
2017-06-17,64.55999755859375
2017-06-18,64.55999755859375
2017-06-19,64.3949966430664
2017-06-20,64.48760223388672
2017-06-21,64.53050231933594
2017-06-22,64.5416030883789
2017-06-23,64.59100341796875
2017-06-24,64.59100341796875
2017-06-25,64.59100341796875
2017-06-26,64.49800109863281
2017-06-27,64.42130279541016
2017-06-28,64.5248031616211
2017-06-29,64.51190185546875
2017-06-30,64.78510284423828
2017-07-01,64.78510284423828
2017-07-02,64.78510284423828
2017-07-03,64.60679626464844
2017-07-04,64.84269714355469
2017-07-05,64.7688980102539
2017-07-06,64.79139709472656
2017-07-07,64.71330261230469
2017-07-08,64.71330261230469
2017-07-09,64.71330261230469
2017-07-10,64.61170196533203
2017-07-11,64.61170196533203
2017-07-12,64.52559661865234
2017-07-13,64.36499786376953
2017-07-14,64.42579650878906
2017-07-15,64.42579650878906
2017-07-16,64.42579650878906
2017-07-17,64.26730346679688
2017-07-18,64.33000183105469
2017-07-19,64.3062973022461
2017-07-20,64.26329803466797
2017-07-21,64.32499694824219
2017-07-22,64.32499694824219
2017-07-23,64.32499694824219
2017-07-24,64.46109771728516
2017-07-25,64.36509704589844
2017-07-26,64.4469985961914
2017-07-27,64.3447036743164
2017-07-28,64.18499755859375
2017-07-29,64.18499755859375
2017-07-30,64.18499755859375
2017-07-31,64.12349700927734
2017-08-01,64.18949890136719
2017-08-02,64.05580139160156
2017-08-03,63.64059829711914
2017-08-04,63.696998596191406
2017-08-05,63.696998596191406
2017-08-06,63.696998596191406
2017-08-07,63.66510009765625
2017-08-08,63.830101013183594
2017-08-09,63.70289993286133
2017-08-10,63.887699127197266
2017-08-11,64.13860321044922
2017-08-12,64.13860321044922
2017-08-13,64.13860321044922
2017-08-14,64.08100128173828
2017-08-15,64.17430114746094
2017-08-16,64.26300048828125
2017-08-17,64.1604995727539
2017-08-18,64.18890380859375
2017-08-19,64.18890380859375
2017-08-20,64.18890380859375
2017-08-21,64.07589721679688
2017-08-22,64.15750122070312
2017-08-23,64.05750274658203
2017-08-24,64.00499725341797
2017-08-25,64.03500366210938
2017-08-26,64.03500366210938
2017-08-27,64.03500366210938
2017-08-28,63.99549865722656
2017-08-29,63.78929901123047
2017-08-30,63.98680114746094
2017-08-31,63.976200103759766
2017-09-01,63.91189956665039
2017-09-02,63.91189956665039
2017-09-03,63.91189956665039
2017-09-04,64.0155029296875
2017-09-05,64.02629852294922
2017-09-06,64.0999984741211
2017-09-07,64.0154037475586
2017-09-08,63.95009994506836
2017-09-09,63.95009994506836
2017-09-10,63.95009994506836
2017-09-11,63.930999755859375
2017-09-12,63.97999954223633
2017-09-13,63.98759841918945
2017-09-14,64.11509704589844
2017-09-15,64.15499877929688
2017-09-16,64.15499877929688
2017-09-17,64.15499877929688
2017-09-18,64.12020111083984
2017-09-19,64.2146987915039
2017-09-20,64.29869842529297
2017-09-21,64.28369903564453
2017-09-22,64.80229949951172
2017-09-23,64.80229949951172
2017-09-24,64.80229949951172
2017-09-25,64.89099884033203
2017-09-26,65.26509857177734
2017-09-27,65.3499984741211
2017-09-28,65.5250015258789
2017-09-29,65.36000061035156
2017-09-30,65.36000061035156
2017-10-01,65.36000061035156
2017-10-02,65.29329681396484
2017-10-03,65.57170104980469
2017-10-04,65.44309997558594
2017-10-05,65.01950073242188
2017-10-06,65.20999908447266
2017-10-07,65.20999908447266
2017-10-08,65.20999908447266
2017-10-09,65.41419982910156
2017-10-10,65.41459655761719
2017-10-11,65.23889923095703
2017-10-12,65.20539855957031
2017-10-13,65.0459976196289
2017-10-14,65.0459976196289
2017-10-15,65.0459976196289
2017-10-16,64.6729965209961
2017-10-17,64.6946029663086
2017-10-18,64.92870330810547
2017-10-19,65.04010009765625
2017-10-20,64.90460205078125
2017-10-21,64.90460205078125
2017-10-22,64.90460205078125
2017-10-23,65.1041030883789
2017-10-24,65.03489685058594
2017-10-25,65.07949829101562
2017-10-26,64.83999633789062
2017-10-27,64.5999984741211
2017-10-28,64.5999984741211
2017-10-29,64.5999984741211
2017-10-30,64.87339782714844
2017-10-31,64.84239959716797
2017-11-01,64.67009735107422
2017-11-02,64.55509948730469
2017-11-03,64.50050354003906
2017-11-04,64.50050354003906
2017-11-05,64.50050354003906
2017-11-06,64.69339752197266
2017-11-07,64.59089660644531
2017-11-08,65.16449737548828
2017-11-09,64.9104995727539
2017-11-10,64.96800231933594
2017-11-11,64.96800231933594
2017-11-12,64.96800231933594
2017-11-13,65.1603012084961
2017-11-14,65.43840026855469
2017-11-15,65.41339874267578
2017-11-16,65.41339874267578
2017-11-17,65.20999908447266
2017-11-18,65.20999908447266
2017-11-19,65.20999908447266
2017-11-20,64.90499877929688
2017-11-21,65.0250015258789
2017-11-22,64.76129913330078
2017-11-23,64.7699966430664
2017-11-24,64.57939910888672
2017-11-25,64.57939910888672
2017-11-26,64.57939910888672
2017-11-27,64.54499816894531
2017-11-28,64.43389892578125
2017-11-29,64.47000122070312
2017-11-30,64.41480255126953
2017-12-01,64.49939727783203
2017-12-02,64.49939727783203
2017-12-03,64.49939727783203
2017-12-04,64.50900268554688
2017-12-05,64.35140228271484
2017-12-06,64.35690307617188
2017-12-07,64.51519775390625
2017-12-08,64.54239654541016
2017-12-09,64.54239654541016
2017-12-10,64.54239654541016
2017-12-11,64.4729995727539
2017-12-12,64.3499984741211
2017-12-13,64.55000305175781
2017-12-14,64.31999969482422
2017-12-15,64.2750015258789
2017-12-16,64.2750015258789
2017-12-17,64.2750015258789
2017-12-18,64.07230377197266
2017-12-19,64.20010375976562
2017-12-20,64.04759979248047
2017-12-21,63.96500015258789
2017-12-22,64.00969696044922
2017-12-23,64.00969696044922
2017-12-24,64.00969696044922
2017-12-25,64.00779724121094
2017-12-26,64.010498046875
2017-12-27,64.0281982421875
2017-12-28,64.11499786376953
2017-12-29,64.06199645996094
2017-12-30,64.06199645996094
2017-12-31,64.06199645996094
2018-01-01,63.84080123901367
2018-01-02,63.86759948730469
2018-01-03,63.459999084472656
2018-01-04,63.41910171508789
2018-01-05,63.369598388671875
2018-01-06,63.369598388671875
2018-01-07,63.369598388671875
2018-01-08,63.26499938964844
2018-01-09,63.45199966430664
2018-01-10,63.63610076904297
2018-01-11,63.7599983215332
2018-01-12,63.67210006713867
2018-01-13,63.67210006713867
2018-01-14,63.67210006713867
2018-01-15,63.5885009765625
2018-01-16,63.52119827270508
2018-01-17,63.994300842285156
2018-01-18,63.82500076293945
2018-01-19,63.86759948730469
2018-01-20,63.86759948730469
2018-01-21,63.86759948730469
2018-01-22,63.83209991455078
2018-01-23,63.88010025024414
2018-01-24,63.7504997253418
2018-01-25,63.57789993286133
2018-01-26,63.57310104370117
2018-01-27,63.57310104370117
2018-01-28,63.57310104370117
2018-01-29,63.56999969482422
2018-01-30,63.66939926147461
2018-01-31,63.769901275634766
2018-02-01,63.665000915527344
2018-02-02,63.974998474121094
2018-02-03,63.974998474121094
2018-02-04,63.974998474121094
2018-02-05,64.13249969482422
2018-02-06,64.314697265625
2018-02-07,63.97999954223633
2018-02-08,64.19999694824219
2018-02-09,64.44049835205078
2018-02-10,64.44049835205078
2018-02-11,64.44049835205078
2018-02-12,64.2113037109375
2018-02-13,64.28350067138672
2018-02-14,64.2500991821289
2018-02-15,64.02519989013672
2018-02-16,63.890899658203125
2018-02-17,63.890899658203125
2018-02-18,63.890899658203125
2018-02-19,64.37999725341797
2018-02-20,64.50499725341797
2018-02-21,64.86499786376953
2018-02-22,64.8949966430664
2018-02-23,64.95140075683594
2018-02-24,64.95140075683594
2018-02-25,64.95140075683594
2018-02-26,64.7030029296875
2018-02-27,64.78040313720703
2018-02-28,64.91000366210938
2018-03-01,65.23999786376953
2018-03-02,65.1500015258789
2018-03-03,65.1500015258789
2018-03-04,65.1500015258789
2018-03-05,65.18669891357422
2018-03-06,65.00370025634766
2018-03-07,64.88999938964844
2018-03-08,64.89119720458984
2018-03-09,65.09040069580078
2018-03-10,65.09040069580078
2018-03-11,65.09040069580078
2018-03-12,64.96489715576172
2018-03-13,64.94550323486328
2018-03-14,64.8281021118164
2018-03-15,64.83679962158203
2018-03-16,65.01439666748047
2018-03-17,65.01439666748047
2018-03-18,65.01439666748047
2018-03-19,65.06500244140625
2018-03-20,65.21009826660156
2018-03-21,65.2323989868164
2018-03-22,65.06559753417969
2018-03-23,65.16000366210938
2018-03-24,65.16000366210938
2018-03-25,65.16000366210938
2018-03-26,65.01499938964844
2018-03-27,64.69499969482422
2018-03-28,64.89550018310547
2018-03-29,65.14920043945312
2018-03-30,65.02999877929688
2018-03-31,65.02999877929688
2018-04-01,65.02999877929688
2018-04-02,65.10549926757812
2018-04-03,65.13999938964844
2018-04-04,64.90499877929688
2018-04-05,64.99500274658203
2018-04-06,64.86150360107422
2018-04-07,64.86150360107422
2018-04-08,64.86150360107422
2018-04-09,64.90450286865234
2018-04-10,64.87000274658203
2018-04-11,64.92530059814453
2018-04-12,65.19000244140625
2018-04-13,65.27570343017578
2018-04-14,65.27570343017578
2018-04-15,65.27570343017578
2018-04-16,65.19560241699219
2018-04-17,65.4292984008789
2018-04-18,65.67500305175781
2018-04-19,66.01000213623047
2018-04-20,66.11479949951172
2018-04-21,66.11479949951172
2018-04-22,66.11479949951172
2018-04-23,66.1968994140625
2018-04-24,66.54499816894531
2018-04-25,66.41410064697266
2018-04-26,66.90769958496094
2018-04-27,66.9000015258789
2018-04-28,66.9000015258789
2018-04-29,66.9000015258789
2018-04-30,66.61000061035156
2018-05-01,66.44999694824219
2018-05-02,66.7886962890625
2018-05-03,67.08000183105469
2018-05-04,66.66000366210938
2018-05-05,66.66000366210938
2018-05-06,66.66000366210938
2018-05-07,66.81050109863281
2018-05-08,67.1187973022461
2018-05-09,67.1624984741211
2018-05-10,67.62000274658203
2018-05-11,67.38999938964844
2018-05-12,67.38999938964844
2018-05-13,67.38999938964844
2018-05-14,67.3822021484375
2018-05-15,67.6780014038086
2018-05-16,68.45999908447266
2018-05-17,68.05999755859375
2018-05-18,68.13999938964844
2018-05-19,68.13999938964844
2018-05-20,68.13999938964844
2018-05-21,67.9749984741211
2018-05-22,68.4000015258789
2018-05-23,68.43000030517578
2018-05-24,68.6500015258789
2018-05-25,68.26010131835938
2018-05-26,68.26010131835938
2018-05-27,68.26010131835938
2018-05-28,67.7217025756836
2018-05-29,67.40280151367188
2018-05-30,68.12999725341797
2018-05-31,67.43000030517578
2018-06-01,67.43499755859375
2018-06-02,67.43499755859375
2018-06-03,67.43499755859375
2018-06-04,66.92500305175781
2018-06-05,67.05999755859375
2018-06-06,67.08999633789062
2018-06-07,66.8301010131836
2018-06-08,67.41000366210938
2018-06-09,67.41000366210938
2018-06-10,67.41000366210938
2018-06-11,67.51000213623047
2018-06-12,67.48999786376953
2018-06-13,67.91000366210938
2018-06-14,67.77999877929688
2018-06-15,68.12999725341797
2018-06-16,68.12999725341797
2018-06-17,68.12999725341797
2018-06-18,68.05000305175781
2018-06-19,68.01000213623047
2018-06-20,68.05000305175781
2018-06-21,68.3499984741211
2018-06-22,67.83000183105469
2018-06-23,67.83000183105469
2018-06-24,67.83000183105469
2018-06-25,67.85489654541016
2018-06-26,68.33999633789062
2018-06-27,68.36499786376953
2018-06-28,69.23999786376953
2018-06-29,68.79669952392578
2018-06-30,68.79669952392578
2018-07-01,68.79669952392578
2018-07-02,68.43499755859375
2018-07-03,68.6948013305664
2018-07-04,68.83000183105469
2018-07-05,68.9800033569336
2018-07-06,69.06999969482422
2018-07-07,69.06999969482422
2018-07-08,69.06999969482422
2018-07-09,68.75499725341797
2018-07-10,68.65979766845703
2018-07-11,68.9000015258789
2018-07-12,68.72000122070312
2018-07-13,68.54000091552734
2018-07-14,68.54000091552734
2018-07-15,68.54000091552734
2018-07-16,68.48670196533203
2018-07-17,68.72000122070312
2018-07-18,68.35600280761719
2018-07-19,68.6155014038086
2018-07-20,68.93509674072266
2018-07-21,68.93509674072266
2018-07-22,68.93509674072266
2018-07-23,68.7332992553711
2018-07-24,69.19999694824219
2018-07-25,68.80999755859375
2018-07-26,68.83999633789062
2018-07-27,68.73999786376953
2018-07-28,68.73999786376953
2018-07-29,68.73999786376953
2018-07-30,68.61499786376953
2018-07-31,68.68499755859375
2018-08-01,68.4968032836914
2018-08-02,68.30709838867188
2018-08-03,68.6155014038086
2018-08-04,68.6155014038086
2018-08-05,68.6155014038086
2018-08-06,68.50499725341797
2018-08-07,68.80999755859375
2018-08-08,68.59600067138672
2018-08-09,68.45500183105469
2018-08-10,69.0999984741211
2018-08-11,69.0999984741211
2018-08-12,69.0999984741211
2018-08-13,69.08499908447266
2018-08-14,69.9490966796875
2018-08-15,69.94999694824219
2018-08-16,70.66000366210938
2018-08-17,70.00499725341797
2018-08-18,70.00499725341797
2018-08-19,70.00499725341797
2018-08-20,69.78500366210938
2018-08-21,69.73999786376953
2018-08-22,69.80999755859375
2018-08-23,69.79000091552734
2018-08-24,70.2750015258789
2018-08-25,70.2750015258789
2018-08-26,70.2750015258789
2018-08-27,69.76499938964844
2018-08-28,69.94499969482422
2018-08-29,70.54000091552734
2018-08-30,70.91000366210938
2018-08-31,71.40499877929688
2018-09-01,71.40499877929688
2018-09-02,71.40499877929688
2018-09-03,70.99500274658203
2018-09-04,71.06999969482422
2018-09-05,71.75
2018-09-06,71.88999938964844
2018-09-07,71.93890380859375
2018-09-08,71.93890380859375
2018-09-09,71.93890380859375
2018-09-10,72.09500122070312
2018-09-11,72.44499969482422
2018-09-12,72.98999786376953
2018-09-13,71.92520141601562
2018-09-14,72.02749633789062
2018-09-15,72.02749633789062
2018-09-16,72.02749633789062
2018-09-17,72.09500122070312
2018-09-18,72.53479766845703
2018-09-19,73.12000274658203
2018-09-20,72.34500122070312
2018-09-21,71.72000122070312
2018-09-22,71.72000122070312
2018-09-23,71.72000122070312
2018-09-24,72.2300033569336
2018-09-25,73.30000305175781
2018-09-26,73.08999633789062
2018-09-27,72.7699966430664
2018-09-28,72.94999694824219
2018-09-29,72.94999694824219
2018-09-30,72.94999694824219
2018-10-01,72.50499725341797
2018-10-02,73.75499725341797
2018-10-03,73.27999877929688
2018-10-04,73.8499984741211
2018-10-05,74.22000122070312
2018-10-06,74.22000122070312
2018-10-07,74.22000122070312
2018-10-08,73.76300048828125
2018-10-09,73.88999938964844
2018-10-10,74.55000305175781
2018-10-11,74.5999984741211
2018-10-12,74.16000366210938
2018-10-13,74.16000366210938
2018-10-14,74.16000366210938
2018-10-15,73.6760025024414
2018-10-16,74.08000183105469
2018-10-17,73.45549774169922
2018-10-18,73.91999816894531
2018-10-19,74.16000366210938
2018-10-20,74.16000366210938
2018-10-21,74.16000366210938
2018-10-22,73.46499633789062
2018-10-23,73.8594970703125
2018-10-24,73.22129821777344
2018-10-25,73.22049713134766
2018-10-26,73.22019958496094
2018-10-27,73.22019958496094
2018-10-28,73.22019958496094
2018-10-29,73.125
2018-10-30,73.5905990600586
2018-10-31,73.6500015258789
2018-11-01,74.06999969482422
2018-11-02,73.30999755859375
2018-11-03,73.30999755859375
2018-11-04,73.30999755859375
2018-11-05,72.90499877929688
2018-11-06,72.86000061035156
2018-11-07,73.2300033569336
2018-11-08,72.37999725341797
2018-11-09,72.9000015258789
2018-11-10,72.9000015258789
2018-11-11,72.9000015258789
2018-11-12,72.47000122070312
2018-11-13,73.18000030517578
2018-11-14,72.55000305175781
2018-11-15,72.4000015258789
2018-11-16,71.8917007446289
2018-11-17,71.8917007446289
2018-11-18,71.8917007446289
2018-11-19,71.7750015258789
2018-11-20,71.69000244140625
2018-11-21,71.41500091552734
2018-11-22,71.29499816894531
2018-11-23,70.83499908447266
2018-11-24,70.83499908447266
2018-11-25,70.83499908447266
2018-11-26,70.66999816894531
2018-11-27,70.80999755859375
2018-11-28,70.87999725341797
2018-11-29,70.5999984741211
2018-11-30,69.91999816894531
2018-12-01,69.91999816894531
2018-12-02,69.91999816894531
2018-12-03,69.76000213623047
2018-12-04,70.48500061035156
2018-12-05,70.62999725341797
2018-12-06,70.87000274658203
2018-12-07,70.75
2018-12-08,70.75
2018-12-09,70.75
2018-12-10,71.36499786376953
2018-12-11,72.7300033569336
2018-12-12,72.62000274658203
2018-12-13,72.1500015258789
2018-12-14,71.5469970703125
2018-12-15,71.5469970703125
2018-12-16,71.5469970703125
2018-12-17,71.91000366210938
2018-12-18,71.58999633789062
2018-12-19,70.56999969482422
2018-12-20,70.68550109863281
2018-12-21,70.30000305175781
2018-12-22,70.30000305175781
2018-12-23,70.30000305175781
2018-12-24,70.13999938964844
2018-12-25,70.23999786376953
2018-12-26,70.23999786376953
2018-12-27,70.1500015258789
2018-12-28,69.98999786376953
2018-12-29,69.98999786376953
2018-12-30,69.98999786376953
2018-12-31,69.92250061035156
2019-01-01,69.70999908447266
2019-01-02,69.70999908447266
2019-01-03,69.95999908447266
2019-01-04,70.30000305175781
2019-01-05,70.30000305175781
2019-01-06,70.30000305175781
2019-01-07,69.5250015258789
2019-01-08,69.80999755859375
2019-01-09,70.33000183105469
2019-01-10,70.55049896240234
2019-01-11,70.72000122070312
2019-01-12,70.72000122070312
2019-01-13,70.72000122070312
2019-01-14,70.37000274658203
2019-01-15,71.08499908447266
2019-01-16,71.09249877929688
2019-01-17,71.36499786376953
2019-01-18,71.03019714355469
2019-01-19,71.03019714355469
2019-01-20,71.03019714355469
2019-01-21,71.2300033569336
2019-01-22,71.5
2019-01-23,71.2302017211914
2019-01-24,71.15730285644531
2019-01-25,70.98999786376953
2019-01-26,70.98999786376953
2019-01-27,70.98999786376953
2019-01-28,70.9749984741211
2019-01-29,71.09010314941406
2019-01-30,71.62000274658203
2019-01-31,71.12000274658203
2019-02-01,71.19999694824219
2019-02-02,71.19999694824219
2019-02-03,71.19999694824219
2019-02-04,71.45169830322266
2019-02-05,71.68499755859375
2019-02-06,71.7699966430664
2019-02-07,71.54049682617188
2019-02-08,71.58000183105469
2019-02-09,71.58000183105469
2019-02-10,71.58000183105469
2019-02-11,71.1500015258789
2019-02-12,71.2300033569336
2019-02-13,70.80999755859375
2019-02-14,70.86509704589844
2019-02-15,71.01000213623047
2019-02-16,71.01000213623047
2019-02-17,71.01000213623047
2019-02-18,71.31999969482422
2019-02-19,71.69999694824219
2019-02-20,71.5999984741211
2019-02-21,71.30000305175781
2019-02-22,71.18499755859375
2019-02-23,71.18499755859375
2019-02-24,71.18499755859375
2019-02-25,71.03099822998047
2019-02-26,71.08999633789062
2019-02-27,70.94000244140625
2019-02-28,71.19000244140625
2019-03-01,70.81600189208984
2019-03-02,70.81600189208984
2019-03-03,70.81600189208984
2019-03-04,70.98999786376953
2019-03-05,70.9000015258789
2019-03-06,70.74250030517578
2019-03-07,70.36499786376953
2019-03-08,70.48750305175781
2019-03-09,70.48750305175781
2019-03-10,70.48750305175781
2019-03-11,69.98690032958984
2019-03-12,69.79010009765625
2019-03-13,69.84500122070312
2019-03-14,69.72630310058594
2019-03-15,69.3373031616211
2019-03-16,69.3373031616211
2019-03-17,69.3373031616211
2019-03-18,68.9530029296875
2019-03-19,68.61799621582031
2019-03-20,69.31749725341797
2019-03-21,68.82499694824219
2019-03-22,68.93000030517578
2019-03-23,68.93000030517578
2019-03-24,68.93000030517578
2019-03-25,69.1604995727539
2019-03-26,68.92340087890625
2019-03-27,69.42749786376953
2019-03-28,69.37000274658203
2019-03-29,69.5
2019-03-30,69.5
2019-03-31,69.5
2019-04-01,69.43000030517578
2019-04-02,69.19529724121094
2019-04-03,68.91020202636719
2019-04-04,68.8499984741211
2019-04-05,68.97039794921875
2019-04-06,68.97039794921875
2019-04-07,68.97039794921875
2019-04-08,69.16000366210938
2019-04-09,69.55249786376953
2019-04-10,69.26180267333984
2019-04-11,69.14019775390625
2019-04-12,69.43000030517578
2019-04-13,69.43000030517578
2019-04-14,69.43000030517578
2019-04-15,69.16100311279297
2019-04-16,69.80999755859375
2019-04-17,69.88500213623047
2019-04-18,69.4010009765625
2019-04-19,69.38099670410156
2019-04-20,69.38099670410156
2019-04-21,69.38099670410156
2019-04-22,69.36000061035156
2019-04-23,70.0625
2019-04-24,69.75800323486328
2019-04-25,70.0958023071289
2019-04-26,70.16000366210938
2019-04-27,70.16000366210938
2019-04-28,70.16000366210938
2019-04-29,69.84200286865234
2019-04-30,69.81179809570312
2019-05-01,69.55599975585938
2019-05-02,69.63289642333984
2019-05-03,69.42440032958984
2019-05-04,69.42440032958984
2019-05-05,69.42440032958984
2019-05-06,69.16799926757812
2019-05-07,69.40029907226562
2019-05-08,69.91000366210938
2019-05-09,70.01000213623047
2019-05-10,70.41000366210938
2019-05-11,70.41000366210938
2019-05-12,70.41000366210938
2019-05-13,69.92250061035156
2019-05-14,70.61699676513672
2019-05-15,70.30699920654297
2019-05-16,70.20919799804688
2019-05-17,70.23500061035156
2019-05-18,70.23500061035156
2019-05-19,70.23500061035156
2019-05-20,70.28150177001953
2019-05-21,70.12750244140625
2019-05-22,70.12750244140625
2019-05-23,69.97250366210938
2019-05-24,69.94499969482422
2019-05-25,69.94499969482422
2019-05-26,69.94499969482422
2019-05-27,69.36000061035156
2019-05-28,69.72000122070312
2019-05-29,69.875
2019-05-30,69.81500244140625
2019-05-31,69.9800033569336
2019-06-01,69.9800033569336
2019-06-02,69.9800033569336
2019-06-03,69.5696029663086
2019-06-04,69.16190338134766
2019-06-05,69.55999755859375
2019-06-06,69.625
2019-06-07,69.36000061035156
2019-06-08,69.36000061035156
2019-06-09,69.36000061035156
2019-06-10,69.34500122070312
2019-06-11,69.52349853515625
2019-06-12,69.3864974975586
2019-06-13,69.69999694824219
2019-06-14,69.80000305175781
2019-06-15,69.80000305175781
2019-06-16,69.80000305175781
2019-06-17,69.77050018310547
2019-06-18,70.11250305175781
2019-06-19,69.76499938964844
2019-06-20,69.87000274658203
2019-06-21,69.77999877929688
2019-06-22,69.77999877929688
2019-06-23,69.77999877929688
2019-06-24,69.56990051269531
2019-06-25,69.60250091552734
2019-06-26,69.63749694824219
2019-06-27,69.60250091552734
2019-06-28,69.32499694824219
2019-06-29,69.32499694824219
2019-06-30,69.32499694824219
2019-07-01,68.94049835205078
2019-07-02,69.1675033569336
2019-07-03,69.0824966430664
2019-07-04,69.00749969482422
2019-07-05,68.73999786376953
2019-07-06,68.73999786376953
2019-07-07,68.73999786376953
2019-07-08,68.44000244140625
2019-07-09,68.8499984741211
2019-07-10,68.76499938964844
2019-07-11,68.36759948730469
2019-07-12,68.66999816894531
2019-07-13,68.66999816894531
2019-07-14,68.66999816894531
2019-07-15,68.55030059814453
2019-07-16,68.74749755859375
2019-07-17,68.8949966430664
2019-07-18,68.78600311279297
2019-07-19,68.8499984741211
2019-07-20,68.8499984741211
2019-07-21,68.8499984741211
2019-07-22,68.83000183105469
2019-07-23,69.16000366210938
2019-07-24,69.0199966430664
2019-07-25,69.18499755859375
2019-07-26,69.15049743652344
2019-07-27,69.15049743652344
2019-07-28,69.15049743652344
2019-07-29,68.87000274658203
2019-07-30,68.94999694824219
2019-07-31,69.07749938964844
2019-08-01,69.40499877929688
2019-08-02,69.29720306396484
2019-08-03,69.29720306396484
2019-08-04,69.29720306396484
2019-08-05,69.65689849853516
2019-08-06,71.5199966430664
2019-08-07,71.2300033569336
2019-08-08,71.16510009765625
2019-08-09,70.47090148925781
2019-08-10,70.47090148925781
2019-08-11,70.47090148925781
2019-08-12,71.03500366210938
2019-08-13,71.58000183105469
2019-08-14,71.08000183105469
2019-08-15,71.63520050048828
2019-08-16,71.72000122070312
2019-08-17,71.72000122070312
2019-08-18,71.72000122070312
2019-08-19,71.13200378417969
2019-08-20,71.99500274658203
2019-08-21,71.80999755859375
2019-08-22,71.43779754638672
2019-08-23,71.92040252685547
2019-08-24,71.92040252685547
2019-08-25,71.92040252685547
2019-08-26,71.50250244140625
2019-08-27,72.16000366210938
2019-08-28,71.53500366210938
2019-08-29,72.08499908447266
2019-08-30,71.6801986694336
2019-08-31,71.6801986694336
2019-09-01,71.6801986694336
2019-09-02,71.72989654541016
2019-09-03,71.96209716796875
2019-09-04,72.45999908447266
2019-09-05,71.95570373535156
2019-09-06,72.22000122070312
2019-09-07,72.22000122070312
2019-09-08,72.22000122070312
2019-09-09,71.66999816894531
2019-09-10,72.09249877929688
2019-09-11,71.85900115966797
2019-09-12,71.56009674072266
2019-09-13,71.28500366210938
2019-09-14,71.28500366210938
2019-09-15,71.28500366210938
2019-09-16,71.02069854736328
2019-09-17,71.74909973144531
2019-09-18,71.70999908447266
2019-09-19,71.5425033569336
2019-09-20,71.71749877929688
2019-09-21,71.71749877929688
2019-09-22,71.71749877929688
2019-09-23,71.19159698486328
2019-09-24,70.78959655761719
2019-09-25,71.28500366210938
2019-09-26,71.30999755859375
2019-09-27,71.21499633789062
2019-09-28,71.21499633789062
2019-09-29,71.21499633789062
2019-09-30,70.49870300292969
2019-10-01,70.92250061035156
2019-10-02,71.0999984741211
2019-10-03,71.1416015625
2019-10-04,71.0199966430664
2019-10-05,71.0199966430664
2019-10-06,71.0199966430664
2019-10-07,70.81500244140625
2019-10-08,71.36000061035156
2019-10-09,71.20999908447266
2019-10-10,71.41000366210938
2019-10-11,70.9800033569336
2019-10-12,70.9800033569336
2019-10-13,70.9800033569336
2019-10-14,70.91400146484375
2019-10-15,71.45249938964844
2019-10-16,71.76000213623047
2019-10-17,71.62000274658203
2019-10-18,71.42250061035156
2019-10-19,71.42250061035156
2019-10-20,71.42250061035156
2019-10-21,71.02999877929688
2019-10-22,71.1050033569336
2019-10-23,71.07499694824219
2019-10-24,70.71499633789062
2019-10-25,71.19000244140625
2019-10-26,71.19000244140625
2019-10-27,71.19000244140625
2019-10-28,70.83000183105469
2019-10-29,70.73500061035156
2019-10-30,70.88459777832031
2019-10-31,70.98999786376953
2019-11-01,70.97000122070312
2019-11-02,70.97000122070312
2019-11-03,70.97000122070312
2019-11-04,70.51210021972656
2019-11-05,71.0
2019-11-06,70.8949966430664
2019-11-07,71.0
2019-11-08,71.37650299072266
2019-11-09,71.37650299072266
2019-11-10,71.37650299072266
2019-11-11,71.37650299072266
2019-11-12,71.5739974975586
2019-11-13,71.77999877929688
2019-11-14,72.1415023803711
2019-11-15,71.95580291748047
2019-11-16,71.95580291748047
2019-11-17,71.95580291748047
2019-11-18,71.70580291748047
2019-11-19,71.93509674072266
2019-11-20,71.85099792480469
2019-11-21,71.76820373535156
2019-11-22,71.7405014038086
2019-11-23,71.7405014038086
2019-11-24,71.7405014038086
2019-11-25,71.78260040283203
2019-11-26,71.67949676513672
2019-11-27,71.42839813232422
2019-11-28,71.22810363769531
2019-11-29,71.54740142822266
2019-11-30,71.54740142822266
2019-12-01,71.54740142822266
2019-12-02,71.7229995727539
2019-12-03,71.625
2019-12-04,71.95999908447266
2019-12-05,71.4801025390625
2019-12-06,71.38500213623047
2019-12-07,71.38500213623047
2019-12-08,71.38500213623047
2019-12-09,71.28679656982422
2019-12-10,70.96019744873047
2019-12-11,71.01000213623047
2019-12-12,70.72930145263672
2019-12-13,70.55989837646484
2019-12-14,70.55989837646484
2019-12-15,70.55989837646484
2019-12-16,70.68900299072266
2019-12-17,70.92050170898438
2019-12-18,71.21499633789062
2019-12-19,70.98989868164062
2019-12-20,71.22270202636719
2019-12-21,71.22270202636719
2019-12-22,71.22270202636719
2019-12-23,71.02400207519531
2019-12-24,71.21070098876953
2019-12-25,71.45999908447266
2019-12-26,71.54000091552734
2019-12-27,71.30030059814453
2019-12-28,71.30030059814453
2019-12-29,71.30030059814453
2019-12-30,71.31300354003906
2019-12-31,71.31099700927734
2020-01-01,71.27580261230469
2020-01-02,71.0250015258789
2020-01-03,71.41500091552734
2020-01-04,71.41500091552734
2020-01-05,71.41500091552734
2020-01-06,71.73100280761719
2020-01-07,71.78700256347656
2020-01-08,72.16000366210938
2020-01-09,71.41190338134766
2020-01-10,71.19429779052734
2020-01-11,71.19429779052734
2020-01-12,71.19429779052734
2020-01-13,70.9530029296875
2020-01-14,70.71890258789062
2020-01-15,70.84510040283203
2020-01-16,70.71800231933594
2020-01-17,70.94560241699219
2020-01-18,70.94560241699219
2020-01-19,70.94560241699219
2020-01-20,71.03469848632812
2020-01-21,71.03099822998047
2020-01-22,71.16999816894531
2020-01-23,71.0781021118164
2020-01-24,71.32099914550781
2020-01-25,71.32099914550781
2020-01-26,71.32099914550781
2020-01-27,71.32499694824219
2020-01-28,71.44000244140625
2020-01-29,71.23040008544922
2020-01-30,71.30000305175781
2020-01-31,71.63999938964844
2020-02-01,71.63999938964844
2020-02-02,71.63999938964844
2020-02-03,71.49649810791016
2020-02-04,71.31410217285156
2020-02-05,71.0999984741211
2020-02-06,71.18000030517578
2020-02-07,71.47000122070312
2020-02-08,71.47000122070312
2020-02-09,71.47000122070312
2020-02-10,71.5155029296875
2020-02-11,71.27999877929688
2020-02-12,71.27529907226562
2020-02-13,71.29620361328125
2020-02-14,71.26850128173828
2020-02-15,71.26850128173828
2020-02-16,71.26850128173828
2020-02-17,71.51480102539062
2020-02-18,71.34919738769531
2020-02-19,71.57499694824219
2020-02-20,71.82749938964844
2020-02-21,72.11000061035156
2020-02-22,72.11000061035156
2020-02-23,72.11000061035156
2020-02-24,71.88680267333984
2020-02-25,72.04669952392578
2020-02-26,71.87000274658203
2020-02-27,71.66339874267578
2020-02-28,71.93000030517578
2020-02-29,71.93000030517578
2020-03-01,71.93000030517578
2020-03-02,72.1500015258789
2020-03-03,72.82499694824219
2020-03-04,73.34200286865234
2020-03-05,74.0425033569336
2020-03-06,73.8551025390625
2020-03-07,73.8551025390625
2020-03-08,73.8551025390625
2020-03-09,73.99530029296875
2020-03-10,74.40599822998047
2020-03-11,74.20500183105469
2020-03-12,74.76000213623047
2020-03-13,75.30000305175781
2020-03-14,75.30000305175781
2020-03-15,75.30000305175781
2020-03-16,73.90399932861328
2020-03-17,75.15499877929688
2020-03-18,74.01239776611328
2020-03-19,74.98200225830078
2020-03-20,75.15969848632812
2020-03-21,75.15969848632812
2020-03-22,75.15969848632812
2020-03-23,75.62210083007812
2020-03-24,76.50599670410156
2020-03-25,77.26000213623047
2020-03-26,75.84549713134766
2020-03-27,74.72560119628906
2020-03-28,74.72560119628906
2020-03-29,74.72560119628906
2020-03-30,75.46499633789062
2020-03-31,75.4000015258789
2020-04-01,75.32499694824219
2020-04-02,77.56999969482422
2020-04-03,77.13999938964844
2020-04-04,77.13999938964844
2020-04-05,77.13999938964844
2020-04-06,76.2300033569336
2020-04-07,75.96489715576172
2020-04-08,76.66000366210938
2020-04-09,75.95899963378906
2020-04-10,76.6500015258789
2020-04-11,76.6500015258789
2020-04-12,76.6500015258789
2020-04-13,76.16649627685547
2020-04-14,76.91000366210938
2020-04-15,75.93099975585938
2020-04-16,77.2125015258789
2020-04-17,77.56999969482422
2020-04-18,77.56999969482422
2020-04-19,77.56999969482422
2020-04-20,76.55999755859375
2020-04-21,77.20999908447266
2020-04-22,76.96939849853516
2020-04-23,76.4000015258789
2020-04-24,76.42250061035156
2020-04-25,76.42250061035156
2020-04-26,76.42250061035156
2020-04-27,76.27149963378906
2020-04-28,76.1863021850586
2020-04-29,76.46499633789062
2020-04-30,75.25849914550781
2020-05-01,75.72000122070312
2020-05-02,75.72000122070312
2020-05-03,75.72000122070312
2020-05-04,75.60050201416016
2020-05-05,75.8499984741211
2020-05-06,76.16999816894531
2020-05-07,76.15129852294922
2020-05-08,76.08000183105469
2020-05-09,76.08000183105469
2020-05-10,76.08000183105469
2020-05-11,75.5250015258789
2020-05-12,76.30999755859375
2020-05-13,75.68000030517578
2020-05-14,75.42620086669922
2020-05-15,75.48500061035156
2020-05-16,75.48500061035156
2020-05-17,75.48500061035156
2020-05-18,75.81999969482422
2020-05-19,75.60009765625
2020-05-20,76.0
2020-05-21,75.77999877929688
2020-05-22,75.625
2020-05-23,75.625
2020-05-24,75.625
2020-05-25,75.98500061035156
2020-05-26,76.11000061035156
2020-05-27,75.81999969482422
2020-05-28,76.12999725341797
2020-05-29,75.95999908447266
2020-05-30,75.95999908447266
2020-05-31,75.95999908447266
2020-06-01,75.51319885253906
2020-06-02,75.7300033569336
2020-06-03,75.06580352783203
2020-06-04,75.54499816894531
2020-06-05,75.49089813232422
2020-06-06,75.49089813232422
2020-06-07,75.49089813232422
2020-06-08,75.5177001953125
2020-06-09,75.625
2020-06-10,75.50980377197266
2020-06-11,75.875
2020-06-12,76.38999938964844
2020-06-13,76.38999938964844
2020-06-14,76.38999938964844
2020-06-15,75.95680236816406
2020-06-16,75.97799682617188
2020-06-17,76.65499877929688
2020-06-18,76.55000305175781
2020-06-19,76.40039825439453
2020-06-20,76.40039825439453
2020-06-21,76.40039825439453
2020-06-22,76.2520980834961
2020-06-23,75.78980255126953
2020-06-24,75.60780334472656
2020-06-25,75.97000122070312
2020-06-26,75.53980255126953
2020-06-27,75.53980255126953
2020-06-28,75.53980255126953
2020-06-29,75.61979675292969
2020-06-30,75.69999694824219
2020-07-01,75.75
2020-07-02,75.45490264892578
2020-07-03,74.72100067138672
2020-07-04,74.72100067138672
2020-07-05,74.72100067138672
2020-07-06,74.6792984008789
2020-07-07,74.60759735107422
2020-07-08,75.125
2020-07-09,74.93990325927734
2020-07-10,75.33999633789062
2020-07-11,75.33999633789062
2020-07-12,75.33999633789062
2020-07-13,75.15850067138672
2020-07-14,75.44999694824219
2020-07-15,75.57499694824219
2020-07-16,75.1249008178711
2020-07-17,75.17449951171875
2020-07-18,75.17449951171875
2020-07-19,75.17449951171875
2020-07-20,74.89730072021484
2020-07-21,74.98999786376953
2020-07-22,74.7699966430664
2020-07-23,74.81999969482422
2020-07-24,74.80729675292969
2020-07-25,74.80729675292969
2020-07-26,74.80729675292969
2020-07-27,74.75980377197266
2020-07-28,75.0
2020-07-29,75.08999633789062
2020-07-30,74.8311996459961
2020-07-31,74.98999786376953
2020-08-01,74.98999786376953
2020-08-02,74.98999786376953
2020-08-03,74.91780090332031
2020-08-04,75.33000183105469
2020-08-05,75.25
2020-08-06,74.8822021484375
2020-08-07,74.8998031616211
2020-08-08,74.8998031616211
2020-08-09,74.8998031616211
2020-08-10,75.0248031616211
2020-08-11,75.0999984741211
2020-08-12,74.9000015258789
2020-08-13,74.77210235595703
2020-08-14,75.02999877929688
2020-08-15,75.02999877929688
2020-08-16,75.02999877929688
2020-08-17,74.90280151367188
2020-08-18,75.0
2020-08-19,74.79499816894531
2020-08-20,74.966796875
2020-08-21,74.9999008178711
2020-08-22,74.9999008178711
2020-08-23,74.9999008178711
2020-08-24,74.92179870605469
2020-08-25,74.4000015258789
2020-08-26,74.45249938964844
2020-08-27,74.24009704589844
2020-08-28,73.77449798583984
2020-08-29,73.77449798583984
2020-08-30,73.77449798583984
2020-08-31,73.12830352783203
2020-09-01,73.66999816894531
2020-09-02,73.2699966430664
2020-09-03,73.24849700927734
2020-09-04,73.4478988647461
2020-09-05,73.4478988647461
2020-09-06,73.4478988647461
2020-09-07,73.29029846191406
2020-09-08,73.6500015258789
2020-09-09,73.78679656982422
2020-09-10,73.55000305175781
2020-09-11,73.52729797363281
2020-09-12,73.52729797363281
2020-09-13,73.52729797363281
2020-09-14,73.47859954833984
2020-09-15,73.61499786376953
2020-09-16,73.80000305175781
2020-09-17,73.55069732666016
2020-09-18,73.58360290527344
2020-09-19,73.58360290527344
2020-09-20,73.58360290527344
2020-09-21,73.53479766845703
2020-09-22,73.57980346679688
2020-09-23,73.50299835205078
2020-09-24,73.77839660644531
2020-09-25,73.68240356445312
2020-09-26,73.68240356445312
2020-09-27,73.68240356445312
2020-09-28,73.69930267333984
2020-09-29,73.9749984741211
2020-09-30,73.84500122070312
2020-10-01,73.70500183105469
2020-10-02,73.21700286865234
2020-10-03,73.21700286865234
2020-10-04,73.21700286865234
2020-10-05,73.32240295410156
2020-10-06,73.1082992553711
2020-10-07,73.81500244140625
2020-10-08,73.5425033569336
2020-10-09,73.28050231933594
2020-10-10,73.28050231933594
2020-10-11,73.28050231933594
2020-10-12,73.01480102539062
2020-10-13,73.35079956054688
2020-10-14,73.62000274658203
2020-10-15,73.29620361328125
2020-10-16,73.37100219726562
2020-10-17,73.37100219726562
2020-10-18,73.37100219726562
2020-10-19,73.44380187988281
2020-10-20,73.57499694824219
2020-10-21,73.64749908447266
2020-10-22,73.6812973022461
2020-10-23,73.72000122070312
2020-10-24,73.72000122070312
2020-10-25,73.72000122070312
2020-10-26,73.8228988647461
2020-10-27,73.94850158691406
2020-10-28,73.80500030517578
2020-10-29,74.44000244140625
2020-10-30,74.26399993896484
2020-10-31,74.26399993896484
2020-11-01,74.26399993896484
2020-11-02,74.55049896240234
2020-11-03,74.45680236816406
2020-11-04,74.65560150146484
2020-11-05,74.37999725341797
2020-11-06,74.12000274658203
2020-11-07,74.12000274658203
2020-11-08,74.12000274658203
2020-11-09,73.97979736328125
2020-11-10,73.95320129394531
2020-11-11,74.28160095214844
2020-11-12,74.56999969482422
2020-11-13,74.86499786376953
2020-11-14,74.86499786376953
2020-11-15,74.86499786376953
2020-11-16,74.48770141601562
2020-11-17,74.41809844970703
2020-11-18,74.47969818115234
2020-11-19,74.41999816894531
2020-11-20,74.09960174560547
2020-11-21,74.09960174560547
2020-11-22,74.09960174560547
2020-11-23,74.16239929199219
2020-11-24,74.24490356445312
2020-11-25,73.96080017089844
2020-11-26,73.77989959716797
2020-11-27,74.04879760742188
2020-11-28,74.04879760742188
2020-11-29,74.04879760742188
2020-11-30,73.94090270996094
2020-12-01,74.02519989013672
2020-12-02,73.65499877929688
2020-12-03,73.66259765625
2020-12-04,73.86489868164062
2020-12-05,73.86489868164062
2020-12-06,73.86489868164062
2020-12-07,73.79029846191406
2020-12-08,74.0199966430664
2020-12-09,73.72640228271484
2020-12-10,73.93499755859375
2020-12-11,73.72669982910156
2020-12-12,73.72669982910156
2020-12-13,73.72669982910156
2020-12-14,73.73799896240234
2020-12-15,73.86000061035156
2020-12-16,73.75980377197266
2020-12-17,73.6166000366211
2020-12-18,73.52980041503906
2020-12-19,73.52980041503906
2020-12-20,73.52980041503906
2020-12-21,73.60359954833984
2020-12-22,73.935302734375
2020-12-23,74.2699966430664
2020-12-24,73.83979797363281
2020-12-25,73.55780029296875
2020-12-26,73.55780029296875
2020-12-27,73.55780029296875
2020-12-28,73.68900299072266
2020-12-29,73.5448989868164
2020-12-30,73.45359802246094
2020-12-31,73.13400268554688
2021-01-01,73.08920288085938
2021-01-02,73.08920288085938
2021-01-03,73.08920288085938
2021-01-04,73.09200286865234
2021-01-05,73.31999969482422
2021-01-06,73.37480163574219
2021-01-07,73.36000061035156
2021-01-08,73.44599914550781
2021-01-09,73.44599914550781
2021-01-10,73.44599914550781
2021-01-11,73.37339782714844
2021-01-12,73.51349639892578
2021-01-13,73.16500091552734
2021-01-14,73.1698989868164
2021-01-15,73.08760070800781
2021-01-16,73.08760070800781
2021-01-17,73.08760070800781
2021-01-18,73.15899658203125
2021-01-19,73.1886978149414
2021-01-20,73.19190216064453
2021-01-21,72.91089630126953
2021-01-22,72.95490264892578
2021-01-23,72.95490264892578
2021-01-24,72.95490264892578
2021-01-25,72.99590301513672
2021-01-26,72.97000122070312
2021-01-27,72.91999816894531
2021-01-28,73.03710174560547
2021-01-29,72.93879699707031
2021-01-30,72.93879699707031
2021-01-31,72.93879699707031
2021-02-01,72.90660095214844
2021-02-02,73.11979675292969
2021-02-03,72.91629791259766
2021-02-04,72.85800170898438
2021-02-05,72.9457015991211
2021-02-06,72.9457015991211
2021-02-07,72.9457015991211
2021-02-08,72.78479766845703
2021-02-09,72.92990112304688
2021-02-10,72.85489654541016
2021-02-11,72.80729675292969
2021-02-12,72.70950317382812
2021-02-13,72.70950317382812
2021-02-14,72.70950317382812
2021-02-15,72.59480285644531
2021-02-16,72.63870239257812
2021-02-17,72.93499755859375
2021-02-18,72.79730224609375
2021-02-19,72.60540008544922
2021-02-20,72.60540008544922
2021-02-21,72.60540008544922
2021-02-22,72.5530014038086
2021-02-23,72.44400024414062
2021-02-24,72.37699890136719
2021-02-25,72.4000015258789
2021-02-26,73.1509017944336
2021-02-27,73.1509017944336
2021-02-28,73.1509017944336
2021-03-01,73.59590148925781
2021-03-02,73.30940246582031
2021-03-03,73.27749633789062
2021-03-04,72.88069915771484
2021-03-05,73.13179779052734
2021-03-06,73.13179779052734
2021-03-07,73.13179779052734
2021-03-08,73.1333999633789
2021-03-09,73.33000183105469
2021-03-10,72.7759017944336
2021-03-11,72.70600128173828
2021-03-12,72.63899993896484
2021-03-13,72.63899993896484
2021-03-14,72.63899993896484
2021-03-15,72.68299865722656
2021-03-16,72.51529693603516
2021-03-17,72.5156021118164
2021-03-18,72.29560089111328
2021-03-19,72.6688003540039
2021-03-20,72.6688003540039
2021-03-21,72.6688003540039
2021-03-22,72.40499877929688
2021-03-23,72.38050079345703
2021-03-24,72.61219787597656
2021-03-25,72.64559936523438
2021-03-26,72.61280059814453
2021-03-27,72.61280059814453
2021-03-28,72.61280059814453
2021-03-29,72.44719696044922
2021-03-30,72.74189758300781
2021-03-31,73.44529724121094
2021-04-01,73.20349884033203
2021-04-02,73.28730010986328
2021-04-03,73.28730010986328
2021-04-04,73.28730010986328
2021-04-05,73.3759994506836
2021-04-06,73.27950286865234
2021-04-07,73.48999786376953
2021-04-08,74.40149688720703
2021-04-09,74.54450225830078
2021-04-10,74.54450225830078
2021-04-11,74.54450225830078
2021-04-12,74.72949981689453
2021-04-13,74.99099731445312
2021-04-14,75.18150329589844
2021-04-15,75.0261001586914
2021-04-16,74.72740173339844
2021-04-17,74.72740173339844
2021-04-18,74.72740173339844
2021-04-19,74.56320190429688
2021-04-20,74.8781967163086
2021-04-21,75.44920349121094
2021-04-22,75.42949676513672
2021-04-23,75.0916976928711
2021-04-24,75.0916976928711
2021-04-25,75.0916976928711
2021-04-26,74.86810302734375
2021-04-27,74.81490325927734
2021-04-28,74.57499694824219
2021-04-29,74.31179809570312
2021-04-30,74.10579681396484
2021-05-01,74.10579681396484
2021-05-02,74.10579681396484
2021-05-03,74.09480285644531
2021-05-04,73.8375015258789
2021-05-05,73.77890014648438
2021-05-06,73.79940032958984
2021-05-07,73.61519622802734
2021-05-08,73.61519622802734
2021-05-09,73.61519622802734
2021-05-10,73.29029846191406
2021-05-11,73.5
2021-05-12,73.3750991821289
2021-05-13,73.68160247802734
2021-05-14,73.44490051269531
2021-05-15,73.44490051269531
2021-05-16,73.44490051269531
2021-05-17,73.27890014648438
2021-05-18,73.26969909667969
2021-05-19,73.1281967163086
2021-05-20,73.222900390625
2021-05-21,73.02189636230469
2021-05-22,73.02189636230469
2021-05-23,73.02189636230469
2021-05-24,72.90979766845703
2021-05-25,72.83660125732422
2021-05-26,72.80490112304688
2021-05-27,72.67250061035156
2021-05-28,72.68299865722656
2021-05-29,72.68299865722656
2021-05-30,72.68299865722656
2021-05-31,72.39350128173828
2021-06-01,72.48719787597656
2021-06-02,72.8550033569336
2021-06-03,72.96510314941406
2021-06-04,73.04419708251953
2021-06-05,73.04419708251953
2021-06-06,73.04419708251953
2021-06-07,72.90969848632812
2021-06-08,72.80940246582031
2021-06-09,72.97530364990234
2021-06-10,72.98529815673828
2021-06-11,73.01229858398438
2021-06-12,73.01229858398438
2021-06-13,73.01229858398438
2021-06-14,73.23159790039062
2021-06-15,73.18080139160156
2021-06-16,73.3447036743164
2021-06-17,73.8240966796875
2021-06-18,74.25389862060547
2021-06-19,74.25389862060547
2021-06-20,74.25389862060547
2021-06-21,74.1438980102539
2021-06-22,74.13520050048828
2021-06-23,74.33219909667969
2021-06-24,74.24690246582031
2021-06-25,74.19029998779297
2021-06-26,74.19029998779297
2021-06-27,74.19029998779297
2021-06-28,74.21299743652344
2021-06-29,74.285400390625
2021-06-30,74.28759765625
2021-07-01,74.37100219726562
2021-07-02,74.54499816894531
2021-07-03,74.54499816894531
2021-07-04,74.54499816894531
2021-07-05,74.48179626464844
2021-07-06,74.31780242919922
2021-07-07,74.76290130615234
2021-07-08,74.8218994140625
2021-07-09,74.72139739990234
2021-07-10,74.72139739990234
2021-07-11,74.72139739990234
2021-07-12,74.4905014038086
2021-07-13,74.54170227050781
2021-07-14,74.65910339355469
2021-07-15,74.46910095214844
2021-07-16,74.53700256347656
2021-07-17,74.53700256347656
2021-07-18,74.53700256347656
2021-07-19,74.63179779052734
2021-07-20,74.99340057373047
2021-07-21,74.5270004272461
2021-07-22,74.44020080566406
2021-07-23,74.4520034790039
2021-07-24,74.4520034790039
2021-07-25,74.4520034790039
2021-07-26,74.44889831542969
2021-07-27,74.28949737548828
2021-07-28,74.5022964477539
2021-07-29,74.38999938964844
2021-07-30,74.25199890136719
2021-07-31,74.25199890136719
2021-08-01,74.25199890136719
2021-08-02,74.37909698486328
2021-08-03,74.33200073242188
2021-08-04,74.21440124511719
2021-08-05,74.18399810791016
2021-08-06,74.08200073242188
2021-08-07,74.08200073242188
2021-08-08,74.08200073242188
2021-08-09,74.49140167236328
2021-08-10,74.46620178222656
2021-08-11,74.43550109863281
2021-08-12,74.10299682617188
2021-08-13,74.26010131835938
2021-08-14,74.26010131835938
2021-08-15,74.26010131835938
2021-08-16,74.216796875
2021-08-17,74.13500213623047
2021-08-18,74.364501953125
2021-08-19,74.2697982788086
2021-08-20,74.4292984008789
2021-08-21,74.4292984008789
2021-08-22,74.4292984008789
2021-08-23,74.30149841308594
2021-08-24,74.10590362548828
2021-08-25,74.1447982788086
2021-08-26,74.0999984741211
2021-08-27,74.15599822998047
2021-08-28,74.15599822998047
2021-08-29,74.15599822998047
2021-08-30,73.49659729003906
2021-08-31,73.41120147705078
2021-09-01,72.99669647216797
2021-09-02,72.98509979248047
2021-09-03,73.0542984008789
2021-09-04,73.0542984008789
2021-09-05,73.0542984008789
2021-09-06,72.99449920654297
2021-09-07,73.11000061035156
2021-09-08,73.3904037475586
2021-09-09,73.78900146484375
2021-09-10,73.53800201416016
2021-09-11,73.53800201416016
2021-09-12,73.53800201416016
2021-09-13,73.52429962158203
2021-09-14,73.54080200195312
2021-09-15,73.65080261230469
2021-09-16,73.43800354003906
2021-09-17,73.56490325927734
2021-09-18,73.56490325927734
2021-09-19,73.56490325927734
2021-09-20,73.69609832763672
2021-09-21,73.65899658203125
2021-09-22,73.7927017211914
2021-09-23,73.8749008178711
2021-09-24,73.83999633789062
2021-09-25,73.83999633789062
2021-09-26,73.83999633789062
2021-09-27,73.81289672851562
2021-09-28,73.82530212402344
2021-09-29,74.16329956054688
2021-09-30,74.3219985961914
2021-10-01,74.25440216064453
2021-10-02,74.25440216064453
2021-10-03,74.25440216064453
2021-10-04,74.152099609375
2021-10-05,74.57279968261719
2021-10-06,74.56320190429688
2021-10-07,74.76000213623047
2021-10-08,74.83000183105469
2021-10-09,74.83000183105469
2021-10-10,74.83000183105469
2021-10-11,75.30580139160156
2021-10-12,75.40260314941406
2021-10-13,75.48390197753906
2021-10-14,75.3062973022461
2021-10-15,74.99500274658203
2021-10-16,74.99500274658203
2021-10-17,74.99500274658203
2021-10-18,75.00589752197266
2021-10-19,75.2354965209961
2021-10-20,75.12010192871094
2021-10-21,74.80919647216797
2021-10-22,74.86540222167969
2021-10-23,74.86540222167969
2021-10-24,74.86540222167969
2021-10-25,74.99369812011719
2021-10-26,75.08989715576172
2021-10-27,74.88890075683594
2021-10-28,75.05000305175781
2021-10-29,74.79720306396484
2021-10-30,74.79720306396484
2021-10-31,74.79720306396484
2021-11-01,74.92829895019531
2021-11-02,74.82990264892578
2021-11-03,74.71199798583984
2021-11-04,74.43550109863281
2021-11-05,74.47810363769531
2021-11-06,74.47810363769531
2021-11-07,74.47810363769531
2021-11-08,74.19110107421875
2021-11-09,73.91850280761719
2021-11-10,74.17479705810547
2021-11-11,74.40489959716797
2021-11-12,74.32209777832031
2021-11-13,74.32209777832031
2021-11-14,74.32209777832031
2021-11-15,74.33999633789062
2021-11-16,74.43509674072266
2021-11-17,74.45860290527344
2021-11-18,74.25980377197266
2021-11-19,74.17440032958984
2021-11-20,74.17440032958984
2021-11-21,74.17440032958984
2021-11-22,74.30259704589844
2021-11-23,74.42980194091797
2021-11-24,74.4469985961914
2021-11-25,74.625
2021-11-26,74.50579833984375
2021-11-27,74.50579833984375
2021-11-28,74.50579833984375
2021-11-29,74.98159790039062
2021-11-30,75.05490112304688
2021-12-01,75.0509033203125
2021-12-02,75.01789855957031
2021-12-03,74.9834976196289
2021-12-04,74.9834976196289
2021-12-05,74.9834976196289
2021-12-06,75.23400115966797
2021-12-07,75.39129638671875
2021-12-08,75.40859985351562
2021-12-09,75.38330078125
2021-12-10,75.59919738769531
2021-12-11,75.59919738769531
2021-12-12,75.59919738769531
2021-12-13,75.70999908447266
2021-12-14,75.82689666748047
2021-12-15,76.04720306396484
2021-12-16,76.2114028930664
2021-12-17,76.1675033569336
2021-12-18,76.1675033569336
2021-12-19,76.1675033569336
2021-12-20,76.00599670410156
2021-12-21,75.75869750976562
2021-12-22,75.6864013671875
2021-12-23,75.45850372314453
2021-12-24,75.06739807128906
2021-12-25,75.06739807128906
2021-12-26,75.06739807128906
2021-12-27,75.31500244140625
2021-12-28,74.98030090332031
2021-12-29,74.74500274658203
2021-12-30,74.57029724121094
2021-12-31,74.43119812011719
2022-01-01,74.43119812011719
2022-01-02,74.43119812011719
2022-01-03,74.51380157470703
2022-01-04,74.4032974243164
2022-01-05,74.53489685058594
2022-01-06,74.43009948730469
2022-01-07,74.41929626464844
2022-01-08,74.41929626464844
2022-01-09,74.41929626464844
2022-01-10,74.2699966430664
2022-01-11,74.05699920654297
2022-01-12,73.81529998779297
2022-01-13,73.79910278320312
2022-01-14,73.97229766845703
2022-01-15,73.97229766845703
2022-01-16,73.97229766845703
2022-01-17,74.37899780273438
2022-01-18,74.25509643554688
2022-01-19,74.61969757080078
2022-01-20,74.44920349121094
2022-01-21,74.45220184326172
2022-01-22,74.45220184326172
2022-01-23,74.45220184326172
2022-01-24,74.41320037841797
2022-01-25,74.6447982788086
2022-01-26,74.77999877929688
2022-01-27,74.8949966430664
2022-01-28,75.20929718017578
2022-01-29,75.20929718017578
2022-01-30,75.20929718017578
2022-01-31,75.03900146484375
2022-02-01,74.55580139160156
2022-02-02,74.74549865722656
2022-02-03,74.82240295410156
2022-02-04,74.6438980102539
2022-02-05,74.6438980102539
2022-02-06,74.6438980102539
2022-02-07,74.64219665527344
2022-02-08,74.6583023071289
2022-02-09,74.69519805908203
2022-02-10,74.80889892578125
2022-02-11,75.53839874267578
2022-02-12,75.53839874267578
2022-02-13,75.53839874267578
2022-02-14,75.34100341796875
2022-02-15,75.6854019165039
2022-02-16,75.17479705810547
2022-02-17,75.04199981689453
2022-02-18,75.06300354003906
2022-02-19,75.06300354003906
2022-02-20,75.06300354003906
2022-02-21,74.68240356445312
2022-02-22,74.51699829101562
2022-02-23,74.62300109863281
2022-02-24,74.63300323486328
2022-02-25,75.4083023071289
2022-02-26,75.4083023071289
2022-02-27,75.4083023071289
2022-02-28,75.06800079345703
2022-03-01,75.28479766845703
2022-03-02,75.80120086669922
2022-03-03,75.63099670410156
2022-03-04,75.8917007446289
2022-03-05,75.8917007446289
2022-03-06,75.8917007446289
2022-03-07,76.41799926757812
2022-03-08,77.08080291748047
2022-03-09,76.91449737548828
2022-03-10,76.13490295410156
2022-03-11,76.310302734375
2022-03-12,76.310302734375
2022-03-13,76.310302734375
2022-03-14,76.75370025634766
2022-03-15,76.49009704589844
2022-03-16,76.26589965820312
2022-03-17,76.02420043945312
2022-03-18,75.98159790039062
2022-03-19,75.98159790039062
2022-03-20,75.98159790039062
2022-03-21,75.94640350341797
2022-03-22,76.30709838867188
2022-03-23,76.10189819335938
2022-03-24,76.55239868164062
2022-03-25,76.32350158691406
2022-03-26,76.32350158691406
2022-03-27,76.32350158691406
2022-03-28,76.27850341796875
2022-03-29,76.03410339355469
2022-03-30,75.66670227050781
2022-03-31,75.82779693603516
2022-04-01,75.9092025756836
2022-04-02,75.9092025756836
2022-04-03,75.9092025756836
2022-04-04,75.99479675292969
2022-04-05,75.47799682617188
2022-04-06,75.45069885253906
2022-04-07,75.94509887695312
2022-04-08,75.91320037841797
2022-04-09,75.91320037841797
2022-04-10,75.91320037841797
2022-04-11,75.91729736328125
2022-04-12,75.83699798583984
2022-04-13,76.1498031616211
2022-04-14,76.12169647216797
2022-04-15,76.30879974365234
2022-04-16,76.30879974365234
2022-04-17,76.30879974365234
2022-04-18,76.3313980102539
2022-04-19,76.28019714355469
2022-04-20,76.44539642333984
2022-04-21,76.27619934082031
2022-04-22,76.28520202636719
2022-04-23,76.28520202636719
2022-04-24,76.28520202636719
2022-04-25,76.4635009765625
2022-04-26,76.52780151367188
2022-04-27,76.79409790039062
2022-04-28,76.47219848632812
2022-04-29,76.58899688720703
2022-04-30,76.58899688720703
2022-05-01,76.58899688720703
2022-05-02,76.52310180664062
2022-05-03,76.52410125732422
2022-05-04,76.46730041503906
2022-05-05,76.00160217285156
2022-05-06,76.54180145263672
2022-05-07,76.54180145263672
2022-05-08,76.54180145263672
2022-05-09,76.9574966430664
2022-05-10,77.3655014038086
2022-05-11,77.27140045166016
2022-05-12,77.41840362548828
2022-05-13,77.44380187988281
2022-05-14,77.44380187988281
2022-05-15,77.44380187988281
2022-05-16,77.48629760742188
2022-05-17,77.8053970336914
2022-05-18,77.37239837646484
2022-05-19,77.81999969482422
2022-05-20,77.42109680175781
2022-05-21,77.42109680175781
2022-05-22,77.42109680175781
2022-05-23,77.81839752197266
2022-05-24,77.52680206298828
2022-05-25,77.47879791259766
2022-05-26,77.49729919433594
2022-05-27,77.63020324707031
2022-05-28,77.63020324707031
2022-05-29,77.63020324707031
2022-05-30,77.69200134277344
2022-05-31,77.5208969116211
2022-06-01,77.5989990234375
2022-06-02,77.58409881591797
2022-06-03,77.3604965209961
2022-06-04,77.3604965209961
2022-06-05,77.3604965209961
2022-06-06,77.69419860839844
2022-06-07,77.82099914550781
2022-06-08,77.67060089111328
2022-06-09,77.72429656982422
2022-06-10,77.8187026977539
2022-06-11,77.8187026977539
2022-06-12,77.8187026977539
2022-06-13,78.17759704589844
2022-06-14,78.16059875488281
2022-06-15,77.9854965209961
2022-06-16,77.90019989013672
2022-06-17,77.97769927978516
2022-06-18,77.97769927978516
2022-06-19,77.97769927978516
2022-06-20,77.9614028930664
2022-06-21,77.93399810791016
2022-06-22,78.13490295410156
2022-06-23,78.19309997558594
2022-06-24,78.14240264892578
2022-06-25,78.14240264892578
2022-06-26,78.14240264892578
2022-06-27,78.2522964477539
2022-06-28,78.44110107421875
2022-06-29,79.07319641113281
2022-06-30,78.89830017089844
2022-07-01,78.96299743652344
2022-07-02,78.96299743652344
2022-07-03,78.96299743652344
2022-07-04,78.95069885253906
2022-07-05,78.93949890136719
2022-07-06,79.36840057373047
2022-07-07,79.04389953613281
2022-07-08,79.22160339355469
2022-07-09,79.22160339355469
2022-07-10,79.22160339355469
2022-07-11,79.3313980102539
2022-07-12,79.47779846191406
2022-07-13,79.47640228271484
2022-07-14,79.80750274658203
2022-07-15,79.87830352783203
2022-07-16,79.87830352783203
2022-07-17,79.87830352783203
2022-07-18,79.72049713134766
2022-07-19,80.0302963256836
2022-07-20,79.85590362548828
2022-07-21,80.00340270996094
2022-07-22,79.7759017944336
2022-07-23,79.7759017944336
2022-07-24,79.7759017944336
2022-07-25,79.87680053710938
2022-07-26,79.72250366210938
2022-07-27,79.84120178222656
2022-07-28,79.84739685058594
2022-07-29,79.57150268554688
2022-07-30,79.57150268554688
2022-07-31,79.57150268554688
2022-08-01,79.1948013305664
2022-08-02,78.95570373535156
2022-08-03,78.60449981689453
2022-08-04,79.11830139160156
2022-08-05,79.15489959716797
2022-08-06,79.15489959716797
2022-08-07,79.15489959716797
2022-08-08,79.41059875488281
2022-08-09,79.60189819335938
2022-08-10,79.57839965820312
2022-08-11,79.0978012084961
2022-08-12,79.61399841308594
2022-08-13,79.61399841308594
2022-08-14,79.61399841308594
2022-08-15,79.62760162353516
2022-08-16,79.55290222167969
2022-08-17,79.14600372314453
2022-08-18,79.35970306396484
2022-08-19,79.7667007446289
2022-08-20,79.7667007446289
2022-08-21,79.7667007446289
2022-08-22,79.91790008544922
2022-08-23,79.88379669189453
2022-08-24,79.85449981689453
2022-08-25,79.79679870605469
2022-08-26,79.88289642333984
2022-08-27,79.88289642333984
2022-08-28,79.88289642333984
2022-08-29,79.95909881591797
2022-08-30,79.96790313720703
2022-08-31,79.68229675292969
2022-09-01,79.54879760742188
2022-09-02,79.716796875
2022-09-03,79.716796875
2022-09-04,79.716796875
2022-09-05,79.72450256347656
2022-09-06,79.78299713134766
2022-09-07,79.89510345458984
2022-09-08,79.6498031616211
2022-09-09,79.706298828125
2022-09-10,79.706298828125
2022-09-11,79.706298828125
2022-09-12,79.65579986572266
2022-09-13,79.35530090332031
2022-09-14,79.60240173339844
2022-09-15,79.45369720458984
2022-09-16,79.8490982055664
2022-09-17,79.8490982055664
2022-09-18,79.8490982055664
2022-09-19,79.68949890136719
2022-09-20,79.7074966430664
2022-09-21,79.76270294189453
2022-09-22,80.05069732666016
2022-09-23,81.06220245361328
2022-09-24,81.06220245361328
2022-09-25,81.06220245361328
2022-09-26,81.25479888916016
2022-09-27,81.61579895019531
2022-09-28,81.72460174560547
2022-09-29,81.42870330810547
2022-09-30,81.48059844970703
2022-10-01,81.48059844970703
2022-10-02,81.48059844970703
2022-10-03,81.52130126953125
2022-10-04,81.49500274658203
2022-10-05,81.46549987792969
2022-10-06,81.6488037109375
2022-10-07,82.3489990234375
2022-10-08,82.3489990234375
2022-10-09,82.3489990234375
2022-10-10,82.8322982788086
2022-10-11,82.42070007324219
2022-10-12,82.2739028930664
2022-10-13,82.19999694824219
2022-10-14,82.19210052490234
2022-10-15,82.19210052490234
2022-10-16,82.19210052490234
2022-10-17,82.41280364990234
2022-10-18,82.1947021484375
2022-10-19,82.2863998413086
2022-10-20,82.99700164794922
2022-10-21,82.82569885253906
2022-10-22,82.82569885253906
2022-10-23,82.82569885253906
2022-10-24,82.54129791259766
2022-10-25,82.7614974975586
2022-10-26,82.44529724121094
2022-10-27,82.04959869384766
2022-10-28,82.44249725341797
2022-10-29,82.44249725341797
2022-10-30,82.44249725341797
2022-10-31,82.23919677734375
2022-11-01,82.72899627685547
2022-11-02,82.68450164794922
2022-11-03,82.88839721679688
2022-11-04,82.68180084228516
2022-11-05,82.68180084228516
2022-11-06,82.68180084228516
2022-11-07,81.9749984741211
2022-11-08,81.82599639892578
2022-11-09,81.40519714355469
2022-11-10,81.34380340576172
2022-11-11,80.48290252685547
2022-11-12,80.48290252685547
2022-11-13,80.48290252685547
2022-11-14,80.49700164794922
2022-11-15,80.99199676513672
2022-11-16,81.07140350341797
2022-11-17,81.49530029296875
2022-11-18,81.52490234375
2022-11-19,81.52490234375
2022-11-20,81.52490234375
2022-11-21,81.5198974609375
2022-11-22,81.72769927978516
2022-11-23,81.71499633789062
2022-11-24,81.63289642333984
2022-11-25,81.65540313720703
2022-11-26,81.65540313720703
2022-11-27,81.65540313720703
2022-11-28,81.6697006225586
2022-11-29,81.65029907226562
2022-11-30,81.63089752197266
2022-12-01,81.3052978515625
2022-12-02,81.16220092773438
2022-12-03,81.16220092773438
2022-12-04,81.16220092773438
2022-12-05,81.42250061035156
2022-12-06,81.89900207519531
2022-12-07,82.37220001220703
2022-12-08,82.25350189208984
2022-12-09,82.2791976928711
2022-12-10,82.2791976928711
2022-12-11,82.2791976928711
2022-12-12,82.41300201416016
2022-12-13,82.64469909667969
2022-12-14,82.40249633789062
2022-12-15,82.50800323486328
2022-12-16,82.85790252685547
2022-12-17,82.85790252685547
2022-12-18,82.85790252685547
2022-12-19,82.72599792480469
2022-12-20,82.58190155029297
2022-12-21,82.63690185546875
2022-12-22,82.87860107421875
2022-12-23,82.8749008178711
2022-12-24,82.8749008178711
2022-12-25,82.8749008178711
2022-12-26,82.6041030883789
2022-12-27,82.90290069580078
2022-12-28,82.7761001586914
2022-12-29,82.85199737548828
2022-12-30,82.83509826660156
2022-12-31,82.83509826660156
2023-01-01,82.83509826660156
2023-01-02,82.74980163574219
2023-01-03,82.70600128173828
2023-01-04,82.78569793701172
2023-01-05,82.66649627685547
2023-01-06,82.64520263671875
2023-01-07,82.64520263671875
2023-01-08,82.64520263671875
2023-01-09,82.27339935302734
2023-01-10,82.18009948730469
2023-01-11,81.63739776611328
2023-01-12,81.63179779052734
2023-01-13,81.1156005859375
2023-01-14,81.1156005859375
2023-01-15,81.1156005859375
2023-01-16,81.27799987792969
2023-01-17,81.65260314941406
2023-01-18,81.52549743652344
2023-01-19,81.43599700927734
2023-01-20,81.23979949951172
2023-01-21,81.23979949951172
2023-01-22,81.23979949951172
2023-01-23,80.97599792480469
2023-01-24,81.48799896240234
2023-01-25,81.60189819335938
2023-01-26,81.50270080566406
2023-01-27,81.44509887695312
2023-01-28,81.44509887695312
2023-01-29,81.44509887695312
2023-01-30,81.50800323486328
2023-01-31,81.57990264892578
2023-02-01,81.76840209960938
2023-02-02,81.71029663085938
2023-02-03,82.0458984375
2023-02-04,82.0458984375
2023-02-05,82.0458984375
2023-02-06,82.22599792480469
2023-02-07,82.75499725341797
2023-02-08,82.74189758300781
2023-02-09,82.65950012207031
2023-02-10,82.533203125
2023-02-11,82.533203125
2023-02-12,82.533203125
2023-02-13,82.51300048828125
2023-02-14,82.59739685058594
2023-02-15,82.86759948730469
2023-02-16,82.73770141601562
2023-02-17,82.69529724121094
2023-02-18,82.69529724121094
2023-02-19,82.69529724121094
2023-02-20,82.75800323486328
2023-02-21,82.69750213623047
2023-02-22,82.86119842529297
2023-02-23,82.83529663085938
2023-02-24,82.6178970336914
2023-02-25,82.6178970336914
2023-02-26,82.6178970336914
2023-02-27,82.91799926757812
2023-02-28,82.6520004272461
2023-03-01,82.6353988647461
2023-03-02,82.4198989868164
2023-03-03,82.35569763183594
2023-03-04,82.35569763183594
2023-03-05,82.35569763183594
2023-03-06,81.7125015258789
2023-03-07,81.85440063476562
2023-03-08,82.07460021972656
2023-03-09,81.9645004272461
2023-03-10,82.01840209960938
2023-03-11,82.01840209960938
2023-03-12,82.01840209960938
2023-03-13,81.95800018310547
2023-03-14,82.41739654541016
2023-03-15,82.30490112304688
2023-03-16,82.7156982421875
2023-03-17,82.622802734375
2023-03-18,82.622802734375
2023-03-19,82.622802734375
2023-03-20,82.53299713134766
2023-03-21,82.52909851074219
2023-03-22,82.677001953125
2023-03-23,82.52580261230469
2023-03-24,82.26529693603516
2023-03-25,82.26529693603516
2023-03-26,82.26529693603516
2023-03-27,82.33879852294922
2023-03-28,82.21489715576172
2023-03-29,82.16429901123047
2023-03-30,82.25540161132812
2023-03-31,82.10050201416016
2023-04-01,82.10050201416016
2023-04-02,82.10050201416016
2023-04-03,82.18479919433594
2023-04-04,82.14089965820312
2023-04-05,82.11479949951172
2023-04-06,81.94999694824219
2023-04-07,81.831298828125
2023-04-08,81.831298828125
2023-04-09,81.831298828125
2023-04-10,81.88480377197266
2023-04-11,81.98390197753906
2023-04-12,82.07009887695312
2023-04-13,81.96060180664062
2023-04-14,81.68070220947266
2023-04-15,81.68070220947266
2023-04-16,81.68070220947266
2023-04-17,81.84480285644531
2023-04-18,82.00370025634766
2023-04-19,82.10790252685547
2023-04-20,82.34010314941406
2023-04-21,82.14089965820312
2023-04-22,82.14089965820312
2023-04-23,82.14089965820312
2023-04-24,82.05480194091797
2023-04-25,81.85230255126953
2023-04-26,81.9916000366211
2023-04-27,81.76689910888672
2023-04-28,81.76509857177734
2023-04-29,81.76509857177734
2023-04-30,81.76509857177734
2023-05-01,81.74479675292969
2023-05-02,81.77469635009766
2023-05-03,81.77870178222656
2023-05-04,81.77999877929688
2023-05-05,81.71610260009766
2023-05-06,81.71610260009766
2023-05-07,81.71610260009766
2023-05-08,81.72979736328125
2023-05-09,81.78710174560547
2023-05-10,82.1050033569336
2023-05-11,81.9198989868164
2023-05-12,82.10030364990234
2023-05-13,82.10030364990234
2023-05-14,82.10030364990234
2023-05-15,82.20030212402344
2023-05-16,82.2667007446289
2023-05-17,82.2959976196289
2023-05-18,82.45030212402344
2023-05-19,82.72509765625
2023-05-20,82.72509765625
2023-05-21,82.72509765625
2023-05-22,82.90480041503906
2023-05-23,82.82499694824219
2023-05-24,82.8906021118164
2023-05-25,82.71369934082031
2023-05-26,82.74210357666016
2023-05-27,82.74210357666016
2023-05-28,82.74210357666016
2023-05-29,82.57479858398438
2023-05-30,82.57969665527344
2023-05-31,82.68389892578125
2023-06-01,82.66680145263672
2023-06-02,82.27670288085938
2023-06-03,82.27670288085938
2023-06-04,82.27670288085938
2023-06-05,82.40979766845703
2023-06-06,82.51119995117188
2023-06-07,82.51719665527344
2023-06-08,82.61810302734375
2023-06-09,82.48829650878906
2023-06-10,82.48829650878906
2023-06-11,82.48829650878906
2023-06-12,82.4448013305664
2023-06-13,82.33719635009766
2023-06-14,82.29039764404297
2023-06-15,82.04499816894531
2023-06-16,81.9126968383789
2023-06-17,81.9126968383789
2023-06-18,81.9126968383789
2023-06-19,81.91480255126953
2023-06-20,81.98139953613281
2023-06-21,81.9917984008789
2023-06-22,81.94149780273438
2023-06-23,81.91929626464844
2023-06-24,81.91929626464844
2023-06-25,81.91929626464844
2023-06-26,81.98480224609375
2023-06-27,82.00650024414062
2023-06-28,81.99839782714844
2023-06-29,82.02649688720703
2023-06-30,82.07540130615234
2023-07-01,82.07540130615234
2023-07-02,82.07540130615234
2023-07-03,82.09629821777344
2023-07-04,81.95010375976562
2023-07-05,82.0071029663086
2023-07-06,82.39409637451172
2023-07-07,82.76840209960938
2023-07-08,82.76840209960938
2023-07-09,82.76840209960938
2023-07-10,82.61530303955078
2023-07-11,82.52529907226562
2023-07-12,82.39990234375
2023-07-13,82.00180053710938
2023-07-14,82.03079986572266
2023-07-15,82.03079986572266
2023-07-16,82.03079986572266
2023-07-17,82.07679748535156
2023-07-18,82.06159973144531
2023-07-19,82.07540130615234
2023-07-20,82.06169891357422
2023-07-21,82.0823974609375
2023-07-22,82.0823974609375
2023-07-23,82.0823974609375
2023-07-24,81.99030303955078
2023-07-25,81.81420135498047
2023-07-26,81.95010375976562
2023-07-27,81.97550201416016
2023-07-28,82.3749008178711
2023-07-29,82.3749008178711
2023-07-30,82.3749008178711
2023-07-31,82.25279998779297
2023-08-01,82.2332992553711
2023-08-02,82.30729675292969
2023-08-03,82.7332992553711
2023-08-04,82.7843017578125
2023-08-05,82.7843017578125
2023-08-06,82.7843017578125
2023-08-07,82.69529724121094
2023-08-08,82.74829864501953
2023-08-09,82.84500122070312
2023-08-10,82.86630249023438
2023-08-11,82.79989624023438
2023-08-12,82.79989624023438
2023-08-13,82.79989624023438
2023-08-14,82.89730072021484
2023-08-15,83.2333984375
2023-08-16,83.19419860839844
2023-08-17,83.23699951171875
2023-08-18,83.09829711914062
2023-08-19,83.09829711914062
2023-08-20,83.09829711914062
2023-08-21,83.16729736328125
2023-08-22,83.1135025024414
2023-08-23,83.07330322265625
2023-08-24,82.5447006225586
2023-08-25,82.64140319824219
2023-08-26,82.64140319824219
2023-08-27,82.64140319824219
2023-08-28,82.66429901123047
2023-08-29,82.69149780273438
2023-08-30,82.49469757080078
2023-08-31,82.70040130615234
2023-09-01,82.68240356445312
2023-09-02,82.68240356445312
2023-09-03,82.68240356445312
2023-09-04,82.6969985961914
2023-09-05,82.7345962524414
2023-09-06,83.08609771728516
2023-09-07,83.25740051269531
2023-09-08,83.24150085449219
2023-09-09,83.24150085449219
2023-09-10,83.24150085449219
2023-09-11,83.03130340576172
2023-09-12,82.94329833984375
2023-09-13,82.84300231933594
2023-09-14,82.93679809570312
2023-09-15,83.0282974243164
2023-09-16,83.0282974243164
2023-09-17,83.0282974243164
2023-09-18,83.08580017089844
2023-09-19,83.25489807128906
2023-09-20,83.19499969482422
2023-09-21,83.08699798583984
2023-09-22,82.89129638671875
2023-09-23,82.89129638671875
2023-09-24,82.89129638671875
2023-09-25,82.97480010986328
2023-09-26,83.0282974243164
2023-09-27,83.29869842529297
2023-09-28,83.22270202636719
2023-09-29,83.19300079345703
2023-09-30,83.19300079345703
2023-10-01,83.19300079345703
2023-10-02,83.03479766845703
2023-10-03,83.3593978881836
2023-10-04,83.22979736328125
2023-10-05,83.44979858398438
2023-10-06,83.22489929199219
2023-10-07,83.22489929199219
2023-10-08,83.22489929199219
2023-10-09,83.12460327148438
2023-10-10,83.27030181884766
2023-10-11,83.25029754638672
2023-10-12,83.21800231933594
2023-10-13,83.26239776611328
2023-10-14,83.26239776611328
2023-10-15,83.26239776611328
2023-10-16,83.28230285644531
2023-10-17,83.19950103759766
2023-10-18,83.26429748535156
2023-10-19,83.26860046386719
2023-10-20,83.12229919433594
2023-10-21,83.12229919433594
2023-10-22,83.12229919433594
2023-10-23,83.15979766845703
2023-10-24,83.02940368652344
2023-10-25,82.98780059814453
2023-10-26,83.1709976196289
2023-10-27,83.28250122070312
2023-10-28,83.28250122070312
2023-10-29,83.28250122070312
2023-10-30,83.41339874267578
2023-10-31,83.29650115966797
2023-11-01,83.2771987915039
2023-11-02,85.19400024414062
2023-11-03,83.24729919433594
2023-11-04,83.24729919433594
2023-11-05,83.24729919433594
2023-11-06,83.15850067138672
2023-11-07,83.2228012084961
2023-11-08,83.23269653320312
2023-11-09,83.21769714355469
2023-11-10,83.31939697265625
2023-11-11,83.31939697265625
2023-11-12,83.31939697265625
2023-11-13,83.29889678955078
2023-11-14,83.19760131835938
2023-11-15,82.98159790039062
2023-11-16,83.18620300292969
2023-11-17,83.12030029296875
2023-11-18,83.12030029296875
2023-11-19,83.12030029296875
2023-11-20,83.29149627685547
2023-11-21,83.32219696044922
2023-11-22,83.345703125
2023-11-23,83.54830169677734
2023-11-24,83.34400177001953
2023-11-25,83.34400177001953
2023-11-26,83.34400177001953
2023-11-27,83.31449890136719
2023-11-28,83.364501953125
2023-11-29,83.41809844970703
2023-11-30,83.3302993774414
2023-12-01,83.35269927978516
2023-12-02,83.35269927978516
2023-12-03,83.35269927978516
2023-12-04,83.21859741210938
2023-12-05,83.41709899902344
2023-12-06,83.31590270996094
2023-12-07,83.28959655761719
2023-12-08,83.35489654541016
2023-12-09,83.35489654541016
2023-12-10,83.35489654541016
2023-12-11,83.43009948730469
2023-12-12,83.34349822998047
2023-12-13,83.39600372314453
2023-12-14,83.2853012084961
2023-12-15,83.29660034179688
2023-12-16,83.29660034179688
2023-12-17,83.29660034179688
2023-12-18,83.04170227050781
2023-12-19,83.11119842529297
2023-12-20,83.09159851074219
2023-12-21,83.26719665527344
2023-12-22,83.13159942626953
2023-12-23,83.13159942626953
2023-12-24,83.13159942626953
2023-12-25,83.16500091552734
2023-12-26,83.17230224609375
2023-12-27,83.18280029296875
2023-12-28,83.26719665527344
2023-12-29,82.302001953125
2023-12-30,82.302001953125
2023-12-31,82.302001953125
2024-01-01,83.24859619140625
2024-01-02,83.20259857177734
2024-01-03,83.25700378417969
2024-01-04,83.31809997558594
2024-01-05,83.2406005859375
2024-01-06,83.2406005859375
2024-01-07,83.2406005859375
2024-01-08,83.19110107421875
2024-01-09,83.05069732666016
2024-01-10,83.131103515625
2024-01-11,83.02559661865234
2024-01-12,83.07610321044922
2024-01-13,83.07610321044922
2024-01-14,83.07610321044922
2024-01-15,82.87210083007812
2024-01-16,82.8593978881836
2024-01-17,83.08899688720703
2024-01-18,83.17759704589844
2024-01-19,83.16059875488281
2024-01-20,83.16059875488281
2024-01-21,83.16059875488281
2024-01-22,83.12470245361328
2024-01-23,83.09510040283203
2024-01-24,83.22139739990234
2024-01-25,83.09760284423828
2024-01-26,83.14610290527344
2024-01-27,83.14610290527344
2024-01-28,83.14610290527344
2024-01-29,83.12129974365234
2024-01-30,83.1530990600586
2024-01-31,83.10970306396484
2024-02-01,83.05359649658203
2024-02-02,82.92759704589844
2024-02-03,82.92759704589844
2024-02-04,82.92759704589844
2024-02-05,82.99929809570312
2024-02-06,83.10369873046875
2024-02-07,83.07060241699219
2024-02-08,83.01260375976562
2024-02-09,82.98529815673828
2024-02-10,82.98529815673828
2024-02-11,82.98529815673828
2024-02-12,83.0145034790039
2024-02-13,82.99019622802734
2024-02-14,83.07460021972656
2024-02-15,83.04309844970703
2024-02-16,83.00959777832031
2024-02-17,83.00959777832031
2024-02-18,83.00959777832031
2024-02-19,83.01599884033203
2024-02-20,83.02100372314453
2024-02-21,82.8291015625
2024-02-22,82.93840026855469
2024-02-23,82.87229919433594
2024-02-24,82.87229919433594
2024-02-25,82.87229919433594
2024-02-26,82.88179779052734
2024-02-27,82.85199737548828
2024-02-28,82.94819641113281
2024-02-29,82.91190338134766
2024-03-01,82.910400390625
2024-03-02,82.910400390625
2024-03-03,82.910400390625
2024-03-04,82.84609985351562
2024-03-05,82.9104995727539
2024-03-06,82.88480377197266
2024-03-07,82.81909942626953
2024-03-08,82.7522964477539
2024-03-09,82.7522964477539
2024-03-10,82.7522964477539
2024-03-11,82.7520980834961
2024-03-12,82.7782974243164
2024-03-13,82.83509826660156
2024-03-14,82.83110046386719
2024-03-15,82.9655990600586
2024-03-16,82.9655990600586
2024-03-17,82.9655990600586
2024-03-18,82.88890075683594
2024-03-19,82.86360168457031
2024-03-20,83.04239654541016
2024-03-21,83.05460357666016
2024-03-22,83.22660064697266
2024-03-23,83.22660064697266
2024-03-24,83.22660064697266
2024-03-25,83.59359741210938
2024-03-26,83.41739654541016
2024-03-27,83.34549713134766
2024-03-28,83.36499786376953
2024-03-29,83.39299774169922
2024-03-30,83.39299774169922
2024-03-31,83.39299774169922
2024-04-01,83.36479949951172
2024-04-02,83.40969848632812
2024-04-03,83.35030364990234
2024-04-04,83.37329864501953
2024-04-05,83.47779846191406
2024-04-06,83.47779846191406
2024-04-07,83.47779846191406
2024-04-08,83.29679870605469
2024-04-09,83.26959991455078
2024-04-10,83.22429656982422
2024-04-11,83.4126968383789
2024-04-12,83.34929656982422
2024-04-13,83.34929656982422
2024-04-14,83.34929656982422
2024-04-15,83.61109924316406
2024-04-16,83.50599670410156
2024-04-17,83.6675033569336
2024-04-18,83.5958023071289
2024-04-19,83.54499816894531
2024-04-20,83.54499816894531
2024-04-21,83.54499816894531
2024-04-22,83.38529968261719
2024-04-23,83.38619995117188
2024-04-24,83.2833023071289
2024-04-25,83.3405990600586
2024-04-26,83.30180358886719
2024-04-27,83.30180358886719
2024-04-28,83.30180358886719
2024-04-29,83.40229797363281
2024-04-30,83.45110321044922
2024-05-01,83.49839782714844
2024-05-02,83.40640258789062
2024-05-03,83.40630340576172
2024-05-04,83.40630340576172
2024-05-05,83.40630340576172
2024-05-06,83.37999725341797
2024-05-07,83.4728012084961
2024-05-08,83.46990203857422
2024-05-09,83.46430206298828
2024-05-10,83.45939636230469
2024-05-11,83.45939636230469
2024-05-12,83.45939636230469
2024-05-13,83.5248031616211
2024-05-14,83.50550079345703
2024-05-15,83.52420043945312
2024-05-16,83.40509796142578
2024-05-17,83.47010040283203
2024-05-18,83.47010040283203
2024-05-19,83.47010040283203
2024-05-20,83.30039978027344
2024-05-21,83.31500244140625
2024-05-22,83.31680297851562
2024-05-23,83.26709747314453
2024-05-24,83.2863998413086
2024-05-25,83.2863998413086
2024-05-26,83.2863998413086
2024-05-27,83.05220031738281
2024-05-28,83.14569854736328
2024-05-29,83.20649719238281
2024-05-30,83.3656005859375
2024-05-31,83.3208999633789
2024-06-01,83.3208999633789
2024-06-02,83.3208999633789
2024-06-03,83.45079803466797
2024-06-04,83.09339904785156
2024-06-05,83.62940216064453
2024-06-06,83.38079833984375
2024-06-07,83.47309875488281
2024-06-08,83.47309875488281
2024-06-09,83.47309875488281
2024-06-10,83.52760314941406
2024-06-11,83.52980041503906
2024-06-12,83.5968017578125
2024-06-13,83.5343017578125
2024-06-14,83.52210235595703
2024-06-15,83.52210235595703
2024-06-16,83.52210235595703
2024-06-17,83.55180358886719
2024-06-18,83.51010131835938
2024-06-19,83.37409973144531
2024-06-20,83.41950225830078
2024-06-21,83.60160064697266
2024-06-22,83.60160064697266
2024-06-23,83.60160064697266
2024-06-24,83.5625
2024-06-25,83.46040344238281
2024-06-26,83.41459655761719
2024-06-27,83.58039855957031
2024-06-28,83.45089721679688
2024-06-29,83.45089721679688
2024-06-30,83.45089721679688
2024-07-01,83.36750030517578
2024-07-02,83.44129943847656
2024-07-03,83.4791030883789
2024-07-04,83.49120330810547
2024-07-05,83.49340057373047
2024-07-06,83.49340057373047
2024-07-07,83.49340057373047
2024-07-08,83.47209930419922
2024-07-09,83.45760345458984
2024-07-10,83.49299621582031
2024-07-11,83.49590301513672
2024-07-12,83.51850128173828
2024-07-13,83.51850128173828
2024-07-14,83.51850128173828
2024-07-15,83.52030181884766
2024-07-16,83.58760070800781
2024-07-17,83.52960205078125
2024-07-18,83.57209777832031
2024-07-19,83.67430114746094
2024-07-20,83.67430114746094
2024-07-21,83.67430114746094
2024-07-22,83.73030090332031
2024-07-23,83.67130279541016
2024-07-24,83.70680236816406
2024-07-25,83.74299621582031
2024-07-26,83.73760223388672
2024-07-27,83.73760223388672
2024-07-28,83.73760223388672
2024-07-29,83.72779846191406
2024-07-30,83.75050354003906
2024-07-31,83.73899841308594
2024-08-01,83.7177963256836
2024-08-02,83.743896484375
2024-08-03,83.743896484375
2024-08-04,83.743896484375
2024-08-05,83.73529815673828
2024-08-06,84.00260162353516
2024-08-07,83.93489837646484
2024-08-08,83.94239807128906
2024-08-09,83.98899841308594
2024-08-10,83.98899841308594
2024-08-11,83.98899841308594
2024-08-12,83.94979858398438
2024-08-13,83.88999938964844
2024-08-14,83.88200378417969
2024-08-15,83.97149658203125
2024-08-16,83.94830322265625
2024-08-17,83.94830322265625
2024-08-18,83.94830322265625
2024-08-19,83.88980102539062
2024-08-20,83.87860107421875
2024-08-21,83.77940368652344
2024-08-22,83.88860321044922
2024-08-23,83.94059753417969
2024-08-24,83.94059753417969
2024-08-25,83.94059753417969
2024-08-26,83.81379699707031
2024-08-27,83.88369750976562
2024-08-28,83.92160034179688
2024-08-29,83.94149780273438
2024-08-30,83.89510345458984
2024-08-31,83.89510345458984
2024-09-01,83.89510345458984
2024-09-02,83.86380004882812
2024-09-03,83.92729949951172
2024-09-04,83.95030212402344
2024-09-05,83.98249816894531
2024-09-06,83.98359680175781
2024-09-07,83.98359680175781
2024-09-08,83.98359680175781
2024-09-09,83.98259735107422
2024-09-10,83.98090362548828
2024-09-11,83.98200225830078
2024-09-12,83.99259948730469
2024-09-13,83.93479919433594
2024-09-14,83.93479919433594
2024-09-15,83.93479919433594
2024-09-16,83.88480377197266
2024-09-17,83.88400268554688
2024-09-18,83.77059936523438
2024-09-19,83.69170379638672
2024-09-20,83.61470031738281
2024-09-21,83.61470031738281
2024-09-22,83.61470031738281
2024-09-23,83.48709869384766
2024-09-24,83.55960083007812
2024-09-25,83.56759643554688
2024-09-26,83.62409973144531
2024-09-27,83.61710357666016
2024-09-28,83.61710357666016
2024-09-29,83.61710357666016
2024-09-30,83.71640014648438
2024-10-01,83.82730102539062
2024-10-02,83.87210083007812
2024-10-03,83.91960144042969
2024-10-04,84.0093994140625
2024-10-05,84.0093994140625
2024-10-06,84.0093994140625
2024-10-07,84.02780151367188
2024-10-08,83.96410369873047
2024-10-09,83.91459655761719
2024-10-10,83.94219970703125
2024-10-11,83.94599914550781
2024-10-12,83.94599914550781
2024-10-13,83.94599914550781
2024-10-14,84.16829681396484
2024-10-15,84.04850006103516
2024-10-16,84.05619812011719
2024-10-17,84.03929901123047
2024-10-18,84.05380249023438
2024-10-19,84.05380249023438
2024-10-20,84.05380249023438
2024-10-21,84.0687026977539
2024-10-22,84.07350158691406
2024-10-23,84.08399963378906
2024-10-24,84.06759643554688
2024-10-25,84.08180236816406
2024-10-26,84.08180236816406
2024-10-27,84.08180236816406
2024-10-28,84.10199737548828
2024-10-29,84.10279846191406
2024-10-30,84.08930206298828
2024-10-31,84.08910369873047
2024-11-01,84.09149932861328
2024-11-02,84.09149932861328
2024-11-03,84.09149932861328
2024-11-04,84.13359832763672
2024-11-05,84.15249633789062
2024-11-06,84.11630249023438
2024-11-07,84.2511978149414
2024-11-08,84.306396484375
2024-11-09,84.306396484375
2024-11-10,84.306396484375
2024-11-11,84.38289642333984
2024-11-12,84.39649963378906
2024-11-13,84.39530181884766
2024-11-14,84.4229965209961
2024-11-15,84.47380065917969
2024-11-16,84.47380065917969
2024-11-17,84.47380065917969
2024-11-18,84.47750091552734
2024-11-19,84.39849853515625
2024-11-20,84.39759826660156
2024-11-21,84.38310241699219
2024-11-22,84.48829650878906
2024-11-23,84.48829650878906
2024-11-24,84.48829650878906
2024-11-25,84.43599700927734
2024-11-26,84.37750244140625
2024-11-27,84.33910369873047
2024-11-28,84.42030334472656
2024-11-29,84.47160339355469
2024-11-30,84.47160339355469
2024-12-01,84.47160339355469
2024-12-02,84.55699920654297
2024-12-03,84.73709869384766
2024-12-04,84.68309783935547
2024-12-05,84.70700073242188
2024-12-06,84.68379974365234
2024-12-07,84.68379974365234
2024-12-08,84.68379974365234
2024-12-09,84.66600036621094
2024-12-10,84.84729766845703
2024-12-11,84.8740005493164
2024-12-12,84.85710144042969
2024-12-13,84.83920288085938
2024-12-14,84.83920288085938
2024-12-15,84.83920288085938
2024-12-16,84.802001953125
2024-12-17,84.91729736328125
2024-12-18,84.91539764404297
2024-12-19,85.16549682617188
2024-12-20,85.27940368652344
2024-12-21,85.27940368652344
2024-12-22,85.27940368652344
2024-12-23,84.94499969482422
2024-12-24,85.0988998413086
2024-12-25,85.18150329589844
2024-12-26,85.41339874267578
2024-12-27,85.26090240478516
2024-12-28,85.26090240478516
2024-12-29,85.26090240478516
2024-12-30,85.38600158691406
2024-12-31,85.7865982055664
2025-01-01,85.7865982055664
2025-01-02,85.78569793701172
2025-01-03,85.80400085449219
2025-01-04,85.80400085449219
2025-01-05,85.80400085449219
2025-01-06,85.75900268554688
2025-01-07,85.68070220947266
2025-01-08,85.80650329589844
2025-01-09,85.90750122070312
2025-01-10,85.91999816894531
2025-01-11,85.91999816894531
2025-01-12,85.91999816894531
2025-01-13,86.18800354003906
2025-01-14,86.65059661865234
2025-01-15,86.535400390625
2025-01-16,86.43099975585938
2025-01-17,86.6061019897461
2025-01-18,86.6061019897461
2025-01-19,86.6061019897461
2025-01-20,86.56900024414062
2025-01-21,86.21109771728516
2025-01-22,86.45189666748047
2025-01-23,86.47270202636719
2025-01-24,86.44020080566406
2025-01-25,86.44020080566406
2025-01-26,86.44020080566406
2025-01-27,86.2030029296875
2025-01-28,86.46839904785156
2025-01-29,86.58460235595703
2025-01-30,86.6406021118164
2025-01-31,86.64700317382812
2025-02-01,86.64700317382812
2025-02-02,86.64700317382812
2025-02-03,86.55400085449219
2025-02-04,86.94339752197266
2025-02-05,87.13009643554688
2025-02-06,87.33409881591797
2025-02-07,87.58830261230469
2025-02-08,87.58830261230469
2025-02-09,87.58830261230469
2025-02-10,87.51309967041016
2025-02-11,87.49009704589844
2025-02-12,86.81120300292969
2025-02-13,86.8740005493164
2025-02-14,86.75409698486328
2025-02-15,86.75409698486328
2025-02-16,86.75409698486328
2025-02-17,86.43460083007812
2025-02-18,86.85479736328125
2025-02-19,86.88719940185547
2025-02-20,86.872802734375
2025-02-21,86.45120239257812
2025-02-22,86.45120239257812
2025-02-23,86.45120239257812
2025-02-24,86.52940368652344
2025-02-25,86.69010162353516
2025-02-26,87.0811996459961
2025-02-27,87.16220092773438
2025-02-28,87.3270034790039
2025-03-01,87.3270034790039
2025-03-02,87.3270034790039
2025-03-03,87.46399688720703
2025-03-04,87.32959747314453
2025-03-05,87.21700286865234
2025-03-06,86.88929748535156
2025-03-07,87.12879943847656
2025-03-08,87.12879943847656
2025-03-09,87.12879943847656
2025-03-10,87.07379913330078
2025-03-11,87.3551025390625
2025-03-12,87.20010375976562
2025-03-13,87.3405990600586
2025-03-14,86.9220962524414
2025-03-15,86.9220962524414
2025-03-16,86.9220962524414
2025-03-17,86.93900299072266
2025-03-18,86.91639709472656
2025-03-19,86.57610321044922
2025-03-20,86.33709716796875
2025-03-21,86.33609771728516
2025-03-22,86.33609771728516
2025-03-23,86.33609771728516
2025-03-24,85.98699951171875
2025-03-25,85.53209686279297
2025-03-26,85.59040069580078
2025-03-27,86.09539794921875
2025-03-28,85.69490051269531
2025-03-29,85.69490051269531
2025-03-30,85.69490051269531
2025-03-31,85.53880310058594
2025-04-01,85.46810150146484
2025-04-02,85.61009979248047
2025-04-03,85.65119934082031
2025-04-04,85.28289794921875
2025-04-05,85.28289794921875
2025-04-06,85.28289794921875
2025-04-07,85.529296875
2025-04-08,86.0270004272461
2025-04-09,86.435302734375
2025-04-10,86.20929718017578
2025-04-11,86.2603988647461
2025-04-12,86.2603988647461
2025-04-13,86.2603988647461
2025-04-14,86.19300079345703
2025-04-15,86.0447998046875
2025-04-16,85.72669982910156
2025-04-17,85.62049865722656
2025-04-18,85.62049865722656
2025-04-19,85.62049865722656
2025-04-20,85.62049865722656
2025-04-21,85.62049865722656
2025-04-22,85.15889739990234
2025-04-23,85.2323989868164
2025-04-24,85.4999008178711
2025-04-25,85.2573013305664
2025-04-26,85.2573013305664
2025-04-27,85.2573013305664
2025-04-28,85.38490295410156
2025-04-29,85.1603012084961
2025-04-30,85.1707992553711
2025-05-01,84.53119659423828
2025-05-02,84.69670104980469
2025-05-03,84.69670104980469
2025-05-04,84.69670104980469
2025-05-05,84.52629852294922
2025-05-06,84.2208023071289
2025-05-07,84.79319763183594
2025-05-08,84.81719970703125
2025-05-09,86.08219909667969
2025-05-10,86.08219909667969
2025-05-11,86.08219909667969
2025-05-12,85.4083023071289
2025-05-13,84.9656982421875
2025-05-14,85.060302734375
2025-05-15,85.48760223388672
2025-05-16,85.44490051269531
2025-05-17,85.44490051269531
2025-05-18,85.44490051269531
2025-05-19,85.50029754638672
2025-05-20,85.37210083007812
2025-05-21,85.53610229492188
2025-05-22,85.60030364990234
2025-05-23,85.97489929199219
2025-05-24,85.97489929199219
2025-05-25,85.97489929199219
2025-05-26,85.19930267333984
2025-05-27,85.158203125
2025-05-28,85.3604965209961
2025-05-29,85.38590240478516
2025-05-30,85.36129760742188
2025-05-31,85.36129760742188
2025-06-01,85.36129760742188
2025-06-02,85.52429962158203
2025-06-03,85.36370086669922
2025-06-04,85.70880126953125
2025-06-05,85.9041976928711
2025-06-06,85.87750244140625
2025-06-07,85.87750244140625
2025-06-08,85.87750244140625
2025-06-09,85.7853012084961
2025-06-10,85.75599670410156
2025-06-11,85.65280151367188
2025-06-12,85.46980285644531
2025-06-13,85.68840026855469
2025-06-14,85.68840026855469
2025-06-15,85.68840026855469
2025-06-16,86.24919891357422
2025-06-17,86.10420227050781
2025-06-18,86.36270141601562
2025-06-19,86.61360168457031
2025-06-20,86.58380126953125
2025-06-21,86.58380126953125
2025-06-22,86.58380126953125
2025-06-23,86.5802993774414
2025-06-24,86.23300170898438
2025-06-25,85.90480041503906
2025-06-26,86.006103515625
2025-06-27,85.66639709472656
2025-06-28,85.66639709472656
2025-06-29,85.66639709472656
2025-06-30,85.4552993774414
2025-07-01,85.71399688720703
2025-07-02,85.6427993774414
2025-07-03,85.69409942626953
2025-07-04,85.31909942626953
2025-07-05,85.31909942626953
2025-07-06,85.31909942626953
2025-07-07,85.49629974365234
2025-07-08,85.89199829101562
2025-07-09,85.7073974609375
2025-07-10,85.70850372314453
2025-07-11,85.73480224609375
2025-07-12,85.73480224609375
2025-07-13,85.73480224609375
2025-07-14,85.82129669189453
2025-07-15,85.96839904785156
2025-07-16,85.99310302734375
2025-07-17,85.88520050048828
2025-07-18,86.04650115966797
2025-07-19,86.04650115966797
2025-07-20,86.04650115966797
2025-07-21,86.14859771728516
2025-07-22,86.19529724121094
2025-07-23,86.3427963256836
2025-07-24,86.39869689941406
2025-07-25,86.4302978515625
2025-07-26,86.4302978515625
2025-07-27,86.4302978515625
2025-07-28,86.506103515625
2025-07-29,86.77760314941406
2025-07-30,87.06320190429688
2025-07-31,87.714599609375
2025-08-01,87.4894027709961
2025-08-02,87.4894027709961
2025-08-03,87.4894027709961
2025-08-04,87.24530029296875
2025-08-05,87.89330291748047
2025-08-06,87.72309875488281
2025-08-07,87.76249694824219
2025-08-08,87.43319702148438
2025-08-09,87.43319702148438
2025-08-10,87.43319702148438
2025-08-11,87.48829650878906
2025-08-12,87.66449737548828
2025-08-13,87.59559631347656
2025-08-14,87.44999694824219
2025-08-15,87.69180297851562
2025-08-16,87.69180297851562
2025-08-17,87.69180297851562
2025-08-18,87.51280212402344
2025-08-19,87.29509735107422
2025-08-20,87.0791015625
2025-08-21,87.01820373535156
2025-08-22,87.29340362548828
2025-08-23,87.29340362548828
2025-08-24,87.29340362548828
2025-08-25,87.3301010131836
2025-08-26,87.60859680175781
2025-08-27,87.60070037841797
2025-08-28,87.65910339355469
2025-08-29,87.5916976928711
2025-08-30,87.5916976928711
2025-08-31,87.5916976928711
2025-09-01,88.17430114746094
2025-09-02,88.00140380859375
2025-09-03,87.99829864501953
2025-09-04,88.072998046875
2025-09-05,88.19290161132812
2025-09-06,88.19290161132812
2025-09-07,88.19290161132812
2025-09-08,88.1863021850586
2025-09-09,87.98049926757812
2025-09-10,88.21829986572266
2025-09-11,88.05339813232422
2025-09-12,88.2676010131836
2025-09-13,88.2676010131836
2025-09-14,88.2676010131836
2025-09-15,88.27729797363281
2025-09-16,88.12349700927734
2025-09-17,87.88459777832031
2025-09-18,87.91069793701172
2025-09-19,88.20690155029297
2025-09-20,88.20690155029297
2025-09-21,88.20690155029297
2025-09-22,88.09919738769531
2025-09-23,88.30439758300781
2025-09-24,88.80799865722656
2025-09-25,88.77860260009766
2025-09-26,88.77310180664062
2025-09-27,88.77310180664062
2025-09-28,88.77310180664062
2025-09-29,88.67680358886719
2025-09-30,88.70449829101562
2025-10-01,88.8406982421875
2025-10-02,88.68299865722656
2025-10-03,88.72019958496094
2025-10-04,88.72019958496094
2025-10-05,88.72019958496094
2025-10-06,88.73509979248047
2025-10-07,88.72109985351562
2025-10-08,88.74259948730469
2025-10-09,88.7771987915039
2025-10-10,88.86540222167969
2025-10-11,88.86540222167969
2025-10-12,88.86540222167969
2025-10-13,88.7573013305664
2025-10-14,88.66510009765625
2025-10-15,88.78250122070312
2025-10-16,87.80950164794922
2025-10-17,87.9906997680664
2025-10-18,87.9906997680664
2025-10-19,87.9906997680664
2025-10-20,88.0022964477539
2025-10-21,87.87999725341797
2025-10-22,88.00160217285156
2025-10-23,87.74030303955078
2025-10-24,87.77899932861328
2025-10-25,87.77899932861328
2025-10-26,87.77899932861328
2025-10-27,87.8290023803711
2025-10-28,88.22209930419922
2025-10-29,88.22550201416016
2025-10-30,88.34559631347656
2025-10-31,88.6344985961914
2025-11-01,88.6344985961914
2025-11-02,88.6344985961914
2025-11-03,88.77539825439453
2025-11-04,88.72339630126953
2025-11-05,88.73200225830078
2025-11-06,88.55690002441406
2025-11-07,88.6729965209961
2025-11-08,88.6729965209961
2025-11-09,88.6729965209961
2025-11-10,88.65799713134766
2025-11-11,88.70709991455078
2025-11-12,88.46649932861328
2025-11-13,88.59400177001953
2025-11-14,88.81610107421875
2025-11-15,88.81610107421875
2025-11-16,88.81610107421875
2025-11-17,88.68199920654297
2025-11-18,88.63590240478516
2025-11-19,88.55680084228516
2025-11-20,88.48719787597656
2025-11-21,88.69219970703125
2025-11-22,88.69219970703125
2025-11-23,88.69219970703125
2025-11-24,89.63400268554688
2025-11-25,89.14779663085938
2025-11-26,89.15059661865234
2025-11-27,89.16300201416016
2025-11-28,89.36479949951172
2025-11-29,89.36479949951172
2025-11-30,89.36479949951172
2025-12-01,89.3499984741211
2025-12-02,89.61270141601562
2025-12-03,89.91719818115234
2025-12-04,90.17050170898438
2025-12-05,89.8364028930664
2025-12-06,89.8364028930664
2025-12-07,89.8364028930664
2025-12-08,89.93800354003906
2025-12-09,90.12999725341797
2025-12-10,89.91690063476562
2025-12-11,89.79299926757812
2025-12-12,90.25299835205078
2025-12-13,90.25299835205078
2025-12-14,90.25299835205078
2025-12-15,90.5770034790039
2025-12-16,90.77690124511719
2025-12-17,90.94889831542969
2025-12-18,90.4136962890625
2025-12-19,90.25579833984375
2025-12-20,90.25579833984375
2025-12-21,90.25579833984375
2025-12-22,89.56999969482422
2025-12-23,89.60389709472656
2025-12-24,89.50789642333984
2025-12-25,89.50789642333984
2025-12-26,90.10590362548828
2025-12-27,90.10590362548828
2025-12-28,90.10590362548828
2025-12-29,89.82929992675781
2025-12-30,89.9000015258789
2025-12-31,89.76940155029297
2026-01-01,89.76940155029297
2026-01-02,89.96189880371094
2026-01-03,89.96189880371094
2026-01-04,89.96189880371094
2026-01-05,90.00700378417969
2026-01-06,90.23300170898438
2026-01-07,90.16609954833984
2026-01-08,89.8644027709961
2026-01-09,89.90540313720703
2026-01-10,89.90540313720703
2026-01-11,89.90540313720703
2026-01-12,90.23600006103516
2026-01-13,90.13269805908203
2026-01-14,90.27300262451172
2026-01-15,90.18319702148438
2026-01-16,90.36160278320312
2026-01-17,90.36160278320312
2026-01-18,90.36160278320312
2026-01-19,90.7020034790039
2026-01-20,90.90450286865234
2026-01-21,91.11840057373047
2026-01-22,91.53690338134766
2026-01-23,91.55829620361328
2026-01-24,91.55829620361328
2026-01-25,91.55829620361328
2026-01-26,91.5009994506836
2026-01-27,91.71309661865234
2026-01-28,91.5343017578125
2026-01-29,92.04080200195312
2026-01-30,91.78189849853516
2026-01-31,91.78189849853516
2026-02-01,91.78189849853516
2026-02-02,91.68699645996094
2026-02-03,90.24559783935547
2026-02-04,90.42289733886719
2026-02-05,90.125
2026-02-06,90.3147964477539
2026-02-07,90.3147964477539
2026-02-08,90.3147964477539
2026-02-09,90.58799743652344
2026-02-10,90.82279968261719
2026-02-11,90.58789825439453
2026-02-12,90.73570251464844
2026-02-13,90.56410217285156
2026-02-14,90.56410217285156
2026-02-15,90.56410217285156
2026-02-16,90.57119750976562
2026-02-17,90.78299713134766
2026-02-18,90.6261978149414
2026-02-19,90.79350280761719
2026-02-20,91.04109954833984
2026-02-21,91.04109954833984
2026-02-22,91.04109954833984
2026-02-23,90.72660064697266
2026-02-24,91.02010345458984
2026-02-25,90.91799926757812
2026-02-26,90.95099639892578
2026-02-27,91.00740051269531
2026-02-28,91.00740051269531
2026-03-01,91.00740051269531
2026-03-02,91.07959747314453
2026-03-03,91.56340026855469
2026-03-04,92.00859832763672
2026-03-05,92.12300109863281
2026-03-06,91.78690338134766
2026-03-07,91.78690338134766
2026-03-08,91.78690338134766
2026-03-09,91.93620300292969
2026-03-10,91.220703125
2026-03-11,92.16510009765625
2026-03-12,92.22879791259766
2026-03-13,92.38990020751953
2026-03-14,92.38990020751953
2026-03-15,92.38990020751953
2026-03-16,92.5635986328125
2026-03-17,92.28269958496094
2026-03-18,92.39129638671875
2026-03-19,93.24659729003906
2026-03-20,93.0822982788086
2026-03-21,93.0822982788086
2026-03-22,93.0822982788086
2026-03-23,93.89530181884766
2026-03-24,93.24369812011719
2026-03-25,94.29969787597656
2026-03-26,94.6937026977539
2026-03-27,94.30950164794922
2026-03-28,94.30950164794922
2026-03-29,94.30950164794922
2026-03-30,94.78179931640625
2026-03-31,94.35590362548828
2026-04-01,93.48429870605469
2026-04-02,92.6426010131836
2026-04-03,92.97360229492188
2026-04-04,92.97360229492188
2026-04-05,92.97360229492188
2026-04-06,92.97100067138672
2026-04-07,92.81659698486328
2026-04-08,92.86019897460938
2026-04-09,92.2748031616211
2026-04-10,92.46980285644531
2026-04-11,92.46980285644531
2026-04-12,92.46980285644531
2026-04-13,94.50879669189453
2026-04-14,94.9468002319336
2026-04-15,93.16539764404297
2026-04-16,93.38680267333984
2026-04-17,93.04789733886719
2026-04-18,93.04789733886719
2026-04-19,93.04789733886719
2026-04-20,92.60330200195312
2026-04-21,93.12359619140625
2026-04-22,93.622802734375
2026-04-23,93.80049896240234
2026-04-24,94.11289978027344
2026-04-25,94.11289978027344
2026-04-26,94.11289978027344
2026-04-27,94.25029754638672
2026-04-28,94.25849914550781
2026-04-29,94.64550018310547
2026-04-30,94.9166030883789
2026-05-01,94.75910186767578
2026-05-02,94.75910186767578
2026-05-03,94.75910186767578
2026-05-04,94.90299987792969
2026-05-05,95.2593994140625
2026-05-06,95.18299865722656
2026-05-07,94.60800170898438
2026-05-08,94.25299835205078
2026-05-09,94.25299835205078
2026-05-10,94.25299835205078
2026-05-11,94.42530059814453
2026-05-12,95.39140319824219
2026-05-13,95.63300323486328
2026-05-14,95.69580078125
2026-05-15,95.70989990234375
2026-05-16,95.70989990234375
2026-05-17,95.70989990234375
2026-05-18,95.97029876708984
2026-05-19,96.27020263671875
2026-05-20,96.56580352783203
2026-05-21,96.5282974243164
2026-05-22,96.17389678955078
2026-05-23,96.17389678955078
2026-05-24,96.17389678955078
2026-05-25,95.71949768066406
2026-05-26,95.25279998779297
2026-05-27,95.90499877929688
2026-05-28,96.04889678955078
2026-05-29,96.04820251464844
2026-05-30,96.04820251464844
2026-05-31,96.04820251464844
2026-06-01,95.00299835205078
2026-06-02,95.55139923095703
2026-06-03,95.26300048828125
2026-06-04,96.16449737548828
2026-06-05,95.79029846191406
2026-06-06,95.79029846191406
2026-06-07,95.79029846191406
2026-06-08,94.95030212402344
2026-06-09,95.68830108642578
2026-06-10,95.36029815673828
2026-06-11,95.64450073242188
2026-06-12,95.76010131835938
2026-06-13,95.76010131835938
2026-06-14,95.76010131835938
2026-06-15,95.11029815673828
2026-06-16,94.74169921875
2026-06-17,94.88860321044922
2026-06-18,94.85890197753906
2026-06-19,94.33989715576172
2026-06-20,94.33989715576172
2026-06-21,94.33989715576172
2026-06-22,94.3302993774414
2026-06-23,94.70059967041016
2026-06-24,95.18370056152344
2026-06-25,94.4406967163086
2026-06-26,94.40039825439453
2026-06-27,94.40039825439453
2026-06-28,94.40039825439453
2026-06-29,94.36029815673828
2026-06-30,94.79049682617188
2026-07-01,94.91799926757812
2026-07-02,95.4175033569336
2026-07-03,95.527099609375
2026-07-04,95.527099609375
2026-07-05,95.527099609375
2026-07-06,95.21479797363281
2026-07-07,95.60350036621094
